image_path,label,fake_probability,prediction
/media/D1/ait_users/staff122/deepfake_project/outputs_deepfake_project/dfdc_subset_77_jpg/test/real/real_000000.jpg,0.0,0.9999440908432007,1
/media/D1/ait_users/staff122/deepfake_project/outputs_deepfake_project/dfdc_subset_77_jpg/test/real/real_000001.jpg,0.0,0.9999691247940063,1
/media/D1/ait_users/staff122/deepfake_project/outputs_deepfake_project/dfdc_subset_77_jpg/test/real/real_000002.jpg,0.0,0.9999271631240845,1
/media/D1/ait_users/staff122/deepfake_project/outputs_deepfake_project/dfdc_subset_77_jpg/test/real/real_000003.jpg,0.0,0.0017191963270306587,0
/media/D1/ait_users/staff122/deepfake_project/outputs_deepfake_project/dfdc_subset_77_jpg/test/real/real_000004.jpg,0.0,0.034124698489904404,0
/media/D1/ait_users/staff122/deepfake_project/outputs_deepfake_project/dfdc_subset_77_jpg/test/real/real_000005.jpg,0.0,0.999915361404419,1
/media/D1/ait_users/staff122/deepfake_project/outputs_deepfake_project/dfdc_subset_77_jpg/test/real/real_000006.jpg,0.0,0.9471397995948792,1
/media/D1/ait_users/staff122/deepfake_project/outputs_deepfake_project/dfdc_subset_77_jpg/test/real/real_000007.jpg,0.0,0.7904831767082214,1
/media/D1/ait_users/staff122/deepfake_project/outputs_deepfake_project/dfdc_subset_77_jpg/test/real/real_000008.jpg,0.0,0.08555246889591217,0
/media/D1/ait_users/staff122/deepfake_project/outputs_deepfake_project/dfdc_subset_77_jpg/test/real/real_000009.jpg,0.0,0.15474775433540344,0
/media/D1/ait_users/staff122/deepfake_project/outputs_deepfake_project/dfdc_subset_77_jpg/test/real/real_000010.jpg,0.0,0.008824444375932217,0
/media/D1/ait_users/staff122/deepfake_project/outputs_deepfake_project/dfdc_subset_77_jpg/test/real/real_000011.jpg,0.0,0.007664195727556944,0
/media/D1/ait_users/staff122/deepfake_project/outputs_deepfake_project/dfdc_subset_77_jpg/test/real/real_000012.jpg,0.0,0.0011636478593572974,0
/media/D1/ait_users/staff122/deepfake_project/outputs_deepfake_project/dfdc_subset_77_jpg/test/real/real_000013.jpg,0.0,0.005154001526534557,0
/media/D1/ait_users/staff122/deepfake_project/outputs_deepfake_project/dfdc_subset_77_jpg/test/real/real_000014.jpg,0.0,0.8904125690460205,1
/media/D1/ait_users/staff122/deepfake_project/outputs_deepfake_project/dfdc_subset_77_jpg/test/real/real_000015.jpg,0.0,0.04216732829809189,0
/media/D1/ait_users/staff122/deepfake_project/outputs_deepfake_project/dfdc_subset_77_jpg/test/real/real_000016.jpg,0.0,0.6127063632011414,1
/media/D1/ait_users/staff122/deepfake_project/outputs_deepfake_project/dfdc_subset_77_jpg/test/real/real_000017.jpg,0.0,0.44611817598342896,0
/media/D1/ait_users/staff122/deepfake_project/outputs_deepfake_project/dfdc_subset_77_jpg/test/real/real_000018.jpg,0.0,0.28829672932624817,0
/media/D1/ait_users/staff122/deepfake_project/outputs_deepfake_project/dfdc_subset_77_jpg/test/real/real_000019.jpg,0.0,0.6075465679168701,1
/media/D1/ait_users/staff122/deepfake_project/outputs_deepfake_project/dfdc_subset_77_jpg/test/real/real_000020.jpg,0.0,0.39438438415527344,0
/media/D1/ait_users/staff122/deepfake_project/outputs_deepfake_project/dfdc_subset_77_jpg/test/real/real_000021.jpg,0.0,0.020730385556817055,0
/media/D1/ait_users/staff122/deepfake_project/outputs_deepfake_project/dfdc_subset_77_jpg/test/real/real_000022.jpg,0.0,0.5238940715789795,1
/media/D1/ait_users/staff122/deepfake_project/outputs_deepfake_project/dfdc_subset_77_jpg/test/real/real_000023.jpg,0.0,0.15779952704906464,0
/media/D1/ait_users/staff122/deepfake_project/outputs_deepfake_project/dfdc_subset_77_jpg/test/real/real_000024.jpg,0.0,0.0003774763026740402,0
/media/D1/ait_users/staff122/deepfake_project/outputs_deepfake_project/dfdc_subset_77_jpg/test/real/real_000025.jpg,0.0,0.001458795857615769,0
/media/D1/ait_users/staff122/deepfake_project/outputs_deepfake_project/dfdc_subset_77_jpg/test/real/real_000026.jpg,0.0,0.007954060100018978,0
/media/D1/ait_users/staff122/deepfake_project/outputs_deepfake_project/dfdc_subset_77_jpg/test/real/real_000027.jpg,0.0,0.0021689473651349545,0
/media/D1/ait_users/staff122/deepfake_project/outputs_deepfake_project/dfdc_subset_77_jpg/test/real/real_000028.jpg,0.0,0.015064213424921036,0
/media/D1/ait_users/staff122/deepfake_project/outputs_deepfake_project/dfdc_subset_77_jpg/test/real/real_000029.jpg,0.0,0.46569952368736267,0
/media/D1/ait_users/staff122/deepfake_project/outputs_deepfake_project/dfdc_subset_77_jpg/test/real/real_000030.jpg,0.0,0.97718745470047,1
/media/D1/ait_users/staff122/deepfake_project/outputs_deepfake_project/dfdc_subset_77_jpg/test/real/real_000031.jpg,0.0,0.999997615814209,1
/media/D1/ait_users/staff122/deepfake_project/outputs_deepfake_project/dfdc_subset_77_jpg/test/real/real_000032.jpg,0.0,5.0047463446389884e-05,0
/media/D1/ait_users/staff122/deepfake_project/outputs_deepfake_project/dfdc_subset_77_jpg/test/real/real_000033.jpg,0.0,0.0012495105620473623,0
/media/D1/ait_users/staff122/deepfake_project/outputs_deepfake_project/dfdc_subset_77_jpg/test/real/real_000034.jpg,0.0,1.109566346713109e-05,0
/media/D1/ait_users/staff122/deepfake_project/outputs_deepfake_project/dfdc_subset_77_jpg/test/real/real_000035.jpg,0.0,0.0314163938164711,0
/media/D1/ait_users/staff122/deepfake_project/outputs_deepfake_project/dfdc_subset_77_jpg/test/real/real_000036.jpg,0.0,0.00020706350915133953,0
/media/D1/ait_users/staff122/deepfake_project/outputs_deepfake_project/dfdc_subset_77_jpg/test/real/real_000037.jpg,0.0,0.001800672267563641,0
/media/D1/ait_users/staff122/deepfake_project/outputs_deepfake_project/dfdc_subset_77_jpg/test/real/real_000038.jpg,0.0,0.00031834139372222126,0
/media/D1/ait_users/staff122/deepfake_project/outputs_deepfake_project/dfdc_subset_77_jpg/test/real/real_000039.jpg,0.0,6.71861635055393e-05,0
/media/D1/ait_users/staff122/deepfake_project/outputs_deepfake_project/dfdc_subset_77_jpg/test/real/real_000040.jpg,0.0,5.209713344811462e-05,0
/media/D1/ait_users/staff122/deepfake_project/outputs_deepfake_project/dfdc_subset_77_jpg/test/real/real_000041.jpg,0.0,0.0006145741790533066,0
/media/D1/ait_users/staff122/deepfake_project/outputs_deepfake_project/dfdc_subset_77_jpg/test/real/real_000042.jpg,0.0,0.0007285838364623487,0
/media/D1/ait_users/staff122/deepfake_project/outputs_deepfake_project/dfdc_subset_77_jpg/test/real/real_000043.jpg,0.0,0.0001782724866643548,0
/media/D1/ait_users/staff122/deepfake_project/outputs_deepfake_project/dfdc_subset_77_jpg/test/real/real_000044.jpg,0.0,3.5813936847262084e-06,0
/media/D1/ait_users/staff122/deepfake_project/outputs_deepfake_project/dfdc_subset_77_jpg/test/real/real_000045.jpg,0.0,1.3175557796785142e-05,0
/media/D1/ait_users/staff122/deepfake_project/outputs_deepfake_project/dfdc_subset_77_jpg/test/real/real_000046.jpg,0.0,0.0001696566177997738,0
/media/D1/ait_users/staff122/deepfake_project/outputs_deepfake_project/dfdc_subset_77_jpg/test/real/real_000047.jpg,0.0,5.233155388850719e-05,0
/media/D1/ait_users/staff122/deepfake_project/outputs_deepfake_project/dfdc_subset_77_jpg/test/real/real_000048.jpg,0.0,1.608704224054236e-05,0
/media/D1/ait_users/staff122/deepfake_project/outputs_deepfake_project/dfdc_subset_77_jpg/test/real/real_000049.jpg,0.0,0.0002604167384561151,0
/media/D1/ait_users/staff122/deepfake_project/outputs_deepfake_project/dfdc_subset_77_jpg/test/real/real_000050.jpg,0.0,0.0008937934180721641,0
/media/D1/ait_users/staff122/deepfake_project/outputs_deepfake_project/dfdc_subset_77_jpg/test/real/real_000051.jpg,0.0,0.23350901901721954,0
/media/D1/ait_users/staff122/deepfake_project/outputs_deepfake_project/dfdc_subset_77_jpg/test/real/real_000052.jpg,0.0,0.0001664158480707556,0
/media/D1/ait_users/staff122/deepfake_project/outputs_deepfake_project/dfdc_subset_77_jpg/test/real/real_000053.jpg,0.0,0.0007657700916752219,0
/media/D1/ait_users/staff122/deepfake_project/outputs_deepfake_project/dfdc_subset_77_jpg/test/real/real_000054.jpg,0.0,0.00041318233706988394,0
/media/D1/ait_users/staff122/deepfake_project/outputs_deepfake_project/dfdc_subset_77_jpg/test/real/real_000055.jpg,0.0,0.000661498517729342,0
/media/D1/ait_users/staff122/deepfake_project/outputs_deepfake_project/dfdc_subset_77_jpg/test/real/real_000056.jpg,0.0,6.829523044871166e-05,0
/media/D1/ait_users/staff122/deepfake_project/outputs_deepfake_project/dfdc_subset_77_jpg/test/real/real_000057.jpg,0.0,0.00027804236742667854,0
/media/D1/ait_users/staff122/deepfake_project/outputs_deepfake_project/dfdc_subset_77_jpg/test/real/real_000058.jpg,0.0,9.674226748757064e-05,0
/media/D1/ait_users/staff122/deepfake_project/outputs_deepfake_project/dfdc_subset_77_jpg/test/real/real_000059.jpg,0.0,0.000672012334689498,0
/media/D1/ait_users/staff122/deepfake_project/outputs_deepfake_project/dfdc_subset_77_jpg/test/real/real_000060.jpg,0.0,0.0006961579783819616,0
/media/D1/ait_users/staff122/deepfake_project/outputs_deepfake_project/dfdc_subset_77_jpg/test/real/real_000061.jpg,0.0,0.0005200236337259412,0
/media/D1/ait_users/staff122/deepfake_project/outputs_deepfake_project/dfdc_subset_77_jpg/test/real/real_000062.jpg,0.0,0.0001891787542263046,0
/media/D1/ait_users/staff122/deepfake_project/outputs_deepfake_project/dfdc_subset_77_jpg/test/real/real_000063.jpg,0.0,0.006223580799996853,0
/media/D1/ait_users/staff122/deepfake_project/outputs_deepfake_project/dfdc_subset_77_jpg/test/real/real_000064.jpg,0.0,0.03287772089242935,0
/media/D1/ait_users/staff122/deepfake_project/outputs_deepfake_project/dfdc_subset_77_jpg/test/real/real_000065.jpg,0.0,0.011711329221725464,0
/media/D1/ait_users/staff122/deepfake_project/outputs_deepfake_project/dfdc_subset_77_jpg/test/real/real_000066.jpg,0.0,0.02366551384329796,0
/media/D1/ait_users/staff122/deepfake_project/outputs_deepfake_project/dfdc_subset_77_jpg/test/real/real_000067.jpg,0.0,0.011721366085112095,0
/media/D1/ait_users/staff122/deepfake_project/outputs_deepfake_project/dfdc_subset_77_jpg/test/real/real_000068.jpg,0.0,0.157513827085495,0
/media/D1/ait_users/staff122/deepfake_project/outputs_deepfake_project/dfdc_subset_77_jpg/test/real/real_000069.jpg,0.0,0.007154072169214487,0
/media/D1/ait_users/staff122/deepfake_project/outputs_deepfake_project/dfdc_subset_77_jpg/test/real/real_000070.jpg,0.0,0.0834551751613617,0
/media/D1/ait_users/staff122/deepfake_project/outputs_deepfake_project/dfdc_subset_77_jpg/test/real/real_000071.jpg,0.0,0.8712841868400574,1
/media/D1/ait_users/staff122/deepfake_project/outputs_deepfake_project/dfdc_subset_77_jpg/test/real/real_000072.jpg,0.0,0.3665384352207184,0
/media/D1/ait_users/staff122/deepfake_project/outputs_deepfake_project/dfdc_subset_77_jpg/test/real/real_000073.jpg,0.0,0.013600523583590984,0
/media/D1/ait_users/staff122/deepfake_project/outputs_deepfake_project/dfdc_subset_77_jpg/test/real/real_000074.jpg,0.0,0.15114417672157288,0
/media/D1/ait_users/staff122/deepfake_project/outputs_deepfake_project/dfdc_subset_77_jpg/test/real/real_000075.jpg,0.0,0.1404571384191513,0
/media/D1/ait_users/staff122/deepfake_project/outputs_deepfake_project/dfdc_subset_77_jpg/test/real/real_000076.jpg,0.0,0.2053142488002777,0
/media/D1/ait_users/staff122/deepfake_project/outputs_deepfake_project/dfdc_subset_77_jpg/test/real/real_000077.jpg,0.0,0.0774817168712616,0
/media/D1/ait_users/staff122/deepfake_project/outputs_deepfake_project/dfdc_subset_77_jpg/test/real/real_000078.jpg,0.0,0.1318017989397049,0
/media/D1/ait_users/staff122/deepfake_project/outputs_deepfake_project/dfdc_subset_77_jpg/test/real/real_000079.jpg,0.0,0.6798877716064453,1
/media/D1/ait_users/staff122/deepfake_project/outputs_deepfake_project/dfdc_subset_77_jpg/test/real/real_000080.jpg,0.0,0.8132937550544739,1
/media/D1/ait_users/staff122/deepfake_project/outputs_deepfake_project/dfdc_subset_77_jpg/test/real/real_000081.jpg,0.0,0.35960614681243896,0
/media/D1/ait_users/staff122/deepfake_project/outputs_deepfake_project/dfdc_subset_77_jpg/test/real/real_000082.jpg,0.0,0.41935649514198303,0
/media/D1/ait_users/staff122/deepfake_project/outputs_deepfake_project/dfdc_subset_77_jpg/test/real/real_000083.jpg,0.0,0.1338077038526535,0
/media/D1/ait_users/staff122/deepfake_project/outputs_deepfake_project/dfdc_subset_77_jpg/test/real/real_000084.jpg,0.0,0.011959649622440338,0
/media/D1/ait_users/staff122/deepfake_project/outputs_deepfake_project/dfdc_subset_77_jpg/test/real/real_000085.jpg,0.0,0.25048086047172546,0
/media/D1/ait_users/staff122/deepfake_project/outputs_deepfake_project/dfdc_subset_77_jpg/test/real/real_000086.jpg,0.0,0.018839765340089798,0
/media/D1/ait_users/staff122/deepfake_project/outputs_deepfake_project/dfdc_subset_77_jpg/test/real/real_000087.jpg,0.0,0.07282106578350067,0
/media/D1/ait_users/staff122/deepfake_project/outputs_deepfake_project/dfdc_subset_77_jpg/test/real/real_000088.jpg,0.0,0.150152787566185,0
/media/D1/ait_users/staff122/deepfake_project/outputs_deepfake_project/dfdc_subset_77_jpg/test/real/real_000089.jpg,0.0,0.04612085223197937,0
/media/D1/ait_users/staff122/deepfake_project/outputs_deepfake_project/dfdc_subset_77_jpg/test/real/real_000090.jpg,0.0,0.07236109673976898,0
/media/D1/ait_users/staff122/deepfake_project/outputs_deepfake_project/dfdc_subset_77_jpg/test/real/real_000091.jpg,0.0,0.07554318755865097,0
/media/D1/ait_users/staff122/deepfake_project/outputs_deepfake_project/dfdc_subset_77_jpg/test/real/real_000092.jpg,0.0,0.8942124843597412,1
/media/D1/ait_users/staff122/deepfake_project/outputs_deepfake_project/dfdc_subset_77_jpg/test/real/real_000093.jpg,0.0,0.350151002407074,0
/media/D1/ait_users/staff122/deepfake_project/outputs_deepfake_project/dfdc_subset_77_jpg/test/real/real_000094.jpg,0.0,0.12458325177431107,0
/media/D1/ait_users/staff122/deepfake_project/outputs_deepfake_project/dfdc_subset_77_jpg/test/real/real_000095.jpg,0.0,0.010305571369826794,0
/media/D1/ait_users/staff122/deepfake_project/outputs_deepfake_project/dfdc_subset_77_jpg/test/real/real_000096.jpg,0.0,0.8375592231750488,1
/media/D1/ait_users/staff122/deepfake_project/outputs_deepfake_project/dfdc_subset_77_jpg/test/real/real_000097.jpg,0.0,0.008710116147994995,0
/media/D1/ait_users/staff122/deepfake_project/outputs_deepfake_project/dfdc_subset_77_jpg/test/real/real_000098.jpg,0.0,0.07707435637712479,0
/media/D1/ait_users/staff122/deepfake_project/outputs_deepfake_project/dfdc_subset_77_jpg/test/real/real_000099.jpg,0.0,0.0007565701380372047,0
/media/D1/ait_users/staff122/deepfake_project/outputs_deepfake_project/dfdc_subset_77_jpg/test/real/real_000100.jpg,0.0,0.02194300852715969,0
/media/D1/ait_users/staff122/deepfake_project/outputs_deepfake_project/dfdc_subset_77_jpg/test/real/real_000101.jpg,0.0,0.002857387065887451,0
/media/D1/ait_users/staff122/deepfake_project/outputs_deepfake_project/dfdc_subset_77_jpg/test/real/real_000102.jpg,0.0,0.9968172311782837,1
/media/D1/ait_users/staff122/deepfake_project/outputs_deepfake_project/dfdc_subset_77_jpg/test/real/real_000103.jpg,0.0,0.003100960049778223,0
/media/D1/ait_users/staff122/deepfake_project/outputs_deepfake_project/dfdc_subset_77_jpg/test/real/real_000104.jpg,0.0,0.9892260432243347,1
/media/D1/ait_users/staff122/deepfake_project/outputs_deepfake_project/dfdc_subset_77_jpg/test/real/real_000105.jpg,0.0,0.0065559265203773975,0
/media/D1/ait_users/staff122/deepfake_project/outputs_deepfake_project/dfdc_subset_77_jpg/test/real/real_000106.jpg,0.0,0.0016254769871011376,0
/media/D1/ait_users/staff122/deepfake_project/outputs_deepfake_project/dfdc_subset_77_jpg/test/real/real_000107.jpg,0.0,0.9997678399085999,1
/media/D1/ait_users/staff122/deepfake_project/outputs_deepfake_project/dfdc_subset_77_jpg/test/real/real_000108.jpg,0.0,0.9999792575836182,1
/media/D1/ait_users/staff122/deepfake_project/outputs_deepfake_project/dfdc_subset_77_jpg/test/real/real_000109.jpg,0.0,0.9998201727867126,1
/media/D1/ait_users/staff122/deepfake_project/outputs_deepfake_project/dfdc_subset_77_jpg/test/real/real_000110.jpg,0.0,0.9999642372131348,1
/media/D1/ait_users/staff122/deepfake_project/outputs_deepfake_project/dfdc_subset_77_jpg/test/real/real_000111.jpg,0.0,0.035992205142974854,0
/media/D1/ait_users/staff122/deepfake_project/outputs_deepfake_project/dfdc_subset_77_jpg/test/real/real_000112.jpg,0.0,0.0032873263116925955,0
/media/D1/ait_users/staff122/deepfake_project/outputs_deepfake_project/dfdc_subset_77_jpg/test/real/real_000113.jpg,0.0,0.0848117247223854,0
/media/D1/ait_users/staff122/deepfake_project/outputs_deepfake_project/dfdc_subset_77_jpg/test/real/real_000114.jpg,0.0,0.003521803067997098,0
/media/D1/ait_users/staff122/deepfake_project/outputs_deepfake_project/dfdc_subset_77_jpg/test/real/real_000115.jpg,0.0,0.07444800436496735,0
/media/D1/ait_users/staff122/deepfake_project/outputs_deepfake_project/dfdc_subset_77_jpg/test/real/real_000116.jpg,0.0,0.004197314381599426,0
/media/D1/ait_users/staff122/deepfake_project/outputs_deepfake_project/dfdc_subset_77_jpg/test/real/real_000117.jpg,0.0,0.009782587178051472,0
/media/D1/ait_users/staff122/deepfake_project/outputs_deepfake_project/dfdc_subset_77_jpg/test/real/real_000118.jpg,0.0,0.00023770122788846493,0
/media/D1/ait_users/staff122/deepfake_project/outputs_deepfake_project/dfdc_subset_77_jpg/test/real/real_000119.jpg,0.0,0.00036177760921418667,0
/media/D1/ait_users/staff122/deepfake_project/outputs_deepfake_project/dfdc_subset_77_jpg/test/real/real_000120.jpg,0.0,0.000541271292604506,0
/media/D1/ait_users/staff122/deepfake_project/outputs_deepfake_project/dfdc_subset_77_jpg/test/real/real_000121.jpg,0.0,7.61651317588985e-05,0
/media/D1/ait_users/staff122/deepfake_project/outputs_deepfake_project/dfdc_subset_77_jpg/test/real/real_000122.jpg,0.0,0.0001863557699834928,0
/media/D1/ait_users/staff122/deepfake_project/outputs_deepfake_project/dfdc_subset_77_jpg/test/real/real_000123.jpg,0.0,0.00032270190422423184,0
/media/D1/ait_users/staff122/deepfake_project/outputs_deepfake_project/dfdc_subset_77_jpg/test/real/real_000124.jpg,0.0,9.857652185019106e-05,0
/media/D1/ait_users/staff122/deepfake_project/outputs_deepfake_project/dfdc_subset_77_jpg/test/real/real_000125.jpg,0.0,0.00011490892939036712,0
/media/D1/ait_users/staff122/deepfake_project/outputs_deepfake_project/dfdc_subset_77_jpg/test/real/real_000126.jpg,0.0,0.0001347939105471596,0
/media/D1/ait_users/staff122/deepfake_project/outputs_deepfake_project/dfdc_subset_77_jpg/test/real/real_000127.jpg,0.0,0.9960505366325378,1
/media/D1/ait_users/staff122/deepfake_project/outputs_deepfake_project/dfdc_subset_77_jpg/test/real/real_000128.jpg,0.0,0.020861217752099037,0
/media/D1/ait_users/staff122/deepfake_project/outputs_deepfake_project/dfdc_subset_77_jpg/test/real/real_000129.jpg,0.0,0.002542324597015977,0
/media/D1/ait_users/staff122/deepfake_project/outputs_deepfake_project/dfdc_subset_77_jpg/test/real/real_000130.jpg,0.0,0.002746637212112546,0
/media/D1/ait_users/staff122/deepfake_project/outputs_deepfake_project/dfdc_subset_77_jpg/test/real/real_000131.jpg,0.0,0.4672970473766327,0
/media/D1/ait_users/staff122/deepfake_project/outputs_deepfake_project/dfdc_subset_77_jpg/test/real/real_000132.jpg,0.0,0.4222109019756317,0
/media/D1/ait_users/staff122/deepfake_project/outputs_deepfake_project/dfdc_subset_77_jpg/test/real/real_000133.jpg,0.0,0.0027709719724953175,0
/media/D1/ait_users/staff122/deepfake_project/outputs_deepfake_project/dfdc_subset_77_jpg/test/real/real_000134.jpg,0.0,0.01954829879105091,0
/media/D1/ait_users/staff122/deepfake_project/outputs_deepfake_project/dfdc_subset_77_jpg/test/real/real_000135.jpg,0.0,0.00039751786971464753,0
/media/D1/ait_users/staff122/deepfake_project/outputs_deepfake_project/dfdc_subset_77_jpg/test/real/real_000136.jpg,0.0,0.0010131592862308025,0
/media/D1/ait_users/staff122/deepfake_project/outputs_deepfake_project/dfdc_subset_77_jpg/test/real/real_000137.jpg,0.0,0.13413409888744354,0
/media/D1/ait_users/staff122/deepfake_project/outputs_deepfake_project/dfdc_subset_77_jpg/test/real/real_000138.jpg,0.0,0.0001214617004734464,0
/media/D1/ait_users/staff122/deepfake_project/outputs_deepfake_project/dfdc_subset_77_jpg/test/real/real_000139.jpg,0.0,9.125820361077785e-05,0
/media/D1/ait_users/staff122/deepfake_project/outputs_deepfake_project/dfdc_subset_77_jpg/test/real/real_000140.jpg,0.0,0.000175393681274727,0
/media/D1/ait_users/staff122/deepfake_project/outputs_deepfake_project/dfdc_subset_77_jpg/test/real/real_000141.jpg,0.0,0.0003800201811827719,0
/media/D1/ait_users/staff122/deepfake_project/outputs_deepfake_project/dfdc_subset_77_jpg/test/real/real_000142.jpg,0.0,0.07732348144054413,0
/media/D1/ait_users/staff122/deepfake_project/outputs_deepfake_project/dfdc_subset_77_jpg/test/real/real_000143.jpg,0.0,0.009519373998045921,0
/media/D1/ait_users/staff122/deepfake_project/outputs_deepfake_project/dfdc_subset_77_jpg/test/real/real_000144.jpg,0.0,0.001111943507567048,0
/media/D1/ait_users/staff122/deepfake_project/outputs_deepfake_project/dfdc_subset_77_jpg/test/real/real_000145.jpg,0.0,0.233953058719635,0
/media/D1/ait_users/staff122/deepfake_project/outputs_deepfake_project/dfdc_subset_77_jpg/test/real/real_000146.jpg,0.0,0.027674637734889984,0
/media/D1/ait_users/staff122/deepfake_project/outputs_deepfake_project/dfdc_subset_77_jpg/test/real/real_000147.jpg,0.0,0.9376312494277954,1
/media/D1/ait_users/staff122/deepfake_project/outputs_deepfake_project/dfdc_subset_77_jpg/test/real/real_000148.jpg,0.0,0.026982996612787247,0
/media/D1/ait_users/staff122/deepfake_project/outputs_deepfake_project/dfdc_subset_77_jpg/test/real/real_000149.jpg,0.0,0.3259490728378296,0
/media/D1/ait_users/staff122/deepfake_project/outputs_deepfake_project/dfdc_subset_77_jpg/test/real/real_000150.jpg,0.0,0.09766609221696854,0
/media/D1/ait_users/staff122/deepfake_project/outputs_deepfake_project/dfdc_subset_77_jpg/test/real/real_000151.jpg,0.0,0.011389004997909069,0
/media/D1/ait_users/staff122/deepfake_project/outputs_deepfake_project/dfdc_subset_77_jpg/test/real/real_000152.jpg,0.0,0.00034876164863817394,0
/media/D1/ait_users/staff122/deepfake_project/outputs_deepfake_project/dfdc_subset_77_jpg/test/real/real_000153.jpg,0.0,0.0006569332326762378,0
/media/D1/ait_users/staff122/deepfake_project/outputs_deepfake_project/dfdc_subset_77_jpg/test/real/real_000154.jpg,0.0,0.08094493299722672,0
/media/D1/ait_users/staff122/deepfake_project/outputs_deepfake_project/dfdc_subset_77_jpg/test/real/real_000155.jpg,0.0,0.001522072241641581,0
/media/D1/ait_users/staff122/deepfake_project/outputs_deepfake_project/dfdc_subset_77_jpg/test/real/real_000156.jpg,0.0,0.060514722019433975,0
/media/D1/ait_users/staff122/deepfake_project/outputs_deepfake_project/dfdc_subset_77_jpg/test/real/real_000157.jpg,0.0,0.007608490530401468,0
/media/D1/ait_users/staff122/deepfake_project/outputs_deepfake_project/dfdc_subset_77_jpg/test/real/real_000158.jpg,0.0,0.039925020188093185,0
/media/D1/ait_users/staff122/deepfake_project/outputs_deepfake_project/dfdc_subset_77_jpg/test/real/real_000159.jpg,0.0,0.38248685002326965,0
/media/D1/ait_users/staff122/deepfake_project/outputs_deepfake_project/dfdc_subset_77_jpg/test/real/real_000160.jpg,0.0,0.0001515513431513682,0
/media/D1/ait_users/staff122/deepfake_project/outputs_deepfake_project/dfdc_subset_77_jpg/test/real/real_000161.jpg,0.0,0.02696821093559265,0
/media/D1/ait_users/staff122/deepfake_project/outputs_deepfake_project/dfdc_subset_77_jpg/test/real/real_000162.jpg,0.0,0.9970570802688599,1
/media/D1/ait_users/staff122/deepfake_project/outputs_deepfake_project/dfdc_subset_77_jpg/test/real/real_000163.jpg,0.0,0.9996172189712524,1
/media/D1/ait_users/staff122/deepfake_project/outputs_deepfake_project/dfdc_subset_77_jpg/test/real/real_000164.jpg,0.0,0.9998338222503662,1
/media/D1/ait_users/staff122/deepfake_project/outputs_deepfake_project/dfdc_subset_77_jpg/test/real/real_000165.jpg,0.0,0.061414387077093124,0
/media/D1/ait_users/staff122/deepfake_project/outputs_deepfake_project/dfdc_subset_77_jpg/test/real/real_000166.jpg,0.0,0.9998817443847656,1
/media/D1/ait_users/staff122/deepfake_project/outputs_deepfake_project/dfdc_subset_77_jpg/test/real/real_000167.jpg,0.0,0.99985671043396,1
/media/D1/ait_users/staff122/deepfake_project/outputs_deepfake_project/dfdc_subset_77_jpg/test/real/real_000168.jpg,0.0,0.9993564486503601,1
/media/D1/ait_users/staff122/deepfake_project/outputs_deepfake_project/dfdc_subset_77_jpg/test/real/real_000169.jpg,0.0,0.9999589920043945,1
/media/D1/ait_users/staff122/deepfake_project/outputs_deepfake_project/dfdc_subset_77_jpg/test/real/real_000170.jpg,0.0,0.9983142614364624,1
/media/D1/ait_users/staff122/deepfake_project/outputs_deepfake_project/dfdc_subset_77_jpg/test/real/real_000171.jpg,0.0,2.6713203624240123e-05,0
/media/D1/ait_users/staff122/deepfake_project/outputs_deepfake_project/dfdc_subset_77_jpg/test/real/real_000172.jpg,0.0,0.9999014139175415,1
/media/D1/ait_users/staff122/deepfake_project/outputs_deepfake_project/dfdc_subset_77_jpg/test/real/real_000173.jpg,0.0,0.9997252821922302,1
/media/D1/ait_users/staff122/deepfake_project/outputs_deepfake_project/dfdc_subset_77_jpg/test/real/real_000174.jpg,0.0,0.9964373111724854,1
/media/D1/ait_users/staff122/deepfake_project/outputs_deepfake_project/dfdc_subset_77_jpg/test/real/real_000175.jpg,0.0,2.0412194317032117e-06,0
/media/D1/ait_users/staff122/deepfake_project/outputs_deepfake_project/dfdc_subset_77_jpg/test/real/real_000176.jpg,0.0,1.9168288417859003e-05,0
/media/D1/ait_users/staff122/deepfake_project/outputs_deepfake_project/dfdc_subset_77_jpg/test/real/real_000177.jpg,0.0,0.9999735355377197,1
/media/D1/ait_users/staff122/deepfake_project/outputs_deepfake_project/dfdc_subset_77_jpg/test/real/real_000178.jpg,0.0,0.9993599057197571,1
/media/D1/ait_users/staff122/deepfake_project/outputs_deepfake_project/dfdc_subset_77_jpg/test/real/real_000179.jpg,0.0,0.9996696710586548,1
/media/D1/ait_users/staff122/deepfake_project/outputs_deepfake_project/dfdc_subset_77_jpg/test/real/real_000180.jpg,0.0,0.00012305629206821322,0
/media/D1/ait_users/staff122/deepfake_project/outputs_deepfake_project/dfdc_subset_77_jpg/test/real/real_000181.jpg,0.0,0.000769523554481566,0
/media/D1/ait_users/staff122/deepfake_project/outputs_deepfake_project/dfdc_subset_77_jpg/test/real/real_000182.jpg,0.0,1.2960213098267559e-05,0
/media/D1/ait_users/staff122/deepfake_project/outputs_deepfake_project/dfdc_subset_77_jpg/test/real/real_000183.jpg,0.0,0.09210953116416931,0
/media/D1/ait_users/staff122/deepfake_project/outputs_deepfake_project/dfdc_subset_77_jpg/test/real/real_000184.jpg,0.0,0.00012622818758245558,0
/media/D1/ait_users/staff122/deepfake_project/outputs_deepfake_project/dfdc_subset_77_jpg/test/real/real_000185.jpg,0.0,0.00026927265571430326,0
/media/D1/ait_users/staff122/deepfake_project/outputs_deepfake_project/dfdc_subset_77_jpg/test/real/real_000186.jpg,0.0,0.9999682903289795,1
/media/D1/ait_users/staff122/deepfake_project/outputs_deepfake_project/dfdc_subset_77_jpg/test/real/real_000187.jpg,0.0,0.9999972581863403,1
/media/D1/ait_users/staff122/deepfake_project/outputs_deepfake_project/dfdc_subset_77_jpg/test/real/real_000188.jpg,0.0,0.999923825263977,1
/media/D1/ait_users/staff122/deepfake_project/outputs_deepfake_project/dfdc_subset_77_jpg/test/real/real_000189.jpg,0.0,0.992749035358429,1
/media/D1/ait_users/staff122/deepfake_project/outputs_deepfake_project/dfdc_subset_77_jpg/test/real/real_000190.jpg,0.0,0.0004924639360979199,0
/media/D1/ait_users/staff122/deepfake_project/outputs_deepfake_project/dfdc_subset_77_jpg/test/real/real_000191.jpg,0.0,0.9936023354530334,1
/media/D1/ait_users/staff122/deepfake_project/outputs_deepfake_project/dfdc_subset_77_jpg/test/real/real_000192.jpg,0.0,0.9902948141098022,1
/media/D1/ait_users/staff122/deepfake_project/outputs_deepfake_project/dfdc_subset_77_jpg/test/real/real_000193.jpg,0.0,0.11195773631334305,0
/media/D1/ait_users/staff122/deepfake_project/outputs_deepfake_project/dfdc_subset_77_jpg/test/real/real_000194.jpg,0.0,0.9300805926322937,1
/media/D1/ait_users/staff122/deepfake_project/outputs_deepfake_project/dfdc_subset_77_jpg/test/real/real_000195.jpg,0.0,0.008019614033401012,0
/media/D1/ait_users/staff122/deepfake_project/outputs_deepfake_project/dfdc_subset_77_jpg/test/real/real_000196.jpg,0.0,0.2004975974559784,0
/media/D1/ait_users/staff122/deepfake_project/outputs_deepfake_project/dfdc_subset_77_jpg/test/real/real_000197.jpg,0.0,0.9999918937683105,1
/media/D1/ait_users/staff122/deepfake_project/outputs_deepfake_project/dfdc_subset_77_jpg/test/real/real_000198.jpg,0.0,0.9999362230300903,1
/media/D1/ait_users/staff122/deepfake_project/outputs_deepfake_project/dfdc_subset_77_jpg/test/real/real_000199.jpg,0.0,0.9999939203262329,1
/media/D1/ait_users/staff122/deepfake_project/outputs_deepfake_project/dfdc_subset_77_jpg/test/real/real_000200.jpg,0.0,0.9999994039535522,1
/media/D1/ait_users/staff122/deepfake_project/outputs_deepfake_project/dfdc_subset_77_jpg/test/real/real_000201.jpg,0.0,0.9999847412109375,1
/media/D1/ait_users/staff122/deepfake_project/outputs_deepfake_project/dfdc_subset_77_jpg/test/real/real_000202.jpg,0.0,0.9257786273956299,1
/media/D1/ait_users/staff122/deepfake_project/outputs_deepfake_project/dfdc_subset_77_jpg/test/real/real_000203.jpg,0.0,0.47274741530418396,0
/media/D1/ait_users/staff122/deepfake_project/outputs_deepfake_project/dfdc_subset_77_jpg/test/real/real_000204.jpg,0.0,0.3613353371620178,0
/media/D1/ait_users/staff122/deepfake_project/outputs_deepfake_project/dfdc_subset_77_jpg/test/real/real_000205.jpg,0.0,0.9999971389770508,1
/media/D1/ait_users/staff122/deepfake_project/outputs_deepfake_project/dfdc_subset_77_jpg/test/real/real_000206.jpg,0.0,0.9999994039535522,1
/media/D1/ait_users/staff122/deepfake_project/outputs_deepfake_project/dfdc_subset_77_jpg/test/real/real_000207.jpg,0.0,0.6268394589424133,1
/media/D1/ait_users/staff122/deepfake_project/outputs_deepfake_project/dfdc_subset_77_jpg/test/real/real_000208.jpg,0.0,0.8496264219284058,1
/media/D1/ait_users/staff122/deepfake_project/outputs_deepfake_project/dfdc_subset_77_jpg/test/real/real_000209.jpg,0.0,0.9426013231277466,1
/media/D1/ait_users/staff122/deepfake_project/outputs_deepfake_project/dfdc_subset_77_jpg/test/real/real_000210.jpg,0.0,0.077063649892807,0
/media/D1/ait_users/staff122/deepfake_project/outputs_deepfake_project/dfdc_subset_77_jpg/test/real/real_000211.jpg,0.0,0.21543803811073303,0
/media/D1/ait_users/staff122/deepfake_project/outputs_deepfake_project/dfdc_subset_77_jpg/test/real/real_000212.jpg,0.0,0.999984622001648,1
/media/D1/ait_users/staff122/deepfake_project/outputs_deepfake_project/dfdc_subset_77_jpg/test/real/real_000213.jpg,0.0,0.12631721794605255,0
/media/D1/ait_users/staff122/deepfake_project/outputs_deepfake_project/dfdc_subset_77_jpg/test/real/real_000214.jpg,0.0,0.9913357496261597,1
/media/D1/ait_users/staff122/deepfake_project/outputs_deepfake_project/dfdc_subset_77_jpg/test/real/real_000215.jpg,0.0,0.049682583659887314,0
/media/D1/ait_users/staff122/deepfake_project/outputs_deepfake_project/dfdc_subset_77_jpg/test/real/real_000216.jpg,0.0,0.999998927116394,1
/media/D1/ait_users/staff122/deepfake_project/outputs_deepfake_project/dfdc_subset_77_jpg/test/real/real_000217.jpg,0.0,0.0413861945271492,0
/media/D1/ait_users/staff122/deepfake_project/outputs_deepfake_project/dfdc_subset_77_jpg/test/real/real_000218.jpg,0.0,0.8017786741256714,1
/media/D1/ait_users/staff122/deepfake_project/outputs_deepfake_project/dfdc_subset_77_jpg/test/real/real_000219.jpg,0.0,0.02402578480541706,0
/media/D1/ait_users/staff122/deepfake_project/outputs_deepfake_project/dfdc_subset_77_jpg/test/real/real_000220.jpg,0.0,0.9588611125946045,1
/media/D1/ait_users/staff122/deepfake_project/outputs_deepfake_project/dfdc_subset_77_jpg/test/real/real_000221.jpg,0.0,0.9881383776664734,1
/media/D1/ait_users/staff122/deepfake_project/outputs_deepfake_project/dfdc_subset_77_jpg/test/real/real_000222.jpg,0.0,0.0328034907579422,0
/media/D1/ait_users/staff122/deepfake_project/outputs_deepfake_project/dfdc_subset_77_jpg/test/real/real_000223.jpg,0.0,0.014920276589691639,0
/media/D1/ait_users/staff122/deepfake_project/outputs_deepfake_project/dfdc_subset_77_jpg/test/real/real_000224.jpg,0.0,0.2527478337287903,0
/media/D1/ait_users/staff122/deepfake_project/outputs_deepfake_project/dfdc_subset_77_jpg/test/real/real_000225.jpg,0.0,0.9307759404182434,1
/media/D1/ait_users/staff122/deepfake_project/outputs_deepfake_project/dfdc_subset_77_jpg/test/real/real_000226.jpg,0.0,0.72698974609375,1
/media/D1/ait_users/staff122/deepfake_project/outputs_deepfake_project/dfdc_subset_77_jpg/test/real/real_000227.jpg,0.0,0.8314399719238281,1
/media/D1/ait_users/staff122/deepfake_project/outputs_deepfake_project/dfdc_subset_77_jpg/test/real/real_000228.jpg,0.0,0.043985653668642044,0
/media/D1/ait_users/staff122/deepfake_project/outputs_deepfake_project/dfdc_subset_77_jpg/test/real/real_000229.jpg,0.0,0.02516266144812107,0
/media/D1/ait_users/staff122/deepfake_project/outputs_deepfake_project/dfdc_subset_77_jpg/test/real/real_000230.jpg,0.0,0.7592770457267761,1
/media/D1/ait_users/staff122/deepfake_project/outputs_deepfake_project/dfdc_subset_77_jpg/test/real/real_000231.jpg,0.0,0.956422746181488,1
/media/D1/ait_users/staff122/deepfake_project/outputs_deepfake_project/dfdc_subset_77_jpg/test/real/real_000232.jpg,0.0,0.19963595271110535,0
/media/D1/ait_users/staff122/deepfake_project/outputs_deepfake_project/dfdc_subset_77_jpg/test/real/real_000233.jpg,0.0,0.4385509490966797,0
/media/D1/ait_users/staff122/deepfake_project/outputs_deepfake_project/dfdc_subset_77_jpg/test/real/real_000234.jpg,0.0,0.2010655552148819,0
/media/D1/ait_users/staff122/deepfake_project/outputs_deepfake_project/dfdc_subset_77_jpg/test/real/real_000235.jpg,0.0,0.21670618653297424,0
/media/D1/ait_users/staff122/deepfake_project/outputs_deepfake_project/dfdc_subset_77_jpg/test/real/real_000236.jpg,0.0,0.5837705731391907,1
/media/D1/ait_users/staff122/deepfake_project/outputs_deepfake_project/dfdc_subset_77_jpg/test/real/real_000237.jpg,0.0,0.9984311461448669,1
/media/D1/ait_users/staff122/deepfake_project/outputs_deepfake_project/dfdc_subset_77_jpg/test/real/real_000238.jpg,0.0,0.6108658909797668,1
/media/D1/ait_users/staff122/deepfake_project/outputs_deepfake_project/dfdc_subset_77_jpg/test/real/real_000239.jpg,0.0,0.03412918001413345,0
/media/D1/ait_users/staff122/deepfake_project/outputs_deepfake_project/dfdc_subset_77_jpg/test/real/real_000240.jpg,0.0,0.7920656204223633,1
/media/D1/ait_users/staff122/deepfake_project/outputs_deepfake_project/dfdc_subset_77_jpg/test/real/real_000241.jpg,0.0,0.36513063311576843,0
/media/D1/ait_users/staff122/deepfake_project/outputs_deepfake_project/dfdc_subset_77_jpg/test/real/real_000242.jpg,0.0,0.854597270488739,1
/media/D1/ait_users/staff122/deepfake_project/outputs_deepfake_project/dfdc_subset_77_jpg/test/real/real_000243.jpg,0.0,0.9420148134231567,1
/media/D1/ait_users/staff122/deepfake_project/outputs_deepfake_project/dfdc_subset_77_jpg/test/real/real_000244.jpg,0.0,0.07695788890123367,0
/media/D1/ait_users/staff122/deepfake_project/outputs_deepfake_project/dfdc_subset_77_jpg/test/real/real_000245.jpg,0.0,0.969906210899353,1
/media/D1/ait_users/staff122/deepfake_project/outputs_deepfake_project/dfdc_subset_77_jpg/test/real/real_000246.jpg,0.0,0.09339487552642822,0
/media/D1/ait_users/staff122/deepfake_project/outputs_deepfake_project/dfdc_subset_77_jpg/test/real/real_000247.jpg,0.0,0.9966058731079102,1
/media/D1/ait_users/staff122/deepfake_project/outputs_deepfake_project/dfdc_subset_77_jpg/test/real/real_000248.jpg,0.0,0.13451853394508362,0
/media/D1/ait_users/staff122/deepfake_project/outputs_deepfake_project/dfdc_subset_77_jpg/test/real/real_000249.jpg,0.0,0.645790159702301,1
/media/D1/ait_users/staff122/deepfake_project/outputs_deepfake_project/dfdc_subset_77_jpg/test/real/real_000250.jpg,0.0,0.9059202075004578,1
/media/D1/ait_users/staff122/deepfake_project/outputs_deepfake_project/dfdc_subset_77_jpg/test/real/real_000251.jpg,0.0,0.9194921851158142,1
/media/D1/ait_users/staff122/deepfake_project/outputs_deepfake_project/dfdc_subset_77_jpg/test/real/real_000252.jpg,0.0,0.8403596878051758,1
/media/D1/ait_users/staff122/deepfake_project/outputs_deepfake_project/dfdc_subset_77_jpg/test/real/real_000253.jpg,0.0,0.9999182224273682,1
/media/D1/ait_users/staff122/deepfake_project/outputs_deepfake_project/dfdc_subset_77_jpg/test/real/real_000254.jpg,0.0,0.9998650550842285,1
/media/D1/ait_users/staff122/deepfake_project/outputs_deepfake_project/dfdc_subset_77_jpg/test/real/real_000255.jpg,0.0,0.9339730739593506,1
/media/D1/ait_users/staff122/deepfake_project/outputs_deepfake_project/dfdc_subset_77_jpg/test/real/real_000256.jpg,0.0,0.0037677183281630278,0
/media/D1/ait_users/staff122/deepfake_project/outputs_deepfake_project/dfdc_subset_77_jpg/test/real/real_000257.jpg,0.0,0.9944051504135132,1
/media/D1/ait_users/staff122/deepfake_project/outputs_deepfake_project/dfdc_subset_77_jpg/test/real/real_000258.jpg,0.0,0.09812134504318237,0
/media/D1/ait_users/staff122/deepfake_project/outputs_deepfake_project/dfdc_subset_77_jpg/test/real/real_000259.jpg,0.0,0.0020761052146553993,0
/media/D1/ait_users/staff122/deepfake_project/outputs_deepfake_project/dfdc_subset_77_jpg/test/real/real_000260.jpg,0.0,0.006031332537531853,0
/media/D1/ait_users/staff122/deepfake_project/outputs_deepfake_project/dfdc_subset_77_jpg/test/real/real_000261.jpg,0.0,7.442502828780562e-05,0
/media/D1/ait_users/staff122/deepfake_project/outputs_deepfake_project/dfdc_subset_77_jpg/test/real/real_000262.jpg,0.0,0.0022069572005420923,0
/media/D1/ait_users/staff122/deepfake_project/outputs_deepfake_project/dfdc_subset_77_jpg/test/real/real_000263.jpg,0.0,0.09448059648275375,0
/media/D1/ait_users/staff122/deepfake_project/outputs_deepfake_project/dfdc_subset_77_jpg/test/real/real_000264.jpg,0.0,0.003775088582187891,0
/media/D1/ait_users/staff122/deepfake_project/outputs_deepfake_project/dfdc_subset_77_jpg/test/real/real_000265.jpg,0.0,0.0008197313291020691,0
/media/D1/ait_users/staff122/deepfake_project/outputs_deepfake_project/dfdc_subset_77_jpg/test/real/real_000266.jpg,0.0,0.0001663457223912701,0
/media/D1/ait_users/staff122/deepfake_project/outputs_deepfake_project/dfdc_subset_77_jpg/test/real/real_000267.jpg,0.0,7.111625018296763e-05,0
/media/D1/ait_users/staff122/deepfake_project/outputs_deepfake_project/dfdc_subset_77_jpg/test/real/real_000268.jpg,0.0,0.00013779463188257068,0
/media/D1/ait_users/staff122/deepfake_project/outputs_deepfake_project/dfdc_subset_77_jpg/test/real/real_000269.jpg,0.0,0.00020445953123271465,0
/media/D1/ait_users/staff122/deepfake_project/outputs_deepfake_project/dfdc_subset_77_jpg/test/real/real_000270.jpg,0.0,0.004654031712561846,0
/media/D1/ait_users/staff122/deepfake_project/outputs_deepfake_project/dfdc_subset_77_jpg/test/real/real_000271.jpg,0.0,0.00010633846977725625,0
/media/D1/ait_users/staff122/deepfake_project/outputs_deepfake_project/dfdc_subset_77_jpg/test/real/real_000272.jpg,0.0,6.113482231739908e-05,0
/media/D1/ait_users/staff122/deepfake_project/outputs_deepfake_project/dfdc_subset_77_jpg/test/real/real_000273.jpg,0.0,0.00012543507909867913,0
/media/D1/ait_users/staff122/deepfake_project/outputs_deepfake_project/dfdc_subset_77_jpg/test/real/real_000274.jpg,0.0,0.01874435693025589,0
/media/D1/ait_users/staff122/deepfake_project/outputs_deepfake_project/dfdc_subset_77_jpg/test/real/real_000275.jpg,0.0,0.0010070225689560175,0
/media/D1/ait_users/staff122/deepfake_project/outputs_deepfake_project/dfdc_subset_77_jpg/test/real/real_000276.jpg,0.0,0.00037850436638109386,0
/media/D1/ait_users/staff122/deepfake_project/outputs_deepfake_project/dfdc_subset_77_jpg/test/real/real_000277.jpg,0.0,0.0008249175152741373,0
/media/D1/ait_users/staff122/deepfake_project/outputs_deepfake_project/dfdc_subset_77_jpg/test/real/real_000278.jpg,0.0,0.0002589863142929971,0
/media/D1/ait_users/staff122/deepfake_project/outputs_deepfake_project/dfdc_subset_77_jpg/test/real/real_000279.jpg,0.0,0.06894120573997498,0
/media/D1/ait_users/staff122/deepfake_project/outputs_deepfake_project/dfdc_subset_77_jpg/test/real/real_000280.jpg,0.0,0.00019151509332004935,0
/media/D1/ait_users/staff122/deepfake_project/outputs_deepfake_project/dfdc_subset_77_jpg/test/real/real_000281.jpg,0.0,0.00014020870730746537,0
/media/D1/ait_users/staff122/deepfake_project/outputs_deepfake_project/dfdc_subset_77_jpg/test/real/real_000282.jpg,0.0,0.0020929190795868635,0
/media/D1/ait_users/staff122/deepfake_project/outputs_deepfake_project/dfdc_subset_77_jpg/test/real/real_000283.jpg,0.0,0.0002598249993752688,0
/media/D1/ait_users/staff122/deepfake_project/outputs_deepfake_project/dfdc_subset_77_jpg/test/real/real_000284.jpg,0.0,0.013142856769263744,0
/media/D1/ait_users/staff122/deepfake_project/outputs_deepfake_project/dfdc_subset_77_jpg/test/real/real_000285.jpg,0.0,0.0008039851672947407,0
/media/D1/ait_users/staff122/deepfake_project/outputs_deepfake_project/dfdc_subset_77_jpg/test/real/real_000286.jpg,0.0,0.010085134766995907,0
/media/D1/ait_users/staff122/deepfake_project/outputs_deepfake_project/dfdc_subset_77_jpg/test/real/real_000287.jpg,0.0,0.00020946805307175964,0
/media/D1/ait_users/staff122/deepfake_project/outputs_deepfake_project/dfdc_subset_77_jpg/test/real/real_000288.jpg,0.0,0.99998939037323,1
/media/D1/ait_users/staff122/deepfake_project/outputs_deepfake_project/dfdc_subset_77_jpg/test/real/real_000289.jpg,0.0,0.9999995231628418,1
/media/D1/ait_users/staff122/deepfake_project/outputs_deepfake_project/dfdc_subset_77_jpg/test/real/real_000290.jpg,0.0,1.0,1
/media/D1/ait_users/staff122/deepfake_project/outputs_deepfake_project/dfdc_subset_77_jpg/test/real/real_000291.jpg,0.0,0.9999988079071045,1
/media/D1/ait_users/staff122/deepfake_project/outputs_deepfake_project/dfdc_subset_77_jpg/test/real/real_000292.jpg,0.0,0.9999990463256836,1
/media/D1/ait_users/staff122/deepfake_project/outputs_deepfake_project/dfdc_subset_77_jpg/test/real/real_000293.jpg,0.0,0.9999998807907104,1
/media/D1/ait_users/staff122/deepfake_project/outputs_deepfake_project/dfdc_subset_77_jpg/test/real/real_000294.jpg,0.0,1.0,1
/media/D1/ait_users/staff122/deepfake_project/outputs_deepfake_project/dfdc_subset_77_jpg/test/real/real_000295.jpg,0.0,0.9999990463256836,1
/media/D1/ait_users/staff122/deepfake_project/outputs_deepfake_project/dfdc_subset_77_jpg/test/real/real_000296.jpg,0.0,0.9999971389770508,1
/media/D1/ait_users/staff122/deepfake_project/outputs_deepfake_project/dfdc_subset_77_jpg/test/real/real_000297.jpg,0.0,0.9999998807907104,1
/media/D1/ait_users/staff122/deepfake_project/outputs_deepfake_project/dfdc_subset_77_jpg/test/real/real_000298.jpg,0.0,0.9999996423721313,1
/media/D1/ait_users/staff122/deepfake_project/outputs_deepfake_project/dfdc_subset_77_jpg/test/real/real_000299.jpg,0.0,0.9999997615814209,1
/media/D1/ait_users/staff122/deepfake_project/outputs_deepfake_project/dfdc_subset_77_jpg/test/real/real_000300.jpg,0.0,0.9999994039535522,1
/media/D1/ait_users/staff122/deepfake_project/outputs_deepfake_project/dfdc_subset_77_jpg/test/real/real_000301.jpg,0.0,0.9999996423721313,1
/media/D1/ait_users/staff122/deepfake_project/outputs_deepfake_project/dfdc_subset_77_jpg/test/real/real_000302.jpg,0.0,1.0,1
/media/D1/ait_users/staff122/deepfake_project/outputs_deepfake_project/dfdc_subset_77_jpg/test/real/real_000303.jpg,0.0,0.9999988079071045,1
/media/D1/ait_users/staff122/deepfake_project/outputs_deepfake_project/dfdc_subset_77_jpg/test/real/real_000304.jpg,0.0,0.9999998807907104,1
/media/D1/ait_users/staff122/deepfake_project/outputs_deepfake_project/dfdc_subset_77_jpg/test/real/real_000305.jpg,0.0,1.0,1
/media/D1/ait_users/staff122/deepfake_project/outputs_deepfake_project/dfdc_subset_77_jpg/test/real/real_000306.jpg,0.0,0.9999992847442627,1
/media/D1/ait_users/staff122/deepfake_project/outputs_deepfake_project/dfdc_subset_77_jpg/test/real/real_000307.jpg,0.0,0.9999964237213135,1
/media/D1/ait_users/staff122/deepfake_project/outputs_deepfake_project/dfdc_subset_77_jpg/test/real/real_000308.jpg,0.0,1.0,1
/media/D1/ait_users/staff122/deepfake_project/outputs_deepfake_project/dfdc_subset_77_jpg/test/real/real_000309.jpg,0.0,0.9999978542327881,1
/media/D1/ait_users/staff122/deepfake_project/outputs_deepfake_project/dfdc_subset_77_jpg/test/real/real_000310.jpg,0.0,0.9999988079071045,1
/media/D1/ait_users/staff122/deepfake_project/outputs_deepfake_project/dfdc_subset_77_jpg/test/real/real_000311.jpg,0.0,0.9999997615814209,1
/media/D1/ait_users/staff122/deepfake_project/outputs_deepfake_project/dfdc_subset_77_jpg/test/real/real_000312.jpg,0.0,0.9999998807907104,1
/media/D1/ait_users/staff122/deepfake_project/outputs_deepfake_project/dfdc_subset_77_jpg/test/real/real_000313.jpg,0.0,0.9999998807907104,1
/media/D1/ait_users/staff122/deepfake_project/outputs_deepfake_project/dfdc_subset_77_jpg/test/real/real_000314.jpg,0.0,1.0,1
/media/D1/ait_users/staff122/deepfake_project/outputs_deepfake_project/dfdc_subset_77_jpg/test/real/real_000315.jpg,0.0,1.0,1
/media/D1/ait_users/staff122/deepfake_project/outputs_deepfake_project/dfdc_subset_77_jpg/test/real/real_000316.jpg,0.0,0.9999996423721313,1
/media/D1/ait_users/staff122/deepfake_project/outputs_deepfake_project/dfdc_subset_77_jpg/test/real/real_000317.jpg,0.0,0.9999979734420776,1
/media/D1/ait_users/staff122/deepfake_project/outputs_deepfake_project/dfdc_subset_77_jpg/test/real/real_000318.jpg,0.0,1.0,1
/media/D1/ait_users/staff122/deepfake_project/outputs_deepfake_project/dfdc_subset_77_jpg/test/real/real_000319.jpg,0.0,0.9999997615814209,1
/media/D1/ait_users/staff122/deepfake_project/outputs_deepfake_project/dfdc_subset_77_jpg/test/real/real_000320.jpg,0.0,0.01340227760374546,0
/media/D1/ait_users/staff122/deepfake_project/outputs_deepfake_project/dfdc_subset_77_jpg/test/real/real_000321.jpg,0.0,0.004146495368331671,0
/media/D1/ait_users/staff122/deepfake_project/outputs_deepfake_project/dfdc_subset_77_jpg/test/real/real_000322.jpg,0.0,0.005528263282030821,0
/media/D1/ait_users/staff122/deepfake_project/outputs_deepfake_project/dfdc_subset_77_jpg/test/real/real_000323.jpg,0.0,0.0001110849334509112,0
/media/D1/ait_users/staff122/deepfake_project/outputs_deepfake_project/dfdc_subset_77_jpg/test/real/real_000324.jpg,0.0,0.0010344450129196048,0
/media/D1/ait_users/staff122/deepfake_project/outputs_deepfake_project/dfdc_subset_77_jpg/test/real/real_000325.jpg,0.0,5.9305679315002635e-05,0
/media/D1/ait_users/staff122/deepfake_project/outputs_deepfake_project/dfdc_subset_77_jpg/test/real/real_000326.jpg,0.0,0.00028320238925516605,0
/media/D1/ait_users/staff122/deepfake_project/outputs_deepfake_project/dfdc_subset_77_jpg/test/real/real_000327.jpg,0.0,0.003265536855906248,0
/media/D1/ait_users/staff122/deepfake_project/outputs_deepfake_project/dfdc_subset_77_jpg/test/real/real_000328.jpg,0.0,0.0005588716012425721,0
/media/D1/ait_users/staff122/deepfake_project/outputs_deepfake_project/dfdc_subset_77_jpg/test/real/real_000329.jpg,0.0,0.0017909244634211063,0
/media/D1/ait_users/staff122/deepfake_project/outputs_deepfake_project/dfdc_subset_77_jpg/test/real/real_000330.jpg,0.0,0.0032933219335973263,0
/media/D1/ait_users/staff122/deepfake_project/outputs_deepfake_project/dfdc_subset_77_jpg/test/real/real_000331.jpg,0.0,0.9795351624488831,1
/media/D1/ait_users/staff122/deepfake_project/outputs_deepfake_project/dfdc_subset_77_jpg/test/real/real_000332.jpg,0.0,0.019499942660331726,0
/media/D1/ait_users/staff122/deepfake_project/outputs_deepfake_project/dfdc_subset_77_jpg/test/real/real_000333.jpg,0.0,0.00032412083237431943,0
/media/D1/ait_users/staff122/deepfake_project/outputs_deepfake_project/dfdc_subset_77_jpg/test/real/real_000334.jpg,0.0,0.0014924457063898444,0
/media/D1/ait_users/staff122/deepfake_project/outputs_deepfake_project/dfdc_subset_77_jpg/test/real/real_000335.jpg,0.0,6.055465928511694e-05,0
/media/D1/ait_users/staff122/deepfake_project/outputs_deepfake_project/dfdc_subset_77_jpg/test/real/real_000336.jpg,0.0,0.0009825399611145258,0
/media/D1/ait_users/staff122/deepfake_project/outputs_deepfake_project/dfdc_subset_77_jpg/test/real/real_000337.jpg,0.0,0.11020617187023163,0
/media/D1/ait_users/staff122/deepfake_project/outputs_deepfake_project/dfdc_subset_77_jpg/test/real/real_000338.jpg,0.0,0.001738250139169395,0
/media/D1/ait_users/staff122/deepfake_project/outputs_deepfake_project/dfdc_subset_77_jpg/test/real/real_000339.jpg,0.0,0.0001661301648709923,0
/media/D1/ait_users/staff122/deepfake_project/outputs_deepfake_project/dfdc_subset_77_jpg/test/real/real_000340.jpg,0.0,0.00753471814095974,0
/media/D1/ait_users/staff122/deepfake_project/outputs_deepfake_project/dfdc_subset_77_jpg/test/real/real_000341.jpg,0.0,0.002475164830684662,0
/media/D1/ait_users/staff122/deepfake_project/outputs_deepfake_project/dfdc_subset_77_jpg/test/real/real_000342.jpg,0.0,0.0680038258433342,0
/media/D1/ait_users/staff122/deepfake_project/outputs_deepfake_project/dfdc_subset_77_jpg/test/real/real_000343.jpg,0.0,1.125503422372276e-05,0
/media/D1/ait_users/staff122/deepfake_project/outputs_deepfake_project/dfdc_subset_77_jpg/test/real/real_000344.jpg,0.0,0.00114564155228436,0
/media/D1/ait_users/staff122/deepfake_project/outputs_deepfake_project/dfdc_subset_77_jpg/test/real/real_000345.jpg,0.0,0.011384731158614159,0
/media/D1/ait_users/staff122/deepfake_project/outputs_deepfake_project/dfdc_subset_77_jpg/test/real/real_000346.jpg,0.0,0.9371942281723022,1
/media/D1/ait_users/staff122/deepfake_project/outputs_deepfake_project/dfdc_subset_77_jpg/test/real/real_000347.jpg,0.0,6.741529068676755e-05,0
/media/D1/ait_users/staff122/deepfake_project/outputs_deepfake_project/dfdc_subset_77_jpg/test/real/real_000348.jpg,0.0,0.003671549493446946,0
/media/D1/ait_users/staff122/deepfake_project/outputs_deepfake_project/dfdc_subset_77_jpg/test/real/real_000349.jpg,0.0,0.002443593693897128,0
/media/D1/ait_users/staff122/deepfake_project/outputs_deepfake_project/dfdc_subset_77_jpg/test/real/real_000350.jpg,0.0,0.1021500751376152,0
/media/D1/ait_users/staff122/deepfake_project/outputs_deepfake_project/dfdc_subset_77_jpg/test/real/real_000351.jpg,0.0,0.09490982443094254,0
/media/D1/ait_users/staff122/deepfake_project/outputs_deepfake_project/dfdc_subset_77_jpg/test/real/real_000352.jpg,0.0,0.23121286928653717,0
/media/D1/ait_users/staff122/deepfake_project/outputs_deepfake_project/dfdc_subset_77_jpg/test/real/real_000353.jpg,0.0,0.6427972316741943,1
/media/D1/ait_users/staff122/deepfake_project/outputs_deepfake_project/dfdc_subset_77_jpg/test/real/real_000354.jpg,0.0,0.9958057403564453,1
/media/D1/ait_users/staff122/deepfake_project/outputs_deepfake_project/dfdc_subset_77_jpg/test/real/real_000355.jpg,0.0,0.9241032004356384,1
/media/D1/ait_users/staff122/deepfake_project/outputs_deepfake_project/dfdc_subset_77_jpg/test/real/real_000356.jpg,0.0,0.8115281462669373,1
/media/D1/ait_users/staff122/deepfake_project/outputs_deepfake_project/dfdc_subset_77_jpg/test/real/real_000357.jpg,0.0,0.30655133724212646,0
/media/D1/ait_users/staff122/deepfake_project/outputs_deepfake_project/dfdc_subset_77_jpg/test/real/real_000358.jpg,0.0,0.9968981742858887,1
/media/D1/ait_users/staff122/deepfake_project/outputs_deepfake_project/dfdc_subset_77_jpg/test/real/real_000359.jpg,0.0,0.513200581073761,1
/media/D1/ait_users/staff122/deepfake_project/outputs_deepfake_project/dfdc_subset_77_jpg/test/real/real_000360.jpg,0.0,0.5983371734619141,1
/media/D1/ait_users/staff122/deepfake_project/outputs_deepfake_project/dfdc_subset_77_jpg/test/real/real_000361.jpg,0.0,0.6237668991088867,1
/media/D1/ait_users/staff122/deepfake_project/outputs_deepfake_project/dfdc_subset_77_jpg/test/real/real_000362.jpg,0.0,0.9885691404342651,1
/media/D1/ait_users/staff122/deepfake_project/outputs_deepfake_project/dfdc_subset_77_jpg/test/real/real_000363.jpg,0.0,0.4983874261379242,0
/media/D1/ait_users/staff122/deepfake_project/outputs_deepfake_project/dfdc_subset_77_jpg/test/real/real_000364.jpg,0.0,0.9949186444282532,1
/media/D1/ait_users/staff122/deepfake_project/outputs_deepfake_project/dfdc_subset_77_jpg/test/real/real_000365.jpg,0.0,0.7864855527877808,1
/media/D1/ait_users/staff122/deepfake_project/outputs_deepfake_project/dfdc_subset_77_jpg/test/real/real_000366.jpg,0.0,0.997281551361084,1
/media/D1/ait_users/staff122/deepfake_project/outputs_deepfake_project/dfdc_subset_77_jpg/test/real/real_000367.jpg,0.0,0.8346599340438843,1
/media/D1/ait_users/staff122/deepfake_project/outputs_deepfake_project/dfdc_subset_77_jpg/test/real/real_000368.jpg,0.0,0.05537773668766022,0
/media/D1/ait_users/staff122/deepfake_project/outputs_deepfake_project/dfdc_subset_77_jpg/test/real/real_000369.jpg,0.0,0.996549129486084,1
/media/D1/ait_users/staff122/deepfake_project/outputs_deepfake_project/dfdc_subset_77_jpg/test/real/real_000370.jpg,0.0,0.9932307004928589,1
/media/D1/ait_users/staff122/deepfake_project/outputs_deepfake_project/dfdc_subset_77_jpg/test/real/real_000371.jpg,0.0,0.7530394792556763,1
/media/D1/ait_users/staff122/deepfake_project/outputs_deepfake_project/dfdc_subset_77_jpg/test/real/real_000372.jpg,0.0,0.9210867881774902,1
/media/D1/ait_users/staff122/deepfake_project/outputs_deepfake_project/dfdc_subset_77_jpg/test/real/real_000373.jpg,0.0,0.9934877157211304,1
/media/D1/ait_users/staff122/deepfake_project/outputs_deepfake_project/dfdc_subset_77_jpg/test/real/real_000374.jpg,0.0,0.12472036480903625,0
/media/D1/ait_users/staff122/deepfake_project/outputs_deepfake_project/dfdc_subset_77_jpg/test/real/real_000375.jpg,0.0,0.9973650574684143,1
/media/D1/ait_users/staff122/deepfake_project/outputs_deepfake_project/dfdc_subset_77_jpg/test/real/real_000376.jpg,0.0,0.7102011442184448,1
/media/D1/ait_users/staff122/deepfake_project/outputs_deepfake_project/dfdc_subset_77_jpg/test/real/real_000377.jpg,0.0,0.17883838713169098,0
/media/D1/ait_users/staff122/deepfake_project/outputs_deepfake_project/dfdc_subset_77_jpg/test/real/real_000378.jpg,0.0,0.7779415249824524,1
/media/D1/ait_users/staff122/deepfake_project/outputs_deepfake_project/dfdc_subset_77_jpg/test/real/real_000379.jpg,0.0,0.13359826803207397,0
/media/D1/ait_users/staff122/deepfake_project/outputs_deepfake_project/dfdc_subset_77_jpg/test/real/real_000380.jpg,0.0,0.0463726744055748,0
/media/D1/ait_users/staff122/deepfake_project/outputs_deepfake_project/dfdc_subset_77_jpg/test/real/real_000381.jpg,0.0,0.8676583170890808,1
/media/D1/ait_users/staff122/deepfake_project/outputs_deepfake_project/dfdc_subset_77_jpg/test/real/real_000382.jpg,0.0,0.9949365854263306,1
/media/D1/ait_users/staff122/deepfake_project/outputs_deepfake_project/dfdc_subset_77_jpg/test/real/real_000383.jpg,0.0,0.04315591976046562,0
/media/D1/ait_users/staff122/deepfake_project/outputs_deepfake_project/dfdc_subset_77_jpg/test/real/real_000384.jpg,0.0,0.26369205117225647,0
/media/D1/ait_users/staff122/deepfake_project/outputs_deepfake_project/dfdc_subset_77_jpg/test/real/real_000385.jpg,0.0,0.025363335385918617,0
/media/D1/ait_users/staff122/deepfake_project/outputs_deepfake_project/dfdc_subset_77_jpg/test/real/real_000386.jpg,0.0,0.0021134354174137115,0
/media/D1/ait_users/staff122/deepfake_project/outputs_deepfake_project/dfdc_subset_77_jpg/test/real/real_000387.jpg,0.0,0.000274433201411739,0
/media/D1/ait_users/staff122/deepfake_project/outputs_deepfake_project/dfdc_subset_77_jpg/test/real/real_000388.jpg,0.0,0.0005257988232187927,0
/media/D1/ait_users/staff122/deepfake_project/outputs_deepfake_project/dfdc_subset_77_jpg/test/real/real_000389.jpg,0.0,3.095178180956282e-05,0
/media/D1/ait_users/staff122/deepfake_project/outputs_deepfake_project/dfdc_subset_77_jpg/test/real/real_000390.jpg,0.0,0.0011952153872698545,0
/media/D1/ait_users/staff122/deepfake_project/outputs_deepfake_project/dfdc_subset_77_jpg/test/real/real_000391.jpg,0.0,5.829754445585422e-05,0
/media/D1/ait_users/staff122/deepfake_project/outputs_deepfake_project/dfdc_subset_77_jpg/test/real/real_000392.jpg,0.0,0.0032822436187416315,0
/media/D1/ait_users/staff122/deepfake_project/outputs_deepfake_project/dfdc_subset_77_jpg/test/real/real_000393.jpg,0.0,0.00018192945572081953,0
/media/D1/ait_users/staff122/deepfake_project/outputs_deepfake_project/dfdc_subset_77_jpg/test/real/real_000394.jpg,0.0,0.0001195201330119744,0
/media/D1/ait_users/staff122/deepfake_project/outputs_deepfake_project/dfdc_subset_77_jpg/test/real/real_000395.jpg,0.0,0.001115201273933053,0
/media/D1/ait_users/staff122/deepfake_project/outputs_deepfake_project/dfdc_subset_77_jpg/test/real/real_000396.jpg,0.0,0.13469691574573517,0
/media/D1/ait_users/staff122/deepfake_project/outputs_deepfake_project/dfdc_subset_77_jpg/test/real/real_000397.jpg,0.0,0.060419678688049316,0
/media/D1/ait_users/staff122/deepfake_project/outputs_deepfake_project/dfdc_subset_77_jpg/test/real/real_000398.jpg,0.0,0.02586134523153305,0
/media/D1/ait_users/staff122/deepfake_project/outputs_deepfake_project/dfdc_subset_77_jpg/test/real/real_000399.jpg,0.0,9.432381921214983e-05,0
/media/D1/ait_users/staff122/deepfake_project/outputs_deepfake_project/dfdc_subset_77_jpg/test/real/real_000400.jpg,0.0,0.008062300272285938,0
/media/D1/ait_users/staff122/deepfake_project/outputs_deepfake_project/dfdc_subset_77_jpg/test/real/real_000401.jpg,0.0,0.056703899055719376,0
/media/D1/ait_users/staff122/deepfake_project/outputs_deepfake_project/dfdc_subset_77_jpg/test/real/real_000402.jpg,0.0,0.006374956574290991,0
/media/D1/ait_users/staff122/deepfake_project/outputs_deepfake_project/dfdc_subset_77_jpg/test/real/real_000403.jpg,0.0,0.0004716925323009491,0
/media/D1/ait_users/staff122/deepfake_project/outputs_deepfake_project/dfdc_subset_77_jpg/test/real/real_000404.jpg,0.0,0.005462829954922199,0
/media/D1/ait_users/staff122/deepfake_project/outputs_deepfake_project/dfdc_subset_77_jpg/test/real/real_000405.jpg,0.0,0.044714029878377914,0
/media/D1/ait_users/staff122/deepfake_project/outputs_deepfake_project/dfdc_subset_77_jpg/test/real/real_000406.jpg,0.0,0.9750609397888184,1
/media/D1/ait_users/staff122/deepfake_project/outputs_deepfake_project/dfdc_subset_77_jpg/test/real/real_000407.jpg,0.0,0.0004249892954248935,0
/media/D1/ait_users/staff122/deepfake_project/outputs_deepfake_project/dfdc_subset_77_jpg/test/real/real_000408.jpg,0.0,7.084772369125858e-05,0
/media/D1/ait_users/staff122/deepfake_project/outputs_deepfake_project/dfdc_subset_77_jpg/test/real/real_000409.jpg,0.0,0.00014335059677250683,0
/media/D1/ait_users/staff122/deepfake_project/outputs_deepfake_project/dfdc_subset_77_jpg/test/real/real_000410.jpg,0.0,7.013692084001377e-05,0
/media/D1/ait_users/staff122/deepfake_project/outputs_deepfake_project/dfdc_subset_77_jpg/test/real/real_000411.jpg,0.0,9.055689588421956e-05,0
/media/D1/ait_users/staff122/deepfake_project/outputs_deepfake_project/dfdc_subset_77_jpg/test/real/real_000412.jpg,0.0,0.0011862354585900903,0
/media/D1/ait_users/staff122/deepfake_project/outputs_deepfake_project/dfdc_subset_77_jpg/test/real/real_000413.jpg,0.0,0.0007476715836673975,0
/media/D1/ait_users/staff122/deepfake_project/outputs_deepfake_project/dfdc_subset_77_jpg/test/real/real_000414.jpg,0.0,2.748479528236203e-05,0
/media/D1/ait_users/staff122/deepfake_project/outputs_deepfake_project/dfdc_subset_77_jpg/test/real/real_000415.jpg,0.0,0.0004260274872649461,0
/media/D1/ait_users/staff122/deepfake_project/outputs_deepfake_project/dfdc_subset_77_jpg/test/real/real_000416.jpg,0.0,0.8527185916900635,1
/media/D1/ait_users/staff122/deepfake_project/outputs_deepfake_project/dfdc_subset_77_jpg/test/real/real_000417.jpg,0.0,0.980791449546814,1
/media/D1/ait_users/staff122/deepfake_project/outputs_deepfake_project/dfdc_subset_77_jpg/test/real/real_000418.jpg,0.0,0.9787617921829224,1
/media/D1/ait_users/staff122/deepfake_project/outputs_deepfake_project/dfdc_subset_77_jpg/test/real/real_000419.jpg,0.0,0.48441362380981445,0
/media/D1/ait_users/staff122/deepfake_project/outputs_deepfake_project/dfdc_subset_77_jpg/test/real/real_000420.jpg,0.0,0.7291286587715149,1
/media/D1/ait_users/staff122/deepfake_project/outputs_deepfake_project/dfdc_subset_77_jpg/test/real/real_000421.jpg,0.0,0.20789623260498047,0
/media/D1/ait_users/staff122/deepfake_project/outputs_deepfake_project/dfdc_subset_77_jpg/test/real/real_000422.jpg,0.0,0.12716621160507202,0
/media/D1/ait_users/staff122/deepfake_project/outputs_deepfake_project/dfdc_subset_77_jpg/test/real/real_000423.jpg,0.0,0.24089518189430237,0
/media/D1/ait_users/staff122/deepfake_project/outputs_deepfake_project/dfdc_subset_77_jpg/test/real/real_000424.jpg,0.0,0.5732721090316772,1
/media/D1/ait_users/staff122/deepfake_project/outputs_deepfake_project/dfdc_subset_77_jpg/test/real/real_000425.jpg,0.0,0.5795810222625732,1
/media/D1/ait_users/staff122/deepfake_project/outputs_deepfake_project/dfdc_subset_77_jpg/test/real/real_000426.jpg,0.0,0.8074039220809937,1
/media/D1/ait_users/staff122/deepfake_project/outputs_deepfake_project/dfdc_subset_77_jpg/test/real/real_000427.jpg,0.0,0.5738617777824402,1
/media/D1/ait_users/staff122/deepfake_project/outputs_deepfake_project/dfdc_subset_77_jpg/test/real/real_000428.jpg,0.0,0.5930612683296204,1
/media/D1/ait_users/staff122/deepfake_project/outputs_deepfake_project/dfdc_subset_77_jpg/test/real/real_000429.jpg,0.0,0.9992706179618835,1
/media/D1/ait_users/staff122/deepfake_project/outputs_deepfake_project/dfdc_subset_77_jpg/test/real/real_000430.jpg,0.0,0.42295917868614197,0
/media/D1/ait_users/staff122/deepfake_project/outputs_deepfake_project/dfdc_subset_77_jpg/test/real/real_000431.jpg,0.0,0.1407698094844818,0
/media/D1/ait_users/staff122/deepfake_project/outputs_deepfake_project/dfdc_subset_77_jpg/test/real/real_000432.jpg,0.0,0.2451443374156952,0
/media/D1/ait_users/staff122/deepfake_project/outputs_deepfake_project/dfdc_subset_77_jpg/test/real/real_000433.jpg,0.0,0.12959453463554382,0
/media/D1/ait_users/staff122/deepfake_project/outputs_deepfake_project/dfdc_subset_77_jpg/test/real/real_000434.jpg,0.0,0.05014142394065857,0
/media/D1/ait_users/staff122/deepfake_project/outputs_deepfake_project/dfdc_subset_77_jpg/test/real/real_000435.jpg,0.0,0.38068482279777527,0
/media/D1/ait_users/staff122/deepfake_project/outputs_deepfake_project/dfdc_subset_77_jpg/test/real/real_000436.jpg,0.0,0.8077857494354248,1
/media/D1/ait_users/staff122/deepfake_project/outputs_deepfake_project/dfdc_subset_77_jpg/test/real/real_000437.jpg,0.0,0.17443810403347015,0
/media/D1/ait_users/staff122/deepfake_project/outputs_deepfake_project/dfdc_subset_77_jpg/test/real/real_000438.jpg,0.0,0.8795934319496155,1
/media/D1/ait_users/staff122/deepfake_project/outputs_deepfake_project/dfdc_subset_77_jpg/test/real/real_000439.jpg,0.0,0.48241665959358215,0
/media/D1/ait_users/staff122/deepfake_project/outputs_deepfake_project/dfdc_subset_77_jpg/test/real/real_000440.jpg,0.0,0.6418318152427673,1
/media/D1/ait_users/staff122/deepfake_project/outputs_deepfake_project/dfdc_subset_77_jpg/test/real/real_000441.jpg,0.0,0.06531549245119095,0
/media/D1/ait_users/staff122/deepfake_project/outputs_deepfake_project/dfdc_subset_77_jpg/test/real/real_000442.jpg,0.0,0.897003710269928,1
/media/D1/ait_users/staff122/deepfake_project/outputs_deepfake_project/dfdc_subset_77_jpg/test/real/real_000443.jpg,0.0,0.9986904263496399,1
/media/D1/ait_users/staff122/deepfake_project/outputs_deepfake_project/dfdc_subset_77_jpg/test/real/real_000444.jpg,0.0,0.24879726767539978,0
/media/D1/ait_users/staff122/deepfake_project/outputs_deepfake_project/dfdc_subset_77_jpg/test/real/real_000445.jpg,0.0,0.220968559384346,0
/media/D1/ait_users/staff122/deepfake_project/outputs_deepfake_project/dfdc_subset_77_jpg/test/real/real_000446.jpg,0.0,0.9734476208686829,1
/media/D1/ait_users/staff122/deepfake_project/outputs_deepfake_project/dfdc_subset_77_jpg/test/real/real_000447.jpg,0.0,0.0015838176477700472,0
/media/D1/ait_users/staff122/deepfake_project/outputs_deepfake_project/dfdc_subset_77_jpg/test/real/real_000448.jpg,0.0,0.021698765456676483,0
/media/D1/ait_users/staff122/deepfake_project/outputs_deepfake_project/dfdc_subset_77_jpg/test/real/real_000449.jpg,0.0,0.9324510097503662,1
/media/D1/ait_users/staff122/deepfake_project/outputs_deepfake_project/dfdc_subset_77_jpg/test/real/real_000450.jpg,0.0,0.9928078651428223,1
/media/D1/ait_users/staff122/deepfake_project/outputs_deepfake_project/dfdc_subset_77_jpg/test/real/real_000451.jpg,0.0,0.9857839941978455,1
/media/D1/ait_users/staff122/deepfake_project/outputs_deepfake_project/dfdc_subset_77_jpg/test/real/real_000452.jpg,0.0,0.9997276663780212,1
/media/D1/ait_users/staff122/deepfake_project/outputs_deepfake_project/dfdc_subset_77_jpg/test/real/real_000453.jpg,0.0,0.8103272914886475,1
/media/D1/ait_users/staff122/deepfake_project/outputs_deepfake_project/dfdc_subset_77_jpg/test/real/real_000454.jpg,0.0,0.8713785409927368,1
/media/D1/ait_users/staff122/deepfake_project/outputs_deepfake_project/dfdc_subset_77_jpg/test/real/real_000455.jpg,0.0,0.856810986995697,1
/media/D1/ait_users/staff122/deepfake_project/outputs_deepfake_project/dfdc_subset_77_jpg/test/real/real_000456.jpg,0.0,0.22887371480464935,0
/media/D1/ait_users/staff122/deepfake_project/outputs_deepfake_project/dfdc_subset_77_jpg/test/real/real_000457.jpg,0.0,0.9901463389396667,1
/media/D1/ait_users/staff122/deepfake_project/outputs_deepfake_project/dfdc_subset_77_jpg/test/real/real_000458.jpg,0.0,0.9640421271324158,1
/media/D1/ait_users/staff122/deepfake_project/outputs_deepfake_project/dfdc_subset_77_jpg/test/real/real_000459.jpg,0.0,0.9901418089866638,1
/media/D1/ait_users/staff122/deepfake_project/outputs_deepfake_project/dfdc_subset_77_jpg/test/real/real_000460.jpg,0.0,0.9919567108154297,1
/media/D1/ait_users/staff122/deepfake_project/outputs_deepfake_project/dfdc_subset_77_jpg/test/real/real_000461.jpg,0.0,0.9894973039627075,1
/media/D1/ait_users/staff122/deepfake_project/outputs_deepfake_project/dfdc_subset_77_jpg/test/real/real_000462.jpg,0.0,0.9999990463256836,1
/media/D1/ait_users/staff122/deepfake_project/outputs_deepfake_project/dfdc_subset_77_jpg/test/real/real_000463.jpg,0.0,0.9999986886978149,1
/media/D1/ait_users/staff122/deepfake_project/outputs_deepfake_project/dfdc_subset_77_jpg/test/real/real_000464.jpg,0.0,0.7036603689193726,1
/media/D1/ait_users/staff122/deepfake_project/outputs_deepfake_project/dfdc_subset_77_jpg/test/real/real_000465.jpg,0.0,0.9999992847442627,1
/media/D1/ait_users/staff122/deepfake_project/outputs_deepfake_project/dfdc_subset_77_jpg/test/real/real_000466.jpg,0.0,0.9999921321868896,1
/media/D1/ait_users/staff122/deepfake_project/outputs_deepfake_project/dfdc_subset_77_jpg/test/real/real_000467.jpg,0.0,0.9940720200538635,1
/media/D1/ait_users/staff122/deepfake_project/outputs_deepfake_project/dfdc_subset_77_jpg/test/real/real_000468.jpg,0.0,0.7083344459533691,1
/media/D1/ait_users/staff122/deepfake_project/outputs_deepfake_project/dfdc_subset_77_jpg/test/real/real_000469.jpg,0.0,0.3424815237522125,0
/media/D1/ait_users/staff122/deepfake_project/outputs_deepfake_project/dfdc_subset_77_jpg/test/real/real_000470.jpg,0.0,0.9200051426887512,1
/media/D1/ait_users/staff122/deepfake_project/outputs_deepfake_project/dfdc_subset_77_jpg/test/real/real_000471.jpg,0.0,0.9711369276046753,1
/media/D1/ait_users/staff122/deepfake_project/outputs_deepfake_project/dfdc_subset_77_jpg/test/real/real_000472.jpg,0.0,0.9029941558837891,1
/media/D1/ait_users/staff122/deepfake_project/outputs_deepfake_project/dfdc_subset_77_jpg/test/real/real_000473.jpg,0.0,0.0793672502040863,0
/media/D1/ait_users/staff122/deepfake_project/outputs_deepfake_project/dfdc_subset_77_jpg/test/real/real_000474.jpg,0.0,0.022153744474053383,0
/media/D1/ait_users/staff122/deepfake_project/outputs_deepfake_project/dfdc_subset_77_jpg/test/real/real_000475.jpg,0.0,0.11289127916097641,0
/media/D1/ait_users/staff122/deepfake_project/outputs_deepfake_project/dfdc_subset_77_jpg/test/real/real_000476.jpg,0.0,0.8922155499458313,1
/media/D1/ait_users/staff122/deepfake_project/outputs_deepfake_project/dfdc_subset_77_jpg/test/real/real_000477.jpg,0.0,0.9929585456848145,1
/media/D1/ait_users/staff122/deepfake_project/outputs_deepfake_project/dfdc_subset_77_jpg/test/real/real_000478.jpg,0.0,0.9728409647941589,1
/media/D1/ait_users/staff122/deepfake_project/outputs_deepfake_project/dfdc_subset_77_jpg/test/real/real_000479.jpg,0.0,0.9447985291481018,1
/media/D1/ait_users/staff122/deepfake_project/outputs_deepfake_project/dfdc_subset_77_jpg/test/real/real_000480.jpg,0.0,0.0023819708731025457,0
/media/D1/ait_users/staff122/deepfake_project/outputs_deepfake_project/dfdc_subset_77_jpg/test/real/real_000481.jpg,0.0,0.12473390996456146,0
/media/D1/ait_users/staff122/deepfake_project/outputs_deepfake_project/dfdc_subset_77_jpg/test/real/real_000482.jpg,0.0,0.09431803226470947,0
/media/D1/ait_users/staff122/deepfake_project/outputs_deepfake_project/dfdc_subset_77_jpg/test/real/real_000483.jpg,0.0,0.001504564075730741,0
/media/D1/ait_users/staff122/deepfake_project/outputs_deepfake_project/dfdc_subset_77_jpg/test/real/real_000484.jpg,0.0,0.0013337001437321305,0
/media/D1/ait_users/staff122/deepfake_project/outputs_deepfake_project/dfdc_subset_77_jpg/test/real/real_000485.jpg,0.0,0.006173393689095974,0
/media/D1/ait_users/staff122/deepfake_project/outputs_deepfake_project/dfdc_subset_77_jpg/test/real/real_000486.jpg,0.0,0.007082412019371986,0
/media/D1/ait_users/staff122/deepfake_project/outputs_deepfake_project/dfdc_subset_77_jpg/test/real/real_000487.jpg,0.0,0.00998382456600666,0
/media/D1/ait_users/staff122/deepfake_project/outputs_deepfake_project/dfdc_subset_77_jpg/test/real/real_000488.jpg,0.0,0.051089487969875336,0
/media/D1/ait_users/staff122/deepfake_project/outputs_deepfake_project/dfdc_subset_77_jpg/test/real/real_000489.jpg,0.0,0.0027049153577536345,0
/media/D1/ait_users/staff122/deepfake_project/outputs_deepfake_project/dfdc_subset_77_jpg/test/real/real_000490.jpg,0.0,0.0019066899549216032,0
/media/D1/ait_users/staff122/deepfake_project/outputs_deepfake_project/dfdc_subset_77_jpg/test/real/real_000491.jpg,0.0,0.0003151600540149957,0
/media/D1/ait_users/staff122/deepfake_project/outputs_deepfake_project/dfdc_subset_77_jpg/test/real/real_000492.jpg,0.0,0.000332451774738729,0
/media/D1/ait_users/staff122/deepfake_project/outputs_deepfake_project/dfdc_subset_77_jpg/test/real/real_000493.jpg,0.0,0.0009248250862583518,0
/media/D1/ait_users/staff122/deepfake_project/outputs_deepfake_project/dfdc_subset_77_jpg/test/real/real_000494.jpg,0.0,0.00174811203032732,0
/media/D1/ait_users/staff122/deepfake_project/outputs_deepfake_project/dfdc_subset_77_jpg/test/real/real_000495.jpg,0.0,0.010095512494444847,0
/media/D1/ait_users/staff122/deepfake_project/outputs_deepfake_project/dfdc_subset_77_jpg/test/real/real_000496.jpg,0.0,0.0005408430006355047,0
/media/D1/ait_users/staff122/deepfake_project/outputs_deepfake_project/dfdc_subset_77_jpg/test/real/real_000497.jpg,0.0,0.00435872795060277,0
/media/D1/ait_users/staff122/deepfake_project/outputs_deepfake_project/dfdc_subset_77_jpg/test/real/real_000498.jpg,0.0,0.005277965217828751,0
/media/D1/ait_users/staff122/deepfake_project/outputs_deepfake_project/dfdc_subset_77_jpg/test/real/real_000499.jpg,0.0,0.015994910150766373,0
/media/D1/ait_users/staff122/deepfake_project/outputs_deepfake_project/dfdc_subset_77_jpg/test/real/real_000500.jpg,0.0,0.04338352754712105,0
/media/D1/ait_users/staff122/deepfake_project/outputs_deepfake_project/dfdc_subset_77_jpg/test/real/real_000501.jpg,0.0,0.018465116620063782,0
/media/D1/ait_users/staff122/deepfake_project/outputs_deepfake_project/dfdc_subset_77_jpg/test/real/real_000502.jpg,0.0,0.0034347057808190584,0
/media/D1/ait_users/staff122/deepfake_project/outputs_deepfake_project/dfdc_subset_77_jpg/test/real/real_000503.jpg,0.0,0.008752451278269291,0
/media/D1/ait_users/staff122/deepfake_project/outputs_deepfake_project/dfdc_subset_77_jpg/test/real/real_000504.jpg,0.0,0.000318064441671595,0
/media/D1/ait_users/staff122/deepfake_project/outputs_deepfake_project/dfdc_subset_77_jpg/test/real/real_000505.jpg,0.0,0.0030201799236238003,0
/media/D1/ait_users/staff122/deepfake_project/outputs_deepfake_project/dfdc_subset_77_jpg/test/real/real_000506.jpg,0.0,0.0025914402212947607,0
/media/D1/ait_users/staff122/deepfake_project/outputs_deepfake_project/dfdc_subset_77_jpg/test/real/real_000507.jpg,0.0,0.006566475611180067,0
/media/D1/ait_users/staff122/deepfake_project/outputs_deepfake_project/dfdc_subset_77_jpg/test/real/real_000508.jpg,0.0,0.01285101380199194,0
/media/D1/ait_users/staff122/deepfake_project/outputs_deepfake_project/dfdc_subset_77_jpg/test/real/real_000509.jpg,0.0,0.0010895763989537954,0
/media/D1/ait_users/staff122/deepfake_project/outputs_deepfake_project/dfdc_subset_77_jpg/test/real/real_000510.jpg,0.0,0.003578195348381996,0
/media/D1/ait_users/staff122/deepfake_project/outputs_deepfake_project/dfdc_subset_77_jpg/test/real/real_000511.jpg,0.0,5.404240800999105e-05,0
/media/D1/ait_users/staff122/deepfake_project/outputs_deepfake_project/dfdc_subset_77_jpg/test/real/real_000512.jpg,0.0,0.008034653961658478,0
/media/D1/ait_users/staff122/deepfake_project/outputs_deepfake_project/dfdc_subset_77_jpg/test/real/real_000513.jpg,0.0,0.004413456190377474,0
/media/D1/ait_users/staff122/deepfake_project/outputs_deepfake_project/dfdc_subset_77_jpg/test/real/real_000514.jpg,0.0,0.002547062002122402,0
/media/D1/ait_users/staff122/deepfake_project/outputs_deepfake_project/dfdc_subset_77_jpg/test/real/real_000515.jpg,0.0,0.0011884273262694478,0
/media/D1/ait_users/staff122/deepfake_project/outputs_deepfake_project/dfdc_subset_77_jpg/test/real/real_000516.jpg,0.0,0.0006244774558581412,0
/media/D1/ait_users/staff122/deepfake_project/outputs_deepfake_project/dfdc_subset_77_jpg/test/real/real_000517.jpg,0.0,0.0009702509851194918,0
/media/D1/ait_users/staff122/deepfake_project/outputs_deepfake_project/dfdc_subset_77_jpg/test/real/real_000518.jpg,0.0,9.422880248166621e-05,0
/media/D1/ait_users/staff122/deepfake_project/outputs_deepfake_project/dfdc_subset_77_jpg/test/real/real_000519.jpg,0.0,0.02240653894841671,0
/media/D1/ait_users/staff122/deepfake_project/outputs_deepfake_project/dfdc_subset_77_jpg/test/real/real_000520.jpg,0.0,0.0008186252671293914,0
/media/D1/ait_users/staff122/deepfake_project/outputs_deepfake_project/dfdc_subset_77_jpg/test/real/real_000521.jpg,0.0,3.1169314752332866e-05,0
/media/D1/ait_users/staff122/deepfake_project/outputs_deepfake_project/dfdc_subset_77_jpg/test/real/real_000522.jpg,0.0,0.00011488011659821495,0
/media/D1/ait_users/staff122/deepfake_project/outputs_deepfake_project/dfdc_subset_77_jpg/test/real/real_000523.jpg,0.0,0.00016155812772922218,0
/media/D1/ait_users/staff122/deepfake_project/outputs_deepfake_project/dfdc_subset_77_jpg/test/real/real_000524.jpg,0.0,0.006372477393597364,0
/media/D1/ait_users/staff122/deepfake_project/outputs_deepfake_project/dfdc_subset_77_jpg/test/real/real_000525.jpg,0.0,0.0014353776350617409,0
/media/D1/ait_users/staff122/deepfake_project/outputs_deepfake_project/dfdc_subset_77_jpg/test/real/real_000526.jpg,0.0,0.2698661684989929,0
/media/D1/ait_users/staff122/deepfake_project/outputs_deepfake_project/dfdc_subset_77_jpg/test/real/real_000527.jpg,0.0,0.003479037433862686,0
/media/D1/ait_users/staff122/deepfake_project/outputs_deepfake_project/dfdc_subset_77_jpg/test/real/real_000528.jpg,0.0,0.0013815995771437883,0
/media/D1/ait_users/staff122/deepfake_project/outputs_deepfake_project/dfdc_subset_77_jpg/test/real/real_000529.jpg,0.0,6.0979597037658095e-05,0
/media/D1/ait_users/staff122/deepfake_project/outputs_deepfake_project/dfdc_subset_77_jpg/test/real/real_000530.jpg,0.0,0.0004831888363696635,0
/media/D1/ait_users/staff122/deepfake_project/outputs_deepfake_project/dfdc_subset_77_jpg/test/real/real_000531.jpg,0.0,0.040357016026973724,0
/media/D1/ait_users/staff122/deepfake_project/outputs_deepfake_project/dfdc_subset_77_jpg/test/real/real_000532.jpg,0.0,0.00017748230311553925,0
/media/D1/ait_users/staff122/deepfake_project/outputs_deepfake_project/dfdc_subset_77_jpg/test/real/real_000533.jpg,0.0,0.058572132140398026,0
/media/D1/ait_users/staff122/deepfake_project/outputs_deepfake_project/dfdc_subset_77_jpg/test/real/real_000534.jpg,0.0,0.002947125118225813,0
/media/D1/ait_users/staff122/deepfake_project/outputs_deepfake_project/dfdc_subset_77_jpg/test/real/real_000535.jpg,0.0,0.04929342865943909,0
/media/D1/ait_users/staff122/deepfake_project/outputs_deepfake_project/dfdc_subset_77_jpg/test/real/real_000536.jpg,0.0,0.0008873736369423568,0
/media/D1/ait_users/staff122/deepfake_project/outputs_deepfake_project/dfdc_subset_77_jpg/test/real/real_000537.jpg,0.0,0.001716015045531094,0
/media/D1/ait_users/staff122/deepfake_project/outputs_deepfake_project/dfdc_subset_77_jpg/test/real/real_000538.jpg,0.0,0.036279357969760895,0
/media/D1/ait_users/staff122/deepfake_project/outputs_deepfake_project/dfdc_subset_77_jpg/test/real/real_000539.jpg,0.0,0.00187457085121423,0
/media/D1/ait_users/staff122/deepfake_project/outputs_deepfake_project/dfdc_subset_77_jpg/test/real/real_000540.jpg,0.0,0.306003212928772,0
/media/D1/ait_users/staff122/deepfake_project/outputs_deepfake_project/dfdc_subset_77_jpg/test/real/real_000541.jpg,0.0,0.0024657018948346376,0
/media/D1/ait_users/staff122/deepfake_project/outputs_deepfake_project/dfdc_subset_77_jpg/test/real/real_000542.jpg,0.0,0.0011034129420295358,0
/media/D1/ait_users/staff122/deepfake_project/outputs_deepfake_project/dfdc_subset_77_jpg/test/real/real_000543.jpg,0.0,0.02831011265516281,0
/media/D1/ait_users/staff122/deepfake_project/outputs_deepfake_project/dfdc_subset_77_jpg/test/real/real_000544.jpg,0.0,0.007822788320481777,0
/media/D1/ait_users/staff122/deepfake_project/outputs_deepfake_project/dfdc_subset_77_jpg/test/real/real_000545.jpg,0.0,3.795257362071425e-05,0
/media/D1/ait_users/staff122/deepfake_project/outputs_deepfake_project/dfdc_subset_77_jpg/test/real/real_000546.jpg,0.0,0.0004361208702903241,0
/media/D1/ait_users/staff122/deepfake_project/outputs_deepfake_project/dfdc_subset_77_jpg/test/real/real_000547.jpg,0.0,0.0023469666484743357,0
/media/D1/ait_users/staff122/deepfake_project/outputs_deepfake_project/dfdc_subset_77_jpg/test/real/real_000548.jpg,0.0,0.0012959839077666402,0
/media/D1/ait_users/staff122/deepfake_project/outputs_deepfake_project/dfdc_subset_77_jpg/test/real/real_000549.jpg,0.0,0.00169967336114496,0
/media/D1/ait_users/staff122/deepfake_project/outputs_deepfake_project/dfdc_subset_77_jpg/test/real/real_000550.jpg,0.0,0.0010466036619618535,0
/media/D1/ait_users/staff122/deepfake_project/outputs_deepfake_project/dfdc_subset_77_jpg/test/real/real_000551.jpg,0.0,0.0029892439488321543,0
/media/D1/ait_users/staff122/deepfake_project/outputs_deepfake_project/dfdc_subset_77_jpg/test/real/real_000552.jpg,0.0,0.0012610477861016989,0
/media/D1/ait_users/staff122/deepfake_project/outputs_deepfake_project/dfdc_subset_77_jpg/test/real/real_000553.jpg,0.0,0.0011013282928615808,0
/media/D1/ait_users/staff122/deepfake_project/outputs_deepfake_project/dfdc_subset_77_jpg/test/real/real_000554.jpg,0.0,0.0031638084910809994,0
/media/D1/ait_users/staff122/deepfake_project/outputs_deepfake_project/dfdc_subset_77_jpg/test/real/real_000555.jpg,0.0,0.0039021852426230907,0
/media/D1/ait_users/staff122/deepfake_project/outputs_deepfake_project/dfdc_subset_77_jpg/test/real/real_000556.jpg,0.0,0.004651991184800863,0
/media/D1/ait_users/staff122/deepfake_project/outputs_deepfake_project/dfdc_subset_77_jpg/test/real/real_000557.jpg,0.0,0.004162524826824665,0
/media/D1/ait_users/staff122/deepfake_project/outputs_deepfake_project/dfdc_subset_77_jpg/test/real/real_000558.jpg,0.0,0.000988418934866786,0
/media/D1/ait_users/staff122/deepfake_project/outputs_deepfake_project/dfdc_subset_77_jpg/test/real/real_000559.jpg,0.0,0.0035308259539306164,0
/media/D1/ait_users/staff122/deepfake_project/outputs_deepfake_project/dfdc_subset_77_jpg/test/real/real_000560.jpg,0.0,0.009782836772501469,0
/media/D1/ait_users/staff122/deepfake_project/outputs_deepfake_project/dfdc_subset_77_jpg/test/real/real_000561.jpg,0.0,0.002738100476562977,0
/media/D1/ait_users/staff122/deepfake_project/outputs_deepfake_project/dfdc_subset_77_jpg/test/real/real_000562.jpg,0.0,0.0008181222947314382,0
/media/D1/ait_users/staff122/deepfake_project/outputs_deepfake_project/dfdc_subset_77_jpg/test/real/real_000563.jpg,0.0,0.013981902040541172,0
/media/D1/ait_users/staff122/deepfake_project/outputs_deepfake_project/dfdc_subset_77_jpg/test/real/real_000564.jpg,0.0,0.0002829538134392351,0
/media/D1/ait_users/staff122/deepfake_project/outputs_deepfake_project/dfdc_subset_77_jpg/test/real/real_000565.jpg,0.0,0.0006070575909689069,0
/media/D1/ait_users/staff122/deepfake_project/outputs_deepfake_project/dfdc_subset_77_jpg/test/real/real_000566.jpg,0.0,0.003853762988001108,0
/media/D1/ait_users/staff122/deepfake_project/outputs_deepfake_project/dfdc_subset_77_jpg/test/real/real_000567.jpg,0.0,0.0007239007391035557,0
/media/D1/ait_users/staff122/deepfake_project/outputs_deepfake_project/dfdc_subset_77_jpg/test/real/real_000568.jpg,0.0,0.040896110236644745,0
/media/D1/ait_users/staff122/deepfake_project/outputs_deepfake_project/dfdc_subset_77_jpg/test/real/real_000569.jpg,0.0,0.0525992251932621,0
/media/D1/ait_users/staff122/deepfake_project/outputs_deepfake_project/dfdc_subset_77_jpg/test/real/real_000570.jpg,0.0,0.0005319128395058215,0
/media/D1/ait_users/staff122/deepfake_project/outputs_deepfake_project/dfdc_subset_77_jpg/test/real/real_000571.jpg,0.0,0.0011189400684088469,0
/media/D1/ait_users/staff122/deepfake_project/outputs_deepfake_project/dfdc_subset_77_jpg/test/real/real_000572.jpg,0.0,0.0037789589259773493,0
/media/D1/ait_users/staff122/deepfake_project/outputs_deepfake_project/dfdc_subset_77_jpg/test/real/real_000573.jpg,0.0,0.0011750725097954273,0
/media/D1/ait_users/staff122/deepfake_project/outputs_deepfake_project/dfdc_subset_77_jpg/test/real/real_000574.jpg,0.0,0.007517586927860975,0
/media/D1/ait_users/staff122/deepfake_project/outputs_deepfake_project/dfdc_subset_77_jpg/test/real/real_000575.jpg,0.0,0.0002942902792710811,0
/media/D1/ait_users/staff122/deepfake_project/outputs_deepfake_project/dfdc_subset_77_jpg/test/real/real_000576.jpg,0.0,0.9932848215103149,1
/media/D1/ait_users/staff122/deepfake_project/outputs_deepfake_project/dfdc_subset_77_jpg/test/real/real_000577.jpg,0.0,0.8443421125411987,1
/media/D1/ait_users/staff122/deepfake_project/outputs_deepfake_project/dfdc_subset_77_jpg/test/real/real_000578.jpg,0.0,0.8079800605773926,1
/media/D1/ait_users/staff122/deepfake_project/outputs_deepfake_project/dfdc_subset_77_jpg/test/real/real_000579.jpg,0.0,0.6915780901908875,1
/media/D1/ait_users/staff122/deepfake_project/outputs_deepfake_project/dfdc_subset_77_jpg/test/real/real_000580.jpg,0.0,0.9294626712799072,1
/media/D1/ait_users/staff122/deepfake_project/outputs_deepfake_project/dfdc_subset_77_jpg/test/real/real_000581.jpg,0.0,0.13204535841941833,0
/media/D1/ait_users/staff122/deepfake_project/outputs_deepfake_project/dfdc_subset_77_jpg/test/real/real_000582.jpg,0.0,0.8613576292991638,1
/media/D1/ait_users/staff122/deepfake_project/outputs_deepfake_project/dfdc_subset_77_jpg/test/real/real_000583.jpg,0.0,0.9864570498466492,1
/media/D1/ait_users/staff122/deepfake_project/outputs_deepfake_project/dfdc_subset_77_jpg/test/real/real_000584.jpg,0.0,0.9476090669631958,1
/media/D1/ait_users/staff122/deepfake_project/outputs_deepfake_project/dfdc_subset_77_jpg/test/real/real_000585.jpg,0.0,0.6731755137443542,1
/media/D1/ait_users/staff122/deepfake_project/outputs_deepfake_project/dfdc_subset_77_jpg/test/real/real_000586.jpg,0.0,0.8304697871208191,1
/media/D1/ait_users/staff122/deepfake_project/outputs_deepfake_project/dfdc_subset_77_jpg/test/real/real_000587.jpg,0.0,0.4242120683193207,0
/media/D1/ait_users/staff122/deepfake_project/outputs_deepfake_project/dfdc_subset_77_jpg/test/real/real_000588.jpg,0.0,0.851935625076294,1
/media/D1/ait_users/staff122/deepfake_project/outputs_deepfake_project/dfdc_subset_77_jpg/test/real/real_000589.jpg,0.0,0.9531381726264954,1
/media/D1/ait_users/staff122/deepfake_project/outputs_deepfake_project/dfdc_subset_77_jpg/test/real/real_000590.jpg,0.0,0.48838862776756287,0
/media/D1/ait_users/staff122/deepfake_project/outputs_deepfake_project/dfdc_subset_77_jpg/test/real/real_000591.jpg,0.0,0.8007954955101013,1
/media/D1/ait_users/staff122/deepfake_project/outputs_deepfake_project/dfdc_subset_77_jpg/test/real/real_000592.jpg,0.0,0.9316768646240234,1
/media/D1/ait_users/staff122/deepfake_project/outputs_deepfake_project/dfdc_subset_77_jpg/test/real/real_000593.jpg,0.0,0.9990195035934448,1
/media/D1/ait_users/staff122/deepfake_project/outputs_deepfake_project/dfdc_subset_77_jpg/test/real/real_000594.jpg,0.0,0.5520575046539307,1
/media/D1/ait_users/staff122/deepfake_project/outputs_deepfake_project/dfdc_subset_77_jpg/test/real/real_000595.jpg,0.0,0.7210445404052734,1
/media/D1/ait_users/staff122/deepfake_project/outputs_deepfake_project/dfdc_subset_77_jpg/test/real/real_000596.jpg,0.0,0.9183478355407715,1
/media/D1/ait_users/staff122/deepfake_project/outputs_deepfake_project/dfdc_subset_77_jpg/test/real/real_000597.jpg,0.0,0.7765917778015137,1
/media/D1/ait_users/staff122/deepfake_project/outputs_deepfake_project/dfdc_subset_77_jpg/test/real/real_000598.jpg,0.0,0.012483249418437481,0
/media/D1/ait_users/staff122/deepfake_project/outputs_deepfake_project/dfdc_subset_77_jpg/test/real/real_000599.jpg,0.0,0.878753125667572,1
/media/D1/ait_users/staff122/deepfake_project/outputs_deepfake_project/dfdc_subset_77_jpg/test/real/real_000600.jpg,0.0,0.2364819496870041,0
/media/D1/ait_users/staff122/deepfake_project/outputs_deepfake_project/dfdc_subset_77_jpg/test/real/real_000601.jpg,0.0,0.9364266991615295,1
/media/D1/ait_users/staff122/deepfake_project/outputs_deepfake_project/dfdc_subset_77_jpg/test/real/real_000602.jpg,0.0,0.6956780552864075,1
/media/D1/ait_users/staff122/deepfake_project/outputs_deepfake_project/dfdc_subset_77_jpg/test/real/real_000603.jpg,0.0,0.5428183078765869,1
/media/D1/ait_users/staff122/deepfake_project/outputs_deepfake_project/dfdc_subset_77_jpg/test/real/real_000604.jpg,0.0,0.9995999932289124,1
/media/D1/ait_users/staff122/deepfake_project/outputs_deepfake_project/dfdc_subset_77_jpg/test/real/real_000605.jpg,0.0,0.8447861075401306,1
/media/D1/ait_users/staff122/deepfake_project/outputs_deepfake_project/dfdc_subset_77_jpg/test/real/real_000606.jpg,0.0,0.860209584236145,1
/media/D1/ait_users/staff122/deepfake_project/outputs_deepfake_project/dfdc_subset_77_jpg/test/real/real_000607.jpg,0.0,0.6859005689620972,1
/media/D1/ait_users/staff122/deepfake_project/outputs_deepfake_project/dfdc_subset_77_jpg/test/real/real_000608.jpg,0.0,0.0017590776551514864,0
/media/D1/ait_users/staff122/deepfake_project/outputs_deepfake_project/dfdc_subset_77_jpg/test/real/real_000609.jpg,0.0,0.0036934621166437864,0
/media/D1/ait_users/staff122/deepfake_project/outputs_deepfake_project/dfdc_subset_77_jpg/test/real/real_000610.jpg,0.0,0.006048941053450108,0
/media/D1/ait_users/staff122/deepfake_project/outputs_deepfake_project/dfdc_subset_77_jpg/test/real/real_000611.jpg,0.0,0.00021540632587857544,0
/media/D1/ait_users/staff122/deepfake_project/outputs_deepfake_project/dfdc_subset_77_jpg/test/real/real_000612.jpg,0.0,0.6046375036239624,1
/media/D1/ait_users/staff122/deepfake_project/outputs_deepfake_project/dfdc_subset_77_jpg/test/real/real_000613.jpg,0.0,0.0009313324117101729,0
/media/D1/ait_users/staff122/deepfake_project/outputs_deepfake_project/dfdc_subset_77_jpg/test/real/real_000614.jpg,0.0,0.9260837435722351,1
/media/D1/ait_users/staff122/deepfake_project/outputs_deepfake_project/dfdc_subset_77_jpg/test/real/real_000615.jpg,0.0,0.00636628782376647,0
/media/D1/ait_users/staff122/deepfake_project/outputs_deepfake_project/dfdc_subset_77_jpg/test/real/real_000616.jpg,0.0,0.003806435503065586,0
/media/D1/ait_users/staff122/deepfake_project/outputs_deepfake_project/dfdc_subset_77_jpg/test/real/real_000617.jpg,0.0,0.0023169508203864098,0
/media/D1/ait_users/staff122/deepfake_project/outputs_deepfake_project/dfdc_subset_77_jpg/test/real/real_000618.jpg,0.0,0.0006904025794938207,0
/media/D1/ait_users/staff122/deepfake_project/outputs_deepfake_project/dfdc_subset_77_jpg/test/real/real_000619.jpg,0.0,0.657070517539978,1
/media/D1/ait_users/staff122/deepfake_project/outputs_deepfake_project/dfdc_subset_77_jpg/test/real/real_000620.jpg,0.0,0.0009454019018448889,0
/media/D1/ait_users/staff122/deepfake_project/outputs_deepfake_project/dfdc_subset_77_jpg/test/real/real_000621.jpg,0.0,0.00021085370099171996,0
/media/D1/ait_users/staff122/deepfake_project/outputs_deepfake_project/dfdc_subset_77_jpg/test/real/real_000622.jpg,0.0,0.0004002755449619144,0
/media/D1/ait_users/staff122/deepfake_project/outputs_deepfake_project/dfdc_subset_77_jpg/test/real/real_000623.jpg,0.0,0.00025837222347036004,0
/media/D1/ait_users/staff122/deepfake_project/outputs_deepfake_project/dfdc_subset_77_jpg/test/real/real_000624.jpg,0.0,5.657093061017804e-05,0
/media/D1/ait_users/staff122/deepfake_project/outputs_deepfake_project/dfdc_subset_77_jpg/test/real/real_000625.jpg,0.0,0.0008631068631075323,0
/media/D1/ait_users/staff122/deepfake_project/outputs_deepfake_project/dfdc_subset_77_jpg/test/real/real_000626.jpg,0.0,0.0033027990721166134,0
/media/D1/ait_users/staff122/deepfake_project/outputs_deepfake_project/dfdc_subset_77_jpg/test/real/real_000627.jpg,0.0,0.03428477421402931,0
/media/D1/ait_users/staff122/deepfake_project/outputs_deepfake_project/dfdc_subset_77_jpg/test/real/real_000628.jpg,0.0,0.0035585875157266855,0
/media/D1/ait_users/staff122/deepfake_project/outputs_deepfake_project/dfdc_subset_77_jpg/test/real/real_000629.jpg,0.0,0.014411438256502151,0
/media/D1/ait_users/staff122/deepfake_project/outputs_deepfake_project/dfdc_subset_77_jpg/test/real/real_000630.jpg,0.0,0.002639150246977806,0
/media/D1/ait_users/staff122/deepfake_project/outputs_deepfake_project/dfdc_subset_77_jpg/test/real/real_000631.jpg,0.0,0.05890202522277832,0
/media/D1/ait_users/staff122/deepfake_project/outputs_deepfake_project/dfdc_subset_77_jpg/test/real/real_000632.jpg,0.0,0.0489984005689621,0
/media/D1/ait_users/staff122/deepfake_project/outputs_deepfake_project/dfdc_subset_77_jpg/test/real/real_000633.jpg,0.0,0.0314180888235569,0
/media/D1/ait_users/staff122/deepfake_project/outputs_deepfake_project/dfdc_subset_77_jpg/test/real/real_000634.jpg,0.0,0.000173871434526518,0
/media/D1/ait_users/staff122/deepfake_project/outputs_deepfake_project/dfdc_subset_77_jpg/test/real/real_000635.jpg,0.0,0.04229632392525673,0
/media/D1/ait_users/staff122/deepfake_project/outputs_deepfake_project/dfdc_subset_77_jpg/test/real/real_000636.jpg,0.0,0.0002593562239781022,0
/media/D1/ait_users/staff122/deepfake_project/outputs_deepfake_project/dfdc_subset_77_jpg/test/real/real_000637.jpg,0.0,0.003914195112884045,0
/media/D1/ait_users/staff122/deepfake_project/outputs_deepfake_project/dfdc_subset_77_jpg/test/real/real_000638.jpg,0.0,0.004949519410729408,0
/media/D1/ait_users/staff122/deepfake_project/outputs_deepfake_project/dfdc_subset_77_jpg/test/real/real_000639.jpg,0.0,0.00457419641315937,0
/media/D1/ait_users/staff122/deepfake_project/outputs_deepfake_project/dfdc_subset_77_jpg/test/real/real_000640.jpg,0.0,0.0010603575501590967,0
/media/D1/ait_users/staff122/deepfake_project/outputs_deepfake_project/dfdc_subset_77_jpg/test/real/real_000641.jpg,0.0,0.009492960758507252,0
/media/D1/ait_users/staff122/deepfake_project/outputs_deepfake_project/dfdc_subset_77_jpg/test/real/real_000642.jpg,0.0,0.1709318906068802,0
/media/D1/ait_users/staff122/deepfake_project/outputs_deepfake_project/dfdc_subset_77_jpg/test/real/real_000643.jpg,0.0,0.015673408284783363,0
/media/D1/ait_users/staff122/deepfake_project/outputs_deepfake_project/dfdc_subset_77_jpg/test/real/real_000644.jpg,0.0,0.0397481769323349,0
/media/D1/ait_users/staff122/deepfake_project/outputs_deepfake_project/dfdc_subset_77_jpg/test/real/real_000645.jpg,0.0,0.0028230880852788687,0
/media/D1/ait_users/staff122/deepfake_project/outputs_deepfake_project/dfdc_subset_77_jpg/test/real/real_000646.jpg,0.0,0.49146759510040283,0
/media/D1/ait_users/staff122/deepfake_project/outputs_deepfake_project/dfdc_subset_77_jpg/test/real/real_000647.jpg,0.0,0.00946894008666277,0
/media/D1/ait_users/staff122/deepfake_project/outputs_deepfake_project/dfdc_subset_77_jpg/test/real/real_000648.jpg,0.0,0.10790064930915833,0
/media/D1/ait_users/staff122/deepfake_project/outputs_deepfake_project/dfdc_subset_77_jpg/test/real/real_000649.jpg,0.0,0.009133491665124893,0
/media/D1/ait_users/staff122/deepfake_project/outputs_deepfake_project/dfdc_subset_77_jpg/test/real/real_000650.jpg,0.0,0.004924173466861248,0
/media/D1/ait_users/staff122/deepfake_project/outputs_deepfake_project/dfdc_subset_77_jpg/test/real/real_000651.jpg,0.0,0.01780400425195694,0
/media/D1/ait_users/staff122/deepfake_project/outputs_deepfake_project/dfdc_subset_77_jpg/test/real/real_000652.jpg,0.0,0.3487764000892639,0
/media/D1/ait_users/staff122/deepfake_project/outputs_deepfake_project/dfdc_subset_77_jpg/test/real/real_000653.jpg,0.0,0.054766274988651276,0
/media/D1/ait_users/staff122/deepfake_project/outputs_deepfake_project/dfdc_subset_77_jpg/test/real/real_000654.jpg,0.0,0.02795407362282276,0
/media/D1/ait_users/staff122/deepfake_project/outputs_deepfake_project/dfdc_subset_77_jpg/test/real/real_000655.jpg,0.0,0.010367246344685555,0
/media/D1/ait_users/staff122/deepfake_project/outputs_deepfake_project/dfdc_subset_77_jpg/test/real/real_000656.jpg,0.0,0.8663078546524048,1
/media/D1/ait_users/staff122/deepfake_project/outputs_deepfake_project/dfdc_subset_77_jpg/test/real/real_000657.jpg,0.0,0.445040762424469,0
/media/D1/ait_users/staff122/deepfake_project/outputs_deepfake_project/dfdc_subset_77_jpg/test/real/real_000658.jpg,0.0,0.06525784730911255,0
/media/D1/ait_users/staff122/deepfake_project/outputs_deepfake_project/dfdc_subset_77_jpg/test/real/real_000659.jpg,0.0,0.08103226125240326,0
/media/D1/ait_users/staff122/deepfake_project/outputs_deepfake_project/dfdc_subset_77_jpg/test/real/real_000660.jpg,0.0,0.03226296231150627,0
/media/D1/ait_users/staff122/deepfake_project/outputs_deepfake_project/dfdc_subset_77_jpg/test/real/real_000661.jpg,0.0,0.01645153947174549,0
/media/D1/ait_users/staff122/deepfake_project/outputs_deepfake_project/dfdc_subset_77_jpg/test/real/real_000662.jpg,0.0,0.41720959544181824,0
/media/D1/ait_users/staff122/deepfake_project/outputs_deepfake_project/dfdc_subset_77_jpg/test/real/real_000663.jpg,0.0,0.07042763382196426,0
/media/D1/ait_users/staff122/deepfake_project/outputs_deepfake_project/dfdc_subset_77_jpg/test/real/real_000664.jpg,0.0,0.6953820586204529,1
/media/D1/ait_users/staff122/deepfake_project/outputs_deepfake_project/dfdc_subset_77_jpg/test/real/real_000665.jpg,0.0,0.1767125278711319,0
/media/D1/ait_users/staff122/deepfake_project/outputs_deepfake_project/dfdc_subset_77_jpg/test/real/real_000666.jpg,0.0,0.01869787834584713,0
/media/D1/ait_users/staff122/deepfake_project/outputs_deepfake_project/dfdc_subset_77_jpg/test/real/real_000667.jpg,0.0,0.004915359430015087,0
/media/D1/ait_users/staff122/deepfake_project/outputs_deepfake_project/dfdc_subset_77_jpg/test/real/real_000668.jpg,0.0,0.006509213708341122,0
/media/D1/ait_users/staff122/deepfake_project/outputs_deepfake_project/dfdc_subset_77_jpg/test/real/real_000669.jpg,0.0,0.7922738790512085,1
/media/D1/ait_users/staff122/deepfake_project/outputs_deepfake_project/dfdc_subset_77_jpg/test/real/real_000670.jpg,0.0,0.08039569109678268,0
/media/D1/ait_users/staff122/deepfake_project/outputs_deepfake_project/dfdc_subset_77_jpg/test/real/real_000671.jpg,0.0,0.027690965682268143,0
/media/D1/ait_users/staff122/deepfake_project/outputs_deepfake_project/dfdc_subset_77_jpg/test/real/real_000672.jpg,0.0,0.9999727010726929,1
/media/D1/ait_users/staff122/deepfake_project/outputs_deepfake_project/dfdc_subset_77_jpg/test/real/real_000673.jpg,0.0,0.9998693466186523,1
/media/D1/ait_users/staff122/deepfake_project/outputs_deepfake_project/dfdc_subset_77_jpg/test/real/real_000674.jpg,0.0,0.9995877146720886,1
/media/D1/ait_users/staff122/deepfake_project/outputs_deepfake_project/dfdc_subset_77_jpg/test/real/real_000675.jpg,0.0,0.999982476234436,1
/media/D1/ait_users/staff122/deepfake_project/outputs_deepfake_project/dfdc_subset_77_jpg/test/real/real_000676.jpg,0.0,0.018548835068941116,0
/media/D1/ait_users/staff122/deepfake_project/outputs_deepfake_project/dfdc_subset_77_jpg/test/real/real_000677.jpg,0.0,0.00026515492936596274,0
/media/D1/ait_users/staff122/deepfake_project/outputs_deepfake_project/dfdc_subset_77_jpg/test/real/real_000678.jpg,0.0,0.0019103557569906116,0
/media/D1/ait_users/staff122/deepfake_project/outputs_deepfake_project/dfdc_subset_77_jpg/test/real/real_000679.jpg,0.0,0.9997808337211609,1
/media/D1/ait_users/staff122/deepfake_project/outputs_deepfake_project/dfdc_subset_77_jpg/test/real/real_000680.jpg,0.0,0.9036235809326172,1
/media/D1/ait_users/staff122/deepfake_project/outputs_deepfake_project/dfdc_subset_77_jpg/test/real/real_000681.jpg,0.0,0.9999821186065674,1
/media/D1/ait_users/staff122/deepfake_project/outputs_deepfake_project/dfdc_subset_77_jpg/test/real/real_000682.jpg,0.0,0.9999998807907104,1
/media/D1/ait_users/staff122/deepfake_project/outputs_deepfake_project/dfdc_subset_77_jpg/test/real/real_000683.jpg,0.0,0.9999923706054688,1
/media/D1/ait_users/staff122/deepfake_project/outputs_deepfake_project/dfdc_subset_77_jpg/test/real/real_000684.jpg,0.0,0.9999924898147583,1
/media/D1/ait_users/staff122/deepfake_project/outputs_deepfake_project/dfdc_subset_77_jpg/test/real/real_000685.jpg,0.0,0.9999998807907104,1
/media/D1/ait_users/staff122/deepfake_project/outputs_deepfake_project/dfdc_subset_77_jpg/test/real/real_000686.jpg,0.0,0.9999938011169434,1
/media/D1/ait_users/staff122/deepfake_project/outputs_deepfake_project/dfdc_subset_77_jpg/test/real/real_000687.jpg,0.0,0.9999959468841553,1
/media/D1/ait_users/staff122/deepfake_project/outputs_deepfake_project/dfdc_subset_77_jpg/test/real/real_000688.jpg,0.0,0.999958872795105,1
/media/D1/ait_users/staff122/deepfake_project/outputs_deepfake_project/dfdc_subset_77_jpg/test/real/real_000689.jpg,0.0,0.9999998807907104,1
/media/D1/ait_users/staff122/deepfake_project/outputs_deepfake_project/dfdc_subset_77_jpg/test/real/real_000690.jpg,0.0,0.0702572837471962,0
/media/D1/ait_users/staff122/deepfake_project/outputs_deepfake_project/dfdc_subset_77_jpg/test/real/real_000691.jpg,0.0,0.41420111060142517,0
/media/D1/ait_users/staff122/deepfake_project/outputs_deepfake_project/dfdc_subset_77_jpg/test/real/real_000692.jpg,0.0,0.999853253364563,1
/media/D1/ait_users/staff122/deepfake_project/outputs_deepfake_project/dfdc_subset_77_jpg/test/real/real_000693.jpg,0.0,0.9999995231628418,1
/media/D1/ait_users/staff122/deepfake_project/outputs_deepfake_project/dfdc_subset_77_jpg/test/real/real_000694.jpg,0.0,0.9999908208847046,1
/media/D1/ait_users/staff122/deepfake_project/outputs_deepfake_project/dfdc_subset_77_jpg/test/real/real_000695.jpg,0.0,0.9999980926513672,1
/media/D1/ait_users/staff122/deepfake_project/outputs_deepfake_project/dfdc_subset_77_jpg/test/real/real_000696.jpg,0.0,0.9999914169311523,1
/media/D1/ait_users/staff122/deepfake_project/outputs_deepfake_project/dfdc_subset_77_jpg/test/real/real_000697.jpg,0.0,0.9999996423721313,1
/media/D1/ait_users/staff122/deepfake_project/outputs_deepfake_project/dfdc_subset_77_jpg/test/real/real_000698.jpg,0.0,0.9999904632568359,1
/media/D1/ait_users/staff122/deepfake_project/outputs_deepfake_project/dfdc_subset_77_jpg/test/real/real_000699.jpg,0.0,0.9999995231628418,1
/media/D1/ait_users/staff122/deepfake_project/outputs_deepfake_project/dfdc_subset_77_jpg/test/real/real_000700.jpg,0.0,0.9999840259552002,1
/media/D1/ait_users/staff122/deepfake_project/outputs_deepfake_project/dfdc_subset_77_jpg/test/real/real_000701.jpg,0.0,0.9999970197677612,1
/media/D1/ait_users/staff122/deepfake_project/outputs_deepfake_project/dfdc_subset_77_jpg/test/real/real_000702.jpg,0.0,0.9999130964279175,1
/media/D1/ait_users/staff122/deepfake_project/outputs_deepfake_project/dfdc_subset_77_jpg/test/real/real_000703.jpg,0.0,8.482162957079709e-05,0
/media/D1/ait_users/staff122/deepfake_project/outputs_deepfake_project/dfdc_subset_77_jpg/test/real/real_000704.jpg,0.0,0.9994457364082336,1
/media/D1/ait_users/staff122/deepfake_project/outputs_deepfake_project/dfdc_subset_77_jpg/test/real/real_000705.jpg,0.0,0.025652751326560974,0
/media/D1/ait_users/staff122/deepfake_project/outputs_deepfake_project/dfdc_subset_77_jpg/test/real/real_000706.jpg,0.0,0.17829303443431854,0
/media/D1/ait_users/staff122/deepfake_project/outputs_deepfake_project/dfdc_subset_77_jpg/test/real/real_000707.jpg,0.0,0.00915775541216135,0
/media/D1/ait_users/staff122/deepfake_project/outputs_deepfake_project/dfdc_subset_77_jpg/test/real/real_000708.jpg,0.0,0.14315184950828552,0
/media/D1/ait_users/staff122/deepfake_project/outputs_deepfake_project/dfdc_subset_77_jpg/test/real/real_000709.jpg,0.0,0.09664225578308105,0
/media/D1/ait_users/staff122/deepfake_project/outputs_deepfake_project/dfdc_subset_77_jpg/test/real/real_000710.jpg,0.0,0.7851680517196655,1
/media/D1/ait_users/staff122/deepfake_project/outputs_deepfake_project/dfdc_subset_77_jpg/test/real/real_000711.jpg,0.0,0.07200172543525696,0
/media/D1/ait_users/staff122/deepfake_project/outputs_deepfake_project/dfdc_subset_77_jpg/test/real/real_000712.jpg,0.0,0.14698727428913116,0
/media/D1/ait_users/staff122/deepfake_project/outputs_deepfake_project/dfdc_subset_77_jpg/test/real/real_000713.jpg,0.0,0.23493510484695435,0
/media/D1/ait_users/staff122/deepfake_project/outputs_deepfake_project/dfdc_subset_77_jpg/test/real/real_000714.jpg,0.0,0.3802352249622345,0
/media/D1/ait_users/staff122/deepfake_project/outputs_deepfake_project/dfdc_subset_77_jpg/test/real/real_000715.jpg,0.0,0.8217592239379883,1
/media/D1/ait_users/staff122/deepfake_project/outputs_deepfake_project/dfdc_subset_77_jpg/test/real/real_000716.jpg,0.0,0.8609123826026917,1
/media/D1/ait_users/staff122/deepfake_project/outputs_deepfake_project/dfdc_subset_77_jpg/test/real/real_000717.jpg,0.0,0.9997116923332214,1
/media/D1/ait_users/staff122/deepfake_project/outputs_deepfake_project/dfdc_subset_77_jpg/test/real/real_000718.jpg,0.0,0.9701712727546692,1
/media/D1/ait_users/staff122/deepfake_project/outputs_deepfake_project/dfdc_subset_77_jpg/test/real/real_000719.jpg,0.0,0.010352052748203278,0
/media/D1/ait_users/staff122/deepfake_project/outputs_deepfake_project/dfdc_subset_77_jpg/test/real/real_000720.jpg,0.0,0.02608535625040531,0
/media/D1/ait_users/staff122/deepfake_project/outputs_deepfake_project/dfdc_subset_77_jpg/test/real/real_000721.jpg,0.0,0.35568881034851074,0
/media/D1/ait_users/staff122/deepfake_project/outputs_deepfake_project/dfdc_subset_77_jpg/test/real/real_000722.jpg,0.0,0.9999419450759888,1
/media/D1/ait_users/staff122/deepfake_project/outputs_deepfake_project/dfdc_subset_77_jpg/test/real/real_000723.jpg,0.0,0.022579533979296684,0
/media/D1/ait_users/staff122/deepfake_project/outputs_deepfake_project/dfdc_subset_77_jpg/test/real/real_000724.jpg,0.0,0.9558940529823303,1
/media/D1/ait_users/staff122/deepfake_project/outputs_deepfake_project/dfdc_subset_77_jpg/test/real/real_000725.jpg,0.0,0.08309612423181534,0
/media/D1/ait_users/staff122/deepfake_project/outputs_deepfake_project/dfdc_subset_77_jpg/test/real/real_000726.jpg,0.0,0.9766451120376587,1
/media/D1/ait_users/staff122/deepfake_project/outputs_deepfake_project/dfdc_subset_77_jpg/test/real/real_000727.jpg,0.0,0.8388158679008484,1
/media/D1/ait_users/staff122/deepfake_project/outputs_deepfake_project/dfdc_subset_77_jpg/test/real/real_000728.jpg,0.0,0.9997609257698059,1
/media/D1/ait_users/staff122/deepfake_project/outputs_deepfake_project/dfdc_subset_77_jpg/test/real/real_000729.jpg,0.0,0.5666792392730713,1
/media/D1/ait_users/staff122/deepfake_project/outputs_deepfake_project/dfdc_subset_77_jpg/test/real/real_000730.jpg,0.0,0.00010605087300064042,0
/media/D1/ait_users/staff122/deepfake_project/outputs_deepfake_project/dfdc_subset_77_jpg/test/real/real_000731.jpg,0.0,0.9940217137336731,1
/media/D1/ait_users/staff122/deepfake_project/outputs_deepfake_project/dfdc_subset_77_jpg/test/real/real_000732.jpg,0.0,0.0006247113924473524,0
/media/D1/ait_users/staff122/deepfake_project/outputs_deepfake_project/dfdc_subset_77_jpg/test/real/real_000733.jpg,0.0,0.6421152949333191,1
/media/D1/ait_users/staff122/deepfake_project/outputs_deepfake_project/dfdc_subset_77_jpg/test/real/real_000734.jpg,0.0,0.0014273591805249453,0
/media/D1/ait_users/staff122/deepfake_project/outputs_deepfake_project/dfdc_subset_77_jpg/test/real/real_000735.jpg,0.0,0.4049587547779083,0
/media/D1/ait_users/staff122/deepfake_project/outputs_deepfake_project/dfdc_subset_77_jpg/test/real/real_000736.jpg,0.0,0.030852263793349266,0
/media/D1/ait_users/staff122/deepfake_project/outputs_deepfake_project/dfdc_subset_77_jpg/test/real/real_000737.jpg,0.0,0.001678700209595263,0
/media/D1/ait_users/staff122/deepfake_project/outputs_deepfake_project/dfdc_subset_77_jpg/test/real/real_000738.jpg,0.0,0.00032668205676600337,0
/media/D1/ait_users/staff122/deepfake_project/outputs_deepfake_project/dfdc_subset_77_jpg/test/real/real_000739.jpg,0.0,1.3165546988602728e-05,0
/media/D1/ait_users/staff122/deepfake_project/outputs_deepfake_project/dfdc_subset_77_jpg/test/real/real_000740.jpg,0.0,0.0837467759847641,0
/media/D1/ait_users/staff122/deepfake_project/outputs_deepfake_project/dfdc_subset_77_jpg/test/real/real_000741.jpg,0.0,0.0004910066490992904,0
/media/D1/ait_users/staff122/deepfake_project/outputs_deepfake_project/dfdc_subset_77_jpg/test/real/real_000742.jpg,0.0,1.2863123629358597e-05,0
/media/D1/ait_users/staff122/deepfake_project/outputs_deepfake_project/dfdc_subset_77_jpg/test/real/real_000743.jpg,0.0,1.2871454600826837e-05,0
/media/D1/ait_users/staff122/deepfake_project/outputs_deepfake_project/dfdc_subset_77_jpg/test/real/real_000744.jpg,0.0,0.002797519788146019,0
/media/D1/ait_users/staff122/deepfake_project/outputs_deepfake_project/dfdc_subset_77_jpg/test/real/real_000745.jpg,0.0,0.0006853515515103936,0
/media/D1/ait_users/staff122/deepfake_project/outputs_deepfake_project/dfdc_subset_77_jpg/test/real/real_000746.jpg,0.0,0.0037422494497150183,0
/media/D1/ait_users/staff122/deepfake_project/outputs_deepfake_project/dfdc_subset_77_jpg/test/real/real_000747.jpg,0.0,0.5953483581542969,1
/media/D1/ait_users/staff122/deepfake_project/outputs_deepfake_project/dfdc_subset_77_jpg/test/real/real_000748.jpg,0.0,6.95941416779533e-05,0
/media/D1/ait_users/staff122/deepfake_project/outputs_deepfake_project/dfdc_subset_77_jpg/test/real/real_000749.jpg,0.0,7.976795313879848e-05,0
/media/D1/ait_users/staff122/deepfake_project/outputs_deepfake_project/dfdc_subset_77_jpg/test/real/real_000750.jpg,0.0,0.0007728047203272581,0
/media/D1/ait_users/staff122/deepfake_project/outputs_deepfake_project/dfdc_subset_77_jpg/test/real/real_000751.jpg,0.0,0.03663710504770279,0
/media/D1/ait_users/staff122/deepfake_project/outputs_deepfake_project/dfdc_subset_77_jpg/test/real/real_000752.jpg,0.0,0.0011009806767106056,0
/media/D1/ait_users/staff122/deepfake_project/outputs_deepfake_project/dfdc_subset_77_jpg/test/real/real_000753.jpg,0.0,7.251594797708094e-05,0
/media/D1/ait_users/staff122/deepfake_project/outputs_deepfake_project/dfdc_subset_77_jpg/test/real/real_000754.jpg,0.0,0.011385439895093441,0
/media/D1/ait_users/staff122/deepfake_project/outputs_deepfake_project/dfdc_subset_77_jpg/test/real/real_000755.jpg,0.0,4.488405829761177e-05,0
/media/D1/ait_users/staff122/deepfake_project/outputs_deepfake_project/dfdc_subset_77_jpg/test/real/real_000756.jpg,0.0,8.577337575843558e-05,0
/media/D1/ait_users/staff122/deepfake_project/outputs_deepfake_project/dfdc_subset_77_jpg/test/real/real_000757.jpg,0.0,0.017837723717093468,0
/media/D1/ait_users/staff122/deepfake_project/outputs_deepfake_project/dfdc_subset_77_jpg/test/real/real_000758.jpg,0.0,0.00018011711654253304,0
/media/D1/ait_users/staff122/deepfake_project/outputs_deepfake_project/dfdc_subset_77_jpg/test/real/real_000759.jpg,0.0,0.000653126451652497,0
/media/D1/ait_users/staff122/deepfake_project/outputs_deepfake_project/dfdc_subset_77_jpg/test/real/real_000760.jpg,0.0,0.00026727578369900584,0
/media/D1/ait_users/staff122/deepfake_project/outputs_deepfake_project/dfdc_subset_77_jpg/test/real/real_000761.jpg,0.0,5.6689794291742146e-05,0
/media/D1/ait_users/staff122/deepfake_project/outputs_deepfake_project/dfdc_subset_77_jpg/test/real/real_000762.jpg,0.0,0.00013498697080649436,0
/media/D1/ait_users/staff122/deepfake_project/outputs_deepfake_project/dfdc_subset_77_jpg/test/real/real_000763.jpg,0.0,2.7721918741008267e-05,0
/media/D1/ait_users/staff122/deepfake_project/outputs_deepfake_project/dfdc_subset_77_jpg/test/real/real_000764.jpg,0.0,0.003653585212305188,0
/media/D1/ait_users/staff122/deepfake_project/outputs_deepfake_project/dfdc_subset_77_jpg/test/real/real_000765.jpg,0.0,0.01646714098751545,0
/media/D1/ait_users/staff122/deepfake_project/outputs_deepfake_project/dfdc_subset_77_jpg/test/real/real_000766.jpg,0.0,3.23775275319349e-05,0
/media/D1/ait_users/staff122/deepfake_project/outputs_deepfake_project/dfdc_subset_77_jpg/test/real/real_000767.jpg,0.0,4.58785552837071e-06,0
/media/D1/ait_users/staff122/deepfake_project/outputs_deepfake_project/dfdc_subset_77_jpg/test/real/real_000768.jpg,0.0,0.005541409831494093,0
/media/D1/ait_users/staff122/deepfake_project/outputs_deepfake_project/dfdc_subset_77_jpg/test/real/real_000769.jpg,0.0,0.6148240566253662,1
/media/D1/ait_users/staff122/deepfake_project/outputs_deepfake_project/dfdc_subset_77_jpg/test/real/real_000770.jpg,0.0,0.005781487561762333,0
/media/D1/ait_users/staff122/deepfake_project/outputs_deepfake_project/dfdc_subset_77_jpg/test/real/real_000771.jpg,0.0,0.01700720191001892,0
/media/D1/ait_users/staff122/deepfake_project/outputs_deepfake_project/dfdc_subset_77_jpg/test/real/real_000772.jpg,0.0,0.1123293936252594,0
/media/D1/ait_users/staff122/deepfake_project/outputs_deepfake_project/dfdc_subset_77_jpg/test/real/real_000773.jpg,0.0,0.11976965516805649,0
/media/D1/ait_users/staff122/deepfake_project/outputs_deepfake_project/dfdc_subset_77_jpg/test/real/real_000774.jpg,0.0,0.3516022264957428,0
/media/D1/ait_users/staff122/deepfake_project/outputs_deepfake_project/dfdc_subset_77_jpg/test/real/real_000775.jpg,0.0,0.09212297201156616,0
/media/D1/ait_users/staff122/deepfake_project/outputs_deepfake_project/dfdc_subset_77_jpg/test/real/real_000776.jpg,0.0,0.037739839404821396,0
/media/D1/ait_users/staff122/deepfake_project/outputs_deepfake_project/dfdc_subset_77_jpg/test/real/real_000777.jpg,0.0,0.7961713671684265,1
/media/D1/ait_users/staff122/deepfake_project/outputs_deepfake_project/dfdc_subset_77_jpg/test/real/real_000778.jpg,0.0,0.07296296209096909,0
/media/D1/ait_users/staff122/deepfake_project/outputs_deepfake_project/dfdc_subset_77_jpg/test/real/real_000779.jpg,0.0,0.0020385445095598698,0
/media/D1/ait_users/staff122/deepfake_project/outputs_deepfake_project/dfdc_subset_77_jpg/test/real/real_000780.jpg,0.0,0.15202082693576813,0
/media/D1/ait_users/staff122/deepfake_project/outputs_deepfake_project/dfdc_subset_77_jpg/test/real/real_000781.jpg,0.0,0.9667198657989502,1
/media/D1/ait_users/staff122/deepfake_project/outputs_deepfake_project/dfdc_subset_77_jpg/test/real/real_000782.jpg,0.0,0.018448704853653908,0
/media/D1/ait_users/staff122/deepfake_project/outputs_deepfake_project/dfdc_subset_77_jpg/test/real/real_000783.jpg,0.0,0.02799067460000515,0
/media/D1/ait_users/staff122/deepfake_project/outputs_deepfake_project/dfdc_subset_77_jpg/test/real/real_000784.jpg,0.0,0.004500639159232378,0
/media/D1/ait_users/staff122/deepfake_project/outputs_deepfake_project/dfdc_subset_77_jpg/test/real/real_000785.jpg,0.0,0.003981610294431448,0
/media/D1/ait_users/staff122/deepfake_project/outputs_deepfake_project/dfdc_subset_77_jpg/test/real/real_000786.jpg,0.0,0.2872726321220398,0
/media/D1/ait_users/staff122/deepfake_project/outputs_deepfake_project/dfdc_subset_77_jpg/test/real/real_000787.jpg,0.0,0.057846762239933014,0
/media/D1/ait_users/staff122/deepfake_project/outputs_deepfake_project/dfdc_subset_77_jpg/test/real/real_000788.jpg,0.0,0.01557942759245634,0
/media/D1/ait_users/staff122/deepfake_project/outputs_deepfake_project/dfdc_subset_77_jpg/test/real/real_000789.jpg,0.0,0.0003492176183499396,0
/media/D1/ait_users/staff122/deepfake_project/outputs_deepfake_project/dfdc_subset_77_jpg/test/real/real_000790.jpg,0.0,0.18140248954296112,0
/media/D1/ait_users/staff122/deepfake_project/outputs_deepfake_project/dfdc_subset_77_jpg/test/real/real_000791.jpg,0.0,0.04235295578837395,0
/media/D1/ait_users/staff122/deepfake_project/outputs_deepfake_project/dfdc_subset_77_jpg/test/real/real_000792.jpg,0.0,0.9923270344734192,1
/media/D1/ait_users/staff122/deepfake_project/outputs_deepfake_project/dfdc_subset_77_jpg/test/real/real_000793.jpg,0.0,0.00900744553655386,0
/media/D1/ait_users/staff122/deepfake_project/outputs_deepfake_project/dfdc_subset_77_jpg/test/real/real_000794.jpg,0.0,0.004031409043818712,0
/media/D1/ait_users/staff122/deepfake_project/outputs_deepfake_project/dfdc_subset_77_jpg/test/real/real_000795.jpg,0.0,0.0037928211968392134,0
/media/D1/ait_users/staff122/deepfake_project/outputs_deepfake_project/dfdc_subset_77_jpg/test/real/real_000796.jpg,0.0,0.04554716497659683,0
/media/D1/ait_users/staff122/deepfake_project/outputs_deepfake_project/dfdc_subset_77_jpg/test/real/real_000797.jpg,0.0,0.05605583265423775,0
/media/D1/ait_users/staff122/deepfake_project/outputs_deepfake_project/dfdc_subset_77_jpg/test/real/real_000798.jpg,0.0,0.05028415471315384,0
/media/D1/ait_users/staff122/deepfake_project/outputs_deepfake_project/dfdc_subset_77_jpg/test/real/real_000799.jpg,0.0,0.11652900278568268,0
/media/D1/ait_users/staff122/deepfake_project/outputs_deepfake_project/dfdc_subset_77_jpg/test/real/real_000800.jpg,0.0,0.986050546169281,1
/media/D1/ait_users/staff122/deepfake_project/outputs_deepfake_project/dfdc_subset_77_jpg/test/real/real_000801.jpg,0.0,0.880158007144928,1
/media/D1/ait_users/staff122/deepfake_project/outputs_deepfake_project/dfdc_subset_77_jpg/test/real/real_000802.jpg,0.0,0.9938942790031433,1
/media/D1/ait_users/staff122/deepfake_project/outputs_deepfake_project/dfdc_subset_77_jpg/test/real/real_000803.jpg,0.0,0.7447242736816406,1
/media/D1/ait_users/staff122/deepfake_project/outputs_deepfake_project/dfdc_subset_77_jpg/test/real/real_000804.jpg,0.0,0.9917751550674438,1
/media/D1/ait_users/staff122/deepfake_project/outputs_deepfake_project/dfdc_subset_77_jpg/test/real/real_000805.jpg,0.0,0.9878532886505127,1
/media/D1/ait_users/staff122/deepfake_project/outputs_deepfake_project/dfdc_subset_77_jpg/test/real/real_000806.jpg,0.0,0.9114816188812256,1
/media/D1/ait_users/staff122/deepfake_project/outputs_deepfake_project/dfdc_subset_77_jpg/test/real/real_000807.jpg,0.0,0.9333989024162292,1
/media/D1/ait_users/staff122/deepfake_project/outputs_deepfake_project/dfdc_subset_77_jpg/test/real/real_000808.jpg,0.0,0.716421365737915,1
/media/D1/ait_users/staff122/deepfake_project/outputs_deepfake_project/dfdc_subset_77_jpg/test/real/real_000809.jpg,0.0,0.9968691468238831,1
/media/D1/ait_users/staff122/deepfake_project/outputs_deepfake_project/dfdc_subset_77_jpg/test/real/real_000810.jpg,0.0,0.763588547706604,1
/media/D1/ait_users/staff122/deepfake_project/outputs_deepfake_project/dfdc_subset_77_jpg/test/real/real_000811.jpg,0.0,0.9906026124954224,1
/media/D1/ait_users/staff122/deepfake_project/outputs_deepfake_project/dfdc_subset_77_jpg/test/real/real_000812.jpg,0.0,0.9994989633560181,1
/media/D1/ait_users/staff122/deepfake_project/outputs_deepfake_project/dfdc_subset_77_jpg/test/real/real_000813.jpg,0.0,0.8033910989761353,1
/media/D1/ait_users/staff122/deepfake_project/outputs_deepfake_project/dfdc_subset_77_jpg/test/real/real_000814.jpg,0.0,0.7401673793792725,1
/media/D1/ait_users/staff122/deepfake_project/outputs_deepfake_project/dfdc_subset_77_jpg/test/real/real_000815.jpg,0.0,0.7517521977424622,1
/media/D1/ait_users/staff122/deepfake_project/outputs_deepfake_project/dfdc_subset_77_jpg/test/real/real_000816.jpg,0.0,0.6941438913345337,1
/media/D1/ait_users/staff122/deepfake_project/outputs_deepfake_project/dfdc_subset_77_jpg/test/real/real_000817.jpg,0.0,0.7585968375205994,1
/media/D1/ait_users/staff122/deepfake_project/outputs_deepfake_project/dfdc_subset_77_jpg/test/real/real_000818.jpg,0.0,0.8707177639007568,1
/media/D1/ait_users/staff122/deepfake_project/outputs_deepfake_project/dfdc_subset_77_jpg/test/real/real_000819.jpg,0.0,0.9016632437705994,1
/media/D1/ait_users/staff122/deepfake_project/outputs_deepfake_project/dfdc_subset_77_jpg/test/real/real_000820.jpg,0.0,0.8552681803703308,1
/media/D1/ait_users/staff122/deepfake_project/outputs_deepfake_project/dfdc_subset_77_jpg/test/real/real_000821.jpg,0.0,0.7737777233123779,1
/media/D1/ait_users/staff122/deepfake_project/outputs_deepfake_project/dfdc_subset_77_jpg/test/real/real_000822.jpg,0.0,0.9669478535652161,1
/media/D1/ait_users/staff122/deepfake_project/outputs_deepfake_project/dfdc_subset_77_jpg/test/real/real_000823.jpg,0.0,0.9249774813652039,1
/media/D1/ait_users/staff122/deepfake_project/outputs_deepfake_project/dfdc_subset_77_jpg/test/real/real_000824.jpg,0.0,0.8646555542945862,1
/media/D1/ait_users/staff122/deepfake_project/outputs_deepfake_project/dfdc_subset_77_jpg/test/real/real_000825.jpg,0.0,0.2706619203090668,0
/media/D1/ait_users/staff122/deepfake_project/outputs_deepfake_project/dfdc_subset_77_jpg/test/real/real_000826.jpg,0.0,0.6960928440093994,1
/media/D1/ait_users/staff122/deepfake_project/outputs_deepfake_project/dfdc_subset_77_jpg/test/real/real_000827.jpg,0.0,0.29956120252609253,0
/media/D1/ait_users/staff122/deepfake_project/outputs_deepfake_project/dfdc_subset_77_jpg/test/real/real_000828.jpg,0.0,0.8249276876449585,1
/media/D1/ait_users/staff122/deepfake_project/outputs_deepfake_project/dfdc_subset_77_jpg/test/real/real_000829.jpg,0.0,0.9982670545578003,1
/media/D1/ait_users/staff122/deepfake_project/outputs_deepfake_project/dfdc_subset_77_jpg/test/real/real_000830.jpg,0.0,0.9997714161872864,1
/media/D1/ait_users/staff122/deepfake_project/outputs_deepfake_project/dfdc_subset_77_jpg/test/real/real_000831.jpg,0.0,0.8741315007209778,1
/media/D1/ait_users/staff122/deepfake_project/outputs_deepfake_project/dfdc_subset_77_jpg/test/real/real_000832.jpg,0.0,0.9999945163726807,1
/media/D1/ait_users/staff122/deepfake_project/outputs_deepfake_project/dfdc_subset_77_jpg/test/real/real_000833.jpg,0.0,0.9999960660934448,1
/media/D1/ait_users/staff122/deepfake_project/outputs_deepfake_project/dfdc_subset_77_jpg/test/real/real_000834.jpg,0.0,0.9999879598617554,1
/media/D1/ait_users/staff122/deepfake_project/outputs_deepfake_project/dfdc_subset_77_jpg/test/real/real_000835.jpg,0.0,0.993160605430603,1
/media/D1/ait_users/staff122/deepfake_project/outputs_deepfake_project/dfdc_subset_77_jpg/test/real/real_000836.jpg,0.0,0.48868224024772644,0
/media/D1/ait_users/staff122/deepfake_project/outputs_deepfake_project/dfdc_subset_77_jpg/test/real/real_000837.jpg,0.0,0.16783425211906433,0
/media/D1/ait_users/staff122/deepfake_project/outputs_deepfake_project/dfdc_subset_77_jpg/test/real/real_000838.jpg,0.0,0.5326494574546814,1
/media/D1/ait_users/staff122/deepfake_project/outputs_deepfake_project/dfdc_subset_77_jpg/test/real/real_000839.jpg,0.0,0.9999580383300781,1
/media/D1/ait_users/staff122/deepfake_project/outputs_deepfake_project/dfdc_subset_77_jpg/test/real/real_000840.jpg,0.0,0.9999815225601196,1
/media/D1/ait_users/staff122/deepfake_project/outputs_deepfake_project/dfdc_subset_77_jpg/test/real/real_000841.jpg,0.0,0.9997870326042175,1
/media/D1/ait_users/staff122/deepfake_project/outputs_deepfake_project/dfdc_subset_77_jpg/test/real/real_000842.jpg,0.0,0.00701295118778944,0
/media/D1/ait_users/staff122/deepfake_project/outputs_deepfake_project/dfdc_subset_77_jpg/test/real/real_000843.jpg,0.0,0.00011732676648534834,0
/media/D1/ait_users/staff122/deepfake_project/outputs_deepfake_project/dfdc_subset_77_jpg/test/real/real_000844.jpg,0.0,0.00041780894389376044,0
/media/D1/ait_users/staff122/deepfake_project/outputs_deepfake_project/dfdc_subset_77_jpg/test/real/real_000845.jpg,0.0,0.003362359246239066,0
/media/D1/ait_users/staff122/deepfake_project/outputs_deepfake_project/dfdc_subset_77_jpg/test/real/real_000846.jpg,0.0,0.9259076714515686,1
/media/D1/ait_users/staff122/deepfake_project/outputs_deepfake_project/dfdc_subset_77_jpg/test/real/real_000847.jpg,0.0,0.9748559594154358,1
/media/D1/ait_users/staff122/deepfake_project/outputs_deepfake_project/dfdc_subset_77_jpg/test/real/real_000848.jpg,0.0,0.9995131492614746,1
/media/D1/ait_users/staff122/deepfake_project/outputs_deepfake_project/dfdc_subset_77_jpg/test/real/real_000849.jpg,0.0,0.006650947034358978,0
/media/D1/ait_users/staff122/deepfake_project/outputs_deepfake_project/dfdc_subset_77_jpg/test/real/real_000850.jpg,0.0,0.023302162066102028,0
/media/D1/ait_users/staff122/deepfake_project/outputs_deepfake_project/dfdc_subset_77_jpg/test/real/real_000851.jpg,0.0,0.2632562518119812,0
/media/D1/ait_users/staff122/deepfake_project/outputs_deepfake_project/dfdc_subset_77_jpg/test/real/real_000852.jpg,0.0,0.46624669432640076,0
/media/D1/ait_users/staff122/deepfake_project/outputs_deepfake_project/dfdc_subset_77_jpg/test/real/real_000853.jpg,0.0,0.10704465955495834,0
/media/D1/ait_users/staff122/deepfake_project/outputs_deepfake_project/dfdc_subset_77_jpg/test/real/real_000854.jpg,0.0,0.0008856513304635882,0
/media/D1/ait_users/staff122/deepfake_project/outputs_deepfake_project/dfdc_subset_77_jpg/test/real/real_000855.jpg,0.0,0.177961066365242,0
/media/D1/ait_users/staff122/deepfake_project/outputs_deepfake_project/dfdc_subset_77_jpg/test/real/real_000856.jpg,0.0,0.6127969622612,1
/media/D1/ait_users/staff122/deepfake_project/outputs_deepfake_project/dfdc_subset_77_jpg/test/real/real_000857.jpg,0.0,0.0005351048312149942,0
/media/D1/ait_users/staff122/deepfake_project/outputs_deepfake_project/dfdc_subset_77_jpg/test/real/real_000858.jpg,0.0,0.8974429368972778,1
/media/D1/ait_users/staff122/deepfake_project/outputs_deepfake_project/dfdc_subset_77_jpg/test/real/real_000859.jpg,0.0,0.30334821343421936,0
/media/D1/ait_users/staff122/deepfake_project/outputs_deepfake_project/dfdc_subset_77_jpg/test/real/real_000860.jpg,0.0,0.002921267179772258,0
/media/D1/ait_users/staff122/deepfake_project/outputs_deepfake_project/dfdc_subset_77_jpg/test/real/real_000861.jpg,0.0,0.008784109726548195,0
/media/D1/ait_users/staff122/deepfake_project/outputs_deepfake_project/dfdc_subset_77_jpg/test/real/real_000862.jpg,0.0,0.9999984502792358,1
/media/D1/ait_users/staff122/deepfake_project/outputs_deepfake_project/dfdc_subset_77_jpg/test/real/real_000863.jpg,0.0,0.8259359002113342,1
/media/D1/ait_users/staff122/deepfake_project/outputs_deepfake_project/dfdc_subset_77_jpg/test/real/real_000864.jpg,0.0,0.0033233643043786287,0
/media/D1/ait_users/staff122/deepfake_project/outputs_deepfake_project/dfdc_subset_77_jpg/test/real/real_000865.jpg,0.0,2.504270696590538e-06,0
/media/D1/ait_users/staff122/deepfake_project/outputs_deepfake_project/dfdc_subset_77_jpg/test/real/real_000866.jpg,0.0,0.0011804129462689161,0
/media/D1/ait_users/staff122/deepfake_project/outputs_deepfake_project/dfdc_subset_77_jpg/test/real/real_000867.jpg,0.0,0.04588112235069275,0
/media/D1/ait_users/staff122/deepfake_project/outputs_deepfake_project/dfdc_subset_77_jpg/test/real/real_000868.jpg,0.0,0.0011896890355274081,0
/media/D1/ait_users/staff122/deepfake_project/outputs_deepfake_project/dfdc_subset_77_jpg/test/real/real_000869.jpg,0.0,0.005701872054487467,0
/media/D1/ait_users/staff122/deepfake_project/outputs_deepfake_project/dfdc_subset_77_jpg/test/real/real_000870.jpg,0.0,0.00028415792621672153,0
/media/D1/ait_users/staff122/deepfake_project/outputs_deepfake_project/dfdc_subset_77_jpg/test/real/real_000871.jpg,0.0,1.998571678996086e-05,0
/media/D1/ait_users/staff122/deepfake_project/outputs_deepfake_project/dfdc_subset_77_jpg/test/real/real_000872.jpg,0.0,0.00017864105757325888,0
/media/D1/ait_users/staff122/deepfake_project/outputs_deepfake_project/dfdc_subset_77_jpg/test/real/real_000873.jpg,0.0,0.926703155040741,1
/media/D1/ait_users/staff122/deepfake_project/outputs_deepfake_project/dfdc_subset_77_jpg/test/real/real_000874.jpg,0.0,0.03211620822548866,0
/media/D1/ait_users/staff122/deepfake_project/outputs_deepfake_project/dfdc_subset_77_jpg/test/real/real_000875.jpg,0.0,0.019024256616830826,0
/media/D1/ait_users/staff122/deepfake_project/outputs_deepfake_project/dfdc_subset_77_jpg/test/real/real_000876.jpg,0.0,2.652441617101431e-05,0
/media/D1/ait_users/staff122/deepfake_project/outputs_deepfake_project/dfdc_subset_77_jpg/test/real/real_000877.jpg,0.0,0.0001038422342389822,0
/media/D1/ait_users/staff122/deepfake_project/outputs_deepfake_project/dfdc_subset_77_jpg/test/real/real_000878.jpg,0.0,0.00017714938439894468,0
/media/D1/ait_users/staff122/deepfake_project/outputs_deepfake_project/dfdc_subset_77_jpg/test/real/real_000879.jpg,0.0,0.0728195533156395,0
/media/D1/ait_users/staff122/deepfake_project/outputs_deepfake_project/dfdc_subset_77_jpg/test/real/real_000880.jpg,0.0,0.011716628447175026,0
/media/D1/ait_users/staff122/deepfake_project/outputs_deepfake_project/dfdc_subset_77_jpg/test/real/real_000881.jpg,0.0,0.011494725942611694,0
/media/D1/ait_users/staff122/deepfake_project/outputs_deepfake_project/dfdc_subset_77_jpg/test/real/real_000882.jpg,0.0,0.0007637572707608342,0
/media/D1/ait_users/staff122/deepfake_project/outputs_deepfake_project/dfdc_subset_77_jpg/test/real/real_000883.jpg,0.0,0.005093343090265989,0
/media/D1/ait_users/staff122/deepfake_project/outputs_deepfake_project/dfdc_subset_77_jpg/test/real/real_000884.jpg,0.0,0.638207197189331,1
/media/D1/ait_users/staff122/deepfake_project/outputs_deepfake_project/dfdc_subset_77_jpg/test/real/real_000885.jpg,0.0,0.004248704295605421,0
/media/D1/ait_users/staff122/deepfake_project/outputs_deepfake_project/dfdc_subset_77_jpg/test/real/real_000886.jpg,0.0,0.001672358368523419,0
/media/D1/ait_users/staff122/deepfake_project/outputs_deepfake_project/dfdc_subset_77_jpg/test/real/real_000887.jpg,0.0,0.00042246837983839214,0
/media/D1/ait_users/staff122/deepfake_project/outputs_deepfake_project/dfdc_subset_77_jpg/test/real/real_000888.jpg,0.0,0.007190713658928871,0
/media/D1/ait_users/staff122/deepfake_project/outputs_deepfake_project/dfdc_subset_77_jpg/test/real/real_000889.jpg,0.0,0.9623717665672302,1
/media/D1/ait_users/staff122/deepfake_project/outputs_deepfake_project/dfdc_subset_77_jpg/test/real/real_000890.jpg,0.0,0.02829332835972309,0
/media/D1/ait_users/staff122/deepfake_project/outputs_deepfake_project/dfdc_subset_77_jpg/test/real/real_000891.jpg,0.0,0.8743979930877686,1
/media/D1/ait_users/staff122/deepfake_project/outputs_deepfake_project/dfdc_subset_77_jpg/test/real/real_000892.jpg,0.0,0.019036442041397095,0
/media/D1/ait_users/staff122/deepfake_project/outputs_deepfake_project/dfdc_subset_77_jpg/test/real/real_000893.jpg,0.0,2.4791610485408455e-05,0
/media/D1/ait_users/staff122/deepfake_project/outputs_deepfake_project/dfdc_subset_77_jpg/test/real/real_000894.jpg,0.0,0.002889077877625823,0
/media/D1/ait_users/staff122/deepfake_project/outputs_deepfake_project/dfdc_subset_77_jpg/test/real/real_000895.jpg,0.0,0.002858005231246352,0
/media/D1/ait_users/staff122/deepfake_project/outputs_deepfake_project/dfdc_subset_77_jpg/test/real/real_000896.jpg,0.0,0.9101574420928955,1
/media/D1/ait_users/staff122/deepfake_project/outputs_deepfake_project/dfdc_subset_77_jpg/test/real/real_000897.jpg,0.0,0.01274734828621149,0
/media/D1/ait_users/staff122/deepfake_project/outputs_deepfake_project/dfdc_subset_77_jpg/test/real/real_000898.jpg,0.0,0.020951246842741966,0
/media/D1/ait_users/staff122/deepfake_project/outputs_deepfake_project/dfdc_subset_77_jpg/test/real/real_000899.jpg,0.0,0.2769283950328827,0
/media/D1/ait_users/staff122/deepfake_project/outputs_deepfake_project/dfdc_subset_77_jpg/test/real/real_000900.jpg,0.0,0.8516270518302917,1
/media/D1/ait_users/staff122/deepfake_project/outputs_deepfake_project/dfdc_subset_77_jpg/test/real/real_000901.jpg,0.0,0.767047107219696,1
/media/D1/ait_users/staff122/deepfake_project/outputs_deepfake_project/dfdc_subset_77_jpg/test/real/real_000902.jpg,0.0,0.917759895324707,1
/media/D1/ait_users/staff122/deepfake_project/outputs_deepfake_project/dfdc_subset_77_jpg/test/real/real_000903.jpg,0.0,0.08539798855781555,0
/media/D1/ait_users/staff122/deepfake_project/outputs_deepfake_project/dfdc_subset_77_jpg/test/real/real_000904.jpg,0.0,0.9699962139129639,1
/media/D1/ait_users/staff122/deepfake_project/outputs_deepfake_project/dfdc_subset_77_jpg/test/real/real_000905.jpg,0.0,0.24814267456531525,0
/media/D1/ait_users/staff122/deepfake_project/outputs_deepfake_project/dfdc_subset_77_jpg/test/real/real_000906.jpg,0.0,0.012629342265427113,0
/media/D1/ait_users/staff122/deepfake_project/outputs_deepfake_project/dfdc_subset_77_jpg/test/real/real_000907.jpg,0.0,0.6657879948616028,1
/media/D1/ait_users/staff122/deepfake_project/outputs_deepfake_project/dfdc_subset_77_jpg/test/real/real_000908.jpg,0.0,0.6434275507926941,1
/media/D1/ait_users/staff122/deepfake_project/outputs_deepfake_project/dfdc_subset_77_jpg/test/real/real_000909.jpg,0.0,0.9194816946983337,1
/media/D1/ait_users/staff122/deepfake_project/outputs_deepfake_project/dfdc_subset_77_jpg/test/real/real_000910.jpg,0.0,0.016647029668092728,0
/media/D1/ait_users/staff122/deepfake_project/outputs_deepfake_project/dfdc_subset_77_jpg/test/real/real_000911.jpg,0.0,0.08173970878124237,0
/media/D1/ait_users/staff122/deepfake_project/outputs_deepfake_project/dfdc_subset_77_jpg/test/real/real_000912.jpg,0.0,0.36874982714653015,0
/media/D1/ait_users/staff122/deepfake_project/outputs_deepfake_project/dfdc_subset_77_jpg/test/real/real_000913.jpg,0.0,0.3014422655105591,0
/media/D1/ait_users/staff122/deepfake_project/outputs_deepfake_project/dfdc_subset_77_jpg/test/real/real_000914.jpg,0.0,0.5765671730041504,1
/media/D1/ait_users/staff122/deepfake_project/outputs_deepfake_project/dfdc_subset_77_jpg/test/real/real_000915.jpg,0.0,0.7376787066459656,1
/media/D1/ait_users/staff122/deepfake_project/outputs_deepfake_project/dfdc_subset_77_jpg/test/real/real_000916.jpg,0.0,0.04694412276148796,0
/media/D1/ait_users/staff122/deepfake_project/outputs_deepfake_project/dfdc_subset_77_jpg/test/real/real_000917.jpg,0.0,0.37646687030792236,0
/media/D1/ait_users/staff122/deepfake_project/outputs_deepfake_project/dfdc_subset_77_jpg/test/real/real_000918.jpg,0.0,0.40060409903526306,0
/media/D1/ait_users/staff122/deepfake_project/outputs_deepfake_project/dfdc_subset_77_jpg/test/real/real_000919.jpg,0.0,0.9546379446983337,1
/media/D1/ait_users/staff122/deepfake_project/outputs_deepfake_project/dfdc_subset_77_jpg/test/real/real_000920.jpg,0.0,0.07527334243059158,0
/media/D1/ait_users/staff122/deepfake_project/outputs_deepfake_project/dfdc_subset_77_jpg/test/real/real_000921.jpg,0.0,0.9140753746032715,1
/media/D1/ait_users/staff122/deepfake_project/outputs_deepfake_project/dfdc_subset_77_jpg/test/real/real_000922.jpg,0.0,0.9880375862121582,1
/media/D1/ait_users/staff122/deepfake_project/outputs_deepfake_project/dfdc_subset_77_jpg/test/real/real_000923.jpg,0.0,0.7977806925773621,1
/media/D1/ait_users/staff122/deepfake_project/outputs_deepfake_project/dfdc_subset_77_jpg/test/real/real_000924.jpg,0.0,0.027594570070505142,0
/media/D1/ait_users/staff122/deepfake_project/outputs_deepfake_project/dfdc_subset_77_jpg/test/real/real_000925.jpg,0.0,0.4182644784450531,0
/media/D1/ait_users/staff122/deepfake_project/outputs_deepfake_project/dfdc_subset_77_jpg/test/real/real_000926.jpg,0.0,0.23305946588516235,0
/media/D1/ait_users/staff122/deepfake_project/outputs_deepfake_project/dfdc_subset_77_jpg/test/real/real_000927.jpg,0.0,0.0032636760734021664,0
/media/D1/ait_users/staff122/deepfake_project/outputs_deepfake_project/dfdc_subset_77_jpg/test/real/real_000928.jpg,0.0,0.9999896287918091,1
/media/D1/ait_users/staff122/deepfake_project/outputs_deepfake_project/dfdc_subset_77_jpg/test/real/real_000929.jpg,0.0,0.9999898672103882,1
/media/D1/ait_users/staff122/deepfake_project/outputs_deepfake_project/dfdc_subset_77_jpg/test/real/real_000930.jpg,0.0,0.9999760389328003,1
/media/D1/ait_users/staff122/deepfake_project/outputs_deepfake_project/dfdc_subset_77_jpg/test/real/real_000931.jpg,0.0,0.00705829868093133,0
/media/D1/ait_users/staff122/deepfake_project/outputs_deepfake_project/dfdc_subset_77_jpg/test/real/real_000932.jpg,0.0,0.9999855756759644,1
/media/D1/ait_users/staff122/deepfake_project/outputs_deepfake_project/dfdc_subset_77_jpg/test/real/real_000933.jpg,0.0,0.02325349859893322,0
/media/D1/ait_users/staff122/deepfake_project/outputs_deepfake_project/dfdc_subset_77_jpg/test/real/real_000934.jpg,0.0,0.999987006187439,1
/media/D1/ait_users/staff122/deepfake_project/outputs_deepfake_project/dfdc_subset_77_jpg/test/real/real_000935.jpg,0.0,0.00396178662776947,0
/media/D1/ait_users/staff122/deepfake_project/outputs_deepfake_project/dfdc_subset_77_jpg/test/real/real_000936.jpg,0.0,0.9999788999557495,1
/media/D1/ait_users/staff122/deepfake_project/outputs_deepfake_project/dfdc_subset_77_jpg/test/real/real_000937.jpg,0.0,0.9999994039535522,1
/media/D1/ait_users/staff122/deepfake_project/outputs_deepfake_project/dfdc_subset_77_jpg/test/real/real_000938.jpg,0.0,0.001083957962691784,0
/media/D1/ait_users/staff122/deepfake_project/outputs_deepfake_project/dfdc_subset_77_jpg/test/real/real_000939.jpg,0.0,0.0011851692106574774,0
/media/D1/ait_users/staff122/deepfake_project/outputs_deepfake_project/dfdc_subset_77_jpg/test/real/real_000940.jpg,0.0,0.0023914319463074207,0
/media/D1/ait_users/staff122/deepfake_project/outputs_deepfake_project/dfdc_subset_77_jpg/test/real/real_000941.jpg,0.0,0.9999819993972778,1
/media/D1/ait_users/staff122/deepfake_project/outputs_deepfake_project/dfdc_subset_77_jpg/test/real/real_000942.jpg,0.0,0.9999959468841553,1
/media/D1/ait_users/staff122/deepfake_project/outputs_deepfake_project/dfdc_subset_77_jpg/test/real/real_000943.jpg,0.0,0.8875367641448975,1
/media/D1/ait_users/staff122/deepfake_project/outputs_deepfake_project/dfdc_subset_77_jpg/test/real/real_000944.jpg,0.0,0.9999756813049316,1
/media/D1/ait_users/staff122/deepfake_project/outputs_deepfake_project/dfdc_subset_77_jpg/test/real/real_000945.jpg,0.0,0.9999880790710449,1
/media/D1/ait_users/staff122/deepfake_project/outputs_deepfake_project/dfdc_subset_77_jpg/test/real/real_000946.jpg,0.0,0.0003596099268179387,0
/media/D1/ait_users/staff122/deepfake_project/outputs_deepfake_project/dfdc_subset_77_jpg/test/real/real_000947.jpg,0.0,0.03396597132086754,0
/media/D1/ait_users/staff122/deepfake_project/outputs_deepfake_project/dfdc_subset_77_jpg/test/real/real_000948.jpg,0.0,0.999954104423523,1
/media/D1/ait_users/staff122/deepfake_project/outputs_deepfake_project/dfdc_subset_77_jpg/test/real/real_000949.jpg,0.0,0.003077563364058733,0
/media/D1/ait_users/staff122/deepfake_project/outputs_deepfake_project/dfdc_subset_77_jpg/test/real/real_000950.jpg,0.0,0.0008207642240449786,0
/media/D1/ait_users/staff122/deepfake_project/outputs_deepfake_project/dfdc_subset_77_jpg/test/real/real_000951.jpg,0.0,0.04830998554825783,0
/media/D1/ait_users/staff122/deepfake_project/outputs_deepfake_project/dfdc_subset_77_jpg/test/real/real_000952.jpg,0.0,0.033406104892492294,0
/media/D1/ait_users/staff122/deepfake_project/outputs_deepfake_project/dfdc_subset_77_jpg/test/real/real_000953.jpg,0.0,0.9999872446060181,1
/media/D1/ait_users/staff122/deepfake_project/outputs_deepfake_project/dfdc_subset_77_jpg/test/real/real_000954.jpg,0.0,0.0021519912406802177,0
/media/D1/ait_users/staff122/deepfake_project/outputs_deepfake_project/dfdc_subset_77_jpg/test/real/real_000955.jpg,0.0,0.009522161446511745,0
/media/D1/ait_users/staff122/deepfake_project/outputs_deepfake_project/dfdc_subset_77_jpg/test/real/real_000956.jpg,0.0,0.9999977350234985,1
/media/D1/ait_users/staff122/deepfake_project/outputs_deepfake_project/dfdc_subset_77_jpg/test/real/real_000957.jpg,0.0,0.21959008276462555,0
/media/D1/ait_users/staff122/deepfake_project/outputs_deepfake_project/dfdc_subset_77_jpg/test/real/real_000958.jpg,0.0,0.900300920009613,1
/media/D1/ait_users/staff122/deepfake_project/outputs_deepfake_project/dfdc_subset_77_jpg/test/real/real_000959.jpg,0.0,0.9999942779541016,1
/media/D1/ait_users/staff122/deepfake_project/outputs_deepfake_project/dfdc_subset_77_jpg/test/real/real_000960.jpg,0.0,1.9789573343587108e-05,0
/media/D1/ait_users/staff122/deepfake_project/outputs_deepfake_project/dfdc_subset_77_jpg/test/real/real_000961.jpg,0.0,0.0002779503702186048,0
/media/D1/ait_users/staff122/deepfake_project/outputs_deepfake_project/dfdc_subset_77_jpg/test/real/real_000962.jpg,0.0,0.00039681894122622907,0
/media/D1/ait_users/staff122/deepfake_project/outputs_deepfake_project/dfdc_subset_77_jpg/test/real/real_000963.jpg,0.0,8.180722943507135e-05,0
/media/D1/ait_users/staff122/deepfake_project/outputs_deepfake_project/dfdc_subset_77_jpg/test/real/real_000964.jpg,0.0,0.002772461622953415,0
/media/D1/ait_users/staff122/deepfake_project/outputs_deepfake_project/dfdc_subset_77_jpg/test/real/real_000965.jpg,0.0,0.00027203786885365844,0
/media/D1/ait_users/staff122/deepfake_project/outputs_deepfake_project/dfdc_subset_77_jpg/test/real/real_000966.jpg,0.0,0.00030318344943225384,0
/media/D1/ait_users/staff122/deepfake_project/outputs_deepfake_project/dfdc_subset_77_jpg/test/real/real_000967.jpg,0.0,0.00010004635987570509,0
/media/D1/ait_users/staff122/deepfake_project/outputs_deepfake_project/dfdc_subset_77_jpg/test/real/real_000968.jpg,0.0,0.007075675297528505,0
/media/D1/ait_users/staff122/deepfake_project/outputs_deepfake_project/dfdc_subset_77_jpg/test/real/real_000969.jpg,0.0,0.0011541827116161585,0
/media/D1/ait_users/staff122/deepfake_project/outputs_deepfake_project/dfdc_subset_77_jpg/test/real/real_000970.jpg,0.0,0.0001337209832854569,0
/media/D1/ait_users/staff122/deepfake_project/outputs_deepfake_project/dfdc_subset_77_jpg/test/real/real_000971.jpg,0.0,0.0014952445635572076,0
/media/D1/ait_users/staff122/deepfake_project/outputs_deepfake_project/dfdc_subset_77_jpg/test/real/real_000972.jpg,0.0,0.0005932502681389451,0
/media/D1/ait_users/staff122/deepfake_project/outputs_deepfake_project/dfdc_subset_77_jpg/test/real/real_000973.jpg,0.0,0.00012486297055147588,0
/media/D1/ait_users/staff122/deepfake_project/outputs_deepfake_project/dfdc_subset_77_jpg/test/real/real_000974.jpg,0.0,3.3672557037789375e-05,0
/media/D1/ait_users/staff122/deepfake_project/outputs_deepfake_project/dfdc_subset_77_jpg/test/real/real_000975.jpg,0.0,6.747747829649597e-05,0
/media/D1/ait_users/staff122/deepfake_project/outputs_deepfake_project/dfdc_subset_77_jpg/test/real/real_000976.jpg,0.0,3.782246494665742e-05,0
/media/D1/ait_users/staff122/deepfake_project/outputs_deepfake_project/dfdc_subset_77_jpg/test/real/real_000977.jpg,0.0,2.9973101845826022e-05,0
/media/D1/ait_users/staff122/deepfake_project/outputs_deepfake_project/dfdc_subset_77_jpg/test/real/real_000978.jpg,0.0,0.00018870440544560552,0
/media/D1/ait_users/staff122/deepfake_project/outputs_deepfake_project/dfdc_subset_77_jpg/test/real/real_000979.jpg,0.0,3.082632611040026e-05,0
/media/D1/ait_users/staff122/deepfake_project/outputs_deepfake_project/dfdc_subset_77_jpg/test/real/real_000980.jpg,0.0,2.5420531528652646e-06,0
/media/D1/ait_users/staff122/deepfake_project/outputs_deepfake_project/dfdc_subset_77_jpg/test/real/real_000981.jpg,0.0,0.0001990585878957063,0
/media/D1/ait_users/staff122/deepfake_project/outputs_deepfake_project/dfdc_subset_77_jpg/test/real/real_000982.jpg,0.0,5.955118467682041e-05,0
/media/D1/ait_users/staff122/deepfake_project/outputs_deepfake_project/dfdc_subset_77_jpg/test/real/real_000983.jpg,0.0,1.8083135273627704e-06,0
/media/D1/ait_users/staff122/deepfake_project/outputs_deepfake_project/dfdc_subset_77_jpg/test/real/real_000984.jpg,0.0,0.0012525771744549274,0
/media/D1/ait_users/staff122/deepfake_project/outputs_deepfake_project/dfdc_subset_77_jpg/test/real/real_000985.jpg,0.0,6.094668606237974e-06,0
/media/D1/ait_users/staff122/deepfake_project/outputs_deepfake_project/dfdc_subset_77_jpg/test/real/real_000986.jpg,0.0,3.010189175256528e-05,0
/media/D1/ait_users/staff122/deepfake_project/outputs_deepfake_project/dfdc_subset_77_jpg/test/real/real_000987.jpg,0.0,2.3079844595486065e-06,0
/media/D1/ait_users/staff122/deepfake_project/outputs_deepfake_project/dfdc_subset_77_jpg/test/real/real_000988.jpg,0.0,0.00048005784628912807,0
/media/D1/ait_users/staff122/deepfake_project/outputs_deepfake_project/dfdc_subset_77_jpg/test/real/real_000989.jpg,0.0,2.5381482373632025e-06,0
/media/D1/ait_users/staff122/deepfake_project/outputs_deepfake_project/dfdc_subset_77_jpg/test/real/real_000990.jpg,0.0,1.797381446522195e-05,0
/media/D1/ait_users/staff122/deepfake_project/outputs_deepfake_project/dfdc_subset_77_jpg/test/real/real_000991.jpg,0.0,1.0407301260784152e-06,0
/media/D1/ait_users/staff122/deepfake_project/outputs_deepfake_project/dfdc_subset_77_jpg/test/real/real_000992.jpg,0.0,0.8087263703346252,1
/media/D1/ait_users/staff122/deepfake_project/outputs_deepfake_project/dfdc_subset_77_jpg/test/real/real_000993.jpg,0.0,0.9774647951126099,1
/media/D1/ait_users/staff122/deepfake_project/outputs_deepfake_project/dfdc_subset_77_jpg/test/real/real_000994.jpg,0.0,0.8908409476280212,1
/media/D1/ait_users/staff122/deepfake_project/outputs_deepfake_project/dfdc_subset_77_jpg/test/real/real_000995.jpg,0.0,0.9436502456665039,1
/media/D1/ait_users/staff122/deepfake_project/outputs_deepfake_project/dfdc_subset_77_jpg/test/real/real_000996.jpg,0.0,0.9589473605155945,1
/media/D1/ait_users/staff122/deepfake_project/outputs_deepfake_project/dfdc_subset_77_jpg/test/real/real_000997.jpg,0.0,0.9803255796432495,1
/media/D1/ait_users/staff122/deepfake_project/outputs_deepfake_project/dfdc_subset_77_jpg/test/real/real_000998.jpg,0.0,0.9700078964233398,1
/media/D1/ait_users/staff122/deepfake_project/outputs_deepfake_project/dfdc_subset_77_jpg/test/real/real_000999.jpg,0.0,0.9545716047286987,1
/media/D1/ait_users/staff122/deepfake_project/outputs_deepfake_project/dfdc_subset_77_jpg/test/real/real_001000.jpg,0.0,0.9652577042579651,1
/media/D1/ait_users/staff122/deepfake_project/outputs_deepfake_project/dfdc_subset_77_jpg/test/real/real_001001.jpg,0.0,0.9567801356315613,1
/media/D1/ait_users/staff122/deepfake_project/outputs_deepfake_project/dfdc_subset_77_jpg/test/real/real_001002.jpg,0.0,0.9759078025817871,1
/media/D1/ait_users/staff122/deepfake_project/outputs_deepfake_project/dfdc_subset_77_jpg/test/real/real_001003.jpg,0.0,0.9764181971549988,1
/media/D1/ait_users/staff122/deepfake_project/outputs_deepfake_project/dfdc_subset_77_jpg/test/real/real_001004.jpg,0.0,0.9709534049034119,1
/media/D1/ait_users/staff122/deepfake_project/outputs_deepfake_project/dfdc_subset_77_jpg/test/real/real_001005.jpg,0.0,0.9595431089401245,1
/media/D1/ait_users/staff122/deepfake_project/outputs_deepfake_project/dfdc_subset_77_jpg/test/real/real_001006.jpg,0.0,0.899215042591095,1
/media/D1/ait_users/staff122/deepfake_project/outputs_deepfake_project/dfdc_subset_77_jpg/test/real/real_001007.jpg,0.0,0.960283100605011,1
/media/D1/ait_users/staff122/deepfake_project/outputs_deepfake_project/dfdc_subset_77_jpg/test/real/real_001008.jpg,0.0,0.9918336868286133,1
/media/D1/ait_users/staff122/deepfake_project/outputs_deepfake_project/dfdc_subset_77_jpg/test/real/real_001009.jpg,0.0,0.5499094724655151,1
/media/D1/ait_users/staff122/deepfake_project/outputs_deepfake_project/dfdc_subset_77_jpg/test/real/real_001010.jpg,0.0,0.9826925992965698,1
/media/D1/ait_users/staff122/deepfake_project/outputs_deepfake_project/dfdc_subset_77_jpg/test/real/real_001011.jpg,0.0,0.9861342310905457,1
/media/D1/ait_users/staff122/deepfake_project/outputs_deepfake_project/dfdc_subset_77_jpg/test/real/real_001012.jpg,0.0,0.7775900363922119,1
/media/D1/ait_users/staff122/deepfake_project/outputs_deepfake_project/dfdc_subset_77_jpg/test/real/real_001013.jpg,0.0,0.8109051585197449,1
/media/D1/ait_users/staff122/deepfake_project/outputs_deepfake_project/dfdc_subset_77_jpg/test/real/real_001014.jpg,0.0,0.9991620779037476,1
/media/D1/ait_users/staff122/deepfake_project/outputs_deepfake_project/dfdc_subset_77_jpg/test/real/real_001015.jpg,0.0,0.9867744445800781,1
/media/D1/ait_users/staff122/deepfake_project/outputs_deepfake_project/dfdc_subset_77_jpg/test/real/real_001016.jpg,0.0,0.9982072114944458,1
/media/D1/ait_users/staff122/deepfake_project/outputs_deepfake_project/dfdc_subset_77_jpg/test/real/real_001017.jpg,0.0,0.9341318011283875,1
/media/D1/ait_users/staff122/deepfake_project/outputs_deepfake_project/dfdc_subset_77_jpg/test/real/real_001018.jpg,0.0,0.8412913084030151,1
/media/D1/ait_users/staff122/deepfake_project/outputs_deepfake_project/dfdc_subset_77_jpg/test/real/real_001019.jpg,0.0,0.929148256778717,1
/media/D1/ait_users/staff122/deepfake_project/outputs_deepfake_project/dfdc_subset_77_jpg/test/real/real_001020.jpg,0.0,0.9987801909446716,1
/media/D1/ait_users/staff122/deepfake_project/outputs_deepfake_project/dfdc_subset_77_jpg/test/real/real_001021.jpg,0.0,0.9528517723083496,1
/media/D1/ait_users/staff122/deepfake_project/outputs_deepfake_project/dfdc_subset_77_jpg/test/real/real_001022.jpg,0.0,0.9537761211395264,1
/media/D1/ait_users/staff122/deepfake_project/outputs_deepfake_project/dfdc_subset_77_jpg/test/real/real_001023.jpg,0.0,0.9867092967033386,1
/media/D1/ait_users/staff122/deepfake_project/outputs_deepfake_project/dfdc_subset_77_jpg/test/real/real_001024.jpg,0.0,5.945625525782816e-05,0
/media/D1/ait_users/staff122/deepfake_project/outputs_deepfake_project/dfdc_subset_77_jpg/test/real/real_001025.jpg,0.0,0.00010084845416713506,0
/media/D1/ait_users/staff122/deepfake_project/outputs_deepfake_project/dfdc_subset_77_jpg/test/real/real_001026.jpg,0.0,0.9639245271682739,1
/media/D1/ait_users/staff122/deepfake_project/outputs_deepfake_project/dfdc_subset_77_jpg/test/real/real_001027.jpg,0.0,2.0305162252043374e-05,0
/media/D1/ait_users/staff122/deepfake_project/outputs_deepfake_project/dfdc_subset_77_jpg/test/real/real_001028.jpg,0.0,1.2025279829686042e-05,0
/media/D1/ait_users/staff122/deepfake_project/outputs_deepfake_project/dfdc_subset_77_jpg/test/real/real_001029.jpg,0.0,9.468718053540215e-05,0
/media/D1/ait_users/staff122/deepfake_project/outputs_deepfake_project/dfdc_subset_77_jpg/test/real/real_001030.jpg,0.0,0.00115361122880131,0
/media/D1/ait_users/staff122/deepfake_project/outputs_deepfake_project/dfdc_subset_77_jpg/test/real/real_001031.jpg,0.0,0.00025722733698785305,0
/media/D1/ait_users/staff122/deepfake_project/outputs_deepfake_project/dfdc_subset_77_jpg/test/real/real_001032.jpg,0.0,0.0016750848153606057,0
/media/D1/ait_users/staff122/deepfake_project/outputs_deepfake_project/dfdc_subset_77_jpg/test/real/real_001033.jpg,0.0,5.7338089391123503e-05,0
/media/D1/ait_users/staff122/deepfake_project/outputs_deepfake_project/dfdc_subset_77_jpg/test/real/real_001034.jpg,0.0,0.0005313146975822747,0
/media/D1/ait_users/staff122/deepfake_project/outputs_deepfake_project/dfdc_subset_77_jpg/test/real/real_001035.jpg,0.0,0.0035170475021004677,0
/media/D1/ait_users/staff122/deepfake_project/outputs_deepfake_project/dfdc_subset_77_jpg/test/real/real_001036.jpg,0.0,0.977618396282196,1
/media/D1/ait_users/staff122/deepfake_project/outputs_deepfake_project/dfdc_subset_77_jpg/test/real/real_001037.jpg,0.0,0.0016979704378172755,0
/media/D1/ait_users/staff122/deepfake_project/outputs_deepfake_project/dfdc_subset_77_jpg/test/real/real_001038.jpg,0.0,0.9877060055732727,1
/media/D1/ait_users/staff122/deepfake_project/outputs_deepfake_project/dfdc_subset_77_jpg/test/real/real_001039.jpg,0.0,0.00012688807328231633,0
/media/D1/ait_users/staff122/deepfake_project/outputs_deepfake_project/dfdc_subset_77_jpg/test/real/real_001040.jpg,0.0,0.00012933340622112155,0
/media/D1/ait_users/staff122/deepfake_project/outputs_deepfake_project/dfdc_subset_77_jpg/test/real/real_001041.jpg,0.0,0.0003152664576191455,0
/media/D1/ait_users/staff122/deepfake_project/outputs_deepfake_project/dfdc_subset_77_jpg/test/real/real_001042.jpg,0.0,0.00020299528841860592,0
/media/D1/ait_users/staff122/deepfake_project/outputs_deepfake_project/dfdc_subset_77_jpg/test/real/real_001043.jpg,0.0,3.272457615821622e-05,0
/media/D1/ait_users/staff122/deepfake_project/outputs_deepfake_project/dfdc_subset_77_jpg/test/real/real_001044.jpg,0.0,0.0005971455248072743,0
/media/D1/ait_users/staff122/deepfake_project/outputs_deepfake_project/dfdc_subset_77_jpg/test/real/real_001045.jpg,0.0,0.023960676044225693,0
/media/D1/ait_users/staff122/deepfake_project/outputs_deepfake_project/dfdc_subset_77_jpg/test/real/real_001046.jpg,0.0,0.07324021309614182,0
/media/D1/ait_users/staff122/deepfake_project/outputs_deepfake_project/dfdc_subset_77_jpg/test/real/real_001047.jpg,0.0,0.0006605772068724036,0
/media/D1/ait_users/staff122/deepfake_project/outputs_deepfake_project/dfdc_subset_77_jpg/test/real/real_001048.jpg,0.0,0.00016863489872775972,0
/media/D1/ait_users/staff122/deepfake_project/outputs_deepfake_project/dfdc_subset_77_jpg/test/real/real_001049.jpg,0.0,0.000375455740140751,0
/media/D1/ait_users/staff122/deepfake_project/outputs_deepfake_project/dfdc_subset_77_jpg/test/real/real_001050.jpg,0.0,0.9523198008537292,1
/media/D1/ait_users/staff122/deepfake_project/outputs_deepfake_project/dfdc_subset_77_jpg/test/real/real_001051.jpg,0.0,0.0515037477016449,0
/media/D1/ait_users/staff122/deepfake_project/outputs_deepfake_project/dfdc_subset_77_jpg/test/real/real_001052.jpg,0.0,0.12589511275291443,0
/media/D1/ait_users/staff122/deepfake_project/outputs_deepfake_project/dfdc_subset_77_jpg/test/real/real_001053.jpg,0.0,0.0006853293161839247,0
/media/D1/ait_users/staff122/deepfake_project/outputs_deepfake_project/dfdc_subset_77_jpg/test/real/real_001054.jpg,0.0,0.0015639927005395293,0
/media/D1/ait_users/staff122/deepfake_project/outputs_deepfake_project/dfdc_subset_77_jpg/test/real/real_001055.jpg,0.0,7.97304674051702e-05,0
/media/D1/ait_users/staff122/deepfake_project/outputs_deepfake_project/dfdc_subset_77_jpg/test/real/real_001056.jpg,0.0,0.8068889379501343,1
/media/D1/ait_users/staff122/deepfake_project/outputs_deepfake_project/dfdc_subset_77_jpg/test/real/real_001057.jpg,0.0,0.9491642117500305,1
/media/D1/ait_users/staff122/deepfake_project/outputs_deepfake_project/dfdc_subset_77_jpg/test/real/real_001058.jpg,0.0,0.8142222166061401,1
/media/D1/ait_users/staff122/deepfake_project/outputs_deepfake_project/dfdc_subset_77_jpg/test/real/real_001059.jpg,0.0,0.9988058805465698,1
/media/D1/ait_users/staff122/deepfake_project/outputs_deepfake_project/dfdc_subset_77_jpg/test/real/real_001060.jpg,0.0,0.8695277571678162,1
/media/D1/ait_users/staff122/deepfake_project/outputs_deepfake_project/dfdc_subset_77_jpg/test/real/real_001061.jpg,0.0,0.8354190587997437,1
/media/D1/ait_users/staff122/deepfake_project/outputs_deepfake_project/dfdc_subset_77_jpg/test/real/real_001062.jpg,0.0,0.9986190795898438,1
/media/D1/ait_users/staff122/deepfake_project/outputs_deepfake_project/dfdc_subset_77_jpg/test/real/real_001063.jpg,0.0,0.8814315795898438,1
/media/D1/ait_users/staff122/deepfake_project/outputs_deepfake_project/dfdc_subset_77_jpg/test/real/real_001064.jpg,0.0,0.9146057963371277,1
/media/D1/ait_users/staff122/deepfake_project/outputs_deepfake_project/dfdc_subset_77_jpg/test/real/real_001065.jpg,0.0,0.9437565207481384,1
/media/D1/ait_users/staff122/deepfake_project/outputs_deepfake_project/dfdc_subset_77_jpg/test/real/real_001066.jpg,0.0,0.7677082419395447,1
/media/D1/ait_users/staff122/deepfake_project/outputs_deepfake_project/dfdc_subset_77_jpg/test/real/real_001067.jpg,0.0,0.9993385672569275,1
/media/D1/ait_users/staff122/deepfake_project/outputs_deepfake_project/dfdc_subset_77_jpg/test/real/real_001068.jpg,0.0,0.9996724128723145,1
/media/D1/ait_users/staff122/deepfake_project/outputs_deepfake_project/dfdc_subset_77_jpg/test/real/real_001069.jpg,0.0,0.8962995409965515,1
/media/D1/ait_users/staff122/deepfake_project/outputs_deepfake_project/dfdc_subset_77_jpg/test/real/real_001070.jpg,0.0,0.8378047347068787,1
/media/D1/ait_users/staff122/deepfake_project/outputs_deepfake_project/dfdc_subset_77_jpg/test/real/real_001071.jpg,0.0,0.8849683403968811,1
/media/D1/ait_users/staff122/deepfake_project/outputs_deepfake_project/dfdc_subset_77_jpg/test/real/real_001072.jpg,0.0,0.9993162155151367,1
/media/D1/ait_users/staff122/deepfake_project/outputs_deepfake_project/dfdc_subset_77_jpg/test/real/real_001073.jpg,0.0,0.7804090976715088,1
/media/D1/ait_users/staff122/deepfake_project/outputs_deepfake_project/dfdc_subset_77_jpg/test/real/real_001074.jpg,0.0,0.995465874671936,1
/media/D1/ait_users/staff122/deepfake_project/outputs_deepfake_project/dfdc_subset_77_jpg/test/real/real_001075.jpg,0.0,0.8093958497047424,1
/media/D1/ait_users/staff122/deepfake_project/outputs_deepfake_project/dfdc_subset_77_jpg/test/real/real_001076.jpg,0.0,0.7173921465873718,1
/media/D1/ait_users/staff122/deepfake_project/outputs_deepfake_project/dfdc_subset_77_jpg/test/real/real_001077.jpg,0.0,0.8059055209159851,1
/media/D1/ait_users/staff122/deepfake_project/outputs_deepfake_project/dfdc_subset_77_jpg/test/real/real_001078.jpg,0.0,0.8018078804016113,1
/media/D1/ait_users/staff122/deepfake_project/outputs_deepfake_project/dfdc_subset_77_jpg/test/real/real_001079.jpg,0.0,0.8816206455230713,1
/media/D1/ait_users/staff122/deepfake_project/outputs_deepfake_project/dfdc_subset_77_jpg/test/real/real_001080.jpg,0.0,0.9148437976837158,1
/media/D1/ait_users/staff122/deepfake_project/outputs_deepfake_project/dfdc_subset_77_jpg/test/real/real_001081.jpg,0.0,0.9477455019950867,1
/media/D1/ait_users/staff122/deepfake_project/outputs_deepfake_project/dfdc_subset_77_jpg/test/real/real_001082.jpg,0.0,0.9012569785118103,1
/media/D1/ait_users/staff122/deepfake_project/outputs_deepfake_project/dfdc_subset_77_jpg/test/real/real_001083.jpg,0.0,0.7971936464309692,1
/media/D1/ait_users/staff122/deepfake_project/outputs_deepfake_project/dfdc_subset_77_jpg/test/real/real_001084.jpg,0.0,0.8890424370765686,1
/media/D1/ait_users/staff122/deepfake_project/outputs_deepfake_project/dfdc_subset_77_jpg/test/real/real_001085.jpg,0.0,0.9100431203842163,1
/media/D1/ait_users/staff122/deepfake_project/outputs_deepfake_project/dfdc_subset_77_jpg/test/real/real_001086.jpg,0.0,0.9343521595001221,1
/media/D1/ait_users/staff122/deepfake_project/outputs_deepfake_project/dfdc_subset_77_jpg/test/real/real_001087.jpg,0.0,0.9311679601669312,1
/media/D1/ait_users/staff122/deepfake_project/outputs_deepfake_project/dfdc_subset_77_jpg/test/real/real_001088.jpg,0.0,0.9997128844261169,1
/media/D1/ait_users/staff122/deepfake_project/outputs_deepfake_project/dfdc_subset_77_jpg/test/real/real_001089.jpg,0.0,0.00010068980191135779,0
/media/D1/ait_users/staff122/deepfake_project/outputs_deepfake_project/dfdc_subset_77_jpg/test/real/real_001090.jpg,0.0,0.9999945163726807,1
/media/D1/ait_users/staff122/deepfake_project/outputs_deepfake_project/dfdc_subset_77_jpg/test/real/real_001091.jpg,0.0,0.0002904946741182357,0
/media/D1/ait_users/staff122/deepfake_project/outputs_deepfake_project/dfdc_subset_77_jpg/test/real/real_001092.jpg,0.0,0.9998296499252319,1
/media/D1/ait_users/staff122/deepfake_project/outputs_deepfake_project/dfdc_subset_77_jpg/test/real/real_001093.jpg,0.0,0.00023216517001856118,0
/media/D1/ait_users/staff122/deepfake_project/outputs_deepfake_project/dfdc_subset_77_jpg/test/real/real_001094.jpg,0.0,0.0001333561522187665,0
/media/D1/ait_users/staff122/deepfake_project/outputs_deepfake_project/dfdc_subset_77_jpg/test/real/real_001095.jpg,0.0,0.002248241798952222,0
/media/D1/ait_users/staff122/deepfake_project/outputs_deepfake_project/dfdc_subset_77_jpg/test/real/real_001096.jpg,0.0,0.9994189739227295,1
/media/D1/ait_users/staff122/deepfake_project/outputs_deepfake_project/dfdc_subset_77_jpg/test/real/real_001097.jpg,0.0,0.9996232986450195,1
/media/D1/ait_users/staff122/deepfake_project/outputs_deepfake_project/dfdc_subset_77_jpg/test/real/real_001098.jpg,0.0,0.00019246352894697338,0
/media/D1/ait_users/staff122/deepfake_project/outputs_deepfake_project/dfdc_subset_77_jpg/test/real/real_001099.jpg,0.0,0.0012231020955368876,0
/media/D1/ait_users/staff122/deepfake_project/outputs_deepfake_project/dfdc_subset_77_jpg/test/real/real_001100.jpg,0.0,1.2400398190948181e-05,0
/media/D1/ait_users/staff122/deepfake_project/outputs_deepfake_project/dfdc_subset_77_jpg/test/real/real_001101.jpg,0.0,4.6358869440155104e-05,0
/media/D1/ait_users/staff122/deepfake_project/outputs_deepfake_project/dfdc_subset_77_jpg/test/real/real_001102.jpg,0.0,0.050751473754644394,0
/media/D1/ait_users/staff122/deepfake_project/outputs_deepfake_project/dfdc_subset_77_jpg/test/real/real_001103.jpg,0.0,0.003179246326908469,0
/media/D1/ait_users/staff122/deepfake_project/outputs_deepfake_project/dfdc_subset_77_jpg/test/real/real_001104.jpg,0.0,0.00424613943323493,0
/media/D1/ait_users/staff122/deepfake_project/outputs_deepfake_project/dfdc_subset_77_jpg/test/real/real_001105.jpg,0.0,0.0003132145502604544,0
/media/D1/ait_users/staff122/deepfake_project/outputs_deepfake_project/dfdc_subset_77_jpg/test/real/real_001106.jpg,0.0,1.2417463040037546e-05,0
/media/D1/ait_users/staff122/deepfake_project/outputs_deepfake_project/dfdc_subset_77_jpg/test/real/real_001107.jpg,0.0,2.157290327886585e-05,0
/media/D1/ait_users/staff122/deepfake_project/outputs_deepfake_project/dfdc_subset_77_jpg/test/real/real_001108.jpg,0.0,3.21623265335802e-05,0
/media/D1/ait_users/staff122/deepfake_project/outputs_deepfake_project/dfdc_subset_77_jpg/test/real/real_001109.jpg,0.0,0.001414421945810318,0
/media/D1/ait_users/staff122/deepfake_project/outputs_deepfake_project/dfdc_subset_77_jpg/test/real/real_001110.jpg,0.0,0.0005157496780157089,0
/media/D1/ait_users/staff122/deepfake_project/outputs_deepfake_project/dfdc_subset_77_jpg/test/real/real_001111.jpg,0.0,0.9997836947441101,1
/media/D1/ait_users/staff122/deepfake_project/outputs_deepfake_project/dfdc_subset_77_jpg/test/real/real_001112.jpg,0.0,0.0010642781853675842,0
/media/D1/ait_users/staff122/deepfake_project/outputs_deepfake_project/dfdc_subset_77_jpg/test/real/real_001113.jpg,0.0,0.0540812648832798,0
/media/D1/ait_users/staff122/deepfake_project/outputs_deepfake_project/dfdc_subset_77_jpg/test/real/real_001114.jpg,0.0,0.9993211030960083,1
/media/D1/ait_users/staff122/deepfake_project/outputs_deepfake_project/dfdc_subset_77_jpg/test/real/real_001115.jpg,0.0,0.9912256598472595,1
/media/D1/ait_users/staff122/deepfake_project/outputs_deepfake_project/dfdc_subset_77_jpg/test/real/real_001116.jpg,0.0,0.9993115663528442,1
/media/D1/ait_users/staff122/deepfake_project/outputs_deepfake_project/dfdc_subset_77_jpg/test/real/real_001117.jpg,0.0,0.7249071598052979,1
/media/D1/ait_users/staff122/deepfake_project/outputs_deepfake_project/dfdc_subset_77_jpg/test/real/real_001118.jpg,0.0,0.023979879915714264,0
/media/D1/ait_users/staff122/deepfake_project/outputs_deepfake_project/dfdc_subset_77_jpg/test/real/real_001119.jpg,0.0,0.9997612833976746,1
/media/D1/ait_users/staff122/deepfake_project/outputs_deepfake_project/dfdc_subset_77_jpg/test/real/real_001120.jpg,0.0,0.0003662309900391847,0
/media/D1/ait_users/staff122/deepfake_project/outputs_deepfake_project/dfdc_subset_77_jpg/test/real/real_001121.jpg,0.0,0.0001945024123415351,0
/media/D1/ait_users/staff122/deepfake_project/outputs_deepfake_project/dfdc_subset_77_jpg/test/real/real_001122.jpg,0.0,0.00014810048742219806,0
/media/D1/ait_users/staff122/deepfake_project/outputs_deepfake_project/dfdc_subset_77_jpg/test/real/real_001123.jpg,0.0,0.00010446077067172155,0
/media/D1/ait_users/staff122/deepfake_project/outputs_deepfake_project/dfdc_subset_77_jpg/test/real/real_001124.jpg,0.0,1.353628613287583e-05,0
/media/D1/ait_users/staff122/deepfake_project/outputs_deepfake_project/dfdc_subset_77_jpg/test/real/real_001125.jpg,0.0,9.072839020518586e-05,0
/media/D1/ait_users/staff122/deepfake_project/outputs_deepfake_project/dfdc_subset_77_jpg/test/real/real_001126.jpg,0.0,0.0005348765989765525,0
/media/D1/ait_users/staff122/deepfake_project/outputs_deepfake_project/dfdc_subset_77_jpg/test/real/real_001127.jpg,0.0,8.515342778991908e-05,0
/media/D1/ait_users/staff122/deepfake_project/outputs_deepfake_project/dfdc_subset_77_jpg/test/real/real_001128.jpg,0.0,3.2883777748793364e-05,0
/media/D1/ait_users/staff122/deepfake_project/outputs_deepfake_project/dfdc_subset_77_jpg/test/real/real_001129.jpg,0.0,6.556903827004135e-05,0
/media/D1/ait_users/staff122/deepfake_project/outputs_deepfake_project/dfdc_subset_77_jpg/test/real/real_001130.jpg,0.0,0.0002708778774831444,0
/media/D1/ait_users/staff122/deepfake_project/outputs_deepfake_project/dfdc_subset_77_jpg/test/real/real_001131.jpg,0.0,0.00013550980656873435,0
/media/D1/ait_users/staff122/deepfake_project/outputs_deepfake_project/dfdc_subset_77_jpg/test/real/real_001132.jpg,0.0,0.00017483400006312877,0
/media/D1/ait_users/staff122/deepfake_project/outputs_deepfake_project/dfdc_subset_77_jpg/test/real/real_001133.jpg,0.0,0.0012454541865736246,0
/media/D1/ait_users/staff122/deepfake_project/outputs_deepfake_project/dfdc_subset_77_jpg/test/real/real_001134.jpg,0.0,9.45818374020746e-06,0
/media/D1/ait_users/staff122/deepfake_project/outputs_deepfake_project/dfdc_subset_77_jpg/test/real/real_001135.jpg,0.0,0.00013854759163223207,0
/media/D1/ait_users/staff122/deepfake_project/outputs_deepfake_project/dfdc_subset_77_jpg/test/real/real_001136.jpg,0.0,0.0002121295256074518,0
/media/D1/ait_users/staff122/deepfake_project/outputs_deepfake_project/dfdc_subset_77_jpg/test/real/real_001137.jpg,0.0,4.3148269469384104e-05,0
/media/D1/ait_users/staff122/deepfake_project/outputs_deepfake_project/dfdc_subset_77_jpg/test/real/real_001138.jpg,0.0,6.420873978640884e-05,0
/media/D1/ait_users/staff122/deepfake_project/outputs_deepfake_project/dfdc_subset_77_jpg/test/real/real_001139.jpg,0.0,0.00015745684504508972,0
/media/D1/ait_users/staff122/deepfake_project/outputs_deepfake_project/dfdc_subset_77_jpg/test/real/real_001140.jpg,0.0,5.321388380252756e-05,0
/media/D1/ait_users/staff122/deepfake_project/outputs_deepfake_project/dfdc_subset_77_jpg/test/real/real_001141.jpg,0.0,0.0008429450681433082,0
/media/D1/ait_users/staff122/deepfake_project/outputs_deepfake_project/dfdc_subset_77_jpg/test/real/real_001142.jpg,0.0,6.750665306753945e-06,0
/media/D1/ait_users/staff122/deepfake_project/outputs_deepfake_project/dfdc_subset_77_jpg/test/real/real_001143.jpg,0.0,0.00015130313113331795,0
/media/D1/ait_users/staff122/deepfake_project/outputs_deepfake_project/dfdc_subset_77_jpg/test/real/real_001144.jpg,0.0,0.00019603961845859885,0
/media/D1/ait_users/staff122/deepfake_project/outputs_deepfake_project/dfdc_subset_77_jpg/test/real/real_001145.jpg,0.0,9.116487490246072e-05,0
/media/D1/ait_users/staff122/deepfake_project/outputs_deepfake_project/dfdc_subset_77_jpg/test/real/real_001146.jpg,0.0,0.00011879453813889995,0
/media/D1/ait_users/staff122/deepfake_project/outputs_deepfake_project/dfdc_subset_77_jpg/test/real/real_001147.jpg,0.0,1.8470824215910397e-05,0
/media/D1/ait_users/staff122/deepfake_project/outputs_deepfake_project/dfdc_subset_77_jpg/test/real/real_001148.jpg,0.0,0.00016643347044009715,0
/media/D1/ait_users/staff122/deepfake_project/outputs_deepfake_project/dfdc_subset_77_jpg/test/real/real_001149.jpg,0.0,4.3936361180385575e-05,0
/media/D1/ait_users/staff122/deepfake_project/outputs_deepfake_project/dfdc_subset_77_jpg/test/real/real_001150.jpg,0.0,1.759691622282844e-05,0
/media/D1/ait_users/staff122/deepfake_project/outputs_deepfake_project/dfdc_subset_77_jpg/test/real/real_001151.jpg,0.0,2.9742153856204823e-05,0
/media/D1/ait_users/staff122/deepfake_project/outputs_deepfake_project/dfdc_subset_77_jpg/test/real/real_001152.jpg,0.0,0.9952700734138489,1
/media/D1/ait_users/staff122/deepfake_project/outputs_deepfake_project/dfdc_subset_77_jpg/test/real/real_001153.jpg,0.0,0.9863130450248718,1
/media/D1/ait_users/staff122/deepfake_project/outputs_deepfake_project/dfdc_subset_77_jpg/test/real/real_001154.jpg,0.0,0.9923961758613586,1
/media/D1/ait_users/staff122/deepfake_project/outputs_deepfake_project/dfdc_subset_77_jpg/test/real/real_001155.jpg,0.0,0.9995922446250916,1
/media/D1/ait_users/staff122/deepfake_project/outputs_deepfake_project/dfdc_subset_77_jpg/test/real/real_001156.jpg,0.0,0.9950335025787354,1
/media/D1/ait_users/staff122/deepfake_project/outputs_deepfake_project/dfdc_subset_77_jpg/test/real/real_001157.jpg,0.0,0.9948914051055908,1
/media/D1/ait_users/staff122/deepfake_project/outputs_deepfake_project/dfdc_subset_77_jpg/test/real/real_001158.jpg,0.0,0.9901830554008484,1
/media/D1/ait_users/staff122/deepfake_project/outputs_deepfake_project/dfdc_subset_77_jpg/test/real/real_001159.jpg,0.0,0.9794603586196899,1
/media/D1/ait_users/staff122/deepfake_project/outputs_deepfake_project/dfdc_subset_77_jpg/test/real/real_001160.jpg,0.0,0.9986729621887207,1
/media/D1/ait_users/staff122/deepfake_project/outputs_deepfake_project/dfdc_subset_77_jpg/test/real/real_001161.jpg,0.0,0.907421886920929,1
/media/D1/ait_users/staff122/deepfake_project/outputs_deepfake_project/dfdc_subset_77_jpg/test/real/real_001162.jpg,0.0,0.6899344325065613,1
/media/D1/ait_users/staff122/deepfake_project/outputs_deepfake_project/dfdc_subset_77_jpg/test/real/real_001163.jpg,0.0,0.9974756836891174,1
/media/D1/ait_users/staff122/deepfake_project/outputs_deepfake_project/dfdc_subset_77_jpg/test/real/real_001164.jpg,0.0,0.9863524436950684,1
/media/D1/ait_users/staff122/deepfake_project/outputs_deepfake_project/dfdc_subset_77_jpg/test/real/real_001165.jpg,0.0,0.9958741068840027,1
/media/D1/ait_users/staff122/deepfake_project/outputs_deepfake_project/dfdc_subset_77_jpg/test/real/real_001166.jpg,0.0,0.9989032745361328,1
/media/D1/ait_users/staff122/deepfake_project/outputs_deepfake_project/dfdc_subset_77_jpg/test/real/real_001167.jpg,0.0,0.9986801743507385,1
/media/D1/ait_users/staff122/deepfake_project/outputs_deepfake_project/dfdc_subset_77_jpg/test/real/real_001168.jpg,0.0,0.6116870641708374,1
/media/D1/ait_users/staff122/deepfake_project/outputs_deepfake_project/dfdc_subset_77_jpg/test/real/real_001169.jpg,0.0,0.998817503452301,1
/media/D1/ait_users/staff122/deepfake_project/outputs_deepfake_project/dfdc_subset_77_jpg/test/real/real_001170.jpg,0.0,0.9998581409454346,1
/media/D1/ait_users/staff122/deepfake_project/outputs_deepfake_project/dfdc_subset_77_jpg/test/real/real_001171.jpg,0.0,0.4518815577030182,0
/media/D1/ait_users/staff122/deepfake_project/outputs_deepfake_project/dfdc_subset_77_jpg/test/real/real_001172.jpg,0.0,0.6149969100952148,1
/media/D1/ait_users/staff122/deepfake_project/outputs_deepfake_project/dfdc_subset_77_jpg/test/real/real_001173.jpg,0.0,0.650270938873291,1
/media/D1/ait_users/staff122/deepfake_project/outputs_deepfake_project/dfdc_subset_77_jpg/test/real/real_001174.jpg,0.0,0.7325162887573242,1
/media/D1/ait_users/staff122/deepfake_project/outputs_deepfake_project/dfdc_subset_77_jpg/test/real/real_001175.jpg,0.0,0.7707982659339905,1
/media/D1/ait_users/staff122/deepfake_project/outputs_deepfake_project/dfdc_subset_77_jpg/test/real/real_001176.jpg,0.0,0.7706814408302307,1
/media/D1/ait_users/staff122/deepfake_project/outputs_deepfake_project/dfdc_subset_77_jpg/test/real/real_001177.jpg,0.0,0.9493201971054077,1
/media/D1/ait_users/staff122/deepfake_project/outputs_deepfake_project/dfdc_subset_77_jpg/test/real/real_001178.jpg,0.0,0.9685953259468079,1
/media/D1/ait_users/staff122/deepfake_project/outputs_deepfake_project/dfdc_subset_77_jpg/test/real/real_001179.jpg,0.0,0.8322131633758545,1
/media/D1/ait_users/staff122/deepfake_project/outputs_deepfake_project/dfdc_subset_77_jpg/test/real/real_001180.jpg,0.0,0.6545202732086182,1
/media/D1/ait_users/staff122/deepfake_project/outputs_deepfake_project/dfdc_subset_77_jpg/test/real/real_001181.jpg,0.0,0.9549384117126465,1
/media/D1/ait_users/staff122/deepfake_project/outputs_deepfake_project/dfdc_subset_77_jpg/test/real/real_001182.jpg,0.0,0.9656246304512024,1
/media/D1/ait_users/staff122/deepfake_project/outputs_deepfake_project/dfdc_subset_77_jpg/test/real/real_001183.jpg,0.0,0.4376632273197174,0
/media/D1/ait_users/staff122/deepfake_project/outputs_deepfake_project/dfdc_subset_77_jpg/test/real/real_001184.jpg,0.0,0.00017815185128711164,0
/media/D1/ait_users/staff122/deepfake_project/outputs_deepfake_project/dfdc_subset_77_jpg/test/real/real_001185.jpg,0.0,0.002503752475604415,0
/media/D1/ait_users/staff122/deepfake_project/outputs_deepfake_project/dfdc_subset_77_jpg/test/real/real_001186.jpg,0.0,0.004195052664726973,0
/media/D1/ait_users/staff122/deepfake_project/outputs_deepfake_project/dfdc_subset_77_jpg/test/real/real_001187.jpg,0.0,0.000544400536455214,0
/media/D1/ait_users/staff122/deepfake_project/outputs_deepfake_project/dfdc_subset_77_jpg/test/real/real_001188.jpg,0.0,0.0014714032877236605,0
/media/D1/ait_users/staff122/deepfake_project/outputs_deepfake_project/dfdc_subset_77_jpg/test/real/real_001189.jpg,0.0,0.0006735493079759181,0
/media/D1/ait_users/staff122/deepfake_project/outputs_deepfake_project/dfdc_subset_77_jpg/test/real/real_001190.jpg,0.0,0.012614259496331215,0
/media/D1/ait_users/staff122/deepfake_project/outputs_deepfake_project/dfdc_subset_77_jpg/test/real/real_001191.jpg,0.0,0.0019284262089058757,0
/media/D1/ait_users/staff122/deepfake_project/outputs_deepfake_project/dfdc_subset_77_jpg/test/real/real_001192.jpg,0.0,0.005081533920019865,0
/media/D1/ait_users/staff122/deepfake_project/outputs_deepfake_project/dfdc_subset_77_jpg/test/real/real_001193.jpg,0.0,0.004116158001124859,0
/media/D1/ait_users/staff122/deepfake_project/outputs_deepfake_project/dfdc_subset_77_jpg/test/real/real_001194.jpg,0.0,0.0012343680718913674,0
/media/D1/ait_users/staff122/deepfake_project/outputs_deepfake_project/dfdc_subset_77_jpg/test/real/real_001195.jpg,0.0,0.03300020098686218,0
/media/D1/ait_users/staff122/deepfake_project/outputs_deepfake_project/dfdc_subset_77_jpg/test/real/real_001196.jpg,0.0,0.00020493361807893962,0
/media/D1/ait_users/staff122/deepfake_project/outputs_deepfake_project/dfdc_subset_77_jpg/test/real/real_001197.jpg,0.0,0.00023024072288535535,0
/media/D1/ait_users/staff122/deepfake_project/outputs_deepfake_project/dfdc_subset_77_jpg/test/real/real_001198.jpg,0.0,8.76803242135793e-05,0
/media/D1/ait_users/staff122/deepfake_project/outputs_deepfake_project/dfdc_subset_77_jpg/test/real/real_001199.jpg,0.0,0.0002745577658060938,0
/media/D1/ait_users/staff122/deepfake_project/outputs_deepfake_project/dfdc_subset_77_jpg/test/real/real_001200.jpg,0.0,0.0010606050491333008,0
/media/D1/ait_users/staff122/deepfake_project/outputs_deepfake_project/dfdc_subset_77_jpg/test/real/real_001201.jpg,0.0,0.024030381813645363,0
/media/D1/ait_users/staff122/deepfake_project/outputs_deepfake_project/dfdc_subset_77_jpg/test/real/real_001202.jpg,0.0,0.9984493255615234,1
/media/D1/ait_users/staff122/deepfake_project/outputs_deepfake_project/dfdc_subset_77_jpg/test/real/real_001203.jpg,0.0,0.03714713454246521,0
/media/D1/ait_users/staff122/deepfake_project/outputs_deepfake_project/dfdc_subset_77_jpg/test/real/real_001204.jpg,0.0,0.004640896338969469,0
/media/D1/ait_users/staff122/deepfake_project/outputs_deepfake_project/dfdc_subset_77_jpg/test/real/real_001205.jpg,0.0,0.0033986708149313927,0
/media/D1/ait_users/staff122/deepfake_project/outputs_deepfake_project/dfdc_subset_77_jpg/test/real/real_001206.jpg,0.0,0.012724600732326508,0
/media/D1/ait_users/staff122/deepfake_project/outputs_deepfake_project/dfdc_subset_77_jpg/test/real/real_001207.jpg,0.0,0.0011599106946960092,0
/media/D1/ait_users/staff122/deepfake_project/outputs_deepfake_project/dfdc_subset_77_jpg/test/real/real_001208.jpg,0.0,0.00046340617700479925,0
/media/D1/ait_users/staff122/deepfake_project/outputs_deepfake_project/dfdc_subset_77_jpg/test/real/real_001209.jpg,0.0,0.0005127322510816157,0
/media/D1/ait_users/staff122/deepfake_project/outputs_deepfake_project/dfdc_subset_77_jpg/test/real/real_001210.jpg,0.0,0.0002974799135699868,0
/media/D1/ait_users/staff122/deepfake_project/outputs_deepfake_project/dfdc_subset_77_jpg/test/real/real_001211.jpg,0.0,0.0019961863290518522,0
/media/D1/ait_users/staff122/deepfake_project/outputs_deepfake_project/dfdc_subset_77_jpg/test/real/real_001212.jpg,0.0,0.9999991655349731,1
/media/D1/ait_users/staff122/deepfake_project/outputs_deepfake_project/dfdc_subset_77_jpg/test/real/real_001213.jpg,0.0,0.013034702278673649,0
/media/D1/ait_users/staff122/deepfake_project/outputs_deepfake_project/dfdc_subset_77_jpg/test/real/real_001214.jpg,0.0,0.015955669805407524,0
/media/D1/ait_users/staff122/deepfake_project/outputs_deepfake_project/dfdc_subset_77_jpg/test/real/real_001215.jpg,0.0,0.999913215637207,1
/media/D1/ait_users/staff122/deepfake_project/outputs_deepfake_project/dfdc_subset_77_jpg/test/real/real_001216.jpg,0.0,0.013076568022370338,0
/media/D1/ait_users/staff122/deepfake_project/outputs_deepfake_project/dfdc_subset_77_jpg/test/real/real_001217.jpg,0.0,0.5723510980606079,1
/media/D1/ait_users/staff122/deepfake_project/outputs_deepfake_project/dfdc_subset_77_jpg/test/real/real_001218.jpg,0.0,0.0493515282869339,0
/media/D1/ait_users/staff122/deepfake_project/outputs_deepfake_project/dfdc_subset_77_jpg/test/real/real_001219.jpg,0.0,0.6031503677368164,1
/media/D1/ait_users/staff122/deepfake_project/outputs_deepfake_project/dfdc_subset_77_jpg/test/real/real_001220.jpg,0.0,0.08674585819244385,0
/media/D1/ait_users/staff122/deepfake_project/outputs_deepfake_project/dfdc_subset_77_jpg/test/real/real_001221.jpg,0.0,0.0810275748372078,0
/media/D1/ait_users/staff122/deepfake_project/outputs_deepfake_project/dfdc_subset_77_jpg/test/real/real_001222.jpg,0.0,0.07481098920106888,0
/media/D1/ait_users/staff122/deepfake_project/outputs_deepfake_project/dfdc_subset_77_jpg/test/real/real_001223.jpg,0.0,0.03396481275558472,0
/media/D1/ait_users/staff122/deepfake_project/outputs_deepfake_project/dfdc_subset_77_jpg/test/real/real_001224.jpg,0.0,0.06512371450662613,0
/media/D1/ait_users/staff122/deepfake_project/outputs_deepfake_project/dfdc_subset_77_jpg/test/real/real_001225.jpg,0.0,0.014313754625618458,0
/media/D1/ait_users/staff122/deepfake_project/outputs_deepfake_project/dfdc_subset_77_jpg/test/real/real_001226.jpg,0.0,0.014339571818709373,0
/media/D1/ait_users/staff122/deepfake_project/outputs_deepfake_project/dfdc_subset_77_jpg/test/real/real_001227.jpg,0.0,0.11582502722740173,0
/media/D1/ait_users/staff122/deepfake_project/outputs_deepfake_project/dfdc_subset_77_jpg/test/real/real_001228.jpg,0.0,0.0943400114774704,0
/media/D1/ait_users/staff122/deepfake_project/outputs_deepfake_project/dfdc_subset_77_jpg/test/real/real_001229.jpg,0.0,0.25700345635414124,0
/media/D1/ait_users/staff122/deepfake_project/outputs_deepfake_project/dfdc_subset_77_jpg/test/real/real_001230.jpg,0.0,0.09402769058942795,0
/media/D1/ait_users/staff122/deepfake_project/outputs_deepfake_project/dfdc_subset_77_jpg/test/real/real_001231.jpg,0.0,0.03680112957954407,0
/media/D1/ait_users/staff122/deepfake_project/outputs_deepfake_project/dfdc_subset_77_jpg/test/real/real_001232.jpg,0.0,0.04076587036252022,0
/media/D1/ait_users/staff122/deepfake_project/outputs_deepfake_project/dfdc_subset_77_jpg/test/real/real_001233.jpg,0.0,0.00804747175425291,0
/media/D1/ait_users/staff122/deepfake_project/outputs_deepfake_project/dfdc_subset_77_jpg/test/real/real_001234.jpg,0.0,0.0076524075120687485,0
/media/D1/ait_users/staff122/deepfake_project/outputs_deepfake_project/dfdc_subset_77_jpg/test/real/real_001235.jpg,0.0,0.02492794208228588,0
/media/D1/ait_users/staff122/deepfake_project/outputs_deepfake_project/dfdc_subset_77_jpg/test/real/real_001236.jpg,0.0,0.09633290767669678,0
/media/D1/ait_users/staff122/deepfake_project/outputs_deepfake_project/dfdc_subset_77_jpg/test/real/real_001237.jpg,0.0,0.012932738289237022,0
/media/D1/ait_users/staff122/deepfake_project/outputs_deepfake_project/dfdc_subset_77_jpg/test/real/real_001238.jpg,0.0,0.9805735945701599,1
/media/D1/ait_users/staff122/deepfake_project/outputs_deepfake_project/dfdc_subset_77_jpg/test/real/real_001239.jpg,0.0,0.9417506456375122,1
/media/D1/ait_users/staff122/deepfake_project/outputs_deepfake_project/dfdc_subset_77_jpg/test/real/real_001240.jpg,0.0,0.9987718462944031,1
/media/D1/ait_users/staff122/deepfake_project/outputs_deepfake_project/dfdc_subset_77_jpg/test/real/real_001241.jpg,0.0,0.017947349697351456,0
/media/D1/ait_users/staff122/deepfake_project/outputs_deepfake_project/dfdc_subset_77_jpg/test/real/real_001242.jpg,0.0,0.034064579755067825,0
/media/D1/ait_users/staff122/deepfake_project/outputs_deepfake_project/dfdc_subset_77_jpg/test/real/real_001243.jpg,0.0,0.06404722481966019,0
/media/D1/ait_users/staff122/deepfake_project/outputs_deepfake_project/dfdc_subset_77_jpg/test/real/real_001244.jpg,0.0,0.023714324459433556,0
/media/D1/ait_users/staff122/deepfake_project/outputs_deepfake_project/dfdc_subset_77_jpg/test/real/real_001245.jpg,0.0,0.005067293997853994,0
/media/D1/ait_users/staff122/deepfake_project/outputs_deepfake_project/dfdc_subset_77_jpg/test/real/real_001246.jpg,0.0,0.026896707713603973,0
/media/D1/ait_users/staff122/deepfake_project/outputs_deepfake_project/dfdc_subset_77_jpg/test/real/real_001247.jpg,0.0,0.07864925265312195,0
/media/D1/ait_users/staff122/deepfake_project/outputs_deepfake_project/dfdc_subset_77_jpg/test/real/real_001248.jpg,0.0,0.9999109506607056,1
/media/D1/ait_users/staff122/deepfake_project/outputs_deepfake_project/dfdc_subset_77_jpg/test/real/real_001249.jpg,0.0,0.9999490976333618,1
/media/D1/ait_users/staff122/deepfake_project/outputs_deepfake_project/dfdc_subset_77_jpg/test/real/real_001250.jpg,0.0,0.9997983574867249,1
/media/D1/ait_users/staff122/deepfake_project/outputs_deepfake_project/dfdc_subset_77_jpg/test/real/real_001251.jpg,0.0,0.9995930790901184,1
/media/D1/ait_users/staff122/deepfake_project/outputs_deepfake_project/dfdc_subset_77_jpg/test/real/real_001252.jpg,0.0,0.9999693632125854,1
/media/D1/ait_users/staff122/deepfake_project/outputs_deepfake_project/dfdc_subset_77_jpg/test/real/real_001253.jpg,0.0,0.9999955892562866,1
/media/D1/ait_users/staff122/deepfake_project/outputs_deepfake_project/dfdc_subset_77_jpg/test/real/real_001254.jpg,0.0,0.999984622001648,1
/media/D1/ait_users/staff122/deepfake_project/outputs_deepfake_project/dfdc_subset_77_jpg/test/real/real_001255.jpg,0.0,0.999900221824646,1
/media/D1/ait_users/staff122/deepfake_project/outputs_deepfake_project/dfdc_subset_77_jpg/test/real/real_001256.jpg,0.0,0.999935507774353,1
/media/D1/ait_users/staff122/deepfake_project/outputs_deepfake_project/dfdc_subset_77_jpg/test/real/real_001257.jpg,0.0,0.9999903440475464,1
/media/D1/ait_users/staff122/deepfake_project/outputs_deepfake_project/dfdc_subset_77_jpg/test/real/real_001258.jpg,0.0,0.9999616146087646,1
/media/D1/ait_users/staff122/deepfake_project/outputs_deepfake_project/dfdc_subset_77_jpg/test/real/real_001259.jpg,0.0,0.9999792575836182,1
/media/D1/ait_users/staff122/deepfake_project/outputs_deepfake_project/dfdc_subset_77_jpg/test/real/real_001260.jpg,0.0,0.9999706745147705,1
/media/D1/ait_users/staff122/deepfake_project/outputs_deepfake_project/dfdc_subset_77_jpg/test/real/real_001261.jpg,0.0,0.9999675750732422,1
/media/D1/ait_users/staff122/deepfake_project/outputs_deepfake_project/dfdc_subset_77_jpg/test/real/real_001262.jpg,0.0,0.9998247027397156,1
/media/D1/ait_users/staff122/deepfake_project/outputs_deepfake_project/dfdc_subset_77_jpg/test/real/real_001263.jpg,0.0,0.9999532699584961,1
/media/D1/ait_users/staff122/deepfake_project/outputs_deepfake_project/dfdc_subset_77_jpg/test/real/real_001264.jpg,0.0,0.9999681711196899,1
/media/D1/ait_users/staff122/deepfake_project/outputs_deepfake_project/dfdc_subset_77_jpg/test/real/real_001265.jpg,0.0,0.9999711513519287,1
/media/D1/ait_users/staff122/deepfake_project/outputs_deepfake_project/dfdc_subset_77_jpg/test/real/real_001266.jpg,0.0,0.9999990463256836,1
/media/D1/ait_users/staff122/deepfake_project/outputs_deepfake_project/dfdc_subset_77_jpg/test/real/real_001267.jpg,0.0,0.9999704360961914,1
/media/D1/ait_users/staff122/deepfake_project/outputs_deepfake_project/dfdc_subset_77_jpg/test/real/real_001268.jpg,0.0,0.9996817111968994,1
/media/D1/ait_users/staff122/deepfake_project/outputs_deepfake_project/dfdc_subset_77_jpg/test/real/real_001269.jpg,0.0,0.9998015761375427,1
/media/D1/ait_users/staff122/deepfake_project/outputs_deepfake_project/dfdc_subset_77_jpg/test/real/real_001270.jpg,0.0,0.9999884366989136,1
/media/D1/ait_users/staff122/deepfake_project/outputs_deepfake_project/dfdc_subset_77_jpg/test/real/real_001271.jpg,0.0,0.9999946355819702,1
/media/D1/ait_users/staff122/deepfake_project/outputs_deepfake_project/dfdc_subset_77_jpg/test/real/real_001272.jpg,0.0,0.9999794960021973,1
/media/D1/ait_users/staff122/deepfake_project/outputs_deepfake_project/dfdc_subset_77_jpg/test/real/real_001273.jpg,0.0,0.9999737739562988,1
/media/D1/ait_users/staff122/deepfake_project/outputs_deepfake_project/dfdc_subset_77_jpg/test/real/real_001274.jpg,0.0,0.999951958656311,1
/media/D1/ait_users/staff122/deepfake_project/outputs_deepfake_project/dfdc_subset_77_jpg/test/real/real_001275.jpg,0.0,0.9999414682388306,1
/media/D1/ait_users/staff122/deepfake_project/outputs_deepfake_project/dfdc_subset_77_jpg/test/real/real_001276.jpg,0.0,0.9999821186065674,1
/media/D1/ait_users/staff122/deepfake_project/outputs_deepfake_project/dfdc_subset_77_jpg/test/real/real_001277.jpg,0.0,0.9999850988388062,1
/media/D1/ait_users/staff122/deepfake_project/outputs_deepfake_project/dfdc_subset_77_jpg/test/real/real_001278.jpg,0.0,0.9999823570251465,1
/media/D1/ait_users/staff122/deepfake_project/outputs_deepfake_project/dfdc_subset_77_jpg/test/real/real_001279.jpg,0.0,0.9999642372131348,1
/media/D1/ait_users/staff122/deepfake_project/outputs_deepfake_project/dfdc_subset_77_jpg/test/real/real_001280.jpg,0.0,0.9998181462287903,1
/media/D1/ait_users/staff122/deepfake_project/outputs_deepfake_project/dfdc_subset_77_jpg/test/real/real_001281.jpg,0.0,0.9999837875366211,1
/media/D1/ait_users/staff122/deepfake_project/outputs_deepfake_project/dfdc_subset_77_jpg/test/real/real_001282.jpg,0.0,0.9889950752258301,1
/media/D1/ait_users/staff122/deepfake_project/outputs_deepfake_project/dfdc_subset_77_jpg/test/real/real_001283.jpg,0.0,0.9651471376419067,1
/media/D1/ait_users/staff122/deepfake_project/outputs_deepfake_project/dfdc_subset_77_jpg/test/real/real_001284.jpg,0.0,0.0017920510144904256,0
/media/D1/ait_users/staff122/deepfake_project/outputs_deepfake_project/dfdc_subset_77_jpg/test/real/real_001285.jpg,0.0,0.1331816017627716,0
/media/D1/ait_users/staff122/deepfake_project/outputs_deepfake_project/dfdc_subset_77_jpg/test/real/real_001286.jpg,0.0,0.035224031656980515,0
/media/D1/ait_users/staff122/deepfake_project/outputs_deepfake_project/dfdc_subset_77_jpg/test/real/real_001287.jpg,0.0,0.992285966873169,1
/media/D1/ait_users/staff122/deepfake_project/outputs_deepfake_project/dfdc_subset_77_jpg/test/real/real_001288.jpg,0.0,0.6957090497016907,1
/media/D1/ait_users/staff122/deepfake_project/outputs_deepfake_project/dfdc_subset_77_jpg/test/real/real_001289.jpg,0.0,0.8944131731987,1
/media/D1/ait_users/staff122/deepfake_project/outputs_deepfake_project/dfdc_subset_77_jpg/test/real/real_001290.jpg,0.0,0.009696065448224545,0
/media/D1/ait_users/staff122/deepfake_project/outputs_deepfake_project/dfdc_subset_77_jpg/test/real/real_001291.jpg,0.0,0.002259232336655259,0
/media/D1/ait_users/staff122/deepfake_project/outputs_deepfake_project/dfdc_subset_77_jpg/test/real/real_001292.jpg,0.0,0.04075860232114792,0
/media/D1/ait_users/staff122/deepfake_project/outputs_deepfake_project/dfdc_subset_77_jpg/test/real/real_001293.jpg,0.0,0.9871383309364319,1
/media/D1/ait_users/staff122/deepfake_project/outputs_deepfake_project/dfdc_subset_77_jpg/test/real/real_001294.jpg,0.0,0.09146379679441452,0
/media/D1/ait_users/staff122/deepfake_project/outputs_deepfake_project/dfdc_subset_77_jpg/test/real/real_001295.jpg,0.0,0.97714763879776,1
/media/D1/ait_users/staff122/deepfake_project/outputs_deepfake_project/dfdc_subset_77_jpg/test/real/real_001296.jpg,0.0,0.9999924898147583,1
/media/D1/ait_users/staff122/deepfake_project/outputs_deepfake_project/dfdc_subset_77_jpg/test/real/real_001297.jpg,0.0,0.02623794600367546,0
/media/D1/ait_users/staff122/deepfake_project/outputs_deepfake_project/dfdc_subset_77_jpg/test/real/real_001298.jpg,0.0,0.9903685450553894,1
/media/D1/ait_users/staff122/deepfake_project/outputs_deepfake_project/dfdc_subset_77_jpg/test/real/real_001299.jpg,0.0,0.05726708844304085,0
/media/D1/ait_users/staff122/deepfake_project/outputs_deepfake_project/dfdc_subset_77_jpg/test/real/real_001300.jpg,0.0,0.907690703868866,1
/media/D1/ait_users/staff122/deepfake_project/outputs_deepfake_project/dfdc_subset_77_jpg/test/real/real_001301.jpg,0.0,0.6755415797233582,1
/media/D1/ait_users/staff122/deepfake_project/outputs_deepfake_project/dfdc_subset_77_jpg/test/real/real_001302.jpg,0.0,0.49481940269470215,0
/media/D1/ait_users/staff122/deepfake_project/outputs_deepfake_project/dfdc_subset_77_jpg/test/real/real_001303.jpg,0.0,0.010636481456458569,0
/media/D1/ait_users/staff122/deepfake_project/outputs_deepfake_project/dfdc_subset_77_jpg/test/real/real_001304.jpg,0.0,0.9114082455635071,1
/media/D1/ait_users/staff122/deepfake_project/outputs_deepfake_project/dfdc_subset_77_jpg/test/real/real_001305.jpg,0.0,0.9013907313346863,1
/media/D1/ait_users/staff122/deepfake_project/outputs_deepfake_project/dfdc_subset_77_jpg/test/real/real_001306.jpg,0.0,0.9858447313308716,1
/media/D1/ait_users/staff122/deepfake_project/outputs_deepfake_project/dfdc_subset_77_jpg/test/real/real_001307.jpg,0.0,0.9999938011169434,1
/media/D1/ait_users/staff122/deepfake_project/outputs_deepfake_project/dfdc_subset_77_jpg/test/real/real_001308.jpg,0.0,0.9997867941856384,1
/media/D1/ait_users/staff122/deepfake_project/outputs_deepfake_project/dfdc_subset_77_jpg/test/real/real_001309.jpg,0.0,0.8593561053276062,1
/media/D1/ait_users/staff122/deepfake_project/outputs_deepfake_project/dfdc_subset_77_jpg/test/real/real_001310.jpg,0.0,0.9878217577934265,1
/media/D1/ait_users/staff122/deepfake_project/outputs_deepfake_project/dfdc_subset_77_jpg/test/real/real_001311.jpg,0.0,0.0025554054882377386,0
/media/D1/ait_users/staff122/deepfake_project/outputs_deepfake_project/dfdc_subset_77_jpg/test/real/real_001312.jpg,0.0,0.006384917069226503,0
/media/D1/ait_users/staff122/deepfake_project/outputs_deepfake_project/dfdc_subset_77_jpg/test/real/real_001313.jpg,0.0,0.9413185119628906,1
/media/D1/ait_users/staff122/deepfake_project/outputs_deepfake_project/dfdc_subset_77_jpg/test/real/real_001314.jpg,0.0,0.0641346275806427,0
/media/D1/ait_users/staff122/deepfake_project/outputs_deepfake_project/dfdc_subset_77_jpg/test/real/real_001315.jpg,0.0,0.05346054583787918,0
/media/D1/ait_users/staff122/deepfake_project/outputs_deepfake_project/dfdc_subset_77_jpg/test/real/real_001316.jpg,0.0,0.9999574422836304,1
/media/D1/ait_users/staff122/deepfake_project/outputs_deepfake_project/dfdc_subset_77_jpg/test/real/real_001317.jpg,0.0,0.024637265130877495,0
/media/D1/ait_users/staff122/deepfake_project/outputs_deepfake_project/dfdc_subset_77_jpg/test/real/real_001318.jpg,0.0,0.05382513627409935,0
/media/D1/ait_users/staff122/deepfake_project/outputs_deepfake_project/dfdc_subset_77_jpg/test/real/real_001319.jpg,0.0,0.7751221656799316,1
/media/D1/ait_users/staff122/deepfake_project/outputs_deepfake_project/dfdc_subset_77_jpg/test/real/real_001320.jpg,0.0,0.9312372803688049,1
/media/D1/ait_users/staff122/deepfake_project/outputs_deepfake_project/dfdc_subset_77_jpg/test/real/real_001321.jpg,0.0,0.47034552693367004,0
/media/D1/ait_users/staff122/deepfake_project/outputs_deepfake_project/dfdc_subset_77_jpg/test/real/real_001322.jpg,0.0,0.19367550313472748,0
/media/D1/ait_users/staff122/deepfake_project/outputs_deepfake_project/dfdc_subset_77_jpg/test/real/real_001323.jpg,0.0,0.9954336285591125,1
/media/D1/ait_users/staff122/deepfake_project/outputs_deepfake_project/dfdc_subset_77_jpg/test/real/real_001324.jpg,0.0,0.6733442544937134,1
/media/D1/ait_users/staff122/deepfake_project/outputs_deepfake_project/dfdc_subset_77_jpg/test/real/real_001325.jpg,0.0,0.6098282933235168,1
/media/D1/ait_users/staff122/deepfake_project/outputs_deepfake_project/dfdc_subset_77_jpg/test/real/real_001326.jpg,0.0,0.9840015172958374,1
/media/D1/ait_users/staff122/deepfake_project/outputs_deepfake_project/dfdc_subset_77_jpg/test/real/real_001327.jpg,0.0,0.003754505654796958,0
/media/D1/ait_users/staff122/deepfake_project/outputs_deepfake_project/dfdc_subset_77_jpg/test/real/real_001328.jpg,0.0,0.6110530495643616,1
/media/D1/ait_users/staff122/deepfake_project/outputs_deepfake_project/dfdc_subset_77_jpg/test/real/real_001329.jpg,0.0,0.0857289731502533,0
/media/D1/ait_users/staff122/deepfake_project/outputs_deepfake_project/dfdc_subset_77_jpg/test/real/real_001330.jpg,0.0,0.6144341826438904,1
/media/D1/ait_users/staff122/deepfake_project/outputs_deepfake_project/dfdc_subset_77_jpg/test/real/real_001331.jpg,0.0,0.034961286932229996,0
/media/D1/ait_users/staff122/deepfake_project/outputs_deepfake_project/dfdc_subset_77_jpg/test/real/real_001332.jpg,0.0,0.9977476000785828,1
/media/D1/ait_users/staff122/deepfake_project/outputs_deepfake_project/dfdc_subset_77_jpg/test/real/real_001333.jpg,0.0,0.9499016404151917,1
/media/D1/ait_users/staff122/deepfake_project/outputs_deepfake_project/dfdc_subset_77_jpg/test/real/real_001334.jpg,0.0,0.9985572695732117,1
/media/D1/ait_users/staff122/deepfake_project/outputs_deepfake_project/dfdc_subset_77_jpg/test/real/real_001335.jpg,0.0,0.0014013714389875531,0
/media/D1/ait_users/staff122/deepfake_project/outputs_deepfake_project/dfdc_subset_77_jpg/test/real/real_001336.jpg,0.0,0.7729304432868958,1
/media/D1/ait_users/staff122/deepfake_project/outputs_deepfake_project/dfdc_subset_77_jpg/test/real/real_001337.jpg,0.0,0.06234344094991684,0
/media/D1/ait_users/staff122/deepfake_project/outputs_deepfake_project/dfdc_subset_77_jpg/test/real/real_001338.jpg,0.0,0.001224373816512525,0
/media/D1/ait_users/staff122/deepfake_project/outputs_deepfake_project/dfdc_subset_77_jpg/test/real/real_001339.jpg,0.0,0.5207775235176086,1
/media/D1/ait_users/staff122/deepfake_project/outputs_deepfake_project/dfdc_subset_77_jpg/test/real/real_001340.jpg,0.0,0.8078778982162476,1
/media/D1/ait_users/staff122/deepfake_project/outputs_deepfake_project/dfdc_subset_77_jpg/test/real/real_001341.jpg,0.0,0.9833655953407288,1
/media/D1/ait_users/staff122/deepfake_project/outputs_deepfake_project/dfdc_subset_77_jpg/test/real/real_001342.jpg,0.0,0.034104492515325546,0
/media/D1/ait_users/staff122/deepfake_project/outputs_deepfake_project/dfdc_subset_77_jpg/test/real/real_001343.jpg,0.0,0.5599231123924255,1
/media/D1/ait_users/staff122/deepfake_project/outputs_deepfake_project/dfdc_subset_77_jpg/test/real/real_001344.jpg,0.0,0.0032131397165358067,0
/media/D1/ait_users/staff122/deepfake_project/outputs_deepfake_project/dfdc_subset_77_jpg/test/real/real_001345.jpg,0.0,8.08899276307784e-05,0
/media/D1/ait_users/staff122/deepfake_project/outputs_deepfake_project/dfdc_subset_77_jpg/test/real/real_001346.jpg,0.0,1.2155733202234842e-05,0
/media/D1/ait_users/staff122/deepfake_project/outputs_deepfake_project/dfdc_subset_77_jpg/test/real/real_001347.jpg,0.0,0.04414787143468857,0
/media/D1/ait_users/staff122/deepfake_project/outputs_deepfake_project/dfdc_subset_77_jpg/test/real/real_001348.jpg,0.0,0.001116246567107737,0
/media/D1/ait_users/staff122/deepfake_project/outputs_deepfake_project/dfdc_subset_77_jpg/test/real/real_001349.jpg,0.0,1.1476578947622329e-05,0
/media/D1/ait_users/staff122/deepfake_project/outputs_deepfake_project/dfdc_subset_77_jpg/test/real/real_001350.jpg,0.0,0.0012752144830301404,0
/media/D1/ait_users/staff122/deepfake_project/outputs_deepfake_project/dfdc_subset_77_jpg/test/real/real_001351.jpg,0.0,4.1250103095080703e-05,0
/media/D1/ait_users/staff122/deepfake_project/outputs_deepfake_project/dfdc_subset_77_jpg/test/real/real_001352.jpg,0.0,0.002363753505051136,0
/media/D1/ait_users/staff122/deepfake_project/outputs_deepfake_project/dfdc_subset_77_jpg/test/real/real_001353.jpg,0.0,0.0008025878923945129,0
/media/D1/ait_users/staff122/deepfake_project/outputs_deepfake_project/dfdc_subset_77_jpg/test/real/real_001354.jpg,0.0,0.002637005876749754,0
/media/D1/ait_users/staff122/deepfake_project/outputs_deepfake_project/dfdc_subset_77_jpg/test/real/real_001355.jpg,0.0,0.001291908323764801,0
/media/D1/ait_users/staff122/deepfake_project/outputs_deepfake_project/dfdc_subset_77_jpg/test/real/real_001356.jpg,0.0,9.629278792999685e-06,0
/media/D1/ait_users/staff122/deepfake_project/outputs_deepfake_project/dfdc_subset_77_jpg/test/real/real_001357.jpg,0.0,0.00021456199465319514,0
/media/D1/ait_users/staff122/deepfake_project/outputs_deepfake_project/dfdc_subset_77_jpg/test/real/real_001358.jpg,0.0,0.00024189632677007467,0
/media/D1/ait_users/staff122/deepfake_project/outputs_deepfake_project/dfdc_subset_77_jpg/test/real/real_001359.jpg,0.0,9.152006896329112e-06,0
/media/D1/ait_users/staff122/deepfake_project/outputs_deepfake_project/dfdc_subset_77_jpg/test/real/real_001360.jpg,0.0,2.0299201423767954e-05,0
/media/D1/ait_users/staff122/deepfake_project/outputs_deepfake_project/dfdc_subset_77_jpg/test/real/real_001361.jpg,0.0,6.324572950688889e-06,0
/media/D1/ait_users/staff122/deepfake_project/outputs_deepfake_project/dfdc_subset_77_jpg/test/real/real_001362.jpg,0.0,3.29533067997545e-05,0
/media/D1/ait_users/staff122/deepfake_project/outputs_deepfake_project/dfdc_subset_77_jpg/test/real/real_001363.jpg,0.0,5.718849024560768e-06,0
/media/D1/ait_users/staff122/deepfake_project/outputs_deepfake_project/dfdc_subset_77_jpg/test/real/real_001364.jpg,0.0,0.04902021214365959,0
/media/D1/ait_users/staff122/deepfake_project/outputs_deepfake_project/dfdc_subset_77_jpg/test/real/real_001365.jpg,0.0,0.0559978149831295,0
/media/D1/ait_users/staff122/deepfake_project/outputs_deepfake_project/dfdc_subset_77_jpg/test/real/real_001366.jpg,0.0,1.6790309018688276e-05,0
/media/D1/ait_users/staff122/deepfake_project/outputs_deepfake_project/dfdc_subset_77_jpg/test/real/real_001367.jpg,0.0,3.265863415435888e-05,0
/media/D1/ait_users/staff122/deepfake_project/outputs_deepfake_project/dfdc_subset_77_jpg/test/real/real_001368.jpg,0.0,1.0894337719946634e-05,0
/media/D1/ait_users/staff122/deepfake_project/outputs_deepfake_project/dfdc_subset_77_jpg/test/real/real_001369.jpg,0.0,0.00022074460866861045,0
/media/D1/ait_users/staff122/deepfake_project/outputs_deepfake_project/dfdc_subset_77_jpg/test/real/real_001370.jpg,0.0,0.00010731968359323218,0
/media/D1/ait_users/staff122/deepfake_project/outputs_deepfake_project/dfdc_subset_77_jpg/test/real/real_001371.jpg,0.0,0.04816284403204918,0
/media/D1/ait_users/staff122/deepfake_project/outputs_deepfake_project/dfdc_subset_77_jpg/test/real/real_001372.jpg,0.0,3.156364618916996e-05,0
/media/D1/ait_users/staff122/deepfake_project/outputs_deepfake_project/dfdc_subset_77_jpg/test/real/real_001373.jpg,0.0,7.407195425912505e-06,0
/media/D1/ait_users/staff122/deepfake_project/outputs_deepfake_project/dfdc_subset_77_jpg/test/real/real_001374.jpg,0.0,0.00023618401610292494,0
/media/D1/ait_users/staff122/deepfake_project/outputs_deepfake_project/dfdc_subset_77_jpg/test/real/real_001375.jpg,0.0,0.8897420167922974,1
/media/D1/ait_users/staff122/deepfake_project/outputs_deepfake_project/dfdc_subset_77_jpg/test/real/real_001376.jpg,0.0,0.0004052435397170484,0
/media/D1/ait_users/staff122/deepfake_project/outputs_deepfake_project/dfdc_subset_77_jpg/test/real/real_001377.jpg,0.0,2.7450716515886597e-05,0
/media/D1/ait_users/staff122/deepfake_project/outputs_deepfake_project/dfdc_subset_77_jpg/test/real/real_001378.jpg,0.0,0.13421913981437683,0
/media/D1/ait_users/staff122/deepfake_project/outputs_deepfake_project/dfdc_subset_77_jpg/test/real/real_001379.jpg,0.0,0.1731310933828354,0
/media/D1/ait_users/staff122/deepfake_project/outputs_deepfake_project/dfdc_subset_77_jpg/test/real/real_001380.jpg,0.0,0.001874677836894989,0
/media/D1/ait_users/staff122/deepfake_project/outputs_deepfake_project/dfdc_subset_77_jpg/test/real/real_001381.jpg,0.0,0.0008218712173402309,0
/media/D1/ait_users/staff122/deepfake_project/outputs_deepfake_project/dfdc_subset_77_jpg/test/real/real_001382.jpg,0.0,0.005456771235913038,0
/media/D1/ait_users/staff122/deepfake_project/outputs_deepfake_project/dfdc_subset_77_jpg/test/real/real_001383.jpg,0.0,0.16280746459960938,0
/media/D1/ait_users/staff122/deepfake_project/outputs_deepfake_project/dfdc_subset_77_jpg/test/real/real_001384.jpg,0.0,0.0034967425744980574,0
/media/D1/ait_users/staff122/deepfake_project/outputs_deepfake_project/dfdc_subset_77_jpg/test/real/real_001385.jpg,0.0,0.00041378269088454545,0
/media/D1/ait_users/staff122/deepfake_project/outputs_deepfake_project/dfdc_subset_77_jpg/test/real/real_001386.jpg,0.0,0.17130973935127258,0
/media/D1/ait_users/staff122/deepfake_project/outputs_deepfake_project/dfdc_subset_77_jpg/test/real/real_001387.jpg,0.0,0.337919682264328,0
/media/D1/ait_users/staff122/deepfake_project/outputs_deepfake_project/dfdc_subset_77_jpg/test/real/real_001388.jpg,0.0,0.268471896648407,0
/media/D1/ait_users/staff122/deepfake_project/outputs_deepfake_project/dfdc_subset_77_jpg/test/real/real_001389.jpg,0.0,0.8526316285133362,1
/media/D1/ait_users/staff122/deepfake_project/outputs_deepfake_project/dfdc_subset_77_jpg/test/real/real_001390.jpg,0.0,0.0009394160588271916,0
/media/D1/ait_users/staff122/deepfake_project/outputs_deepfake_project/dfdc_subset_77_jpg/test/real/real_001391.jpg,0.0,0.9851341247558594,1
/media/D1/ait_users/staff122/deepfake_project/outputs_deepfake_project/dfdc_subset_77_jpg/test/real/real_001392.jpg,0.0,0.060374341905117035,0
/media/D1/ait_users/staff122/deepfake_project/outputs_deepfake_project/dfdc_subset_77_jpg/test/real/real_001393.jpg,0.0,0.11188384890556335,0
/media/D1/ait_users/staff122/deepfake_project/outputs_deepfake_project/dfdc_subset_77_jpg/test/real/real_001394.jpg,0.0,0.032534047961235046,0
/media/D1/ait_users/staff122/deepfake_project/outputs_deepfake_project/dfdc_subset_77_jpg/test/real/real_001395.jpg,0.0,0.5962676405906677,1
/media/D1/ait_users/staff122/deepfake_project/outputs_deepfake_project/dfdc_subset_77_jpg/test/real/real_001396.jpg,0.0,0.30343130230903625,0
/media/D1/ait_users/staff122/deepfake_project/outputs_deepfake_project/dfdc_subset_77_jpg/test/real/real_001397.jpg,0.0,0.12780945003032684,0
/media/D1/ait_users/staff122/deepfake_project/outputs_deepfake_project/dfdc_subset_77_jpg/test/real/real_001398.jpg,0.0,0.9059301614761353,1
/media/D1/ait_users/staff122/deepfake_project/outputs_deepfake_project/dfdc_subset_77_jpg/test/real/real_001399.jpg,0.0,0.4861788749694824,0
/media/D1/ait_users/staff122/deepfake_project/outputs_deepfake_project/dfdc_subset_77_jpg/test/real/real_001400.jpg,0.0,0.0017751456471160054,0
/media/D1/ait_users/staff122/deepfake_project/outputs_deepfake_project/dfdc_subset_77_jpg/test/real/real_001401.jpg,0.0,0.9968990087509155,1
/media/D1/ait_users/staff122/deepfake_project/outputs_deepfake_project/dfdc_subset_77_jpg/test/real/real_001402.jpg,0.0,0.9956258535385132,1
/media/D1/ait_users/staff122/deepfake_project/outputs_deepfake_project/dfdc_subset_77_jpg/test/real/real_001403.jpg,0.0,0.020212342962622643,0
/media/D1/ait_users/staff122/deepfake_project/outputs_deepfake_project/dfdc_subset_77_jpg/test/real/real_001404.jpg,0.0,0.1332453340291977,0
/media/D1/ait_users/staff122/deepfake_project/outputs_deepfake_project/dfdc_subset_77_jpg/test/real/real_001405.jpg,0.0,0.0006473442772403359,0
/media/D1/ait_users/staff122/deepfake_project/outputs_deepfake_project/dfdc_subset_77_jpg/test/real/real_001406.jpg,0.0,0.0016409055097028613,0
/media/D1/ait_users/staff122/deepfake_project/outputs_deepfake_project/dfdc_subset_77_jpg/test/real/real_001407.jpg,0.0,0.005237492732703686,0
/media/D1/ait_users/staff122/deepfake_project/outputs_deepfake_project/dfdc_subset_77_jpg/test/real/real_001408.jpg,0.0,0.9079568386077881,1
/media/D1/ait_users/staff122/deepfake_project/outputs_deepfake_project/dfdc_subset_77_jpg/test/real/real_001409.jpg,0.0,0.003216336015611887,0
/media/D1/ait_users/staff122/deepfake_project/outputs_deepfake_project/dfdc_subset_77_jpg/test/real/real_001410.jpg,0.0,0.004636517260223627,0
/media/D1/ait_users/staff122/deepfake_project/outputs_deepfake_project/dfdc_subset_77_jpg/test/real/real_001411.jpg,0.0,0.10849106311798096,0
/media/D1/ait_users/staff122/deepfake_project/outputs_deepfake_project/dfdc_subset_77_jpg/test/real/real_001412.jpg,0.0,0.9645319581031799,1
/media/D1/ait_users/staff122/deepfake_project/outputs_deepfake_project/dfdc_subset_77_jpg/test/real/real_001413.jpg,0.0,0.004767360631376505,0
/media/D1/ait_users/staff122/deepfake_project/outputs_deepfake_project/dfdc_subset_77_jpg/test/real/real_001414.jpg,0.0,0.004466393031179905,0
/media/D1/ait_users/staff122/deepfake_project/outputs_deepfake_project/dfdc_subset_77_jpg/test/real/real_001415.jpg,0.0,0.013292155228555202,0
/media/D1/ait_users/staff122/deepfake_project/outputs_deepfake_project/dfdc_subset_77_jpg/test/real/real_001416.jpg,0.0,4.366652501630597e-05,0
/media/D1/ait_users/staff122/deepfake_project/outputs_deepfake_project/dfdc_subset_77_jpg/test/real/real_001417.jpg,0.0,0.000442310149082914,0
/media/D1/ait_users/staff122/deepfake_project/outputs_deepfake_project/dfdc_subset_77_jpg/test/real/real_001418.jpg,0.0,0.0008392463787458837,0
/media/D1/ait_users/staff122/deepfake_project/outputs_deepfake_project/dfdc_subset_77_jpg/test/real/real_001419.jpg,0.0,0.22898182272911072,0
/media/D1/ait_users/staff122/deepfake_project/outputs_deepfake_project/dfdc_subset_77_jpg/test/real/real_001420.jpg,0.0,0.01527809165418148,0
/media/D1/ait_users/staff122/deepfake_project/outputs_deepfake_project/dfdc_subset_77_jpg/test/real/real_001421.jpg,0.0,0.6311925053596497,1
/media/D1/ait_users/staff122/deepfake_project/outputs_deepfake_project/dfdc_subset_77_jpg/test/real/real_001422.jpg,0.0,0.46154889464378357,0
/media/D1/ait_users/staff122/deepfake_project/outputs_deepfake_project/dfdc_subset_77_jpg/test/real/real_001423.jpg,0.0,0.17822152376174927,0
/media/D1/ait_users/staff122/deepfake_project/outputs_deepfake_project/dfdc_subset_77_jpg/test/real/real_001424.jpg,0.0,0.00017563770234119147,0
/media/D1/ait_users/staff122/deepfake_project/outputs_deepfake_project/dfdc_subset_77_jpg/test/real/real_001425.jpg,0.0,0.0016965799732133746,0
/media/D1/ait_users/staff122/deepfake_project/outputs_deepfake_project/dfdc_subset_77_jpg/test/real/real_001426.jpg,0.0,0.0033375828061252832,0
/media/D1/ait_users/staff122/deepfake_project/outputs_deepfake_project/dfdc_subset_77_jpg/test/real/real_001427.jpg,0.0,0.0006222014199011028,0
/media/D1/ait_users/staff122/deepfake_project/outputs_deepfake_project/dfdc_subset_77_jpg/test/real/real_001428.jpg,0.0,0.03080100566148758,0
/media/D1/ait_users/staff122/deepfake_project/outputs_deepfake_project/dfdc_subset_77_jpg/test/real/real_001429.jpg,0.0,0.9188204407691956,1
/media/D1/ait_users/staff122/deepfake_project/outputs_deepfake_project/dfdc_subset_77_jpg/test/real/real_001430.jpg,0.0,0.9996654987335205,1
/media/D1/ait_users/staff122/deepfake_project/outputs_deepfake_project/dfdc_subset_77_jpg/test/real/real_001431.jpg,0.0,0.026722226291894913,0
/media/D1/ait_users/staff122/deepfake_project/outputs_deepfake_project/dfdc_subset_77_jpg/test/real/real_001432.jpg,0.0,0.0017963106511160731,0
/media/D1/ait_users/staff122/deepfake_project/outputs_deepfake_project/dfdc_subset_77_jpg/test/real/real_001433.jpg,0.0,0.021669546142220497,0
/media/D1/ait_users/staff122/deepfake_project/outputs_deepfake_project/dfdc_subset_77_jpg/test/real/real_001434.jpg,0.0,0.008257230743765831,0
/media/D1/ait_users/staff122/deepfake_project/outputs_deepfake_project/dfdc_subset_77_jpg/test/real/real_001435.jpg,0.0,0.0005662900512106717,0
/media/D1/ait_users/staff122/deepfake_project/outputs_deepfake_project/dfdc_subset_77_jpg/test/real/real_001436.jpg,0.0,0.00025528494734317064,0
/media/D1/ait_users/staff122/deepfake_project/outputs_deepfake_project/dfdc_subset_77_jpg/test/real/real_001437.jpg,0.0,0.002491406165063381,0
/media/D1/ait_users/staff122/deepfake_project/outputs_deepfake_project/dfdc_subset_77_jpg/test/real/real_001438.jpg,0.0,0.0010682966094464064,0
/media/D1/ait_users/staff122/deepfake_project/outputs_deepfake_project/dfdc_subset_77_jpg/test/real/real_001439.jpg,0.0,0.0006924354238435626,0
/media/D1/ait_users/staff122/deepfake_project/outputs_deepfake_project/dfdc_subset_77_jpg/test/real/real_001440.jpg,0.0,0.00013473287981469184,0
/media/D1/ait_users/staff122/deepfake_project/outputs_deepfake_project/dfdc_subset_77_jpg/test/real/real_001441.jpg,0.0,0.00059780094306916,0
/media/D1/ait_users/staff122/deepfake_project/outputs_deepfake_project/dfdc_subset_77_jpg/test/real/real_001442.jpg,0.0,0.0264304019510746,0
/media/D1/ait_users/staff122/deepfake_project/outputs_deepfake_project/dfdc_subset_77_jpg/test/real/real_001443.jpg,0.0,0.9946469664573669,1
/media/D1/ait_users/staff122/deepfake_project/outputs_deepfake_project/dfdc_subset_77_jpg/test/real/real_001444.jpg,0.0,0.9995970129966736,1
/media/D1/ait_users/staff122/deepfake_project/outputs_deepfake_project/dfdc_subset_77_jpg/test/real/real_001445.jpg,0.0,0.9959665536880493,1
/media/D1/ait_users/staff122/deepfake_project/outputs_deepfake_project/dfdc_subset_77_jpg/test/real/real_001446.jpg,0.0,0.8055550456047058,1
/media/D1/ait_users/staff122/deepfake_project/outputs_deepfake_project/dfdc_subset_77_jpg/test/real/real_001447.jpg,0.0,0.9978861212730408,1
/media/D1/ait_users/staff122/deepfake_project/outputs_deepfake_project/dfdc_subset_77_jpg/test/real/real_001448.jpg,0.0,0.9987842440605164,1
/media/D1/ait_users/staff122/deepfake_project/outputs_deepfake_project/dfdc_subset_77_jpg/test/real/real_001449.jpg,0.0,0.9995135068893433,1
/media/D1/ait_users/staff122/deepfake_project/outputs_deepfake_project/dfdc_subset_77_jpg/test/real/real_001450.jpg,0.0,0.9890215992927551,1
/media/D1/ait_users/staff122/deepfake_project/outputs_deepfake_project/dfdc_subset_77_jpg/test/real/real_001451.jpg,0.0,0.3120174705982208,0
/media/D1/ait_users/staff122/deepfake_project/outputs_deepfake_project/dfdc_subset_77_jpg/test/real/real_001452.jpg,0.0,0.03885733708739281,0
/media/D1/ait_users/staff122/deepfake_project/outputs_deepfake_project/dfdc_subset_77_jpg/test/real/real_001453.jpg,0.0,0.2769430875778198,0
/media/D1/ait_users/staff122/deepfake_project/outputs_deepfake_project/dfdc_subset_77_jpg/test/real/real_001454.jpg,0.0,0.0011943011777475476,0
/media/D1/ait_users/staff122/deepfake_project/outputs_deepfake_project/dfdc_subset_77_jpg/test/real/real_001455.jpg,0.0,0.01644694246351719,0
/media/D1/ait_users/staff122/deepfake_project/outputs_deepfake_project/dfdc_subset_77_jpg/test/real/real_001456.jpg,0.0,0.006689548958092928,0
/media/D1/ait_users/staff122/deepfake_project/outputs_deepfake_project/dfdc_subset_77_jpg/test/real/real_001457.jpg,0.0,0.9978234767913818,1
/media/D1/ait_users/staff122/deepfake_project/outputs_deepfake_project/dfdc_subset_77_jpg/test/real/real_001458.jpg,0.0,0.9954055547714233,1
/media/D1/ait_users/staff122/deepfake_project/outputs_deepfake_project/dfdc_subset_77_jpg/test/real/real_001459.jpg,0.0,0.04195761680603027,0
/media/D1/ait_users/staff122/deepfake_project/outputs_deepfake_project/dfdc_subset_77_jpg/test/real/real_001460.jpg,0.0,6.488717917818576e-05,0
/media/D1/ait_users/staff122/deepfake_project/outputs_deepfake_project/dfdc_subset_77_jpg/test/real/real_001461.jpg,0.0,0.00030031270580366254,0
/media/D1/ait_users/staff122/deepfake_project/outputs_deepfake_project/dfdc_subset_77_jpg/test/real/real_001462.jpg,0.0,0.0012922277674078941,0
/media/D1/ait_users/staff122/deepfake_project/outputs_deepfake_project/dfdc_subset_77_jpg/test/real/real_001463.jpg,0.0,0.007291141431778669,0
/media/D1/ait_users/staff122/deepfake_project/outputs_deepfake_project/dfdc_subset_77_jpg/test/real/real_001464.jpg,0.0,0.0009562656632624567,0
/media/D1/ait_users/staff122/deepfake_project/outputs_deepfake_project/dfdc_subset_77_jpg/test/real/real_001465.jpg,0.0,0.000775126158259809,0
/media/D1/ait_users/staff122/deepfake_project/outputs_deepfake_project/dfdc_subset_77_jpg/test/real/real_001466.jpg,0.0,6.004135502735153e-05,0
/media/D1/ait_users/staff122/deepfake_project/outputs_deepfake_project/dfdc_subset_77_jpg/test/real/real_001467.jpg,0.0,0.002866828814148903,0
/media/D1/ait_users/staff122/deepfake_project/outputs_deepfake_project/dfdc_subset_77_jpg/test/real/real_001468.jpg,0.0,0.0011526232119649649,0
/media/D1/ait_users/staff122/deepfake_project/outputs_deepfake_project/dfdc_subset_77_jpg/test/real/real_001469.jpg,0.0,1.889321174530778e-05,0
/media/D1/ait_users/staff122/deepfake_project/outputs_deepfake_project/dfdc_subset_77_jpg/test/real/real_001470.jpg,0.0,0.0001475355529692024,0
/media/D1/ait_users/staff122/deepfake_project/outputs_deepfake_project/dfdc_subset_77_jpg/test/real/real_001471.jpg,0.0,0.0001440838968846947,0
/media/D1/ait_users/staff122/deepfake_project/outputs_deepfake_project/dfdc_subset_77_jpg/test/real/real_001472.jpg,0.0,0.06601767987012863,0
/media/D1/ait_users/staff122/deepfake_project/outputs_deepfake_project/dfdc_subset_77_jpg/test/real/real_001473.jpg,0.0,0.5599580407142639,1
/media/D1/ait_users/staff122/deepfake_project/outputs_deepfake_project/dfdc_subset_77_jpg/test/real/real_001474.jpg,0.0,0.004423134028911591,0
/media/D1/ait_users/staff122/deepfake_project/outputs_deepfake_project/dfdc_subset_77_jpg/test/real/real_001475.jpg,0.0,0.4926231801509857,0
/media/D1/ait_users/staff122/deepfake_project/outputs_deepfake_project/dfdc_subset_77_jpg/test/real/real_001476.jpg,0.0,0.5284484028816223,1
/media/D1/ait_users/staff122/deepfake_project/outputs_deepfake_project/dfdc_subset_77_jpg/test/real/real_001477.jpg,0.0,0.35345765948295593,0
/media/D1/ait_users/staff122/deepfake_project/outputs_deepfake_project/dfdc_subset_77_jpg/test/real/real_001478.jpg,0.0,0.5464247465133667,1
/media/D1/ait_users/staff122/deepfake_project/outputs_deepfake_project/dfdc_subset_77_jpg/test/real/real_001479.jpg,0.0,0.09361345320940018,0
/media/D1/ait_users/staff122/deepfake_project/outputs_deepfake_project/dfdc_subset_77_jpg/test/real/real_001480.jpg,0.0,0.7461826801300049,1
/media/D1/ait_users/staff122/deepfake_project/outputs_deepfake_project/dfdc_subset_77_jpg/test/real/real_001481.jpg,0.0,0.07129669934511185,0
/media/D1/ait_users/staff122/deepfake_project/outputs_deepfake_project/dfdc_subset_77_jpg/test/real/real_001482.jpg,0.0,0.006144038401544094,0
/media/D1/ait_users/staff122/deepfake_project/outputs_deepfake_project/dfdc_subset_77_jpg/test/real/real_001483.jpg,0.0,0.05184714123606682,0
/media/D1/ait_users/staff122/deepfake_project/outputs_deepfake_project/dfdc_subset_77_jpg/test/real/real_001484.jpg,0.0,0.051044851541519165,0
/media/D1/ait_users/staff122/deepfake_project/outputs_deepfake_project/dfdc_subset_77_jpg/test/real/real_001485.jpg,0.0,0.13851334154605865,0
/media/D1/ait_users/staff122/deepfake_project/outputs_deepfake_project/dfdc_subset_77_jpg/test/real/real_001486.jpg,0.0,0.9913979768753052,1
/media/D1/ait_users/staff122/deepfake_project/outputs_deepfake_project/dfdc_subset_77_jpg/test/real/real_001487.jpg,0.0,0.12065745145082474,0
/media/D1/ait_users/staff122/deepfake_project/outputs_deepfake_project/dfdc_subset_77_jpg/test/real/real_001488.jpg,0.0,0.2757207155227661,0
/media/D1/ait_users/staff122/deepfake_project/outputs_deepfake_project/dfdc_subset_77_jpg/test/real/real_001489.jpg,0.0,0.5655631422996521,1
/media/D1/ait_users/staff122/deepfake_project/outputs_deepfake_project/dfdc_subset_77_jpg/test/real/real_001490.jpg,0.0,0.8987036943435669,1
/media/D1/ait_users/staff122/deepfake_project/outputs_deepfake_project/dfdc_subset_77_jpg/test/real/real_001491.jpg,0.0,0.9884500503540039,1
/media/D1/ait_users/staff122/deepfake_project/outputs_deepfake_project/dfdc_subset_77_jpg/test/real/real_001492.jpg,0.0,0.03535034507513046,0
/media/D1/ait_users/staff122/deepfake_project/outputs_deepfake_project/dfdc_subset_77_jpg/test/real/real_001493.jpg,0.0,0.4421302378177643,0
/media/D1/ait_users/staff122/deepfake_project/outputs_deepfake_project/dfdc_subset_77_jpg/test/real/real_001494.jpg,0.0,0.004157983232289553,0
/media/D1/ait_users/staff122/deepfake_project/outputs_deepfake_project/dfdc_subset_77_jpg/test/real/real_001495.jpg,0.0,0.07421141117811203,0
/media/D1/ait_users/staff122/deepfake_project/outputs_deepfake_project/dfdc_subset_77_jpg/test/real/real_001496.jpg,0.0,0.9988704323768616,1
/media/D1/ait_users/staff122/deepfake_project/outputs_deepfake_project/dfdc_subset_77_jpg/test/real/real_001497.jpg,0.0,0.38675251603126526,0
/media/D1/ait_users/staff122/deepfake_project/outputs_deepfake_project/dfdc_subset_77_jpg/test/real/real_001498.jpg,0.0,0.44175514578819275,0
/media/D1/ait_users/staff122/deepfake_project/outputs_deepfake_project/dfdc_subset_77_jpg/test/real/real_001499.jpg,0.0,0.7404244542121887,1
/media/D1/ait_users/staff122/deepfake_project/outputs_deepfake_project/dfdc_subset_77_jpg/test/real/real_001500.jpg,0.0,0.3900165557861328,0
/media/D1/ait_users/staff122/deepfake_project/outputs_deepfake_project/dfdc_subset_77_jpg/test/real/real_001501.jpg,0.0,0.03522147983312607,0
/media/D1/ait_users/staff122/deepfake_project/outputs_deepfake_project/dfdc_subset_77_jpg/test/real/real_001502.jpg,0.0,0.015974653884768486,0
/media/D1/ait_users/staff122/deepfake_project/outputs_deepfake_project/dfdc_subset_77_jpg/test/real/real_001503.jpg,0.0,0.20048825442790985,0
/media/D1/ait_users/staff122/deepfake_project/outputs_deepfake_project/dfdc_subset_77_jpg/test/real/real_001504.jpg,0.0,0.0014705165522173047,0
/media/D1/ait_users/staff122/deepfake_project/outputs_deepfake_project/dfdc_subset_77_jpg/test/real/real_001505.jpg,0.0,0.0002497298992238939,0
/media/D1/ait_users/staff122/deepfake_project/outputs_deepfake_project/dfdc_subset_77_jpg/test/real/real_001506.jpg,0.0,0.16558143496513367,0
/media/D1/ait_users/staff122/deepfake_project/outputs_deepfake_project/dfdc_subset_77_jpg/test/real/real_001507.jpg,0.0,0.001218247227370739,0
/media/D1/ait_users/staff122/deepfake_project/outputs_deepfake_project/dfdc_subset_77_jpg/test/real/real_001508.jpg,0.0,0.043280500918626785,0
/media/D1/ait_users/staff122/deepfake_project/outputs_deepfake_project/dfdc_subset_77_jpg/test/real/real_001509.jpg,0.0,0.0004411363916005939,0
/media/D1/ait_users/staff122/deepfake_project/outputs_deepfake_project/dfdc_subset_77_jpg/test/real/real_001510.jpg,0.0,0.6264011859893799,1
/media/D1/ait_users/staff122/deepfake_project/outputs_deepfake_project/dfdc_subset_77_jpg/test/real/real_001511.jpg,0.0,0.8978492021560669,1
/media/D1/ait_users/staff122/deepfake_project/outputs_deepfake_project/dfdc_subset_77_jpg/test/real/real_001512.jpg,0.0,0.8840861320495605,1
/media/D1/ait_users/staff122/deepfake_project/outputs_deepfake_project/dfdc_subset_77_jpg/test/real/real_001513.jpg,0.0,0.3044675588607788,0
/media/D1/ait_users/staff122/deepfake_project/outputs_deepfake_project/dfdc_subset_77_jpg/test/real/real_001514.jpg,0.0,0.7178958058357239,1
/media/D1/ait_users/staff122/deepfake_project/outputs_deepfake_project/dfdc_subset_77_jpg/test/real/real_001515.jpg,0.0,0.019599104300141335,0
/media/D1/ait_users/staff122/deepfake_project/outputs_deepfake_project/dfdc_subset_77_jpg/test/real/real_001516.jpg,0.0,0.9995964169502258,1
/media/D1/ait_users/staff122/deepfake_project/outputs_deepfake_project/dfdc_subset_77_jpg/test/real/real_001517.jpg,0.0,0.8217279314994812,1
/media/D1/ait_users/staff122/deepfake_project/outputs_deepfake_project/dfdc_subset_77_jpg/test/real/real_001518.jpg,0.0,0.7628215551376343,1
/media/D1/ait_users/staff122/deepfake_project/outputs_deepfake_project/dfdc_subset_77_jpg/test/real/real_001519.jpg,0.0,0.22308020293712616,0
/media/D1/ait_users/staff122/deepfake_project/outputs_deepfake_project/dfdc_subset_77_jpg/test/real/real_001520.jpg,0.0,0.005398513283580542,0
/media/D1/ait_users/staff122/deepfake_project/outputs_deepfake_project/dfdc_subset_77_jpg/test/real/real_001521.jpg,0.0,0.5910634398460388,1
/media/D1/ait_users/staff122/deepfake_project/outputs_deepfake_project/dfdc_subset_77_jpg/test/real/real_001522.jpg,0.0,0.8665657639503479,1
/media/D1/ait_users/staff122/deepfake_project/outputs_deepfake_project/dfdc_subset_77_jpg/test/real/real_001523.jpg,0.0,0.5244133472442627,1
/media/D1/ait_users/staff122/deepfake_project/outputs_deepfake_project/dfdc_subset_77_jpg/test/real/real_001524.jpg,0.0,0.01768583618104458,0
/media/D1/ait_users/staff122/deepfake_project/outputs_deepfake_project/dfdc_subset_77_jpg/test/real/real_001525.jpg,0.0,0.0069130174815654755,0
/media/D1/ait_users/staff122/deepfake_project/outputs_deepfake_project/dfdc_subset_77_jpg/test/real/real_001526.jpg,0.0,0.9909605383872986,1
/media/D1/ait_users/staff122/deepfake_project/outputs_deepfake_project/dfdc_subset_77_jpg/test/real/real_001527.jpg,0.0,0.9964404702186584,1
/media/D1/ait_users/staff122/deepfake_project/outputs_deepfake_project/dfdc_subset_77_jpg/test/real/real_001528.jpg,0.0,0.0025795395486056805,0
/media/D1/ait_users/staff122/deepfake_project/outputs_deepfake_project/dfdc_subset_77_jpg/test/real/real_001529.jpg,0.0,0.1447669118642807,0
/media/D1/ait_users/staff122/deepfake_project/outputs_deepfake_project/dfdc_subset_77_jpg/test/real/real_001530.jpg,0.0,0.0046557155437767506,0
/media/D1/ait_users/staff122/deepfake_project/outputs_deepfake_project/dfdc_subset_77_jpg/test/real/real_001531.jpg,0.0,0.004613107070326805,0
/media/D1/ait_users/staff122/deepfake_project/outputs_deepfake_project/dfdc_subset_77_jpg/test/real/real_001532.jpg,0.0,0.3135325014591217,0
/media/D1/ait_users/staff122/deepfake_project/outputs_deepfake_project/dfdc_subset_77_jpg/test/real/real_001533.jpg,0.0,0.9967681169509888,1
/media/D1/ait_users/staff122/deepfake_project/outputs_deepfake_project/dfdc_subset_77_jpg/test/real/real_001534.jpg,0.0,0.9946662187576294,1
/media/D1/ait_users/staff122/deepfake_project/outputs_deepfake_project/dfdc_subset_77_jpg/test/real/real_001535.jpg,0.0,0.252912312746048,0
/media/D1/ait_users/staff122/deepfake_project/outputs_deepfake_project/dfdc_subset_77_jpg/test/real/real_001536.jpg,0.0,0.907360851764679,1
/media/D1/ait_users/staff122/deepfake_project/outputs_deepfake_project/dfdc_subset_77_jpg/test/real/real_001537.jpg,0.0,0.7419945001602173,1
/media/D1/ait_users/staff122/deepfake_project/outputs_deepfake_project/dfdc_subset_77_jpg/test/real/real_001538.jpg,0.0,0.5859006643295288,1
/media/D1/ait_users/staff122/deepfake_project/outputs_deepfake_project/dfdc_subset_77_jpg/test/real/real_001539.jpg,0.0,0.7855632901191711,1
/media/D1/ait_users/staff122/deepfake_project/outputs_deepfake_project/dfdc_subset_77_jpg/test/real/real_001540.jpg,0.0,0.4309951961040497,0
/media/D1/ait_users/staff122/deepfake_project/outputs_deepfake_project/dfdc_subset_77_jpg/test/real/real_001541.jpg,0.0,0.3586362302303314,0
/media/D1/ait_users/staff122/deepfake_project/outputs_deepfake_project/dfdc_subset_77_jpg/test/real/real_001542.jpg,0.0,0.4871121048927307,0
/media/D1/ait_users/staff122/deepfake_project/outputs_deepfake_project/dfdc_subset_77_jpg/test/real/real_001543.jpg,0.0,0.5953251123428345,1
/media/D1/ait_users/staff122/deepfake_project/outputs_deepfake_project/dfdc_subset_77_jpg/test/real/real_001544.jpg,0.0,0.6709264516830444,1
/media/D1/ait_users/staff122/deepfake_project/outputs_deepfake_project/dfdc_subset_77_jpg/test/real/real_001545.jpg,0.0,0.525444507598877,1
/media/D1/ait_users/staff122/deepfake_project/outputs_deepfake_project/dfdc_subset_77_jpg/test/real/real_001546.jpg,0.0,0.8167966604232788,1
/media/D1/ait_users/staff122/deepfake_project/outputs_deepfake_project/dfdc_subset_77_jpg/test/real/real_001547.jpg,0.0,0.2951045036315918,0
/media/D1/ait_users/staff122/deepfake_project/outputs_deepfake_project/dfdc_subset_77_jpg/test/real/real_001548.jpg,0.0,0.1133447140455246,0
/media/D1/ait_users/staff122/deepfake_project/outputs_deepfake_project/dfdc_subset_77_jpg/test/real/real_001549.jpg,0.0,0.14788684248924255,0
/media/D1/ait_users/staff122/deepfake_project/outputs_deepfake_project/dfdc_subset_77_jpg/test/real/real_001550.jpg,0.0,0.3984960615634918,0
/media/D1/ait_users/staff122/deepfake_project/outputs_deepfake_project/dfdc_subset_77_jpg/test/real/real_001551.jpg,0.0,0.4565032720565796,0
/media/D1/ait_users/staff122/deepfake_project/outputs_deepfake_project/dfdc_subset_77_jpg/test/real/real_001552.jpg,0.0,0.6716092824935913,1
/media/D1/ait_users/staff122/deepfake_project/outputs_deepfake_project/dfdc_subset_77_jpg/test/real/real_001553.jpg,0.0,0.6868419647216797,1
/media/D1/ait_users/staff122/deepfake_project/outputs_deepfake_project/dfdc_subset_77_jpg/test/real/real_001554.jpg,0.0,0.9999672174453735,1
/media/D1/ait_users/staff122/deepfake_project/outputs_deepfake_project/dfdc_subset_77_jpg/test/real/real_001555.jpg,0.0,0.9988653659820557,1
/media/D1/ait_users/staff122/deepfake_project/outputs_deepfake_project/dfdc_subset_77_jpg/test/real/real_001556.jpg,0.0,0.11079699546098709,0
/media/D1/ait_users/staff122/deepfake_project/outputs_deepfake_project/dfdc_subset_77_jpg/test/real/real_001557.jpg,0.0,0.028325766324996948,0
/media/D1/ait_users/staff122/deepfake_project/outputs_deepfake_project/dfdc_subset_77_jpg/test/real/real_001558.jpg,0.0,0.017747417092323303,0
/media/D1/ait_users/staff122/deepfake_project/outputs_deepfake_project/dfdc_subset_77_jpg/test/real/real_001559.jpg,0.0,0.1798468828201294,0
/media/D1/ait_users/staff122/deepfake_project/outputs_deepfake_project/dfdc_subset_77_jpg/test/real/real_001560.jpg,0.0,0.3113914430141449,0
/media/D1/ait_users/staff122/deepfake_project/outputs_deepfake_project/dfdc_subset_77_jpg/test/real/real_001561.jpg,0.0,0.3355741798877716,0
/media/D1/ait_users/staff122/deepfake_project/outputs_deepfake_project/dfdc_subset_77_jpg/test/real/real_001562.jpg,0.0,0.35476043820381165,0
/media/D1/ait_users/staff122/deepfake_project/outputs_deepfake_project/dfdc_subset_77_jpg/test/real/real_001563.jpg,0.0,0.4479237198829651,0
/media/D1/ait_users/staff122/deepfake_project/outputs_deepfake_project/dfdc_subset_77_jpg/test/real/real_001564.jpg,0.0,0.16374316811561584,0
/media/D1/ait_users/staff122/deepfake_project/outputs_deepfake_project/dfdc_subset_77_jpg/test/real/real_001565.jpg,0.0,0.3916660249233246,0
/media/D1/ait_users/staff122/deepfake_project/outputs_deepfake_project/dfdc_subset_77_jpg/test/real/real_001566.jpg,0.0,0.02383005991578102,0
/media/D1/ait_users/staff122/deepfake_project/outputs_deepfake_project/dfdc_subset_77_jpg/test/real/real_001567.jpg,0.0,0.015305930748581886,0
/media/D1/ait_users/staff122/deepfake_project/outputs_deepfake_project/dfdc_subset_77_jpg/test/real/real_001568.jpg,0.0,0.04219586402177811,0
/media/D1/ait_users/staff122/deepfake_project/outputs_deepfake_project/dfdc_subset_77_jpg/test/real/real_001569.jpg,0.0,0.2586131989955902,0
/media/D1/ait_users/staff122/deepfake_project/outputs_deepfake_project/dfdc_subset_77_jpg/test/real/real_001570.jpg,0.0,0.06411222368478775,0
/media/D1/ait_users/staff122/deepfake_project/outputs_deepfake_project/dfdc_subset_77_jpg/test/real/real_001571.jpg,0.0,0.0003163506626151502,0
/media/D1/ait_users/staff122/deepfake_project/outputs_deepfake_project/dfdc_subset_77_jpg/test/real/real_001572.jpg,0.0,0.0337495282292366,0
/media/D1/ait_users/staff122/deepfake_project/outputs_deepfake_project/dfdc_subset_77_jpg/test/real/real_001573.jpg,0.0,0.0005146970506757498,0
/media/D1/ait_users/staff122/deepfake_project/outputs_deepfake_project/dfdc_subset_77_jpg/test/real/real_001574.jpg,0.0,0.016475066542625427,0
/media/D1/ait_users/staff122/deepfake_project/outputs_deepfake_project/dfdc_subset_77_jpg/test/real/real_001575.jpg,0.0,0.9996923208236694,1
/media/D1/ait_users/staff122/deepfake_project/outputs_deepfake_project/dfdc_subset_77_jpg/test/real/real_001576.jpg,0.0,0.37251824140548706,0
/media/D1/ait_users/staff122/deepfake_project/outputs_deepfake_project/dfdc_subset_77_jpg/test/real/real_001577.jpg,0.0,0.9537056684494019,1
/media/D1/ait_users/staff122/deepfake_project/outputs_deepfake_project/dfdc_subset_77_jpg/test/real/real_001578.jpg,0.0,0.003791328053921461,0
/media/D1/ait_users/staff122/deepfake_project/outputs_deepfake_project/dfdc_subset_77_jpg/test/real/real_001579.jpg,0.0,0.21533983945846558,0
/media/D1/ait_users/staff122/deepfake_project/outputs_deepfake_project/dfdc_subset_77_jpg/test/real/real_001580.jpg,0.0,0.8291917443275452,1
/media/D1/ait_users/staff122/deepfake_project/outputs_deepfake_project/dfdc_subset_77_jpg/test/real/real_001581.jpg,0.0,0.948826789855957,1
/media/D1/ait_users/staff122/deepfake_project/outputs_deepfake_project/dfdc_subset_77_jpg/test/real/real_001582.jpg,0.0,0.04212352633476257,0
/media/D1/ait_users/staff122/deepfake_project/outputs_deepfake_project/dfdc_subset_77_jpg/test/real/real_001583.jpg,0.0,0.02643851935863495,0
/media/D1/ait_users/staff122/deepfake_project/outputs_deepfake_project/dfdc_subset_77_jpg/test/real/real_001584.jpg,0.0,0.14565305411815643,0
/media/D1/ait_users/staff122/deepfake_project/outputs_deepfake_project/dfdc_subset_77_jpg/test/real/real_001585.jpg,0.0,0.0009723381954245269,0
/media/D1/ait_users/staff122/deepfake_project/outputs_deepfake_project/dfdc_subset_77_jpg/test/real/real_001586.jpg,0.0,0.0002572405501268804,0
/media/D1/ait_users/staff122/deepfake_project/outputs_deepfake_project/dfdc_subset_77_jpg/test/real/real_001587.jpg,0.0,0.1316867619752884,0
/media/D1/ait_users/staff122/deepfake_project/outputs_deepfake_project/dfdc_subset_77_jpg/test/real/real_001588.jpg,0.0,0.033666953444480896,0
/media/D1/ait_users/staff122/deepfake_project/outputs_deepfake_project/dfdc_subset_77_jpg/test/real/real_001589.jpg,0.0,0.287939190864563,0
/media/D1/ait_users/staff122/deepfake_project/outputs_deepfake_project/dfdc_subset_77_jpg/test/real/real_001590.jpg,0.0,0.0009047196363098919,0
/media/D1/ait_users/staff122/deepfake_project/outputs_deepfake_project/dfdc_subset_77_jpg/test/real/real_001591.jpg,0.0,0.12339013069868088,0
/media/D1/ait_users/staff122/deepfake_project/outputs_deepfake_project/dfdc_subset_77_jpg/test/real/real_001592.jpg,0.0,0.6769410371780396,1
/media/D1/ait_users/staff122/deepfake_project/outputs_deepfake_project/dfdc_subset_77_jpg/test/real/real_001593.jpg,0.0,0.999643087387085,1
/media/D1/ait_users/staff122/deepfake_project/outputs_deepfake_project/dfdc_subset_77_jpg/test/real/real_001594.jpg,0.0,0.9128151535987854,1
/media/D1/ait_users/staff122/deepfake_project/outputs_deepfake_project/dfdc_subset_77_jpg/test/real/real_001595.jpg,0.0,0.9340441226959229,1
/media/D1/ait_users/staff122/deepfake_project/outputs_deepfake_project/dfdc_subset_77_jpg/test/real/real_001596.jpg,0.0,0.9995918869972229,1
/media/D1/ait_users/staff122/deepfake_project/outputs_deepfake_project/dfdc_subset_77_jpg/test/real/real_001597.jpg,0.0,0.13720467686653137,0
/media/D1/ait_users/staff122/deepfake_project/outputs_deepfake_project/dfdc_subset_77_jpg/test/real/real_001598.jpg,0.0,0.002208521356806159,0
/media/D1/ait_users/staff122/deepfake_project/outputs_deepfake_project/dfdc_subset_77_jpg/test/real/real_001599.jpg,0.0,0.5611541271209717,1
/media/D1/ait_users/staff122/deepfake_project/outputs_deepfake_project/dfdc_subset_77_jpg/test/real/real_001600.jpg,0.0,0.8311113715171814,1
/media/D1/ait_users/staff122/deepfake_project/outputs_deepfake_project/dfdc_subset_77_jpg/test/real/real_001601.jpg,0.0,0.9127793312072754,1
/media/D1/ait_users/staff122/deepfake_project/outputs_deepfake_project/dfdc_subset_77_jpg/test/real/real_001602.jpg,0.0,0.36326560378074646,0
/media/D1/ait_users/staff122/deepfake_project/outputs_deepfake_project/dfdc_subset_77_jpg/test/real/real_001603.jpg,0.0,0.4950982928276062,0
/media/D1/ait_users/staff122/deepfake_project/outputs_deepfake_project/dfdc_subset_77_jpg/test/real/real_001604.jpg,0.0,0.8807002305984497,1
/media/D1/ait_users/staff122/deepfake_project/outputs_deepfake_project/dfdc_subset_77_jpg/test/real/real_001605.jpg,0.0,0.5137766003608704,1
/media/D1/ait_users/staff122/deepfake_project/outputs_deepfake_project/dfdc_subset_77_jpg/test/real/real_001606.jpg,0.0,0.9493007659912109,1
/media/D1/ait_users/staff122/deepfake_project/outputs_deepfake_project/dfdc_subset_77_jpg/test/real/real_001607.jpg,0.0,0.923143208026886,1
/media/D1/ait_users/staff122/deepfake_project/outputs_deepfake_project/dfdc_subset_77_jpg/test/real/real_001608.jpg,0.0,0.2705099284648895,0
/media/D1/ait_users/staff122/deepfake_project/outputs_deepfake_project/dfdc_subset_77_jpg/test/real/real_001609.jpg,0.0,0.8224359154701233,1
/media/D1/ait_users/staff122/deepfake_project/outputs_deepfake_project/dfdc_subset_77_jpg/test/real/real_001610.jpg,0.0,0.025877809152007103,0
/media/D1/ait_users/staff122/deepfake_project/outputs_deepfake_project/dfdc_subset_77_jpg/test/real/real_001611.jpg,0.0,0.28027036786079407,0
/media/D1/ait_users/staff122/deepfake_project/outputs_deepfake_project/dfdc_subset_77_jpg/test/real/real_001612.jpg,0.0,0.29085657000541687,0
/media/D1/ait_users/staff122/deepfake_project/outputs_deepfake_project/dfdc_subset_77_jpg/test/real/real_001613.jpg,0.0,0.32379189133644104,0
/media/D1/ait_users/staff122/deepfake_project/outputs_deepfake_project/dfdc_subset_77_jpg/test/real/real_001614.jpg,0.0,0.8803988099098206,1
/media/D1/ait_users/staff122/deepfake_project/outputs_deepfake_project/dfdc_subset_77_jpg/test/real/real_001615.jpg,0.0,0.4747731387615204,0
/media/D1/ait_users/staff122/deepfake_project/outputs_deepfake_project/dfdc_subset_77_jpg/test/real/real_001616.jpg,0.0,0.28181734681129456,0
/media/D1/ait_users/staff122/deepfake_project/outputs_deepfake_project/dfdc_subset_77_jpg/test/real/real_001617.jpg,0.0,0.8760519027709961,1
/media/D1/ait_users/staff122/deepfake_project/outputs_deepfake_project/dfdc_subset_77_jpg/test/real/real_001618.jpg,0.0,0.8869430422782898,1
/media/D1/ait_users/staff122/deepfake_project/outputs_deepfake_project/dfdc_subset_77_jpg/test/real/real_001619.jpg,0.0,0.40752163529396057,0
/media/D1/ait_users/staff122/deepfake_project/outputs_deepfake_project/dfdc_subset_77_jpg/test/real/real_001620.jpg,0.0,0.30220624804496765,0
/media/D1/ait_users/staff122/deepfake_project/outputs_deepfake_project/dfdc_subset_77_jpg/test/real/real_001621.jpg,0.0,0.970752477645874,1
/media/D1/ait_users/staff122/deepfake_project/outputs_deepfake_project/dfdc_subset_77_jpg/test/real/real_001622.jpg,0.0,0.7476571202278137,1
/media/D1/ait_users/staff122/deepfake_project/outputs_deepfake_project/dfdc_subset_77_jpg/test/real/real_001623.jpg,0.0,0.8366668820381165,1
/media/D1/ait_users/staff122/deepfake_project/outputs_deepfake_project/dfdc_subset_77_jpg/test/real/real_001624.jpg,0.0,0.8838977813720703,1
/media/D1/ait_users/staff122/deepfake_project/outputs_deepfake_project/dfdc_subset_77_jpg/test/real/real_001625.jpg,0.0,0.7437397837638855,1
/media/D1/ait_users/staff122/deepfake_project/outputs_deepfake_project/dfdc_subset_77_jpg/test/real/real_001626.jpg,0.0,0.32222434878349304,0
/media/D1/ait_users/staff122/deepfake_project/outputs_deepfake_project/dfdc_subset_77_jpg/test/real/real_001627.jpg,0.0,0.6301891803741455,1
/media/D1/ait_users/staff122/deepfake_project/outputs_deepfake_project/dfdc_subset_77_jpg/test/real/real_001628.jpg,0.0,0.8796439170837402,1
/media/D1/ait_users/staff122/deepfake_project/outputs_deepfake_project/dfdc_subset_77_jpg/test/real/real_001629.jpg,0.0,0.84998619556427,1
/media/D1/ait_users/staff122/deepfake_project/outputs_deepfake_project/dfdc_subset_77_jpg/test/real/real_001630.jpg,0.0,0.9571644067764282,1
/media/D1/ait_users/staff122/deepfake_project/outputs_deepfake_project/dfdc_subset_77_jpg/test/real/real_001631.jpg,0.0,0.9629088640213013,1
/media/D1/ait_users/staff122/deepfake_project/outputs_deepfake_project/dfdc_subset_77_jpg/test/real/real_001632.jpg,0.0,0.999485969543457,1
/media/D1/ait_users/staff122/deepfake_project/outputs_deepfake_project/dfdc_subset_77_jpg/test/real/real_001633.jpg,0.0,0.989679217338562,1
/media/D1/ait_users/staff122/deepfake_project/outputs_deepfake_project/dfdc_subset_77_jpg/test/real/real_001634.jpg,0.0,0.9996060729026794,1
/media/D1/ait_users/staff122/deepfake_project/outputs_deepfake_project/dfdc_subset_77_jpg/test/real/real_001635.jpg,0.0,0.7037058472633362,1
/media/D1/ait_users/staff122/deepfake_project/outputs_deepfake_project/dfdc_subset_77_jpg/test/real/real_001636.jpg,0.0,0.8853331804275513,1
/media/D1/ait_users/staff122/deepfake_project/outputs_deepfake_project/dfdc_subset_77_jpg/test/real/real_001637.jpg,0.0,0.9099966287612915,1
/media/D1/ait_users/staff122/deepfake_project/outputs_deepfake_project/dfdc_subset_77_jpg/test/real/real_001638.jpg,0.0,0.99333655834198,1
/media/D1/ait_users/staff122/deepfake_project/outputs_deepfake_project/dfdc_subset_77_jpg/test/real/real_001639.jpg,0.0,0.2291225641965866,0
/media/D1/ait_users/staff122/deepfake_project/outputs_deepfake_project/dfdc_subset_77_jpg/test/real/real_001640.jpg,0.0,0.999329686164856,1
/media/D1/ait_users/staff122/deepfake_project/outputs_deepfake_project/dfdc_subset_77_jpg/test/real/real_001641.jpg,0.0,0.9967266321182251,1
/media/D1/ait_users/staff122/deepfake_project/outputs_deepfake_project/dfdc_subset_77_jpg/test/real/real_001642.jpg,0.0,0.9991907477378845,1
/media/D1/ait_users/staff122/deepfake_project/outputs_deepfake_project/dfdc_subset_77_jpg/test/real/real_001643.jpg,0.0,0.9996973276138306,1
/media/D1/ait_users/staff122/deepfake_project/outputs_deepfake_project/dfdc_subset_77_jpg/test/real/real_001644.jpg,0.0,0.9992904663085938,1
/media/D1/ait_users/staff122/deepfake_project/outputs_deepfake_project/dfdc_subset_77_jpg/test/real/real_001645.jpg,0.0,0.9001424908638,1
/media/D1/ait_users/staff122/deepfake_project/outputs_deepfake_project/dfdc_subset_77_jpg/test/real/real_001646.jpg,0.0,0.9715594053268433,1
/media/D1/ait_users/staff122/deepfake_project/outputs_deepfake_project/dfdc_subset_77_jpg/test/real/real_001647.jpg,0.0,0.977876603603363,1
/media/D1/ait_users/staff122/deepfake_project/outputs_deepfake_project/dfdc_subset_77_jpg/test/real/real_001648.jpg,0.0,0.8050208687782288,1
/media/D1/ait_users/staff122/deepfake_project/outputs_deepfake_project/dfdc_subset_77_jpg/test/real/real_001649.jpg,0.0,0.9807690382003784,1
/media/D1/ait_users/staff122/deepfake_project/outputs_deepfake_project/dfdc_subset_77_jpg/test/real/real_001650.jpg,0.0,0.9267041087150574,1
/media/D1/ait_users/staff122/deepfake_project/outputs_deepfake_project/dfdc_subset_77_jpg/test/real/real_001651.jpg,0.0,0.9612225890159607,1
/media/D1/ait_users/staff122/deepfake_project/outputs_deepfake_project/dfdc_subset_77_jpg/test/real/real_001652.jpg,0.0,0.8915324211120605,1
/media/D1/ait_users/staff122/deepfake_project/outputs_deepfake_project/dfdc_subset_77_jpg/test/real/real_001653.jpg,0.0,0.9892578721046448,1
/media/D1/ait_users/staff122/deepfake_project/outputs_deepfake_project/dfdc_subset_77_jpg/test/real/real_001654.jpg,0.0,0.8344833254814148,1
/media/D1/ait_users/staff122/deepfake_project/outputs_deepfake_project/dfdc_subset_77_jpg/test/real/real_001655.jpg,0.0,0.9941959381103516,1
/media/D1/ait_users/staff122/deepfake_project/outputs_deepfake_project/dfdc_subset_77_jpg/test/real/real_001656.jpg,0.0,0.931230366230011,1
/media/D1/ait_users/staff122/deepfake_project/outputs_deepfake_project/dfdc_subset_77_jpg/test/real/real_001657.jpg,0.0,0.998624324798584,1
/media/D1/ait_users/staff122/deepfake_project/outputs_deepfake_project/dfdc_subset_77_jpg/test/real/real_001658.jpg,0.0,0.995319664478302,1
/media/D1/ait_users/staff122/deepfake_project/outputs_deepfake_project/dfdc_subset_77_jpg/test/real/real_001659.jpg,0.0,0.8368390798568726,1
/media/D1/ait_users/staff122/deepfake_project/outputs_deepfake_project/dfdc_subset_77_jpg/test/real/real_001660.jpg,0.0,0.7959386110305786,1
/media/D1/ait_users/staff122/deepfake_project/outputs_deepfake_project/dfdc_subset_77_jpg/test/real/real_001661.jpg,0.0,0.3350330889225006,0
/media/D1/ait_users/staff122/deepfake_project/outputs_deepfake_project/dfdc_subset_77_jpg/test/real/real_001662.jpg,0.0,0.9872366189956665,1
/media/D1/ait_users/staff122/deepfake_project/outputs_deepfake_project/dfdc_subset_77_jpg/test/real/real_001663.jpg,0.0,0.9990443587303162,1
/media/D1/ait_users/staff122/deepfake_project/outputs_deepfake_project/dfdc_subset_77_jpg/test/real/real_001664.jpg,0.0,0.0002307450631633401,0
/media/D1/ait_users/staff122/deepfake_project/outputs_deepfake_project/dfdc_subset_77_jpg/test/real/real_001665.jpg,0.0,5.533536750590429e-05,0
/media/D1/ait_users/staff122/deepfake_project/outputs_deepfake_project/dfdc_subset_77_jpg/test/real/real_001666.jpg,0.0,0.0002889191673602909,0
/media/D1/ait_users/staff122/deepfake_project/outputs_deepfake_project/dfdc_subset_77_jpg/test/real/real_001667.jpg,0.0,2.707738349272404e-05,0
/media/D1/ait_users/staff122/deepfake_project/outputs_deepfake_project/dfdc_subset_77_jpg/test/real/real_001668.jpg,0.0,5.737659739679657e-05,0
/media/D1/ait_users/staff122/deepfake_project/outputs_deepfake_project/dfdc_subset_77_jpg/test/real/real_001669.jpg,0.0,0.049066659063100815,0
/media/D1/ait_users/staff122/deepfake_project/outputs_deepfake_project/dfdc_subset_77_jpg/test/real/real_001670.jpg,0.0,0.13100190460681915,0
/media/D1/ait_users/staff122/deepfake_project/outputs_deepfake_project/dfdc_subset_77_jpg/test/real/real_001671.jpg,0.0,0.03196778893470764,0
/media/D1/ait_users/staff122/deepfake_project/outputs_deepfake_project/dfdc_subset_77_jpg/test/real/real_001672.jpg,0.0,0.007322220131754875,0
/media/D1/ait_users/staff122/deepfake_project/outputs_deepfake_project/dfdc_subset_77_jpg/test/real/real_001673.jpg,0.0,0.0012639120686799288,0
/media/D1/ait_users/staff122/deepfake_project/outputs_deepfake_project/dfdc_subset_77_jpg/test/real/real_001674.jpg,0.0,0.0027516623958945274,0
/media/D1/ait_users/staff122/deepfake_project/outputs_deepfake_project/dfdc_subset_77_jpg/test/real/real_001675.jpg,0.0,0.0048203254118561745,0
/media/D1/ait_users/staff122/deepfake_project/outputs_deepfake_project/dfdc_subset_77_jpg/test/real/real_001676.jpg,0.0,0.0014623390743508935,0
/media/D1/ait_users/staff122/deepfake_project/outputs_deepfake_project/dfdc_subset_77_jpg/test/real/real_001677.jpg,0.0,0.000339940597768873,0
/media/D1/ait_users/staff122/deepfake_project/outputs_deepfake_project/dfdc_subset_77_jpg/test/real/real_001678.jpg,0.0,0.0005358423222787678,0
/media/D1/ait_users/staff122/deepfake_project/outputs_deepfake_project/dfdc_subset_77_jpg/test/real/real_001679.jpg,0.0,0.0013545905239880085,0
/media/D1/ait_users/staff122/deepfake_project/outputs_deepfake_project/dfdc_subset_77_jpg/test/real/real_001680.jpg,0.0,0.003585263155400753,0
/media/D1/ait_users/staff122/deepfake_project/outputs_deepfake_project/dfdc_subset_77_jpg/test/real/real_001681.jpg,0.0,0.0006933080148883164,0
/media/D1/ait_users/staff122/deepfake_project/outputs_deepfake_project/dfdc_subset_77_jpg/test/real/real_001682.jpg,0.0,0.003943215124309063,0
/media/D1/ait_users/staff122/deepfake_project/outputs_deepfake_project/dfdc_subset_77_jpg/test/real/real_001683.jpg,0.0,0.0019226549193263054,0
/media/D1/ait_users/staff122/deepfake_project/outputs_deepfake_project/dfdc_subset_77_jpg/test/real/real_001684.jpg,0.0,0.9767621159553528,1
/media/D1/ait_users/staff122/deepfake_project/outputs_deepfake_project/dfdc_subset_77_jpg/test/real/real_001685.jpg,0.0,0.020925510674715042,0
/media/D1/ait_users/staff122/deepfake_project/outputs_deepfake_project/dfdc_subset_77_jpg/test/real/real_001686.jpg,0.0,0.005979176145046949,0
/media/D1/ait_users/staff122/deepfake_project/outputs_deepfake_project/dfdc_subset_77_jpg/test/real/real_001687.jpg,0.0,0.0029330409597605467,0
/media/D1/ait_users/staff122/deepfake_project/outputs_deepfake_project/dfdc_subset_77_jpg/test/real/real_001688.jpg,0.0,0.00020832776499446481,0
/media/D1/ait_users/staff122/deepfake_project/outputs_deepfake_project/dfdc_subset_77_jpg/test/real/real_001689.jpg,0.0,0.00031050684629008174,0
/media/D1/ait_users/staff122/deepfake_project/outputs_deepfake_project/dfdc_subset_77_jpg/test/real/real_001690.jpg,0.0,0.0032474170438945293,0
/media/D1/ait_users/staff122/deepfake_project/outputs_deepfake_project/dfdc_subset_77_jpg/test/real/real_001691.jpg,0.0,0.003953172359615564,0
/media/D1/ait_users/staff122/deepfake_project/outputs_deepfake_project/dfdc_subset_77_jpg/test/real/real_001692.jpg,0.0,0.0007065897225402296,0
/media/D1/ait_users/staff122/deepfake_project/outputs_deepfake_project/dfdc_subset_77_jpg/test/real/real_001693.jpg,0.0,0.01489340141415596,0
/media/D1/ait_users/staff122/deepfake_project/outputs_deepfake_project/dfdc_subset_77_jpg/test/real/real_001694.jpg,0.0,0.0006440927973017097,0
/media/D1/ait_users/staff122/deepfake_project/outputs_deepfake_project/dfdc_subset_77_jpg/test/real/real_001695.jpg,0.0,0.005459655076265335,0
/media/D1/ait_users/staff122/deepfake_project/outputs_deepfake_project/dfdc_subset_77_jpg/test/real/real_001696.jpg,0.0,0.9966030120849609,1
/media/D1/ait_users/staff122/deepfake_project/outputs_deepfake_project/dfdc_subset_77_jpg/test/real/real_001697.jpg,0.0,0.7621445655822754,1
/media/D1/ait_users/staff122/deepfake_project/outputs_deepfake_project/dfdc_subset_77_jpg/test/real/real_001698.jpg,0.0,0.9979586601257324,1
/media/D1/ait_users/staff122/deepfake_project/outputs_deepfake_project/dfdc_subset_77_jpg/test/real/real_001699.jpg,0.0,0.9790619611740112,1
/media/D1/ait_users/staff122/deepfake_project/outputs_deepfake_project/dfdc_subset_77_jpg/test/real/real_001700.jpg,0.0,0.9347829818725586,1
/media/D1/ait_users/staff122/deepfake_project/outputs_deepfake_project/dfdc_subset_77_jpg/test/real/real_001701.jpg,0.0,0.8600262403488159,1
/media/D1/ait_users/staff122/deepfake_project/outputs_deepfake_project/dfdc_subset_77_jpg/test/real/real_001702.jpg,0.0,0.8723174929618835,1
/media/D1/ait_users/staff122/deepfake_project/outputs_deepfake_project/dfdc_subset_77_jpg/test/real/real_001703.jpg,0.0,0.9993281364440918,1
/media/D1/ait_users/staff122/deepfake_project/outputs_deepfake_project/dfdc_subset_77_jpg/test/real/real_001704.jpg,0.0,0.9900180697441101,1
/media/D1/ait_users/staff122/deepfake_project/outputs_deepfake_project/dfdc_subset_77_jpg/test/real/real_001705.jpg,0.0,0.9826268553733826,1
/media/D1/ait_users/staff122/deepfake_project/outputs_deepfake_project/dfdc_subset_77_jpg/test/real/real_001706.jpg,0.0,0.9982313513755798,1
/media/D1/ait_users/staff122/deepfake_project/outputs_deepfake_project/dfdc_subset_77_jpg/test/real/real_001707.jpg,0.0,0.9898324012756348,1
/media/D1/ait_users/staff122/deepfake_project/outputs_deepfake_project/dfdc_subset_77_jpg/test/real/real_001708.jpg,0.0,0.9064357876777649,1
/media/D1/ait_users/staff122/deepfake_project/outputs_deepfake_project/dfdc_subset_77_jpg/test/real/real_001709.jpg,0.0,0.9085385203361511,1
/media/D1/ait_users/staff122/deepfake_project/outputs_deepfake_project/dfdc_subset_77_jpg/test/real/real_001710.jpg,0.0,0.991104781627655,1
/media/D1/ait_users/staff122/deepfake_project/outputs_deepfake_project/dfdc_subset_77_jpg/test/real/real_001711.jpg,0.0,0.9981063604354858,1
/media/D1/ait_users/staff122/deepfake_project/outputs_deepfake_project/dfdc_subset_77_jpg/test/real/real_001712.jpg,0.0,0.45780467987060547,0
/media/D1/ait_users/staff122/deepfake_project/outputs_deepfake_project/dfdc_subset_77_jpg/test/real/real_001713.jpg,0.0,0.9990652203559875,1
/media/D1/ait_users/staff122/deepfake_project/outputs_deepfake_project/dfdc_subset_77_jpg/test/real/real_001714.jpg,0.0,0.8211729526519775,1
/media/D1/ait_users/staff122/deepfake_project/outputs_deepfake_project/dfdc_subset_77_jpg/test/real/real_001715.jpg,0.0,0.8917621970176697,1
/media/D1/ait_users/staff122/deepfake_project/outputs_deepfake_project/dfdc_subset_77_jpg/test/real/real_001716.jpg,0.0,0.6782487034797668,1
/media/D1/ait_users/staff122/deepfake_project/outputs_deepfake_project/dfdc_subset_77_jpg/test/real/real_001717.jpg,0.0,0.6846475601196289,1
/media/D1/ait_users/staff122/deepfake_project/outputs_deepfake_project/dfdc_subset_77_jpg/test/real/real_001718.jpg,0.0,0.8848385214805603,1
/media/D1/ait_users/staff122/deepfake_project/outputs_deepfake_project/dfdc_subset_77_jpg/test/real/real_001719.jpg,0.0,0.5656842589378357,1
/media/D1/ait_users/staff122/deepfake_project/outputs_deepfake_project/dfdc_subset_77_jpg/test/real/real_001720.jpg,0.0,0.5755378603935242,1
/media/D1/ait_users/staff122/deepfake_project/outputs_deepfake_project/dfdc_subset_77_jpg/test/real/real_001721.jpg,0.0,0.9784588813781738,1
/media/D1/ait_users/staff122/deepfake_project/outputs_deepfake_project/dfdc_subset_77_jpg/test/real/real_001722.jpg,0.0,0.4668945372104645,0
/media/D1/ait_users/staff122/deepfake_project/outputs_deepfake_project/dfdc_subset_77_jpg/test/real/real_001723.jpg,0.0,0.9940292835235596,1
/media/D1/ait_users/staff122/deepfake_project/outputs_deepfake_project/dfdc_subset_77_jpg/test/real/real_001724.jpg,0.0,0.8302626013755798,1
/media/D1/ait_users/staff122/deepfake_project/outputs_deepfake_project/dfdc_subset_77_jpg/test/real/real_001725.jpg,0.0,0.6829648017883301,1
/media/D1/ait_users/staff122/deepfake_project/outputs_deepfake_project/dfdc_subset_77_jpg/test/real/real_001726.jpg,0.0,0.8690473437309265,1
/media/D1/ait_users/staff122/deepfake_project/outputs_deepfake_project/dfdc_subset_77_jpg/test/real/real_001727.jpg,0.0,0.5264383554458618,1
/media/D1/ait_users/staff122/deepfake_project/outputs_deepfake_project/dfdc_subset_77_jpg/test/real/real_001728.jpg,0.0,0.0010677146492525935,0
/media/D1/ait_users/staff122/deepfake_project/outputs_deepfake_project/dfdc_subset_77_jpg/test/real/real_001729.jpg,0.0,0.0008717052405700088,0
/media/D1/ait_users/staff122/deepfake_project/outputs_deepfake_project/dfdc_subset_77_jpg/test/real/real_001730.jpg,0.0,0.0012612345162779093,0
/media/D1/ait_users/staff122/deepfake_project/outputs_deepfake_project/dfdc_subset_77_jpg/test/real/real_001731.jpg,0.0,6.231341831153259e-05,0
/media/D1/ait_users/staff122/deepfake_project/outputs_deepfake_project/dfdc_subset_77_jpg/test/real/real_001732.jpg,0.0,4.18746676587034e-05,0
/media/D1/ait_users/staff122/deepfake_project/outputs_deepfake_project/dfdc_subset_77_jpg/test/real/real_001733.jpg,0.0,0.0002151429798686877,0
/media/D1/ait_users/staff122/deepfake_project/outputs_deepfake_project/dfdc_subset_77_jpg/test/real/real_001734.jpg,0.0,0.003128743963316083,0
/media/D1/ait_users/staff122/deepfake_project/outputs_deepfake_project/dfdc_subset_77_jpg/test/real/real_001735.jpg,0.0,0.0001898198388516903,0
/media/D1/ait_users/staff122/deepfake_project/outputs_deepfake_project/dfdc_subset_77_jpg/test/real/real_001736.jpg,0.0,0.0002142751618521288,0
/media/D1/ait_users/staff122/deepfake_project/outputs_deepfake_project/dfdc_subset_77_jpg/test/real/real_001737.jpg,0.0,0.011011399328708649,0
/media/D1/ait_users/staff122/deepfake_project/outputs_deepfake_project/dfdc_subset_77_jpg/test/real/real_001738.jpg,0.0,0.012244665995240211,0
/media/D1/ait_users/staff122/deepfake_project/outputs_deepfake_project/dfdc_subset_77_jpg/test/real/real_001739.jpg,0.0,0.006517570000141859,0
/media/D1/ait_users/staff122/deepfake_project/outputs_deepfake_project/dfdc_subset_77_jpg/test/real/real_001740.jpg,0.0,0.1445886492729187,0
/media/D1/ait_users/staff122/deepfake_project/outputs_deepfake_project/dfdc_subset_77_jpg/test/real/real_001741.jpg,0.0,0.0034724061843007803,0
/media/D1/ait_users/staff122/deepfake_project/outputs_deepfake_project/dfdc_subset_77_jpg/test/real/real_001742.jpg,0.0,0.020492909476161003,0
/media/D1/ait_users/staff122/deepfake_project/outputs_deepfake_project/dfdc_subset_77_jpg/test/real/real_001743.jpg,0.0,0.0030043914448469877,0
/media/D1/ait_users/staff122/deepfake_project/outputs_deepfake_project/dfdc_subset_77_jpg/test/real/real_001744.jpg,0.0,0.0001096306077670306,0
/media/D1/ait_users/staff122/deepfake_project/outputs_deepfake_project/dfdc_subset_77_jpg/test/real/real_001745.jpg,0.0,0.0002722109202295542,0
/media/D1/ait_users/staff122/deepfake_project/outputs_deepfake_project/dfdc_subset_77_jpg/test/real/real_001746.jpg,0.0,0.0017684712074697018,0
/media/D1/ait_users/staff122/deepfake_project/outputs_deepfake_project/dfdc_subset_77_jpg/test/real/real_001747.jpg,0.0,0.00029298794106580317,0
/media/D1/ait_users/staff122/deepfake_project/outputs_deepfake_project/dfdc_subset_77_jpg/test/real/real_001748.jpg,0.0,0.004607450217008591,0
/media/D1/ait_users/staff122/deepfake_project/outputs_deepfake_project/dfdc_subset_77_jpg/test/real/real_001749.jpg,0.0,0.003388916840776801,0
/media/D1/ait_users/staff122/deepfake_project/outputs_deepfake_project/dfdc_subset_77_jpg/test/real/real_001750.jpg,0.0,0.10362635552883148,0
/media/D1/ait_users/staff122/deepfake_project/outputs_deepfake_project/dfdc_subset_77_jpg/test/real/real_001751.jpg,0.0,0.0636858120560646,0
/media/D1/ait_users/staff122/deepfake_project/outputs_deepfake_project/dfdc_subset_77_jpg/test/real/real_001752.jpg,0.0,0.015805169939994812,0
/media/D1/ait_users/staff122/deepfake_project/outputs_deepfake_project/dfdc_subset_77_jpg/test/real/real_001753.jpg,0.0,0.0057530333288013935,0
/media/D1/ait_users/staff122/deepfake_project/outputs_deepfake_project/dfdc_subset_77_jpg/test/real/real_001754.jpg,0.0,0.0069573745131492615,0
/media/D1/ait_users/staff122/deepfake_project/outputs_deepfake_project/dfdc_subset_77_jpg/test/real/real_001755.jpg,0.0,0.004094347357749939,0
/media/D1/ait_users/staff122/deepfake_project/outputs_deepfake_project/dfdc_subset_77_jpg/test/real/real_001756.jpg,0.0,0.9999620914459229,1
/media/D1/ait_users/staff122/deepfake_project/outputs_deepfake_project/dfdc_subset_77_jpg/test/real/real_001757.jpg,0.0,0.023671263828873634,0
/media/D1/ait_users/staff122/deepfake_project/outputs_deepfake_project/dfdc_subset_77_jpg/test/real/real_001758.jpg,0.0,0.037233807146549225,0
/media/D1/ait_users/staff122/deepfake_project/outputs_deepfake_project/dfdc_subset_77_jpg/test/real/real_001759.jpg,0.0,0.017275702208280563,0
/media/D1/ait_users/staff122/deepfake_project/outputs_deepfake_project/dfdc_subset_77_jpg/test/real/real_001760.jpg,0.0,0.8877745270729065,1
/media/D1/ait_users/staff122/deepfake_project/outputs_deepfake_project/dfdc_subset_77_jpg/test/real/real_001761.jpg,0.0,0.8684288263320923,1
/media/D1/ait_users/staff122/deepfake_project/outputs_deepfake_project/dfdc_subset_77_jpg/test/real/real_001762.jpg,0.0,0.9214207530021667,1
/media/D1/ait_users/staff122/deepfake_project/outputs_deepfake_project/dfdc_subset_77_jpg/test/real/real_001763.jpg,0.0,0.326720654964447,0
/media/D1/ait_users/staff122/deepfake_project/outputs_deepfake_project/dfdc_subset_77_jpg/test/real/real_001764.jpg,0.0,0.9975680708885193,1
/media/D1/ait_users/staff122/deepfake_project/outputs_deepfake_project/dfdc_subset_77_jpg/test/real/real_001765.jpg,0.0,0.59481281042099,1
/media/D1/ait_users/staff122/deepfake_project/outputs_deepfake_project/dfdc_subset_77_jpg/test/real/real_001766.jpg,0.0,0.9600189328193665,1
/media/D1/ait_users/staff122/deepfake_project/outputs_deepfake_project/dfdc_subset_77_jpg/test/real/real_001767.jpg,0.0,0.9876773953437805,1
/media/D1/ait_users/staff122/deepfake_project/outputs_deepfake_project/dfdc_subset_77_jpg/test/real/real_001768.jpg,0.0,0.9357496500015259,1
/media/D1/ait_users/staff122/deepfake_project/outputs_deepfake_project/dfdc_subset_77_jpg/test/real/real_001769.jpg,0.0,0.7834460139274597,1
/media/D1/ait_users/staff122/deepfake_project/outputs_deepfake_project/dfdc_subset_77_jpg/test/real/real_001770.jpg,0.0,0.7996147274971008,1
/media/D1/ait_users/staff122/deepfake_project/outputs_deepfake_project/dfdc_subset_77_jpg/test/real/real_001771.jpg,0.0,0.9476792812347412,1
/media/D1/ait_users/staff122/deepfake_project/outputs_deepfake_project/dfdc_subset_77_jpg/test/real/real_001772.jpg,0.0,0.013619119301438332,0
/media/D1/ait_users/staff122/deepfake_project/outputs_deepfake_project/dfdc_subset_77_jpg/test/real/real_001773.jpg,0.0,0.7384798526763916,1
/media/D1/ait_users/staff122/deepfake_project/outputs_deepfake_project/dfdc_subset_77_jpg/test/real/real_001774.jpg,0.0,0.28612494468688965,0
/media/D1/ait_users/staff122/deepfake_project/outputs_deepfake_project/dfdc_subset_77_jpg/test/real/real_001775.jpg,0.0,0.9790316820144653,1
/media/D1/ait_users/staff122/deepfake_project/outputs_deepfake_project/dfdc_subset_77_jpg/test/real/real_001776.jpg,0.0,0.16516631841659546,0
/media/D1/ait_users/staff122/deepfake_project/outputs_deepfake_project/dfdc_subset_77_jpg/test/real/real_001777.jpg,0.0,0.010283514857292175,0
/media/D1/ait_users/staff122/deepfake_project/outputs_deepfake_project/dfdc_subset_77_jpg/test/real/real_001778.jpg,0.0,0.02534947171807289,0
/media/D1/ait_users/staff122/deepfake_project/outputs_deepfake_project/dfdc_subset_77_jpg/test/real/real_001779.jpg,0.0,0.014283189550042152,0
/media/D1/ait_users/staff122/deepfake_project/outputs_deepfake_project/dfdc_subset_77_jpg/test/real/real_001780.jpg,0.0,0.41979116201400757,0
/media/D1/ait_users/staff122/deepfake_project/outputs_deepfake_project/dfdc_subset_77_jpg/test/real/real_001781.jpg,0.0,0.9734192490577698,1
/media/D1/ait_users/staff122/deepfake_project/outputs_deepfake_project/dfdc_subset_77_jpg/test/real/real_001782.jpg,0.0,0.11295406520366669,0
/media/D1/ait_users/staff122/deepfake_project/outputs_deepfake_project/dfdc_subset_77_jpg/test/real/real_001783.jpg,0.0,0.0004966502892784774,0
/media/D1/ait_users/staff122/deepfake_project/outputs_deepfake_project/dfdc_subset_77_jpg/test/real/real_001784.jpg,0.0,0.3142920136451721,0
/media/D1/ait_users/staff122/deepfake_project/outputs_deepfake_project/dfdc_subset_77_jpg/test/real/real_001785.jpg,0.0,0.35406944155693054,0
/media/D1/ait_users/staff122/deepfake_project/outputs_deepfake_project/dfdc_subset_77_jpg/test/real/real_001786.jpg,0.0,0.15417170524597168,0
/media/D1/ait_users/staff122/deepfake_project/outputs_deepfake_project/dfdc_subset_77_jpg/test/real/real_001787.jpg,0.0,0.7143125534057617,1
/media/D1/ait_users/staff122/deepfake_project/outputs_deepfake_project/dfdc_subset_77_jpg/test/real/real_001788.jpg,0.0,0.07710664719343185,0
/media/D1/ait_users/staff122/deepfake_project/outputs_deepfake_project/dfdc_subset_77_jpg/test/real/real_001789.jpg,0.0,0.0798916146159172,0
/media/D1/ait_users/staff122/deepfake_project/outputs_deepfake_project/dfdc_subset_77_jpg/test/real/real_001790.jpg,0.0,0.7000553607940674,1
/media/D1/ait_users/staff122/deepfake_project/outputs_deepfake_project/dfdc_subset_77_jpg/test/real/real_001791.jpg,0.0,0.020241906866431236,0
/media/D1/ait_users/staff122/deepfake_project/outputs_deepfake_project/dfdc_subset_77_jpg/test/real/real_001792.jpg,0.0,9.183007932733744e-05,0
/media/D1/ait_users/staff122/deepfake_project/outputs_deepfake_project/dfdc_subset_77_jpg/test/real/real_001793.jpg,0.0,1.3242939530755393e-05,0
/media/D1/ait_users/staff122/deepfake_project/outputs_deepfake_project/dfdc_subset_77_jpg/test/real/real_001794.jpg,0.0,5.603269164566882e-05,0
/media/D1/ait_users/staff122/deepfake_project/outputs_deepfake_project/dfdc_subset_77_jpg/test/real/real_001795.jpg,0.0,0.0006342919659800828,0
/media/D1/ait_users/staff122/deepfake_project/outputs_deepfake_project/dfdc_subset_77_jpg/test/real/real_001796.jpg,0.0,7.033323345240206e-05,0
/media/D1/ait_users/staff122/deepfake_project/outputs_deepfake_project/dfdc_subset_77_jpg/test/real/real_001797.jpg,0.0,0.0022279878612607718,0
/media/D1/ait_users/staff122/deepfake_project/outputs_deepfake_project/dfdc_subset_77_jpg/test/real/real_001798.jpg,0.0,1.1705856195476372e-05,0
/media/D1/ait_users/staff122/deepfake_project/outputs_deepfake_project/dfdc_subset_77_jpg/test/real/real_001799.jpg,0.0,0.00011749211989808828,0
/media/D1/ait_users/staff122/deepfake_project/outputs_deepfake_project/dfdc_subset_77_jpg/test/real/real_001800.jpg,0.0,6.113627750892192e-05,0
/media/D1/ait_users/staff122/deepfake_project/outputs_deepfake_project/dfdc_subset_77_jpg/test/real/real_001801.jpg,0.0,6.264988769544289e-05,0
/media/D1/ait_users/staff122/deepfake_project/outputs_deepfake_project/dfdc_subset_77_jpg/test/real/real_001802.jpg,0.0,0.0008125500753521919,0
/media/D1/ait_users/staff122/deepfake_project/outputs_deepfake_project/dfdc_subset_77_jpg/test/real/real_001803.jpg,0.0,0.0005264745559543371,0
/media/D1/ait_users/staff122/deepfake_project/outputs_deepfake_project/dfdc_subset_77_jpg/test/real/real_001804.jpg,0.0,0.014284458011388779,0
/media/D1/ait_users/staff122/deepfake_project/outputs_deepfake_project/dfdc_subset_77_jpg/test/real/real_001805.jpg,0.0,0.00012095490819774568,0
/media/D1/ait_users/staff122/deepfake_project/outputs_deepfake_project/dfdc_subset_77_jpg/test/real/real_001806.jpg,0.0,0.0012861602008342743,0
/media/D1/ait_users/staff122/deepfake_project/outputs_deepfake_project/dfdc_subset_77_jpg/test/real/real_001807.jpg,0.0,0.00015370726760011166,0
/media/D1/ait_users/staff122/deepfake_project/outputs_deepfake_project/dfdc_subset_77_jpg/test/real/real_001808.jpg,0.0,0.00026234661345370114,0
/media/D1/ait_users/staff122/deepfake_project/outputs_deepfake_project/dfdc_subset_77_jpg/test/real/real_001809.jpg,0.0,0.00011383090168237686,0
/media/D1/ait_users/staff122/deepfake_project/outputs_deepfake_project/dfdc_subset_77_jpg/test/real/real_001810.jpg,0.0,0.00011688935774145648,0
/media/D1/ait_users/staff122/deepfake_project/outputs_deepfake_project/dfdc_subset_77_jpg/test/real/real_001811.jpg,0.0,0.000672477763146162,0
/media/D1/ait_users/staff122/deepfake_project/outputs_deepfake_project/dfdc_subset_77_jpg/test/real/real_001812.jpg,0.0,0.00013402593322098255,0
/media/D1/ait_users/staff122/deepfake_project/outputs_deepfake_project/dfdc_subset_77_jpg/test/real/real_001813.jpg,0.0,3.194529199390672e-05,0
/media/D1/ait_users/staff122/deepfake_project/outputs_deepfake_project/dfdc_subset_77_jpg/test/real/real_001814.jpg,0.0,0.00032327091321349144,0
/media/D1/ait_users/staff122/deepfake_project/outputs_deepfake_project/dfdc_subset_77_jpg/test/real/real_001815.jpg,0.0,0.00010241103154839948,0
/media/D1/ait_users/staff122/deepfake_project/outputs_deepfake_project/dfdc_subset_77_jpg/test/real/real_001816.jpg,0.0,0.00017005375411827117,0
/media/D1/ait_users/staff122/deepfake_project/outputs_deepfake_project/dfdc_subset_77_jpg/test/real/real_001817.jpg,0.0,6.869328899483662e-06,0
/media/D1/ait_users/staff122/deepfake_project/outputs_deepfake_project/dfdc_subset_77_jpg/test/real/real_001818.jpg,0.0,0.051336053758859634,0
/media/D1/ait_users/staff122/deepfake_project/outputs_deepfake_project/dfdc_subset_77_jpg/test/real/real_001819.jpg,0.0,8.322441863128915e-05,0
/media/D1/ait_users/staff122/deepfake_project/outputs_deepfake_project/dfdc_subset_77_jpg/test/real/real_001820.jpg,0.0,0.0005238863523118198,0
/media/D1/ait_users/staff122/deepfake_project/outputs_deepfake_project/dfdc_subset_77_jpg/test/real/real_001821.jpg,0.0,0.00010830248356796801,0
/media/D1/ait_users/staff122/deepfake_project/outputs_deepfake_project/dfdc_subset_77_jpg/test/real/real_001822.jpg,0.0,0.0010494490852579474,0
/media/D1/ait_users/staff122/deepfake_project/outputs_deepfake_project/dfdc_subset_77_jpg/test/real/real_001823.jpg,0.0,0.0001002373464871198,0
/media/D1/ait_users/staff122/deepfake_project/outputs_deepfake_project/dfdc_subset_77_jpg/test/real/real_001824.jpg,0.0,0.038687270134687424,0
/media/D1/ait_users/staff122/deepfake_project/outputs_deepfake_project/dfdc_subset_77_jpg/test/real/real_001825.jpg,0.0,0.018801487982273102,0
/media/D1/ait_users/staff122/deepfake_project/outputs_deepfake_project/dfdc_subset_77_jpg/test/real/real_001826.jpg,0.0,0.02995418570935726,0
/media/D1/ait_users/staff122/deepfake_project/outputs_deepfake_project/dfdc_subset_77_jpg/test/real/real_001827.jpg,0.0,0.015154381282627583,0
/media/D1/ait_users/staff122/deepfake_project/outputs_deepfake_project/dfdc_subset_77_jpg/test/real/real_001828.jpg,0.0,0.06905879825353622,0
/media/D1/ait_users/staff122/deepfake_project/outputs_deepfake_project/dfdc_subset_77_jpg/test/real/real_001829.jpg,0.0,0.24977561831474304,0
/media/D1/ait_users/staff122/deepfake_project/outputs_deepfake_project/dfdc_subset_77_jpg/test/real/real_001830.jpg,0.0,0.00029461621306836605,0
/media/D1/ait_users/staff122/deepfake_project/outputs_deepfake_project/dfdc_subset_77_jpg/test/real/real_001831.jpg,0.0,0.005173082929104567,0
/media/D1/ait_users/staff122/deepfake_project/outputs_deepfake_project/dfdc_subset_77_jpg/test/real/real_001832.jpg,0.0,0.002744309138506651,0
/media/D1/ait_users/staff122/deepfake_project/outputs_deepfake_project/dfdc_subset_77_jpg/test/real/real_001833.jpg,0.0,0.000943096587434411,0
/media/D1/ait_users/staff122/deepfake_project/outputs_deepfake_project/dfdc_subset_77_jpg/test/real/real_001834.jpg,0.0,0.09230129420757294,0
/media/D1/ait_users/staff122/deepfake_project/outputs_deepfake_project/dfdc_subset_77_jpg/test/real/real_001835.jpg,0.0,0.39555636048316956,0
/media/D1/ait_users/staff122/deepfake_project/outputs_deepfake_project/dfdc_subset_77_jpg/test/real/real_001836.jpg,0.0,0.0035904895048588514,0
/media/D1/ait_users/staff122/deepfake_project/outputs_deepfake_project/dfdc_subset_77_jpg/test/real/real_001837.jpg,0.0,8.732161950320005e-05,0
/media/D1/ait_users/staff122/deepfake_project/outputs_deepfake_project/dfdc_subset_77_jpg/test/real/real_001838.jpg,0.0,0.02775723673403263,0
/media/D1/ait_users/staff122/deepfake_project/outputs_deepfake_project/dfdc_subset_77_jpg/test/real/real_001839.jpg,0.0,0.0061209797859191895,0
/media/D1/ait_users/staff122/deepfake_project/outputs_deepfake_project/dfdc_subset_77_jpg/test/real/real_001840.jpg,0.0,2.6943978809867986e-05,0
/media/D1/ait_users/staff122/deepfake_project/outputs_deepfake_project/dfdc_subset_77_jpg/test/real/real_001841.jpg,0.0,0.8522263765335083,1
/media/D1/ait_users/staff122/deepfake_project/outputs_deepfake_project/dfdc_subset_77_jpg/test/real/real_001842.jpg,0.0,0.13833415508270264,0
/media/D1/ait_users/staff122/deepfake_project/outputs_deepfake_project/dfdc_subset_77_jpg/test/real/real_001843.jpg,0.0,0.9938964247703552,1
/media/D1/ait_users/staff122/deepfake_project/outputs_deepfake_project/dfdc_subset_77_jpg/test/real/real_001844.jpg,0.0,0.0006150637054815888,0
/media/D1/ait_users/staff122/deepfake_project/outputs_deepfake_project/dfdc_subset_77_jpg/test/real/real_001845.jpg,0.0,2.0310761101427488e-05,0
/media/D1/ait_users/staff122/deepfake_project/outputs_deepfake_project/dfdc_subset_77_jpg/test/real/real_001846.jpg,0.0,0.9983181953430176,1
/media/D1/ait_users/staff122/deepfake_project/outputs_deepfake_project/dfdc_subset_77_jpg/test/real/real_001847.jpg,0.0,0.05703387036919594,0
/media/D1/ait_users/staff122/deepfake_project/outputs_deepfake_project/dfdc_subset_77_jpg/test/real/real_001848.jpg,0.0,0.0017007061978802085,0
/media/D1/ait_users/staff122/deepfake_project/outputs_deepfake_project/dfdc_subset_77_jpg/test/real/real_001849.jpg,0.0,0.0008089938783086836,0
/media/D1/ait_users/staff122/deepfake_project/outputs_deepfake_project/dfdc_subset_77_jpg/test/real/real_001850.jpg,0.0,0.0007881693891249597,0
/media/D1/ait_users/staff122/deepfake_project/outputs_deepfake_project/dfdc_subset_77_jpg/test/real/real_001851.jpg,0.0,0.011330786161124706,0
/media/D1/ait_users/staff122/deepfake_project/outputs_deepfake_project/dfdc_subset_77_jpg/test/real/real_001852.jpg,0.0,0.20665277540683746,0
/media/D1/ait_users/staff122/deepfake_project/outputs_deepfake_project/dfdc_subset_77_jpg/test/real/real_001853.jpg,0.0,0.008830430917441845,0
/media/D1/ait_users/staff122/deepfake_project/outputs_deepfake_project/dfdc_subset_77_jpg/test/real/real_001854.jpg,0.0,0.8739790320396423,1
/media/D1/ait_users/staff122/deepfake_project/outputs_deepfake_project/dfdc_subset_77_jpg/test/real/real_001855.jpg,0.0,0.02046355977654457,0
/media/D1/ait_users/staff122/deepfake_project/outputs_deepfake_project/dfdc_subset_77_jpg/test/real/real_001856.jpg,0.0,0.9789021611213684,1
/media/D1/ait_users/staff122/deepfake_project/outputs_deepfake_project/dfdc_subset_77_jpg/test/real/real_001857.jpg,0.0,0.5281484723091125,1
/media/D1/ait_users/staff122/deepfake_project/outputs_deepfake_project/dfdc_subset_77_jpg/test/real/real_001858.jpg,0.0,0.9303801655769348,1
/media/D1/ait_users/staff122/deepfake_project/outputs_deepfake_project/dfdc_subset_77_jpg/test/real/real_001859.jpg,0.0,0.2757185995578766,0
/media/D1/ait_users/staff122/deepfake_project/outputs_deepfake_project/dfdc_subset_77_jpg/test/real/real_001860.jpg,0.0,0.452604204416275,0
/media/D1/ait_users/staff122/deepfake_project/outputs_deepfake_project/dfdc_subset_77_jpg/test/real/real_001861.jpg,0.0,0.9791548848152161,1
/media/D1/ait_users/staff122/deepfake_project/outputs_deepfake_project/dfdc_subset_77_jpg/test/real/real_001862.jpg,0.0,0.5874873995780945,1
/media/D1/ait_users/staff122/deepfake_project/outputs_deepfake_project/dfdc_subset_77_jpg/test/real/real_001863.jpg,0.0,0.9671632051467896,1
/media/D1/ait_users/staff122/deepfake_project/outputs_deepfake_project/dfdc_subset_77_jpg/test/real/real_001864.jpg,0.0,0.11833567917346954,0
/media/D1/ait_users/staff122/deepfake_project/outputs_deepfake_project/dfdc_subset_77_jpg/test/real/real_001865.jpg,0.0,0.1601952612400055,0
/media/D1/ait_users/staff122/deepfake_project/outputs_deepfake_project/dfdc_subset_77_jpg/test/real/real_001866.jpg,0.0,0.5919798016548157,1
/media/D1/ait_users/staff122/deepfake_project/outputs_deepfake_project/dfdc_subset_77_jpg/test/real/real_001867.jpg,0.0,0.4499710202217102,0
/media/D1/ait_users/staff122/deepfake_project/outputs_deepfake_project/dfdc_subset_77_jpg/test/real/real_001868.jpg,0.0,0.36529386043548584,0
/media/D1/ait_users/staff122/deepfake_project/outputs_deepfake_project/dfdc_subset_77_jpg/test/real/real_001869.jpg,0.0,0.5904254913330078,1
/media/D1/ait_users/staff122/deepfake_project/outputs_deepfake_project/dfdc_subset_77_jpg/test/real/real_001870.jpg,0.0,0.31203630566596985,0
/media/D1/ait_users/staff122/deepfake_project/outputs_deepfake_project/dfdc_subset_77_jpg/test/real/real_001871.jpg,0.0,0.893500804901123,1
/media/D1/ait_users/staff122/deepfake_project/outputs_deepfake_project/dfdc_subset_77_jpg/test/real/real_001872.jpg,0.0,0.5278714299201965,1
/media/D1/ait_users/staff122/deepfake_project/outputs_deepfake_project/dfdc_subset_77_jpg/test/real/real_001873.jpg,0.0,0.6319743990898132,1
/media/D1/ait_users/staff122/deepfake_project/outputs_deepfake_project/dfdc_subset_77_jpg/test/real/real_001874.jpg,0.0,0.653830885887146,1
/media/D1/ait_users/staff122/deepfake_project/outputs_deepfake_project/dfdc_subset_77_jpg/test/real/real_001875.jpg,0.0,0.9993751645088196,1
/media/D1/ait_users/staff122/deepfake_project/outputs_deepfake_project/dfdc_subset_77_jpg/test/real/real_001876.jpg,0.0,0.9737582802772522,1
/media/D1/ait_users/staff122/deepfake_project/outputs_deepfake_project/dfdc_subset_77_jpg/test/real/real_001877.jpg,0.0,0.9508745074272156,1
/media/D1/ait_users/staff122/deepfake_project/outputs_deepfake_project/dfdc_subset_77_jpg/test/real/real_001878.jpg,0.0,0.9912188649177551,1
/media/D1/ait_users/staff122/deepfake_project/outputs_deepfake_project/dfdc_subset_77_jpg/test/real/real_001879.jpg,0.0,0.5754830837249756,1
/media/D1/ait_users/staff122/deepfake_project/outputs_deepfake_project/dfdc_subset_77_jpg/test/real/real_001880.jpg,0.0,0.1037057638168335,0
/media/D1/ait_users/staff122/deepfake_project/outputs_deepfake_project/dfdc_subset_77_jpg/test/real/real_001881.jpg,0.0,0.9335747361183167,1
/media/D1/ait_users/staff122/deepfake_project/outputs_deepfake_project/dfdc_subset_77_jpg/test/real/real_001882.jpg,0.0,0.8174314498901367,1
/media/D1/ait_users/staff122/deepfake_project/outputs_deepfake_project/dfdc_subset_77_jpg/test/real/real_001883.jpg,0.0,0.2432648241519928,0
/media/D1/ait_users/staff122/deepfake_project/outputs_deepfake_project/dfdc_subset_77_jpg/test/real/real_001884.jpg,0.0,0.36316239833831787,0
/media/D1/ait_users/staff122/deepfake_project/outputs_deepfake_project/dfdc_subset_77_jpg/test/real/real_001885.jpg,0.0,0.5548560619354248,1
/media/D1/ait_users/staff122/deepfake_project/outputs_deepfake_project/dfdc_subset_77_jpg/test/real/real_001886.jpg,0.0,0.5482024550437927,1
/media/D1/ait_users/staff122/deepfake_project/outputs_deepfake_project/dfdc_subset_77_jpg/test/real/real_001887.jpg,0.0,0.19468212127685547,0
/media/D1/ait_users/staff122/deepfake_project/outputs_deepfake_project/dfdc_subset_77_jpg/test/real/real_001888.jpg,0.0,0.8710458278656006,1
/media/D1/ait_users/staff122/deepfake_project/outputs_deepfake_project/dfdc_subset_77_jpg/test/real/real_001889.jpg,0.0,0.010988206602633,0
/media/D1/ait_users/staff122/deepfake_project/outputs_deepfake_project/dfdc_subset_77_jpg/test/real/real_001890.jpg,0.0,0.015347064472734928,0
/media/D1/ait_users/staff122/deepfake_project/outputs_deepfake_project/dfdc_subset_77_jpg/test/real/real_001891.jpg,0.0,0.016334688290953636,0
/media/D1/ait_users/staff122/deepfake_project/outputs_deepfake_project/dfdc_subset_77_jpg/test/real/real_001892.jpg,0.0,0.046244893223047256,0
/media/D1/ait_users/staff122/deepfake_project/outputs_deepfake_project/dfdc_subset_77_jpg/test/real/real_001893.jpg,0.0,0.8893916606903076,1
/media/D1/ait_users/staff122/deepfake_project/outputs_deepfake_project/dfdc_subset_77_jpg/test/real/real_001894.jpg,0.0,0.0018160163890570402,0
/media/D1/ait_users/staff122/deepfake_project/outputs_deepfake_project/dfdc_subset_77_jpg/test/real/real_001895.jpg,0.0,0.00123366410844028,0
/media/D1/ait_users/staff122/deepfake_project/outputs_deepfake_project/dfdc_subset_77_jpg/test/real/real_001896.jpg,0.0,0.2642629146575928,0
/media/D1/ait_users/staff122/deepfake_project/outputs_deepfake_project/dfdc_subset_77_jpg/test/real/real_001897.jpg,0.0,0.0008572848746553063,0
/media/D1/ait_users/staff122/deepfake_project/outputs_deepfake_project/dfdc_subset_77_jpg/test/real/real_001898.jpg,0.0,0.0005493901553563774,0
/media/D1/ait_users/staff122/deepfake_project/outputs_deepfake_project/dfdc_subset_77_jpg/test/real/real_001899.jpg,0.0,0.4928334057331085,0
/media/D1/ait_users/staff122/deepfake_project/outputs_deepfake_project/dfdc_subset_77_jpg/test/real/real_001900.jpg,0.0,0.0036477926187217236,0
/media/D1/ait_users/staff122/deepfake_project/outputs_deepfake_project/dfdc_subset_77_jpg/test/real/real_001901.jpg,0.0,0.01919097639620304,0
/media/D1/ait_users/staff122/deepfake_project/outputs_deepfake_project/dfdc_subset_77_jpg/test/real/real_001902.jpg,0.0,0.032815854996442795,0
/media/D1/ait_users/staff122/deepfake_project/outputs_deepfake_project/dfdc_subset_77_jpg/test/real/real_001903.jpg,0.0,0.0192116666585207,0
/media/D1/ait_users/staff122/deepfake_project/outputs_deepfake_project/dfdc_subset_77_jpg/test/real/real_001904.jpg,0.0,0.3259390890598297,0
/media/D1/ait_users/staff122/deepfake_project/outputs_deepfake_project/dfdc_subset_77_jpg/test/real/real_001905.jpg,0.0,4.429986438481137e-05,0
/media/D1/ait_users/staff122/deepfake_project/outputs_deepfake_project/dfdc_subset_77_jpg/test/real/real_001906.jpg,0.0,0.0005133288213983178,0
/media/D1/ait_users/staff122/deepfake_project/outputs_deepfake_project/dfdc_subset_77_jpg/test/real/real_001907.jpg,0.0,1.647581666475162e-05,0
/media/D1/ait_users/staff122/deepfake_project/outputs_deepfake_project/dfdc_subset_77_jpg/test/real/real_001908.jpg,0.0,0.1491439789533615,0
/media/D1/ait_users/staff122/deepfake_project/outputs_deepfake_project/dfdc_subset_77_jpg/test/real/real_001909.jpg,0.0,0.023426400497555733,0
/media/D1/ait_users/staff122/deepfake_project/outputs_deepfake_project/dfdc_subset_77_jpg/test/real/real_001910.jpg,0.0,0.0032348574604839087,0
/media/D1/ait_users/staff122/deepfake_project/outputs_deepfake_project/dfdc_subset_77_jpg/test/real/real_001911.jpg,0.0,0.0036272958386689425,0
/media/D1/ait_users/staff122/deepfake_project/outputs_deepfake_project/dfdc_subset_77_jpg/test/real/real_001912.jpg,0.0,0.000264892412815243,0
/media/D1/ait_users/staff122/deepfake_project/outputs_deepfake_project/dfdc_subset_77_jpg/test/real/real_001913.jpg,0.0,0.00033047772012650967,0
/media/D1/ait_users/staff122/deepfake_project/outputs_deepfake_project/dfdc_subset_77_jpg/test/real/real_001914.jpg,0.0,0.9231092929840088,1
/media/D1/ait_users/staff122/deepfake_project/outputs_deepfake_project/dfdc_subset_77_jpg/test/real/real_001915.jpg,0.0,0.0028128924313932657,0
/media/D1/ait_users/staff122/deepfake_project/outputs_deepfake_project/dfdc_subset_77_jpg/test/real/real_001916.jpg,0.0,0.0005165223265066743,0
/media/D1/ait_users/staff122/deepfake_project/outputs_deepfake_project/dfdc_subset_77_jpg/test/real/real_001917.jpg,0.0,0.7725988626480103,1
/media/D1/ait_users/staff122/deepfake_project/outputs_deepfake_project/dfdc_subset_77_jpg/test/real/real_001918.jpg,0.0,0.44677865505218506,0
/media/D1/ait_users/staff122/deepfake_project/outputs_deepfake_project/dfdc_subset_77_jpg/test/real/real_001919.jpg,0.0,0.0006996331503614783,0
/media/D1/ait_users/staff122/deepfake_project/outputs_deepfake_project/dfdc_subset_77_jpg/test/real/real_001920.jpg,0.0,0.004175751004368067,0
/media/D1/ait_users/staff122/deepfake_project/outputs_deepfake_project/dfdc_subset_77_jpg/test/real/real_001921.jpg,0.0,0.11621872335672379,0
/media/D1/ait_users/staff122/deepfake_project/outputs_deepfake_project/dfdc_subset_77_jpg/test/real/real_001922.jpg,0.0,0.001557338167913258,0
/media/D1/ait_users/staff122/deepfake_project/outputs_deepfake_project/dfdc_subset_77_jpg/test/real/real_001923.jpg,0.0,0.9945181012153625,1
/media/D1/ait_users/staff122/deepfake_project/outputs_deepfake_project/dfdc_subset_77_jpg/test/real/real_001924.jpg,0.0,0.009002960287034512,0
/media/D1/ait_users/staff122/deepfake_project/outputs_deepfake_project/dfdc_subset_77_jpg/test/real/real_001925.jpg,0.0,0.0038979833479970694,0
/media/D1/ait_users/staff122/deepfake_project/outputs_deepfake_project/dfdc_subset_77_jpg/test/real/real_001926.jpg,0.0,0.008906852453947067,0
/media/D1/ait_users/staff122/deepfake_project/outputs_deepfake_project/dfdc_subset_77_jpg/test/real/real_001927.jpg,0.0,0.0037350617349147797,0
/media/D1/ait_users/staff122/deepfake_project/outputs_deepfake_project/dfdc_subset_77_jpg/test/real/real_001928.jpg,0.0,0.0012280482333153486,0
/media/D1/ait_users/staff122/deepfake_project/outputs_deepfake_project/dfdc_subset_77_jpg/test/real/real_001929.jpg,0.0,0.0045244633220136166,0
/media/D1/ait_users/staff122/deepfake_project/outputs_deepfake_project/dfdc_subset_77_jpg/test/real/real_001930.jpg,0.0,0.005470610223710537,0
/media/D1/ait_users/staff122/deepfake_project/outputs_deepfake_project/dfdc_subset_77_jpg/test/real/real_001931.jpg,0.0,0.0003891864325851202,0
/media/D1/ait_users/staff122/deepfake_project/outputs_deepfake_project/dfdc_subset_77_jpg/test/real/real_001932.jpg,0.0,0.032639119774103165,0
/media/D1/ait_users/staff122/deepfake_project/outputs_deepfake_project/dfdc_subset_77_jpg/test/real/real_001933.jpg,0.0,0.0015682694502174854,0
/media/D1/ait_users/staff122/deepfake_project/outputs_deepfake_project/dfdc_subset_77_jpg/test/real/real_001934.jpg,0.0,0.015345053747296333,0
/media/D1/ait_users/staff122/deepfake_project/outputs_deepfake_project/dfdc_subset_77_jpg/test/real/real_001935.jpg,0.0,0.0019639397505670786,0
/media/D1/ait_users/staff122/deepfake_project/outputs_deepfake_project/dfdc_subset_77_jpg/test/real/real_001936.jpg,0.0,0.0037946286611258984,0
/media/D1/ait_users/staff122/deepfake_project/outputs_deepfake_project/dfdc_subset_77_jpg/test/real/real_001937.jpg,0.0,0.20438922941684723,0
/media/D1/ait_users/staff122/deepfake_project/outputs_deepfake_project/dfdc_subset_77_jpg/test/real/real_001938.jpg,0.0,0.09479359537363052,0
/media/D1/ait_users/staff122/deepfake_project/outputs_deepfake_project/dfdc_subset_77_jpg/test/real/real_001939.jpg,0.0,0.8641440272331238,1
/media/D1/ait_users/staff122/deepfake_project/outputs_deepfake_project/dfdc_subset_77_jpg/test/real/real_001940.jpg,0.0,0.9597879648208618,1
/media/D1/ait_users/staff122/deepfake_project/outputs_deepfake_project/dfdc_subset_77_jpg/test/real/real_001941.jpg,0.0,0.965781033039093,1
/media/D1/ait_users/staff122/deepfake_project/outputs_deepfake_project/dfdc_subset_77_jpg/test/real/real_001942.jpg,0.0,0.9787843823432922,1
/media/D1/ait_users/staff122/deepfake_project/outputs_deepfake_project/dfdc_subset_77_jpg/test/real/real_001943.jpg,0.0,0.9697227478027344,1
/media/D1/ait_users/staff122/deepfake_project/outputs_deepfake_project/dfdc_subset_77_jpg/test/real/real_001944.jpg,0.0,0.4577607214450836,0
/media/D1/ait_users/staff122/deepfake_project/outputs_deepfake_project/dfdc_subset_77_jpg/test/real/real_001945.jpg,0.0,0.4013396203517914,0
/media/D1/ait_users/staff122/deepfake_project/outputs_deepfake_project/dfdc_subset_77_jpg/test/real/real_001946.jpg,0.0,0.09358659386634827,0
/media/D1/ait_users/staff122/deepfake_project/outputs_deepfake_project/dfdc_subset_77_jpg/test/real/real_001947.jpg,0.0,0.9576377868652344,1
/media/D1/ait_users/staff122/deepfake_project/outputs_deepfake_project/dfdc_subset_77_jpg/test/real/real_001948.jpg,0.0,0.0065391408279538155,0
/media/D1/ait_users/staff122/deepfake_project/outputs_deepfake_project/dfdc_subset_77_jpg/test/real/real_001949.jpg,0.0,0.9722772836685181,1
/media/D1/ait_users/staff122/deepfake_project/outputs_deepfake_project/dfdc_subset_77_jpg/test/real/real_001950.jpg,0.0,0.9768972396850586,1
/media/D1/ait_users/staff122/deepfake_project/outputs_deepfake_project/dfdc_subset_77_jpg/test/real/real_001951.jpg,0.0,0.96055668592453,1
/media/D1/ait_users/staff122/deepfake_project/outputs_deepfake_project/dfdc_subset_77_jpg/test/real/real_001952.jpg,0.0,0.8892005085945129,1
/media/D1/ait_users/staff122/deepfake_project/outputs_deepfake_project/dfdc_subset_77_jpg/test/real/real_001953.jpg,0.0,0.0001774724805727601,0
/media/D1/ait_users/staff122/deepfake_project/outputs_deepfake_project/dfdc_subset_77_jpg/test/real/real_001954.jpg,0.0,2.4077133275568485e-05,0
/media/D1/ait_users/staff122/deepfake_project/outputs_deepfake_project/dfdc_subset_77_jpg/test/real/real_001955.jpg,0.0,1.9355560652911663e-05,0
/media/D1/ait_users/staff122/deepfake_project/outputs_deepfake_project/dfdc_subset_77_jpg/test/real/real_001956.jpg,0.0,0.999848484992981,1
/media/D1/ait_users/staff122/deepfake_project/outputs_deepfake_project/dfdc_subset_77_jpg/test/real/real_001957.jpg,0.0,0.9995297193527222,1
/media/D1/ait_users/staff122/deepfake_project/outputs_deepfake_project/dfdc_subset_77_jpg/test/real/real_001958.jpg,0.0,0.0001491833245381713,0
/media/D1/ait_users/staff122/deepfake_project/outputs_deepfake_project/dfdc_subset_77_jpg/test/real/real_001959.jpg,0.0,0.00907641276717186,0
/media/D1/ait_users/staff122/deepfake_project/outputs_deepfake_project/dfdc_subset_77_jpg/test/real/real_001960.jpg,0.0,5.5590353440493345e-05,0
/media/D1/ait_users/staff122/deepfake_project/outputs_deepfake_project/dfdc_subset_77_jpg/test/real/real_001961.jpg,0.0,0.0017818078631535172,0
/media/D1/ait_users/staff122/deepfake_project/outputs_deepfake_project/dfdc_subset_77_jpg/test/real/real_001962.jpg,0.0,0.00027799117378890514,0
/media/D1/ait_users/staff122/deepfake_project/outputs_deepfake_project/dfdc_subset_77_jpg/test/real/real_001963.jpg,0.0,0.0008981408318504691,0
/media/D1/ait_users/staff122/deepfake_project/outputs_deepfake_project/dfdc_subset_77_jpg/test/real/real_001964.jpg,0.0,0.9994763731956482,1
/media/D1/ait_users/staff122/deepfake_project/outputs_deepfake_project/dfdc_subset_77_jpg/test/real/real_001965.jpg,0.0,0.9994149208068848,1
/media/D1/ait_users/staff122/deepfake_project/outputs_deepfake_project/dfdc_subset_77_jpg/test/real/real_001966.jpg,0.0,0.9999243021011353,1
/media/D1/ait_users/staff122/deepfake_project/outputs_deepfake_project/dfdc_subset_77_jpg/test/real/real_001967.jpg,0.0,0.00010293914237990975,0
/media/D1/ait_users/staff122/deepfake_project/outputs_deepfake_project/dfdc_subset_77_jpg/test/real/real_001968.jpg,0.0,0.9972043633460999,1
/media/D1/ait_users/staff122/deepfake_project/outputs_deepfake_project/dfdc_subset_77_jpg/test/real/real_001969.jpg,0.0,0.9978804588317871,1
/media/D1/ait_users/staff122/deepfake_project/outputs_deepfake_project/dfdc_subset_77_jpg/test/real/real_001970.jpg,0.0,0.99979168176651,1
/media/D1/ait_users/staff122/deepfake_project/outputs_deepfake_project/dfdc_subset_77_jpg/test/real/real_001971.jpg,0.0,0.09271109104156494,0
/media/D1/ait_users/staff122/deepfake_project/outputs_deepfake_project/dfdc_subset_77_jpg/test/real/real_001972.jpg,0.0,0.007414108142256737,0
/media/D1/ait_users/staff122/deepfake_project/outputs_deepfake_project/dfdc_subset_77_jpg/test/real/real_001973.jpg,0.0,0.0036062116269022226,0
/media/D1/ait_users/staff122/deepfake_project/outputs_deepfake_project/dfdc_subset_77_jpg/test/real/real_001974.jpg,0.0,0.9997352957725525,1
/media/D1/ait_users/staff122/deepfake_project/outputs_deepfake_project/dfdc_subset_77_jpg/test/real/real_001975.jpg,0.0,0.0001784307969501242,0
/media/D1/ait_users/staff122/deepfake_project/outputs_deepfake_project/dfdc_subset_77_jpg/test/real/real_001976.jpg,0.0,0.9996371269226074,1
/media/D1/ait_users/staff122/deepfake_project/outputs_deepfake_project/dfdc_subset_77_jpg/test/real/real_001977.jpg,0.0,8.072732453001663e-05,0
/media/D1/ait_users/staff122/deepfake_project/outputs_deepfake_project/dfdc_subset_77_jpg/test/real/real_001978.jpg,0.0,0.999994158744812,1
/media/D1/ait_users/staff122/deepfake_project/outputs_deepfake_project/dfdc_subset_77_jpg/test/real/real_001979.jpg,0.0,0.9999839067459106,1
/media/D1/ait_users/staff122/deepfake_project/outputs_deepfake_project/dfdc_subset_77_jpg/test/real/real_001980.jpg,0.0,0.9999822378158569,1
/media/D1/ait_users/staff122/deepfake_project/outputs_deepfake_project/dfdc_subset_77_jpg/test/real/real_001981.jpg,0.0,4.921749132336117e-05,0
/media/D1/ait_users/staff122/deepfake_project/outputs_deepfake_project/dfdc_subset_77_jpg/test/real/real_001982.jpg,0.0,0.9997541308403015,1
/media/D1/ait_users/staff122/deepfake_project/outputs_deepfake_project/dfdc_subset_77_jpg/test/real/real_001983.jpg,0.0,0.00010347540955990553,0
/media/D1/ait_users/staff122/deepfake_project/outputs_deepfake_project/dfdc_subset_77_jpg/test/real/real_001984.jpg,0.0,0.569675862789154,1
/media/D1/ait_users/staff122/deepfake_project/outputs_deepfake_project/dfdc_subset_77_jpg/test/real/real_001985.jpg,0.0,0.9629055857658386,1
/media/D1/ait_users/staff122/deepfake_project/outputs_deepfake_project/dfdc_subset_77_jpg/test/real/real_001986.jpg,0.0,0.9983125925064087,1
/media/D1/ait_users/staff122/deepfake_project/outputs_deepfake_project/dfdc_subset_77_jpg/test/real/real_001987.jpg,0.0,0.9973859190940857,1
/media/D1/ait_users/staff122/deepfake_project/outputs_deepfake_project/dfdc_subset_77_jpg/test/real/real_001988.jpg,0.0,0.997119665145874,1
/media/D1/ait_users/staff122/deepfake_project/outputs_deepfake_project/dfdc_subset_77_jpg/test/real/real_001989.jpg,0.0,0.9671450257301331,1
/media/D1/ait_users/staff122/deepfake_project/outputs_deepfake_project/dfdc_subset_77_jpg/test/real/real_001990.jpg,0.0,0.9820175766944885,1
/media/D1/ait_users/staff122/deepfake_project/outputs_deepfake_project/dfdc_subset_77_jpg/test/real/real_001991.jpg,0.0,0.9983401298522949,1
/media/D1/ait_users/staff122/deepfake_project/outputs_deepfake_project/dfdc_subset_77_jpg/test/real/real_001992.jpg,0.0,0.9975823163986206,1
/media/D1/ait_users/staff122/deepfake_project/outputs_deepfake_project/dfdc_subset_77_jpg/test/real/real_001993.jpg,0.0,0.9198797345161438,1
/media/D1/ait_users/staff122/deepfake_project/outputs_deepfake_project/dfdc_subset_77_jpg/test/real/real_001994.jpg,0.0,0.979614794254303,1
/media/D1/ait_users/staff122/deepfake_project/outputs_deepfake_project/dfdc_subset_77_jpg/test/real/real_001995.jpg,0.0,0.9996458292007446,1
/media/D1/ait_users/staff122/deepfake_project/outputs_deepfake_project/dfdc_subset_77_jpg/test/real/real_001996.jpg,0.0,0.9976250529289246,1
/media/D1/ait_users/staff122/deepfake_project/outputs_deepfake_project/dfdc_subset_77_jpg/test/real/real_001997.jpg,0.0,0.662493884563446,1
/media/D1/ait_users/staff122/deepfake_project/outputs_deepfake_project/dfdc_subset_77_jpg/test/real/real_001998.jpg,0.0,0.7751885056495667,1
/media/D1/ait_users/staff122/deepfake_project/outputs_deepfake_project/dfdc_subset_77_jpg/test/real/real_001999.jpg,0.0,0.9914785027503967,1
/media/D1/ait_users/staff122/deepfake_project/outputs_deepfake_project/dfdc_subset_77_jpg/test/real/real_002000.jpg,0.0,0.6674772500991821,1
/media/D1/ait_users/staff122/deepfake_project/outputs_deepfake_project/dfdc_subset_77_jpg/test/real/real_002001.jpg,0.0,0.9656243920326233,1
/media/D1/ait_users/staff122/deepfake_project/outputs_deepfake_project/dfdc_subset_77_jpg/test/real/real_002002.jpg,0.0,0.9936819076538086,1
/media/D1/ait_users/staff122/deepfake_project/outputs_deepfake_project/dfdc_subset_77_jpg/test/real/real_002003.jpg,0.0,0.5440310835838318,1
/media/D1/ait_users/staff122/deepfake_project/outputs_deepfake_project/dfdc_subset_77_jpg/test/real/real_002004.jpg,0.0,0.8126023411750793,1
/media/D1/ait_users/staff122/deepfake_project/outputs_deepfake_project/dfdc_subset_77_jpg/test/real/real_002005.jpg,0.0,0.998323380947113,1
/media/D1/ait_users/staff122/deepfake_project/outputs_deepfake_project/dfdc_subset_77_jpg/test/real/real_002006.jpg,0.0,0.9928416013717651,1
/media/D1/ait_users/staff122/deepfake_project/outputs_deepfake_project/dfdc_subset_77_jpg/test/real/real_002007.jpg,0.0,0.9861327409744263,1
/media/D1/ait_users/staff122/deepfake_project/outputs_deepfake_project/dfdc_subset_77_jpg/test/real/real_002008.jpg,0.0,0.9999997615814209,1
/media/D1/ait_users/staff122/deepfake_project/outputs_deepfake_project/dfdc_subset_77_jpg/test/real/real_002009.jpg,0.0,0.8062986135482788,1
/media/D1/ait_users/staff122/deepfake_project/outputs_deepfake_project/dfdc_subset_77_jpg/test/real/real_002010.jpg,0.0,0.4449540376663208,0
/media/D1/ait_users/staff122/deepfake_project/outputs_deepfake_project/dfdc_subset_77_jpg/test/real/real_002011.jpg,0.0,0.7258585691452026,1
/media/D1/ait_users/staff122/deepfake_project/outputs_deepfake_project/dfdc_subset_77_jpg/test/real/real_002012.jpg,0.0,0.4268912076950073,0
/media/D1/ait_users/staff122/deepfake_project/outputs_deepfake_project/dfdc_subset_77_jpg/test/real/real_002013.jpg,0.0,0.5273717641830444,1
/media/D1/ait_users/staff122/deepfake_project/outputs_deepfake_project/dfdc_subset_77_jpg/test/real/real_002014.jpg,0.0,0.44764474034309387,0
/media/D1/ait_users/staff122/deepfake_project/outputs_deepfake_project/dfdc_subset_77_jpg/test/real/real_002015.jpg,0.0,0.9980140924453735,1
/media/D1/ait_users/staff122/deepfake_project/outputs_deepfake_project/dfdc_subset_77_jpg/test/real/real_002016.jpg,0.0,0.9969504475593567,1
/media/D1/ait_users/staff122/deepfake_project/outputs_deepfake_project/dfdc_subset_77_jpg/test/real/real_002017.jpg,0.0,0.9999148845672607,1
/media/D1/ait_users/staff122/deepfake_project/outputs_deepfake_project/dfdc_subset_77_jpg/test/real/real_002018.jpg,0.0,0.9999945163726807,1
/media/D1/ait_users/staff122/deepfake_project/outputs_deepfake_project/dfdc_subset_77_jpg/test/real/real_002019.jpg,0.0,0.9999920129776001,1
/media/D1/ait_users/staff122/deepfake_project/outputs_deepfake_project/dfdc_subset_77_jpg/test/real/real_002020.jpg,0.0,0.9999765157699585,1
/media/D1/ait_users/staff122/deepfake_project/outputs_deepfake_project/dfdc_subset_77_jpg/test/real/real_002021.jpg,0.0,0.9999943971633911,1
/media/D1/ait_users/staff122/deepfake_project/outputs_deepfake_project/dfdc_subset_77_jpg/test/real/real_002022.jpg,0.0,0.9999864101409912,1
/media/D1/ait_users/staff122/deepfake_project/outputs_deepfake_project/dfdc_subset_77_jpg/test/real/real_002023.jpg,0.0,0.9996541738510132,1
/media/D1/ait_users/staff122/deepfake_project/outputs_deepfake_project/dfdc_subset_77_jpg/test/real/real_002024.jpg,0.0,0.9999732971191406,1
/media/D1/ait_users/staff122/deepfake_project/outputs_deepfake_project/dfdc_subset_77_jpg/test/real/real_002025.jpg,0.0,0.9989243149757385,1
/media/D1/ait_users/staff122/deepfake_project/outputs_deepfake_project/dfdc_subset_77_jpg/test/real/real_002026.jpg,0.0,0.9997332692146301,1
/media/D1/ait_users/staff122/deepfake_project/outputs_deepfake_project/dfdc_subset_77_jpg/test/real/real_002027.jpg,0.0,0.9997678399085999,1
/media/D1/ait_users/staff122/deepfake_project/outputs_deepfake_project/dfdc_subset_77_jpg/test/real/real_002028.jpg,0.0,0.9997194409370422,1
/media/D1/ait_users/staff122/deepfake_project/outputs_deepfake_project/dfdc_subset_77_jpg/test/real/real_002029.jpg,0.0,0.9999669790267944,1
/media/D1/ait_users/staff122/deepfake_project/outputs_deepfake_project/dfdc_subset_77_jpg/test/real/real_002030.jpg,0.0,0.9999954700469971,1
/media/D1/ait_users/staff122/deepfake_project/outputs_deepfake_project/dfdc_subset_77_jpg/test/real/real_002031.jpg,0.0,0.9999836683273315,1
/media/D1/ait_users/staff122/deepfake_project/outputs_deepfake_project/dfdc_subset_77_jpg/test/real/real_002032.jpg,0.0,0.9999994039535522,1
/media/D1/ait_users/staff122/deepfake_project/outputs_deepfake_project/dfdc_subset_77_jpg/test/real/real_002033.jpg,0.0,0.9999979734420776,1
/media/D1/ait_users/staff122/deepfake_project/outputs_deepfake_project/dfdc_subset_77_jpg/test/real/real_002034.jpg,0.0,0.999975323677063,1
/media/D1/ait_users/staff122/deepfake_project/outputs_deepfake_project/dfdc_subset_77_jpg/test/real/real_002035.jpg,0.0,0.9999123811721802,1
/media/D1/ait_users/staff122/deepfake_project/outputs_deepfake_project/dfdc_subset_77_jpg/test/real/real_002036.jpg,0.0,0.9999920129776001,1
/media/D1/ait_users/staff122/deepfake_project/outputs_deepfake_project/dfdc_subset_77_jpg/test/real/real_002037.jpg,0.0,0.9999939203262329,1
/media/D1/ait_users/staff122/deepfake_project/outputs_deepfake_project/dfdc_subset_77_jpg/test/real/real_002038.jpg,0.0,0.9999901056289673,1
/media/D1/ait_users/staff122/deepfake_project/outputs_deepfake_project/dfdc_subset_77_jpg/test/real/real_002039.jpg,0.0,0.9999877214431763,1
/media/D1/ait_users/staff122/deepfake_project/outputs_deepfake_project/dfdc_subset_77_jpg/test/real/real_002040.jpg,0.0,0.9999810457229614,1
/media/D1/ait_users/staff122/deepfake_project/outputs_deepfake_project/dfdc_subset_77_jpg/test/real/real_002041.jpg,0.0,0.9999047517776489,1
/media/D1/ait_users/staff122/deepfake_project/outputs_deepfake_project/dfdc_subset_77_jpg/test/real/real_002042.jpg,0.0,0.9999760389328003,1
/media/D1/ait_users/staff122/deepfake_project/outputs_deepfake_project/dfdc_subset_77_jpg/test/real/real_002043.jpg,0.0,0.9999886751174927,1
/media/D1/ait_users/staff122/deepfake_project/outputs_deepfake_project/dfdc_subset_77_jpg/test/real/real_002044.jpg,0.0,0.9999550580978394,1
/media/D1/ait_users/staff122/deepfake_project/outputs_deepfake_project/dfdc_subset_77_jpg/test/real/real_002045.jpg,0.0,0.9996647834777832,1
/media/D1/ait_users/staff122/deepfake_project/outputs_deepfake_project/dfdc_subset_77_jpg/test/real/real_002046.jpg,0.0,0.9981868863105774,1
/media/D1/ait_users/staff122/deepfake_project/outputs_deepfake_project/dfdc_subset_77_jpg/test/real/real_002047.jpg,0.0,0.9990377426147461,1
/media/D1/ait_users/staff122/deepfake_project/outputs_deepfake_project/dfdc_subset_77_jpg/test/real/real_002048.jpg,0.0,0.026174651458859444,0
/media/D1/ait_users/staff122/deepfake_project/outputs_deepfake_project/dfdc_subset_77_jpg/test/real/real_002049.jpg,0.0,0.39358431100845337,0
/media/D1/ait_users/staff122/deepfake_project/outputs_deepfake_project/dfdc_subset_77_jpg/test/real/real_002050.jpg,0.0,0.0032706919591873884,0
/media/D1/ait_users/staff122/deepfake_project/outputs_deepfake_project/dfdc_subset_77_jpg/test/real/real_002051.jpg,0.0,0.09555257856845856,0
/media/D1/ait_users/staff122/deepfake_project/outputs_deepfake_project/dfdc_subset_77_jpg/test/real/real_002052.jpg,0.0,0.40192630887031555,0
/media/D1/ait_users/staff122/deepfake_project/outputs_deepfake_project/dfdc_subset_77_jpg/test/real/real_002053.jpg,0.0,0.003877956187352538,0
/media/D1/ait_users/staff122/deepfake_project/outputs_deepfake_project/dfdc_subset_77_jpg/test/real/real_002054.jpg,0.0,0.08815611898899078,0
/media/D1/ait_users/staff122/deepfake_project/outputs_deepfake_project/dfdc_subset_77_jpg/test/real/real_002055.jpg,0.0,0.0816035345196724,0
/media/D1/ait_users/staff122/deepfake_project/outputs_deepfake_project/dfdc_subset_77_jpg/test/real/real_002056.jpg,0.0,0.49135953187942505,0
/media/D1/ait_users/staff122/deepfake_project/outputs_deepfake_project/dfdc_subset_77_jpg/test/real/real_002057.jpg,0.0,0.008866383694112301,0
/media/D1/ait_users/staff122/deepfake_project/outputs_deepfake_project/dfdc_subset_77_jpg/test/real/real_002058.jpg,0.0,0.0037929473910480738,0
/media/D1/ait_users/staff122/deepfake_project/outputs_deepfake_project/dfdc_subset_77_jpg/test/real/real_002059.jpg,0.0,0.708861768245697,1
/media/D1/ait_users/staff122/deepfake_project/outputs_deepfake_project/dfdc_subset_77_jpg/test/real/real_002060.jpg,0.0,0.29890739917755127,0
/media/D1/ait_users/staff122/deepfake_project/outputs_deepfake_project/dfdc_subset_77_jpg/test/real/real_002061.jpg,0.0,0.03161134943366051,0
/media/D1/ait_users/staff122/deepfake_project/outputs_deepfake_project/dfdc_subset_77_jpg/test/real/real_002062.jpg,0.0,0.005025029648095369,0
/media/D1/ait_users/staff122/deepfake_project/outputs_deepfake_project/dfdc_subset_77_jpg/test/real/real_002063.jpg,0.0,0.0034285367000848055,0
/media/D1/ait_users/staff122/deepfake_project/outputs_deepfake_project/dfdc_subset_77_jpg/test/real/real_002064.jpg,0.0,0.10731041431427002,0
/media/D1/ait_users/staff122/deepfake_project/outputs_deepfake_project/dfdc_subset_77_jpg/test/real/real_002065.jpg,0.0,0.0008366394322365522,0
/media/D1/ait_users/staff122/deepfake_project/outputs_deepfake_project/dfdc_subset_77_jpg/test/real/real_002066.jpg,0.0,0.9625630378723145,1
/media/D1/ait_users/staff122/deepfake_project/outputs_deepfake_project/dfdc_subset_77_jpg/test/real/real_002067.jpg,0.0,0.916733980178833,1
/media/D1/ait_users/staff122/deepfake_project/outputs_deepfake_project/dfdc_subset_77_jpg/test/real/real_002068.jpg,0.0,0.6481429934501648,1
/media/D1/ait_users/staff122/deepfake_project/outputs_deepfake_project/dfdc_subset_77_jpg/test/real/real_002069.jpg,0.0,0.010215609334409237,0
/media/D1/ait_users/staff122/deepfake_project/outputs_deepfake_project/dfdc_subset_77_jpg/test/real/real_002070.jpg,0.0,0.004467645660042763,0
/media/D1/ait_users/staff122/deepfake_project/outputs_deepfake_project/dfdc_subset_77_jpg/test/real/real_002071.jpg,0.0,0.025702964514493942,0
/media/D1/ait_users/staff122/deepfake_project/outputs_deepfake_project/dfdc_subset_77_jpg/test/real/real_002072.jpg,0.0,0.16443954408168793,0
/media/D1/ait_users/staff122/deepfake_project/outputs_deepfake_project/dfdc_subset_77_jpg/test/real/real_002073.jpg,0.0,0.9771004915237427,1
/media/D1/ait_users/staff122/deepfake_project/outputs_deepfake_project/dfdc_subset_77_jpg/test/real/real_002074.jpg,0.0,0.9755797386169434,1
/media/D1/ait_users/staff122/deepfake_project/outputs_deepfake_project/dfdc_subset_77_jpg/test/real/real_002075.jpg,0.0,0.41405293345451355,0
/media/D1/ait_users/staff122/deepfake_project/outputs_deepfake_project/dfdc_subset_77_jpg/test/real/real_002076.jpg,0.0,0.16411636769771576,0
/media/D1/ait_users/staff122/deepfake_project/outputs_deepfake_project/dfdc_subset_77_jpg/test/real/real_002077.jpg,0.0,0.007861395366489887,0
/media/D1/ait_users/staff122/deepfake_project/outputs_deepfake_project/dfdc_subset_77_jpg/test/real/real_002078.jpg,0.0,0.006455609109252691,0
/media/D1/ait_users/staff122/deepfake_project/outputs_deepfake_project/dfdc_subset_77_jpg/test/real/real_002079.jpg,0.0,0.017335744574666023,0
/media/D1/ait_users/staff122/deepfake_project/outputs_deepfake_project/dfdc_subset_77_jpg/test/real/real_002080.jpg,0.0,0.9641240239143372,1
/media/D1/ait_users/staff122/deepfake_project/outputs_deepfake_project/dfdc_subset_77_jpg/test/real/real_002081.jpg,0.0,0.01956692896783352,0
/media/D1/ait_users/staff122/deepfake_project/outputs_deepfake_project/dfdc_subset_77_jpg/test/real/real_002082.jpg,0.0,0.5079267621040344,1
/media/D1/ait_users/staff122/deepfake_project/outputs_deepfake_project/dfdc_subset_77_jpg/test/real/real_002083.jpg,0.0,0.015899332240223885,0
/media/D1/ait_users/staff122/deepfake_project/outputs_deepfake_project/dfdc_subset_77_jpg/test/real/real_002084.jpg,0.0,0.08694715052843094,0
/media/D1/ait_users/staff122/deepfake_project/outputs_deepfake_project/dfdc_subset_77_jpg/test/real/real_002085.jpg,0.0,0.3215690553188324,0
/media/D1/ait_users/staff122/deepfake_project/outputs_deepfake_project/dfdc_subset_77_jpg/test/real/real_002086.jpg,0.0,0.3265530467033386,0
/media/D1/ait_users/staff122/deepfake_project/outputs_deepfake_project/dfdc_subset_77_jpg/test/real/real_002087.jpg,0.0,0.9922037124633789,1
/media/D1/ait_users/staff122/deepfake_project/outputs_deepfake_project/dfdc_subset_77_jpg/test/real/real_002088.jpg,0.0,0.9063707590103149,1
/media/D1/ait_users/staff122/deepfake_project/outputs_deepfake_project/dfdc_subset_77_jpg/test/real/real_002089.jpg,0.0,0.9760481715202332,1
/media/D1/ait_users/staff122/deepfake_project/outputs_deepfake_project/dfdc_subset_77_jpg/test/real/real_002090.jpg,0.0,0.5095808506011963,1
/media/D1/ait_users/staff122/deepfake_project/outputs_deepfake_project/dfdc_subset_77_jpg/test/real/real_002091.jpg,0.0,0.2943463921546936,0
/media/D1/ait_users/staff122/deepfake_project/outputs_deepfake_project/dfdc_subset_77_jpg/test/real/real_002092.jpg,0.0,0.9967221617698669,1
/media/D1/ait_users/staff122/deepfake_project/outputs_deepfake_project/dfdc_subset_77_jpg/test/real/real_002093.jpg,0.0,0.9830595254898071,1
/media/D1/ait_users/staff122/deepfake_project/outputs_deepfake_project/dfdc_subset_77_jpg/test/real/real_002094.jpg,0.0,0.20160137116909027,0
/media/D1/ait_users/staff122/deepfake_project/outputs_deepfake_project/dfdc_subset_77_jpg/test/real/real_002095.jpg,0.0,0.04722035676240921,0
/media/D1/ait_users/staff122/deepfake_project/outputs_deepfake_project/dfdc_subset_77_jpg/test/real/real_002096.jpg,0.0,0.1312026083469391,0
/media/D1/ait_users/staff122/deepfake_project/outputs_deepfake_project/dfdc_subset_77_jpg/test/real/real_002097.jpg,0.0,0.8472568392753601,1
/media/D1/ait_users/staff122/deepfake_project/outputs_deepfake_project/dfdc_subset_77_jpg/test/real/real_002098.jpg,0.0,0.1680755764245987,0
/media/D1/ait_users/staff122/deepfake_project/outputs_deepfake_project/dfdc_subset_77_jpg/test/real/real_002099.jpg,0.0,0.04563235491514206,0
/media/D1/ait_users/staff122/deepfake_project/outputs_deepfake_project/dfdc_subset_77_jpg/test/real/real_002100.jpg,0.0,0.7772526741027832,1
/media/D1/ait_users/staff122/deepfake_project/outputs_deepfake_project/dfdc_subset_77_jpg/test/real/real_002101.jpg,0.0,0.3890039026737213,0
/media/D1/ait_users/staff122/deepfake_project/outputs_deepfake_project/dfdc_subset_77_jpg/test/real/real_002102.jpg,0.0,0.8360670804977417,1
/media/D1/ait_users/staff122/deepfake_project/outputs_deepfake_project/dfdc_subset_77_jpg/test/real/real_002103.jpg,0.0,0.595704197883606,1
/media/D1/ait_users/staff122/deepfake_project/outputs_deepfake_project/dfdc_subset_77_jpg/test/real/real_002104.jpg,0.0,0.42842763662338257,0
/media/D1/ait_users/staff122/deepfake_project/outputs_deepfake_project/dfdc_subset_77_jpg/test/real/real_002105.jpg,0.0,0.8335490226745605,1
/media/D1/ait_users/staff122/deepfake_project/outputs_deepfake_project/dfdc_subset_77_jpg/test/real/real_002106.jpg,0.0,0.016373155638575554,0
/media/D1/ait_users/staff122/deepfake_project/outputs_deepfake_project/dfdc_subset_77_jpg/test/real/real_002107.jpg,0.0,0.8066298365592957,1
/media/D1/ait_users/staff122/deepfake_project/outputs_deepfake_project/dfdc_subset_77_jpg/test/real/real_002108.jpg,0.0,0.9781168699264526,1
/media/D1/ait_users/staff122/deepfake_project/outputs_deepfake_project/dfdc_subset_77_jpg/test/real/real_002109.jpg,0.0,0.9996541738510132,1
/media/D1/ait_users/staff122/deepfake_project/outputs_deepfake_project/dfdc_subset_77_jpg/test/real/real_002110.jpg,0.0,0.9836363196372986,1
/media/D1/ait_users/staff122/deepfake_project/outputs_deepfake_project/dfdc_subset_77_jpg/test/real/real_002111.jpg,0.0,0.36846527457237244,0
/media/D1/ait_users/staff122/deepfake_project/outputs_deepfake_project/dfdc_subset_77_jpg/test/real/real_002112.jpg,0.0,0.9572685956954956,1
/media/D1/ait_users/staff122/deepfake_project/outputs_deepfake_project/dfdc_subset_77_jpg/test/real/real_002113.jpg,0.0,0.9606220722198486,1
/media/D1/ait_users/staff122/deepfake_project/outputs_deepfake_project/dfdc_subset_77_jpg/test/real/real_002114.jpg,0.0,0.9718374013900757,1
/media/D1/ait_users/staff122/deepfake_project/outputs_deepfake_project/dfdc_subset_77_jpg/test/real/real_002115.jpg,0.0,0.4551878571510315,0
/media/D1/ait_users/staff122/deepfake_project/outputs_deepfake_project/dfdc_subset_77_jpg/test/real/real_002116.jpg,0.0,0.9916226267814636,1
/media/D1/ait_users/staff122/deepfake_project/outputs_deepfake_project/dfdc_subset_77_jpg/test/real/real_002117.jpg,0.0,0.5580839514732361,1
/media/D1/ait_users/staff122/deepfake_project/outputs_deepfake_project/dfdc_subset_77_jpg/test/real/real_002118.jpg,0.0,0.5263925790786743,1
/media/D1/ait_users/staff122/deepfake_project/outputs_deepfake_project/dfdc_subset_77_jpg/test/real/real_002119.jpg,0.0,0.9973419308662415,1
/media/D1/ait_users/staff122/deepfake_project/outputs_deepfake_project/dfdc_subset_77_jpg/test/real/real_002120.jpg,0.0,0.9633841514587402,1
/media/D1/ait_users/staff122/deepfake_project/outputs_deepfake_project/dfdc_subset_77_jpg/test/real/real_002121.jpg,0.0,0.34043946862220764,0
/media/D1/ait_users/staff122/deepfake_project/outputs_deepfake_project/dfdc_subset_77_jpg/test/real/real_002122.jpg,0.0,0.9913353323936462,1
/media/D1/ait_users/staff122/deepfake_project/outputs_deepfake_project/dfdc_subset_77_jpg/test/real/real_002123.jpg,0.0,0.9900659322738647,1
/media/D1/ait_users/staff122/deepfake_project/outputs_deepfake_project/dfdc_subset_77_jpg/test/real/real_002124.jpg,0.0,0.5782930254936218,1
/media/D1/ait_users/staff122/deepfake_project/outputs_deepfake_project/dfdc_subset_77_jpg/test/real/real_002125.jpg,0.0,0.9988248944282532,1
/media/D1/ait_users/staff122/deepfake_project/outputs_deepfake_project/dfdc_subset_77_jpg/test/real/real_002126.jpg,0.0,0.568655788898468,1
/media/D1/ait_users/staff122/deepfake_project/outputs_deepfake_project/dfdc_subset_77_jpg/test/real/real_002127.jpg,0.0,0.4646783769130707,0
/media/D1/ait_users/staff122/deepfake_project/outputs_deepfake_project/dfdc_subset_77_jpg/test/real/real_002128.jpg,0.0,0.7607731223106384,1
/media/D1/ait_users/staff122/deepfake_project/outputs_deepfake_project/dfdc_subset_77_jpg/test/real/real_002129.jpg,0.0,0.9256942272186279,1
/media/D1/ait_users/staff122/deepfake_project/outputs_deepfake_project/dfdc_subset_77_jpg/test/real/real_002130.jpg,0.0,0.9306559562683105,1
/media/D1/ait_users/staff122/deepfake_project/outputs_deepfake_project/dfdc_subset_77_jpg/test/real/real_002131.jpg,0.0,0.9906841516494751,1
/media/D1/ait_users/staff122/deepfake_project/outputs_deepfake_project/dfdc_subset_77_jpg/test/real/real_002132.jpg,0.0,0.9908093214035034,1
/media/D1/ait_users/staff122/deepfake_project/outputs_deepfake_project/dfdc_subset_77_jpg/test/real/real_002133.jpg,0.0,0.9875013828277588,1
/media/D1/ait_users/staff122/deepfake_project/outputs_deepfake_project/dfdc_subset_77_jpg/test/real/real_002134.jpg,0.0,0.4667458236217499,0
/media/D1/ait_users/staff122/deepfake_project/outputs_deepfake_project/dfdc_subset_77_jpg/test/real/real_002135.jpg,0.0,0.8370258808135986,1
/media/D1/ait_users/staff122/deepfake_project/outputs_deepfake_project/dfdc_subset_77_jpg/test/real/real_002136.jpg,0.0,0.6340296864509583,1
/media/D1/ait_users/staff122/deepfake_project/outputs_deepfake_project/dfdc_subset_77_jpg/test/real/real_002137.jpg,0.0,0.5533390641212463,1
/media/D1/ait_users/staff122/deepfake_project/outputs_deepfake_project/dfdc_subset_77_jpg/test/real/real_002138.jpg,0.0,0.941018283367157,1
/media/D1/ait_users/staff122/deepfake_project/outputs_deepfake_project/dfdc_subset_77_jpg/test/real/real_002139.jpg,0.0,0.8307654857635498,1
/media/D1/ait_users/staff122/deepfake_project/outputs_deepfake_project/dfdc_subset_77_jpg/test/real/real_002140.jpg,0.0,0.6262580156326294,1
/media/D1/ait_users/staff122/deepfake_project/outputs_deepfake_project/dfdc_subset_77_jpg/test/real/real_002141.jpg,0.0,0.992811381816864,1
/media/D1/ait_users/staff122/deepfake_project/outputs_deepfake_project/dfdc_subset_77_jpg/test/real/real_002142.jpg,0.0,0.6507380604743958,1
/media/D1/ait_users/staff122/deepfake_project/outputs_deepfake_project/dfdc_subset_77_jpg/test/real/real_002143.jpg,0.0,0.969102680683136,1
/media/D1/ait_users/staff122/deepfake_project/outputs_deepfake_project/dfdc_subset_77_jpg/test/real/real_002144.jpg,0.0,0.024203015491366386,0
/media/D1/ait_users/staff122/deepfake_project/outputs_deepfake_project/dfdc_subset_77_jpg/test/real/real_002145.jpg,0.0,0.009994416497647762,0
/media/D1/ait_users/staff122/deepfake_project/outputs_deepfake_project/dfdc_subset_77_jpg/test/real/real_002146.jpg,0.0,0.05041803792119026,0
/media/D1/ait_users/staff122/deepfake_project/outputs_deepfake_project/dfdc_subset_77_jpg/test/real/real_002147.jpg,0.0,0.2955791652202606,0
/media/D1/ait_users/staff122/deepfake_project/outputs_deepfake_project/dfdc_subset_77_jpg/test/real/real_002148.jpg,0.0,0.2541784346103668,0
/media/D1/ait_users/staff122/deepfake_project/outputs_deepfake_project/dfdc_subset_77_jpg/test/real/real_002149.jpg,0.0,0.14275534451007843,0
/media/D1/ait_users/staff122/deepfake_project/outputs_deepfake_project/dfdc_subset_77_jpg/test/real/real_002150.jpg,0.0,0.7373261451721191,1
/media/D1/ait_users/staff122/deepfake_project/outputs_deepfake_project/dfdc_subset_77_jpg/test/real/real_002151.jpg,0.0,0.12871643900871277,0
/media/D1/ait_users/staff122/deepfake_project/outputs_deepfake_project/dfdc_subset_77_jpg/test/real/real_002152.jpg,0.0,0.6271663904190063,1
/media/D1/ait_users/staff122/deepfake_project/outputs_deepfake_project/dfdc_subset_77_jpg/test/real/real_002153.jpg,0.0,0.2686924934387207,0
/media/D1/ait_users/staff122/deepfake_project/outputs_deepfake_project/dfdc_subset_77_jpg/test/real/real_002154.jpg,0.0,0.07856988906860352,0
/media/D1/ait_users/staff122/deepfake_project/outputs_deepfake_project/dfdc_subset_77_jpg/test/real/real_002155.jpg,0.0,0.18829701840877533,0
/media/D1/ait_users/staff122/deepfake_project/outputs_deepfake_project/dfdc_subset_77_jpg/test/real/real_002156.jpg,0.0,0.019092826172709465,0
/media/D1/ait_users/staff122/deepfake_project/outputs_deepfake_project/dfdc_subset_77_jpg/test/real/real_002157.jpg,0.0,0.025714579969644547,0
/media/D1/ait_users/staff122/deepfake_project/outputs_deepfake_project/dfdc_subset_77_jpg/test/real/real_002158.jpg,0.0,0.9120845794677734,1
/media/D1/ait_users/staff122/deepfake_project/outputs_deepfake_project/dfdc_subset_77_jpg/test/real/real_002159.jpg,0.0,0.17065678536891937,0
/media/D1/ait_users/staff122/deepfake_project/outputs_deepfake_project/dfdc_subset_77_jpg/test/real/real_002160.jpg,0.0,0.9525159597396851,1
/media/D1/ait_users/staff122/deepfake_project/outputs_deepfake_project/dfdc_subset_77_jpg/test/real/real_002161.jpg,0.0,0.0737919807434082,0
/media/D1/ait_users/staff122/deepfake_project/outputs_deepfake_project/dfdc_subset_77_jpg/test/real/real_002162.jpg,0.0,0.032173242419958115,0
/media/D1/ait_users/staff122/deepfake_project/outputs_deepfake_project/dfdc_subset_77_jpg/test/real/real_002163.jpg,0.0,0.7733515501022339,1
/media/D1/ait_users/staff122/deepfake_project/outputs_deepfake_project/dfdc_subset_77_jpg/test/real/real_002164.jpg,0.0,0.703262209892273,1
/media/D1/ait_users/staff122/deepfake_project/outputs_deepfake_project/dfdc_subset_77_jpg/test/real/real_002165.jpg,0.0,0.14802241325378418,0
/media/D1/ait_users/staff122/deepfake_project/outputs_deepfake_project/dfdc_subset_77_jpg/test/real/real_002166.jpg,0.0,0.6623969078063965,1
/media/D1/ait_users/staff122/deepfake_project/outputs_deepfake_project/dfdc_subset_77_jpg/test/real/real_002167.jpg,0.0,0.18191204965114594,0
/media/D1/ait_users/staff122/deepfake_project/outputs_deepfake_project/dfdc_subset_77_jpg/test/real/real_002168.jpg,0.0,0.049139153212308884,0
/media/D1/ait_users/staff122/deepfake_project/outputs_deepfake_project/dfdc_subset_77_jpg/test/real/real_002169.jpg,0.0,0.16661085188388824,0
/media/D1/ait_users/staff122/deepfake_project/outputs_deepfake_project/dfdc_subset_77_jpg/test/real/real_002170.jpg,0.0,0.09278228878974915,0
/media/D1/ait_users/staff122/deepfake_project/outputs_deepfake_project/dfdc_subset_77_jpg/test/real/real_002171.jpg,0.0,0.08771310746669769,0
/media/D1/ait_users/staff122/deepfake_project/outputs_deepfake_project/dfdc_subset_77_jpg/test/real/real_002172.jpg,0.0,0.03789137676358223,0
/media/D1/ait_users/staff122/deepfake_project/outputs_deepfake_project/dfdc_subset_77_jpg/test/real/real_002173.jpg,0.0,0.09289516508579254,0
/media/D1/ait_users/staff122/deepfake_project/outputs_deepfake_project/dfdc_subset_77_jpg/test/real/real_002174.jpg,0.0,0.35101333260536194,0
/media/D1/ait_users/staff122/deepfake_project/outputs_deepfake_project/dfdc_subset_77_jpg/test/real/real_002175.jpg,0.0,0.5599227547645569,1
/media/D1/ait_users/staff122/deepfake_project/outputs_deepfake_project/dfdc_subset_77_jpg/test/real/real_002176.jpg,0.0,0.9795607924461365,1
/media/D1/ait_users/staff122/deepfake_project/outputs_deepfake_project/dfdc_subset_77_jpg/test/real/real_002177.jpg,0.0,0.6694153547286987,1
/media/D1/ait_users/staff122/deepfake_project/outputs_deepfake_project/dfdc_subset_77_jpg/test/real/real_002178.jpg,0.0,0.9748285412788391,1
/media/D1/ait_users/staff122/deepfake_project/outputs_deepfake_project/dfdc_subset_77_jpg/test/real/real_002179.jpg,0.0,0.9922009706497192,1
/media/D1/ait_users/staff122/deepfake_project/outputs_deepfake_project/dfdc_subset_77_jpg/test/real/real_002180.jpg,0.0,0.9526524543762207,1
/media/D1/ait_users/staff122/deepfake_project/outputs_deepfake_project/dfdc_subset_77_jpg/test/real/real_002181.jpg,0.0,0.8014772534370422,1
/media/D1/ait_users/staff122/deepfake_project/outputs_deepfake_project/dfdc_subset_77_jpg/test/real/real_002182.jpg,0.0,0.6662468314170837,1
/media/D1/ait_users/staff122/deepfake_project/outputs_deepfake_project/dfdc_subset_77_jpg/test/real/real_002183.jpg,0.0,0.9996151924133301,1
/media/D1/ait_users/staff122/deepfake_project/outputs_deepfake_project/dfdc_subset_77_jpg/test/real/real_002184.jpg,0.0,0.9541518092155457,1
/media/D1/ait_users/staff122/deepfake_project/outputs_deepfake_project/dfdc_subset_77_jpg/test/real/real_002185.jpg,0.0,0.9647819399833679,1
/media/D1/ait_users/staff122/deepfake_project/outputs_deepfake_project/dfdc_subset_77_jpg/test/real/real_002186.jpg,0.0,0.9722571969032288,1
/media/D1/ait_users/staff122/deepfake_project/outputs_deepfake_project/dfdc_subset_77_jpg/test/real/real_002187.jpg,0.0,0.8265281915664673,1
/media/D1/ait_users/staff122/deepfake_project/outputs_deepfake_project/dfdc_subset_77_jpg/test/real/real_002188.jpg,0.0,0.9572214484214783,1
/media/D1/ait_users/staff122/deepfake_project/outputs_deepfake_project/dfdc_subset_77_jpg/test/real/real_002189.jpg,0.0,0.5933786034584045,1
/media/D1/ait_users/staff122/deepfake_project/outputs_deepfake_project/dfdc_subset_77_jpg/test/real/real_002190.jpg,0.0,0.6181774735450745,1
/media/D1/ait_users/staff122/deepfake_project/outputs_deepfake_project/dfdc_subset_77_jpg/test/real/real_002191.jpg,0.0,0.9526696801185608,1
/media/D1/ait_users/staff122/deepfake_project/outputs_deepfake_project/dfdc_subset_77_jpg/test/real/real_002192.jpg,0.0,0.8218315243721008,1
/media/D1/ait_users/staff122/deepfake_project/outputs_deepfake_project/dfdc_subset_77_jpg/test/real/real_002193.jpg,0.0,0.8305197954177856,1
/media/D1/ait_users/staff122/deepfake_project/outputs_deepfake_project/dfdc_subset_77_jpg/test/real/real_002194.jpg,0.0,0.7860578894615173,1
/media/D1/ait_users/staff122/deepfake_project/outputs_deepfake_project/dfdc_subset_77_jpg/test/real/real_002195.jpg,0.0,0.9659031629562378,1
/media/D1/ait_users/staff122/deepfake_project/outputs_deepfake_project/dfdc_subset_77_jpg/test/real/real_002196.jpg,0.0,0.9979292154312134,1
/media/D1/ait_users/staff122/deepfake_project/outputs_deepfake_project/dfdc_subset_77_jpg/test/real/real_002197.jpg,0.0,0.7842375040054321,1
/media/D1/ait_users/staff122/deepfake_project/outputs_deepfake_project/dfdc_subset_77_jpg/test/real/real_002198.jpg,0.0,0.927960991859436,1
/media/D1/ait_users/staff122/deepfake_project/outputs_deepfake_project/dfdc_subset_77_jpg/test/real/real_002199.jpg,0.0,0.9706793427467346,1
/media/D1/ait_users/staff122/deepfake_project/outputs_deepfake_project/dfdc_subset_77_jpg/test/real/real_002200.jpg,0.0,0.9923093318939209,1
/media/D1/ait_users/staff122/deepfake_project/outputs_deepfake_project/dfdc_subset_77_jpg/test/real/real_002201.jpg,0.0,0.9584185481071472,1
/media/D1/ait_users/staff122/deepfake_project/outputs_deepfake_project/dfdc_subset_77_jpg/test/real/real_002202.jpg,0.0,0.6731776595115662,1
/media/D1/ait_users/staff122/deepfake_project/outputs_deepfake_project/dfdc_subset_77_jpg/test/real/real_002203.jpg,0.0,0.6845351457595825,1
/media/D1/ait_users/staff122/deepfake_project/outputs_deepfake_project/dfdc_subset_77_jpg/test/real/real_002204.jpg,0.0,0.9985566735267639,1
/media/D1/ait_users/staff122/deepfake_project/outputs_deepfake_project/dfdc_subset_77_jpg/test/real/real_002205.jpg,0.0,0.6296079158782959,1
/media/D1/ait_users/staff122/deepfake_project/outputs_deepfake_project/dfdc_subset_77_jpg/test/real/real_002206.jpg,0.0,0.9956236481666565,1
/media/D1/ait_users/staff122/deepfake_project/outputs_deepfake_project/dfdc_subset_77_jpg/test/real/real_002207.jpg,0.0,0.9655157923698425,1
/media/D1/ait_users/staff122/deepfake_project/outputs_deepfake_project/dfdc_subset_77_jpg/test/real/real_002208.jpg,0.0,0.5289695858955383,1
/media/D1/ait_users/staff122/deepfake_project/outputs_deepfake_project/dfdc_subset_77_jpg/test/real/real_002209.jpg,0.0,0.0024189164396375418,0
/media/D1/ait_users/staff122/deepfake_project/outputs_deepfake_project/dfdc_subset_77_jpg/test/real/real_002210.jpg,0.0,0.15416210889816284,0
/media/D1/ait_users/staff122/deepfake_project/outputs_deepfake_project/dfdc_subset_77_jpg/test/real/real_002211.jpg,0.0,0.005559673998504877,0
/media/D1/ait_users/staff122/deepfake_project/outputs_deepfake_project/dfdc_subset_77_jpg/test/real/real_002212.jpg,0.0,0.09705498069524765,0
/media/D1/ait_users/staff122/deepfake_project/outputs_deepfake_project/dfdc_subset_77_jpg/test/real/real_002213.jpg,0.0,0.008321923203766346,0
/media/D1/ait_users/staff122/deepfake_project/outputs_deepfake_project/dfdc_subset_77_jpg/test/real/real_002214.jpg,0.0,0.9988666772842407,1
/media/D1/ait_users/staff122/deepfake_project/outputs_deepfake_project/dfdc_subset_77_jpg/test/real/real_002215.jpg,0.0,0.9935412406921387,1
/media/D1/ait_users/staff122/deepfake_project/outputs_deepfake_project/dfdc_subset_77_jpg/test/real/real_002216.jpg,0.0,0.05214229226112366,0
/media/D1/ait_users/staff122/deepfake_project/outputs_deepfake_project/dfdc_subset_77_jpg/test/real/real_002217.jpg,0.0,0.0003756566147785634,0
/media/D1/ait_users/staff122/deepfake_project/outputs_deepfake_project/dfdc_subset_77_jpg/test/real/real_002218.jpg,0.0,0.000337245874106884,0
/media/D1/ait_users/staff122/deepfake_project/outputs_deepfake_project/dfdc_subset_77_jpg/test/real/real_002219.jpg,0.0,8.485002763336524e-05,0
/media/D1/ait_users/staff122/deepfake_project/outputs_deepfake_project/dfdc_subset_77_jpg/test/real/real_002220.jpg,0.0,1.9652654373203404e-05,0
/media/D1/ait_users/staff122/deepfake_project/outputs_deepfake_project/dfdc_subset_77_jpg/test/real/real_002221.jpg,0.0,0.00010308413038728759,0
/media/D1/ait_users/staff122/deepfake_project/outputs_deepfake_project/dfdc_subset_77_jpg/test/real/real_002222.jpg,0.0,0.00012666248949244618,0
/media/D1/ait_users/staff122/deepfake_project/outputs_deepfake_project/dfdc_subset_77_jpg/test/real/real_002223.jpg,0.0,0.0031916212756186724,0
/media/D1/ait_users/staff122/deepfake_project/outputs_deepfake_project/dfdc_subset_77_jpg/test/real/real_002224.jpg,0.0,0.9869379997253418,1
/media/D1/ait_users/staff122/deepfake_project/outputs_deepfake_project/dfdc_subset_77_jpg/test/real/real_002225.jpg,0.0,7.976255437824875e-05,0
/media/D1/ait_users/staff122/deepfake_project/outputs_deepfake_project/dfdc_subset_77_jpg/test/real/real_002226.jpg,0.0,2.116794348694384e-05,0
/media/D1/ait_users/staff122/deepfake_project/outputs_deepfake_project/dfdc_subset_77_jpg/test/real/real_002227.jpg,0.0,1.5532117686234415e-05,0
/media/D1/ait_users/staff122/deepfake_project/outputs_deepfake_project/dfdc_subset_77_jpg/test/real/real_002228.jpg,0.0,6.8858571466989815e-06,0
/media/D1/ait_users/staff122/deepfake_project/outputs_deepfake_project/dfdc_subset_77_jpg/test/real/real_002229.jpg,0.0,0.00027547680656425655,0
/media/D1/ait_users/staff122/deepfake_project/outputs_deepfake_project/dfdc_subset_77_jpg/test/real/real_002230.jpg,0.0,0.00013270604540593922,0
/media/D1/ait_users/staff122/deepfake_project/outputs_deepfake_project/dfdc_subset_77_jpg/test/real/real_002231.jpg,0.0,9.49051263887668e-06,0
/media/D1/ait_users/staff122/deepfake_project/outputs_deepfake_project/dfdc_subset_77_jpg/test/real/real_002232.jpg,0.0,0.0007712222868576646,0
/media/D1/ait_users/staff122/deepfake_project/outputs_deepfake_project/dfdc_subset_77_jpg/test/real/real_002233.jpg,0.0,1.8668082702788524e-05,0
/media/D1/ait_users/staff122/deepfake_project/outputs_deepfake_project/dfdc_subset_77_jpg/test/real/real_002234.jpg,0.0,0.000125281119835563,0
/media/D1/ait_users/staff122/deepfake_project/outputs_deepfake_project/dfdc_subset_77_jpg/test/real/real_002235.jpg,0.0,0.013584591448307037,0
/media/D1/ait_users/staff122/deepfake_project/outputs_deepfake_project/dfdc_subset_77_jpg/test/real/real_002236.jpg,0.0,0.002207762561738491,0
/media/D1/ait_users/staff122/deepfake_project/outputs_deepfake_project/dfdc_subset_77_jpg/test/real/real_002237.jpg,0.0,5.6097644119290635e-05,0
/media/D1/ait_users/staff122/deepfake_project/outputs_deepfake_project/dfdc_subset_77_jpg/test/real/real_002238.jpg,0.0,0.04162904620170593,0
/media/D1/ait_users/staff122/deepfake_project/outputs_deepfake_project/dfdc_subset_77_jpg/test/real/real_002239.jpg,0.0,0.998370349407196,1
/media/D1/ait_users/staff122/deepfake_project/outputs_deepfake_project/dfdc_subset_77_jpg/test/real/real_002240.jpg,0.0,0.988952100276947,1
/media/D1/ait_users/staff122/deepfake_project/outputs_deepfake_project/dfdc_subset_77_jpg/test/real/real_002241.jpg,0.0,0.9934032559394836,1
/media/D1/ait_users/staff122/deepfake_project/outputs_deepfake_project/dfdc_subset_77_jpg/test/real/real_002242.jpg,0.0,0.9793487787246704,1
/media/D1/ait_users/staff122/deepfake_project/outputs_deepfake_project/dfdc_subset_77_jpg/test/real/real_002243.jpg,0.0,0.4908719062805176,0
/media/D1/ait_users/staff122/deepfake_project/outputs_deepfake_project/dfdc_subset_77_jpg/test/real/real_002244.jpg,0.0,0.9997987151145935,1
/media/D1/ait_users/staff122/deepfake_project/outputs_deepfake_project/dfdc_subset_77_jpg/test/real/real_002245.jpg,0.0,0.998015284538269,1
/media/D1/ait_users/staff122/deepfake_project/outputs_deepfake_project/dfdc_subset_77_jpg/test/real/real_002246.jpg,0.0,0.9973415732383728,1
/media/D1/ait_users/staff122/deepfake_project/outputs_deepfake_project/dfdc_subset_77_jpg/test/real/real_002247.jpg,0.0,0.9911078214645386,1
/media/D1/ait_users/staff122/deepfake_project/outputs_deepfake_project/dfdc_subset_77_jpg/test/real/real_002248.jpg,0.0,0.9981281161308289,1
/media/D1/ait_users/staff122/deepfake_project/outputs_deepfake_project/dfdc_subset_77_jpg/test/real/real_002249.jpg,0.0,0.999985933303833,1
/media/D1/ait_users/staff122/deepfake_project/outputs_deepfake_project/dfdc_subset_77_jpg/test/real/real_002250.jpg,0.0,0.04910742864012718,0
/media/D1/ait_users/staff122/deepfake_project/outputs_deepfake_project/dfdc_subset_77_jpg/test/real/real_002251.jpg,0.0,0.9993778467178345,1
/media/D1/ait_users/staff122/deepfake_project/outputs_deepfake_project/dfdc_subset_77_jpg/test/real/real_002252.jpg,0.0,0.689172089099884,1
/media/D1/ait_users/staff122/deepfake_project/outputs_deepfake_project/dfdc_subset_77_jpg/test/real/real_002253.jpg,0.0,0.9908892512321472,1
/media/D1/ait_users/staff122/deepfake_project/outputs_deepfake_project/dfdc_subset_77_jpg/test/real/real_002254.jpg,0.0,0.9313862919807434,1
/media/D1/ait_users/staff122/deepfake_project/outputs_deepfake_project/dfdc_subset_77_jpg/test/real/real_002255.jpg,0.0,0.2838749289512634,0
/media/D1/ait_users/staff122/deepfake_project/outputs_deepfake_project/dfdc_subset_77_jpg/test/real/real_002256.jpg,0.0,0.09785611182451248,0
/media/D1/ait_users/staff122/deepfake_project/outputs_deepfake_project/dfdc_subset_77_jpg/test/real/real_002257.jpg,0.0,0.7447102665901184,1
/media/D1/ait_users/staff122/deepfake_project/outputs_deepfake_project/dfdc_subset_77_jpg/test/real/real_002258.jpg,0.0,0.8777551651000977,1
/media/D1/ait_users/staff122/deepfake_project/outputs_deepfake_project/dfdc_subset_77_jpg/test/real/real_002259.jpg,0.0,0.9998440742492676,1
/media/D1/ait_users/staff122/deepfake_project/outputs_deepfake_project/dfdc_subset_77_jpg/test/real/real_002260.jpg,0.0,0.9796590805053711,1
/media/D1/ait_users/staff122/deepfake_project/outputs_deepfake_project/dfdc_subset_77_jpg/test/real/real_002261.jpg,0.0,0.4167720675468445,0
/media/D1/ait_users/staff122/deepfake_project/outputs_deepfake_project/dfdc_subset_77_jpg/test/real/real_002262.jpg,0.0,0.35049954056739807,0
/media/D1/ait_users/staff122/deepfake_project/outputs_deepfake_project/dfdc_subset_77_jpg/test/real/real_002263.jpg,0.0,0.9999827146530151,1
/media/D1/ait_users/staff122/deepfake_project/outputs_deepfake_project/dfdc_subset_77_jpg/test/real/real_002264.jpg,0.0,0.9705204367637634,1
/media/D1/ait_users/staff122/deepfake_project/outputs_deepfake_project/dfdc_subset_77_jpg/test/real/real_002265.jpg,0.0,0.9999758005142212,1
/media/D1/ait_users/staff122/deepfake_project/outputs_deepfake_project/dfdc_subset_77_jpg/test/real/real_002266.jpg,0.0,0.5999996066093445,1
/media/D1/ait_users/staff122/deepfake_project/outputs_deepfake_project/dfdc_subset_77_jpg/test/real/real_002267.jpg,0.0,0.7614940404891968,1
/media/D1/ait_users/staff122/deepfake_project/outputs_deepfake_project/dfdc_subset_77_jpg/test/real/real_002268.jpg,0.0,0.9807321429252625,1
/media/D1/ait_users/staff122/deepfake_project/outputs_deepfake_project/dfdc_subset_77_jpg/test/real/real_002269.jpg,0.0,0.7968935966491699,1
/media/D1/ait_users/staff122/deepfake_project/outputs_deepfake_project/dfdc_subset_77_jpg/test/real/real_002270.jpg,0.0,0.6402891278266907,1
/media/D1/ait_users/staff122/deepfake_project/outputs_deepfake_project/dfdc_subset_77_jpg/test/real/real_002271.jpg,0.0,0.8890915513038635,1
/media/D1/ait_users/staff122/deepfake_project/outputs_deepfake_project/dfdc_subset_77_jpg/test/real/real_002272.jpg,0.0,0.9413046836853027,1
/media/D1/ait_users/staff122/deepfake_project/outputs_deepfake_project/dfdc_subset_77_jpg/test/real/real_002273.jpg,0.0,0.9927056431770325,1
/media/D1/ait_users/staff122/deepfake_project/outputs_deepfake_project/dfdc_subset_77_jpg/test/real/real_002274.jpg,0.0,0.9506697058677673,1
/media/D1/ait_users/staff122/deepfake_project/outputs_deepfake_project/dfdc_subset_77_jpg/test/real/real_002275.jpg,0.0,0.9043509364128113,1
/media/D1/ait_users/staff122/deepfake_project/outputs_deepfake_project/dfdc_subset_77_jpg/test/real/real_002276.jpg,0.0,0.6190754771232605,1
/media/D1/ait_users/staff122/deepfake_project/outputs_deepfake_project/dfdc_subset_77_jpg/test/real/real_002277.jpg,0.0,0.09460604190826416,0
/media/D1/ait_users/staff122/deepfake_project/outputs_deepfake_project/dfdc_subset_77_jpg/test/real/real_002278.jpg,0.0,0.27061331272125244,0
/media/D1/ait_users/staff122/deepfake_project/outputs_deepfake_project/dfdc_subset_77_jpg/test/real/real_002279.jpg,0.0,0.02762136235833168,0
/media/D1/ait_users/staff122/deepfake_project/outputs_deepfake_project/dfdc_subset_77_jpg/test/real/real_002280.jpg,0.0,0.3339374363422394,0
/media/D1/ait_users/staff122/deepfake_project/outputs_deepfake_project/dfdc_subset_77_jpg/test/real/real_002281.jpg,0.0,0.42510220408439636,0
/media/D1/ait_users/staff122/deepfake_project/outputs_deepfake_project/dfdc_subset_77_jpg/test/real/real_002282.jpg,0.0,0.4996986985206604,0
/media/D1/ait_users/staff122/deepfake_project/outputs_deepfake_project/dfdc_subset_77_jpg/test/real/real_002283.jpg,0.0,0.3609720766544342,0
/media/D1/ait_users/staff122/deepfake_project/outputs_deepfake_project/dfdc_subset_77_jpg/test/real/real_002284.jpg,0.0,0.8682020306587219,1
/media/D1/ait_users/staff122/deepfake_project/outputs_deepfake_project/dfdc_subset_77_jpg/test/real/real_002285.jpg,0.0,0.9998753070831299,1
/media/D1/ait_users/staff122/deepfake_project/outputs_deepfake_project/dfdc_subset_77_jpg/test/real/real_002286.jpg,0.0,0.006183793768286705,0
/media/D1/ait_users/staff122/deepfake_project/outputs_deepfake_project/dfdc_subset_77_jpg/test/real/real_002287.jpg,0.0,0.9971311092376709,1
/media/D1/ait_users/staff122/deepfake_project/outputs_deepfake_project/dfdc_subset_77_jpg/test/real/real_002288.jpg,0.0,0.12247470766305923,0
/media/D1/ait_users/staff122/deepfake_project/outputs_deepfake_project/dfdc_subset_77_jpg/test/real/real_002289.jpg,0.0,0.006902334280312061,0
/media/D1/ait_users/staff122/deepfake_project/outputs_deepfake_project/dfdc_subset_77_jpg/test/real/real_002290.jpg,0.0,0.09510630369186401,0
/media/D1/ait_users/staff122/deepfake_project/outputs_deepfake_project/dfdc_subset_77_jpg/test/real/real_002291.jpg,0.0,0.9800026416778564,1
/media/D1/ait_users/staff122/deepfake_project/outputs_deepfake_project/dfdc_subset_77_jpg/test/real/real_002292.jpg,0.0,0.5095184445381165,1
/media/D1/ait_users/staff122/deepfake_project/outputs_deepfake_project/dfdc_subset_77_jpg/test/real/real_002293.jpg,0.0,0.9999183416366577,1
/media/D1/ait_users/staff122/deepfake_project/outputs_deepfake_project/dfdc_subset_77_jpg/test/real/real_002294.jpg,0.0,0.998903751373291,1
/media/D1/ait_users/staff122/deepfake_project/outputs_deepfake_project/dfdc_subset_77_jpg/test/real/real_002295.jpg,0.0,0.9655022621154785,1
/media/D1/ait_users/staff122/deepfake_project/outputs_deepfake_project/dfdc_subset_77_jpg/test/real/real_002296.jpg,0.0,0.02043974958360195,0
/media/D1/ait_users/staff122/deepfake_project/outputs_deepfake_project/dfdc_subset_77_jpg/test/real/real_002297.jpg,0.0,0.7662972211837769,1
/media/D1/ait_users/staff122/deepfake_project/outputs_deepfake_project/dfdc_subset_77_jpg/test/real/real_002298.jpg,0.0,0.29835739731788635,0
/media/D1/ait_users/staff122/deepfake_project/outputs_deepfake_project/dfdc_subset_77_jpg/test/real/real_002299.jpg,0.0,0.1111031323671341,0
/media/D1/ait_users/staff122/deepfake_project/outputs_deepfake_project/dfdc_subset_77_jpg/test/real/real_002300.jpg,0.0,0.1608055680990219,0
/media/D1/ait_users/staff122/deepfake_project/outputs_deepfake_project/dfdc_subset_77_jpg/test/real/real_002301.jpg,0.0,0.62055903673172,1
/media/D1/ait_users/staff122/deepfake_project/outputs_deepfake_project/dfdc_subset_77_jpg/test/real/real_002302.jpg,0.0,0.10288047045469284,0
/media/D1/ait_users/staff122/deepfake_project/outputs_deepfake_project/dfdc_subset_77_jpg/test/real/real_002303.jpg,0.0,0.06201161444187164,0
/media/D1/ait_users/staff122/deepfake_project/outputs_deepfake_project/dfdc_subset_77_jpg/test/real/real_002304.jpg,0.0,0.8549952507019043,1
/media/D1/ait_users/staff122/deepfake_project/outputs_deepfake_project/dfdc_subset_77_jpg/test/real/real_002305.jpg,0.0,0.9999924898147583,1
/media/D1/ait_users/staff122/deepfake_project/outputs_deepfake_project/dfdc_subset_77_jpg/test/real/real_002306.jpg,0.0,1.1264311979175545e-05,0
/media/D1/ait_users/staff122/deepfake_project/outputs_deepfake_project/dfdc_subset_77_jpg/test/real/real_002307.jpg,0.0,0.0003748701128643006,0
/media/D1/ait_users/staff122/deepfake_project/outputs_deepfake_project/dfdc_subset_77_jpg/test/real/real_002308.jpg,0.0,0.9997442364692688,1
/media/D1/ait_users/staff122/deepfake_project/outputs_deepfake_project/dfdc_subset_77_jpg/test/real/real_002309.jpg,0.0,0.9999428987503052,1
/media/D1/ait_users/staff122/deepfake_project/outputs_deepfake_project/dfdc_subset_77_jpg/test/real/real_002310.jpg,0.0,0.9999703168869019,1
/media/D1/ait_users/staff122/deepfake_project/outputs_deepfake_project/dfdc_subset_77_jpg/test/real/real_002311.jpg,0.0,0.9974086880683899,1
/media/D1/ait_users/staff122/deepfake_project/outputs_deepfake_project/dfdc_subset_77_jpg/test/real/real_002312.jpg,0.0,0.9999924898147583,1
/media/D1/ait_users/staff122/deepfake_project/outputs_deepfake_project/dfdc_subset_77_jpg/test/real/real_002313.jpg,0.0,0.9999113082885742,1
/media/D1/ait_users/staff122/deepfake_project/outputs_deepfake_project/dfdc_subset_77_jpg/test/real/real_002314.jpg,0.0,0.9999661445617676,1
/media/D1/ait_users/staff122/deepfake_project/outputs_deepfake_project/dfdc_subset_77_jpg/test/real/real_002315.jpg,0.0,0.9998170733451843,1
/media/D1/ait_users/staff122/deepfake_project/outputs_deepfake_project/dfdc_subset_77_jpg/test/real/real_002316.jpg,0.0,0.9999486207962036,1
/media/D1/ait_users/staff122/deepfake_project/outputs_deepfake_project/dfdc_subset_77_jpg/test/real/real_002317.jpg,0.0,0.9999402761459351,1
/media/D1/ait_users/staff122/deepfake_project/outputs_deepfake_project/dfdc_subset_77_jpg/test/real/real_002318.jpg,0.0,0.9999979734420776,1
/media/D1/ait_users/staff122/deepfake_project/outputs_deepfake_project/dfdc_subset_77_jpg/test/real/real_002319.jpg,0.0,0.9999973773956299,1
/media/D1/ait_users/staff122/deepfake_project/outputs_deepfake_project/dfdc_subset_77_jpg/test/real/real_002320.jpg,0.0,0.9887012243270874,1
/media/D1/ait_users/staff122/deepfake_project/outputs_deepfake_project/dfdc_subset_77_jpg/test/real/real_002321.jpg,0.0,0.00013698487600777298,0
/media/D1/ait_users/staff122/deepfake_project/outputs_deepfake_project/dfdc_subset_77_jpg/test/real/real_002322.jpg,0.0,0.014209968969225883,0
/media/D1/ait_users/staff122/deepfake_project/outputs_deepfake_project/dfdc_subset_77_jpg/test/real/real_002323.jpg,0.0,0.9995729327201843,1
/media/D1/ait_users/staff122/deepfake_project/outputs_deepfake_project/dfdc_subset_77_jpg/test/real/real_002324.jpg,0.0,0.9999643564224243,1
/media/D1/ait_users/staff122/deepfake_project/outputs_deepfake_project/dfdc_subset_77_jpg/test/real/real_002325.jpg,0.0,0.805365800857544,1
/media/D1/ait_users/staff122/deepfake_project/outputs_deepfake_project/dfdc_subset_77_jpg/test/real/real_002326.jpg,0.0,0.9999957084655762,1
/media/D1/ait_users/staff122/deepfake_project/outputs_deepfake_project/dfdc_subset_77_jpg/test/real/real_002327.jpg,0.0,0.9999994039535522,1
/media/D1/ait_users/staff122/deepfake_project/outputs_deepfake_project/dfdc_subset_77_jpg/test/real/real_002328.jpg,0.0,0.9999902248382568,1
/media/D1/ait_users/staff122/deepfake_project/outputs_deepfake_project/dfdc_subset_77_jpg/test/real/real_002329.jpg,0.0,0.999751627445221,1
/media/D1/ait_users/staff122/deepfake_project/outputs_deepfake_project/dfdc_subset_77_jpg/test/real/real_002330.jpg,0.0,0.05961442366242409,0
/media/D1/ait_users/staff122/deepfake_project/outputs_deepfake_project/dfdc_subset_77_jpg/test/real/real_002331.jpg,0.0,0.99997878074646,1
/media/D1/ait_users/staff122/deepfake_project/outputs_deepfake_project/dfdc_subset_77_jpg/test/real/real_002332.jpg,0.0,0.9999996423721313,1
/media/D1/ait_users/staff122/deepfake_project/outputs_deepfake_project/dfdc_subset_77_jpg/test/real/real_002333.jpg,0.0,0.9999902248382568,1
/media/D1/ait_users/staff122/deepfake_project/outputs_deepfake_project/dfdc_subset_77_jpg/test/real/real_002334.jpg,0.0,0.9999991655349731,1
/media/D1/ait_users/staff122/deepfake_project/outputs_deepfake_project/dfdc_subset_77_jpg/test/real/real_002335.jpg,0.0,0.9998311996459961,1
/media/D1/ait_users/staff122/deepfake_project/outputs_deepfake_project/dfdc_subset_77_jpg/test/real/real_002336.jpg,0.0,0.31492289900779724,0
/media/D1/ait_users/staff122/deepfake_project/outputs_deepfake_project/dfdc_subset_77_jpg/test/real/real_002337.jpg,0.0,0.6377578377723694,1
/media/D1/ait_users/staff122/deepfake_project/outputs_deepfake_project/dfdc_subset_77_jpg/test/real/real_002338.jpg,0.0,0.43497276306152344,0
/media/D1/ait_users/staff122/deepfake_project/outputs_deepfake_project/dfdc_subset_77_jpg/test/real/real_002339.jpg,0.0,0.10103495419025421,0
/media/D1/ait_users/staff122/deepfake_project/outputs_deepfake_project/dfdc_subset_77_jpg/test/real/real_002340.jpg,0.0,0.8070668578147888,1
/media/D1/ait_users/staff122/deepfake_project/outputs_deepfake_project/dfdc_subset_77_jpg/test/real/real_002341.jpg,0.0,0.019543059170246124,0
/media/D1/ait_users/staff122/deepfake_project/outputs_deepfake_project/dfdc_subset_77_jpg/test/real/real_002342.jpg,0.0,0.9996110796928406,1
/media/D1/ait_users/staff122/deepfake_project/outputs_deepfake_project/dfdc_subset_77_jpg/test/real/real_002343.jpg,0.0,0.04371369630098343,0
/media/D1/ait_users/staff122/deepfake_project/outputs_deepfake_project/dfdc_subset_77_jpg/test/real/real_002344.jpg,0.0,0.3794345259666443,0
/media/D1/ait_users/staff122/deepfake_project/outputs_deepfake_project/dfdc_subset_77_jpg/test/real/real_002345.jpg,0.0,0.6583818197250366,1
/media/D1/ait_users/staff122/deepfake_project/outputs_deepfake_project/dfdc_subset_77_jpg/test/real/real_002346.jpg,0.0,0.007241177372634411,0
/media/D1/ait_users/staff122/deepfake_project/outputs_deepfake_project/dfdc_subset_77_jpg/test/real/real_002347.jpg,0.0,0.09295977652072906,0
/media/D1/ait_users/staff122/deepfake_project/outputs_deepfake_project/dfdc_subset_77_jpg/test/real/real_002348.jpg,0.0,0.22404168546199799,0
/media/D1/ait_users/staff122/deepfake_project/outputs_deepfake_project/dfdc_subset_77_jpg/test/real/real_002349.jpg,0.0,0.976774275302887,1
/media/D1/ait_users/staff122/deepfake_project/outputs_deepfake_project/dfdc_subset_77_jpg/test/real/real_002350.jpg,0.0,0.007136576343327761,0
/media/D1/ait_users/staff122/deepfake_project/outputs_deepfake_project/dfdc_subset_77_jpg/test/real/real_002351.jpg,0.0,0.9999997615814209,1
/media/D1/ait_users/staff122/deepfake_project/outputs_deepfake_project/dfdc_subset_77_jpg/test/real/real_002352.jpg,0.0,0.8118508458137512,1
/media/D1/ait_users/staff122/deepfake_project/outputs_deepfake_project/dfdc_subset_77_jpg/test/real/real_002353.jpg,0.0,0.12944617867469788,0
/media/D1/ait_users/staff122/deepfake_project/outputs_deepfake_project/dfdc_subset_77_jpg/test/real/real_002354.jpg,0.0,0.2901599705219269,0
/media/D1/ait_users/staff122/deepfake_project/outputs_deepfake_project/dfdc_subset_77_jpg/test/real/real_002355.jpg,0.0,0.001815498573705554,0
/media/D1/ait_users/staff122/deepfake_project/outputs_deepfake_project/dfdc_subset_77_jpg/test/real/real_002356.jpg,0.0,0.035390034317970276,0
/media/D1/ait_users/staff122/deepfake_project/outputs_deepfake_project/dfdc_subset_77_jpg/test/real/real_002357.jpg,0.0,0.9896742701530457,1
/media/D1/ait_users/staff122/deepfake_project/outputs_deepfake_project/dfdc_subset_77_jpg/test/real/real_002358.jpg,0.0,0.9786728024482727,1
/media/D1/ait_users/staff122/deepfake_project/outputs_deepfake_project/dfdc_subset_77_jpg/test/real/real_002359.jpg,0.0,0.9826761484146118,1
/media/D1/ait_users/staff122/deepfake_project/outputs_deepfake_project/dfdc_subset_77_jpg/test/real/real_002360.jpg,0.0,0.5837032198905945,1
/media/D1/ait_users/staff122/deepfake_project/outputs_deepfake_project/dfdc_subset_77_jpg/test/real/real_002361.jpg,0.0,0.24785450100898743,0
/media/D1/ait_users/staff122/deepfake_project/outputs_deepfake_project/dfdc_subset_77_jpg/test/real/real_002362.jpg,0.0,0.12668189406394958,0
/media/D1/ait_users/staff122/deepfake_project/outputs_deepfake_project/dfdc_subset_77_jpg/test/real/real_002363.jpg,0.0,0.239968404173851,0
/media/D1/ait_users/staff122/deepfake_project/outputs_deepfake_project/dfdc_subset_77_jpg/test/real/real_002364.jpg,0.0,0.9999276399612427,1
/media/D1/ait_users/staff122/deepfake_project/outputs_deepfake_project/dfdc_subset_77_jpg/test/real/real_002365.jpg,0.0,0.020461060106754303,0
/media/D1/ait_users/staff122/deepfake_project/outputs_deepfake_project/dfdc_subset_77_jpg/test/real/real_002366.jpg,0.0,0.04696883261203766,0
/media/D1/ait_users/staff122/deepfake_project/outputs_deepfake_project/dfdc_subset_77_jpg/test/real/real_002367.jpg,0.0,0.0428890697658062,0
/media/D1/ait_users/staff122/deepfake_project/outputs_deepfake_project/dfdc_subset_77_jpg/test/real/real_002368.jpg,0.0,0.11668451875448227,0
/media/D1/ait_users/staff122/deepfake_project/outputs_deepfake_project/dfdc_subset_77_jpg/test/real/real_002369.jpg,0.0,0.8370296955108643,1
/media/D1/ait_users/staff122/deepfake_project/outputs_deepfake_project/dfdc_subset_77_jpg/test/real/real_002370.jpg,0.0,0.017337149009108543,0
/media/D1/ait_users/staff122/deepfake_project/outputs_deepfake_project/dfdc_subset_77_jpg/test/real/real_002371.jpg,0.0,0.14928774535655975,0
/media/D1/ait_users/staff122/deepfake_project/outputs_deepfake_project/dfdc_subset_77_jpg/test/real/real_002372.jpg,0.0,0.9766653776168823,1
/media/D1/ait_users/staff122/deepfake_project/outputs_deepfake_project/dfdc_subset_77_jpg/test/real/real_002373.jpg,0.0,0.8171693682670593,1
/media/D1/ait_users/staff122/deepfake_project/outputs_deepfake_project/dfdc_subset_77_jpg/test/real/real_002374.jpg,0.0,0.027579359710216522,0
/media/D1/ait_users/staff122/deepfake_project/outputs_deepfake_project/dfdc_subset_77_jpg/test/real/real_002375.jpg,0.0,0.3403024673461914,0
/media/D1/ait_users/staff122/deepfake_project/outputs_deepfake_project/dfdc_subset_77_jpg/test/real/real_002376.jpg,0.0,0.02108762599527836,0
/media/D1/ait_users/staff122/deepfake_project/outputs_deepfake_project/dfdc_subset_77_jpg/test/real/real_002377.jpg,0.0,0.6439886689186096,1
/media/D1/ait_users/staff122/deepfake_project/outputs_deepfake_project/dfdc_subset_77_jpg/test/real/real_002378.jpg,0.0,0.8961716890335083,1
/media/D1/ait_users/staff122/deepfake_project/outputs_deepfake_project/dfdc_subset_77_jpg/test/real/real_002379.jpg,0.0,0.26707926392555237,0
/media/D1/ait_users/staff122/deepfake_project/outputs_deepfake_project/dfdc_subset_77_jpg/test/real/real_002380.jpg,0.0,0.7656455039978027,1
/media/D1/ait_users/staff122/deepfake_project/outputs_deepfake_project/dfdc_subset_77_jpg/test/real/real_002381.jpg,0.0,0.31754499673843384,0
/media/D1/ait_users/staff122/deepfake_project/outputs_deepfake_project/dfdc_subset_77_jpg/test/real/real_002382.jpg,0.0,0.8138064742088318,1
/media/D1/ait_users/staff122/deepfake_project/outputs_deepfake_project/dfdc_subset_77_jpg/test/real/real_002383.jpg,0.0,0.10075240582227707,0
/media/D1/ait_users/staff122/deepfake_project/outputs_deepfake_project/dfdc_subset_77_jpg/test/real/real_002384.jpg,0.0,0.3674798607826233,0
/media/D1/ait_users/staff122/deepfake_project/outputs_deepfake_project/dfdc_subset_77_jpg/test/real/real_002385.jpg,0.0,0.09454507380723953,0
/media/D1/ait_users/staff122/deepfake_project/outputs_deepfake_project/dfdc_subset_77_jpg/test/real/real_002386.jpg,0.0,0.12863847613334656,0
/media/D1/ait_users/staff122/deepfake_project/outputs_deepfake_project/dfdc_subset_77_jpg/test/real/real_002387.jpg,0.0,0.1963915079832077,0
/media/D1/ait_users/staff122/deepfake_project/outputs_deepfake_project/dfdc_subset_77_jpg/test/real/real_002388.jpg,0.0,0.9957118034362793,1
/media/D1/ait_users/staff122/deepfake_project/outputs_deepfake_project/dfdc_subset_77_jpg/test/real/real_002389.jpg,0.0,0.06252774596214294,0
/media/D1/ait_users/staff122/deepfake_project/outputs_deepfake_project/dfdc_subset_77_jpg/test/real/real_002390.jpg,0.0,0.05595943331718445,0
/media/D1/ait_users/staff122/deepfake_project/outputs_deepfake_project/dfdc_subset_77_jpg/test/real/real_002391.jpg,0.0,0.14680364727973938,0
/media/D1/ait_users/staff122/deepfake_project/outputs_deepfake_project/dfdc_subset_77_jpg/test/real/real_002392.jpg,0.0,0.04073425754904747,0
/media/D1/ait_users/staff122/deepfake_project/outputs_deepfake_project/dfdc_subset_77_jpg/test/real/real_002393.jpg,0.0,0.08832449465990067,0
/media/D1/ait_users/staff122/deepfake_project/outputs_deepfake_project/dfdc_subset_77_jpg/test/real/real_002394.jpg,0.0,0.037895649671554565,0
/media/D1/ait_users/staff122/deepfake_project/outputs_deepfake_project/dfdc_subset_77_jpg/test/real/real_002395.jpg,0.0,0.05574146658182144,0
/media/D1/ait_users/staff122/deepfake_project/outputs_deepfake_project/dfdc_subset_77_jpg/test/real/real_002396.jpg,0.0,0.3056778013706207,0
/media/D1/ait_users/staff122/deepfake_project/outputs_deepfake_project/dfdc_subset_77_jpg/test/real/real_002397.jpg,0.0,0.06684329360723495,0
/media/D1/ait_users/staff122/deepfake_project/outputs_deepfake_project/dfdc_subset_77_jpg/test/real/real_002398.jpg,0.0,0.2820115089416504,0
/media/D1/ait_users/staff122/deepfake_project/outputs_deepfake_project/dfdc_subset_77_jpg/test/real/real_002399.jpg,0.0,0.3578595221042633,0
/media/D1/ait_users/staff122/deepfake_project/outputs_deepfake_project/dfdc_subset_77_jpg/test/real/real_002400.jpg,0.0,0.015356860123574734,0
/media/D1/ait_users/staff122/deepfake_project/outputs_deepfake_project/dfdc_subset_77_jpg/test/real/real_002401.jpg,0.0,0.9883660674095154,1
/media/D1/ait_users/staff122/deepfake_project/outputs_deepfake_project/dfdc_subset_77_jpg/test/real/real_002402.jpg,0.0,0.000781919457949698,0
/media/D1/ait_users/staff122/deepfake_project/outputs_deepfake_project/dfdc_subset_77_jpg/test/real/real_002403.jpg,0.0,0.9999197721481323,1
/media/D1/ait_users/staff122/deepfake_project/outputs_deepfake_project/dfdc_subset_77_jpg/test/real/real_002404.jpg,0.0,0.9999943971633911,1
/media/D1/ait_users/staff122/deepfake_project/outputs_deepfake_project/dfdc_subset_77_jpg/test/real/real_002405.jpg,0.0,0.031978290528059006,0
/media/D1/ait_users/staff122/deepfake_project/outputs_deepfake_project/dfdc_subset_77_jpg/test/real/real_002406.jpg,0.0,0.9999889135360718,1
/media/D1/ait_users/staff122/deepfake_project/outputs_deepfake_project/dfdc_subset_77_jpg/test/real/real_002407.jpg,0.0,0.0003798762336373329,0
/media/D1/ait_users/staff122/deepfake_project/outputs_deepfake_project/dfdc_subset_77_jpg/test/real/real_002408.jpg,0.0,9.196634346153587e-05,0
/media/D1/ait_users/staff122/deepfake_project/outputs_deepfake_project/dfdc_subset_77_jpg/test/real/real_002409.jpg,0.0,9.924288860929664e-06,0
/media/D1/ait_users/staff122/deepfake_project/outputs_deepfake_project/dfdc_subset_77_jpg/test/real/real_002410.jpg,0.0,0.001991775818169117,0
/media/D1/ait_users/staff122/deepfake_project/outputs_deepfake_project/dfdc_subset_77_jpg/test/real/real_002411.jpg,0.0,0.00024986470816656947,0
/media/D1/ait_users/staff122/deepfake_project/outputs_deepfake_project/dfdc_subset_77_jpg/test/real/real_002412.jpg,0.0,3.334866732984665e-06,0
/media/D1/ait_users/staff122/deepfake_project/outputs_deepfake_project/dfdc_subset_77_jpg/test/real/real_002413.jpg,0.0,3.6796129279537126e-05,0
/media/D1/ait_users/staff122/deepfake_project/outputs_deepfake_project/dfdc_subset_77_jpg/test/real/real_002414.jpg,0.0,0.9685685038566589,1
/media/D1/ait_users/staff122/deepfake_project/outputs_deepfake_project/dfdc_subset_77_jpg/test/real/real_002415.jpg,0.0,0.9999196529388428,1
/media/D1/ait_users/staff122/deepfake_project/outputs_deepfake_project/dfdc_subset_77_jpg/test/real/real_002416.jpg,0.0,0.9999061822891235,1
/media/D1/ait_users/staff122/deepfake_project/outputs_deepfake_project/dfdc_subset_77_jpg/test/real/real_002417.jpg,0.0,0.9993141889572144,1
/media/D1/ait_users/staff122/deepfake_project/outputs_deepfake_project/dfdc_subset_77_jpg/test/real/real_002418.jpg,0.0,0.9998855590820312,1
/media/D1/ait_users/staff122/deepfake_project/outputs_deepfake_project/dfdc_subset_77_jpg/test/real/real_002419.jpg,0.0,0.004012591205537319,0
/media/D1/ait_users/staff122/deepfake_project/outputs_deepfake_project/dfdc_subset_77_jpg/test/real/real_002420.jpg,0.0,8.132855145959184e-05,0
/media/D1/ait_users/staff122/deepfake_project/outputs_deepfake_project/dfdc_subset_77_jpg/test/real/real_002421.jpg,0.0,0.00013329411740414798,0
/media/D1/ait_users/staff122/deepfake_project/outputs_deepfake_project/dfdc_subset_77_jpg/test/real/real_002422.jpg,0.0,0.0008185893530026078,0
/media/D1/ait_users/staff122/deepfake_project/outputs_deepfake_project/dfdc_subset_77_jpg/test/real/real_002423.jpg,0.0,0.00028864937485195696,0
/media/D1/ait_users/staff122/deepfake_project/outputs_deepfake_project/dfdc_subset_77_jpg/test/real/real_002424.jpg,0.0,3.785274202527944e-06,0
/media/D1/ait_users/staff122/deepfake_project/outputs_deepfake_project/dfdc_subset_77_jpg/test/real/real_002425.jpg,0.0,0.001097752247005701,0
/media/D1/ait_users/staff122/deepfake_project/outputs_deepfake_project/dfdc_subset_77_jpg/test/real/real_002426.jpg,0.0,0.023408975452184677,0
/media/D1/ait_users/staff122/deepfake_project/outputs_deepfake_project/dfdc_subset_77_jpg/test/real/real_002427.jpg,0.0,1.3281780866236659e-06,0
/media/D1/ait_users/staff122/deepfake_project/outputs_deepfake_project/dfdc_subset_77_jpg/test/real/real_002428.jpg,0.0,4.556595740723424e-06,0
/media/D1/ait_users/staff122/deepfake_project/outputs_deepfake_project/dfdc_subset_77_jpg/test/real/real_002429.jpg,0.0,2.768015292531345e-05,0
/media/D1/ait_users/staff122/deepfake_project/outputs_deepfake_project/dfdc_subset_77_jpg/test/real/real_002430.jpg,0.0,8.39747917780187e-06,0
/media/D1/ait_users/staff122/deepfake_project/outputs_deepfake_project/dfdc_subset_77_jpg/test/real/real_002431.jpg,0.0,8.036397503019543e-07,0
/media/D1/ait_users/staff122/deepfake_project/outputs_deepfake_project/dfdc_subset_77_jpg/test/real/real_002432.jpg,0.0,0.9501818418502808,1
/media/D1/ait_users/staff122/deepfake_project/outputs_deepfake_project/dfdc_subset_77_jpg/test/real/real_002433.jpg,0.0,0.7057870626449585,1
/media/D1/ait_users/staff122/deepfake_project/outputs_deepfake_project/dfdc_subset_77_jpg/test/real/real_002434.jpg,0.0,0.5967250466346741,1
/media/D1/ait_users/staff122/deepfake_project/outputs_deepfake_project/dfdc_subset_77_jpg/test/real/real_002435.jpg,0.0,0.5938294529914856,1
/media/D1/ait_users/staff122/deepfake_project/outputs_deepfake_project/dfdc_subset_77_jpg/test/real/real_002436.jpg,0.0,0.9946073889732361,1
/media/D1/ait_users/staff122/deepfake_project/outputs_deepfake_project/dfdc_subset_77_jpg/test/real/real_002437.jpg,0.0,0.90821373462677,1
/media/D1/ait_users/staff122/deepfake_project/outputs_deepfake_project/dfdc_subset_77_jpg/test/real/real_002438.jpg,0.0,0.686231791973114,1
/media/D1/ait_users/staff122/deepfake_project/outputs_deepfake_project/dfdc_subset_77_jpg/test/real/real_002439.jpg,0.0,0.9141474366188049,1
/media/D1/ait_users/staff122/deepfake_project/outputs_deepfake_project/dfdc_subset_77_jpg/test/real/real_002440.jpg,0.0,0.5993553996086121,1
/media/D1/ait_users/staff122/deepfake_project/outputs_deepfake_project/dfdc_subset_77_jpg/test/real/real_002441.jpg,0.0,0.7919352054595947,1
/media/D1/ait_users/staff122/deepfake_project/outputs_deepfake_project/dfdc_subset_77_jpg/test/real/real_002442.jpg,0.0,0.8990224003791809,1
/media/D1/ait_users/staff122/deepfake_project/outputs_deepfake_project/dfdc_subset_77_jpg/test/real/real_002443.jpg,0.0,0.994530975818634,1
/media/D1/ait_users/staff122/deepfake_project/outputs_deepfake_project/dfdc_subset_77_jpg/test/real/real_002444.jpg,0.0,0.9775872826576233,1
/media/D1/ait_users/staff122/deepfake_project/outputs_deepfake_project/dfdc_subset_77_jpg/test/real/real_002445.jpg,0.0,0.9984440207481384,1
/media/D1/ait_users/staff122/deepfake_project/outputs_deepfake_project/dfdc_subset_77_jpg/test/real/real_002446.jpg,0.0,0.654651939868927,1
/media/D1/ait_users/staff122/deepfake_project/outputs_deepfake_project/dfdc_subset_77_jpg/test/real/real_002447.jpg,0.0,0.9902021884918213,1
/media/D1/ait_users/staff122/deepfake_project/outputs_deepfake_project/dfdc_subset_77_jpg/test/real/real_002448.jpg,0.0,0.9925859570503235,1
/media/D1/ait_users/staff122/deepfake_project/outputs_deepfake_project/dfdc_subset_77_jpg/test/real/real_002449.jpg,0.0,0.9927876591682434,1
/media/D1/ait_users/staff122/deepfake_project/outputs_deepfake_project/dfdc_subset_77_jpg/test/real/real_002450.jpg,0.0,0.99315345287323,1
/media/D1/ait_users/staff122/deepfake_project/outputs_deepfake_project/dfdc_subset_77_jpg/test/real/real_002451.jpg,0.0,0.7009566426277161,1
/media/D1/ait_users/staff122/deepfake_project/outputs_deepfake_project/dfdc_subset_77_jpg/test/real/real_002452.jpg,0.0,0.6459283232688904,1
/media/D1/ait_users/staff122/deepfake_project/outputs_deepfake_project/dfdc_subset_77_jpg/test/real/real_002453.jpg,0.0,0.9734961986541748,1
/media/D1/ait_users/staff122/deepfake_project/outputs_deepfake_project/dfdc_subset_77_jpg/test/real/real_002454.jpg,0.0,0.9516772031784058,1
/media/D1/ait_users/staff122/deepfake_project/outputs_deepfake_project/dfdc_subset_77_jpg/test/real/real_002455.jpg,0.0,0.9631280303001404,1
/media/D1/ait_users/staff122/deepfake_project/outputs_deepfake_project/dfdc_subset_77_jpg/test/real/real_002456.jpg,0.0,0.9949821829795837,1
/media/D1/ait_users/staff122/deepfake_project/outputs_deepfake_project/dfdc_subset_77_jpg/test/real/real_002457.jpg,0.0,0.9980579018592834,1
/media/D1/ait_users/staff122/deepfake_project/outputs_deepfake_project/dfdc_subset_77_jpg/test/real/real_002458.jpg,0.0,0.9170997738838196,1
/media/D1/ait_users/staff122/deepfake_project/outputs_deepfake_project/dfdc_subset_77_jpg/test/real/real_002459.jpg,0.0,0.7763691544532776,1
/media/D1/ait_users/staff122/deepfake_project/outputs_deepfake_project/dfdc_subset_77_jpg/test/real/real_002460.jpg,0.0,0.990243136882782,1
/media/D1/ait_users/staff122/deepfake_project/outputs_deepfake_project/dfdc_subset_77_jpg/test/real/real_002461.jpg,0.0,0.9119927883148193,1
/media/D1/ait_users/staff122/deepfake_project/outputs_deepfake_project/dfdc_subset_77_jpg/test/real/real_002462.jpg,0.0,0.9646556377410889,1
/media/D1/ait_users/staff122/deepfake_project/outputs_deepfake_project/dfdc_subset_77_jpg/test/real/real_002463.jpg,0.0,0.9907310605049133,1
/media/D1/ait_users/staff122/deepfake_project/outputs_deepfake_project/dfdc_subset_77_jpg/test/fake/fake_000000.jpg,1.0,0.2443711906671524,0
/media/D1/ait_users/staff122/deepfake_project/outputs_deepfake_project/dfdc_subset_77_jpg/test/fake/fake_000001.jpg,1.0,0.9828166961669922,1
/media/D1/ait_users/staff122/deepfake_project/outputs_deepfake_project/dfdc_subset_77_jpg/test/fake/fake_000002.jpg,1.0,0.5677412152290344,1
/media/D1/ait_users/staff122/deepfake_project/outputs_deepfake_project/dfdc_subset_77_jpg/test/fake/fake_000003.jpg,1.0,0.9483264088630676,1
/media/D1/ait_users/staff122/deepfake_project/outputs_deepfake_project/dfdc_subset_77_jpg/test/fake/fake_000004.jpg,1.0,0.48704901337623596,0
/media/D1/ait_users/staff122/deepfake_project/outputs_deepfake_project/dfdc_subset_77_jpg/test/fake/fake_000005.jpg,1.0,0.18556807935237885,0
/media/D1/ait_users/staff122/deepfake_project/outputs_deepfake_project/dfdc_subset_77_jpg/test/fake/fake_000006.jpg,1.0,0.9858893156051636,1
/media/D1/ait_users/staff122/deepfake_project/outputs_deepfake_project/dfdc_subset_77_jpg/test/fake/fake_000007.jpg,1.0,0.007550527807325125,0
/media/D1/ait_users/staff122/deepfake_project/outputs_deepfake_project/dfdc_subset_77_jpg/test/fake/fake_000008.jpg,1.0,0.9989437460899353,1
/media/D1/ait_users/staff122/deepfake_project/outputs_deepfake_project/dfdc_subset_77_jpg/test/fake/fake_000009.jpg,1.0,0.5810121893882751,1
/media/D1/ait_users/staff122/deepfake_project/outputs_deepfake_project/dfdc_subset_77_jpg/test/fake/fake_000010.jpg,1.0,0.8011893630027771,1
/media/D1/ait_users/staff122/deepfake_project/outputs_deepfake_project/dfdc_subset_77_jpg/test/fake/fake_000011.jpg,1.0,0.9469876885414124,1
/media/D1/ait_users/staff122/deepfake_project/outputs_deepfake_project/dfdc_subset_77_jpg/test/fake/fake_000012.jpg,1.0,0.13197001814842224,0
/media/D1/ait_users/staff122/deepfake_project/outputs_deepfake_project/dfdc_subset_77_jpg/test/fake/fake_000013.jpg,1.0,0.8197419047355652,1
/media/D1/ait_users/staff122/deepfake_project/outputs_deepfake_project/dfdc_subset_77_jpg/test/fake/fake_000014.jpg,1.0,0.8411176800727844,1
/media/D1/ait_users/staff122/deepfake_project/outputs_deepfake_project/dfdc_subset_77_jpg/test/fake/fake_000015.jpg,1.0,0.022944903001189232,0
/media/D1/ait_users/staff122/deepfake_project/outputs_deepfake_project/dfdc_subset_77_jpg/test/fake/fake_000016.jpg,1.0,0.900635302066803,1
/media/D1/ait_users/staff122/deepfake_project/outputs_deepfake_project/dfdc_subset_77_jpg/test/fake/fake_000017.jpg,1.0,0.041482146829366684,0
/media/D1/ait_users/staff122/deepfake_project/outputs_deepfake_project/dfdc_subset_77_jpg/test/fake/fake_000018.jpg,1.0,0.12733545899391174,0
/media/D1/ait_users/staff122/deepfake_project/outputs_deepfake_project/dfdc_subset_77_jpg/test/fake/fake_000019.jpg,1.0,0.9647893309593201,1
/media/D1/ait_users/staff122/deepfake_project/outputs_deepfake_project/dfdc_subset_77_jpg/test/fake/fake_000020.jpg,1.0,0.6549039483070374,1
/media/D1/ait_users/staff122/deepfake_project/outputs_deepfake_project/dfdc_subset_77_jpg/test/fake/fake_000021.jpg,1.0,0.031333792954683304,0
/media/D1/ait_users/staff122/deepfake_project/outputs_deepfake_project/dfdc_subset_77_jpg/test/fake/fake_000022.jpg,1.0,0.18575230240821838,0
/media/D1/ait_users/staff122/deepfake_project/outputs_deepfake_project/dfdc_subset_77_jpg/test/fake/fake_000023.jpg,1.0,0.14366579055786133,0
/media/D1/ait_users/staff122/deepfake_project/outputs_deepfake_project/dfdc_subset_77_jpg/test/fake/fake_000024.jpg,1.0,0.9802764654159546,1
/media/D1/ait_users/staff122/deepfake_project/outputs_deepfake_project/dfdc_subset_77_jpg/test/fake/fake_000025.jpg,1.0,0.0438198447227478,0
/media/D1/ait_users/staff122/deepfake_project/outputs_deepfake_project/dfdc_subset_77_jpg/test/fake/fake_000026.jpg,1.0,0.04318495839834213,0
/media/D1/ait_users/staff122/deepfake_project/outputs_deepfake_project/dfdc_subset_77_jpg/test/fake/fake_000027.jpg,1.0,0.8410547971725464,1
/media/D1/ait_users/staff122/deepfake_project/outputs_deepfake_project/dfdc_subset_77_jpg/test/fake/fake_000028.jpg,1.0,0.10055455565452576,0
/media/D1/ait_users/staff122/deepfake_project/outputs_deepfake_project/dfdc_subset_77_jpg/test/fake/fake_000029.jpg,1.0,0.993089497089386,1
/media/D1/ait_users/staff122/deepfake_project/outputs_deepfake_project/dfdc_subset_77_jpg/test/fake/fake_000030.jpg,1.0,0.02017592452466488,0
/media/D1/ait_users/staff122/deepfake_project/outputs_deepfake_project/dfdc_subset_77_jpg/test/fake/fake_000031.jpg,1.0,0.127102330327034,0
/media/D1/ait_users/staff122/deepfake_project/outputs_deepfake_project/dfdc_subset_77_jpg/test/fake/fake_000032.jpg,1.0,0.9700835347175598,1
/media/D1/ait_users/staff122/deepfake_project/outputs_deepfake_project/dfdc_subset_77_jpg/test/fake/fake_000033.jpg,1.0,0.9999791383743286,1
/media/D1/ait_users/staff122/deepfake_project/outputs_deepfake_project/dfdc_subset_77_jpg/test/fake/fake_000034.jpg,1.0,0.9988371729850769,1
/media/D1/ait_users/staff122/deepfake_project/outputs_deepfake_project/dfdc_subset_77_jpg/test/fake/fake_000035.jpg,1.0,0.9996376037597656,1
/media/D1/ait_users/staff122/deepfake_project/outputs_deepfake_project/dfdc_subset_77_jpg/test/fake/fake_000036.jpg,1.0,0.9994909763336182,1
/media/D1/ait_users/staff122/deepfake_project/outputs_deepfake_project/dfdc_subset_77_jpg/test/fake/fake_000037.jpg,1.0,0.9999985694885254,1
/media/D1/ait_users/staff122/deepfake_project/outputs_deepfake_project/dfdc_subset_77_jpg/test/fake/fake_000038.jpg,1.0,0.999646782875061,1
/media/D1/ait_users/staff122/deepfake_project/outputs_deepfake_project/dfdc_subset_77_jpg/test/fake/fake_000039.jpg,1.0,0.9999645948410034,1
/media/D1/ait_users/staff122/deepfake_project/outputs_deepfake_project/dfdc_subset_77_jpg/test/fake/fake_000040.jpg,1.0,1.0,1
/media/D1/ait_users/staff122/deepfake_project/outputs_deepfake_project/dfdc_subset_77_jpg/test/fake/fake_000041.jpg,1.0,0.9999685287475586,1
/media/D1/ait_users/staff122/deepfake_project/outputs_deepfake_project/dfdc_subset_77_jpg/test/fake/fake_000042.jpg,1.0,0.9999159574508667,1
/media/D1/ait_users/staff122/deepfake_project/outputs_deepfake_project/dfdc_subset_77_jpg/test/fake/fake_000043.jpg,1.0,0.9999963045120239,1
/media/D1/ait_users/staff122/deepfake_project/outputs_deepfake_project/dfdc_subset_77_jpg/test/fake/fake_000044.jpg,1.0,0.9999032020568848,1
/media/D1/ait_users/staff122/deepfake_project/outputs_deepfake_project/dfdc_subset_77_jpg/test/fake/fake_000045.jpg,1.0,0.9877223968505859,1
/media/D1/ait_users/staff122/deepfake_project/outputs_deepfake_project/dfdc_subset_77_jpg/test/fake/fake_000046.jpg,1.0,0.999871015548706,1
/media/D1/ait_users/staff122/deepfake_project/outputs_deepfake_project/dfdc_subset_77_jpg/test/fake/fake_000047.jpg,1.0,0.7953120470046997,1
/media/D1/ait_users/staff122/deepfake_project/outputs_deepfake_project/dfdc_subset_77_jpg/test/fake/fake_000048.jpg,1.0,0.9999945163726807,1
/media/D1/ait_users/staff122/deepfake_project/outputs_deepfake_project/dfdc_subset_77_jpg/test/fake/fake_000049.jpg,1.0,0.9999486207962036,1
/media/D1/ait_users/staff122/deepfake_project/outputs_deepfake_project/dfdc_subset_77_jpg/test/fake/fake_000050.jpg,1.0,0.9992258548736572,1
/media/D1/ait_users/staff122/deepfake_project/outputs_deepfake_project/dfdc_subset_77_jpg/test/fake/fake_000051.jpg,1.0,0.9999146461486816,1
/media/D1/ait_users/staff122/deepfake_project/outputs_deepfake_project/dfdc_subset_77_jpg/test/fake/fake_000052.jpg,1.0,0.9987789988517761,1
/media/D1/ait_users/staff122/deepfake_project/outputs_deepfake_project/dfdc_subset_77_jpg/test/fake/fake_000053.jpg,1.0,0.9999480247497559,1
/media/D1/ait_users/staff122/deepfake_project/outputs_deepfake_project/dfdc_subset_77_jpg/test/fake/fake_000054.jpg,1.0,0.9990379810333252,1
/media/D1/ait_users/staff122/deepfake_project/outputs_deepfake_project/dfdc_subset_77_jpg/test/fake/fake_000055.jpg,1.0,0.9998420476913452,1
/media/D1/ait_users/staff122/deepfake_project/outputs_deepfake_project/dfdc_subset_77_jpg/test/fake/fake_000056.jpg,1.0,0.8566169142723083,1
/media/D1/ait_users/staff122/deepfake_project/outputs_deepfake_project/dfdc_subset_77_jpg/test/fake/fake_000057.jpg,1.0,0.9999628067016602,1
/media/D1/ait_users/staff122/deepfake_project/outputs_deepfake_project/dfdc_subset_77_jpg/test/fake/fake_000058.jpg,1.0,0.9999520778656006,1
/media/D1/ait_users/staff122/deepfake_project/outputs_deepfake_project/dfdc_subset_77_jpg/test/fake/fake_000059.jpg,1.0,0.9984269142150879,1
/media/D1/ait_users/staff122/deepfake_project/outputs_deepfake_project/dfdc_subset_77_jpg/test/fake/fake_000060.jpg,1.0,0.999984622001648,1
/media/D1/ait_users/staff122/deepfake_project/outputs_deepfake_project/dfdc_subset_77_jpg/test/fake/fake_000061.jpg,1.0,0.9949415326118469,1
/media/D1/ait_users/staff122/deepfake_project/outputs_deepfake_project/dfdc_subset_77_jpg/test/fake/fake_000062.jpg,1.0,0.9999879598617554,1
/media/D1/ait_users/staff122/deepfake_project/outputs_deepfake_project/dfdc_subset_77_jpg/test/fake/fake_000063.jpg,1.0,0.999963641166687,1
/media/D1/ait_users/staff122/deepfake_project/outputs_deepfake_project/dfdc_subset_77_jpg/test/fake/fake_000064.jpg,1.0,0.07632891088724136,0
/media/D1/ait_users/staff122/deepfake_project/outputs_deepfake_project/dfdc_subset_77_jpg/test/fake/fake_000065.jpg,1.0,0.9979814291000366,1
/media/D1/ait_users/staff122/deepfake_project/outputs_deepfake_project/dfdc_subset_77_jpg/test/fake/fake_000066.jpg,1.0,0.9977892637252808,1
/media/D1/ait_users/staff122/deepfake_project/outputs_deepfake_project/dfdc_subset_77_jpg/test/fake/fake_000067.jpg,1.0,0.05579105392098427,0
/media/D1/ait_users/staff122/deepfake_project/outputs_deepfake_project/dfdc_subset_77_jpg/test/fake/fake_000068.jpg,1.0,0.20164471864700317,0
/media/D1/ait_users/staff122/deepfake_project/outputs_deepfake_project/dfdc_subset_77_jpg/test/fake/fake_000069.jpg,1.0,0.4472309947013855,0
/media/D1/ait_users/staff122/deepfake_project/outputs_deepfake_project/dfdc_subset_77_jpg/test/fake/fake_000070.jpg,1.0,0.5435034036636353,1
/media/D1/ait_users/staff122/deepfake_project/outputs_deepfake_project/dfdc_subset_77_jpg/test/fake/fake_000071.jpg,1.0,0.9559972286224365,1
/media/D1/ait_users/staff122/deepfake_project/outputs_deepfake_project/dfdc_subset_77_jpg/test/fake/fake_000072.jpg,1.0,0.9798734188079834,1
/media/D1/ait_users/staff122/deepfake_project/outputs_deepfake_project/dfdc_subset_77_jpg/test/fake/fake_000073.jpg,1.0,0.7090049982070923,1
/media/D1/ait_users/staff122/deepfake_project/outputs_deepfake_project/dfdc_subset_77_jpg/test/fake/fake_000074.jpg,1.0,0.007224216125905514,0
/media/D1/ait_users/staff122/deepfake_project/outputs_deepfake_project/dfdc_subset_77_jpg/test/fake/fake_000075.jpg,1.0,0.9935179948806763,1
/media/D1/ait_users/staff122/deepfake_project/outputs_deepfake_project/dfdc_subset_77_jpg/test/fake/fake_000076.jpg,1.0,0.958377480506897,1
/media/D1/ait_users/staff122/deepfake_project/outputs_deepfake_project/dfdc_subset_77_jpg/test/fake/fake_000077.jpg,1.0,0.992469847202301,1
/media/D1/ait_users/staff122/deepfake_project/outputs_deepfake_project/dfdc_subset_77_jpg/test/fake/fake_000078.jpg,1.0,0.9691566228866577,1
/media/D1/ait_users/staff122/deepfake_project/outputs_deepfake_project/dfdc_subset_77_jpg/test/fake/fake_000079.jpg,1.0,0.7595723867416382,1
/media/D1/ait_users/staff122/deepfake_project/outputs_deepfake_project/dfdc_subset_77_jpg/test/fake/fake_000080.jpg,1.0,0.962584912776947,1
/media/D1/ait_users/staff122/deepfake_project/outputs_deepfake_project/dfdc_subset_77_jpg/test/fake/fake_000081.jpg,1.0,0.7432947158813477,1
/media/D1/ait_users/staff122/deepfake_project/outputs_deepfake_project/dfdc_subset_77_jpg/test/fake/fake_000082.jpg,1.0,0.9230093359947205,1
/media/D1/ait_users/staff122/deepfake_project/outputs_deepfake_project/dfdc_subset_77_jpg/test/fake/fake_000083.jpg,1.0,0.6432250738143921,1
/media/D1/ait_users/staff122/deepfake_project/outputs_deepfake_project/dfdc_subset_77_jpg/test/fake/fake_000084.jpg,1.0,0.8010088801383972,1
/media/D1/ait_users/staff122/deepfake_project/outputs_deepfake_project/dfdc_subset_77_jpg/test/fake/fake_000085.jpg,1.0,0.8094022274017334,1
/media/D1/ait_users/staff122/deepfake_project/outputs_deepfake_project/dfdc_subset_77_jpg/test/fake/fake_000086.jpg,1.0,0.9778809547424316,1
/media/D1/ait_users/staff122/deepfake_project/outputs_deepfake_project/dfdc_subset_77_jpg/test/fake/fake_000087.jpg,1.0,0.9998266100883484,1
/media/D1/ait_users/staff122/deepfake_project/outputs_deepfake_project/dfdc_subset_77_jpg/test/fake/fake_000088.jpg,1.0,0.9941738247871399,1
/media/D1/ait_users/staff122/deepfake_project/outputs_deepfake_project/dfdc_subset_77_jpg/test/fake/fake_000089.jpg,1.0,0.8444456458091736,1
/media/D1/ait_users/staff122/deepfake_project/outputs_deepfake_project/dfdc_subset_77_jpg/test/fake/fake_000090.jpg,1.0,0.11579706519842148,0
/media/D1/ait_users/staff122/deepfake_project/outputs_deepfake_project/dfdc_subset_77_jpg/test/fake/fake_000091.jpg,1.0,0.9807418584823608,1
/media/D1/ait_users/staff122/deepfake_project/outputs_deepfake_project/dfdc_subset_77_jpg/test/fake/fake_000092.jpg,1.0,0.5214129090309143,1
/media/D1/ait_users/staff122/deepfake_project/outputs_deepfake_project/dfdc_subset_77_jpg/test/fake/fake_000093.jpg,1.0,0.9847915172576904,1
/media/D1/ait_users/staff122/deepfake_project/outputs_deepfake_project/dfdc_subset_77_jpg/test/fake/fake_000094.jpg,1.0,0.8890982270240784,1
/media/D1/ait_users/staff122/deepfake_project/outputs_deepfake_project/dfdc_subset_77_jpg/test/fake/fake_000095.jpg,1.0,0.9994901418685913,1
/media/D1/ait_users/staff122/deepfake_project/outputs_deepfake_project/dfdc_subset_77_jpg/test/fake/fake_000096.jpg,1.0,0.5455928444862366,1
/media/D1/ait_users/staff122/deepfake_project/outputs_deepfake_project/dfdc_subset_77_jpg/test/fake/fake_000097.jpg,1.0,0.7379007339477539,1
/media/D1/ait_users/staff122/deepfake_project/outputs_deepfake_project/dfdc_subset_77_jpg/test/fake/fake_000098.jpg,1.0,0.7743924856185913,1
/media/D1/ait_users/staff122/deepfake_project/outputs_deepfake_project/dfdc_subset_77_jpg/test/fake/fake_000099.jpg,1.0,0.5648155808448792,1
/media/D1/ait_users/staff122/deepfake_project/outputs_deepfake_project/dfdc_subset_77_jpg/test/fake/fake_000100.jpg,1.0,0.0397300161421299,0
/media/D1/ait_users/staff122/deepfake_project/outputs_deepfake_project/dfdc_subset_77_jpg/test/fake/fake_000101.jpg,1.0,0.9999895095825195,1
/media/D1/ait_users/staff122/deepfake_project/outputs_deepfake_project/dfdc_subset_77_jpg/test/fake/fake_000102.jpg,1.0,0.9994714856147766,1
/media/D1/ait_users/staff122/deepfake_project/outputs_deepfake_project/dfdc_subset_77_jpg/test/fake/fake_000103.jpg,1.0,0.9998899698257446,1
/media/D1/ait_users/staff122/deepfake_project/outputs_deepfake_project/dfdc_subset_77_jpg/test/fake/fake_000104.jpg,1.0,0.9999874830245972,1
/media/D1/ait_users/staff122/deepfake_project/outputs_deepfake_project/dfdc_subset_77_jpg/test/fake/fake_000105.jpg,1.0,0.9999932050704956,1
/media/D1/ait_users/staff122/deepfake_project/outputs_deepfake_project/dfdc_subset_77_jpg/test/fake/fake_000106.jpg,1.0,0.9999992847442627,1
/media/D1/ait_users/staff122/deepfake_project/outputs_deepfake_project/dfdc_subset_77_jpg/test/fake/fake_000107.jpg,1.0,0.9999996423721313,1
/media/D1/ait_users/staff122/deepfake_project/outputs_deepfake_project/dfdc_subset_77_jpg/test/fake/fake_000108.jpg,1.0,0.9999880790710449,1
/media/D1/ait_users/staff122/deepfake_project/outputs_deepfake_project/dfdc_subset_77_jpg/test/fake/fake_000109.jpg,1.0,0.995705783367157,1
/media/D1/ait_users/staff122/deepfake_project/outputs_deepfake_project/dfdc_subset_77_jpg/test/fake/fake_000110.jpg,1.0,0.6085575222969055,1
/media/D1/ait_users/staff122/deepfake_project/outputs_deepfake_project/dfdc_subset_77_jpg/test/fake/fake_000111.jpg,1.0,0.9815912246704102,1
/media/D1/ait_users/staff122/deepfake_project/outputs_deepfake_project/dfdc_subset_77_jpg/test/fake/fake_000112.jpg,1.0,0.9985635876655579,1
/media/D1/ait_users/staff122/deepfake_project/outputs_deepfake_project/dfdc_subset_77_jpg/test/fake/fake_000113.jpg,1.0,0.8798906207084656,1
/media/D1/ait_users/staff122/deepfake_project/outputs_deepfake_project/dfdc_subset_77_jpg/test/fake/fake_000114.jpg,1.0,0.7656171321868896,1
/media/D1/ait_users/staff122/deepfake_project/outputs_deepfake_project/dfdc_subset_77_jpg/test/fake/fake_000115.jpg,1.0,0.9822213053703308,1
/media/D1/ait_users/staff122/deepfake_project/outputs_deepfake_project/dfdc_subset_77_jpg/test/fake/fake_000116.jpg,1.0,0.49048441648483276,0
/media/D1/ait_users/staff122/deepfake_project/outputs_deepfake_project/dfdc_subset_77_jpg/test/fake/fake_000117.jpg,1.0,0.6259360313415527,1
/media/D1/ait_users/staff122/deepfake_project/outputs_deepfake_project/dfdc_subset_77_jpg/test/fake/fake_000118.jpg,1.0,0.9451541304588318,1
/media/D1/ait_users/staff122/deepfake_project/outputs_deepfake_project/dfdc_subset_77_jpg/test/fake/fake_000119.jpg,1.0,0.9980894923210144,1
/media/D1/ait_users/staff122/deepfake_project/outputs_deepfake_project/dfdc_subset_77_jpg/test/fake/fake_000120.jpg,1.0,0.9961370825767517,1
/media/D1/ait_users/staff122/deepfake_project/outputs_deepfake_project/dfdc_subset_77_jpg/test/fake/fake_000121.jpg,1.0,0.08076969534158707,0
/media/D1/ait_users/staff122/deepfake_project/outputs_deepfake_project/dfdc_subset_77_jpg/test/fake/fake_000122.jpg,1.0,0.9978029131889343,1
/media/D1/ait_users/staff122/deepfake_project/outputs_deepfake_project/dfdc_subset_77_jpg/test/fake/fake_000123.jpg,1.0,0.998964786529541,1
/media/D1/ait_users/staff122/deepfake_project/outputs_deepfake_project/dfdc_subset_77_jpg/test/fake/fake_000124.jpg,1.0,0.9992721676826477,1
/media/D1/ait_users/staff122/deepfake_project/outputs_deepfake_project/dfdc_subset_77_jpg/test/fake/fake_000125.jpg,1.0,0.9999008178710938,1
/media/D1/ait_users/staff122/deepfake_project/outputs_deepfake_project/dfdc_subset_77_jpg/test/fake/fake_000126.jpg,1.0,0.9904995560646057,1
/media/D1/ait_users/staff122/deepfake_project/outputs_deepfake_project/dfdc_subset_77_jpg/test/fake/fake_000127.jpg,1.0,0.9548326730728149,1
/media/D1/ait_users/staff122/deepfake_project/outputs_deepfake_project/dfdc_subset_77_jpg/test/fake/fake_000128.jpg,1.0,1.0,1
/media/D1/ait_users/staff122/deepfake_project/outputs_deepfake_project/dfdc_subset_77_jpg/test/fake/fake_000129.jpg,1.0,0.9999982118606567,1
/media/D1/ait_users/staff122/deepfake_project/outputs_deepfake_project/dfdc_subset_77_jpg/test/fake/fake_000130.jpg,1.0,0.9999985694885254,1
/media/D1/ait_users/staff122/deepfake_project/outputs_deepfake_project/dfdc_subset_77_jpg/test/fake/fake_000131.jpg,1.0,0.9999997615814209,1
/media/D1/ait_users/staff122/deepfake_project/outputs_deepfake_project/dfdc_subset_77_jpg/test/fake/fake_000132.jpg,1.0,1.0,1
/media/D1/ait_users/staff122/deepfake_project/outputs_deepfake_project/dfdc_subset_77_jpg/test/fake/fake_000133.jpg,1.0,1.0,1
/media/D1/ait_users/staff122/deepfake_project/outputs_deepfake_project/dfdc_subset_77_jpg/test/fake/fake_000134.jpg,1.0,1.0,1
/media/D1/ait_users/staff122/deepfake_project/outputs_deepfake_project/dfdc_subset_77_jpg/test/fake/fake_000135.jpg,1.0,0.9996811151504517,1
/media/D1/ait_users/staff122/deepfake_project/outputs_deepfake_project/dfdc_subset_77_jpg/test/fake/fake_000136.jpg,1.0,0.9993507266044617,1
/media/D1/ait_users/staff122/deepfake_project/outputs_deepfake_project/dfdc_subset_77_jpg/test/fake/fake_000137.jpg,1.0,0.9999154806137085,1
/media/D1/ait_users/staff122/deepfake_project/outputs_deepfake_project/dfdc_subset_77_jpg/test/fake/fake_000138.jpg,1.0,0.9993427395820618,1
/media/D1/ait_users/staff122/deepfake_project/outputs_deepfake_project/dfdc_subset_77_jpg/test/fake/fake_000139.jpg,1.0,0.992797315120697,1
/media/D1/ait_users/staff122/deepfake_project/outputs_deepfake_project/dfdc_subset_77_jpg/test/fake/fake_000140.jpg,1.0,0.9999827146530151,1
/media/D1/ait_users/staff122/deepfake_project/outputs_deepfake_project/dfdc_subset_77_jpg/test/fake/fake_000141.jpg,1.0,0.9954407215118408,1
/media/D1/ait_users/staff122/deepfake_project/outputs_deepfake_project/dfdc_subset_77_jpg/test/fake/fake_000142.jpg,1.0,0.9999995231628418,1
/media/D1/ait_users/staff122/deepfake_project/outputs_deepfake_project/dfdc_subset_77_jpg/test/fake/fake_000143.jpg,1.0,0.9342873096466064,1
/media/D1/ait_users/staff122/deepfake_project/outputs_deepfake_project/dfdc_subset_77_jpg/test/fake/fake_000144.jpg,1.0,0.9873736500740051,1
/media/D1/ait_users/staff122/deepfake_project/outputs_deepfake_project/dfdc_subset_77_jpg/test/fake/fake_000145.jpg,1.0,0.9999984502792358,1
/media/D1/ait_users/staff122/deepfake_project/outputs_deepfake_project/dfdc_subset_77_jpg/test/fake/fake_000146.jpg,1.0,0.9999827146530151,1
/media/D1/ait_users/staff122/deepfake_project/outputs_deepfake_project/dfdc_subset_77_jpg/test/fake/fake_000147.jpg,1.0,0.9990491271018982,1
/media/D1/ait_users/staff122/deepfake_project/outputs_deepfake_project/dfdc_subset_77_jpg/test/fake/fake_000148.jpg,1.0,0.9981237053871155,1
/media/D1/ait_users/staff122/deepfake_project/outputs_deepfake_project/dfdc_subset_77_jpg/test/fake/fake_000149.jpg,1.0,0.9999678134918213,1
/media/D1/ait_users/staff122/deepfake_project/outputs_deepfake_project/dfdc_subset_77_jpg/test/fake/fake_000150.jpg,1.0,0.9997993111610413,1
/media/D1/ait_users/staff122/deepfake_project/outputs_deepfake_project/dfdc_subset_77_jpg/test/fake/fake_000151.jpg,1.0,0.9998694658279419,1
/media/D1/ait_users/staff122/deepfake_project/outputs_deepfake_project/dfdc_subset_77_jpg/test/fake/fake_000152.jpg,1.0,0.9996590614318848,1
/media/D1/ait_users/staff122/deepfake_project/outputs_deepfake_project/dfdc_subset_77_jpg/test/fake/fake_000153.jpg,1.0,0.9999746084213257,1
/media/D1/ait_users/staff122/deepfake_project/outputs_deepfake_project/dfdc_subset_77_jpg/test/fake/fake_000154.jpg,1.0,0.9919860363006592,1
/media/D1/ait_users/staff122/deepfake_project/outputs_deepfake_project/dfdc_subset_77_jpg/test/fake/fake_000155.jpg,1.0,0.9999816417694092,1
/media/D1/ait_users/staff122/deepfake_project/outputs_deepfake_project/dfdc_subset_77_jpg/test/fake/fake_000156.jpg,1.0,0.9999982118606567,1
/media/D1/ait_users/staff122/deepfake_project/outputs_deepfake_project/dfdc_subset_77_jpg/test/fake/fake_000157.jpg,1.0,0.9998975992202759,1
/media/D1/ait_users/staff122/deepfake_project/outputs_deepfake_project/dfdc_subset_77_jpg/test/fake/fake_000158.jpg,1.0,0.9999997615814209,1
/media/D1/ait_users/staff122/deepfake_project/outputs_deepfake_project/dfdc_subset_77_jpg/test/fake/fake_000159.jpg,1.0,0.9999891519546509,1
/media/D1/ait_users/staff122/deepfake_project/outputs_deepfake_project/dfdc_subset_77_jpg/test/fake/fake_000160.jpg,1.0,0.9456113576889038,1
/media/D1/ait_users/staff122/deepfake_project/outputs_deepfake_project/dfdc_subset_77_jpg/test/fake/fake_000161.jpg,1.0,0.8186495900154114,1
/media/D1/ait_users/staff122/deepfake_project/outputs_deepfake_project/dfdc_subset_77_jpg/test/fake/fake_000162.jpg,1.0,0.7745891809463501,1
/media/D1/ait_users/staff122/deepfake_project/outputs_deepfake_project/dfdc_subset_77_jpg/test/fake/fake_000163.jpg,1.0,0.8200520277023315,1
/media/D1/ait_users/staff122/deepfake_project/outputs_deepfake_project/dfdc_subset_77_jpg/test/fake/fake_000164.jpg,1.0,0.8886162638664246,1
/media/D1/ait_users/staff122/deepfake_project/outputs_deepfake_project/dfdc_subset_77_jpg/test/fake/fake_000165.jpg,1.0,0.9193182587623596,1
/media/D1/ait_users/staff122/deepfake_project/outputs_deepfake_project/dfdc_subset_77_jpg/test/fake/fake_000166.jpg,1.0,0.9424315690994263,1
/media/D1/ait_users/staff122/deepfake_project/outputs_deepfake_project/dfdc_subset_77_jpg/test/fake/fake_000167.jpg,1.0,0.9570087194442749,1
/media/D1/ait_users/staff122/deepfake_project/outputs_deepfake_project/dfdc_subset_77_jpg/test/fake/fake_000168.jpg,1.0,0.9984636306762695,1
/media/D1/ait_users/staff122/deepfake_project/outputs_deepfake_project/dfdc_subset_77_jpg/test/fake/fake_000169.jpg,1.0,1.0,1
/media/D1/ait_users/staff122/deepfake_project/outputs_deepfake_project/dfdc_subset_77_jpg/test/fake/fake_000170.jpg,1.0,1.0,1
/media/D1/ait_users/staff122/deepfake_project/outputs_deepfake_project/dfdc_subset_77_jpg/test/fake/fake_000171.jpg,1.0,1.0,1
/media/D1/ait_users/staff122/deepfake_project/outputs_deepfake_project/dfdc_subset_77_jpg/test/fake/fake_000172.jpg,1.0,0.43834489583969116,0
/media/D1/ait_users/staff122/deepfake_project/outputs_deepfake_project/dfdc_subset_77_jpg/test/fake/fake_000173.jpg,1.0,0.9989466071128845,1
/media/D1/ait_users/staff122/deepfake_project/outputs_deepfake_project/dfdc_subset_77_jpg/test/fake/fake_000174.jpg,1.0,0.9988487958908081,1
/media/D1/ait_users/staff122/deepfake_project/outputs_deepfake_project/dfdc_subset_77_jpg/test/fake/fake_000175.jpg,1.0,0.9982677698135376,1
/media/D1/ait_users/staff122/deepfake_project/outputs_deepfake_project/dfdc_subset_77_jpg/test/fake/fake_000176.jpg,1.0,0.9999996423721313,1
/media/D1/ait_users/staff122/deepfake_project/outputs_deepfake_project/dfdc_subset_77_jpg/test/fake/fake_000177.jpg,1.0,0.9782193899154663,1
/media/D1/ait_users/staff122/deepfake_project/outputs_deepfake_project/dfdc_subset_77_jpg/test/fake/fake_000178.jpg,1.0,0.9749193787574768,1
/media/D1/ait_users/staff122/deepfake_project/outputs_deepfake_project/dfdc_subset_77_jpg/test/fake/fake_000179.jpg,1.0,0.9749201536178589,1
/media/D1/ait_users/staff122/deepfake_project/outputs_deepfake_project/dfdc_subset_77_jpg/test/fake/fake_000180.jpg,1.0,0.983113169670105,1
/media/D1/ait_users/staff122/deepfake_project/outputs_deepfake_project/dfdc_subset_77_jpg/test/fake/fake_000181.jpg,1.0,0.900385856628418,1
/media/D1/ait_users/staff122/deepfake_project/outputs_deepfake_project/dfdc_subset_77_jpg/test/fake/fake_000182.jpg,1.0,0.5321294069290161,1
/media/D1/ait_users/staff122/deepfake_project/outputs_deepfake_project/dfdc_subset_77_jpg/test/fake/fake_000183.jpg,1.0,0.4757266044616699,0
/media/D1/ait_users/staff122/deepfake_project/outputs_deepfake_project/dfdc_subset_77_jpg/test/fake/fake_000184.jpg,1.0,0.9289684891700745,1
/media/D1/ait_users/staff122/deepfake_project/outputs_deepfake_project/dfdc_subset_77_jpg/test/fake/fake_000185.jpg,1.0,0.58614581823349,1
/media/D1/ait_users/staff122/deepfake_project/outputs_deepfake_project/dfdc_subset_77_jpg/test/fake/fake_000186.jpg,1.0,0.5245488882064819,1
/media/D1/ait_users/staff122/deepfake_project/outputs_deepfake_project/dfdc_subset_77_jpg/test/fake/fake_000187.jpg,1.0,0.4150962829589844,0
/media/D1/ait_users/staff122/deepfake_project/outputs_deepfake_project/dfdc_subset_77_jpg/test/fake/fake_000188.jpg,1.0,0.703543484210968,1
/media/D1/ait_users/staff122/deepfake_project/outputs_deepfake_project/dfdc_subset_77_jpg/test/fake/fake_000189.jpg,1.0,0.7829186916351318,1
/media/D1/ait_users/staff122/deepfake_project/outputs_deepfake_project/dfdc_subset_77_jpg/test/fake/fake_000190.jpg,1.0,0.6191069483757019,1
/media/D1/ait_users/staff122/deepfake_project/outputs_deepfake_project/dfdc_subset_77_jpg/test/fake/fake_000191.jpg,1.0,0.8641287088394165,1
/media/D1/ait_users/staff122/deepfake_project/outputs_deepfake_project/dfdc_subset_77_jpg/test/fake/fake_000192.jpg,1.0,0.9745639562606812,1
/media/D1/ait_users/staff122/deepfake_project/outputs_deepfake_project/dfdc_subset_77_jpg/test/fake/fake_000193.jpg,1.0,0.999988317489624,1
/media/D1/ait_users/staff122/deepfake_project/outputs_deepfake_project/dfdc_subset_77_jpg/test/fake/fake_000194.jpg,1.0,0.9998972415924072,1
/media/D1/ait_users/staff122/deepfake_project/outputs_deepfake_project/dfdc_subset_77_jpg/test/fake/fake_000195.jpg,1.0,0.9990761280059814,1
/media/D1/ait_users/staff122/deepfake_project/outputs_deepfake_project/dfdc_subset_77_jpg/test/fake/fake_000196.jpg,1.0,0.9996845722198486,1
/media/D1/ait_users/staff122/deepfake_project/outputs_deepfake_project/dfdc_subset_77_jpg/test/fake/fake_000197.jpg,1.0,0.9994531273841858,1
/media/D1/ait_users/staff122/deepfake_project/outputs_deepfake_project/dfdc_subset_77_jpg/test/fake/fake_000198.jpg,1.0,0.9998206496238708,1
/media/D1/ait_users/staff122/deepfake_project/outputs_deepfake_project/dfdc_subset_77_jpg/test/fake/fake_000199.jpg,1.0,0.9999916553497314,1
/media/D1/ait_users/staff122/deepfake_project/outputs_deepfake_project/dfdc_subset_77_jpg/test/fake/fake_000200.jpg,1.0,0.9970331192016602,1
/media/D1/ait_users/staff122/deepfake_project/outputs_deepfake_project/dfdc_subset_77_jpg/test/fake/fake_000201.jpg,1.0,0.9998992681503296,1
/media/D1/ait_users/staff122/deepfake_project/outputs_deepfake_project/dfdc_subset_77_jpg/test/fake/fake_000202.jpg,1.0,0.9970695972442627,1
/media/D1/ait_users/staff122/deepfake_project/outputs_deepfake_project/dfdc_subset_77_jpg/test/fake/fake_000203.jpg,1.0,0.9999387264251709,1
/media/D1/ait_users/staff122/deepfake_project/outputs_deepfake_project/dfdc_subset_77_jpg/test/fake/fake_000204.jpg,1.0,0.9999707937240601,1
/media/D1/ait_users/staff122/deepfake_project/outputs_deepfake_project/dfdc_subset_77_jpg/test/fake/fake_000205.jpg,1.0,0.9999988079071045,1
/media/D1/ait_users/staff122/deepfake_project/outputs_deepfake_project/dfdc_subset_77_jpg/test/fake/fake_000206.jpg,1.0,0.9997498393058777,1
/media/D1/ait_users/staff122/deepfake_project/outputs_deepfake_project/dfdc_subset_77_jpg/test/fake/fake_000207.jpg,1.0,0.9999537467956543,1
/media/D1/ait_users/staff122/deepfake_project/outputs_deepfake_project/dfdc_subset_77_jpg/test/fake/fake_000208.jpg,1.0,0.9998338222503662,1
/media/D1/ait_users/staff122/deepfake_project/outputs_deepfake_project/dfdc_subset_77_jpg/test/fake/fake_000209.jpg,1.0,0.9953566193580627,1
/media/D1/ait_users/staff122/deepfake_project/outputs_deepfake_project/dfdc_subset_77_jpg/test/fake/fake_000210.jpg,1.0,0.9999842643737793,1
/media/D1/ait_users/staff122/deepfake_project/outputs_deepfake_project/dfdc_subset_77_jpg/test/fake/fake_000211.jpg,1.0,0.9999986886978149,1
/media/D1/ait_users/staff122/deepfake_project/outputs_deepfake_project/dfdc_subset_77_jpg/test/fake/fake_000212.jpg,1.0,0.9999995231628418,1
/media/D1/ait_users/staff122/deepfake_project/outputs_deepfake_project/dfdc_subset_77_jpg/test/fake/fake_000213.jpg,1.0,0.9999595880508423,1
/media/D1/ait_users/staff122/deepfake_project/outputs_deepfake_project/dfdc_subset_77_jpg/test/fake/fake_000214.jpg,1.0,0.9992890357971191,1
/media/D1/ait_users/staff122/deepfake_project/outputs_deepfake_project/dfdc_subset_77_jpg/test/fake/fake_000215.jpg,1.0,0.9992755055427551,1
/media/D1/ait_users/staff122/deepfake_project/outputs_deepfake_project/dfdc_subset_77_jpg/test/fake/fake_000216.jpg,1.0,0.9397991895675659,1
/media/D1/ait_users/staff122/deepfake_project/outputs_deepfake_project/dfdc_subset_77_jpg/test/fake/fake_000217.jpg,1.0,0.9990429282188416,1
/media/D1/ait_users/staff122/deepfake_project/outputs_deepfake_project/dfdc_subset_77_jpg/test/fake/fake_000218.jpg,1.0,0.999488353729248,1
/media/D1/ait_users/staff122/deepfake_project/outputs_deepfake_project/dfdc_subset_77_jpg/test/fake/fake_000219.jpg,1.0,0.9999970197677612,1
/media/D1/ait_users/staff122/deepfake_project/outputs_deepfake_project/dfdc_subset_77_jpg/test/fake/fake_000220.jpg,1.0,0.9999665021896362,1
/media/D1/ait_users/staff122/deepfake_project/outputs_deepfake_project/dfdc_subset_77_jpg/test/fake/fake_000221.jpg,1.0,0.3061860501766205,0
/media/D1/ait_users/staff122/deepfake_project/outputs_deepfake_project/dfdc_subset_77_jpg/test/fake/fake_000222.jpg,1.0,0.9999884366989136,1
/media/D1/ait_users/staff122/deepfake_project/outputs_deepfake_project/dfdc_subset_77_jpg/test/fake/fake_000223.jpg,1.0,0.7036921381950378,1
/media/D1/ait_users/staff122/deepfake_project/outputs_deepfake_project/dfdc_subset_77_jpg/test/fake/fake_000224.jpg,1.0,0.0014383455272763968,0
/media/D1/ait_users/staff122/deepfake_project/outputs_deepfake_project/dfdc_subset_77_jpg/test/fake/fake_000225.jpg,1.0,0.984092116355896,1
/media/D1/ait_users/staff122/deepfake_project/outputs_deepfake_project/dfdc_subset_77_jpg/test/fake/fake_000226.jpg,1.0,0.011537238024175167,0
/media/D1/ait_users/staff122/deepfake_project/outputs_deepfake_project/dfdc_subset_77_jpg/test/fake/fake_000227.jpg,1.0,0.9049345254898071,1
/media/D1/ait_users/staff122/deepfake_project/outputs_deepfake_project/dfdc_subset_77_jpg/test/fake/fake_000228.jpg,1.0,0.013269179500639439,0
/media/D1/ait_users/staff122/deepfake_project/outputs_deepfake_project/dfdc_subset_77_jpg/test/fake/fake_000229.jpg,1.0,0.04922813922166824,0
/media/D1/ait_users/staff122/deepfake_project/outputs_deepfake_project/dfdc_subset_77_jpg/test/fake/fake_000230.jpg,1.0,0.1382812112569809,0
/media/D1/ait_users/staff122/deepfake_project/outputs_deepfake_project/dfdc_subset_77_jpg/test/fake/fake_000231.jpg,1.0,0.941037654876709,1
/media/D1/ait_users/staff122/deepfake_project/outputs_deepfake_project/dfdc_subset_77_jpg/test/fake/fake_000232.jpg,1.0,0.04849741980433464,0
/media/D1/ait_users/staff122/deepfake_project/outputs_deepfake_project/dfdc_subset_77_jpg/test/fake/fake_000233.jpg,1.0,0.0018930049845948815,0
/media/D1/ait_users/staff122/deepfake_project/outputs_deepfake_project/dfdc_subset_77_jpg/test/fake/fake_000234.jpg,1.0,0.24382375180721283,0
/media/D1/ait_users/staff122/deepfake_project/outputs_deepfake_project/dfdc_subset_77_jpg/test/fake/fake_000235.jpg,1.0,0.7317715287208557,1
/media/D1/ait_users/staff122/deepfake_project/outputs_deepfake_project/dfdc_subset_77_jpg/test/fake/fake_000236.jpg,1.0,0.32596495747566223,0
/media/D1/ait_users/staff122/deepfake_project/outputs_deepfake_project/dfdc_subset_77_jpg/test/fake/fake_000237.jpg,1.0,0.059878554195165634,0
/media/D1/ait_users/staff122/deepfake_project/outputs_deepfake_project/dfdc_subset_77_jpg/test/fake/fake_000238.jpg,1.0,0.023065483197569847,0
/media/D1/ait_users/staff122/deepfake_project/outputs_deepfake_project/dfdc_subset_77_jpg/test/fake/fake_000239.jpg,1.0,0.9042084217071533,1
/media/D1/ait_users/staff122/deepfake_project/outputs_deepfake_project/dfdc_subset_77_jpg/test/fake/fake_000240.jpg,1.0,0.8921380639076233,1
/media/D1/ait_users/staff122/deepfake_project/outputs_deepfake_project/dfdc_subset_77_jpg/test/fake/fake_000241.jpg,1.0,0.8874009251594543,1
/media/D1/ait_users/staff122/deepfake_project/outputs_deepfake_project/dfdc_subset_77_jpg/test/fake/fake_000242.jpg,1.0,0.01851697266101837,0
/media/D1/ait_users/staff122/deepfake_project/outputs_deepfake_project/dfdc_subset_77_jpg/test/fake/fake_000243.jpg,1.0,0.05526188760995865,0
/media/D1/ait_users/staff122/deepfake_project/outputs_deepfake_project/dfdc_subset_77_jpg/test/fake/fake_000244.jpg,1.0,0.15259034931659698,0
/media/D1/ait_users/staff122/deepfake_project/outputs_deepfake_project/dfdc_subset_77_jpg/test/fake/fake_000245.jpg,1.0,0.8532072901725769,1
/media/D1/ait_users/staff122/deepfake_project/outputs_deepfake_project/dfdc_subset_77_jpg/test/fake/fake_000246.jpg,1.0,0.9597856402397156,1
/media/D1/ait_users/staff122/deepfake_project/outputs_deepfake_project/dfdc_subset_77_jpg/test/fake/fake_000247.jpg,1.0,0.08534176647663116,0
/media/D1/ait_users/staff122/deepfake_project/outputs_deepfake_project/dfdc_subset_77_jpg/test/fake/fake_000248.jpg,1.0,0.5642977356910706,1
/media/D1/ait_users/staff122/deepfake_project/outputs_deepfake_project/dfdc_subset_77_jpg/test/fake/fake_000249.jpg,1.0,0.02859722077846527,0
/media/D1/ait_users/staff122/deepfake_project/outputs_deepfake_project/dfdc_subset_77_jpg/test/fake/fake_000250.jpg,1.0,0.09113175421953201,0
/media/D1/ait_users/staff122/deepfake_project/outputs_deepfake_project/dfdc_subset_77_jpg/test/fake/fake_000251.jpg,1.0,0.02453334629535675,0
/media/D1/ait_users/staff122/deepfake_project/outputs_deepfake_project/dfdc_subset_77_jpg/test/fake/fake_000252.jpg,1.0,0.12160417437553406,0
/media/D1/ait_users/staff122/deepfake_project/outputs_deepfake_project/dfdc_subset_77_jpg/test/fake/fake_000253.jpg,1.0,0.9894163012504578,1
/media/D1/ait_users/staff122/deepfake_project/outputs_deepfake_project/dfdc_subset_77_jpg/test/fake/fake_000254.jpg,1.0,0.8344906568527222,1
/media/D1/ait_users/staff122/deepfake_project/outputs_deepfake_project/dfdc_subset_77_jpg/test/fake/fake_000255.jpg,1.0,0.3437233865261078,0
/media/D1/ait_users/staff122/deepfake_project/outputs_deepfake_project/dfdc_subset_77_jpg/test/fake/fake_000256.jpg,1.0,0.7438477873802185,1
/media/D1/ait_users/staff122/deepfake_project/outputs_deepfake_project/dfdc_subset_77_jpg/test/fake/fake_000257.jpg,1.0,0.9999287128448486,1
/media/D1/ait_users/staff122/deepfake_project/outputs_deepfake_project/dfdc_subset_77_jpg/test/fake/fake_000258.jpg,1.0,0.8711516857147217,1
/media/D1/ait_users/staff122/deepfake_project/outputs_deepfake_project/dfdc_subset_77_jpg/test/fake/fake_000259.jpg,1.0,0.8163562417030334,1
/media/D1/ait_users/staff122/deepfake_project/outputs_deepfake_project/dfdc_subset_77_jpg/test/fake/fake_000260.jpg,1.0,0.7895309925079346,1
/media/D1/ait_users/staff122/deepfake_project/outputs_deepfake_project/dfdc_subset_77_jpg/test/fake/fake_000261.jpg,1.0,0.9999998807907104,1
/media/D1/ait_users/staff122/deepfake_project/outputs_deepfake_project/dfdc_subset_77_jpg/test/fake/fake_000262.jpg,1.0,0.9999977350234985,1
/media/D1/ait_users/staff122/deepfake_project/outputs_deepfake_project/dfdc_subset_77_jpg/test/fake/fake_000263.jpg,1.0,0.8934038877487183,1
/media/D1/ait_users/staff122/deepfake_project/outputs_deepfake_project/dfdc_subset_77_jpg/test/fake/fake_000264.jpg,1.0,0.8015352487564087,1
/media/D1/ait_users/staff122/deepfake_project/outputs_deepfake_project/dfdc_subset_77_jpg/test/fake/fake_000265.jpg,1.0,1.0,1
/media/D1/ait_users/staff122/deepfake_project/outputs_deepfake_project/dfdc_subset_77_jpg/test/fake/fake_000266.jpg,1.0,0.9999972581863403,1
/media/D1/ait_users/staff122/deepfake_project/outputs_deepfake_project/dfdc_subset_77_jpg/test/fake/fake_000267.jpg,1.0,0.9999998807907104,1
/media/D1/ait_users/staff122/deepfake_project/outputs_deepfake_project/dfdc_subset_77_jpg/test/fake/fake_000268.jpg,1.0,0.9999997615814209,1
/media/D1/ait_users/staff122/deepfake_project/outputs_deepfake_project/dfdc_subset_77_jpg/test/fake/fake_000269.jpg,1.0,0.9998970031738281,1
/media/D1/ait_users/staff122/deepfake_project/outputs_deepfake_project/dfdc_subset_77_jpg/test/fake/fake_000270.jpg,1.0,0.9999741315841675,1
/media/D1/ait_users/staff122/deepfake_project/outputs_deepfake_project/dfdc_subset_77_jpg/test/fake/fake_000271.jpg,1.0,0.9997962117195129,1
/media/D1/ait_users/staff122/deepfake_project/outputs_deepfake_project/dfdc_subset_77_jpg/test/fake/fake_000272.jpg,1.0,0.999998927116394,1
/media/D1/ait_users/staff122/deepfake_project/outputs_deepfake_project/dfdc_subset_77_jpg/test/fake/fake_000273.jpg,1.0,0.8769006729125977,1
/media/D1/ait_users/staff122/deepfake_project/outputs_deepfake_project/dfdc_subset_77_jpg/test/fake/fake_000274.jpg,1.0,0.8434410095214844,1
/media/D1/ait_users/staff122/deepfake_project/outputs_deepfake_project/dfdc_subset_77_jpg/test/fake/fake_000275.jpg,1.0,0.9080880880355835,1
/media/D1/ait_users/staff122/deepfake_project/outputs_deepfake_project/dfdc_subset_77_jpg/test/fake/fake_000276.jpg,1.0,0.8970966339111328,1
/media/D1/ait_users/staff122/deepfake_project/outputs_deepfake_project/dfdc_subset_77_jpg/test/fake/fake_000277.jpg,1.0,0.9999659061431885,1
/media/D1/ait_users/staff122/deepfake_project/outputs_deepfake_project/dfdc_subset_77_jpg/test/fake/fake_000278.jpg,1.0,0.6968040466308594,1
/media/D1/ait_users/staff122/deepfake_project/outputs_deepfake_project/dfdc_subset_77_jpg/test/fake/fake_000279.jpg,1.0,0.8602617979049683,1
/media/D1/ait_users/staff122/deepfake_project/outputs_deepfake_project/dfdc_subset_77_jpg/test/fake/fake_000280.jpg,1.0,0.9381263852119446,1
/media/D1/ait_users/staff122/deepfake_project/outputs_deepfake_project/dfdc_subset_77_jpg/test/fake/fake_000281.jpg,1.0,0.8007898330688477,1
/media/D1/ait_users/staff122/deepfake_project/outputs_deepfake_project/dfdc_subset_77_jpg/test/fake/fake_000282.jpg,1.0,0.7046149373054504,1
/media/D1/ait_users/staff122/deepfake_project/outputs_deepfake_project/dfdc_subset_77_jpg/test/fake/fake_000283.jpg,1.0,0.8693023920059204,1
/media/D1/ait_users/staff122/deepfake_project/outputs_deepfake_project/dfdc_subset_77_jpg/test/fake/fake_000284.jpg,1.0,0.8628940582275391,1
/media/D1/ait_users/staff122/deepfake_project/outputs_deepfake_project/dfdc_subset_77_jpg/test/fake/fake_000285.jpg,1.0,0.9999909400939941,1
/media/D1/ait_users/staff122/deepfake_project/outputs_deepfake_project/dfdc_subset_77_jpg/test/fake/fake_000286.jpg,1.0,0.9999980926513672,1
/media/D1/ait_users/staff122/deepfake_project/outputs_deepfake_project/dfdc_subset_77_jpg/test/fake/fake_000287.jpg,1.0,0.7319582104682922,1
/media/D1/ait_users/staff122/deepfake_project/outputs_deepfake_project/dfdc_subset_77_jpg/test/fake/fake_000288.jpg,1.0,0.9999986886978149,1
/media/D1/ait_users/staff122/deepfake_project/outputs_deepfake_project/dfdc_subset_77_jpg/test/fake/fake_000289.jpg,1.0,1.0,1
/media/D1/ait_users/staff122/deepfake_project/outputs_deepfake_project/dfdc_subset_77_jpg/test/fake/fake_000290.jpg,1.0,0.9999998807907104,1
/media/D1/ait_users/staff122/deepfake_project/outputs_deepfake_project/dfdc_subset_77_jpg/test/fake/fake_000291.jpg,1.0,1.0,1
/media/D1/ait_users/staff122/deepfake_project/outputs_deepfake_project/dfdc_subset_77_jpg/test/fake/fake_000292.jpg,1.0,1.0,1
/media/D1/ait_users/staff122/deepfake_project/outputs_deepfake_project/dfdc_subset_77_jpg/test/fake/fake_000293.jpg,1.0,1.0,1
/media/D1/ait_users/staff122/deepfake_project/outputs_deepfake_project/dfdc_subset_77_jpg/test/fake/fake_000294.jpg,1.0,1.0,1
/media/D1/ait_users/staff122/deepfake_project/outputs_deepfake_project/dfdc_subset_77_jpg/test/fake/fake_000295.jpg,1.0,1.0,1
/media/D1/ait_users/staff122/deepfake_project/outputs_deepfake_project/dfdc_subset_77_jpg/test/fake/fake_000296.jpg,1.0,1.0,1
/media/D1/ait_users/staff122/deepfake_project/outputs_deepfake_project/dfdc_subset_77_jpg/test/fake/fake_000297.jpg,1.0,0.9999998807907104,1
/media/D1/ait_users/staff122/deepfake_project/outputs_deepfake_project/dfdc_subset_77_jpg/test/fake/fake_000298.jpg,1.0,0.9999998807907104,1
/media/D1/ait_users/staff122/deepfake_project/outputs_deepfake_project/dfdc_subset_77_jpg/test/fake/fake_000299.jpg,1.0,1.0,1
/media/D1/ait_users/staff122/deepfake_project/outputs_deepfake_project/dfdc_subset_77_jpg/test/fake/fake_000300.jpg,1.0,1.0,1
/media/D1/ait_users/staff122/deepfake_project/outputs_deepfake_project/dfdc_subset_77_jpg/test/fake/fake_000301.jpg,1.0,1.0,1
/media/D1/ait_users/staff122/deepfake_project/outputs_deepfake_project/dfdc_subset_77_jpg/test/fake/fake_000302.jpg,1.0,1.0,1
/media/D1/ait_users/staff122/deepfake_project/outputs_deepfake_project/dfdc_subset_77_jpg/test/fake/fake_000303.jpg,1.0,1.0,1
/media/D1/ait_users/staff122/deepfake_project/outputs_deepfake_project/dfdc_subset_77_jpg/test/fake/fake_000304.jpg,1.0,1.0,1
/media/D1/ait_users/staff122/deepfake_project/outputs_deepfake_project/dfdc_subset_77_jpg/test/fake/fake_000305.jpg,1.0,1.0,1
/media/D1/ait_users/staff122/deepfake_project/outputs_deepfake_project/dfdc_subset_77_jpg/test/fake/fake_000306.jpg,1.0,0.9999998807907104,1
/media/D1/ait_users/staff122/deepfake_project/outputs_deepfake_project/dfdc_subset_77_jpg/test/fake/fake_000307.jpg,1.0,0.9999998807907104,1
/media/D1/ait_users/staff122/deepfake_project/outputs_deepfake_project/dfdc_subset_77_jpg/test/fake/fake_000308.jpg,1.0,1.0,1
/media/D1/ait_users/staff122/deepfake_project/outputs_deepfake_project/dfdc_subset_77_jpg/test/fake/fake_000309.jpg,1.0,0.9999991655349731,1
/media/D1/ait_users/staff122/deepfake_project/outputs_deepfake_project/dfdc_subset_77_jpg/test/fake/fake_000310.jpg,1.0,0.9999980926513672,1
/media/D1/ait_users/staff122/deepfake_project/outputs_deepfake_project/dfdc_subset_77_jpg/test/fake/fake_000311.jpg,1.0,1.0,1
/media/D1/ait_users/staff122/deepfake_project/outputs_deepfake_project/dfdc_subset_77_jpg/test/fake/fake_000312.jpg,1.0,1.0,1
/media/D1/ait_users/staff122/deepfake_project/outputs_deepfake_project/dfdc_subset_77_jpg/test/fake/fake_000313.jpg,1.0,1.0,1
/media/D1/ait_users/staff122/deepfake_project/outputs_deepfake_project/dfdc_subset_77_jpg/test/fake/fake_000314.jpg,1.0,1.0,1
/media/D1/ait_users/staff122/deepfake_project/outputs_deepfake_project/dfdc_subset_77_jpg/test/fake/fake_000315.jpg,1.0,1.0,1
/media/D1/ait_users/staff122/deepfake_project/outputs_deepfake_project/dfdc_subset_77_jpg/test/fake/fake_000316.jpg,1.0,1.0,1
/media/D1/ait_users/staff122/deepfake_project/outputs_deepfake_project/dfdc_subset_77_jpg/test/fake/fake_000317.jpg,1.0,1.0,1
/media/D1/ait_users/staff122/deepfake_project/outputs_deepfake_project/dfdc_subset_77_jpg/test/fake/fake_000318.jpg,1.0,0.9999984502792358,1
/media/D1/ait_users/staff122/deepfake_project/outputs_deepfake_project/dfdc_subset_77_jpg/test/fake/fake_000319.jpg,1.0,0.9999978542327881,1
/media/D1/ait_users/staff122/deepfake_project/outputs_deepfake_project/dfdc_subset_77_jpg/test/fake/fake_000320.jpg,1.0,0.05826910212635994,0
/media/D1/ait_users/staff122/deepfake_project/outputs_deepfake_project/dfdc_subset_77_jpg/test/fake/fake_000321.jpg,1.0,0.8432537913322449,1
/media/D1/ait_users/staff122/deepfake_project/outputs_deepfake_project/dfdc_subset_77_jpg/test/fake/fake_000322.jpg,1.0,0.9729583859443665,1
/media/D1/ait_users/staff122/deepfake_project/outputs_deepfake_project/dfdc_subset_77_jpg/test/fake/fake_000323.jpg,1.0,0.30906280875205994,0
/media/D1/ait_users/staff122/deepfake_project/outputs_deepfake_project/dfdc_subset_77_jpg/test/fake/fake_000324.jpg,1.0,0.8179163336753845,1
/media/D1/ait_users/staff122/deepfake_project/outputs_deepfake_project/dfdc_subset_77_jpg/test/fake/fake_000325.jpg,1.0,0.0849779024720192,0
/media/D1/ait_users/staff122/deepfake_project/outputs_deepfake_project/dfdc_subset_77_jpg/test/fake/fake_000326.jpg,1.0,0.5693122744560242,1
/media/D1/ait_users/staff122/deepfake_project/outputs_deepfake_project/dfdc_subset_77_jpg/test/fake/fake_000327.jpg,1.0,0.5474675893783569,1
/media/D1/ait_users/staff122/deepfake_project/outputs_deepfake_project/dfdc_subset_77_jpg/test/fake/fake_000328.jpg,1.0,0.0074934749864041805,0
/media/D1/ait_users/staff122/deepfake_project/outputs_deepfake_project/dfdc_subset_77_jpg/test/fake/fake_000329.jpg,1.0,0.14673976600170135,0
/media/D1/ait_users/staff122/deepfake_project/outputs_deepfake_project/dfdc_subset_77_jpg/test/fake/fake_000330.jpg,1.0,0.0027572079561650753,0
/media/D1/ait_users/staff122/deepfake_project/outputs_deepfake_project/dfdc_subset_77_jpg/test/fake/fake_000331.jpg,1.0,0.04082717001438141,0
/media/D1/ait_users/staff122/deepfake_project/outputs_deepfake_project/dfdc_subset_77_jpg/test/fake/fake_000332.jpg,1.0,0.0601990669965744,0
/media/D1/ait_users/staff122/deepfake_project/outputs_deepfake_project/dfdc_subset_77_jpg/test/fake/fake_000333.jpg,1.0,0.3446090817451477,0
/media/D1/ait_users/staff122/deepfake_project/outputs_deepfake_project/dfdc_subset_77_jpg/test/fake/fake_000334.jpg,1.0,0.020189275965094566,0
/media/D1/ait_users/staff122/deepfake_project/outputs_deepfake_project/dfdc_subset_77_jpg/test/fake/fake_000335.jpg,1.0,0.9999954700469971,1
/media/D1/ait_users/staff122/deepfake_project/outputs_deepfake_project/dfdc_subset_77_jpg/test/fake/fake_000336.jpg,1.0,0.520760178565979,1
/media/D1/ait_users/staff122/deepfake_project/outputs_deepfake_project/dfdc_subset_77_jpg/test/fake/fake_000337.jpg,1.0,0.9990997314453125,1
/media/D1/ait_users/staff122/deepfake_project/outputs_deepfake_project/dfdc_subset_77_jpg/test/fake/fake_000338.jpg,1.0,0.5721724033355713,1
/media/D1/ait_users/staff122/deepfake_project/outputs_deepfake_project/dfdc_subset_77_jpg/test/fake/fake_000339.jpg,1.0,0.5563081502914429,1
/media/D1/ait_users/staff122/deepfake_project/outputs_deepfake_project/dfdc_subset_77_jpg/test/fake/fake_000340.jpg,1.0,0.027069251984357834,0
/media/D1/ait_users/staff122/deepfake_project/outputs_deepfake_project/dfdc_subset_77_jpg/test/fake/fake_000341.jpg,1.0,0.2444865107536316,0
/media/D1/ait_users/staff122/deepfake_project/outputs_deepfake_project/dfdc_subset_77_jpg/test/fake/fake_000342.jpg,1.0,0.12218359857797623,0
/media/D1/ait_users/staff122/deepfake_project/outputs_deepfake_project/dfdc_subset_77_jpg/test/fake/fake_000343.jpg,1.0,0.07717133313417435,0
/media/D1/ait_users/staff122/deepfake_project/outputs_deepfake_project/dfdc_subset_77_jpg/test/fake/fake_000344.jpg,1.0,0.9952202439308167,1
/media/D1/ait_users/staff122/deepfake_project/outputs_deepfake_project/dfdc_subset_77_jpg/test/fake/fake_000345.jpg,1.0,0.0024887293111532927,0
/media/D1/ait_users/staff122/deepfake_project/outputs_deepfake_project/dfdc_subset_77_jpg/test/fake/fake_000346.jpg,1.0,0.00267170206643641,0
/media/D1/ait_users/staff122/deepfake_project/outputs_deepfake_project/dfdc_subset_77_jpg/test/fake/fake_000347.jpg,1.0,0.0793265625834465,0
/media/D1/ait_users/staff122/deepfake_project/outputs_deepfake_project/dfdc_subset_77_jpg/test/fake/fake_000348.jpg,1.0,0.4384458065032959,0
/media/D1/ait_users/staff122/deepfake_project/outputs_deepfake_project/dfdc_subset_77_jpg/test/fake/fake_000349.jpg,1.0,0.6697660088539124,1
/media/D1/ait_users/staff122/deepfake_project/outputs_deepfake_project/dfdc_subset_77_jpg/test/fake/fake_000350.jpg,1.0,0.03215034306049347,0
/media/D1/ait_users/staff122/deepfake_project/outputs_deepfake_project/dfdc_subset_77_jpg/test/fake/fake_000351.jpg,1.0,0.0018420235719531775,0
/media/D1/ait_users/staff122/deepfake_project/outputs_deepfake_project/dfdc_subset_77_jpg/test/fake/fake_000352.jpg,1.0,0.9987255930900574,1
/media/D1/ait_users/staff122/deepfake_project/outputs_deepfake_project/dfdc_subset_77_jpg/test/fake/fake_000353.jpg,1.0,0.7963573932647705,1
/media/D1/ait_users/staff122/deepfake_project/outputs_deepfake_project/dfdc_subset_77_jpg/test/fake/fake_000354.jpg,1.0,0.9993889331817627,1
/media/D1/ait_users/staff122/deepfake_project/outputs_deepfake_project/dfdc_subset_77_jpg/test/fake/fake_000355.jpg,1.0,0.9995936751365662,1
/media/D1/ait_users/staff122/deepfake_project/outputs_deepfake_project/dfdc_subset_77_jpg/test/fake/fake_000356.jpg,1.0,0.9992491602897644,1
/media/D1/ait_users/staff122/deepfake_project/outputs_deepfake_project/dfdc_subset_77_jpg/test/fake/fake_000357.jpg,1.0,0.9984368681907654,1
/media/D1/ait_users/staff122/deepfake_project/outputs_deepfake_project/dfdc_subset_77_jpg/test/fake/fake_000358.jpg,1.0,0.6719944477081299,1
/media/D1/ait_users/staff122/deepfake_project/outputs_deepfake_project/dfdc_subset_77_jpg/test/fake/fake_000359.jpg,1.0,0.8608567118644714,1
/media/D1/ait_users/staff122/deepfake_project/outputs_deepfake_project/dfdc_subset_77_jpg/test/fake/fake_000360.jpg,1.0,0.998856782913208,1
/media/D1/ait_users/staff122/deepfake_project/outputs_deepfake_project/dfdc_subset_77_jpg/test/fake/fake_000361.jpg,1.0,0.40750715136528015,0
/media/D1/ait_users/staff122/deepfake_project/outputs_deepfake_project/dfdc_subset_77_jpg/test/fake/fake_000362.jpg,1.0,0.9981472492218018,1
/media/D1/ait_users/staff122/deepfake_project/outputs_deepfake_project/dfdc_subset_77_jpg/test/fake/fake_000363.jpg,1.0,0.7803360819816589,1
/media/D1/ait_users/staff122/deepfake_project/outputs_deepfake_project/dfdc_subset_77_jpg/test/fake/fake_000364.jpg,1.0,0.9998561143875122,1
/media/D1/ait_users/staff122/deepfake_project/outputs_deepfake_project/dfdc_subset_77_jpg/test/fake/fake_000365.jpg,1.0,0.9988877177238464,1
/media/D1/ait_users/staff122/deepfake_project/outputs_deepfake_project/dfdc_subset_77_jpg/test/fake/fake_000366.jpg,1.0,0.8339978456497192,1
/media/D1/ait_users/staff122/deepfake_project/outputs_deepfake_project/dfdc_subset_77_jpg/test/fake/fake_000367.jpg,1.0,0.24376659095287323,0
/media/D1/ait_users/staff122/deepfake_project/outputs_deepfake_project/dfdc_subset_77_jpg/test/fake/fake_000368.jpg,1.0,0.6149562001228333,1
/media/D1/ait_users/staff122/deepfake_project/outputs_deepfake_project/dfdc_subset_77_jpg/test/fake/fake_000369.jpg,1.0,0.9581294059753418,1
/media/D1/ait_users/staff122/deepfake_project/outputs_deepfake_project/dfdc_subset_77_jpg/test/fake/fake_000370.jpg,1.0,0.9934501051902771,1
/media/D1/ait_users/staff122/deepfake_project/outputs_deepfake_project/dfdc_subset_77_jpg/test/fake/fake_000371.jpg,1.0,0.9998202919960022,1
/media/D1/ait_users/staff122/deepfake_project/outputs_deepfake_project/dfdc_subset_77_jpg/test/fake/fake_000372.jpg,1.0,0.9971848130226135,1
/media/D1/ait_users/staff122/deepfake_project/outputs_deepfake_project/dfdc_subset_77_jpg/test/fake/fake_000373.jpg,1.0,0.9917275905609131,1
/media/D1/ait_users/staff122/deepfake_project/outputs_deepfake_project/dfdc_subset_77_jpg/test/fake/fake_000374.jpg,1.0,0.9552669525146484,1
/media/D1/ait_users/staff122/deepfake_project/outputs_deepfake_project/dfdc_subset_77_jpg/test/fake/fake_000375.jpg,1.0,0.9975982308387756,1
/media/D1/ait_users/staff122/deepfake_project/outputs_deepfake_project/dfdc_subset_77_jpg/test/fake/fake_000376.jpg,1.0,0.3734990656375885,0
/media/D1/ait_users/staff122/deepfake_project/outputs_deepfake_project/dfdc_subset_77_jpg/test/fake/fake_000377.jpg,1.0,0.10158694535493851,0
/media/D1/ait_users/staff122/deepfake_project/outputs_deepfake_project/dfdc_subset_77_jpg/test/fake/fake_000378.jpg,1.0,0.7686149477958679,1
/media/D1/ait_users/staff122/deepfake_project/outputs_deepfake_project/dfdc_subset_77_jpg/test/fake/fake_000379.jpg,1.0,0.9999275207519531,1
/media/D1/ait_users/staff122/deepfake_project/outputs_deepfake_project/dfdc_subset_77_jpg/test/fake/fake_000380.jpg,1.0,0.9988359808921814,1
/media/D1/ait_users/staff122/deepfake_project/outputs_deepfake_project/dfdc_subset_77_jpg/test/fake/fake_000381.jpg,1.0,0.9983773231506348,1
/media/D1/ait_users/staff122/deepfake_project/outputs_deepfake_project/dfdc_subset_77_jpg/test/fake/fake_000382.jpg,1.0,0.7566069960594177,1
/media/D1/ait_users/staff122/deepfake_project/outputs_deepfake_project/dfdc_subset_77_jpg/test/fake/fake_000383.jpg,1.0,0.9996365308761597,1
/media/D1/ait_users/staff122/deepfake_project/outputs_deepfake_project/dfdc_subset_77_jpg/test/fake/fake_000384.jpg,1.0,0.9992949962615967,1
/media/D1/ait_users/staff122/deepfake_project/outputs_deepfake_project/dfdc_subset_77_jpg/test/fake/fake_000385.jpg,1.0,0.9833707809448242,1
/media/D1/ait_users/staff122/deepfake_project/outputs_deepfake_project/dfdc_subset_77_jpg/test/fake/fake_000386.jpg,1.0,0.014539815485477448,0
/media/D1/ait_users/staff122/deepfake_project/outputs_deepfake_project/dfdc_subset_77_jpg/test/fake/fake_000387.jpg,1.0,0.04075595363974571,0
/media/D1/ait_users/staff122/deepfake_project/outputs_deepfake_project/dfdc_subset_77_jpg/test/fake/fake_000388.jpg,1.0,0.9987836480140686,1
/media/D1/ait_users/staff122/deepfake_project/outputs_deepfake_project/dfdc_subset_77_jpg/test/fake/fake_000389.jpg,1.0,0.9966272711753845,1
/media/D1/ait_users/staff122/deepfake_project/outputs_deepfake_project/dfdc_subset_77_jpg/test/fake/fake_000390.jpg,1.0,0.9999405145645142,1
/media/D1/ait_users/staff122/deepfake_project/outputs_deepfake_project/dfdc_subset_77_jpg/test/fake/fake_000391.jpg,1.0,0.9982824325561523,1
/media/D1/ait_users/staff122/deepfake_project/outputs_deepfake_project/dfdc_subset_77_jpg/test/fake/fake_000392.jpg,1.0,0.9876534342765808,1
/media/D1/ait_users/staff122/deepfake_project/outputs_deepfake_project/dfdc_subset_77_jpg/test/fake/fake_000393.jpg,1.0,0.998793363571167,1
/media/D1/ait_users/staff122/deepfake_project/outputs_deepfake_project/dfdc_subset_77_jpg/test/fake/fake_000394.jpg,1.0,0.9764276146888733,1
/media/D1/ait_users/staff122/deepfake_project/outputs_deepfake_project/dfdc_subset_77_jpg/test/fake/fake_000395.jpg,1.0,0.9765810966491699,1
/media/D1/ait_users/staff122/deepfake_project/outputs_deepfake_project/dfdc_subset_77_jpg/test/fake/fake_000396.jpg,1.0,0.038478389382362366,0
/media/D1/ait_users/staff122/deepfake_project/outputs_deepfake_project/dfdc_subset_77_jpg/test/fake/fake_000397.jpg,1.0,0.5505573153495789,1
/media/D1/ait_users/staff122/deepfake_project/outputs_deepfake_project/dfdc_subset_77_jpg/test/fake/fake_000398.jpg,1.0,0.9957492351531982,1
/media/D1/ait_users/staff122/deepfake_project/outputs_deepfake_project/dfdc_subset_77_jpg/test/fake/fake_000399.jpg,1.0,0.7645248174667358,1
/media/D1/ait_users/staff122/deepfake_project/outputs_deepfake_project/dfdc_subset_77_jpg/test/fake/fake_000400.jpg,1.0,0.9815857410430908,1
/media/D1/ait_users/staff122/deepfake_project/outputs_deepfake_project/dfdc_subset_77_jpg/test/fake/fake_000401.jpg,1.0,0.7946410775184631,1
/media/D1/ait_users/staff122/deepfake_project/outputs_deepfake_project/dfdc_subset_77_jpg/test/fake/fake_000402.jpg,1.0,0.3787449300289154,0
/media/D1/ait_users/staff122/deepfake_project/outputs_deepfake_project/dfdc_subset_77_jpg/test/fake/fake_000403.jpg,1.0,0.016170136630535126,0
/media/D1/ait_users/staff122/deepfake_project/outputs_deepfake_project/dfdc_subset_77_jpg/test/fake/fake_000404.jpg,1.0,0.9933713674545288,1
/media/D1/ait_users/staff122/deepfake_project/outputs_deepfake_project/dfdc_subset_77_jpg/test/fake/fake_000405.jpg,1.0,0.9883831143379211,1
/media/D1/ait_users/staff122/deepfake_project/outputs_deepfake_project/dfdc_subset_77_jpg/test/fake/fake_000406.jpg,1.0,0.7210400700569153,1
/media/D1/ait_users/staff122/deepfake_project/outputs_deepfake_project/dfdc_subset_77_jpg/test/fake/fake_000407.jpg,1.0,0.9970077872276306,1
/media/D1/ait_users/staff122/deepfake_project/outputs_deepfake_project/dfdc_subset_77_jpg/test/fake/fake_000408.jpg,1.0,0.30911922454833984,0
/media/D1/ait_users/staff122/deepfake_project/outputs_deepfake_project/dfdc_subset_77_jpg/test/fake/fake_000409.jpg,1.0,0.37153929471969604,0
/media/D1/ait_users/staff122/deepfake_project/outputs_deepfake_project/dfdc_subset_77_jpg/test/fake/fake_000410.jpg,1.0,0.16718636453151703,0
/media/D1/ait_users/staff122/deepfake_project/outputs_deepfake_project/dfdc_subset_77_jpg/test/fake/fake_000411.jpg,1.0,0.006606442853808403,0
/media/D1/ait_users/staff122/deepfake_project/outputs_deepfake_project/dfdc_subset_77_jpg/test/fake/fake_000412.jpg,1.0,0.2591158449649811,0
/media/D1/ait_users/staff122/deepfake_project/outputs_deepfake_project/dfdc_subset_77_jpg/test/fake/fake_000413.jpg,1.0,0.0013511928264051676,0
/media/D1/ait_users/staff122/deepfake_project/outputs_deepfake_project/dfdc_subset_77_jpg/test/fake/fake_000414.jpg,1.0,0.9949199557304382,1
/media/D1/ait_users/staff122/deepfake_project/outputs_deepfake_project/dfdc_subset_77_jpg/test/fake/fake_000415.jpg,1.0,0.914948046207428,1
/media/D1/ait_users/staff122/deepfake_project/outputs_deepfake_project/dfdc_subset_77_jpg/test/fake/fake_000416.jpg,1.0,0.9992699027061462,1
/media/D1/ait_users/staff122/deepfake_project/outputs_deepfake_project/dfdc_subset_77_jpg/test/fake/fake_000417.jpg,1.0,0.9998955726623535,1
/media/D1/ait_users/staff122/deepfake_project/outputs_deepfake_project/dfdc_subset_77_jpg/test/fake/fake_000418.jpg,1.0,0.9999982118606567,1
/media/D1/ait_users/staff122/deepfake_project/outputs_deepfake_project/dfdc_subset_77_jpg/test/fake/fake_000419.jpg,1.0,0.9999880790710449,1
/media/D1/ait_users/staff122/deepfake_project/outputs_deepfake_project/dfdc_subset_77_jpg/test/fake/fake_000420.jpg,1.0,0.9999938011169434,1
/media/D1/ait_users/staff122/deepfake_project/outputs_deepfake_project/dfdc_subset_77_jpg/test/fake/fake_000421.jpg,1.0,0.9999833106994629,1
/media/D1/ait_users/staff122/deepfake_project/outputs_deepfake_project/dfdc_subset_77_jpg/test/fake/fake_000422.jpg,1.0,0.9999849796295166,1
/media/D1/ait_users/staff122/deepfake_project/outputs_deepfake_project/dfdc_subset_77_jpg/test/fake/fake_000423.jpg,1.0,0.9998055100440979,1
/media/D1/ait_users/staff122/deepfake_project/outputs_deepfake_project/dfdc_subset_77_jpg/test/fake/fake_000424.jpg,1.0,0.9998273253440857,1
/media/D1/ait_users/staff122/deepfake_project/outputs_deepfake_project/dfdc_subset_77_jpg/test/fake/fake_000425.jpg,1.0,0.999711811542511,1
/media/D1/ait_users/staff122/deepfake_project/outputs_deepfake_project/dfdc_subset_77_jpg/test/fake/fake_000426.jpg,1.0,0.9996777772903442,1
/media/D1/ait_users/staff122/deepfake_project/outputs_deepfake_project/dfdc_subset_77_jpg/test/fake/fake_000427.jpg,1.0,0.9998430013656616,1
/media/D1/ait_users/staff122/deepfake_project/outputs_deepfake_project/dfdc_subset_77_jpg/test/fake/fake_000428.jpg,1.0,0.9999954700469971,1
/media/D1/ait_users/staff122/deepfake_project/outputs_deepfake_project/dfdc_subset_77_jpg/test/fake/fake_000429.jpg,1.0,0.9999980926513672,1
/media/D1/ait_users/staff122/deepfake_project/outputs_deepfake_project/dfdc_subset_77_jpg/test/fake/fake_000430.jpg,1.0,0.9999927282333374,1
/media/D1/ait_users/staff122/deepfake_project/outputs_deepfake_project/dfdc_subset_77_jpg/test/fake/fake_000431.jpg,1.0,0.9999165534973145,1
/media/D1/ait_users/staff122/deepfake_project/outputs_deepfake_project/dfdc_subset_77_jpg/test/fake/fake_000432.jpg,1.0,0.999884843826294,1
/media/D1/ait_users/staff122/deepfake_project/outputs_deepfake_project/dfdc_subset_77_jpg/test/fake/fake_000433.jpg,1.0,0.9794684052467346,1
/media/D1/ait_users/staff122/deepfake_project/outputs_deepfake_project/dfdc_subset_77_jpg/test/fake/fake_000434.jpg,1.0,0.9999985694885254,1
/media/D1/ait_users/staff122/deepfake_project/outputs_deepfake_project/dfdc_subset_77_jpg/test/fake/fake_000435.jpg,1.0,0.9999923706054688,1
/media/D1/ait_users/staff122/deepfake_project/outputs_deepfake_project/dfdc_subset_77_jpg/test/fake/fake_000436.jpg,1.0,0.9999531507492065,1
/media/D1/ait_users/staff122/deepfake_project/outputs_deepfake_project/dfdc_subset_77_jpg/test/fake/fake_000437.jpg,1.0,0.9999884366989136,1
/media/D1/ait_users/staff122/deepfake_project/outputs_deepfake_project/dfdc_subset_77_jpg/test/fake/fake_000438.jpg,1.0,0.9999967813491821,1
/media/D1/ait_users/staff122/deepfake_project/outputs_deepfake_project/dfdc_subset_77_jpg/test/fake/fake_000439.jpg,1.0,0.9999984502792358,1
/media/D1/ait_users/staff122/deepfake_project/outputs_deepfake_project/dfdc_subset_77_jpg/test/fake/fake_000440.jpg,1.0,0.9999990463256836,1
/media/D1/ait_users/staff122/deepfake_project/outputs_deepfake_project/dfdc_subset_77_jpg/test/fake/fake_000441.jpg,1.0,0.9999871253967285,1
/media/D1/ait_users/staff122/deepfake_project/outputs_deepfake_project/dfdc_subset_77_jpg/test/fake/fake_000442.jpg,1.0,0.9999842643737793,1
/media/D1/ait_users/staff122/deepfake_project/outputs_deepfake_project/dfdc_subset_77_jpg/test/fake/fake_000443.jpg,1.0,0.9998502731323242,1
/media/D1/ait_users/staff122/deepfake_project/outputs_deepfake_project/dfdc_subset_77_jpg/test/fake/fake_000444.jpg,1.0,0.9999592304229736,1
/media/D1/ait_users/staff122/deepfake_project/outputs_deepfake_project/dfdc_subset_77_jpg/test/fake/fake_000445.jpg,1.0,0.999940037727356,1
/media/D1/ait_users/staff122/deepfake_project/outputs_deepfake_project/dfdc_subset_77_jpg/test/fake/fake_000446.jpg,1.0,0.9999538660049438,1
/media/D1/ait_users/staff122/deepfake_project/outputs_deepfake_project/dfdc_subset_77_jpg/test/fake/fake_000447.jpg,1.0,0.9999788999557495,1
/media/D1/ait_users/staff122/deepfake_project/outputs_deepfake_project/dfdc_subset_77_jpg/test/fake/fake_000448.jpg,1.0,0.9987057447433472,1
/media/D1/ait_users/staff122/deepfake_project/outputs_deepfake_project/dfdc_subset_77_jpg/test/fake/fake_000449.jpg,1.0,0.8504971265792847,1
/media/D1/ait_users/staff122/deepfake_project/outputs_deepfake_project/dfdc_subset_77_jpg/test/fake/fake_000450.jpg,1.0,0.0013869776157662272,0
/media/D1/ait_users/staff122/deepfake_project/outputs_deepfake_project/dfdc_subset_77_jpg/test/fake/fake_000451.jpg,1.0,0.0006621790817007422,0
/media/D1/ait_users/staff122/deepfake_project/outputs_deepfake_project/dfdc_subset_77_jpg/test/fake/fake_000452.jpg,1.0,0.997999370098114,1
/media/D1/ait_users/staff122/deepfake_project/outputs_deepfake_project/dfdc_subset_77_jpg/test/fake/fake_000453.jpg,1.0,0.9694837927818298,1
/media/D1/ait_users/staff122/deepfake_project/outputs_deepfake_project/dfdc_subset_77_jpg/test/fake/fake_000454.jpg,1.0,0.9999430179595947,1
/media/D1/ait_users/staff122/deepfake_project/outputs_deepfake_project/dfdc_subset_77_jpg/test/fake/fake_000455.jpg,1.0,0.9991544485092163,1
/media/D1/ait_users/staff122/deepfake_project/outputs_deepfake_project/dfdc_subset_77_jpg/test/fake/fake_000456.jpg,1.0,0.9555566310882568,1
/media/D1/ait_users/staff122/deepfake_project/outputs_deepfake_project/dfdc_subset_77_jpg/test/fake/fake_000457.jpg,1.0,0.992642343044281,1
/media/D1/ait_users/staff122/deepfake_project/outputs_deepfake_project/dfdc_subset_77_jpg/test/fake/fake_000458.jpg,1.0,0.9999874830245972,1
/media/D1/ait_users/staff122/deepfake_project/outputs_deepfake_project/dfdc_subset_77_jpg/test/fake/fake_000459.jpg,1.0,0.9999998807907104,1
/media/D1/ait_users/staff122/deepfake_project/outputs_deepfake_project/dfdc_subset_77_jpg/test/fake/fake_000460.jpg,1.0,0.9999982118606567,1
/media/D1/ait_users/staff122/deepfake_project/outputs_deepfake_project/dfdc_subset_77_jpg/test/fake/fake_000461.jpg,1.0,0.9999973773956299,1
/media/D1/ait_users/staff122/deepfake_project/outputs_deepfake_project/dfdc_subset_77_jpg/test/fake/fake_000462.jpg,1.0,0.99998939037323,1
/media/D1/ait_users/staff122/deepfake_project/outputs_deepfake_project/dfdc_subset_77_jpg/test/fake/fake_000463.jpg,1.0,0.8785176277160645,1
/media/D1/ait_users/staff122/deepfake_project/outputs_deepfake_project/dfdc_subset_77_jpg/test/fake/fake_000464.jpg,1.0,0.9999691247940063,1
/media/D1/ait_users/staff122/deepfake_project/outputs_deepfake_project/dfdc_subset_77_jpg/test/fake/fake_000465.jpg,1.0,0.9999964237213135,1
/media/D1/ait_users/staff122/deepfake_project/outputs_deepfake_project/dfdc_subset_77_jpg/test/fake/fake_000466.jpg,1.0,0.9997910857200623,1
/media/D1/ait_users/staff122/deepfake_project/outputs_deepfake_project/dfdc_subset_77_jpg/test/fake/fake_000467.jpg,1.0,0.3879872262477875,0
/media/D1/ait_users/staff122/deepfake_project/outputs_deepfake_project/dfdc_subset_77_jpg/test/fake/fake_000468.jpg,1.0,0.9999971389770508,1
/media/D1/ait_users/staff122/deepfake_project/outputs_deepfake_project/dfdc_subset_77_jpg/test/fake/fake_000469.jpg,1.0,0.9998506307601929,1
/media/D1/ait_users/staff122/deepfake_project/outputs_deepfake_project/dfdc_subset_77_jpg/test/fake/fake_000470.jpg,1.0,0.9999463558197021,1
/media/D1/ait_users/staff122/deepfake_project/outputs_deepfake_project/dfdc_subset_77_jpg/test/fake/fake_000471.jpg,1.0,0.9999562501907349,1
/media/D1/ait_users/staff122/deepfake_project/outputs_deepfake_project/dfdc_subset_77_jpg/test/fake/fake_000472.jpg,1.0,0.9895874261856079,1
/media/D1/ait_users/staff122/deepfake_project/outputs_deepfake_project/dfdc_subset_77_jpg/test/fake/fake_000473.jpg,1.0,0.12314919382333755,0
/media/D1/ait_users/staff122/deepfake_project/outputs_deepfake_project/dfdc_subset_77_jpg/test/fake/fake_000474.jpg,1.0,0.46943366527557373,0
/media/D1/ait_users/staff122/deepfake_project/outputs_deepfake_project/dfdc_subset_77_jpg/test/fake/fake_000475.jpg,1.0,0.9998593330383301,1
/media/D1/ait_users/staff122/deepfake_project/outputs_deepfake_project/dfdc_subset_77_jpg/test/fake/fake_000476.jpg,1.0,0.9902875423431396,1
/media/D1/ait_users/staff122/deepfake_project/outputs_deepfake_project/dfdc_subset_77_jpg/test/fake/fake_000477.jpg,1.0,0.999975323677063,1
/media/D1/ait_users/staff122/deepfake_project/outputs_deepfake_project/dfdc_subset_77_jpg/test/fake/fake_000478.jpg,1.0,0.9999984502792358,1
/media/D1/ait_users/staff122/deepfake_project/outputs_deepfake_project/dfdc_subset_77_jpg/test/fake/fake_000479.jpg,1.0,0.009419865906238556,0
/media/D1/ait_users/staff122/deepfake_project/outputs_deepfake_project/dfdc_subset_77_jpg/test/fake/fake_000480.jpg,1.0,0.9998958110809326,1
/media/D1/ait_users/staff122/deepfake_project/outputs_deepfake_project/dfdc_subset_77_jpg/test/fake/fake_000481.jpg,1.0,0.9654125571250916,1
/media/D1/ait_users/staff122/deepfake_project/outputs_deepfake_project/dfdc_subset_77_jpg/test/fake/fake_000482.jpg,1.0,0.0828181654214859,0
/media/D1/ait_users/staff122/deepfake_project/outputs_deepfake_project/dfdc_subset_77_jpg/test/fake/fake_000483.jpg,1.0,0.9981208443641663,1
/media/D1/ait_users/staff122/deepfake_project/outputs_deepfake_project/dfdc_subset_77_jpg/test/fake/fake_000484.jpg,1.0,0.9893583059310913,1
/media/D1/ait_users/staff122/deepfake_project/outputs_deepfake_project/dfdc_subset_77_jpg/test/fake/fake_000485.jpg,1.0,0.5732820630073547,1
/media/D1/ait_users/staff122/deepfake_project/outputs_deepfake_project/dfdc_subset_77_jpg/test/fake/fake_000486.jpg,1.0,0.8705840110778809,1
/media/D1/ait_users/staff122/deepfake_project/outputs_deepfake_project/dfdc_subset_77_jpg/test/fake/fake_000487.jpg,1.0,0.29826971888542175,0
/media/D1/ait_users/staff122/deepfake_project/outputs_deepfake_project/dfdc_subset_77_jpg/test/fake/fake_000488.jpg,1.0,0.9707235097885132,1
/media/D1/ait_users/staff122/deepfake_project/outputs_deepfake_project/dfdc_subset_77_jpg/test/fake/fake_000489.jpg,1.0,0.9999998807907104,1
/media/D1/ait_users/staff122/deepfake_project/outputs_deepfake_project/dfdc_subset_77_jpg/test/fake/fake_000490.jpg,1.0,0.9997088313102722,1
/media/D1/ait_users/staff122/deepfake_project/outputs_deepfake_project/dfdc_subset_77_jpg/test/fake/fake_000491.jpg,1.0,0.9988024234771729,1
/media/D1/ait_users/staff122/deepfake_project/outputs_deepfake_project/dfdc_subset_77_jpg/test/fake/fake_000492.jpg,1.0,0.4817411005496979,0
/media/D1/ait_users/staff122/deepfake_project/outputs_deepfake_project/dfdc_subset_77_jpg/test/fake/fake_000493.jpg,1.0,0.9999029636383057,1
/media/D1/ait_users/staff122/deepfake_project/outputs_deepfake_project/dfdc_subset_77_jpg/test/fake/fake_000494.jpg,1.0,0.9998661279678345,1
/media/D1/ait_users/staff122/deepfake_project/outputs_deepfake_project/dfdc_subset_77_jpg/test/fake/fake_000495.jpg,1.0,0.6722694635391235,1
/media/D1/ait_users/staff122/deepfake_project/outputs_deepfake_project/dfdc_subset_77_jpg/test/fake/fake_000496.jpg,1.0,0.9999890327453613,1
/media/D1/ait_users/staff122/deepfake_project/outputs_deepfake_project/dfdc_subset_77_jpg/test/fake/fake_000497.jpg,1.0,0.5361973643302917,1
/media/D1/ait_users/staff122/deepfake_project/outputs_deepfake_project/dfdc_subset_77_jpg/test/fake/fake_000498.jpg,1.0,0.6060339212417603,1
/media/D1/ait_users/staff122/deepfake_project/outputs_deepfake_project/dfdc_subset_77_jpg/test/fake/fake_000499.jpg,1.0,0.9852834939956665,1
/media/D1/ait_users/staff122/deepfake_project/outputs_deepfake_project/dfdc_subset_77_jpg/test/fake/fake_000500.jpg,1.0,0.9996121525764465,1
/media/D1/ait_users/staff122/deepfake_project/outputs_deepfake_project/dfdc_subset_77_jpg/test/fake/fake_000501.jpg,1.0,0.9996217489242554,1
/media/D1/ait_users/staff122/deepfake_project/outputs_deepfake_project/dfdc_subset_77_jpg/test/fake/fake_000502.jpg,1.0,0.9999794960021973,1
/media/D1/ait_users/staff122/deepfake_project/outputs_deepfake_project/dfdc_subset_77_jpg/test/fake/fake_000503.jpg,1.0,0.9999589920043945,1
/media/D1/ait_users/staff122/deepfake_project/outputs_deepfake_project/dfdc_subset_77_jpg/test/fake/fake_000504.jpg,1.0,0.9999804496765137,1
/media/D1/ait_users/staff122/deepfake_project/outputs_deepfake_project/dfdc_subset_77_jpg/test/fake/fake_000505.jpg,1.0,0.9999971389770508,1
/media/D1/ait_users/staff122/deepfake_project/outputs_deepfake_project/dfdc_subset_77_jpg/test/fake/fake_000506.jpg,1.0,0.9999991655349731,1
/media/D1/ait_users/staff122/deepfake_project/outputs_deepfake_project/dfdc_subset_77_jpg/test/fake/fake_000507.jpg,1.0,0.9999998807907104,1
/media/D1/ait_users/staff122/deepfake_project/outputs_deepfake_project/dfdc_subset_77_jpg/test/fake/fake_000508.jpg,1.0,0.999998927116394,1
/media/D1/ait_users/staff122/deepfake_project/outputs_deepfake_project/dfdc_subset_77_jpg/test/fake/fake_000509.jpg,1.0,0.994771420955658,1
/media/D1/ait_users/staff122/deepfake_project/outputs_deepfake_project/dfdc_subset_77_jpg/test/fake/fake_000510.jpg,1.0,0.9999765157699585,1
/media/D1/ait_users/staff122/deepfake_project/outputs_deepfake_project/dfdc_subset_77_jpg/test/fake/fake_000511.jpg,1.0,0.999506950378418,1
/media/D1/ait_users/staff122/deepfake_project/outputs_deepfake_project/dfdc_subset_77_jpg/test/fake/fake_000512.jpg,1.0,0.028716685250401497,0
/media/D1/ait_users/staff122/deepfake_project/outputs_deepfake_project/dfdc_subset_77_jpg/test/fake/fake_000513.jpg,1.0,0.7846987843513489,1
/media/D1/ait_users/staff122/deepfake_project/outputs_deepfake_project/dfdc_subset_77_jpg/test/fake/fake_000514.jpg,1.0,0.3739915192127228,0
/media/D1/ait_users/staff122/deepfake_project/outputs_deepfake_project/dfdc_subset_77_jpg/test/fake/fake_000515.jpg,1.0,0.03056640550494194,0
/media/D1/ait_users/staff122/deepfake_project/outputs_deepfake_project/dfdc_subset_77_jpg/test/fake/fake_000516.jpg,1.0,0.4447653889656067,0
/media/D1/ait_users/staff122/deepfake_project/outputs_deepfake_project/dfdc_subset_77_jpg/test/fake/fake_000517.jpg,1.0,0.19804790616035461,0
/media/D1/ait_users/staff122/deepfake_project/outputs_deepfake_project/dfdc_subset_77_jpg/test/fake/fake_000518.jpg,1.0,0.047869760543107986,0
/media/D1/ait_users/staff122/deepfake_project/outputs_deepfake_project/dfdc_subset_77_jpg/test/fake/fake_000519.jpg,1.0,0.3451691269874573,0
/media/D1/ait_users/staff122/deepfake_project/outputs_deepfake_project/dfdc_subset_77_jpg/test/fake/fake_000520.jpg,1.0,0.9092691540718079,1
/media/D1/ait_users/staff122/deepfake_project/outputs_deepfake_project/dfdc_subset_77_jpg/test/fake/fake_000521.jpg,1.0,0.29787880182266235,0
/media/D1/ait_users/staff122/deepfake_project/outputs_deepfake_project/dfdc_subset_77_jpg/test/fake/fake_000522.jpg,1.0,0.010080374777317047,0
/media/D1/ait_users/staff122/deepfake_project/outputs_deepfake_project/dfdc_subset_77_jpg/test/fake/fake_000523.jpg,1.0,0.5511952042579651,1
/media/D1/ait_users/staff122/deepfake_project/outputs_deepfake_project/dfdc_subset_77_jpg/test/fake/fake_000524.jpg,1.0,0.08798938989639282,0
/media/D1/ait_users/staff122/deepfake_project/outputs_deepfake_project/dfdc_subset_77_jpg/test/fake/fake_000525.jpg,1.0,0.02549503929913044,0
/media/D1/ait_users/staff122/deepfake_project/outputs_deepfake_project/dfdc_subset_77_jpg/test/fake/fake_000526.jpg,1.0,0.6525811553001404,1
/media/D1/ait_users/staff122/deepfake_project/outputs_deepfake_project/dfdc_subset_77_jpg/test/fake/fake_000527.jpg,1.0,0.014355295337736607,0
/media/D1/ait_users/staff122/deepfake_project/outputs_deepfake_project/dfdc_subset_77_jpg/test/fake/fake_000528.jpg,1.0,0.9307005405426025,1
/media/D1/ait_users/staff122/deepfake_project/outputs_deepfake_project/dfdc_subset_77_jpg/test/fake/fake_000529.jpg,1.0,0.8471072912216187,1
/media/D1/ait_users/staff122/deepfake_project/outputs_deepfake_project/dfdc_subset_77_jpg/test/fake/fake_000530.jpg,1.0,0.004678474739193916,0
/media/D1/ait_users/staff122/deepfake_project/outputs_deepfake_project/dfdc_subset_77_jpg/test/fake/fake_000531.jpg,1.0,0.09780705720186234,0
/media/D1/ait_users/staff122/deepfake_project/outputs_deepfake_project/dfdc_subset_77_jpg/test/fake/fake_000532.jpg,1.0,0.08672847598791122,0
/media/D1/ait_users/staff122/deepfake_project/outputs_deepfake_project/dfdc_subset_77_jpg/test/fake/fake_000533.jpg,1.0,0.5591143369674683,1
/media/D1/ait_users/staff122/deepfake_project/outputs_deepfake_project/dfdc_subset_77_jpg/test/fake/fake_000534.jpg,1.0,0.0015189527766779065,0
/media/D1/ait_users/staff122/deepfake_project/outputs_deepfake_project/dfdc_subset_77_jpg/test/fake/fake_000535.jpg,1.0,0.0033657036256045103,0
/media/D1/ait_users/staff122/deepfake_project/outputs_deepfake_project/dfdc_subset_77_jpg/test/fake/fake_000536.jpg,1.0,0.0004685734456870705,0
/media/D1/ait_users/staff122/deepfake_project/outputs_deepfake_project/dfdc_subset_77_jpg/test/fake/fake_000537.jpg,1.0,0.012906966730952263,0
/media/D1/ait_users/staff122/deepfake_project/outputs_deepfake_project/dfdc_subset_77_jpg/test/fake/fake_000538.jpg,1.0,0.18323297798633575,0
/media/D1/ait_users/staff122/deepfake_project/outputs_deepfake_project/dfdc_subset_77_jpg/test/fake/fake_000539.jpg,1.0,0.09301706403493881,0
/media/D1/ait_users/staff122/deepfake_project/outputs_deepfake_project/dfdc_subset_77_jpg/test/fake/fake_000540.jpg,1.0,0.04771030321717262,0
/media/D1/ait_users/staff122/deepfake_project/outputs_deepfake_project/dfdc_subset_77_jpg/test/fake/fake_000541.jpg,1.0,0.12755344808101654,0
/media/D1/ait_users/staff122/deepfake_project/outputs_deepfake_project/dfdc_subset_77_jpg/test/fake/fake_000542.jpg,1.0,0.06126165762543678,0
/media/D1/ait_users/staff122/deepfake_project/outputs_deepfake_project/dfdc_subset_77_jpg/test/fake/fake_000543.jpg,1.0,0.25381603837013245,0
/media/D1/ait_users/staff122/deepfake_project/outputs_deepfake_project/dfdc_subset_77_jpg/test/fake/fake_000544.jpg,1.0,0.8714879155158997,1
/media/D1/ait_users/staff122/deepfake_project/outputs_deepfake_project/dfdc_subset_77_jpg/test/fake/fake_000545.jpg,1.0,0.8597143888473511,1
/media/D1/ait_users/staff122/deepfake_project/outputs_deepfake_project/dfdc_subset_77_jpg/test/fake/fake_000546.jpg,1.0,0.734811544418335,1
/media/D1/ait_users/staff122/deepfake_project/outputs_deepfake_project/dfdc_subset_77_jpg/test/fake/fake_000547.jpg,1.0,0.5476645231246948,1
/media/D1/ait_users/staff122/deepfake_project/outputs_deepfake_project/dfdc_subset_77_jpg/test/fake/fake_000548.jpg,1.0,0.06524976342916489,0
/media/D1/ait_users/staff122/deepfake_project/outputs_deepfake_project/dfdc_subset_77_jpg/test/fake/fake_000549.jpg,1.0,0.8327502608299255,1
/media/D1/ait_users/staff122/deepfake_project/outputs_deepfake_project/dfdc_subset_77_jpg/test/fake/fake_000550.jpg,1.0,0.1268119513988495,0
/media/D1/ait_users/staff122/deepfake_project/outputs_deepfake_project/dfdc_subset_77_jpg/test/fake/fake_000551.jpg,1.0,0.6289405822753906,1
/media/D1/ait_users/staff122/deepfake_project/outputs_deepfake_project/dfdc_subset_77_jpg/test/fake/fake_000552.jpg,1.0,0.9989891648292542,1
/media/D1/ait_users/staff122/deepfake_project/outputs_deepfake_project/dfdc_subset_77_jpg/test/fake/fake_000553.jpg,1.0,0.9073285460472107,1
/media/D1/ait_users/staff122/deepfake_project/outputs_deepfake_project/dfdc_subset_77_jpg/test/fake/fake_000554.jpg,1.0,0.9812794923782349,1
/media/D1/ait_users/staff122/deepfake_project/outputs_deepfake_project/dfdc_subset_77_jpg/test/fake/fake_000555.jpg,1.0,0.9708455204963684,1
/media/D1/ait_users/staff122/deepfake_project/outputs_deepfake_project/dfdc_subset_77_jpg/test/fake/fake_000556.jpg,1.0,0.4950890839099884,0
/media/D1/ait_users/staff122/deepfake_project/outputs_deepfake_project/dfdc_subset_77_jpg/test/fake/fake_000557.jpg,1.0,0.15079709887504578,0
/media/D1/ait_users/staff122/deepfake_project/outputs_deepfake_project/dfdc_subset_77_jpg/test/fake/fake_000558.jpg,1.0,0.03909655287861824,0
/media/D1/ait_users/staff122/deepfake_project/outputs_deepfake_project/dfdc_subset_77_jpg/test/fake/fake_000559.jpg,1.0,0.8103285431861877,1
/media/D1/ait_users/staff122/deepfake_project/outputs_deepfake_project/dfdc_subset_77_jpg/test/fake/fake_000560.jpg,1.0,0.9314773082733154,1
/media/D1/ait_users/staff122/deepfake_project/outputs_deepfake_project/dfdc_subset_77_jpg/test/fake/fake_000561.jpg,1.0,0.999231219291687,1
/media/D1/ait_users/staff122/deepfake_project/outputs_deepfake_project/dfdc_subset_77_jpg/test/fake/fake_000562.jpg,1.0,0.024753453209996223,0
/media/D1/ait_users/staff122/deepfake_project/outputs_deepfake_project/dfdc_subset_77_jpg/test/fake/fake_000563.jpg,1.0,0.6891356110572815,1
/media/D1/ait_users/staff122/deepfake_project/outputs_deepfake_project/dfdc_subset_77_jpg/test/fake/fake_000564.jpg,1.0,0.9996246099472046,1
/media/D1/ait_users/staff122/deepfake_project/outputs_deepfake_project/dfdc_subset_77_jpg/test/fake/fake_000565.jpg,1.0,0.9525361657142639,1
/media/D1/ait_users/staff122/deepfake_project/outputs_deepfake_project/dfdc_subset_77_jpg/test/fake/fake_000566.jpg,1.0,0.9966886639595032,1
/media/D1/ait_users/staff122/deepfake_project/outputs_deepfake_project/dfdc_subset_77_jpg/test/fake/fake_000567.jpg,1.0,0.14837029576301575,0
/media/D1/ait_users/staff122/deepfake_project/outputs_deepfake_project/dfdc_subset_77_jpg/test/fake/fake_000568.jpg,1.0,0.17046155035495758,0
/media/D1/ait_users/staff122/deepfake_project/outputs_deepfake_project/dfdc_subset_77_jpg/test/fake/fake_000569.jpg,1.0,0.009664172306656837,0
/media/D1/ait_users/staff122/deepfake_project/outputs_deepfake_project/dfdc_subset_77_jpg/test/fake/fake_000570.jpg,1.0,0.5667151808738708,1
/media/D1/ait_users/staff122/deepfake_project/outputs_deepfake_project/dfdc_subset_77_jpg/test/fake/fake_000571.jpg,1.0,0.9671834111213684,1
/media/D1/ait_users/staff122/deepfake_project/outputs_deepfake_project/dfdc_subset_77_jpg/test/fake/fake_000572.jpg,1.0,0.945950984954834,1
/media/D1/ait_users/staff122/deepfake_project/outputs_deepfake_project/dfdc_subset_77_jpg/test/fake/fake_000573.jpg,1.0,0.8925734758377075,1
/media/D1/ait_users/staff122/deepfake_project/outputs_deepfake_project/dfdc_subset_77_jpg/test/fake/fake_000574.jpg,1.0,0.9498406648635864,1
/media/D1/ait_users/staff122/deepfake_project/outputs_deepfake_project/dfdc_subset_77_jpg/test/fake/fake_000575.jpg,1.0,0.8719152808189392,1
/media/D1/ait_users/staff122/deepfake_project/outputs_deepfake_project/dfdc_subset_77_jpg/test/fake/fake_000576.jpg,1.0,0.9985914826393127,1
/media/D1/ait_users/staff122/deepfake_project/outputs_deepfake_project/dfdc_subset_77_jpg/test/fake/fake_000577.jpg,1.0,0.999455988407135,1
/media/D1/ait_users/staff122/deepfake_project/outputs_deepfake_project/dfdc_subset_77_jpg/test/fake/fake_000578.jpg,1.0,0.9999003410339355,1
/media/D1/ait_users/staff122/deepfake_project/outputs_deepfake_project/dfdc_subset_77_jpg/test/fake/fake_000579.jpg,1.0,0.9999972581863403,1
/media/D1/ait_users/staff122/deepfake_project/outputs_deepfake_project/dfdc_subset_77_jpg/test/fake/fake_000580.jpg,1.0,0.9997552037239075,1
/media/D1/ait_users/staff122/deepfake_project/outputs_deepfake_project/dfdc_subset_77_jpg/test/fake/fake_000581.jpg,1.0,0.9997132420539856,1
/media/D1/ait_users/staff122/deepfake_project/outputs_deepfake_project/dfdc_subset_77_jpg/test/fake/fake_000582.jpg,1.0,0.9960397481918335,1
/media/D1/ait_users/staff122/deepfake_project/outputs_deepfake_project/dfdc_subset_77_jpg/test/fake/fake_000583.jpg,1.0,0.6535271406173706,1
/media/D1/ait_users/staff122/deepfake_project/outputs_deepfake_project/dfdc_subset_77_jpg/test/fake/fake_000584.jpg,1.0,0.999889612197876,1
/media/D1/ait_users/staff122/deepfake_project/outputs_deepfake_project/dfdc_subset_77_jpg/test/fake/fake_000585.jpg,1.0,0.999998927116394,1
/media/D1/ait_users/staff122/deepfake_project/outputs_deepfake_project/dfdc_subset_77_jpg/test/fake/fake_000586.jpg,1.0,0.9998571872711182,1
/media/D1/ait_users/staff122/deepfake_project/outputs_deepfake_project/dfdc_subset_77_jpg/test/fake/fake_000587.jpg,1.0,0.9689970016479492,1
/media/D1/ait_users/staff122/deepfake_project/outputs_deepfake_project/dfdc_subset_77_jpg/test/fake/fake_000588.jpg,1.0,0.9946580529212952,1
/media/D1/ait_users/staff122/deepfake_project/outputs_deepfake_project/dfdc_subset_77_jpg/test/fake/fake_000589.jpg,1.0,0.9991199374198914,1
/media/D1/ait_users/staff122/deepfake_project/outputs_deepfake_project/dfdc_subset_77_jpg/test/fake/fake_000590.jpg,1.0,0.9999901056289673,1
/media/D1/ait_users/staff122/deepfake_project/outputs_deepfake_project/dfdc_subset_77_jpg/test/fake/fake_000591.jpg,1.0,0.9999978542327881,1
/media/D1/ait_users/staff122/deepfake_project/outputs_deepfake_project/dfdc_subset_77_jpg/test/fake/fake_000592.jpg,1.0,0.7255844473838806,1
/media/D1/ait_users/staff122/deepfake_project/outputs_deepfake_project/dfdc_subset_77_jpg/test/fake/fake_000593.jpg,1.0,0.10705199092626572,0
/media/D1/ait_users/staff122/deepfake_project/outputs_deepfake_project/dfdc_subset_77_jpg/test/fake/fake_000594.jpg,1.0,0.9999899864196777,1
/media/D1/ait_users/staff122/deepfake_project/outputs_deepfake_project/dfdc_subset_77_jpg/test/fake/fake_000595.jpg,1.0,0.9987359642982483,1
/media/D1/ait_users/staff122/deepfake_project/outputs_deepfake_project/dfdc_subset_77_jpg/test/fake/fake_000596.jpg,1.0,0.9998745918273926,1
/media/D1/ait_users/staff122/deepfake_project/outputs_deepfake_project/dfdc_subset_77_jpg/test/fake/fake_000597.jpg,1.0,0.9819584488868713,1
/media/D1/ait_users/staff122/deepfake_project/outputs_deepfake_project/dfdc_subset_77_jpg/test/fake/fake_000598.jpg,1.0,0.9999971389770508,1
/media/D1/ait_users/staff122/deepfake_project/outputs_deepfake_project/dfdc_subset_77_jpg/test/fake/fake_000599.jpg,1.0,0.9996994733810425,1
/media/D1/ait_users/staff122/deepfake_project/outputs_deepfake_project/dfdc_subset_77_jpg/test/fake/fake_000600.jpg,1.0,0.9998118281364441,1
/media/D1/ait_users/staff122/deepfake_project/outputs_deepfake_project/dfdc_subset_77_jpg/test/fake/fake_000601.jpg,1.0,0.9999997615814209,1
/media/D1/ait_users/staff122/deepfake_project/outputs_deepfake_project/dfdc_subset_77_jpg/test/fake/fake_000602.jpg,1.0,0.9999809265136719,1
/media/D1/ait_users/staff122/deepfake_project/outputs_deepfake_project/dfdc_subset_77_jpg/test/fake/fake_000603.jpg,1.0,0.9999970197677612,1
/media/D1/ait_users/staff122/deepfake_project/outputs_deepfake_project/dfdc_subset_77_jpg/test/fake/fake_000604.jpg,1.0,0.9999985694885254,1
/media/D1/ait_users/staff122/deepfake_project/outputs_deepfake_project/dfdc_subset_77_jpg/test/fake/fake_000605.jpg,1.0,0.9979992508888245,1
/media/D1/ait_users/staff122/deepfake_project/outputs_deepfake_project/dfdc_subset_77_jpg/test/fake/fake_000606.jpg,1.0,0.9595420360565186,1
/media/D1/ait_users/staff122/deepfake_project/outputs_deepfake_project/dfdc_subset_77_jpg/test/fake/fake_000607.jpg,1.0,0.9988962411880493,1
/media/D1/ait_users/staff122/deepfake_project/outputs_deepfake_project/dfdc_subset_77_jpg/test/fake/fake_000608.jpg,1.0,0.9881375432014465,1
/media/D1/ait_users/staff122/deepfake_project/outputs_deepfake_project/dfdc_subset_77_jpg/test/fake/fake_000609.jpg,1.0,0.9959878325462341,1
/media/D1/ait_users/staff122/deepfake_project/outputs_deepfake_project/dfdc_subset_77_jpg/test/fake/fake_000610.jpg,1.0,0.9495908617973328,1
/media/D1/ait_users/staff122/deepfake_project/outputs_deepfake_project/dfdc_subset_77_jpg/test/fake/fake_000611.jpg,1.0,0.9996235370635986,1
/media/D1/ait_users/staff122/deepfake_project/outputs_deepfake_project/dfdc_subset_77_jpg/test/fake/fake_000612.jpg,1.0,0.9999898672103882,1
/media/D1/ait_users/staff122/deepfake_project/outputs_deepfake_project/dfdc_subset_77_jpg/test/fake/fake_000613.jpg,1.0,0.9999940395355225,1
/media/D1/ait_users/staff122/deepfake_project/outputs_deepfake_project/dfdc_subset_77_jpg/test/fake/fake_000614.jpg,1.0,0.9995455145835876,1
/media/D1/ait_users/staff122/deepfake_project/outputs_deepfake_project/dfdc_subset_77_jpg/test/fake/fake_000615.jpg,1.0,0.9999955892562866,1
/media/D1/ait_users/staff122/deepfake_project/outputs_deepfake_project/dfdc_subset_77_jpg/test/fake/fake_000616.jpg,1.0,0.9999839067459106,1
/media/D1/ait_users/staff122/deepfake_project/outputs_deepfake_project/dfdc_subset_77_jpg/test/fake/fake_000617.jpg,1.0,0.9990614056587219,1
/media/D1/ait_users/staff122/deepfake_project/outputs_deepfake_project/dfdc_subset_77_jpg/test/fake/fake_000618.jpg,1.0,0.9958372116088867,1
/media/D1/ait_users/staff122/deepfake_project/outputs_deepfake_project/dfdc_subset_77_jpg/test/fake/fake_000619.jpg,1.0,0.999997615814209,1
/media/D1/ait_users/staff122/deepfake_project/outputs_deepfake_project/dfdc_subset_77_jpg/test/fake/fake_000620.jpg,1.0,0.96368008852005,1
/media/D1/ait_users/staff122/deepfake_project/outputs_deepfake_project/dfdc_subset_77_jpg/test/fake/fake_000621.jpg,1.0,0.9999464750289917,1
/media/D1/ait_users/staff122/deepfake_project/outputs_deepfake_project/dfdc_subset_77_jpg/test/fake/fake_000622.jpg,1.0,0.9914891719818115,1
/media/D1/ait_users/staff122/deepfake_project/outputs_deepfake_project/dfdc_subset_77_jpg/test/fake/fake_000623.jpg,1.0,0.9999964237213135,1
/media/D1/ait_users/staff122/deepfake_project/outputs_deepfake_project/dfdc_subset_77_jpg/test/fake/fake_000624.jpg,1.0,0.9999961853027344,1
/media/D1/ait_users/staff122/deepfake_project/outputs_deepfake_project/dfdc_subset_77_jpg/test/fake/fake_000625.jpg,1.0,0.8454390168190002,1
/media/D1/ait_users/staff122/deepfake_project/outputs_deepfake_project/dfdc_subset_77_jpg/test/fake/fake_000626.jpg,1.0,0.9998693466186523,1
/media/D1/ait_users/staff122/deepfake_project/outputs_deepfake_project/dfdc_subset_77_jpg/test/fake/fake_000627.jpg,1.0,0.8409231901168823,1
/media/D1/ait_users/staff122/deepfake_project/outputs_deepfake_project/dfdc_subset_77_jpg/test/fake/fake_000628.jpg,1.0,0.9999926090240479,1
/media/D1/ait_users/staff122/deepfake_project/outputs_deepfake_project/dfdc_subset_77_jpg/test/fake/fake_000629.jpg,1.0,0.9999690055847168,1
/media/D1/ait_users/staff122/deepfake_project/outputs_deepfake_project/dfdc_subset_77_jpg/test/fake/fake_000630.jpg,1.0,0.9985718727111816,1
/media/D1/ait_users/staff122/deepfake_project/outputs_deepfake_project/dfdc_subset_77_jpg/test/fake/fake_000631.jpg,1.0,0.8494080901145935,1
/media/D1/ait_users/staff122/deepfake_project/outputs_deepfake_project/dfdc_subset_77_jpg/test/fake/fake_000632.jpg,1.0,0.9998500347137451,1
/media/D1/ait_users/staff122/deepfake_project/outputs_deepfake_project/dfdc_subset_77_jpg/test/fake/fake_000633.jpg,1.0,0.8793975710868835,1
/media/D1/ait_users/staff122/deepfake_project/outputs_deepfake_project/dfdc_subset_77_jpg/test/fake/fake_000634.jpg,1.0,0.9999021291732788,1
/media/D1/ait_users/staff122/deepfake_project/outputs_deepfake_project/dfdc_subset_77_jpg/test/fake/fake_000635.jpg,1.0,0.9952220320701599,1
/media/D1/ait_users/staff122/deepfake_project/outputs_deepfake_project/dfdc_subset_77_jpg/test/fake/fake_000636.jpg,1.0,0.9089811444282532,1
/media/D1/ait_users/staff122/deepfake_project/outputs_deepfake_project/dfdc_subset_77_jpg/test/fake/fake_000637.jpg,1.0,0.96396404504776,1
/media/D1/ait_users/staff122/deepfake_project/outputs_deepfake_project/dfdc_subset_77_jpg/test/fake/fake_000638.jpg,1.0,0.6206265091896057,1
/media/D1/ait_users/staff122/deepfake_project/outputs_deepfake_project/dfdc_subset_77_jpg/test/fake/fake_000639.jpg,1.0,0.635930061340332,1
/media/D1/ait_users/staff122/deepfake_project/outputs_deepfake_project/dfdc_subset_77_jpg/test/fake/fake_000640.jpg,1.0,0.0003900587616953999,0
/media/D1/ait_users/staff122/deepfake_project/outputs_deepfake_project/dfdc_subset_77_jpg/test/fake/fake_000641.jpg,1.0,0.0005355364992283285,0
/media/D1/ait_users/staff122/deepfake_project/outputs_deepfake_project/dfdc_subset_77_jpg/test/fake/fake_000642.jpg,1.0,0.00012028159108012915,0
/media/D1/ait_users/staff122/deepfake_project/outputs_deepfake_project/dfdc_subset_77_jpg/test/fake/fake_000643.jpg,1.0,9.901157318381593e-05,0
/media/D1/ait_users/staff122/deepfake_project/outputs_deepfake_project/dfdc_subset_77_jpg/test/fake/fake_000644.jpg,1.0,0.0008403481915593147,0
/media/D1/ait_users/staff122/deepfake_project/outputs_deepfake_project/dfdc_subset_77_jpg/test/fake/fake_000645.jpg,1.0,0.002885330468416214,0
/media/D1/ait_users/staff122/deepfake_project/outputs_deepfake_project/dfdc_subset_77_jpg/test/fake/fake_000646.jpg,1.0,0.002869660034775734,0
/media/D1/ait_users/staff122/deepfake_project/outputs_deepfake_project/dfdc_subset_77_jpg/test/fake/fake_000647.jpg,1.0,0.0005253527197055519,0
/media/D1/ait_users/staff122/deepfake_project/outputs_deepfake_project/dfdc_subset_77_jpg/test/fake/fake_000648.jpg,1.0,0.00045621671597473323,0
/media/D1/ait_users/staff122/deepfake_project/outputs_deepfake_project/dfdc_subset_77_jpg/test/fake/fake_000649.jpg,1.0,0.014640000648796558,0
/media/D1/ait_users/staff122/deepfake_project/outputs_deepfake_project/dfdc_subset_77_jpg/test/fake/fake_000650.jpg,1.0,0.03794468194246292,0
/media/D1/ait_users/staff122/deepfake_project/outputs_deepfake_project/dfdc_subset_77_jpg/test/fake/fake_000651.jpg,1.0,0.002354657044634223,0
/media/D1/ait_users/staff122/deepfake_project/outputs_deepfake_project/dfdc_subset_77_jpg/test/fake/fake_000652.jpg,1.0,0.004531859420239925,0
/media/D1/ait_users/staff122/deepfake_project/outputs_deepfake_project/dfdc_subset_77_jpg/test/fake/fake_000653.jpg,1.0,0.0022201312240213156,0
/media/D1/ait_users/staff122/deepfake_project/outputs_deepfake_project/dfdc_subset_77_jpg/test/fake/fake_000654.jpg,1.0,0.9700548052787781,1
/media/D1/ait_users/staff122/deepfake_project/outputs_deepfake_project/dfdc_subset_77_jpg/test/fake/fake_000655.jpg,1.0,0.8667480945587158,1
/media/D1/ait_users/staff122/deepfake_project/outputs_deepfake_project/dfdc_subset_77_jpg/test/fake/fake_000656.jpg,1.0,4.598632222041488e-05,0
/media/D1/ait_users/staff122/deepfake_project/outputs_deepfake_project/dfdc_subset_77_jpg/test/fake/fake_000657.jpg,1.0,0.00011954567162320018,0
/media/D1/ait_users/staff122/deepfake_project/outputs_deepfake_project/dfdc_subset_77_jpg/test/fake/fake_000658.jpg,1.0,0.0007423568167723715,0
/media/D1/ait_users/staff122/deepfake_project/outputs_deepfake_project/dfdc_subset_77_jpg/test/fake/fake_000659.jpg,1.0,5.943408905295655e-05,0
/media/D1/ait_users/staff122/deepfake_project/outputs_deepfake_project/dfdc_subset_77_jpg/test/fake/fake_000660.jpg,1.0,0.005715429317206144,0
/media/D1/ait_users/staff122/deepfake_project/outputs_deepfake_project/dfdc_subset_77_jpg/test/fake/fake_000661.jpg,1.0,0.997528612613678,1
/media/D1/ait_users/staff122/deepfake_project/outputs_deepfake_project/dfdc_subset_77_jpg/test/fake/fake_000662.jpg,1.0,0.009110859595239162,0
/media/D1/ait_users/staff122/deepfake_project/outputs_deepfake_project/dfdc_subset_77_jpg/test/fake/fake_000663.jpg,1.0,0.0013673061039298773,0
/media/D1/ait_users/staff122/deepfake_project/outputs_deepfake_project/dfdc_subset_77_jpg/test/fake/fake_000664.jpg,1.0,0.0008387503330595791,0
/media/D1/ait_users/staff122/deepfake_project/outputs_deepfake_project/dfdc_subset_77_jpg/test/fake/fake_000665.jpg,1.0,0.00011023547995137051,0
/media/D1/ait_users/staff122/deepfake_project/outputs_deepfake_project/dfdc_subset_77_jpg/test/fake/fake_000666.jpg,1.0,0.00027557663270272315,0
/media/D1/ait_users/staff122/deepfake_project/outputs_deepfake_project/dfdc_subset_77_jpg/test/fake/fake_000667.jpg,1.0,0.9071870446205139,1
/media/D1/ait_users/staff122/deepfake_project/outputs_deepfake_project/dfdc_subset_77_jpg/test/fake/fake_000668.jpg,1.0,0.999782145023346,1
/media/D1/ait_users/staff122/deepfake_project/outputs_deepfake_project/dfdc_subset_77_jpg/test/fake/fake_000669.jpg,1.0,0.999962329864502,1
/media/D1/ait_users/staff122/deepfake_project/outputs_deepfake_project/dfdc_subset_77_jpg/test/fake/fake_000670.jpg,1.0,0.10878957062959671,0
/media/D1/ait_users/staff122/deepfake_project/outputs_deepfake_project/dfdc_subset_77_jpg/test/fake/fake_000671.jpg,1.0,0.0011773445876315236,0
/media/D1/ait_users/staff122/deepfake_project/outputs_deepfake_project/dfdc_subset_77_jpg/test/fake/fake_000672.jpg,1.0,0.9103276133537292,1
/media/D1/ait_users/staff122/deepfake_project/outputs_deepfake_project/dfdc_subset_77_jpg/test/fake/fake_000673.jpg,1.0,0.09878633916378021,0
/media/D1/ait_users/staff122/deepfake_project/outputs_deepfake_project/dfdc_subset_77_jpg/test/fake/fake_000674.jpg,1.0,0.03569120168685913,0
/media/D1/ait_users/staff122/deepfake_project/outputs_deepfake_project/dfdc_subset_77_jpg/test/fake/fake_000675.jpg,1.0,0.14833475649356842,0
/media/D1/ait_users/staff122/deepfake_project/outputs_deepfake_project/dfdc_subset_77_jpg/test/fake/fake_000676.jpg,1.0,0.07678758352994919,0
/media/D1/ait_users/staff122/deepfake_project/outputs_deepfake_project/dfdc_subset_77_jpg/test/fake/fake_000677.jpg,1.0,0.09853624552488327,0
/media/D1/ait_users/staff122/deepfake_project/outputs_deepfake_project/dfdc_subset_77_jpg/test/fake/fake_000678.jpg,1.0,0.1978953778743744,0
/media/D1/ait_users/staff122/deepfake_project/outputs_deepfake_project/dfdc_subset_77_jpg/test/fake/fake_000679.jpg,1.0,0.6592020392417908,1
/media/D1/ait_users/staff122/deepfake_project/outputs_deepfake_project/dfdc_subset_77_jpg/test/fake/fake_000680.jpg,1.0,0.9894235730171204,1
/media/D1/ait_users/staff122/deepfake_project/outputs_deepfake_project/dfdc_subset_77_jpg/test/fake/fake_000681.jpg,1.0,0.9937959909439087,1
/media/D1/ait_users/staff122/deepfake_project/outputs_deepfake_project/dfdc_subset_77_jpg/test/fake/fake_000682.jpg,1.0,0.9944826364517212,1
/media/D1/ait_users/staff122/deepfake_project/outputs_deepfake_project/dfdc_subset_77_jpg/test/fake/fake_000683.jpg,1.0,0.7742305397987366,1
/media/D1/ait_users/staff122/deepfake_project/outputs_deepfake_project/dfdc_subset_77_jpg/test/fake/fake_000684.jpg,1.0,0.9950897097587585,1
/media/D1/ait_users/staff122/deepfake_project/outputs_deepfake_project/dfdc_subset_77_jpg/test/fake/fake_000685.jpg,1.0,0.9962522387504578,1
/media/D1/ait_users/staff122/deepfake_project/outputs_deepfake_project/dfdc_subset_77_jpg/test/fake/fake_000686.jpg,1.0,0.8757652044296265,1
/media/D1/ait_users/staff122/deepfake_project/outputs_deepfake_project/dfdc_subset_77_jpg/test/fake/fake_000687.jpg,1.0,0.9469064474105835,1
/media/D1/ait_users/staff122/deepfake_project/outputs_deepfake_project/dfdc_subset_77_jpg/test/fake/fake_000688.jpg,1.0,0.9999427795410156,1
/media/D1/ait_users/staff122/deepfake_project/outputs_deepfake_project/dfdc_subset_77_jpg/test/fake/fake_000689.jpg,1.0,0.46386319398880005,0
/media/D1/ait_users/staff122/deepfake_project/outputs_deepfake_project/dfdc_subset_77_jpg/test/fake/fake_000690.jpg,1.0,0.9992903470993042,1
/media/D1/ait_users/staff122/deepfake_project/outputs_deepfake_project/dfdc_subset_77_jpg/test/fake/fake_000691.jpg,1.0,0.9924190044403076,1
/media/D1/ait_users/staff122/deepfake_project/outputs_deepfake_project/dfdc_subset_77_jpg/test/fake/fake_000692.jpg,1.0,0.999660849571228,1
/media/D1/ait_users/staff122/deepfake_project/outputs_deepfake_project/dfdc_subset_77_jpg/test/fake/fake_000693.jpg,1.0,0.9992801547050476,1
/media/D1/ait_users/staff122/deepfake_project/outputs_deepfake_project/dfdc_subset_77_jpg/test/fake/fake_000694.jpg,1.0,0.9899006485939026,1
/media/D1/ait_users/staff122/deepfake_project/outputs_deepfake_project/dfdc_subset_77_jpg/test/fake/fake_000695.jpg,1.0,0.552308976650238,1
/media/D1/ait_users/staff122/deepfake_project/outputs_deepfake_project/dfdc_subset_77_jpg/test/fake/fake_000696.jpg,1.0,0.9990217685699463,1
/media/D1/ait_users/staff122/deepfake_project/outputs_deepfake_project/dfdc_subset_77_jpg/test/fake/fake_000697.jpg,1.0,0.9832947850227356,1
/media/D1/ait_users/staff122/deepfake_project/outputs_deepfake_project/dfdc_subset_77_jpg/test/fake/fake_000698.jpg,1.0,0.9870162010192871,1
/media/D1/ait_users/staff122/deepfake_project/outputs_deepfake_project/dfdc_subset_77_jpg/test/fake/fake_000699.jpg,1.0,0.8634332418441772,1
/media/D1/ait_users/staff122/deepfake_project/outputs_deepfake_project/dfdc_subset_77_jpg/test/fake/fake_000700.jpg,1.0,0.9924125075340271,1
/media/D1/ait_users/staff122/deepfake_project/outputs_deepfake_project/dfdc_subset_77_jpg/test/fake/fake_000701.jpg,1.0,0.005430696997791529,0
/media/D1/ait_users/staff122/deepfake_project/outputs_deepfake_project/dfdc_subset_77_jpg/test/fake/fake_000702.jpg,1.0,0.20079123973846436,0
/media/D1/ait_users/staff122/deepfake_project/outputs_deepfake_project/dfdc_subset_77_jpg/test/fake/fake_000703.jpg,1.0,0.10758428275585175,0
/media/D1/ait_users/staff122/deepfake_project/outputs_deepfake_project/dfdc_subset_77_jpg/test/fake/fake_000704.jpg,1.0,0.9750756621360779,1
/media/D1/ait_users/staff122/deepfake_project/outputs_deepfake_project/dfdc_subset_77_jpg/test/fake/fake_000705.jpg,1.0,0.9972443580627441,1
/media/D1/ait_users/staff122/deepfake_project/outputs_deepfake_project/dfdc_subset_77_jpg/test/fake/fake_000706.jpg,1.0,0.9881595373153687,1
/media/D1/ait_users/staff122/deepfake_project/outputs_deepfake_project/dfdc_subset_77_jpg/test/fake/fake_000707.jpg,1.0,0.9877513647079468,1
/media/D1/ait_users/staff122/deepfake_project/outputs_deepfake_project/dfdc_subset_77_jpg/test/fake/fake_000708.jpg,1.0,0.9998410940170288,1
/media/D1/ait_users/staff122/deepfake_project/outputs_deepfake_project/dfdc_subset_77_jpg/test/fake/fake_000709.jpg,1.0,0.9998629093170166,1
/media/D1/ait_users/staff122/deepfake_project/outputs_deepfake_project/dfdc_subset_77_jpg/test/fake/fake_000710.jpg,1.0,0.9996447563171387,1
/media/D1/ait_users/staff122/deepfake_project/outputs_deepfake_project/dfdc_subset_77_jpg/test/fake/fake_000711.jpg,1.0,0.999381422996521,1
/media/D1/ait_users/staff122/deepfake_project/outputs_deepfake_project/dfdc_subset_77_jpg/test/fake/fake_000712.jpg,1.0,0.9934861063957214,1
/media/D1/ait_users/staff122/deepfake_project/outputs_deepfake_project/dfdc_subset_77_jpg/test/fake/fake_000713.jpg,1.0,0.9998855590820312,1
/media/D1/ait_users/staff122/deepfake_project/outputs_deepfake_project/dfdc_subset_77_jpg/test/fake/fake_000714.jpg,1.0,0.979601263999939,1
/media/D1/ait_users/staff122/deepfake_project/outputs_deepfake_project/dfdc_subset_77_jpg/test/fake/fake_000715.jpg,1.0,0.9976102113723755,1
/media/D1/ait_users/staff122/deepfake_project/outputs_deepfake_project/dfdc_subset_77_jpg/test/fake/fake_000716.jpg,1.0,0.9883561730384827,1
/media/D1/ait_users/staff122/deepfake_project/outputs_deepfake_project/dfdc_subset_77_jpg/test/fake/fake_000717.jpg,1.0,0.9264242053031921,1
/media/D1/ait_users/staff122/deepfake_project/outputs_deepfake_project/dfdc_subset_77_jpg/test/fake/fake_000718.jpg,1.0,0.9996182918548584,1
/media/D1/ait_users/staff122/deepfake_project/outputs_deepfake_project/dfdc_subset_77_jpg/test/fake/fake_000719.jpg,1.0,0.9998121857643127,1
/media/D1/ait_users/staff122/deepfake_project/outputs_deepfake_project/dfdc_subset_77_jpg/test/fake/fake_000720.jpg,1.0,0.9958844780921936,1
/media/D1/ait_users/staff122/deepfake_project/outputs_deepfake_project/dfdc_subset_77_jpg/test/fake/fake_000721.jpg,1.0,0.9590498805046082,1
/media/D1/ait_users/staff122/deepfake_project/outputs_deepfake_project/dfdc_subset_77_jpg/test/fake/fake_000722.jpg,1.0,0.9816678762435913,1
/media/D1/ait_users/staff122/deepfake_project/outputs_deepfake_project/dfdc_subset_77_jpg/test/fake/fake_000723.jpg,1.0,0.968609631061554,1
/media/D1/ait_users/staff122/deepfake_project/outputs_deepfake_project/dfdc_subset_77_jpg/test/fake/fake_000724.jpg,1.0,0.991134762763977,1
/media/D1/ait_users/staff122/deepfake_project/outputs_deepfake_project/dfdc_subset_77_jpg/test/fake/fake_000725.jpg,1.0,0.9150017499923706,1
/media/D1/ait_users/staff122/deepfake_project/outputs_deepfake_project/dfdc_subset_77_jpg/test/fake/fake_000726.jpg,1.0,0.9220412969589233,1
/media/D1/ait_users/staff122/deepfake_project/outputs_deepfake_project/dfdc_subset_77_jpg/test/fake/fake_000727.jpg,1.0,0.9172986149787903,1
/media/D1/ait_users/staff122/deepfake_project/outputs_deepfake_project/dfdc_subset_77_jpg/test/fake/fake_000728.jpg,1.0,0.5421904921531677,1
/media/D1/ait_users/staff122/deepfake_project/outputs_deepfake_project/dfdc_subset_77_jpg/test/fake/fake_000729.jpg,1.0,0.8272435069084167,1
/media/D1/ait_users/staff122/deepfake_project/outputs_deepfake_project/dfdc_subset_77_jpg/test/fake/fake_000730.jpg,1.0,0.6996325254440308,1
/media/D1/ait_users/staff122/deepfake_project/outputs_deepfake_project/dfdc_subset_77_jpg/test/fake/fake_000731.jpg,1.0,0.99777752161026,1
/media/D1/ait_users/staff122/deepfake_project/outputs_deepfake_project/dfdc_subset_77_jpg/test/fake/fake_000732.jpg,1.0,0.9987419247627258,1
/media/D1/ait_users/staff122/deepfake_project/outputs_deepfake_project/dfdc_subset_77_jpg/test/fake/fake_000733.jpg,1.0,0.10657212883234024,0
/media/D1/ait_users/staff122/deepfake_project/outputs_deepfake_project/dfdc_subset_77_jpg/test/fake/fake_000734.jpg,1.0,0.9252318143844604,1
/media/D1/ait_users/staff122/deepfake_project/outputs_deepfake_project/dfdc_subset_77_jpg/test/fake/fake_000735.jpg,1.0,0.9965897798538208,1
/media/D1/ait_users/staff122/deepfake_project/outputs_deepfake_project/dfdc_subset_77_jpg/test/fake/fake_000736.jpg,1.0,0.9982971549034119,1
/media/D1/ait_users/staff122/deepfake_project/outputs_deepfake_project/dfdc_subset_77_jpg/test/fake/fake_000737.jpg,1.0,0.9986454844474792,1
/media/D1/ait_users/staff122/deepfake_project/outputs_deepfake_project/dfdc_subset_77_jpg/test/fake/fake_000738.jpg,1.0,0.7490829229354858,1
/media/D1/ait_users/staff122/deepfake_project/outputs_deepfake_project/dfdc_subset_77_jpg/test/fake/fake_000739.jpg,1.0,0.32957908511161804,0
/media/D1/ait_users/staff122/deepfake_project/outputs_deepfake_project/dfdc_subset_77_jpg/test/fake/fake_000740.jpg,1.0,0.9694671034812927,1
/media/D1/ait_users/staff122/deepfake_project/outputs_deepfake_project/dfdc_subset_77_jpg/test/fake/fake_000741.jpg,1.0,0.9684597849845886,1
/media/D1/ait_users/staff122/deepfake_project/outputs_deepfake_project/dfdc_subset_77_jpg/test/fake/fake_000742.jpg,1.0,0.9923842549324036,1
/media/D1/ait_users/staff122/deepfake_project/outputs_deepfake_project/dfdc_subset_77_jpg/test/fake/fake_000743.jpg,1.0,0.9993553757667542,1
/media/D1/ait_users/staff122/deepfake_project/outputs_deepfake_project/dfdc_subset_77_jpg/test/fake/fake_000744.jpg,1.0,0.9683541655540466,1
/media/D1/ait_users/staff122/deepfake_project/outputs_deepfake_project/dfdc_subset_77_jpg/test/fake/fake_000745.jpg,1.0,0.2879035174846649,0
/media/D1/ait_users/staff122/deepfake_project/outputs_deepfake_project/dfdc_subset_77_jpg/test/fake/fake_000746.jpg,1.0,0.8264088034629822,1
/media/D1/ait_users/staff122/deepfake_project/outputs_deepfake_project/dfdc_subset_77_jpg/test/fake/fake_000747.jpg,1.0,0.9088258743286133,1
/media/D1/ait_users/staff122/deepfake_project/outputs_deepfake_project/dfdc_subset_77_jpg/test/fake/fake_000748.jpg,1.0,0.7208390831947327,1
/media/D1/ait_users/staff122/deepfake_project/outputs_deepfake_project/dfdc_subset_77_jpg/test/fake/fake_000749.jpg,1.0,0.9999998807907104,1
/media/D1/ait_users/staff122/deepfake_project/outputs_deepfake_project/dfdc_subset_77_jpg/test/fake/fake_000750.jpg,1.0,1.0,1
/media/D1/ait_users/staff122/deepfake_project/outputs_deepfake_project/dfdc_subset_77_jpg/test/fake/fake_000751.jpg,1.0,1.0,1
/media/D1/ait_users/staff122/deepfake_project/outputs_deepfake_project/dfdc_subset_77_jpg/test/fake/fake_000752.jpg,1.0,0.9999998807907104,1
/media/D1/ait_users/staff122/deepfake_project/outputs_deepfake_project/dfdc_subset_77_jpg/test/fake/fake_000753.jpg,1.0,0.9999892711639404,1
/media/D1/ait_users/staff122/deepfake_project/outputs_deepfake_project/dfdc_subset_77_jpg/test/fake/fake_000754.jpg,1.0,0.9996944665908813,1
/media/D1/ait_users/staff122/deepfake_project/outputs_deepfake_project/dfdc_subset_77_jpg/test/fake/fake_000755.jpg,1.0,0.297987699508667,0
/media/D1/ait_users/staff122/deepfake_project/outputs_deepfake_project/dfdc_subset_77_jpg/test/fake/fake_000756.jpg,1.0,0.9990366697311401,1
/media/D1/ait_users/staff122/deepfake_project/outputs_deepfake_project/dfdc_subset_77_jpg/test/fake/fake_000757.jpg,1.0,0.9984399676322937,1
/media/D1/ait_users/staff122/deepfake_project/outputs_deepfake_project/dfdc_subset_77_jpg/test/fake/fake_000758.jpg,1.0,0.9890096783638,1
/media/D1/ait_users/staff122/deepfake_project/outputs_deepfake_project/dfdc_subset_77_jpg/test/fake/fake_000759.jpg,1.0,0.6522923111915588,1
/media/D1/ait_users/staff122/deepfake_project/outputs_deepfake_project/dfdc_subset_77_jpg/test/fake/fake_000760.jpg,1.0,0.9763715863227844,1
/media/D1/ait_users/staff122/deepfake_project/outputs_deepfake_project/dfdc_subset_77_jpg/test/fake/fake_000761.jpg,1.0,0.9819709062576294,1
/media/D1/ait_users/staff122/deepfake_project/outputs_deepfake_project/dfdc_subset_77_jpg/test/fake/fake_000762.jpg,1.0,0.997671902179718,1
/media/D1/ait_users/staff122/deepfake_project/outputs_deepfake_project/dfdc_subset_77_jpg/test/fake/fake_000763.jpg,1.0,0.07982555031776428,0
/media/D1/ait_users/staff122/deepfake_project/outputs_deepfake_project/dfdc_subset_77_jpg/test/fake/fake_000764.jpg,1.0,0.9525960087776184,1
/media/D1/ait_users/staff122/deepfake_project/outputs_deepfake_project/dfdc_subset_77_jpg/test/fake/fake_000765.jpg,1.0,0.9168506860733032,1
/media/D1/ait_users/staff122/deepfake_project/outputs_deepfake_project/dfdc_subset_77_jpg/test/fake/fake_000766.jpg,1.0,0.9987911581993103,1
/media/D1/ait_users/staff122/deepfake_project/outputs_deepfake_project/dfdc_subset_77_jpg/test/fake/fake_000767.jpg,1.0,0.9997069239616394,1
/media/D1/ait_users/staff122/deepfake_project/outputs_deepfake_project/dfdc_subset_77_jpg/test/fake/fake_000768.jpg,1.0,0.8720049858093262,1
/media/D1/ait_users/staff122/deepfake_project/outputs_deepfake_project/dfdc_subset_77_jpg/test/fake/fake_000769.jpg,1.0,0.12159877270460129,0
/media/D1/ait_users/staff122/deepfake_project/outputs_deepfake_project/dfdc_subset_77_jpg/test/fake/fake_000770.jpg,1.0,0.9904766082763672,1
/media/D1/ait_users/staff122/deepfake_project/outputs_deepfake_project/dfdc_subset_77_jpg/test/fake/fake_000771.jpg,1.0,0.915130615234375,1
/media/D1/ait_users/staff122/deepfake_project/outputs_deepfake_project/dfdc_subset_77_jpg/test/fake/fake_000772.jpg,1.0,0.6931029558181763,1
/media/D1/ait_users/staff122/deepfake_project/outputs_deepfake_project/dfdc_subset_77_jpg/test/fake/fake_000773.jpg,1.0,0.7904397249221802,1
/media/D1/ait_users/staff122/deepfake_project/outputs_deepfake_project/dfdc_subset_77_jpg/test/fake/fake_000774.jpg,1.0,0.9357962012290955,1
/media/D1/ait_users/staff122/deepfake_project/outputs_deepfake_project/dfdc_subset_77_jpg/test/fake/fake_000775.jpg,1.0,0.9961749315261841,1
/media/D1/ait_users/staff122/deepfake_project/outputs_deepfake_project/dfdc_subset_77_jpg/test/fake/fake_000776.jpg,1.0,0.8360370993614197,1
/media/D1/ait_users/staff122/deepfake_project/outputs_deepfake_project/dfdc_subset_77_jpg/test/fake/fake_000777.jpg,1.0,0.9999572038650513,1
/media/D1/ait_users/staff122/deepfake_project/outputs_deepfake_project/dfdc_subset_77_jpg/test/fake/fake_000778.jpg,1.0,0.9971156120300293,1
/media/D1/ait_users/staff122/deepfake_project/outputs_deepfake_project/dfdc_subset_77_jpg/test/fake/fake_000779.jpg,1.0,0.997056245803833,1
/media/D1/ait_users/staff122/deepfake_project/outputs_deepfake_project/dfdc_subset_77_jpg/test/fake/fake_000780.jpg,1.0,0.7908589243888855,1
/media/D1/ait_users/staff122/deepfake_project/outputs_deepfake_project/dfdc_subset_77_jpg/test/fake/fake_000781.jpg,1.0,0.013617478311061859,0
/media/D1/ait_users/staff122/deepfake_project/outputs_deepfake_project/dfdc_subset_77_jpg/test/fake/fake_000782.jpg,1.0,0.23123720288276672,0
/media/D1/ait_users/staff122/deepfake_project/outputs_deepfake_project/dfdc_subset_77_jpg/test/fake/fake_000783.jpg,1.0,0.8118637204170227,1
/media/D1/ait_users/staff122/deepfake_project/outputs_deepfake_project/dfdc_subset_77_jpg/test/fake/fake_000784.jpg,1.0,0.9430632591247559,1
/media/D1/ait_users/staff122/deepfake_project/outputs_deepfake_project/dfdc_subset_77_jpg/test/fake/fake_000785.jpg,1.0,0.9229438304901123,1
/media/D1/ait_users/staff122/deepfake_project/outputs_deepfake_project/dfdc_subset_77_jpg/test/fake/fake_000786.jpg,1.0,0.9197884798049927,1
/media/D1/ait_users/staff122/deepfake_project/outputs_deepfake_project/dfdc_subset_77_jpg/test/fake/fake_000787.jpg,1.0,0.027155281975865364,0
/media/D1/ait_users/staff122/deepfake_project/outputs_deepfake_project/dfdc_subset_77_jpg/test/fake/fake_000788.jpg,1.0,0.9221112132072449,1
/media/D1/ait_users/staff122/deepfake_project/outputs_deepfake_project/dfdc_subset_77_jpg/test/fake/fake_000789.jpg,1.0,0.9048119783401489,1
/media/D1/ait_users/staff122/deepfake_project/outputs_deepfake_project/dfdc_subset_77_jpg/test/fake/fake_000790.jpg,1.0,0.5574467182159424,1
/media/D1/ait_users/staff122/deepfake_project/outputs_deepfake_project/dfdc_subset_77_jpg/test/fake/fake_000791.jpg,1.0,0.8983360528945923,1
/media/D1/ait_users/staff122/deepfake_project/outputs_deepfake_project/dfdc_subset_77_jpg/test/fake/fake_000792.jpg,1.0,0.6824315190315247,1
/media/D1/ait_users/staff122/deepfake_project/outputs_deepfake_project/dfdc_subset_77_jpg/test/fake/fake_000793.jpg,1.0,0.9747536182403564,1
/media/D1/ait_users/staff122/deepfake_project/outputs_deepfake_project/dfdc_subset_77_jpg/test/fake/fake_000794.jpg,1.0,0.8140416741371155,1
/media/D1/ait_users/staff122/deepfake_project/outputs_deepfake_project/dfdc_subset_77_jpg/test/fake/fake_000795.jpg,1.0,0.8961806297302246,1
/media/D1/ait_users/staff122/deepfake_project/outputs_deepfake_project/dfdc_subset_77_jpg/test/fake/fake_000796.jpg,1.0,0.8012387156486511,1
/media/D1/ait_users/staff122/deepfake_project/outputs_deepfake_project/dfdc_subset_77_jpg/test/fake/fake_000797.jpg,1.0,0.996600329875946,1
/media/D1/ait_users/staff122/deepfake_project/outputs_deepfake_project/dfdc_subset_77_jpg/test/fake/fake_000798.jpg,1.0,0.6802538633346558,1
/media/D1/ait_users/staff122/deepfake_project/outputs_deepfake_project/dfdc_subset_77_jpg/test/fake/fake_000799.jpg,1.0,0.8084298968315125,1
/media/D1/ait_users/staff122/deepfake_project/outputs_deepfake_project/dfdc_subset_77_jpg/test/fake/fake_000800.jpg,1.0,0.9999381303787231,1
/media/D1/ait_users/staff122/deepfake_project/outputs_deepfake_project/dfdc_subset_77_jpg/test/fake/fake_000801.jpg,1.0,0.999997615814209,1
/media/D1/ait_users/staff122/deepfake_project/outputs_deepfake_project/dfdc_subset_77_jpg/test/fake/fake_000802.jpg,1.0,0.9999990463256836,1
/media/D1/ait_users/staff122/deepfake_project/outputs_deepfake_project/dfdc_subset_77_jpg/test/fake/fake_000803.jpg,1.0,0.9997789263725281,1
/media/D1/ait_users/staff122/deepfake_project/outputs_deepfake_project/dfdc_subset_77_jpg/test/fake/fake_000804.jpg,1.0,0.9999464750289917,1
/media/D1/ait_users/staff122/deepfake_project/outputs_deepfake_project/dfdc_subset_77_jpg/test/fake/fake_000805.jpg,1.0,0.9999198913574219,1
/media/D1/ait_users/staff122/deepfake_project/outputs_deepfake_project/dfdc_subset_77_jpg/test/fake/fake_000806.jpg,1.0,0.9999992847442627,1
/media/D1/ait_users/staff122/deepfake_project/outputs_deepfake_project/dfdc_subset_77_jpg/test/fake/fake_000807.jpg,1.0,0.9999995231628418,1
/media/D1/ait_users/staff122/deepfake_project/outputs_deepfake_project/dfdc_subset_77_jpg/test/fake/fake_000808.jpg,1.0,0.9999998807907104,1
/media/D1/ait_users/staff122/deepfake_project/outputs_deepfake_project/dfdc_subset_77_jpg/test/fake/fake_000809.jpg,1.0,0.9999914169311523,1
/media/D1/ait_users/staff122/deepfake_project/outputs_deepfake_project/dfdc_subset_77_jpg/test/fake/fake_000810.jpg,1.0,0.9999946355819702,1
/media/D1/ait_users/staff122/deepfake_project/outputs_deepfake_project/dfdc_subset_77_jpg/test/fake/fake_000811.jpg,1.0,0.9999966621398926,1
/media/D1/ait_users/staff122/deepfake_project/outputs_deepfake_project/dfdc_subset_77_jpg/test/fake/fake_000812.jpg,1.0,0.9999986886978149,1
/media/D1/ait_users/staff122/deepfake_project/outputs_deepfake_project/dfdc_subset_77_jpg/test/fake/fake_000813.jpg,1.0,0.9999970197677612,1
/media/D1/ait_users/staff122/deepfake_project/outputs_deepfake_project/dfdc_subset_77_jpg/test/fake/fake_000814.jpg,1.0,0.9997705817222595,1
/media/D1/ait_users/staff122/deepfake_project/outputs_deepfake_project/dfdc_subset_77_jpg/test/fake/fake_000815.jpg,1.0,0.9999998807907104,1
/media/D1/ait_users/staff122/deepfake_project/outputs_deepfake_project/dfdc_subset_77_jpg/test/fake/fake_000816.jpg,1.0,0.9999998807907104,1
/media/D1/ait_users/staff122/deepfake_project/outputs_deepfake_project/dfdc_subset_77_jpg/test/fake/fake_000817.jpg,1.0,0.9431262612342834,1
/media/D1/ait_users/staff122/deepfake_project/outputs_deepfake_project/dfdc_subset_77_jpg/test/fake/fake_000818.jpg,1.0,0.9715983271598816,1
/media/D1/ait_users/staff122/deepfake_project/outputs_deepfake_project/dfdc_subset_77_jpg/test/fake/fake_000819.jpg,1.0,0.9999994039535522,1
/media/D1/ait_users/staff122/deepfake_project/outputs_deepfake_project/dfdc_subset_77_jpg/test/fake/fake_000820.jpg,1.0,0.9999997615814209,1
/media/D1/ait_users/staff122/deepfake_project/outputs_deepfake_project/dfdc_subset_77_jpg/test/fake/fake_000821.jpg,1.0,0.9999974966049194,1
/media/D1/ait_users/staff122/deepfake_project/outputs_deepfake_project/dfdc_subset_77_jpg/test/fake/fake_000822.jpg,1.0,0.9996113181114197,1
/media/D1/ait_users/staff122/deepfake_project/outputs_deepfake_project/dfdc_subset_77_jpg/test/fake/fake_000823.jpg,1.0,0.9999103546142578,1
/media/D1/ait_users/staff122/deepfake_project/outputs_deepfake_project/dfdc_subset_77_jpg/test/fake/fake_000824.jpg,1.0,0.9986286163330078,1
/media/D1/ait_users/staff122/deepfake_project/outputs_deepfake_project/dfdc_subset_77_jpg/test/fake/fake_000825.jpg,1.0,0.999987006187439,1
/media/D1/ait_users/staff122/deepfake_project/outputs_deepfake_project/dfdc_subset_77_jpg/test/fake/fake_000826.jpg,1.0,0.9999821186065674,1
/media/D1/ait_users/staff122/deepfake_project/outputs_deepfake_project/dfdc_subset_77_jpg/test/fake/fake_000827.jpg,1.0,0.9995996356010437,1
/media/D1/ait_users/staff122/deepfake_project/outputs_deepfake_project/dfdc_subset_77_jpg/test/fake/fake_000828.jpg,1.0,0.9999997615814209,1
/media/D1/ait_users/staff122/deepfake_project/outputs_deepfake_project/dfdc_subset_77_jpg/test/fake/fake_000829.jpg,1.0,0.9999502897262573,1
/media/D1/ait_users/staff122/deepfake_project/outputs_deepfake_project/dfdc_subset_77_jpg/test/fake/fake_000830.jpg,1.0,0.9999955892562866,1
/media/D1/ait_users/staff122/deepfake_project/outputs_deepfake_project/dfdc_subset_77_jpg/test/fake/fake_000831.jpg,1.0,0.9998956918716431,1
/media/D1/ait_users/staff122/deepfake_project/outputs_deepfake_project/dfdc_subset_77_jpg/test/fake/fake_000832.jpg,1.0,0.0017342113424092531,0
/media/D1/ait_users/staff122/deepfake_project/outputs_deepfake_project/dfdc_subset_77_jpg/test/fake/fake_000833.jpg,1.0,0.00026754403370432556,0
/media/D1/ait_users/staff122/deepfake_project/outputs_deepfake_project/dfdc_subset_77_jpg/test/fake/fake_000834.jpg,1.0,0.006021474953740835,0
/media/D1/ait_users/staff122/deepfake_project/outputs_deepfake_project/dfdc_subset_77_jpg/test/fake/fake_000835.jpg,1.0,4.172868648311123e-05,0
/media/D1/ait_users/staff122/deepfake_project/outputs_deepfake_project/dfdc_subset_77_jpg/test/fake/fake_000836.jpg,1.0,0.0053198193199932575,0
/media/D1/ait_users/staff122/deepfake_project/outputs_deepfake_project/dfdc_subset_77_jpg/test/fake/fake_000837.jpg,1.0,0.00038013741141185164,0
/media/D1/ait_users/staff122/deepfake_project/outputs_deepfake_project/dfdc_subset_77_jpg/test/fake/fake_000838.jpg,1.0,0.005835433024913073,0
/media/D1/ait_users/staff122/deepfake_project/outputs_deepfake_project/dfdc_subset_77_jpg/test/fake/fake_000839.jpg,1.0,0.00035947354626841843,0
/media/D1/ait_users/staff122/deepfake_project/outputs_deepfake_project/dfdc_subset_77_jpg/test/fake/fake_000840.jpg,1.0,0.0008840005029924214,0
/media/D1/ait_users/staff122/deepfake_project/outputs_deepfake_project/dfdc_subset_77_jpg/test/fake/fake_000841.jpg,1.0,0.004563405178487301,0
/media/D1/ait_users/staff122/deepfake_project/outputs_deepfake_project/dfdc_subset_77_jpg/test/fake/fake_000842.jpg,1.0,5.219206286710687e-05,0
/media/D1/ait_users/staff122/deepfake_project/outputs_deepfake_project/dfdc_subset_77_jpg/test/fake/fake_000843.jpg,1.0,0.002292916877195239,0
/media/D1/ait_users/staff122/deepfake_project/outputs_deepfake_project/dfdc_subset_77_jpg/test/fake/fake_000844.jpg,1.0,0.007221668493002653,0
/media/D1/ait_users/staff122/deepfake_project/outputs_deepfake_project/dfdc_subset_77_jpg/test/fake/fake_000845.jpg,1.0,0.0006785056320950389,0
/media/D1/ait_users/staff122/deepfake_project/outputs_deepfake_project/dfdc_subset_77_jpg/test/fake/fake_000846.jpg,1.0,0.003153294324874878,0
/media/D1/ait_users/staff122/deepfake_project/outputs_deepfake_project/dfdc_subset_77_jpg/test/fake/fake_000847.jpg,1.0,0.0004176660149823874,0
/media/D1/ait_users/staff122/deepfake_project/outputs_deepfake_project/dfdc_subset_77_jpg/test/fake/fake_000848.jpg,1.0,8.491794142173603e-05,0
/media/D1/ait_users/staff122/deepfake_project/outputs_deepfake_project/dfdc_subset_77_jpg/test/fake/fake_000849.jpg,1.0,0.000206148877623491,0
/media/D1/ait_users/staff122/deepfake_project/outputs_deepfake_project/dfdc_subset_77_jpg/test/fake/fake_000850.jpg,1.0,0.0010366104543209076,0
/media/D1/ait_users/staff122/deepfake_project/outputs_deepfake_project/dfdc_subset_77_jpg/test/fake/fake_000851.jpg,1.0,8.607900963397697e-05,0
/media/D1/ait_users/staff122/deepfake_project/outputs_deepfake_project/dfdc_subset_77_jpg/test/fake/fake_000852.jpg,1.0,0.0010480207856744528,0
/media/D1/ait_users/staff122/deepfake_project/outputs_deepfake_project/dfdc_subset_77_jpg/test/fake/fake_000853.jpg,1.0,8.389490176341496e-06,0
/media/D1/ait_users/staff122/deepfake_project/outputs_deepfake_project/dfdc_subset_77_jpg/test/fake/fake_000854.jpg,1.0,0.00484706973657012,0
/media/D1/ait_users/staff122/deepfake_project/outputs_deepfake_project/dfdc_subset_77_jpg/test/fake/fake_000855.jpg,1.0,0.011597208678722382,0
/media/D1/ait_users/staff122/deepfake_project/outputs_deepfake_project/dfdc_subset_77_jpg/test/fake/fake_000856.jpg,1.0,0.002181652234867215,0
/media/D1/ait_users/staff122/deepfake_project/outputs_deepfake_project/dfdc_subset_77_jpg/test/fake/fake_000857.jpg,1.0,0.00010362381726736203,0
/media/D1/ait_users/staff122/deepfake_project/outputs_deepfake_project/dfdc_subset_77_jpg/test/fake/fake_000858.jpg,1.0,6.236739864107221e-05,0
/media/D1/ait_users/staff122/deepfake_project/outputs_deepfake_project/dfdc_subset_77_jpg/test/fake/fake_000859.jpg,1.0,2.5106119210249744e-05,0
/media/D1/ait_users/staff122/deepfake_project/outputs_deepfake_project/dfdc_subset_77_jpg/test/fake/fake_000860.jpg,1.0,3.1401283195009455e-05,0
/media/D1/ait_users/staff122/deepfake_project/outputs_deepfake_project/dfdc_subset_77_jpg/test/fake/fake_000861.jpg,1.0,3.651006772997789e-05,0
/media/D1/ait_users/staff122/deepfake_project/outputs_deepfake_project/dfdc_subset_77_jpg/test/fake/fake_000862.jpg,1.0,7.731305959168822e-05,0
/media/D1/ait_users/staff122/deepfake_project/outputs_deepfake_project/dfdc_subset_77_jpg/test/fake/fake_000863.jpg,1.0,0.022606289014220238,0
/media/D1/ait_users/staff122/deepfake_project/outputs_deepfake_project/dfdc_subset_77_jpg/test/fake/fake_000864.jpg,1.0,0.9922065138816833,1
/media/D1/ait_users/staff122/deepfake_project/outputs_deepfake_project/dfdc_subset_77_jpg/test/fake/fake_000865.jpg,1.0,0.9985907673835754,1
/media/D1/ait_users/staff122/deepfake_project/outputs_deepfake_project/dfdc_subset_77_jpg/test/fake/fake_000866.jpg,1.0,0.9997181296348572,1
/media/D1/ait_users/staff122/deepfake_project/outputs_deepfake_project/dfdc_subset_77_jpg/test/fake/fake_000867.jpg,1.0,0.999811589717865,1
/media/D1/ait_users/staff122/deepfake_project/outputs_deepfake_project/dfdc_subset_77_jpg/test/fake/fake_000868.jpg,1.0,0.6637284755706787,1
/media/D1/ait_users/staff122/deepfake_project/outputs_deepfake_project/dfdc_subset_77_jpg/test/fake/fake_000869.jpg,1.0,0.9736669063568115,1
/media/D1/ait_users/staff122/deepfake_project/outputs_deepfake_project/dfdc_subset_77_jpg/test/fake/fake_000870.jpg,1.0,0.9992977380752563,1
/media/D1/ait_users/staff122/deepfake_project/outputs_deepfake_project/dfdc_subset_77_jpg/test/fake/fake_000871.jpg,1.0,0.997930645942688,1
/media/D1/ait_users/staff122/deepfake_project/outputs_deepfake_project/dfdc_subset_77_jpg/test/fake/fake_000872.jpg,1.0,0.9330680966377258,1
/media/D1/ait_users/staff122/deepfake_project/outputs_deepfake_project/dfdc_subset_77_jpg/test/fake/fake_000873.jpg,1.0,0.6182429790496826,1
/media/D1/ait_users/staff122/deepfake_project/outputs_deepfake_project/dfdc_subset_77_jpg/test/fake/fake_000874.jpg,1.0,0.09692156314849854,0
/media/D1/ait_users/staff122/deepfake_project/outputs_deepfake_project/dfdc_subset_77_jpg/test/fake/fake_000875.jpg,1.0,0.4285601079463959,0
/media/D1/ait_users/staff122/deepfake_project/outputs_deepfake_project/dfdc_subset_77_jpg/test/fake/fake_000876.jpg,1.0,0.717903733253479,1
/media/D1/ait_users/staff122/deepfake_project/outputs_deepfake_project/dfdc_subset_77_jpg/test/fake/fake_000877.jpg,1.0,0.9949653744697571,1
/media/D1/ait_users/staff122/deepfake_project/outputs_deepfake_project/dfdc_subset_77_jpg/test/fake/fake_000878.jpg,1.0,0.9726616740226746,1
/media/D1/ait_users/staff122/deepfake_project/outputs_deepfake_project/dfdc_subset_77_jpg/test/fake/fake_000879.jpg,1.0,0.9867368340492249,1
/media/D1/ait_users/staff122/deepfake_project/outputs_deepfake_project/dfdc_subset_77_jpg/test/fake/fake_000880.jpg,1.0,0.329698383808136,0
/media/D1/ait_users/staff122/deepfake_project/outputs_deepfake_project/dfdc_subset_77_jpg/test/fake/fake_000881.jpg,1.0,0.226742222905159,0
/media/D1/ait_users/staff122/deepfake_project/outputs_deepfake_project/dfdc_subset_77_jpg/test/fake/fake_000882.jpg,1.0,0.9349463582038879,1
/media/D1/ait_users/staff122/deepfake_project/outputs_deepfake_project/dfdc_subset_77_jpg/test/fake/fake_000883.jpg,1.0,0.1023024320602417,0
/media/D1/ait_users/staff122/deepfake_project/outputs_deepfake_project/dfdc_subset_77_jpg/test/fake/fake_000884.jpg,1.0,0.08380429446697235,0
/media/D1/ait_users/staff122/deepfake_project/outputs_deepfake_project/dfdc_subset_77_jpg/test/fake/fake_000885.jpg,1.0,0.013466887176036835,0
/media/D1/ait_users/staff122/deepfake_project/outputs_deepfake_project/dfdc_subset_77_jpg/test/fake/fake_000886.jpg,1.0,0.9888308644294739,1
/media/D1/ait_users/staff122/deepfake_project/outputs_deepfake_project/dfdc_subset_77_jpg/test/fake/fake_000887.jpg,1.0,0.9929426908493042,1
/media/D1/ait_users/staff122/deepfake_project/outputs_deepfake_project/dfdc_subset_77_jpg/test/fake/fake_000888.jpg,1.0,0.2706089913845062,0
/media/D1/ait_users/staff122/deepfake_project/outputs_deepfake_project/dfdc_subset_77_jpg/test/fake/fake_000889.jpg,1.0,0.9996968507766724,1
/media/D1/ait_users/staff122/deepfake_project/outputs_deepfake_project/dfdc_subset_77_jpg/test/fake/fake_000890.jpg,1.0,0.2856377959251404,0
/media/D1/ait_users/staff122/deepfake_project/outputs_deepfake_project/dfdc_subset_77_jpg/test/fake/fake_000891.jpg,1.0,0.040470853447914124,0
/media/D1/ait_users/staff122/deepfake_project/outputs_deepfake_project/dfdc_subset_77_jpg/test/fake/fake_000892.jpg,1.0,0.9953939914703369,1
/media/D1/ait_users/staff122/deepfake_project/outputs_deepfake_project/dfdc_subset_77_jpg/test/fake/fake_000893.jpg,1.0,0.3640194833278656,0
/media/D1/ait_users/staff122/deepfake_project/outputs_deepfake_project/dfdc_subset_77_jpg/test/fake/fake_000894.jpg,1.0,0.1481664627790451,0
/media/D1/ait_users/staff122/deepfake_project/outputs_deepfake_project/dfdc_subset_77_jpg/test/fake/fake_000895.jpg,1.0,0.9962770342826843,1
/media/D1/ait_users/staff122/deepfake_project/outputs_deepfake_project/dfdc_subset_77_jpg/test/fake/fake_000896.jpg,1.0,0.9152481555938721,1
/media/D1/ait_users/staff122/deepfake_project/outputs_deepfake_project/dfdc_subset_77_jpg/test/fake/fake_000897.jpg,1.0,0.32031717896461487,0
/media/D1/ait_users/staff122/deepfake_project/outputs_deepfake_project/dfdc_subset_77_jpg/test/fake/fake_000898.jpg,1.0,0.9505789279937744,1
/media/D1/ait_users/staff122/deepfake_project/outputs_deepfake_project/dfdc_subset_77_jpg/test/fake/fake_000899.jpg,1.0,0.009297824464738369,0
/media/D1/ait_users/staff122/deepfake_project/outputs_deepfake_project/dfdc_subset_77_jpg/test/fake/fake_000900.jpg,1.0,0.9976836442947388,1
/media/D1/ait_users/staff122/deepfake_project/outputs_deepfake_project/dfdc_subset_77_jpg/test/fake/fake_000901.jpg,1.0,0.9859356880187988,1
/media/D1/ait_users/staff122/deepfake_project/outputs_deepfake_project/dfdc_subset_77_jpg/test/fake/fake_000902.jpg,1.0,0.1241924837231636,0
/media/D1/ait_users/staff122/deepfake_project/outputs_deepfake_project/dfdc_subset_77_jpg/test/fake/fake_000903.jpg,1.0,0.02233794517815113,0
/media/D1/ait_users/staff122/deepfake_project/outputs_deepfake_project/dfdc_subset_77_jpg/test/fake/fake_000904.jpg,1.0,0.999980092048645,1
/media/D1/ait_users/staff122/deepfake_project/outputs_deepfake_project/dfdc_subset_77_jpg/test/fake/fake_000905.jpg,1.0,0.9770210385322571,1
/media/D1/ait_users/staff122/deepfake_project/outputs_deepfake_project/dfdc_subset_77_jpg/test/fake/fake_000906.jpg,1.0,0.39916008710861206,0
/media/D1/ait_users/staff122/deepfake_project/outputs_deepfake_project/dfdc_subset_77_jpg/test/fake/fake_000907.jpg,1.0,0.7490396499633789,1
/media/D1/ait_users/staff122/deepfake_project/outputs_deepfake_project/dfdc_subset_77_jpg/test/fake/fake_000908.jpg,1.0,0.9932551383972168,1
/media/D1/ait_users/staff122/deepfake_project/outputs_deepfake_project/dfdc_subset_77_jpg/test/fake/fake_000909.jpg,1.0,0.9465882182121277,1
/media/D1/ait_users/staff122/deepfake_project/outputs_deepfake_project/dfdc_subset_77_jpg/test/fake/fake_000910.jpg,1.0,0.27216464281082153,0
/media/D1/ait_users/staff122/deepfake_project/outputs_deepfake_project/dfdc_subset_77_jpg/test/fake/fake_000911.jpg,1.0,0.999992847442627,1
/media/D1/ait_users/staff122/deepfake_project/outputs_deepfake_project/dfdc_subset_77_jpg/test/fake/fake_000912.jpg,1.0,0.999879002571106,1
/media/D1/ait_users/staff122/deepfake_project/outputs_deepfake_project/dfdc_subset_77_jpg/test/fake/fake_000913.jpg,1.0,0.9936248064041138,1
/media/D1/ait_users/staff122/deepfake_project/outputs_deepfake_project/dfdc_subset_77_jpg/test/fake/fake_000914.jpg,1.0,0.008166913874447346,0
/media/D1/ait_users/staff122/deepfake_project/outputs_deepfake_project/dfdc_subset_77_jpg/test/fake/fake_000915.jpg,1.0,0.018291419371962547,0
/media/D1/ait_users/staff122/deepfake_project/outputs_deepfake_project/dfdc_subset_77_jpg/test/fake/fake_000916.jpg,1.0,0.9204778075218201,1
/media/D1/ait_users/staff122/deepfake_project/outputs_deepfake_project/dfdc_subset_77_jpg/test/fake/fake_000917.jpg,1.0,0.9998629093170166,1
/media/D1/ait_users/staff122/deepfake_project/outputs_deepfake_project/dfdc_subset_77_jpg/test/fake/fake_000918.jpg,1.0,0.9995501637458801,1
/media/D1/ait_users/staff122/deepfake_project/outputs_deepfake_project/dfdc_subset_77_jpg/test/fake/fake_000919.jpg,1.0,0.0004107972199562937,0
/media/D1/ait_users/staff122/deepfake_project/outputs_deepfake_project/dfdc_subset_77_jpg/test/fake/fake_000920.jpg,1.0,0.9999798536300659,1
/media/D1/ait_users/staff122/deepfake_project/outputs_deepfake_project/dfdc_subset_77_jpg/test/fake/fake_000921.jpg,1.0,0.9999909400939941,1
/media/D1/ait_users/staff122/deepfake_project/outputs_deepfake_project/dfdc_subset_77_jpg/test/fake/fake_000922.jpg,1.0,0.6086912751197815,1
/media/D1/ait_users/staff122/deepfake_project/outputs_deepfake_project/dfdc_subset_77_jpg/test/fake/fake_000923.jpg,1.0,0.9993175268173218,1
/media/D1/ait_users/staff122/deepfake_project/outputs_deepfake_project/dfdc_subset_77_jpg/test/fake/fake_000924.jpg,1.0,0.7656724452972412,1
/media/D1/ait_users/staff122/deepfake_project/outputs_deepfake_project/dfdc_subset_77_jpg/test/fake/fake_000925.jpg,1.0,0.01409278716892004,0
/media/D1/ait_users/staff122/deepfake_project/outputs_deepfake_project/dfdc_subset_77_jpg/test/fake/fake_000926.jpg,1.0,0.16481995582580566,0
/media/D1/ait_users/staff122/deepfake_project/outputs_deepfake_project/dfdc_subset_77_jpg/test/fake/fake_000927.jpg,1.0,0.0002699144824873656,0
/media/D1/ait_users/staff122/deepfake_project/outputs_deepfake_project/dfdc_subset_77_jpg/test/fake/fake_000928.jpg,1.0,0.8928659558296204,1
/media/D1/ait_users/staff122/deepfake_project/outputs_deepfake_project/dfdc_subset_77_jpg/test/fake/fake_000929.jpg,1.0,0.9798015356063843,1
/media/D1/ait_users/staff122/deepfake_project/outputs_deepfake_project/dfdc_subset_77_jpg/test/fake/fake_000930.jpg,1.0,0.2556476593017578,0
/media/D1/ait_users/staff122/deepfake_project/outputs_deepfake_project/dfdc_subset_77_jpg/test/fake/fake_000931.jpg,1.0,0.9126153588294983,1
/media/D1/ait_users/staff122/deepfake_project/outputs_deepfake_project/dfdc_subset_77_jpg/test/fake/fake_000932.jpg,1.0,0.7141233682632446,1
/media/D1/ait_users/staff122/deepfake_project/outputs_deepfake_project/dfdc_subset_77_jpg/test/fake/fake_000933.jpg,1.0,0.8148416876792908,1
/media/D1/ait_users/staff122/deepfake_project/outputs_deepfake_project/dfdc_subset_77_jpg/test/fake/fake_000934.jpg,1.0,0.9499036073684692,1
/media/D1/ait_users/staff122/deepfake_project/outputs_deepfake_project/dfdc_subset_77_jpg/test/fake/fake_000935.jpg,1.0,0.8905236124992371,1
/media/D1/ait_users/staff122/deepfake_project/outputs_deepfake_project/dfdc_subset_77_jpg/test/fake/fake_000936.jpg,1.0,0.7318598628044128,1
/media/D1/ait_users/staff122/deepfake_project/outputs_deepfake_project/dfdc_subset_77_jpg/test/fake/fake_000937.jpg,1.0,0.9481428861618042,1
/media/D1/ait_users/staff122/deepfake_project/outputs_deepfake_project/dfdc_subset_77_jpg/test/fake/fake_000938.jpg,1.0,0.6879204511642456,1
/media/D1/ait_users/staff122/deepfake_project/outputs_deepfake_project/dfdc_subset_77_jpg/test/fake/fake_000939.jpg,1.0,0.3363209366798401,0
/media/D1/ait_users/staff122/deepfake_project/outputs_deepfake_project/dfdc_subset_77_jpg/test/fake/fake_000940.jpg,1.0,0.9996933937072754,1
/media/D1/ait_users/staff122/deepfake_project/outputs_deepfake_project/dfdc_subset_77_jpg/test/fake/fake_000941.jpg,1.0,0.8867676258087158,1
/media/D1/ait_users/staff122/deepfake_project/outputs_deepfake_project/dfdc_subset_77_jpg/test/fake/fake_000942.jpg,1.0,0.7864506244659424,1
/media/D1/ait_users/staff122/deepfake_project/outputs_deepfake_project/dfdc_subset_77_jpg/test/fake/fake_000943.jpg,1.0,0.40036991238594055,0
/media/D1/ait_users/staff122/deepfake_project/outputs_deepfake_project/dfdc_subset_77_jpg/test/fake/fake_000944.jpg,1.0,0.9930936098098755,1
/media/D1/ait_users/staff122/deepfake_project/outputs_deepfake_project/dfdc_subset_77_jpg/test/fake/fake_000945.jpg,1.0,0.9971081614494324,1
/media/D1/ait_users/staff122/deepfake_project/outputs_deepfake_project/dfdc_subset_77_jpg/test/fake/fake_000946.jpg,1.0,0.9999762773513794,1
/media/D1/ait_users/staff122/deepfake_project/outputs_deepfake_project/dfdc_subset_77_jpg/test/fake/fake_000947.jpg,1.0,0.9986228942871094,1
/media/D1/ait_users/staff122/deepfake_project/outputs_deepfake_project/dfdc_subset_77_jpg/test/fake/fake_000948.jpg,1.0,0.9928269982337952,1
/media/D1/ait_users/staff122/deepfake_project/outputs_deepfake_project/dfdc_subset_77_jpg/test/fake/fake_000949.jpg,1.0,0.9947007894515991,1
/media/D1/ait_users/staff122/deepfake_project/outputs_deepfake_project/dfdc_subset_77_jpg/test/fake/fake_000950.jpg,1.0,0.9921445250511169,1
/media/D1/ait_users/staff122/deepfake_project/outputs_deepfake_project/dfdc_subset_77_jpg/test/fake/fake_000951.jpg,1.0,0.9952087998390198,1
/media/D1/ait_users/staff122/deepfake_project/outputs_deepfake_project/dfdc_subset_77_jpg/test/fake/fake_000952.jpg,1.0,0.9919394850730896,1
/media/D1/ait_users/staff122/deepfake_project/outputs_deepfake_project/dfdc_subset_77_jpg/test/fake/fake_000953.jpg,1.0,0.9976413249969482,1
/media/D1/ait_users/staff122/deepfake_project/outputs_deepfake_project/dfdc_subset_77_jpg/test/fake/fake_000954.jpg,1.0,0.9180296659469604,1
/media/D1/ait_users/staff122/deepfake_project/outputs_deepfake_project/dfdc_subset_77_jpg/test/fake/fake_000955.jpg,1.0,0.9972328543663025,1
/media/D1/ait_users/staff122/deepfake_project/outputs_deepfake_project/dfdc_subset_77_jpg/test/fake/fake_000956.jpg,1.0,0.9879714846611023,1
/media/D1/ait_users/staff122/deepfake_project/outputs_deepfake_project/dfdc_subset_77_jpg/test/fake/fake_000957.jpg,1.0,0.9896160364151001,1
/media/D1/ait_users/staff122/deepfake_project/outputs_deepfake_project/dfdc_subset_77_jpg/test/fake/fake_000958.jpg,1.0,0.9998443126678467,1
/media/D1/ait_users/staff122/deepfake_project/outputs_deepfake_project/dfdc_subset_77_jpg/test/fake/fake_000959.jpg,1.0,0.9991493225097656,1
/media/D1/ait_users/staff122/deepfake_project/outputs_deepfake_project/dfdc_subset_77_jpg/test/fake/fake_000960.jpg,1.0,0.0002224693598691374,0
/media/D1/ait_users/staff122/deepfake_project/outputs_deepfake_project/dfdc_subset_77_jpg/test/fake/fake_000961.jpg,1.0,0.00019035486911889166,0
/media/D1/ait_users/staff122/deepfake_project/outputs_deepfake_project/dfdc_subset_77_jpg/test/fake/fake_000962.jpg,1.0,0.0024651214480400085,0
/media/D1/ait_users/staff122/deepfake_project/outputs_deepfake_project/dfdc_subset_77_jpg/test/fake/fake_000963.jpg,1.0,0.0007640997646376491,0
/media/D1/ait_users/staff122/deepfake_project/outputs_deepfake_project/dfdc_subset_77_jpg/test/fake/fake_000964.jpg,1.0,0.001273664296604693,0
/media/D1/ait_users/staff122/deepfake_project/outputs_deepfake_project/dfdc_subset_77_jpg/test/fake/fake_000965.jpg,1.0,0.00022771500516682863,0
/media/D1/ait_users/staff122/deepfake_project/outputs_deepfake_project/dfdc_subset_77_jpg/test/fake/fake_000966.jpg,1.0,0.0009905805345624685,0
/media/D1/ait_users/staff122/deepfake_project/outputs_deepfake_project/dfdc_subset_77_jpg/test/fake/fake_000967.jpg,1.0,0.00017594844393897802,0
/media/D1/ait_users/staff122/deepfake_project/outputs_deepfake_project/dfdc_subset_77_jpg/test/fake/fake_000968.jpg,1.0,0.000695008144248277,0
/media/D1/ait_users/staff122/deepfake_project/outputs_deepfake_project/dfdc_subset_77_jpg/test/fake/fake_000969.jpg,1.0,0.00970430113375187,0
/media/D1/ait_users/staff122/deepfake_project/outputs_deepfake_project/dfdc_subset_77_jpg/test/fake/fake_000970.jpg,1.0,0.0003110473044216633,0
/media/D1/ait_users/staff122/deepfake_project/outputs_deepfake_project/dfdc_subset_77_jpg/test/fake/fake_000971.jpg,1.0,0.001962012378498912,0
/media/D1/ait_users/staff122/deepfake_project/outputs_deepfake_project/dfdc_subset_77_jpg/test/fake/fake_000972.jpg,1.0,0.00220144703052938,0
/media/D1/ait_users/staff122/deepfake_project/outputs_deepfake_project/dfdc_subset_77_jpg/test/fake/fake_000973.jpg,1.0,0.0015701446682214737,0
/media/D1/ait_users/staff122/deepfake_project/outputs_deepfake_project/dfdc_subset_77_jpg/test/fake/fake_000974.jpg,1.0,0.05825453996658325,0
/media/D1/ait_users/staff122/deepfake_project/outputs_deepfake_project/dfdc_subset_77_jpg/test/fake/fake_000975.jpg,1.0,0.000754993932787329,0
/media/D1/ait_users/staff122/deepfake_project/outputs_deepfake_project/dfdc_subset_77_jpg/test/fake/fake_000976.jpg,1.0,0.007871432229876518,0
/media/D1/ait_users/staff122/deepfake_project/outputs_deepfake_project/dfdc_subset_77_jpg/test/fake/fake_000977.jpg,1.0,0.006531611550599337,0
/media/D1/ait_users/staff122/deepfake_project/outputs_deepfake_project/dfdc_subset_77_jpg/test/fake/fake_000978.jpg,1.0,0.08820789307355881,0
/media/D1/ait_users/staff122/deepfake_project/outputs_deepfake_project/dfdc_subset_77_jpg/test/fake/fake_000979.jpg,1.0,0.007557570468634367,0
/media/D1/ait_users/staff122/deepfake_project/outputs_deepfake_project/dfdc_subset_77_jpg/test/fake/fake_000980.jpg,1.0,0.0014321887865662575,0
/media/D1/ait_users/staff122/deepfake_project/outputs_deepfake_project/dfdc_subset_77_jpg/test/fake/fake_000981.jpg,1.0,0.0005714314174838364,0
/media/D1/ait_users/staff122/deepfake_project/outputs_deepfake_project/dfdc_subset_77_jpg/test/fake/fake_000982.jpg,1.0,0.3599356710910797,0
/media/D1/ait_users/staff122/deepfake_project/outputs_deepfake_project/dfdc_subset_77_jpg/test/fake/fake_000983.jpg,1.0,0.0016492726281285286,0
/media/D1/ait_users/staff122/deepfake_project/outputs_deepfake_project/dfdc_subset_77_jpg/test/fake/fake_000984.jpg,1.0,0.18554627895355225,0
/media/D1/ait_users/staff122/deepfake_project/outputs_deepfake_project/dfdc_subset_77_jpg/test/fake/fake_000985.jpg,1.0,0.000895517528988421,0
/media/D1/ait_users/staff122/deepfake_project/outputs_deepfake_project/dfdc_subset_77_jpg/test/fake/fake_000986.jpg,1.0,0.0002422178367851302,0
/media/D1/ait_users/staff122/deepfake_project/outputs_deepfake_project/dfdc_subset_77_jpg/test/fake/fake_000987.jpg,1.0,0.0003188982082065195,0
/media/D1/ait_users/staff122/deepfake_project/outputs_deepfake_project/dfdc_subset_77_jpg/test/fake/fake_000988.jpg,1.0,0.00014181538426782936,0
/media/D1/ait_users/staff122/deepfake_project/outputs_deepfake_project/dfdc_subset_77_jpg/test/fake/fake_000989.jpg,1.0,0.00012718970538116992,0
/media/D1/ait_users/staff122/deepfake_project/outputs_deepfake_project/dfdc_subset_77_jpg/test/fake/fake_000990.jpg,1.0,0.00013325701002031565,0
/media/D1/ait_users/staff122/deepfake_project/outputs_deepfake_project/dfdc_subset_77_jpg/test/fake/fake_000991.jpg,1.0,6.496995774796233e-05,0
/media/D1/ait_users/staff122/deepfake_project/outputs_deepfake_project/dfdc_subset_77_jpg/test/fake/fake_000992.jpg,1.0,0.6874241232872009,1
/media/D1/ait_users/staff122/deepfake_project/outputs_deepfake_project/dfdc_subset_77_jpg/test/fake/fake_000993.jpg,1.0,0.9780089855194092,1
/media/D1/ait_users/staff122/deepfake_project/outputs_deepfake_project/dfdc_subset_77_jpg/test/fake/fake_000994.jpg,1.0,0.9662285447120667,1
/media/D1/ait_users/staff122/deepfake_project/outputs_deepfake_project/dfdc_subset_77_jpg/test/fake/fake_000995.jpg,1.0,0.8889914751052856,1
/media/D1/ait_users/staff122/deepfake_project/outputs_deepfake_project/dfdc_subset_77_jpg/test/fake/fake_000996.jpg,1.0,0.968929648399353,1
/media/D1/ait_users/staff122/deepfake_project/outputs_deepfake_project/dfdc_subset_77_jpg/test/fake/fake_000997.jpg,1.0,0.4725513160228729,0
/media/D1/ait_users/staff122/deepfake_project/outputs_deepfake_project/dfdc_subset_77_jpg/test/fake/fake_000998.jpg,1.0,0.14813628792762756,0
/media/D1/ait_users/staff122/deepfake_project/outputs_deepfake_project/dfdc_subset_77_jpg/test/fake/fake_000999.jpg,1.0,0.20862750709056854,0
/media/D1/ait_users/staff122/deepfake_project/outputs_deepfake_project/dfdc_subset_77_jpg/test/fake/fake_001000.jpg,1.0,0.22303567826747894,0
/media/D1/ait_users/staff122/deepfake_project/outputs_deepfake_project/dfdc_subset_77_jpg/test/fake/fake_001001.jpg,1.0,0.979292094707489,1
/media/D1/ait_users/staff122/deepfake_project/outputs_deepfake_project/dfdc_subset_77_jpg/test/fake/fake_001002.jpg,1.0,0.9212193489074707,1
/media/D1/ait_users/staff122/deepfake_project/outputs_deepfake_project/dfdc_subset_77_jpg/test/fake/fake_001003.jpg,1.0,0.999962568283081,1
/media/D1/ait_users/staff122/deepfake_project/outputs_deepfake_project/dfdc_subset_77_jpg/test/fake/fake_001004.jpg,1.0,0.7364125847816467,1
/media/D1/ait_users/staff122/deepfake_project/outputs_deepfake_project/dfdc_subset_77_jpg/test/fake/fake_001005.jpg,1.0,0.1329631805419922,0
/media/D1/ait_users/staff122/deepfake_project/outputs_deepfake_project/dfdc_subset_77_jpg/test/fake/fake_001006.jpg,1.0,0.16355377435684204,0
/media/D1/ait_users/staff122/deepfake_project/outputs_deepfake_project/dfdc_subset_77_jpg/test/fake/fake_001007.jpg,1.0,0.03547514230012894,0
/media/D1/ait_users/staff122/deepfake_project/outputs_deepfake_project/dfdc_subset_77_jpg/test/fake/fake_001008.jpg,1.0,0.8281756639480591,1
/media/D1/ait_users/staff122/deepfake_project/outputs_deepfake_project/dfdc_subset_77_jpg/test/fake/fake_001009.jpg,1.0,0.8321428894996643,1
/media/D1/ait_users/staff122/deepfake_project/outputs_deepfake_project/dfdc_subset_77_jpg/test/fake/fake_001010.jpg,1.0,0.9314685463905334,1
/media/D1/ait_users/staff122/deepfake_project/outputs_deepfake_project/dfdc_subset_77_jpg/test/fake/fake_001011.jpg,1.0,0.9990938901901245,1
/media/D1/ait_users/staff122/deepfake_project/outputs_deepfake_project/dfdc_subset_77_jpg/test/fake/fake_001012.jpg,1.0,0.9061048626899719,1
/media/D1/ait_users/staff122/deepfake_project/outputs_deepfake_project/dfdc_subset_77_jpg/test/fake/fake_001013.jpg,1.0,0.9968433380126953,1
/media/D1/ait_users/staff122/deepfake_project/outputs_deepfake_project/dfdc_subset_77_jpg/test/fake/fake_001014.jpg,1.0,0.8333516716957092,1
/media/D1/ait_users/staff122/deepfake_project/outputs_deepfake_project/dfdc_subset_77_jpg/test/fake/fake_001015.jpg,1.0,0.997225284576416,1
/media/D1/ait_users/staff122/deepfake_project/outputs_deepfake_project/dfdc_subset_77_jpg/test/fake/fake_001016.jpg,1.0,0.9946905970573425,1
/media/D1/ait_users/staff122/deepfake_project/outputs_deepfake_project/dfdc_subset_77_jpg/test/fake/fake_001017.jpg,1.0,0.8501752614974976,1
/media/D1/ait_users/staff122/deepfake_project/outputs_deepfake_project/dfdc_subset_77_jpg/test/fake/fake_001018.jpg,1.0,0.8966720104217529,1
/media/D1/ait_users/staff122/deepfake_project/outputs_deepfake_project/dfdc_subset_77_jpg/test/fake/fake_001019.jpg,1.0,0.9999945163726807,1
/media/D1/ait_users/staff122/deepfake_project/outputs_deepfake_project/dfdc_subset_77_jpg/test/fake/fake_001020.jpg,1.0,0.9909613728523254,1
/media/D1/ait_users/staff122/deepfake_project/outputs_deepfake_project/dfdc_subset_77_jpg/test/fake/fake_001021.jpg,1.0,0.999147891998291,1
/media/D1/ait_users/staff122/deepfake_project/outputs_deepfake_project/dfdc_subset_77_jpg/test/fake/fake_001022.jpg,1.0,0.5993959307670593,1
/media/D1/ait_users/staff122/deepfake_project/outputs_deepfake_project/dfdc_subset_77_jpg/test/fake/fake_001023.jpg,1.0,0.7055621147155762,1
/media/D1/ait_users/staff122/deepfake_project/outputs_deepfake_project/dfdc_subset_77_jpg/test/fake/fake_001024.jpg,1.0,0.9999997615814209,1
/media/D1/ait_users/staff122/deepfake_project/outputs_deepfake_project/dfdc_subset_77_jpg/test/fake/fake_001025.jpg,1.0,0.9999996423721313,1
/media/D1/ait_users/staff122/deepfake_project/outputs_deepfake_project/dfdc_subset_77_jpg/test/fake/fake_001026.jpg,1.0,1.0,1
/media/D1/ait_users/staff122/deepfake_project/outputs_deepfake_project/dfdc_subset_77_jpg/test/fake/fake_001027.jpg,1.0,0.9999990463256836,1
/media/D1/ait_users/staff122/deepfake_project/outputs_deepfake_project/dfdc_subset_77_jpg/test/fake/fake_001028.jpg,1.0,0.9999998807907104,1
/media/D1/ait_users/staff122/deepfake_project/outputs_deepfake_project/dfdc_subset_77_jpg/test/fake/fake_001029.jpg,1.0,0.9999998807907104,1
/media/D1/ait_users/staff122/deepfake_project/outputs_deepfake_project/dfdc_subset_77_jpg/test/fake/fake_001030.jpg,1.0,0.9999997615814209,1
/media/D1/ait_users/staff122/deepfake_project/outputs_deepfake_project/dfdc_subset_77_jpg/test/fake/fake_001031.jpg,1.0,0.9999994039535522,1
/media/D1/ait_users/staff122/deepfake_project/outputs_deepfake_project/dfdc_subset_77_jpg/test/fake/fake_001032.jpg,1.0,0.9999912977218628,1
/media/D1/ait_users/staff122/deepfake_project/outputs_deepfake_project/dfdc_subset_77_jpg/test/fake/fake_001033.jpg,1.0,0.9999992847442627,1
/media/D1/ait_users/staff122/deepfake_project/outputs_deepfake_project/dfdc_subset_77_jpg/test/fake/fake_001034.jpg,1.0,0.9999994039535522,1
/media/D1/ait_users/staff122/deepfake_project/outputs_deepfake_project/dfdc_subset_77_jpg/test/fake/fake_001035.jpg,1.0,0.9999998807907104,1
/media/D1/ait_users/staff122/deepfake_project/outputs_deepfake_project/dfdc_subset_77_jpg/test/fake/fake_001036.jpg,1.0,0.9999991655349731,1
/media/D1/ait_users/staff122/deepfake_project/outputs_deepfake_project/dfdc_subset_77_jpg/test/fake/fake_001037.jpg,1.0,0.9999991655349731,1
/media/D1/ait_users/staff122/deepfake_project/outputs_deepfake_project/dfdc_subset_77_jpg/test/fake/fake_001038.jpg,1.0,0.9999998807907104,1
/media/D1/ait_users/staff122/deepfake_project/outputs_deepfake_project/dfdc_subset_77_jpg/test/fake/fake_001039.jpg,1.0,0.9999997615814209,1
/media/D1/ait_users/staff122/deepfake_project/outputs_deepfake_project/dfdc_subset_77_jpg/test/fake/fake_001040.jpg,1.0,1.0,1
/media/D1/ait_users/staff122/deepfake_project/outputs_deepfake_project/dfdc_subset_77_jpg/test/fake/fake_001041.jpg,1.0,1.0,1
/media/D1/ait_users/staff122/deepfake_project/outputs_deepfake_project/dfdc_subset_77_jpg/test/fake/fake_001042.jpg,1.0,0.9999980926513672,1
/media/D1/ait_users/staff122/deepfake_project/outputs_deepfake_project/dfdc_subset_77_jpg/test/fake/fake_001043.jpg,1.0,0.9999992847442627,1
/media/D1/ait_users/staff122/deepfake_project/outputs_deepfake_project/dfdc_subset_77_jpg/test/fake/fake_001044.jpg,1.0,0.9999996423721313,1
/media/D1/ait_users/staff122/deepfake_project/outputs_deepfake_project/dfdc_subset_77_jpg/test/fake/fake_001045.jpg,1.0,0.9999996423721313,1
/media/D1/ait_users/staff122/deepfake_project/outputs_deepfake_project/dfdc_subset_77_jpg/test/fake/fake_001046.jpg,1.0,0.9999995231628418,1
/media/D1/ait_users/staff122/deepfake_project/outputs_deepfake_project/dfdc_subset_77_jpg/test/fake/fake_001047.jpg,1.0,0.9999998807907104,1
/media/D1/ait_users/staff122/deepfake_project/outputs_deepfake_project/dfdc_subset_77_jpg/test/fake/fake_001048.jpg,1.0,0.9999998807907104,1
/media/D1/ait_users/staff122/deepfake_project/outputs_deepfake_project/dfdc_subset_77_jpg/test/fake/fake_001049.jpg,1.0,1.0,1
/media/D1/ait_users/staff122/deepfake_project/outputs_deepfake_project/dfdc_subset_77_jpg/test/fake/fake_001050.jpg,1.0,1.0,1
/media/D1/ait_users/staff122/deepfake_project/outputs_deepfake_project/dfdc_subset_77_jpg/test/fake/fake_001051.jpg,1.0,0.9999998807907104,1
/media/D1/ait_users/staff122/deepfake_project/outputs_deepfake_project/dfdc_subset_77_jpg/test/fake/fake_001052.jpg,1.0,0.9999997615814209,1
/media/D1/ait_users/staff122/deepfake_project/outputs_deepfake_project/dfdc_subset_77_jpg/test/fake/fake_001053.jpg,1.0,1.0,1
/media/D1/ait_users/staff122/deepfake_project/outputs_deepfake_project/dfdc_subset_77_jpg/test/fake/fake_001054.jpg,1.0,1.0,1
/media/D1/ait_users/staff122/deepfake_project/outputs_deepfake_project/dfdc_subset_77_jpg/test/fake/fake_001055.jpg,1.0,1.0,1
/media/D1/ait_users/staff122/deepfake_project/outputs_deepfake_project/dfdc_subset_77_jpg/test/fake/fake_001056.jpg,1.0,0.9999960660934448,1
/media/D1/ait_users/staff122/deepfake_project/outputs_deepfake_project/dfdc_subset_77_jpg/test/fake/fake_001057.jpg,1.0,0.999990701675415,1
/media/D1/ait_users/staff122/deepfake_project/outputs_deepfake_project/dfdc_subset_77_jpg/test/fake/fake_001058.jpg,1.0,0.9999973773956299,1
/media/D1/ait_users/staff122/deepfake_project/outputs_deepfake_project/dfdc_subset_77_jpg/test/fake/fake_001059.jpg,1.0,0.9999591112136841,1
/media/D1/ait_users/staff122/deepfake_project/outputs_deepfake_project/dfdc_subset_77_jpg/test/fake/fake_001060.jpg,1.0,0.9999998807907104,1
/media/D1/ait_users/staff122/deepfake_project/outputs_deepfake_project/dfdc_subset_77_jpg/test/fake/fake_001061.jpg,1.0,0.9999994039535522,1
/media/D1/ait_users/staff122/deepfake_project/outputs_deepfake_project/dfdc_subset_77_jpg/test/fake/fake_001062.jpg,1.0,0.9999996423721313,1
/media/D1/ait_users/staff122/deepfake_project/outputs_deepfake_project/dfdc_subset_77_jpg/test/fake/fake_001063.jpg,1.0,1.0,1
/media/D1/ait_users/staff122/deepfake_project/outputs_deepfake_project/dfdc_subset_77_jpg/test/fake/fake_001064.jpg,1.0,0.9999998807907104,1
/media/D1/ait_users/staff122/deepfake_project/outputs_deepfake_project/dfdc_subset_77_jpg/test/fake/fake_001065.jpg,1.0,0.9999839067459106,1
/media/D1/ait_users/staff122/deepfake_project/outputs_deepfake_project/dfdc_subset_77_jpg/test/fake/fake_001066.jpg,1.0,0.9993693232536316,1
/media/D1/ait_users/staff122/deepfake_project/outputs_deepfake_project/dfdc_subset_77_jpg/test/fake/fake_001067.jpg,1.0,0.9973896145820618,1
/media/D1/ait_users/staff122/deepfake_project/outputs_deepfake_project/dfdc_subset_77_jpg/test/fake/fake_001068.jpg,1.0,0.9997926354408264,1
/media/D1/ait_users/staff122/deepfake_project/outputs_deepfake_project/dfdc_subset_77_jpg/test/fake/fake_001069.jpg,1.0,0.9999772310256958,1
/media/D1/ait_users/staff122/deepfake_project/outputs_deepfake_project/dfdc_subset_77_jpg/test/fake/fake_001070.jpg,1.0,0.999570906162262,1
/media/D1/ait_users/staff122/deepfake_project/outputs_deepfake_project/dfdc_subset_77_jpg/test/fake/fake_001071.jpg,1.0,0.999985933303833,1
/media/D1/ait_users/staff122/deepfake_project/outputs_deepfake_project/dfdc_subset_77_jpg/test/fake/fake_001072.jpg,1.0,0.9999998807907104,1
/media/D1/ait_users/staff122/deepfake_project/outputs_deepfake_project/dfdc_subset_77_jpg/test/fake/fake_001073.jpg,1.0,0.7015312910079956,1
/media/D1/ait_users/staff122/deepfake_project/outputs_deepfake_project/dfdc_subset_77_jpg/test/fake/fake_001074.jpg,1.0,0.9998148083686829,1
/media/D1/ait_users/staff122/deepfake_project/outputs_deepfake_project/dfdc_subset_77_jpg/test/fake/fake_001075.jpg,1.0,0.9187933206558228,1
/media/D1/ait_users/staff122/deepfake_project/outputs_deepfake_project/dfdc_subset_77_jpg/test/fake/fake_001076.jpg,1.0,0.9999977350234985,1
/media/D1/ait_users/staff122/deepfake_project/outputs_deepfake_project/dfdc_subset_77_jpg/test/fake/fake_001077.jpg,1.0,0.9999793767929077,1
/media/D1/ait_users/staff122/deepfake_project/outputs_deepfake_project/dfdc_subset_77_jpg/test/fake/fake_001078.jpg,1.0,0.9693554043769836,1
/media/D1/ait_users/staff122/deepfake_project/outputs_deepfake_project/dfdc_subset_77_jpg/test/fake/fake_001079.jpg,1.0,0.8148565888404846,1
/media/D1/ait_users/staff122/deepfake_project/outputs_deepfake_project/dfdc_subset_77_jpg/test/fake/fake_001080.jpg,1.0,0.9998542070388794,1
/media/D1/ait_users/staff122/deepfake_project/outputs_deepfake_project/dfdc_subset_77_jpg/test/fake/fake_001081.jpg,1.0,0.9067829251289368,1
/media/D1/ait_users/staff122/deepfake_project/outputs_deepfake_project/dfdc_subset_77_jpg/test/fake/fake_001082.jpg,1.0,0.9998049139976501,1
/media/D1/ait_users/staff122/deepfake_project/outputs_deepfake_project/dfdc_subset_77_jpg/test/fake/fake_001083.jpg,1.0,0.9957324862480164,1
/media/D1/ait_users/staff122/deepfake_project/outputs_deepfake_project/dfdc_subset_77_jpg/test/fake/fake_001084.jpg,1.0,0.9989922642707825,1
/media/D1/ait_users/staff122/deepfake_project/outputs_deepfake_project/dfdc_subset_77_jpg/test/fake/fake_001085.jpg,1.0,0.9999535083770752,1
/media/D1/ait_users/staff122/deepfake_project/outputs_deepfake_project/dfdc_subset_77_jpg/test/fake/fake_001086.jpg,1.0,0.9998847246170044,1
/media/D1/ait_users/staff122/deepfake_project/outputs_deepfake_project/dfdc_subset_77_jpg/test/fake/fake_001087.jpg,1.0,0.9745518565177917,1
/media/D1/ait_users/staff122/deepfake_project/outputs_deepfake_project/dfdc_subset_77_jpg/test/fake/fake_001088.jpg,1.0,0.06964091211557388,0
/media/D1/ait_users/staff122/deepfake_project/outputs_deepfake_project/dfdc_subset_77_jpg/test/fake/fake_001089.jpg,1.0,0.014066734351217747,0
/media/D1/ait_users/staff122/deepfake_project/outputs_deepfake_project/dfdc_subset_77_jpg/test/fake/fake_001090.jpg,1.0,0.03190682455897331,0
/media/D1/ait_users/staff122/deepfake_project/outputs_deepfake_project/dfdc_subset_77_jpg/test/fake/fake_001091.jpg,1.0,0.7153666019439697,1
/media/D1/ait_users/staff122/deepfake_project/outputs_deepfake_project/dfdc_subset_77_jpg/test/fake/fake_001092.jpg,1.0,0.10967402160167694,0
/media/D1/ait_users/staff122/deepfake_project/outputs_deepfake_project/dfdc_subset_77_jpg/test/fake/fake_001093.jpg,1.0,0.0011732627172023058,0
/media/D1/ait_users/staff122/deepfake_project/outputs_deepfake_project/dfdc_subset_77_jpg/test/fake/fake_001094.jpg,1.0,0.9999991655349731,1
/media/D1/ait_users/staff122/deepfake_project/outputs_deepfake_project/dfdc_subset_77_jpg/test/fake/fake_001095.jpg,1.0,0.9999983310699463,1
/media/D1/ait_users/staff122/deepfake_project/outputs_deepfake_project/dfdc_subset_77_jpg/test/fake/fake_001096.jpg,1.0,0.9999927282333374,1
/media/D1/ait_users/staff122/deepfake_project/outputs_deepfake_project/dfdc_subset_77_jpg/test/fake/fake_001097.jpg,1.0,0.0010632179910317063,0
/media/D1/ait_users/staff122/deepfake_project/outputs_deepfake_project/dfdc_subset_77_jpg/test/fake/fake_001098.jpg,1.0,0.003827335312962532,0
/media/D1/ait_users/staff122/deepfake_project/outputs_deepfake_project/dfdc_subset_77_jpg/test/fake/fake_001099.jpg,1.0,0.0010183757403865457,0
/media/D1/ait_users/staff122/deepfake_project/outputs_deepfake_project/dfdc_subset_77_jpg/test/fake/fake_001100.jpg,1.0,0.007623983547091484,0
/media/D1/ait_users/staff122/deepfake_project/outputs_deepfake_project/dfdc_subset_77_jpg/test/fake/fake_001101.jpg,1.0,0.0010660173138603568,0
/media/D1/ait_users/staff122/deepfake_project/outputs_deepfake_project/dfdc_subset_77_jpg/test/fake/fake_001102.jpg,1.0,0.966665506362915,1
/media/D1/ait_users/staff122/deepfake_project/outputs_deepfake_project/dfdc_subset_77_jpg/test/fake/fake_001103.jpg,1.0,0.9199464321136475,1
/media/D1/ait_users/staff122/deepfake_project/outputs_deepfake_project/dfdc_subset_77_jpg/test/fake/fake_001104.jpg,1.0,0.3732840120792389,0
/media/D1/ait_users/staff122/deepfake_project/outputs_deepfake_project/dfdc_subset_77_jpg/test/fake/fake_001105.jpg,1.0,0.01578448712825775,0
/media/D1/ait_users/staff122/deepfake_project/outputs_deepfake_project/dfdc_subset_77_jpg/test/fake/fake_001106.jpg,1.0,0.11557753384113312,0
/media/D1/ait_users/staff122/deepfake_project/outputs_deepfake_project/dfdc_subset_77_jpg/test/fake/fake_001107.jpg,1.0,0.0749073177576065,0
/media/D1/ait_users/staff122/deepfake_project/outputs_deepfake_project/dfdc_subset_77_jpg/test/fake/fake_001108.jpg,1.0,0.29643699526786804,0
/media/D1/ait_users/staff122/deepfake_project/outputs_deepfake_project/dfdc_subset_77_jpg/test/fake/fake_001109.jpg,1.0,0.27290230989456177,0
/media/D1/ait_users/staff122/deepfake_project/outputs_deepfake_project/dfdc_subset_77_jpg/test/fake/fake_001110.jpg,1.0,0.4911908209323883,0
/media/D1/ait_users/staff122/deepfake_project/outputs_deepfake_project/dfdc_subset_77_jpg/test/fake/fake_001111.jpg,1.0,0.012602999806404114,0
/media/D1/ait_users/staff122/deepfake_project/outputs_deepfake_project/dfdc_subset_77_jpg/test/fake/fake_001112.jpg,1.0,0.09444894641637802,0
/media/D1/ait_users/staff122/deepfake_project/outputs_deepfake_project/dfdc_subset_77_jpg/test/fake/fake_001113.jpg,1.0,0.004490869585424662,0
/media/D1/ait_users/staff122/deepfake_project/outputs_deepfake_project/dfdc_subset_77_jpg/test/fake/fake_001114.jpg,1.0,0.9743819236755371,1
/media/D1/ait_users/staff122/deepfake_project/outputs_deepfake_project/dfdc_subset_77_jpg/test/fake/fake_001115.jpg,1.0,0.007058920804411173,0
/media/D1/ait_users/staff122/deepfake_project/outputs_deepfake_project/dfdc_subset_77_jpg/test/fake/fake_001116.jpg,1.0,0.008168300613760948,0
/media/D1/ait_users/staff122/deepfake_project/outputs_deepfake_project/dfdc_subset_77_jpg/test/fake/fake_001117.jpg,1.0,0.04418362304568291,0
/media/D1/ait_users/staff122/deepfake_project/outputs_deepfake_project/dfdc_subset_77_jpg/test/fake/fake_001118.jpg,1.0,0.9333706498146057,1
/media/D1/ait_users/staff122/deepfake_project/outputs_deepfake_project/dfdc_subset_77_jpg/test/fake/fake_001119.jpg,1.0,0.0009776586666703224,0
/media/D1/ait_users/staff122/deepfake_project/outputs_deepfake_project/dfdc_subset_77_jpg/test/fake/fake_001120.jpg,1.0,0.9985118508338928,1
/media/D1/ait_users/staff122/deepfake_project/outputs_deepfake_project/dfdc_subset_77_jpg/test/fake/fake_001121.jpg,1.0,0.9999949932098389,1
/media/D1/ait_users/staff122/deepfake_project/outputs_deepfake_project/dfdc_subset_77_jpg/test/fake/fake_001122.jpg,1.0,0.9802534580230713,1
/media/D1/ait_users/staff122/deepfake_project/outputs_deepfake_project/dfdc_subset_77_jpg/test/fake/fake_001123.jpg,1.0,0.9857662916183472,1
/media/D1/ait_users/staff122/deepfake_project/outputs_deepfake_project/dfdc_subset_77_jpg/test/fake/fake_001124.jpg,1.0,0.9992290735244751,1
/media/D1/ait_users/staff122/deepfake_project/outputs_deepfake_project/dfdc_subset_77_jpg/test/fake/fake_001125.jpg,1.0,0.9995774626731873,1
/media/D1/ait_users/staff122/deepfake_project/outputs_deepfake_project/dfdc_subset_77_jpg/test/fake/fake_001126.jpg,1.0,0.9999985694885254,1
/media/D1/ait_users/staff122/deepfake_project/outputs_deepfake_project/dfdc_subset_77_jpg/test/fake/fake_001127.jpg,1.0,0.9849370121955872,1
/media/D1/ait_users/staff122/deepfake_project/outputs_deepfake_project/dfdc_subset_77_jpg/test/fake/fake_001128.jpg,1.0,0.9999983310699463,1
/media/D1/ait_users/staff122/deepfake_project/outputs_deepfake_project/dfdc_subset_77_jpg/test/fake/fake_001129.jpg,1.0,0.999984860420227,1
/media/D1/ait_users/staff122/deepfake_project/outputs_deepfake_project/dfdc_subset_77_jpg/test/fake/fake_001130.jpg,1.0,0.9999707937240601,1
/media/D1/ait_users/staff122/deepfake_project/outputs_deepfake_project/dfdc_subset_77_jpg/test/fake/fake_001131.jpg,1.0,0.9999823570251465,1
/media/D1/ait_users/staff122/deepfake_project/outputs_deepfake_project/dfdc_subset_77_jpg/test/fake/fake_001132.jpg,1.0,0.9998732805252075,1
/media/D1/ait_users/staff122/deepfake_project/outputs_deepfake_project/dfdc_subset_77_jpg/test/fake/fake_001133.jpg,1.0,0.9998313188552856,1
/media/D1/ait_users/staff122/deepfake_project/outputs_deepfake_project/dfdc_subset_77_jpg/test/fake/fake_001134.jpg,1.0,0.9999997615814209,1
/media/D1/ait_users/staff122/deepfake_project/outputs_deepfake_project/dfdc_subset_77_jpg/test/fake/fake_001135.jpg,1.0,0.9999984502792358,1
/media/D1/ait_users/staff122/deepfake_project/outputs_deepfake_project/dfdc_subset_77_jpg/test/fake/fake_001136.jpg,1.0,0.9997724890708923,1
/media/D1/ait_users/staff122/deepfake_project/outputs_deepfake_project/dfdc_subset_77_jpg/test/fake/fake_001137.jpg,1.0,0.9880589842796326,1
/media/D1/ait_users/staff122/deepfake_project/outputs_deepfake_project/dfdc_subset_77_jpg/test/fake/fake_001138.jpg,1.0,0.9969179630279541,1
/media/D1/ait_users/staff122/deepfake_project/outputs_deepfake_project/dfdc_subset_77_jpg/test/fake/fake_001139.jpg,1.0,0.9999659061431885,1
/media/D1/ait_users/staff122/deepfake_project/outputs_deepfake_project/dfdc_subset_77_jpg/test/fake/fake_001140.jpg,1.0,0.9999680519104004,1
/media/D1/ait_users/staff122/deepfake_project/outputs_deepfake_project/dfdc_subset_77_jpg/test/fake/fake_001141.jpg,1.0,0.9806119799613953,1
/media/D1/ait_users/staff122/deepfake_project/outputs_deepfake_project/dfdc_subset_77_jpg/test/fake/fake_001142.jpg,1.0,0.9999896287918091,1
/media/D1/ait_users/staff122/deepfake_project/outputs_deepfake_project/dfdc_subset_77_jpg/test/fake/fake_001143.jpg,1.0,0.9999982118606567,1
/media/D1/ait_users/staff122/deepfake_project/outputs_deepfake_project/dfdc_subset_77_jpg/test/fake/fake_001144.jpg,1.0,0.9999997615814209,1
/media/D1/ait_users/staff122/deepfake_project/outputs_deepfake_project/dfdc_subset_77_jpg/test/fake/fake_001145.jpg,1.0,0.999431312084198,1
/media/D1/ait_users/staff122/deepfake_project/outputs_deepfake_project/dfdc_subset_77_jpg/test/fake/fake_001146.jpg,1.0,0.9999992847442627,1
/media/D1/ait_users/staff122/deepfake_project/outputs_deepfake_project/dfdc_subset_77_jpg/test/fake/fake_001147.jpg,1.0,0.9999998807907104,1
/media/D1/ait_users/staff122/deepfake_project/outputs_deepfake_project/dfdc_subset_77_jpg/test/fake/fake_001148.jpg,1.0,0.9999985694885254,1
/media/D1/ait_users/staff122/deepfake_project/outputs_deepfake_project/dfdc_subset_77_jpg/test/fake/fake_001149.jpg,1.0,0.9999986886978149,1
/media/D1/ait_users/staff122/deepfake_project/outputs_deepfake_project/dfdc_subset_77_jpg/test/fake/fake_001150.jpg,1.0,1.0,1
/media/D1/ait_users/staff122/deepfake_project/outputs_deepfake_project/dfdc_subset_77_jpg/test/fake/fake_001151.jpg,1.0,0.9993900060653687,1
/media/D1/ait_users/staff122/deepfake_project/outputs_deepfake_project/dfdc_subset_77_jpg/test/fake/fake_001152.jpg,1.0,0.9971740245819092,1
/media/D1/ait_users/staff122/deepfake_project/outputs_deepfake_project/dfdc_subset_77_jpg/test/fake/fake_001153.jpg,1.0,0.9999712705612183,1
/media/D1/ait_users/staff122/deepfake_project/outputs_deepfake_project/dfdc_subset_77_jpg/test/fake/fake_001154.jpg,1.0,0.9893679022789001,1
/media/D1/ait_users/staff122/deepfake_project/outputs_deepfake_project/dfdc_subset_77_jpg/test/fake/fake_001155.jpg,1.0,0.9973810315132141,1
/media/D1/ait_users/staff122/deepfake_project/outputs_deepfake_project/dfdc_subset_77_jpg/test/fake/fake_001156.jpg,1.0,0.9998317956924438,1
/media/D1/ait_users/staff122/deepfake_project/outputs_deepfake_project/dfdc_subset_77_jpg/test/fake/fake_001157.jpg,1.0,0.9986802935600281,1
/media/D1/ait_users/staff122/deepfake_project/outputs_deepfake_project/dfdc_subset_77_jpg/test/fake/fake_001158.jpg,1.0,0.999751627445221,1
/media/D1/ait_users/staff122/deepfake_project/outputs_deepfake_project/dfdc_subset_77_jpg/test/fake/fake_001159.jpg,1.0,0.9949337840080261,1
/media/D1/ait_users/staff122/deepfake_project/outputs_deepfake_project/dfdc_subset_77_jpg/test/fake/fake_001160.jpg,1.0,0.9958386421203613,1
/media/D1/ait_users/staff122/deepfake_project/outputs_deepfake_project/dfdc_subset_77_jpg/test/fake/fake_001161.jpg,1.0,0.999638557434082,1
/media/D1/ait_users/staff122/deepfake_project/outputs_deepfake_project/dfdc_subset_77_jpg/test/fake/fake_001162.jpg,1.0,0.9996165037155151,1
/media/D1/ait_users/staff122/deepfake_project/outputs_deepfake_project/dfdc_subset_77_jpg/test/fake/fake_001163.jpg,1.0,0.9953911304473877,1
/media/D1/ait_users/staff122/deepfake_project/outputs_deepfake_project/dfdc_subset_77_jpg/test/fake/fake_001164.jpg,1.0,0.998904824256897,1
/media/D1/ait_users/staff122/deepfake_project/outputs_deepfake_project/dfdc_subset_77_jpg/test/fake/fake_001165.jpg,1.0,0.9997647404670715,1
/media/D1/ait_users/staff122/deepfake_project/outputs_deepfake_project/dfdc_subset_77_jpg/test/fake/fake_001166.jpg,1.0,0.26853594183921814,0
/media/D1/ait_users/staff122/deepfake_project/outputs_deepfake_project/dfdc_subset_77_jpg/test/fake/fake_001167.jpg,1.0,0.3110426664352417,0
/media/D1/ait_users/staff122/deepfake_project/outputs_deepfake_project/dfdc_subset_77_jpg/test/fake/fake_001168.jpg,1.0,0.6817834377288818,1
/media/D1/ait_users/staff122/deepfake_project/outputs_deepfake_project/dfdc_subset_77_jpg/test/fake/fake_001169.jpg,1.0,0.9086359739303589,1
/media/D1/ait_users/staff122/deepfake_project/outputs_deepfake_project/dfdc_subset_77_jpg/test/fake/fake_001170.jpg,1.0,0.937562108039856,1
/media/D1/ait_users/staff122/deepfake_project/outputs_deepfake_project/dfdc_subset_77_jpg/test/fake/fake_001171.jpg,1.0,0.18173947930335999,0
/media/D1/ait_users/staff122/deepfake_project/outputs_deepfake_project/dfdc_subset_77_jpg/test/fake/fake_001172.jpg,1.0,0.9693808555603027,1
/media/D1/ait_users/staff122/deepfake_project/outputs_deepfake_project/dfdc_subset_77_jpg/test/fake/fake_001173.jpg,1.0,0.9501417875289917,1
/media/D1/ait_users/staff122/deepfake_project/outputs_deepfake_project/dfdc_subset_77_jpg/test/fake/fake_001174.jpg,1.0,0.9993311166763306,1
/media/D1/ait_users/staff122/deepfake_project/outputs_deepfake_project/dfdc_subset_77_jpg/test/fake/fake_001175.jpg,1.0,0.9785497784614563,1
/media/D1/ait_users/staff122/deepfake_project/outputs_deepfake_project/dfdc_subset_77_jpg/test/fake/fake_001176.jpg,1.0,0.9616706371307373,1
/media/D1/ait_users/staff122/deepfake_project/outputs_deepfake_project/dfdc_subset_77_jpg/test/fake/fake_001177.jpg,1.0,0.9980277419090271,1
/media/D1/ait_users/staff122/deepfake_project/outputs_deepfake_project/dfdc_subset_77_jpg/test/fake/fake_001178.jpg,1.0,0.7706100344657898,1
/media/D1/ait_users/staff122/deepfake_project/outputs_deepfake_project/dfdc_subset_77_jpg/test/fake/fake_001179.jpg,1.0,0.9997096657752991,1
/media/D1/ait_users/staff122/deepfake_project/outputs_deepfake_project/dfdc_subset_77_jpg/test/fake/fake_001180.jpg,1.0,0.9993240833282471,1
/media/D1/ait_users/staff122/deepfake_project/outputs_deepfake_project/dfdc_subset_77_jpg/test/fake/fake_001181.jpg,1.0,0.9998766183853149,1
/media/D1/ait_users/staff122/deepfake_project/outputs_deepfake_project/dfdc_subset_77_jpg/test/fake/fake_001182.jpg,1.0,0.09595219045877457,0
/media/D1/ait_users/staff122/deepfake_project/outputs_deepfake_project/dfdc_subset_77_jpg/test/fake/fake_001183.jpg,1.0,0.0059775919653475285,0
/media/D1/ait_users/staff122/deepfake_project/outputs_deepfake_project/dfdc_subset_77_jpg/test/fake/fake_001184.jpg,1.0,0.999250590801239,1
/media/D1/ait_users/staff122/deepfake_project/outputs_deepfake_project/dfdc_subset_77_jpg/test/fake/fake_001185.jpg,1.0,0.9984329342842102,1
/media/D1/ait_users/staff122/deepfake_project/outputs_deepfake_project/dfdc_subset_77_jpg/test/fake/fake_001186.jpg,1.0,0.9950626492500305,1
/media/D1/ait_users/staff122/deepfake_project/outputs_deepfake_project/dfdc_subset_77_jpg/test/fake/fake_001187.jpg,1.0,0.9999692440032959,1
/media/D1/ait_users/staff122/deepfake_project/outputs_deepfake_project/dfdc_subset_77_jpg/test/fake/fake_001188.jpg,1.0,0.9997959733009338,1
/media/D1/ait_users/staff122/deepfake_project/outputs_deepfake_project/dfdc_subset_77_jpg/test/fake/fake_001189.jpg,1.0,0.9999394416809082,1
/media/D1/ait_users/staff122/deepfake_project/outputs_deepfake_project/dfdc_subset_77_jpg/test/fake/fake_001190.jpg,1.0,0.998140811920166,1
/media/D1/ait_users/staff122/deepfake_project/outputs_deepfake_project/dfdc_subset_77_jpg/test/fake/fake_001191.jpg,1.0,0.9867161512374878,1
/media/D1/ait_users/staff122/deepfake_project/outputs_deepfake_project/dfdc_subset_77_jpg/test/fake/fake_001192.jpg,1.0,0.9999858140945435,1
/media/D1/ait_users/staff122/deepfake_project/outputs_deepfake_project/dfdc_subset_77_jpg/test/fake/fake_001193.jpg,1.0,0.9997395873069763,1
/media/D1/ait_users/staff122/deepfake_project/outputs_deepfake_project/dfdc_subset_77_jpg/test/fake/fake_001194.jpg,1.0,0.9997881054878235,1
/media/D1/ait_users/staff122/deepfake_project/outputs_deepfake_project/dfdc_subset_77_jpg/test/fake/fake_001195.jpg,1.0,0.9999788999557495,1
/media/D1/ait_users/staff122/deepfake_project/outputs_deepfake_project/dfdc_subset_77_jpg/test/fake/fake_001196.jpg,1.0,0.9993019104003906,1
/media/D1/ait_users/staff122/deepfake_project/outputs_deepfake_project/dfdc_subset_77_jpg/test/fake/fake_001197.jpg,1.0,0.9999821186065674,1
/media/D1/ait_users/staff122/deepfake_project/outputs_deepfake_project/dfdc_subset_77_jpg/test/fake/fake_001198.jpg,1.0,0.9998588562011719,1
/media/D1/ait_users/staff122/deepfake_project/outputs_deepfake_project/dfdc_subset_77_jpg/test/fake/fake_001199.jpg,1.0,0.99863201379776,1
/media/D1/ait_users/staff122/deepfake_project/outputs_deepfake_project/dfdc_subset_77_jpg/test/fake/fake_001200.jpg,1.0,0.9994198083877563,1
/media/D1/ait_users/staff122/deepfake_project/outputs_deepfake_project/dfdc_subset_77_jpg/test/fake/fake_001201.jpg,1.0,0.7915552258491516,1
/media/D1/ait_users/staff122/deepfake_project/outputs_deepfake_project/dfdc_subset_77_jpg/test/fake/fake_001202.jpg,1.0,0.9988548755645752,1
/media/D1/ait_users/staff122/deepfake_project/outputs_deepfake_project/dfdc_subset_77_jpg/test/fake/fake_001203.jpg,1.0,0.7771421074867249,1
/media/D1/ait_users/staff122/deepfake_project/outputs_deepfake_project/dfdc_subset_77_jpg/test/fake/fake_001204.jpg,1.0,0.9937028288841248,1
/media/D1/ait_users/staff122/deepfake_project/outputs_deepfake_project/dfdc_subset_77_jpg/test/fake/fake_001205.jpg,1.0,0.392829567193985,0
/media/D1/ait_users/staff122/deepfake_project/outputs_deepfake_project/dfdc_subset_77_jpg/test/fake/fake_001206.jpg,1.0,0.9525889754295349,1
/media/D1/ait_users/staff122/deepfake_project/outputs_deepfake_project/dfdc_subset_77_jpg/test/fake/fake_001207.jpg,1.0,0.9999727010726929,1
/media/D1/ait_users/staff122/deepfake_project/outputs_deepfake_project/dfdc_subset_77_jpg/test/fake/fake_001208.jpg,1.0,0.9971373081207275,1
/media/D1/ait_users/staff122/deepfake_project/outputs_deepfake_project/dfdc_subset_77_jpg/test/fake/fake_001209.jpg,1.0,0.9990440011024475,1
/media/D1/ait_users/staff122/deepfake_project/outputs_deepfake_project/dfdc_subset_77_jpg/test/fake/fake_001210.jpg,1.0,0.9569562077522278,1
/media/D1/ait_users/staff122/deepfake_project/outputs_deepfake_project/dfdc_subset_77_jpg/test/fake/fake_001211.jpg,1.0,0.9434030652046204,1
/media/D1/ait_users/staff122/deepfake_project/outputs_deepfake_project/dfdc_subset_77_jpg/test/fake/fake_001212.jpg,1.0,0.9999997615814209,1
/media/D1/ait_users/staff122/deepfake_project/outputs_deepfake_project/dfdc_subset_77_jpg/test/fake/fake_001213.jpg,1.0,0.9999984502792358,1
/media/D1/ait_users/staff122/deepfake_project/outputs_deepfake_project/dfdc_subset_77_jpg/test/fake/fake_001214.jpg,1.0,0.9993876218795776,1
/media/D1/ait_users/staff122/deepfake_project/outputs_deepfake_project/dfdc_subset_77_jpg/test/fake/fake_001215.jpg,1.0,0.9999966621398926,1
/media/D1/ait_users/staff122/deepfake_project/outputs_deepfake_project/dfdc_subset_77_jpg/test/fake/fake_001216.jpg,1.0,0.9784971475601196,1
/media/D1/ait_users/staff122/deepfake_project/outputs_deepfake_project/dfdc_subset_77_jpg/test/fake/fake_001217.jpg,1.0,0.9988180994987488,1
/media/D1/ait_users/staff122/deepfake_project/outputs_deepfake_project/dfdc_subset_77_jpg/test/fake/fake_001218.jpg,1.0,0.9998881816864014,1
/media/D1/ait_users/staff122/deepfake_project/outputs_deepfake_project/dfdc_subset_77_jpg/test/fake/fake_001219.jpg,1.0,0.9997956156730652,1
/media/D1/ait_users/staff122/deepfake_project/outputs_deepfake_project/dfdc_subset_77_jpg/test/fake/fake_001220.jpg,1.0,0.9980164766311646,1
/media/D1/ait_users/staff122/deepfake_project/outputs_deepfake_project/dfdc_subset_77_jpg/test/fake/fake_001221.jpg,1.0,0.9974237680435181,1
/media/D1/ait_users/staff122/deepfake_project/outputs_deepfake_project/dfdc_subset_77_jpg/test/fake/fake_001222.jpg,1.0,0.999691367149353,1
/media/D1/ait_users/staff122/deepfake_project/outputs_deepfake_project/dfdc_subset_77_jpg/test/fake/fake_001223.jpg,1.0,0.9999985694885254,1
/media/D1/ait_users/staff122/deepfake_project/outputs_deepfake_project/dfdc_subset_77_jpg/test/fake/fake_001224.jpg,1.0,0.9999953508377075,1
/media/D1/ait_users/staff122/deepfake_project/outputs_deepfake_project/dfdc_subset_77_jpg/test/fake/fake_001225.jpg,1.0,0.9999886751174927,1
/media/D1/ait_users/staff122/deepfake_project/outputs_deepfake_project/dfdc_subset_77_jpg/test/fake/fake_001226.jpg,1.0,0.8837412595748901,1
/media/D1/ait_users/staff122/deepfake_project/outputs_deepfake_project/dfdc_subset_77_jpg/test/fake/fake_001227.jpg,1.0,0.9991931319236755,1
/media/D1/ait_users/staff122/deepfake_project/outputs_deepfake_project/dfdc_subset_77_jpg/test/fake/fake_001228.jpg,1.0,0.7593812346458435,1
/media/D1/ait_users/staff122/deepfake_project/outputs_deepfake_project/dfdc_subset_77_jpg/test/fake/fake_001229.jpg,1.0,0.9999314546585083,1
/media/D1/ait_users/staff122/deepfake_project/outputs_deepfake_project/dfdc_subset_77_jpg/test/fake/fake_001230.jpg,1.0,0.9977006316184998,1
/media/D1/ait_users/staff122/deepfake_project/outputs_deepfake_project/dfdc_subset_77_jpg/test/fake/fake_001231.jpg,1.0,0.9980523586273193,1
/media/D1/ait_users/staff122/deepfake_project/outputs_deepfake_project/dfdc_subset_77_jpg/test/fake/fake_001232.jpg,1.0,0.8412709832191467,1
/media/D1/ait_users/staff122/deepfake_project/outputs_deepfake_project/dfdc_subset_77_jpg/test/fake/fake_001233.jpg,1.0,0.766407310962677,1
/media/D1/ait_users/staff122/deepfake_project/outputs_deepfake_project/dfdc_subset_77_jpg/test/fake/fake_001234.jpg,1.0,0.9997795224189758,1
/media/D1/ait_users/staff122/deepfake_project/outputs_deepfake_project/dfdc_subset_77_jpg/test/fake/fake_001235.jpg,1.0,0.9997034668922424,1
/media/D1/ait_users/staff122/deepfake_project/outputs_deepfake_project/dfdc_subset_77_jpg/test/fake/fake_001236.jpg,1.0,0.9992635846138,1
/media/D1/ait_users/staff122/deepfake_project/outputs_deepfake_project/dfdc_subset_77_jpg/test/fake/fake_001237.jpg,1.0,0.9968507885932922,1
/media/D1/ait_users/staff122/deepfake_project/outputs_deepfake_project/dfdc_subset_77_jpg/test/fake/fake_001238.jpg,1.0,0.9396116137504578,1
/media/D1/ait_users/staff122/deepfake_project/outputs_deepfake_project/dfdc_subset_77_jpg/test/fake/fake_001239.jpg,1.0,0.9999997615814209,1
/media/D1/ait_users/staff122/deepfake_project/outputs_deepfake_project/dfdc_subset_77_jpg/test/fake/fake_001240.jpg,1.0,0.999993085861206,1
/media/D1/ait_users/staff122/deepfake_project/outputs_deepfake_project/dfdc_subset_77_jpg/test/fake/fake_001241.jpg,1.0,0.99983811378479,1
/media/D1/ait_users/staff122/deepfake_project/outputs_deepfake_project/dfdc_subset_77_jpg/test/fake/fake_001242.jpg,1.0,0.9182453155517578,1
/media/D1/ait_users/staff122/deepfake_project/outputs_deepfake_project/dfdc_subset_77_jpg/test/fake/fake_001243.jpg,1.0,0.9999841451644897,1
/media/D1/ait_users/staff122/deepfake_project/outputs_deepfake_project/dfdc_subset_77_jpg/test/fake/fake_001244.jpg,1.0,0.9999686479568481,1
/media/D1/ait_users/staff122/deepfake_project/outputs_deepfake_project/dfdc_subset_77_jpg/test/fake/fake_001245.jpg,1.0,0.999991774559021,1
/media/D1/ait_users/staff122/deepfake_project/outputs_deepfake_project/dfdc_subset_77_jpg/test/fake/fake_001246.jpg,1.0,0.9999798536300659,1
/media/D1/ait_users/staff122/deepfake_project/outputs_deepfake_project/dfdc_subset_77_jpg/test/fake/fake_001247.jpg,1.0,0.9717254042625427,1
/media/D1/ait_users/staff122/deepfake_project/outputs_deepfake_project/dfdc_subset_77_jpg/test/fake/fake_001248.jpg,1.0,0.013055545277893543,0
/media/D1/ait_users/staff122/deepfake_project/outputs_deepfake_project/dfdc_subset_77_jpg/test/fake/fake_001249.jpg,1.0,0.4216079115867615,0
/media/D1/ait_users/staff122/deepfake_project/outputs_deepfake_project/dfdc_subset_77_jpg/test/fake/fake_001250.jpg,1.0,0.8420422673225403,1
/media/D1/ait_users/staff122/deepfake_project/outputs_deepfake_project/dfdc_subset_77_jpg/test/fake/fake_001251.jpg,1.0,0.09687837958335876,0
/media/D1/ait_users/staff122/deepfake_project/outputs_deepfake_project/dfdc_subset_77_jpg/test/fake/fake_001252.jpg,1.0,0.22529613971710205,0
/media/D1/ait_users/staff122/deepfake_project/outputs_deepfake_project/dfdc_subset_77_jpg/test/fake/fake_001253.jpg,1.0,0.5390344262123108,1
/media/D1/ait_users/staff122/deepfake_project/outputs_deepfake_project/dfdc_subset_77_jpg/test/fake/fake_001254.jpg,1.0,0.016056794673204422,0
/media/D1/ait_users/staff122/deepfake_project/outputs_deepfake_project/dfdc_subset_77_jpg/test/fake/fake_001255.jpg,1.0,0.09537332504987717,0
/media/D1/ait_users/staff122/deepfake_project/outputs_deepfake_project/dfdc_subset_77_jpg/test/fake/fake_001256.jpg,1.0,0.002114321570843458,0
/media/D1/ait_users/staff122/deepfake_project/outputs_deepfake_project/dfdc_subset_77_jpg/test/fake/fake_001257.jpg,1.0,0.024983147159218788,0
/media/D1/ait_users/staff122/deepfake_project/outputs_deepfake_project/dfdc_subset_77_jpg/test/fake/fake_001258.jpg,1.0,0.035864923149347305,0
/media/D1/ait_users/staff122/deepfake_project/outputs_deepfake_project/dfdc_subset_77_jpg/test/fake/fake_001259.jpg,1.0,0.001972382655367255,0
/media/D1/ait_users/staff122/deepfake_project/outputs_deepfake_project/dfdc_subset_77_jpg/test/fake/fake_001260.jpg,1.0,0.006682116538286209,0
/media/D1/ait_users/staff122/deepfake_project/outputs_deepfake_project/dfdc_subset_77_jpg/test/fake/fake_001261.jpg,1.0,0.01641126722097397,0
/media/D1/ait_users/staff122/deepfake_project/outputs_deepfake_project/dfdc_subset_77_jpg/test/fake/fake_001262.jpg,1.0,0.17026622593402863,0
/media/D1/ait_users/staff122/deepfake_project/outputs_deepfake_project/dfdc_subset_77_jpg/test/fake/fake_001263.jpg,1.0,0.00643518753349781,0
/media/D1/ait_users/staff122/deepfake_project/outputs_deepfake_project/dfdc_subset_77_jpg/test/fake/fake_001264.jpg,1.0,0.07904230058193207,0
/media/D1/ait_users/staff122/deepfake_project/outputs_deepfake_project/dfdc_subset_77_jpg/test/fake/fake_001265.jpg,1.0,0.0857260525226593,0
/media/D1/ait_users/staff122/deepfake_project/outputs_deepfake_project/dfdc_subset_77_jpg/test/fake/fake_001266.jpg,1.0,0.0007555556949228048,0
/media/D1/ait_users/staff122/deepfake_project/outputs_deepfake_project/dfdc_subset_77_jpg/test/fake/fake_001267.jpg,1.0,0.0006717444048263133,0
/media/D1/ait_users/staff122/deepfake_project/outputs_deepfake_project/dfdc_subset_77_jpg/test/fake/fake_001268.jpg,1.0,0.0003979768371209502,0
/media/D1/ait_users/staff122/deepfake_project/outputs_deepfake_project/dfdc_subset_77_jpg/test/fake/fake_001269.jpg,1.0,0.0007857385207898915,0
/media/D1/ait_users/staff122/deepfake_project/outputs_deepfake_project/dfdc_subset_77_jpg/test/fake/fake_001270.jpg,1.0,0.013269240967929363,0
/media/D1/ait_users/staff122/deepfake_project/outputs_deepfake_project/dfdc_subset_77_jpg/test/fake/fake_001271.jpg,1.0,0.004188259597867727,0
/media/D1/ait_users/staff122/deepfake_project/outputs_deepfake_project/dfdc_subset_77_jpg/test/fake/fake_001272.jpg,1.0,0.0021607750095427036,0
/media/D1/ait_users/staff122/deepfake_project/outputs_deepfake_project/dfdc_subset_77_jpg/test/fake/fake_001273.jpg,1.0,0.0018129340605810285,0
/media/D1/ait_users/staff122/deepfake_project/outputs_deepfake_project/dfdc_subset_77_jpg/test/fake/fake_001274.jpg,1.0,0.00016731242067180574,0
/media/D1/ait_users/staff122/deepfake_project/outputs_deepfake_project/dfdc_subset_77_jpg/test/fake/fake_001275.jpg,1.0,0.0013889358378946781,0
/media/D1/ait_users/staff122/deepfake_project/outputs_deepfake_project/dfdc_subset_77_jpg/test/fake/fake_001276.jpg,1.0,0.008639908395707607,0
/media/D1/ait_users/staff122/deepfake_project/outputs_deepfake_project/dfdc_subset_77_jpg/test/fake/fake_001277.jpg,1.0,0.09864586591720581,0
/media/D1/ait_users/staff122/deepfake_project/outputs_deepfake_project/dfdc_subset_77_jpg/test/fake/fake_001278.jpg,1.0,0.004265932831913233,0
/media/D1/ait_users/staff122/deepfake_project/outputs_deepfake_project/dfdc_subset_77_jpg/test/fake/fake_001279.jpg,1.0,0.006812162231653929,0
/media/D1/ait_users/staff122/deepfake_project/outputs_deepfake_project/dfdc_subset_77_jpg/test/fake/fake_001280.jpg,1.0,0.9999730587005615,1
/media/D1/ait_users/staff122/deepfake_project/outputs_deepfake_project/dfdc_subset_77_jpg/test/fake/fake_001281.jpg,1.0,0.9999955892562866,1
/media/D1/ait_users/staff122/deepfake_project/outputs_deepfake_project/dfdc_subset_77_jpg/test/fake/fake_001282.jpg,1.0,0.999997615814209,1
/media/D1/ait_users/staff122/deepfake_project/outputs_deepfake_project/dfdc_subset_77_jpg/test/fake/fake_001283.jpg,1.0,0.9999994039535522,1
/media/D1/ait_users/staff122/deepfake_project/outputs_deepfake_project/dfdc_subset_77_jpg/test/fake/fake_001284.jpg,1.0,0.9999998807907104,1
/media/D1/ait_users/staff122/deepfake_project/outputs_deepfake_project/dfdc_subset_77_jpg/test/fake/fake_001285.jpg,1.0,0.999981164932251,1
/media/D1/ait_users/staff122/deepfake_project/outputs_deepfake_project/dfdc_subset_77_jpg/test/fake/fake_001286.jpg,1.0,0.9999964237213135,1
/media/D1/ait_users/staff122/deepfake_project/outputs_deepfake_project/dfdc_subset_77_jpg/test/fake/fake_001287.jpg,1.0,0.9999985694885254,1
/media/D1/ait_users/staff122/deepfake_project/outputs_deepfake_project/dfdc_subset_77_jpg/test/fake/fake_001288.jpg,1.0,0.9999990463256836,1
/media/D1/ait_users/staff122/deepfake_project/outputs_deepfake_project/dfdc_subset_77_jpg/test/fake/fake_001289.jpg,1.0,0.9999881982803345,1
/media/D1/ait_users/staff122/deepfake_project/outputs_deepfake_project/dfdc_subset_77_jpg/test/fake/fake_001290.jpg,1.0,0.9999961853027344,1
/media/D1/ait_users/staff122/deepfake_project/outputs_deepfake_project/dfdc_subset_77_jpg/test/fake/fake_001291.jpg,1.0,0.9999191761016846,1
/media/D1/ait_users/staff122/deepfake_project/outputs_deepfake_project/dfdc_subset_77_jpg/test/fake/fake_001292.jpg,1.0,0.9999970197677612,1
/media/D1/ait_users/staff122/deepfake_project/outputs_deepfake_project/dfdc_subset_77_jpg/test/fake/fake_001293.jpg,1.0,0.9998774528503418,1
/media/D1/ait_users/staff122/deepfake_project/outputs_deepfake_project/dfdc_subset_77_jpg/test/fake/fake_001294.jpg,1.0,0.9999991655349731,1
/media/D1/ait_users/staff122/deepfake_project/outputs_deepfake_project/dfdc_subset_77_jpg/test/fake/fake_001295.jpg,1.0,0.9999966621398926,1
/media/D1/ait_users/staff122/deepfake_project/outputs_deepfake_project/dfdc_subset_77_jpg/test/fake/fake_001296.jpg,1.0,0.999886155128479,1
/media/D1/ait_users/staff122/deepfake_project/outputs_deepfake_project/dfdc_subset_77_jpg/test/fake/fake_001297.jpg,1.0,0.9999998807907104,1
/media/D1/ait_users/staff122/deepfake_project/outputs_deepfake_project/dfdc_subset_77_jpg/test/fake/fake_001298.jpg,1.0,0.999985933303833,1
/media/D1/ait_users/staff122/deepfake_project/outputs_deepfake_project/dfdc_subset_77_jpg/test/fake/fake_001299.jpg,1.0,0.999538779258728,1
/media/D1/ait_users/staff122/deepfake_project/outputs_deepfake_project/dfdc_subset_77_jpg/test/fake/fake_001300.jpg,1.0,0.9999998807907104,1
/media/D1/ait_users/staff122/deepfake_project/outputs_deepfake_project/dfdc_subset_77_jpg/test/fake/fake_001301.jpg,1.0,0.999889612197876,1
/media/D1/ait_users/staff122/deepfake_project/outputs_deepfake_project/dfdc_subset_77_jpg/test/fake/fake_001302.jpg,1.0,0.9999440908432007,1
/media/D1/ait_users/staff122/deepfake_project/outputs_deepfake_project/dfdc_subset_77_jpg/test/fake/fake_001303.jpg,1.0,0.9999985694885254,1
/media/D1/ait_users/staff122/deepfake_project/outputs_deepfake_project/dfdc_subset_77_jpg/test/fake/fake_001304.jpg,1.0,0.9999858140945435,1
/media/D1/ait_users/staff122/deepfake_project/outputs_deepfake_project/dfdc_subset_77_jpg/test/fake/fake_001305.jpg,1.0,0.9999971389770508,1
/media/D1/ait_users/staff122/deepfake_project/outputs_deepfake_project/dfdc_subset_77_jpg/test/fake/fake_001306.jpg,1.0,0.9999973773956299,1
/media/D1/ait_users/staff122/deepfake_project/outputs_deepfake_project/dfdc_subset_77_jpg/test/fake/fake_001307.jpg,1.0,0.9999997615814209,1
/media/D1/ait_users/staff122/deepfake_project/outputs_deepfake_project/dfdc_subset_77_jpg/test/fake/fake_001308.jpg,1.0,0.9996010661125183,1
/media/D1/ait_users/staff122/deepfake_project/outputs_deepfake_project/dfdc_subset_77_jpg/test/fake/fake_001309.jpg,1.0,0.9999867677688599,1
/media/D1/ait_users/staff122/deepfake_project/outputs_deepfake_project/dfdc_subset_77_jpg/test/fake/fake_001310.jpg,1.0,0.9544408321380615,1
/media/D1/ait_users/staff122/deepfake_project/outputs_deepfake_project/dfdc_subset_77_jpg/test/fake/fake_001311.jpg,1.0,0.9996181726455688,1
/media/D1/ait_users/staff122/deepfake_project/outputs_deepfake_project/dfdc_subset_77_jpg/test/fake/fake_001312.jpg,1.0,0.9913083910942078,1
/media/D1/ait_users/staff122/deepfake_project/outputs_deepfake_project/dfdc_subset_77_jpg/test/fake/fake_001313.jpg,1.0,0.9671904444694519,1
/media/D1/ait_users/staff122/deepfake_project/outputs_deepfake_project/dfdc_subset_77_jpg/test/fake/fake_001314.jpg,1.0,0.9671889543533325,1
/media/D1/ait_users/staff122/deepfake_project/outputs_deepfake_project/dfdc_subset_77_jpg/test/fake/fake_001315.jpg,1.0,0.9983812570571899,1
/media/D1/ait_users/staff122/deepfake_project/outputs_deepfake_project/dfdc_subset_77_jpg/test/fake/fake_001316.jpg,1.0,0.8907734751701355,1
/media/D1/ait_users/staff122/deepfake_project/outputs_deepfake_project/dfdc_subset_77_jpg/test/fake/fake_001317.jpg,1.0,0.9999616146087646,1
/media/D1/ait_users/staff122/deepfake_project/outputs_deepfake_project/dfdc_subset_77_jpg/test/fake/fake_001318.jpg,1.0,0.99997878074646,1
/media/D1/ait_users/staff122/deepfake_project/outputs_deepfake_project/dfdc_subset_77_jpg/test/fake/fake_001319.jpg,1.0,0.999995231628418,1
/media/D1/ait_users/staff122/deepfake_project/outputs_deepfake_project/dfdc_subset_77_jpg/test/fake/fake_001320.jpg,1.0,0.9999998807907104,1
/media/D1/ait_users/staff122/deepfake_project/outputs_deepfake_project/dfdc_subset_77_jpg/test/fake/fake_001321.jpg,1.0,0.9999998807907104,1
/media/D1/ait_users/staff122/deepfake_project/outputs_deepfake_project/dfdc_subset_77_jpg/test/fake/fake_001322.jpg,1.0,0.9999921321868896,1
/media/D1/ait_users/staff122/deepfake_project/outputs_deepfake_project/dfdc_subset_77_jpg/test/fake/fake_001323.jpg,1.0,0.9999990463256836,1
/media/D1/ait_users/staff122/deepfake_project/outputs_deepfake_project/dfdc_subset_77_jpg/test/fake/fake_001324.jpg,1.0,1.0,1
/media/D1/ait_users/staff122/deepfake_project/outputs_deepfake_project/dfdc_subset_77_jpg/test/fake/fake_001325.jpg,1.0,0.9999942779541016,1
/media/D1/ait_users/staff122/deepfake_project/outputs_deepfake_project/dfdc_subset_77_jpg/test/fake/fake_001326.jpg,1.0,0.999998927116394,1
/media/D1/ait_users/staff122/deepfake_project/outputs_deepfake_project/dfdc_subset_77_jpg/test/fake/fake_001327.jpg,1.0,0.9999998807907104,1
/media/D1/ait_users/staff122/deepfake_project/outputs_deepfake_project/dfdc_subset_77_jpg/test/fake/fake_001328.jpg,1.0,0.9999663829803467,1
/media/D1/ait_users/staff122/deepfake_project/outputs_deepfake_project/dfdc_subset_77_jpg/test/fake/fake_001329.jpg,1.0,0.9999972581863403,1
/media/D1/ait_users/staff122/deepfake_project/outputs_deepfake_project/dfdc_subset_77_jpg/test/fake/fake_001330.jpg,1.0,0.9999825954437256,1
/media/D1/ait_users/staff122/deepfake_project/outputs_deepfake_project/dfdc_subset_77_jpg/test/fake/fake_001331.jpg,1.0,0.4123064875602722,0
/media/D1/ait_users/staff122/deepfake_project/outputs_deepfake_project/dfdc_subset_77_jpg/test/fake/fake_001332.jpg,1.0,0.987872838973999,1
/media/D1/ait_users/staff122/deepfake_project/outputs_deepfake_project/dfdc_subset_77_jpg/test/fake/fake_001333.jpg,1.0,0.9991515874862671,1
/media/D1/ait_users/staff122/deepfake_project/outputs_deepfake_project/dfdc_subset_77_jpg/test/fake/fake_001334.jpg,1.0,0.9480900764465332,1
/media/D1/ait_users/staff122/deepfake_project/outputs_deepfake_project/dfdc_subset_77_jpg/test/fake/fake_001335.jpg,1.0,0.9952829480171204,1
/media/D1/ait_users/staff122/deepfake_project/outputs_deepfake_project/dfdc_subset_77_jpg/test/fake/fake_001336.jpg,1.0,0.999992847442627,1
/media/D1/ait_users/staff122/deepfake_project/outputs_deepfake_project/dfdc_subset_77_jpg/test/fake/fake_001337.jpg,1.0,0.9999896287918091,1
/media/D1/ait_users/staff122/deepfake_project/outputs_deepfake_project/dfdc_subset_77_jpg/test/fake/fake_001338.jpg,1.0,0.6345778107643127,1
/media/D1/ait_users/staff122/deepfake_project/outputs_deepfake_project/dfdc_subset_77_jpg/test/fake/fake_001339.jpg,1.0,0.9993725419044495,1
/media/D1/ait_users/staff122/deepfake_project/outputs_deepfake_project/dfdc_subset_77_jpg/test/fake/fake_001340.jpg,1.0,0.5349000692367554,1
/media/D1/ait_users/staff122/deepfake_project/outputs_deepfake_project/dfdc_subset_77_jpg/test/fake/fake_001341.jpg,1.0,0.9999988079071045,1
/media/D1/ait_users/staff122/deepfake_project/outputs_deepfake_project/dfdc_subset_77_jpg/test/fake/fake_001342.jpg,1.0,0.9999998807907104,1
/media/D1/ait_users/staff122/deepfake_project/outputs_deepfake_project/dfdc_subset_77_jpg/test/fake/fake_001343.jpg,1.0,0.9998455047607422,1
/media/D1/ait_users/staff122/deepfake_project/outputs_deepfake_project/dfdc_subset_77_jpg/test/fake/fake_001344.jpg,1.0,0.999881386756897,1
/media/D1/ait_users/staff122/deepfake_project/outputs_deepfake_project/dfdc_subset_77_jpg/test/fake/fake_001345.jpg,1.0,0.996313750743866,1
/media/D1/ait_users/staff122/deepfake_project/outputs_deepfake_project/dfdc_subset_77_jpg/test/fake/fake_001346.jpg,1.0,0.9534554481506348,1
/media/D1/ait_users/staff122/deepfake_project/outputs_deepfake_project/dfdc_subset_77_jpg/test/fake/fake_001347.jpg,1.0,0.9120035767555237,1
/media/D1/ait_users/staff122/deepfake_project/outputs_deepfake_project/dfdc_subset_77_jpg/test/fake/fake_001348.jpg,1.0,0.9599088430404663,1
/media/D1/ait_users/staff122/deepfake_project/outputs_deepfake_project/dfdc_subset_77_jpg/test/fake/fake_001349.jpg,1.0,0.36190295219421387,0
/media/D1/ait_users/staff122/deepfake_project/outputs_deepfake_project/dfdc_subset_77_jpg/test/fake/fake_001350.jpg,1.0,0.029853608459234238,0
/media/D1/ait_users/staff122/deepfake_project/outputs_deepfake_project/dfdc_subset_77_jpg/test/fake/fake_001351.jpg,1.0,0.9134358167648315,1
/media/D1/ait_users/staff122/deepfake_project/outputs_deepfake_project/dfdc_subset_77_jpg/test/fake/fake_001352.jpg,1.0,0.5311501026153564,1
/media/D1/ait_users/staff122/deepfake_project/outputs_deepfake_project/dfdc_subset_77_jpg/test/fake/fake_001353.jpg,1.0,0.9736550450325012,1
/media/D1/ait_users/staff122/deepfake_project/outputs_deepfake_project/dfdc_subset_77_jpg/test/fake/fake_001354.jpg,1.0,0.6292328834533691,1
/media/D1/ait_users/staff122/deepfake_project/outputs_deepfake_project/dfdc_subset_77_jpg/test/fake/fake_001355.jpg,1.0,0.0544794462621212,0
/media/D1/ait_users/staff122/deepfake_project/outputs_deepfake_project/dfdc_subset_77_jpg/test/fake/fake_001356.jpg,1.0,0.7789593935012817,1
/media/D1/ait_users/staff122/deepfake_project/outputs_deepfake_project/dfdc_subset_77_jpg/test/fake/fake_001357.jpg,1.0,0.0016558368224650621,0
/media/D1/ait_users/staff122/deepfake_project/outputs_deepfake_project/dfdc_subset_77_jpg/test/fake/fake_001358.jpg,1.0,0.9205113649368286,1
/media/D1/ait_users/staff122/deepfake_project/outputs_deepfake_project/dfdc_subset_77_jpg/test/fake/fake_001359.jpg,1.0,0.42170313000679016,0
/media/D1/ait_users/staff122/deepfake_project/outputs_deepfake_project/dfdc_subset_77_jpg/test/fake/fake_001360.jpg,1.0,0.3300599753856659,0
/media/D1/ait_users/staff122/deepfake_project/outputs_deepfake_project/dfdc_subset_77_jpg/test/fake/fake_001361.jpg,1.0,0.9987408518791199,1
/media/D1/ait_users/staff122/deepfake_project/outputs_deepfake_project/dfdc_subset_77_jpg/test/fake/fake_001362.jpg,1.0,0.9994638562202454,1
/media/D1/ait_users/staff122/deepfake_project/outputs_deepfake_project/dfdc_subset_77_jpg/test/fake/fake_001363.jpg,1.0,0.9991117119789124,1
/media/D1/ait_users/staff122/deepfake_project/outputs_deepfake_project/dfdc_subset_77_jpg/test/fake/fake_001364.jpg,1.0,0.10534725338220596,0
/media/D1/ait_users/staff122/deepfake_project/outputs_deepfake_project/dfdc_subset_77_jpg/test/fake/fake_001365.jpg,1.0,0.010304073803126812,0
/media/D1/ait_users/staff122/deepfake_project/outputs_deepfake_project/dfdc_subset_77_jpg/test/fake/fake_001366.jpg,1.0,0.011156179010868073,0
/media/D1/ait_users/staff122/deepfake_project/outputs_deepfake_project/dfdc_subset_77_jpg/test/fake/fake_001367.jpg,1.0,0.20153319835662842,0
/media/D1/ait_users/staff122/deepfake_project/outputs_deepfake_project/dfdc_subset_77_jpg/test/fake/fake_001368.jpg,1.0,0.0739281103014946,0
/media/D1/ait_users/staff122/deepfake_project/outputs_deepfake_project/dfdc_subset_77_jpg/test/fake/fake_001369.jpg,1.0,0.9232348799705505,1
/media/D1/ait_users/staff122/deepfake_project/outputs_deepfake_project/dfdc_subset_77_jpg/test/fake/fake_001370.jpg,1.0,0.15298281610012054,0
/media/D1/ait_users/staff122/deepfake_project/outputs_deepfake_project/dfdc_subset_77_jpg/test/fake/fake_001371.jpg,1.0,0.7984956502914429,1
/media/D1/ait_users/staff122/deepfake_project/outputs_deepfake_project/dfdc_subset_77_jpg/test/fake/fake_001372.jpg,1.0,0.6431928873062134,1
/media/D1/ait_users/staff122/deepfake_project/outputs_deepfake_project/dfdc_subset_77_jpg/test/fake/fake_001373.jpg,1.0,0.9640638828277588,1
/media/D1/ait_users/staff122/deepfake_project/outputs_deepfake_project/dfdc_subset_77_jpg/test/fake/fake_001374.jpg,1.0,0.014661243185400963,0
/media/D1/ait_users/staff122/deepfake_project/outputs_deepfake_project/dfdc_subset_77_jpg/test/fake/fake_001375.jpg,1.0,0.01209530234336853,0
/media/D1/ait_users/staff122/deepfake_project/outputs_deepfake_project/dfdc_subset_77_jpg/test/fake/fake_001376.jpg,1.0,0.9968542456626892,1
/media/D1/ait_users/staff122/deepfake_project/outputs_deepfake_project/dfdc_subset_77_jpg/test/fake/fake_001377.jpg,1.0,0.9935517311096191,1
/media/D1/ait_users/staff122/deepfake_project/outputs_deepfake_project/dfdc_subset_77_jpg/test/fake/fake_001378.jpg,1.0,0.6448644399642944,1
/media/D1/ait_users/staff122/deepfake_project/outputs_deepfake_project/dfdc_subset_77_jpg/test/fake/fake_001379.jpg,1.0,0.9901306629180908,1
/media/D1/ait_users/staff122/deepfake_project/outputs_deepfake_project/dfdc_subset_77_jpg/test/fake/fake_001380.jpg,1.0,0.863526463508606,1
/media/D1/ait_users/staff122/deepfake_project/outputs_deepfake_project/dfdc_subset_77_jpg/test/fake/fake_001381.jpg,1.0,0.9929689764976501,1
/media/D1/ait_users/staff122/deepfake_project/outputs_deepfake_project/dfdc_subset_77_jpg/test/fake/fake_001382.jpg,1.0,0.9694234132766724,1
/media/D1/ait_users/staff122/deepfake_project/outputs_deepfake_project/dfdc_subset_77_jpg/test/fake/fake_001383.jpg,1.0,0.9997182488441467,1
/media/D1/ait_users/staff122/deepfake_project/outputs_deepfake_project/dfdc_subset_77_jpg/test/fake/fake_001384.jpg,1.0,0.6977410316467285,1
/media/D1/ait_users/staff122/deepfake_project/outputs_deepfake_project/dfdc_subset_77_jpg/test/fake/fake_001385.jpg,1.0,0.9976315498352051,1
/media/D1/ait_users/staff122/deepfake_project/outputs_deepfake_project/dfdc_subset_77_jpg/test/fake/fake_001386.jpg,1.0,0.9407514333724976,1
/media/D1/ait_users/staff122/deepfake_project/outputs_deepfake_project/dfdc_subset_77_jpg/test/fake/fake_001387.jpg,1.0,0.9928086996078491,1
/media/D1/ait_users/staff122/deepfake_project/outputs_deepfake_project/dfdc_subset_77_jpg/test/fake/fake_001388.jpg,1.0,0.5719265341758728,1
/media/D1/ait_users/staff122/deepfake_project/outputs_deepfake_project/dfdc_subset_77_jpg/test/fake/fake_001389.jpg,1.0,0.9991753697395325,1
/media/D1/ait_users/staff122/deepfake_project/outputs_deepfake_project/dfdc_subset_77_jpg/test/fake/fake_001390.jpg,1.0,0.9426479339599609,1
/media/D1/ait_users/staff122/deepfake_project/outputs_deepfake_project/dfdc_subset_77_jpg/test/fake/fake_001391.jpg,1.0,0.9969339370727539,1
/media/D1/ait_users/staff122/deepfake_project/outputs_deepfake_project/dfdc_subset_77_jpg/test/fake/fake_001392.jpg,1.0,0.9966115355491638,1
/media/D1/ait_users/staff122/deepfake_project/outputs_deepfake_project/dfdc_subset_77_jpg/test/fake/fake_001393.jpg,1.0,0.9944139719009399,1
/media/D1/ait_users/staff122/deepfake_project/outputs_deepfake_project/dfdc_subset_77_jpg/test/fake/fake_001394.jpg,1.0,0.993606448173523,1
/media/D1/ait_users/staff122/deepfake_project/outputs_deepfake_project/dfdc_subset_77_jpg/test/fake/fake_001395.jpg,1.0,0.9926848411560059,1
/media/D1/ait_users/staff122/deepfake_project/outputs_deepfake_project/dfdc_subset_77_jpg/test/fake/fake_001396.jpg,1.0,0.9974615573883057,1
/media/D1/ait_users/staff122/deepfake_project/outputs_deepfake_project/dfdc_subset_77_jpg/test/fake/fake_001397.jpg,1.0,0.7134333252906799,1
/media/D1/ait_users/staff122/deepfake_project/outputs_deepfake_project/dfdc_subset_77_jpg/test/fake/fake_001398.jpg,1.0,0.9997239708900452,1
/media/D1/ait_users/staff122/deepfake_project/outputs_deepfake_project/dfdc_subset_77_jpg/test/fake/fake_001399.jpg,1.0,0.029731227084994316,0
/media/D1/ait_users/staff122/deepfake_project/outputs_deepfake_project/dfdc_subset_77_jpg/test/fake/fake_001400.jpg,1.0,0.8980938792228699,1
/media/D1/ait_users/staff122/deepfake_project/outputs_deepfake_project/dfdc_subset_77_jpg/test/fake/fake_001401.jpg,1.0,0.8854792714118958,1
/media/D1/ait_users/staff122/deepfake_project/outputs_deepfake_project/dfdc_subset_77_jpg/test/fake/fake_001402.jpg,1.0,0.07172088325023651,0
/media/D1/ait_users/staff122/deepfake_project/outputs_deepfake_project/dfdc_subset_77_jpg/test/fake/fake_001403.jpg,1.0,0.7357097268104553,1
/media/D1/ait_users/staff122/deepfake_project/outputs_deepfake_project/dfdc_subset_77_jpg/test/fake/fake_001404.jpg,1.0,0.20014940202236176,0
/media/D1/ait_users/staff122/deepfake_project/outputs_deepfake_project/dfdc_subset_77_jpg/test/fake/fake_001405.jpg,1.0,0.15817849338054657,0
/media/D1/ait_users/staff122/deepfake_project/outputs_deepfake_project/dfdc_subset_77_jpg/test/fake/fake_001406.jpg,1.0,0.8810721039772034,1
/media/D1/ait_users/staff122/deepfake_project/outputs_deepfake_project/dfdc_subset_77_jpg/test/fake/fake_001407.jpg,1.0,0.012214838527143002,0
/media/D1/ait_users/staff122/deepfake_project/outputs_deepfake_project/dfdc_subset_77_jpg/test/fake/fake_001408.jpg,1.0,0.2589796185493469,0
/media/D1/ait_users/staff122/deepfake_project/outputs_deepfake_project/dfdc_subset_77_jpg/test/fake/fake_001409.jpg,1.0,0.9998788833618164,1
/media/D1/ait_users/staff122/deepfake_project/outputs_deepfake_project/dfdc_subset_77_jpg/test/fake/fake_001410.jpg,1.0,0.7541433572769165,1
/media/D1/ait_users/staff122/deepfake_project/outputs_deepfake_project/dfdc_subset_77_jpg/test/fake/fake_001411.jpg,1.0,0.1108982264995575,0
/media/D1/ait_users/staff122/deepfake_project/outputs_deepfake_project/dfdc_subset_77_jpg/test/fake/fake_001412.jpg,1.0,0.9733900427818298,1
/media/D1/ait_users/staff122/deepfake_project/outputs_deepfake_project/dfdc_subset_77_jpg/test/fake/fake_001413.jpg,1.0,0.8176963925361633,1
/media/D1/ait_users/staff122/deepfake_project/outputs_deepfake_project/dfdc_subset_77_jpg/test/fake/fake_001414.jpg,1.0,0.9985587000846863,1
/media/D1/ait_users/staff122/deepfake_project/outputs_deepfake_project/dfdc_subset_77_jpg/test/fake/fake_001415.jpg,1.0,0.7735183238983154,1
/media/D1/ait_users/staff122/deepfake_project/outputs_deepfake_project/dfdc_subset_77_jpg/test/fake/fake_001416.jpg,1.0,0.9948717951774597,1
/media/D1/ait_users/staff122/deepfake_project/outputs_deepfake_project/dfdc_subset_77_jpg/test/fake/fake_001417.jpg,1.0,0.984254002571106,1
/media/D1/ait_users/staff122/deepfake_project/outputs_deepfake_project/dfdc_subset_77_jpg/test/fake/fake_001418.jpg,1.0,0.8400540947914124,1
/media/D1/ait_users/staff122/deepfake_project/outputs_deepfake_project/dfdc_subset_77_jpg/test/fake/fake_001419.jpg,1.0,0.999825656414032,1
/media/D1/ait_users/staff122/deepfake_project/outputs_deepfake_project/dfdc_subset_77_jpg/test/fake/fake_001420.jpg,1.0,0.9970306158065796,1
/media/D1/ait_users/staff122/deepfake_project/outputs_deepfake_project/dfdc_subset_77_jpg/test/fake/fake_001421.jpg,1.0,0.9919251799583435,1
/media/D1/ait_users/staff122/deepfake_project/outputs_deepfake_project/dfdc_subset_77_jpg/test/fake/fake_001422.jpg,1.0,0.8429951667785645,1
/media/D1/ait_users/staff122/deepfake_project/outputs_deepfake_project/dfdc_subset_77_jpg/test/fake/fake_001423.jpg,1.0,0.1781541407108307,0
/media/D1/ait_users/staff122/deepfake_project/outputs_deepfake_project/dfdc_subset_77_jpg/test/fake/fake_001424.jpg,1.0,0.43316903710365295,0
/media/D1/ait_users/staff122/deepfake_project/outputs_deepfake_project/dfdc_subset_77_jpg/test/fake/fake_001425.jpg,1.0,0.34324395656585693,0
/media/D1/ait_users/staff122/deepfake_project/outputs_deepfake_project/dfdc_subset_77_jpg/test/fake/fake_001426.jpg,1.0,0.9690677523612976,1
/media/D1/ait_users/staff122/deepfake_project/outputs_deepfake_project/dfdc_subset_77_jpg/test/fake/fake_001427.jpg,1.0,0.9980260133743286,1
/media/D1/ait_users/staff122/deepfake_project/outputs_deepfake_project/dfdc_subset_77_jpg/test/fake/fake_001428.jpg,1.0,0.7459958791732788,1
/media/D1/ait_users/staff122/deepfake_project/outputs_deepfake_project/dfdc_subset_77_jpg/test/fake/fake_001429.jpg,1.0,0.9996696710586548,1
/media/D1/ait_users/staff122/deepfake_project/outputs_deepfake_project/dfdc_subset_77_jpg/test/fake/fake_001430.jpg,1.0,0.6643056869506836,1
/media/D1/ait_users/staff122/deepfake_project/outputs_deepfake_project/dfdc_subset_77_jpg/test/fake/fake_001431.jpg,1.0,0.8758417963981628,1
/media/D1/ait_users/staff122/deepfake_project/outputs_deepfake_project/dfdc_subset_77_jpg/test/fake/fake_001432.jpg,1.0,0.9965345859527588,1
/media/D1/ait_users/staff122/deepfake_project/outputs_deepfake_project/dfdc_subset_77_jpg/test/fake/fake_001433.jpg,1.0,0.9037681818008423,1
/media/D1/ait_users/staff122/deepfake_project/outputs_deepfake_project/dfdc_subset_77_jpg/test/fake/fake_001434.jpg,1.0,0.007635313086211681,0
/media/D1/ait_users/staff122/deepfake_project/outputs_deepfake_project/dfdc_subset_77_jpg/test/fake/fake_001435.jpg,1.0,0.9579089879989624,1
/media/D1/ait_users/staff122/deepfake_project/outputs_deepfake_project/dfdc_subset_77_jpg/test/fake/fake_001436.jpg,1.0,0.9375000596046448,1
/media/D1/ait_users/staff122/deepfake_project/outputs_deepfake_project/dfdc_subset_77_jpg/test/fake/fake_001437.jpg,1.0,0.9991711378097534,1
/media/D1/ait_users/staff122/deepfake_project/outputs_deepfake_project/dfdc_subset_77_jpg/test/fake/fake_001438.jpg,1.0,0.9736803770065308,1
/media/D1/ait_users/staff122/deepfake_project/outputs_deepfake_project/dfdc_subset_77_jpg/test/fake/fake_001439.jpg,1.0,0.9043660163879395,1
/media/D1/ait_users/staff122/deepfake_project/outputs_deepfake_project/dfdc_subset_77_jpg/test/fake/fake_001440.jpg,1.0,0.999914288520813,1
/media/D1/ait_users/staff122/deepfake_project/outputs_deepfake_project/dfdc_subset_77_jpg/test/fake/fake_001441.jpg,1.0,0.986957311630249,1
/media/D1/ait_users/staff122/deepfake_project/outputs_deepfake_project/dfdc_subset_77_jpg/test/fake/fake_001442.jpg,1.0,0.9993873834609985,1
/media/D1/ait_users/staff122/deepfake_project/outputs_deepfake_project/dfdc_subset_77_jpg/test/fake/fake_001443.jpg,1.0,0.031940508633852005,0
/media/D1/ait_users/staff122/deepfake_project/outputs_deepfake_project/dfdc_subset_77_jpg/test/fake/fake_001444.jpg,1.0,0.8868384957313538,1
/media/D1/ait_users/staff122/deepfake_project/outputs_deepfake_project/dfdc_subset_77_jpg/test/fake/fake_001445.jpg,1.0,0.04201623052358627,0
/media/D1/ait_users/staff122/deepfake_project/outputs_deepfake_project/dfdc_subset_77_jpg/test/fake/fake_001446.jpg,1.0,5.204809895076323e-06,0
/media/D1/ait_users/staff122/deepfake_project/outputs_deepfake_project/dfdc_subset_77_jpg/test/fake/fake_001447.jpg,1.0,0.04994046688079834,0
/media/D1/ait_users/staff122/deepfake_project/outputs_deepfake_project/dfdc_subset_77_jpg/test/fake/fake_001448.jpg,1.0,0.739071249961853,1
/media/D1/ait_users/staff122/deepfake_project/outputs_deepfake_project/dfdc_subset_77_jpg/test/fake/fake_001449.jpg,1.0,0.7698746919631958,1
/media/D1/ait_users/staff122/deepfake_project/outputs_deepfake_project/dfdc_subset_77_jpg/test/fake/fake_001450.jpg,1.0,0.9943453669548035,1
/media/D1/ait_users/staff122/deepfake_project/outputs_deepfake_project/dfdc_subset_77_jpg/test/fake/fake_001451.jpg,1.0,0.9833679795265198,1
/media/D1/ait_users/staff122/deepfake_project/outputs_deepfake_project/dfdc_subset_77_jpg/test/fake/fake_001452.jpg,1.0,0.989096999168396,1
/media/D1/ait_users/staff122/deepfake_project/outputs_deepfake_project/dfdc_subset_77_jpg/test/fake/fake_001453.jpg,1.0,0.09695667028427124,0
/media/D1/ait_users/staff122/deepfake_project/outputs_deepfake_project/dfdc_subset_77_jpg/test/fake/fake_001454.jpg,1.0,0.3192026615142822,0
/media/D1/ait_users/staff122/deepfake_project/outputs_deepfake_project/dfdc_subset_77_jpg/test/fake/fake_001455.jpg,1.0,0.9778998494148254,1
/media/D1/ait_users/staff122/deepfake_project/outputs_deepfake_project/dfdc_subset_77_jpg/test/fake/fake_001456.jpg,1.0,0.9791060090065002,1
/media/D1/ait_users/staff122/deepfake_project/outputs_deepfake_project/dfdc_subset_77_jpg/test/fake/fake_001457.jpg,1.0,0.9856180548667908,1
/media/D1/ait_users/staff122/deepfake_project/outputs_deepfake_project/dfdc_subset_77_jpg/test/fake/fake_001458.jpg,1.0,0.9591041803359985,1
/media/D1/ait_users/staff122/deepfake_project/outputs_deepfake_project/dfdc_subset_77_jpg/test/fake/fake_001459.jpg,1.0,0.9944037199020386,1
/media/D1/ait_users/staff122/deepfake_project/outputs_deepfake_project/dfdc_subset_77_jpg/test/fake/fake_001460.jpg,1.0,0.9988498687744141,1
/media/D1/ait_users/staff122/deepfake_project/outputs_deepfake_project/dfdc_subset_77_jpg/test/fake/fake_001461.jpg,1.0,0.023692063987255096,0
/media/D1/ait_users/staff122/deepfake_project/outputs_deepfake_project/dfdc_subset_77_jpg/test/fake/fake_001462.jpg,1.0,0.9999804496765137,1
/media/D1/ait_users/staff122/deepfake_project/outputs_deepfake_project/dfdc_subset_77_jpg/test/fake/fake_001463.jpg,1.0,0.9999912977218628,1
/media/D1/ait_users/staff122/deepfake_project/outputs_deepfake_project/dfdc_subset_77_jpg/test/fake/fake_001464.jpg,1.0,0.9970607161521912,1
/media/D1/ait_users/staff122/deepfake_project/outputs_deepfake_project/dfdc_subset_77_jpg/test/fake/fake_001465.jpg,1.0,0.3361532688140869,0
/media/D1/ait_users/staff122/deepfake_project/outputs_deepfake_project/dfdc_subset_77_jpg/test/fake/fake_001466.jpg,1.0,0.05487368628382683,0
/media/D1/ait_users/staff122/deepfake_project/outputs_deepfake_project/dfdc_subset_77_jpg/test/fake/fake_001467.jpg,1.0,0.305503249168396,0
/media/D1/ait_users/staff122/deepfake_project/outputs_deepfake_project/dfdc_subset_77_jpg/test/fake/fake_001468.jpg,1.0,0.6759883165359497,1
/media/D1/ait_users/staff122/deepfake_project/outputs_deepfake_project/dfdc_subset_77_jpg/test/fake/fake_001469.jpg,1.0,0.9329919219017029,1
/media/D1/ait_users/staff122/deepfake_project/outputs_deepfake_project/dfdc_subset_77_jpg/test/fake/fake_001470.jpg,1.0,0.9999979734420776,1
/media/D1/ait_users/staff122/deepfake_project/outputs_deepfake_project/dfdc_subset_77_jpg/test/fake/fake_001471.jpg,1.0,0.9997267127037048,1
/media/D1/ait_users/staff122/deepfake_project/outputs_deepfake_project/dfdc_subset_77_jpg/test/fake/fake_001472.jpg,1.0,0.0014237223658710718,0
/media/D1/ait_users/staff122/deepfake_project/outputs_deepfake_project/dfdc_subset_77_jpg/test/fake/fake_001473.jpg,1.0,0.0010210234904661775,0
/media/D1/ait_users/staff122/deepfake_project/outputs_deepfake_project/dfdc_subset_77_jpg/test/fake/fake_001474.jpg,1.0,6.581021443707868e-05,0
/media/D1/ait_users/staff122/deepfake_project/outputs_deepfake_project/dfdc_subset_77_jpg/test/fake/fake_001475.jpg,1.0,0.00030851096380501986,0
/media/D1/ait_users/staff122/deepfake_project/outputs_deepfake_project/dfdc_subset_77_jpg/test/fake/fake_001476.jpg,1.0,0.00047717022243887186,0
/media/D1/ait_users/staff122/deepfake_project/outputs_deepfake_project/dfdc_subset_77_jpg/test/fake/fake_001477.jpg,1.0,0.00013814431440550834,0
/media/D1/ait_users/staff122/deepfake_project/outputs_deepfake_project/dfdc_subset_77_jpg/test/fake/fake_001478.jpg,1.0,0.00010535318870097399,0
/media/D1/ait_users/staff122/deepfake_project/outputs_deepfake_project/dfdc_subset_77_jpg/test/fake/fake_001479.jpg,1.0,0.0003878835996147245,0
/media/D1/ait_users/staff122/deepfake_project/outputs_deepfake_project/dfdc_subset_77_jpg/test/fake/fake_001480.jpg,1.0,0.0004812389670405537,0
/media/D1/ait_users/staff122/deepfake_project/outputs_deepfake_project/dfdc_subset_77_jpg/test/fake/fake_001481.jpg,1.0,0.0005930340266786516,0
/media/D1/ait_users/staff122/deepfake_project/outputs_deepfake_project/dfdc_subset_77_jpg/test/fake/fake_001482.jpg,1.0,0.0005044792778789997,0
/media/D1/ait_users/staff122/deepfake_project/outputs_deepfake_project/dfdc_subset_77_jpg/test/fake/fake_001483.jpg,1.0,0.0009252883028239012,0
/media/D1/ait_users/staff122/deepfake_project/outputs_deepfake_project/dfdc_subset_77_jpg/test/fake/fake_001484.jpg,1.0,0.0009837389225140214,0
/media/D1/ait_users/staff122/deepfake_project/outputs_deepfake_project/dfdc_subset_77_jpg/test/fake/fake_001485.jpg,1.0,0.0009296613279730082,0
/media/D1/ait_users/staff122/deepfake_project/outputs_deepfake_project/dfdc_subset_77_jpg/test/fake/fake_001486.jpg,1.0,0.002060186117887497,0
/media/D1/ait_users/staff122/deepfake_project/outputs_deepfake_project/dfdc_subset_77_jpg/test/fake/fake_001487.jpg,1.0,0.0003237875644117594,0
/media/D1/ait_users/staff122/deepfake_project/outputs_deepfake_project/dfdc_subset_77_jpg/test/fake/fake_001488.jpg,1.0,0.0021806838922202587,0
/media/D1/ait_users/staff122/deepfake_project/outputs_deepfake_project/dfdc_subset_77_jpg/test/fake/fake_001489.jpg,1.0,0.00042134529212489724,0
/media/D1/ait_users/staff122/deepfake_project/outputs_deepfake_project/dfdc_subset_77_jpg/test/fake/fake_001490.jpg,1.0,0.00016609262092970312,0
/media/D1/ait_users/staff122/deepfake_project/outputs_deepfake_project/dfdc_subset_77_jpg/test/fake/fake_001491.jpg,1.0,0.00017797271721065044,0
/media/D1/ait_users/staff122/deepfake_project/outputs_deepfake_project/dfdc_subset_77_jpg/test/fake/fake_001492.jpg,1.0,0.00027171100373379886,0
/media/D1/ait_users/staff122/deepfake_project/outputs_deepfake_project/dfdc_subset_77_jpg/test/fake/fake_001493.jpg,1.0,0.0002638939185999334,0
/media/D1/ait_users/staff122/deepfake_project/outputs_deepfake_project/dfdc_subset_77_jpg/test/fake/fake_001494.jpg,1.0,0.0009511735406704247,0
/media/D1/ait_users/staff122/deepfake_project/outputs_deepfake_project/dfdc_subset_77_jpg/test/fake/fake_001495.jpg,1.0,0.0017938133096322417,0
/media/D1/ait_users/staff122/deepfake_project/outputs_deepfake_project/dfdc_subset_77_jpg/test/fake/fake_001496.jpg,1.0,8.515269291820005e-05,0
/media/D1/ait_users/staff122/deepfake_project/outputs_deepfake_project/dfdc_subset_77_jpg/test/fake/fake_001497.jpg,1.0,0.001160133397206664,0
/media/D1/ait_users/staff122/deepfake_project/outputs_deepfake_project/dfdc_subset_77_jpg/test/fake/fake_001498.jpg,1.0,0.0023780150804668665,0
/media/D1/ait_users/staff122/deepfake_project/outputs_deepfake_project/dfdc_subset_77_jpg/test/fake/fake_001499.jpg,1.0,0.006021649111062288,0
/media/D1/ait_users/staff122/deepfake_project/outputs_deepfake_project/dfdc_subset_77_jpg/test/fake/fake_001500.jpg,1.0,0.0023623236920684576,0
/media/D1/ait_users/staff122/deepfake_project/outputs_deepfake_project/dfdc_subset_77_jpg/test/fake/fake_001501.jpg,1.0,0.0024331153836101294,0
/media/D1/ait_users/staff122/deepfake_project/outputs_deepfake_project/dfdc_subset_77_jpg/test/fake/fake_001502.jpg,1.0,0.0013990772422403097,0
/media/D1/ait_users/staff122/deepfake_project/outputs_deepfake_project/dfdc_subset_77_jpg/test/fake/fake_001503.jpg,1.0,0.0001810382673284039,0
/media/D1/ait_users/staff122/deepfake_project/outputs_deepfake_project/dfdc_subset_77_jpg/test/fake/fake_001504.jpg,1.0,0.001578572322614491,0
/media/D1/ait_users/staff122/deepfake_project/outputs_deepfake_project/dfdc_subset_77_jpg/test/fake/fake_001505.jpg,1.0,0.003116938518360257,0
/media/D1/ait_users/staff122/deepfake_project/outputs_deepfake_project/dfdc_subset_77_jpg/test/fake/fake_001506.jpg,1.0,0.003185884328559041,0
/media/D1/ait_users/staff122/deepfake_project/outputs_deepfake_project/dfdc_subset_77_jpg/test/fake/fake_001507.jpg,1.0,0.002769608749076724,0
/media/D1/ait_users/staff122/deepfake_project/outputs_deepfake_project/dfdc_subset_77_jpg/test/fake/fake_001508.jpg,1.0,0.009757615625858307,0
/media/D1/ait_users/staff122/deepfake_project/outputs_deepfake_project/dfdc_subset_77_jpg/test/fake/fake_001509.jpg,1.0,0.00022408217773772776,0
/media/D1/ait_users/staff122/deepfake_project/outputs_deepfake_project/dfdc_subset_77_jpg/test/fake/fake_001510.jpg,1.0,0.0014712281990796328,0
/media/D1/ait_users/staff122/deepfake_project/outputs_deepfake_project/dfdc_subset_77_jpg/test/fake/fake_001511.jpg,1.0,0.005835651885718107,0
/media/D1/ait_users/staff122/deepfake_project/outputs_deepfake_project/dfdc_subset_77_jpg/test/fake/fake_001512.jpg,1.0,0.001230879919603467,0
/media/D1/ait_users/staff122/deepfake_project/outputs_deepfake_project/dfdc_subset_77_jpg/test/fake/fake_001513.jpg,1.0,0.00037031318061053753,0
/media/D1/ait_users/staff122/deepfake_project/outputs_deepfake_project/dfdc_subset_77_jpg/test/fake/fake_001514.jpg,1.0,0.00034550836426205933,0
/media/D1/ait_users/staff122/deepfake_project/outputs_deepfake_project/dfdc_subset_77_jpg/test/fake/fake_001515.jpg,1.0,0.0012488432694226503,0
/media/D1/ait_users/staff122/deepfake_project/outputs_deepfake_project/dfdc_subset_77_jpg/test/fake/fake_001516.jpg,1.0,0.0007366061327047646,0
/media/D1/ait_users/staff122/deepfake_project/outputs_deepfake_project/dfdc_subset_77_jpg/test/fake/fake_001517.jpg,1.0,0.004204112105071545,0
/media/D1/ait_users/staff122/deepfake_project/outputs_deepfake_project/dfdc_subset_77_jpg/test/fake/fake_001518.jpg,1.0,0.0003929176600649953,0
/media/D1/ait_users/staff122/deepfake_project/outputs_deepfake_project/dfdc_subset_77_jpg/test/fake/fake_001519.jpg,1.0,0.0010346987983211875,0
/media/D1/ait_users/staff122/deepfake_project/outputs_deepfake_project/dfdc_subset_77_jpg/test/fake/fake_001520.jpg,1.0,0.0020581658463925123,0
/media/D1/ait_users/staff122/deepfake_project/outputs_deepfake_project/dfdc_subset_77_jpg/test/fake/fake_001521.jpg,1.0,0.0010538192000240088,0
/media/D1/ait_users/staff122/deepfake_project/outputs_deepfake_project/dfdc_subset_77_jpg/test/fake/fake_001522.jpg,1.0,0.0033859352115541697,0
/media/D1/ait_users/staff122/deepfake_project/outputs_deepfake_project/dfdc_subset_77_jpg/test/fake/fake_001523.jpg,1.0,0.00021704737446270883,0
/media/D1/ait_users/staff122/deepfake_project/outputs_deepfake_project/dfdc_subset_77_jpg/test/fake/fake_001524.jpg,1.0,0.000460826326161623,0
/media/D1/ait_users/staff122/deepfake_project/outputs_deepfake_project/dfdc_subset_77_jpg/test/fake/fake_001525.jpg,1.0,0.00020668617798946798,0
/media/D1/ait_users/staff122/deepfake_project/outputs_deepfake_project/dfdc_subset_77_jpg/test/fake/fake_001526.jpg,1.0,0.004232354927808046,0
/media/D1/ait_users/staff122/deepfake_project/outputs_deepfake_project/dfdc_subset_77_jpg/test/fake/fake_001527.jpg,1.0,0.002552839694544673,0
/media/D1/ait_users/staff122/deepfake_project/outputs_deepfake_project/dfdc_subset_77_jpg/test/fake/fake_001528.jpg,1.0,0.0015563656343147159,0
/media/D1/ait_users/staff122/deepfake_project/outputs_deepfake_project/dfdc_subset_77_jpg/test/fake/fake_001529.jpg,1.0,0.020435567945241928,0
/media/D1/ait_users/staff122/deepfake_project/outputs_deepfake_project/dfdc_subset_77_jpg/test/fake/fake_001530.jpg,1.0,0.003759133629500866,0
/media/D1/ait_users/staff122/deepfake_project/outputs_deepfake_project/dfdc_subset_77_jpg/test/fake/fake_001531.jpg,1.0,0.000767917837947607,0
/media/D1/ait_users/staff122/deepfake_project/outputs_deepfake_project/dfdc_subset_77_jpg/test/fake/fake_001532.jpg,1.0,0.0020201189909130335,0
/media/D1/ait_users/staff122/deepfake_project/outputs_deepfake_project/dfdc_subset_77_jpg/test/fake/fake_001533.jpg,1.0,0.0022935497108846903,0
/media/D1/ait_users/staff122/deepfake_project/outputs_deepfake_project/dfdc_subset_77_jpg/test/fake/fake_001534.jpg,1.0,0.002383371815085411,0
/media/D1/ait_users/staff122/deepfake_project/outputs_deepfake_project/dfdc_subset_77_jpg/test/fake/fake_001535.jpg,1.0,0.032546013593673706,0
/media/D1/ait_users/staff122/deepfake_project/outputs_deepfake_project/dfdc_subset_77_jpg/test/fake/fake_001536.jpg,1.0,0.9999970197677612,1
/media/D1/ait_users/staff122/deepfake_project/outputs_deepfake_project/dfdc_subset_77_jpg/test/fake/fake_001537.jpg,1.0,0.9999642372131348,1
/media/D1/ait_users/staff122/deepfake_project/outputs_deepfake_project/dfdc_subset_77_jpg/test/fake/fake_001538.jpg,1.0,0.9995313882827759,1
/media/D1/ait_users/staff122/deepfake_project/outputs_deepfake_project/dfdc_subset_77_jpg/test/fake/fake_001539.jpg,1.0,0.8685063123703003,1
/media/D1/ait_users/staff122/deepfake_project/outputs_deepfake_project/dfdc_subset_77_jpg/test/fake/fake_001540.jpg,1.0,0.9998247027397156,1
/media/D1/ait_users/staff122/deepfake_project/outputs_deepfake_project/dfdc_subset_77_jpg/test/fake/fake_001541.jpg,1.0,0.9999736547470093,1
/media/D1/ait_users/staff122/deepfake_project/outputs_deepfake_project/dfdc_subset_77_jpg/test/fake/fake_001542.jpg,1.0,0.9999990463256836,1
/media/D1/ait_users/staff122/deepfake_project/outputs_deepfake_project/dfdc_subset_77_jpg/test/fake/fake_001543.jpg,1.0,0.9999979734420776,1
/media/D1/ait_users/staff122/deepfake_project/outputs_deepfake_project/dfdc_subset_77_jpg/test/fake/fake_001544.jpg,1.0,0.9999955892562866,1
/media/D1/ait_users/staff122/deepfake_project/outputs_deepfake_project/dfdc_subset_77_jpg/test/fake/fake_001545.jpg,1.0,0.9999995231628418,1
/media/D1/ait_users/staff122/deepfake_project/outputs_deepfake_project/dfdc_subset_77_jpg/test/fake/fake_001546.jpg,1.0,0.9999769926071167,1
/media/D1/ait_users/staff122/deepfake_project/outputs_deepfake_project/dfdc_subset_77_jpg/test/fake/fake_001547.jpg,1.0,0.9727398753166199,1
/media/D1/ait_users/staff122/deepfake_project/outputs_deepfake_project/dfdc_subset_77_jpg/test/fake/fake_001548.jpg,1.0,0.9939579963684082,1
/media/D1/ait_users/staff122/deepfake_project/outputs_deepfake_project/dfdc_subset_77_jpg/test/fake/fake_001549.jpg,1.0,0.916286051273346,1
/media/D1/ait_users/staff122/deepfake_project/outputs_deepfake_project/dfdc_subset_77_jpg/test/fake/fake_001550.jpg,1.0,0.9929372668266296,1
/media/D1/ait_users/staff122/deepfake_project/outputs_deepfake_project/dfdc_subset_77_jpg/test/fake/fake_001551.jpg,1.0,0.99997878074646,1
/media/D1/ait_users/staff122/deepfake_project/outputs_deepfake_project/dfdc_subset_77_jpg/test/fake/fake_001552.jpg,1.0,0.9990361928939819,1
/media/D1/ait_users/staff122/deepfake_project/outputs_deepfake_project/dfdc_subset_77_jpg/test/fake/fake_001553.jpg,1.0,0.9999978542327881,1
/media/D1/ait_users/staff122/deepfake_project/outputs_deepfake_project/dfdc_subset_77_jpg/test/fake/fake_001554.jpg,1.0,1.0,1
/media/D1/ait_users/staff122/deepfake_project/outputs_deepfake_project/dfdc_subset_77_jpg/test/fake/fake_001555.jpg,1.0,0.9999998807907104,1
/media/D1/ait_users/staff122/deepfake_project/outputs_deepfake_project/dfdc_subset_77_jpg/test/fake/fake_001556.jpg,1.0,0.9999985694885254,1
/media/D1/ait_users/staff122/deepfake_project/outputs_deepfake_project/dfdc_subset_77_jpg/test/fake/fake_001557.jpg,1.0,0.999977707862854,1
/media/D1/ait_users/staff122/deepfake_project/outputs_deepfake_project/dfdc_subset_77_jpg/test/fake/fake_001558.jpg,1.0,0.9988574981689453,1
/media/D1/ait_users/staff122/deepfake_project/outputs_deepfake_project/dfdc_subset_77_jpg/test/fake/fake_001559.jpg,1.0,0.9999303817749023,1
/media/D1/ait_users/staff122/deepfake_project/outputs_deepfake_project/dfdc_subset_77_jpg/test/fake/fake_001560.jpg,1.0,0.9999741315841675,1
/media/D1/ait_users/staff122/deepfake_project/outputs_deepfake_project/dfdc_subset_77_jpg/test/fake/fake_001561.jpg,1.0,1.0,1
/media/D1/ait_users/staff122/deepfake_project/outputs_deepfake_project/dfdc_subset_77_jpg/test/fake/fake_001562.jpg,1.0,0.999991774559021,1
/media/D1/ait_users/staff122/deepfake_project/outputs_deepfake_project/dfdc_subset_77_jpg/test/fake/fake_001563.jpg,1.0,0.999285876750946,1
/media/D1/ait_users/staff122/deepfake_project/outputs_deepfake_project/dfdc_subset_77_jpg/test/fake/fake_001564.jpg,1.0,0.9973192811012268,1
/media/D1/ait_users/staff122/deepfake_project/outputs_deepfake_project/dfdc_subset_77_jpg/test/fake/fake_001565.jpg,1.0,0.9997407793998718,1
/media/D1/ait_users/staff122/deepfake_project/outputs_deepfake_project/dfdc_subset_77_jpg/test/fake/fake_001566.jpg,1.0,0.9999921321868896,1
/media/D1/ait_users/staff122/deepfake_project/outputs_deepfake_project/dfdc_subset_77_jpg/test/fake/fake_001567.jpg,1.0,0.999997615814209,1
/media/D1/ait_users/staff122/deepfake_project/outputs_deepfake_project/dfdc_subset_77_jpg/test/fake/fake_001568.jpg,1.0,0.008322914130985737,0
/media/D1/ait_users/staff122/deepfake_project/outputs_deepfake_project/dfdc_subset_77_jpg/test/fake/fake_001569.jpg,1.0,0.157301664352417,0
/media/D1/ait_users/staff122/deepfake_project/outputs_deepfake_project/dfdc_subset_77_jpg/test/fake/fake_001570.jpg,1.0,0.002131533343344927,0
/media/D1/ait_users/staff122/deepfake_project/outputs_deepfake_project/dfdc_subset_77_jpg/test/fake/fake_001571.jpg,1.0,0.00023119807883631438,0
/media/D1/ait_users/staff122/deepfake_project/outputs_deepfake_project/dfdc_subset_77_jpg/test/fake/fake_001572.jpg,1.0,0.05606021359562874,0
/media/D1/ait_users/staff122/deepfake_project/outputs_deepfake_project/dfdc_subset_77_jpg/test/fake/fake_001573.jpg,1.0,7.889857806731015e-05,0
/media/D1/ait_users/staff122/deepfake_project/outputs_deepfake_project/dfdc_subset_77_jpg/test/fake/fake_001574.jpg,1.0,0.002053701551631093,0
/media/D1/ait_users/staff122/deepfake_project/outputs_deepfake_project/dfdc_subset_77_jpg/test/fake/fake_001575.jpg,1.0,0.0004306264454498887,0
/media/D1/ait_users/staff122/deepfake_project/outputs_deepfake_project/dfdc_subset_77_jpg/test/fake/fake_001576.jpg,1.0,0.00010429544636281207,0
/media/D1/ait_users/staff122/deepfake_project/outputs_deepfake_project/dfdc_subset_77_jpg/test/fake/fake_001577.jpg,1.0,0.0009610833949409425,0
/media/D1/ait_users/staff122/deepfake_project/outputs_deepfake_project/dfdc_subset_77_jpg/test/fake/fake_001578.jpg,1.0,0.0032050886657088995,0
/media/D1/ait_users/staff122/deepfake_project/outputs_deepfake_project/dfdc_subset_77_jpg/test/fake/fake_001579.jpg,1.0,0.023945648223161697,0
/media/D1/ait_users/staff122/deepfake_project/outputs_deepfake_project/dfdc_subset_77_jpg/test/fake/fake_001580.jpg,1.0,0.001371481572277844,0
/media/D1/ait_users/staff122/deepfake_project/outputs_deepfake_project/dfdc_subset_77_jpg/test/fake/fake_001581.jpg,1.0,0.0012365191942080855,0
/media/D1/ait_users/staff122/deepfake_project/outputs_deepfake_project/dfdc_subset_77_jpg/test/fake/fake_001582.jpg,1.0,0.14478860795497894,0
/media/D1/ait_users/staff122/deepfake_project/outputs_deepfake_project/dfdc_subset_77_jpg/test/fake/fake_001583.jpg,1.0,0.2371497005224228,0
/media/D1/ait_users/staff122/deepfake_project/outputs_deepfake_project/dfdc_subset_77_jpg/test/fake/fake_001584.jpg,1.0,5.837437493028119e-05,0
/media/D1/ait_users/staff122/deepfake_project/outputs_deepfake_project/dfdc_subset_77_jpg/test/fake/fake_001585.jpg,1.0,6.626892718486488e-05,0
/media/D1/ait_users/staff122/deepfake_project/outputs_deepfake_project/dfdc_subset_77_jpg/test/fake/fake_001586.jpg,1.0,0.0006919851875863969,0
/media/D1/ait_users/staff122/deepfake_project/outputs_deepfake_project/dfdc_subset_77_jpg/test/fake/fake_001587.jpg,1.0,0.06632950156927109,0
/media/D1/ait_users/staff122/deepfake_project/outputs_deepfake_project/dfdc_subset_77_jpg/test/fake/fake_001588.jpg,1.0,0.0030192795675247908,0
/media/D1/ait_users/staff122/deepfake_project/outputs_deepfake_project/dfdc_subset_77_jpg/test/fake/fake_001589.jpg,1.0,0.9453266263008118,1
/media/D1/ait_users/staff122/deepfake_project/outputs_deepfake_project/dfdc_subset_77_jpg/test/fake/fake_001590.jpg,1.0,0.0004933039308525622,0
/media/D1/ait_users/staff122/deepfake_project/outputs_deepfake_project/dfdc_subset_77_jpg/test/fake/fake_001591.jpg,1.0,0.00017508490418549627,0
/media/D1/ait_users/staff122/deepfake_project/outputs_deepfake_project/dfdc_subset_77_jpg/test/fake/fake_001592.jpg,1.0,5.097303073853254e-05,0
/media/D1/ait_users/staff122/deepfake_project/outputs_deepfake_project/dfdc_subset_77_jpg/test/fake/fake_001593.jpg,1.0,1.4009134247316979e-05,0
/media/D1/ait_users/staff122/deepfake_project/outputs_deepfake_project/dfdc_subset_77_jpg/test/fake/fake_001594.jpg,1.0,8.167923078872263e-05,0
/media/D1/ait_users/staff122/deepfake_project/outputs_deepfake_project/dfdc_subset_77_jpg/test/fake/fake_001595.jpg,1.0,0.029458897188305855,0
/media/D1/ait_users/staff122/deepfake_project/outputs_deepfake_project/dfdc_subset_77_jpg/test/fake/fake_001596.jpg,1.0,2.7050953576690517e-05,0
/media/D1/ait_users/staff122/deepfake_project/outputs_deepfake_project/dfdc_subset_77_jpg/test/fake/fake_001597.jpg,1.0,0.0001643193536438048,0
/media/D1/ait_users/staff122/deepfake_project/outputs_deepfake_project/dfdc_subset_77_jpg/test/fake/fake_001598.jpg,1.0,0.015107964165508747,0
/media/D1/ait_users/staff122/deepfake_project/outputs_deepfake_project/dfdc_subset_77_jpg/test/fake/fake_001599.jpg,1.0,8.863539551384747e-05,0
/media/D1/ait_users/staff122/deepfake_project/outputs_deepfake_project/dfdc_subset_77_jpg/test/fake/fake_001600.jpg,1.0,0.9998908042907715,1
/media/D1/ait_users/staff122/deepfake_project/outputs_deepfake_project/dfdc_subset_77_jpg/test/fake/fake_001601.jpg,1.0,0.9999880790710449,1
/media/D1/ait_users/staff122/deepfake_project/outputs_deepfake_project/dfdc_subset_77_jpg/test/fake/fake_001602.jpg,1.0,0.9999948740005493,1
/media/D1/ait_users/staff122/deepfake_project/outputs_deepfake_project/dfdc_subset_77_jpg/test/fake/fake_001603.jpg,1.0,0.9999992847442627,1
/media/D1/ait_users/staff122/deepfake_project/outputs_deepfake_project/dfdc_subset_77_jpg/test/fake/fake_001604.jpg,1.0,1.0,1
/media/D1/ait_users/staff122/deepfake_project/outputs_deepfake_project/dfdc_subset_77_jpg/test/fake/fake_001605.jpg,1.0,0.9997866749763489,1
/media/D1/ait_users/staff122/deepfake_project/outputs_deepfake_project/dfdc_subset_77_jpg/test/fake/fake_001606.jpg,1.0,0.9999754428863525,1
/media/D1/ait_users/staff122/deepfake_project/outputs_deepfake_project/dfdc_subset_77_jpg/test/fake/fake_001607.jpg,1.0,0.9999970197677612,1
/media/D1/ait_users/staff122/deepfake_project/outputs_deepfake_project/dfdc_subset_77_jpg/test/fake/fake_001608.jpg,1.0,0.9987863898277283,1
/media/D1/ait_users/staff122/deepfake_project/outputs_deepfake_project/dfdc_subset_77_jpg/test/fake/fake_001609.jpg,1.0,0.9999945163726807,1
/media/D1/ait_users/staff122/deepfake_project/outputs_deepfake_project/dfdc_subset_77_jpg/test/fake/fake_001610.jpg,1.0,0.998823344707489,1
/media/D1/ait_users/staff122/deepfake_project/outputs_deepfake_project/dfdc_subset_77_jpg/test/fake/fake_001611.jpg,1.0,0.9999696016311646,1
/media/D1/ait_users/staff122/deepfake_project/outputs_deepfake_project/dfdc_subset_77_jpg/test/fake/fake_001612.jpg,1.0,0.9999971389770508,1
/media/D1/ait_users/staff122/deepfake_project/outputs_deepfake_project/dfdc_subset_77_jpg/test/fake/fake_001613.jpg,1.0,0.9999724626541138,1
/media/D1/ait_users/staff122/deepfake_project/outputs_deepfake_project/dfdc_subset_77_jpg/test/fake/fake_001614.jpg,1.0,0.9999984502792358,1
/media/D1/ait_users/staff122/deepfake_project/outputs_deepfake_project/dfdc_subset_77_jpg/test/fake/fake_001615.jpg,1.0,0.9999933242797852,1
/media/D1/ait_users/staff122/deepfake_project/outputs_deepfake_project/dfdc_subset_77_jpg/test/fake/fake_001616.jpg,1.0,0.9999943971633911,1
/media/D1/ait_users/staff122/deepfake_project/outputs_deepfake_project/dfdc_subset_77_jpg/test/fake/fake_001617.jpg,1.0,0.9999997615814209,1
/media/D1/ait_users/staff122/deepfake_project/outputs_deepfake_project/dfdc_subset_77_jpg/test/fake/fake_001618.jpg,1.0,0.9999983310699463,1
/media/D1/ait_users/staff122/deepfake_project/outputs_deepfake_project/dfdc_subset_77_jpg/test/fake/fake_001619.jpg,1.0,0.9999955892562866,1
/media/D1/ait_users/staff122/deepfake_project/outputs_deepfake_project/dfdc_subset_77_jpg/test/fake/fake_001620.jpg,1.0,1.0,1
/media/D1/ait_users/staff122/deepfake_project/outputs_deepfake_project/dfdc_subset_77_jpg/test/fake/fake_001621.jpg,1.0,0.999816358089447,1
/media/D1/ait_users/staff122/deepfake_project/outputs_deepfake_project/dfdc_subset_77_jpg/test/fake/fake_001622.jpg,1.0,0.9999994039535522,1
/media/D1/ait_users/staff122/deepfake_project/outputs_deepfake_project/dfdc_subset_77_jpg/test/fake/fake_001623.jpg,1.0,1.0,1
/media/D1/ait_users/staff122/deepfake_project/outputs_deepfake_project/dfdc_subset_77_jpg/test/fake/fake_001624.jpg,1.0,0.9999983310699463,1
/media/D1/ait_users/staff122/deepfake_project/outputs_deepfake_project/dfdc_subset_77_jpg/test/fake/fake_001625.jpg,1.0,0.9999978542327881,1
/media/D1/ait_users/staff122/deepfake_project/outputs_deepfake_project/dfdc_subset_77_jpg/test/fake/fake_001626.jpg,1.0,0.9999843835830688,1
/media/D1/ait_users/staff122/deepfake_project/outputs_deepfake_project/dfdc_subset_77_jpg/test/fake/fake_001627.jpg,1.0,0.9999986886978149,1
/media/D1/ait_users/staff122/deepfake_project/outputs_deepfake_project/dfdc_subset_77_jpg/test/fake/fake_001628.jpg,1.0,0.9993475079536438,1
/media/D1/ait_users/staff122/deepfake_project/outputs_deepfake_project/dfdc_subset_77_jpg/test/fake/fake_001629.jpg,1.0,0.9999951124191284,1
/media/D1/ait_users/staff122/deepfake_project/outputs_deepfake_project/dfdc_subset_77_jpg/test/fake/fake_001630.jpg,1.0,0.9999635219573975,1
/media/D1/ait_users/staff122/deepfake_project/outputs_deepfake_project/dfdc_subset_77_jpg/test/fake/fake_001631.jpg,1.0,0.9999037981033325,1
/media/D1/ait_users/staff122/deepfake_project/outputs_deepfake_project/dfdc_subset_77_jpg/test/fake/fake_001632.jpg,1.0,0.9793121814727783,1
/media/D1/ait_users/staff122/deepfake_project/outputs_deepfake_project/dfdc_subset_77_jpg/test/fake/fake_001633.jpg,1.0,0.9980997443199158,1
/media/D1/ait_users/staff122/deepfake_project/outputs_deepfake_project/dfdc_subset_77_jpg/test/fake/fake_001634.jpg,1.0,0.0027654909063130617,0
/media/D1/ait_users/staff122/deepfake_project/outputs_deepfake_project/dfdc_subset_77_jpg/test/fake/fake_001635.jpg,1.0,0.003818204626441002,0
/media/D1/ait_users/staff122/deepfake_project/outputs_deepfake_project/dfdc_subset_77_jpg/test/fake/fake_001636.jpg,1.0,0.2523956894874573,0
/media/D1/ait_users/staff122/deepfake_project/outputs_deepfake_project/dfdc_subset_77_jpg/test/fake/fake_001637.jpg,1.0,0.00318741868250072,0
/media/D1/ait_users/staff122/deepfake_project/outputs_deepfake_project/dfdc_subset_77_jpg/test/fake/fake_001638.jpg,1.0,0.009693198837339878,0
/media/D1/ait_users/staff122/deepfake_project/outputs_deepfake_project/dfdc_subset_77_jpg/test/fake/fake_001639.jpg,1.0,0.023251933977007866,0
/media/D1/ait_users/staff122/deepfake_project/outputs_deepfake_project/dfdc_subset_77_jpg/test/fake/fake_001640.jpg,1.0,0.0059740180149674416,0
/media/D1/ait_users/staff122/deepfake_project/outputs_deepfake_project/dfdc_subset_77_jpg/test/fake/fake_001641.jpg,1.0,0.9879194498062134,1
/media/D1/ait_users/staff122/deepfake_project/outputs_deepfake_project/dfdc_subset_77_jpg/test/fake/fake_001642.jpg,1.0,0.0037588942795991898,0
/media/D1/ait_users/staff122/deepfake_project/outputs_deepfake_project/dfdc_subset_77_jpg/test/fake/fake_001643.jpg,1.0,0.00018394780636299402,0
/media/D1/ait_users/staff122/deepfake_project/outputs_deepfake_project/dfdc_subset_77_jpg/test/fake/fake_001644.jpg,1.0,0.09464497119188309,0
/media/D1/ait_users/staff122/deepfake_project/outputs_deepfake_project/dfdc_subset_77_jpg/test/fake/fake_001645.jpg,1.0,0.0005290600238367915,0
/media/D1/ait_users/staff122/deepfake_project/outputs_deepfake_project/dfdc_subset_77_jpg/test/fake/fake_001646.jpg,1.0,0.0003974013670813292,0
/media/D1/ait_users/staff122/deepfake_project/outputs_deepfake_project/dfdc_subset_77_jpg/test/fake/fake_001647.jpg,1.0,0.0013548324350267649,0
/media/D1/ait_users/staff122/deepfake_project/outputs_deepfake_project/dfdc_subset_77_jpg/test/fake/fake_001648.jpg,1.0,0.00012278821668587625,0
/media/D1/ait_users/staff122/deepfake_project/outputs_deepfake_project/dfdc_subset_77_jpg/test/fake/fake_001649.jpg,1.0,0.0002740274358075112,0
/media/D1/ait_users/staff122/deepfake_project/outputs_deepfake_project/dfdc_subset_77_jpg/test/fake/fake_001650.jpg,1.0,0.0027688753325492144,0
/media/D1/ait_users/staff122/deepfake_project/outputs_deepfake_project/dfdc_subset_77_jpg/test/fake/fake_001651.jpg,1.0,0.0005037455121055245,0
/media/D1/ait_users/staff122/deepfake_project/outputs_deepfake_project/dfdc_subset_77_jpg/test/fake/fake_001652.jpg,1.0,0.0012563158525153995,0
/media/D1/ait_users/staff122/deepfake_project/outputs_deepfake_project/dfdc_subset_77_jpg/test/fake/fake_001653.jpg,1.0,0.0011201142333447933,0
/media/D1/ait_users/staff122/deepfake_project/outputs_deepfake_project/dfdc_subset_77_jpg/test/fake/fake_001654.jpg,1.0,0.014245514757931232,0
/media/D1/ait_users/staff122/deepfake_project/outputs_deepfake_project/dfdc_subset_77_jpg/test/fake/fake_001655.jpg,1.0,0.0005331409629434347,0
/media/D1/ait_users/staff122/deepfake_project/outputs_deepfake_project/dfdc_subset_77_jpg/test/fake/fake_001656.jpg,1.0,3.7309077015379444e-05,0
/media/D1/ait_users/staff122/deepfake_project/outputs_deepfake_project/dfdc_subset_77_jpg/test/fake/fake_001657.jpg,1.0,0.0016292870277538896,0
/media/D1/ait_users/staff122/deepfake_project/outputs_deepfake_project/dfdc_subset_77_jpg/test/fake/fake_001658.jpg,1.0,0.015133777633309364,0
/media/D1/ait_users/staff122/deepfake_project/outputs_deepfake_project/dfdc_subset_77_jpg/test/fake/fake_001659.jpg,1.0,0.02344956248998642,0
/media/D1/ait_users/staff122/deepfake_project/outputs_deepfake_project/dfdc_subset_77_jpg/test/fake/fake_001660.jpg,1.0,0.8884508609771729,1
/media/D1/ait_users/staff122/deepfake_project/outputs_deepfake_project/dfdc_subset_77_jpg/test/fake/fake_001661.jpg,1.0,0.16053171455860138,0
/media/D1/ait_users/staff122/deepfake_project/outputs_deepfake_project/dfdc_subset_77_jpg/test/fake/fake_001662.jpg,1.0,0.003501522820442915,0
/media/D1/ait_users/staff122/deepfake_project/outputs_deepfake_project/dfdc_subset_77_jpg/test/fake/fake_001663.jpg,1.0,0.002846368122845888,0
/media/D1/ait_users/staff122/deepfake_project/outputs_deepfake_project/dfdc_subset_77_jpg/test/fake/fake_001664.jpg,1.0,0.9655976295471191,1
/media/D1/ait_users/staff122/deepfake_project/outputs_deepfake_project/dfdc_subset_77_jpg/test/fake/fake_001665.jpg,1.0,0.9849803447723389,1
/media/D1/ait_users/staff122/deepfake_project/outputs_deepfake_project/dfdc_subset_77_jpg/test/fake/fake_001666.jpg,1.0,0.9991154074668884,1
/media/D1/ait_users/staff122/deepfake_project/outputs_deepfake_project/dfdc_subset_77_jpg/test/fake/fake_001667.jpg,1.0,0.9823179244995117,1
/media/D1/ait_users/staff122/deepfake_project/outputs_deepfake_project/dfdc_subset_77_jpg/test/fake/fake_001668.jpg,1.0,0.999321699142456,1
/media/D1/ait_users/staff122/deepfake_project/outputs_deepfake_project/dfdc_subset_77_jpg/test/fake/fake_001669.jpg,1.0,0.987555205821991,1
/media/D1/ait_users/staff122/deepfake_project/outputs_deepfake_project/dfdc_subset_77_jpg/test/fake/fake_001670.jpg,1.0,0.9547421336174011,1
/media/D1/ait_users/staff122/deepfake_project/outputs_deepfake_project/dfdc_subset_77_jpg/test/fake/fake_001671.jpg,1.0,0.9977672100067139,1
/media/D1/ait_users/staff122/deepfake_project/outputs_deepfake_project/dfdc_subset_77_jpg/test/fake/fake_001672.jpg,1.0,0.9955312609672546,1
/media/D1/ait_users/staff122/deepfake_project/outputs_deepfake_project/dfdc_subset_77_jpg/test/fake/fake_001673.jpg,1.0,0.9994120597839355,1
/media/D1/ait_users/staff122/deepfake_project/outputs_deepfake_project/dfdc_subset_77_jpg/test/fake/fake_001674.jpg,1.0,0.999855637550354,1
/media/D1/ait_users/staff122/deepfake_project/outputs_deepfake_project/dfdc_subset_77_jpg/test/fake/fake_001675.jpg,1.0,0.9993422627449036,1
/media/D1/ait_users/staff122/deepfake_project/outputs_deepfake_project/dfdc_subset_77_jpg/test/fake/fake_001676.jpg,1.0,0.9949682354927063,1
/media/D1/ait_users/staff122/deepfake_project/outputs_deepfake_project/dfdc_subset_77_jpg/test/fake/fake_001677.jpg,1.0,0.9888133406639099,1
/media/D1/ait_users/staff122/deepfake_project/outputs_deepfake_project/dfdc_subset_77_jpg/test/fake/fake_001678.jpg,1.0,0.9886351823806763,1
/media/D1/ait_users/staff122/deepfake_project/outputs_deepfake_project/dfdc_subset_77_jpg/test/fake/fake_001679.jpg,1.0,0.9978516101837158,1
/media/D1/ait_users/staff122/deepfake_project/outputs_deepfake_project/dfdc_subset_77_jpg/test/fake/fake_001680.jpg,1.0,0.8901532292366028,1
/media/D1/ait_users/staff122/deepfake_project/outputs_deepfake_project/dfdc_subset_77_jpg/test/fake/fake_001681.jpg,1.0,0.9999022483825684,1
/media/D1/ait_users/staff122/deepfake_project/outputs_deepfake_project/dfdc_subset_77_jpg/test/fake/fake_001682.jpg,1.0,0.991619348526001,1
/media/D1/ait_users/staff122/deepfake_project/outputs_deepfake_project/dfdc_subset_77_jpg/test/fake/fake_001683.jpg,1.0,0.9097124934196472,1
/media/D1/ait_users/staff122/deepfake_project/outputs_deepfake_project/dfdc_subset_77_jpg/test/fake/fake_001684.jpg,1.0,0.9988112449645996,1
/media/D1/ait_users/staff122/deepfake_project/outputs_deepfake_project/dfdc_subset_77_jpg/test/fake/fake_001685.jpg,1.0,0.9765086770057678,1
/media/D1/ait_users/staff122/deepfake_project/outputs_deepfake_project/dfdc_subset_77_jpg/test/fake/fake_001686.jpg,1.0,0.9996343851089478,1
/media/D1/ait_users/staff122/deepfake_project/outputs_deepfake_project/dfdc_subset_77_jpg/test/fake/fake_001687.jpg,1.0,0.7354776263237,1
/media/D1/ait_users/staff122/deepfake_project/outputs_deepfake_project/dfdc_subset_77_jpg/test/fake/fake_001688.jpg,1.0,0.9904678463935852,1
/media/D1/ait_users/staff122/deepfake_project/outputs_deepfake_project/dfdc_subset_77_jpg/test/fake/fake_001689.jpg,1.0,0.12047548592090607,0
/media/D1/ait_users/staff122/deepfake_project/outputs_deepfake_project/dfdc_subset_77_jpg/test/fake/fake_001690.jpg,1.0,0.33846160769462585,0
/media/D1/ait_users/staff122/deepfake_project/outputs_deepfake_project/dfdc_subset_77_jpg/test/fake/fake_001691.jpg,1.0,0.7638956904411316,1
/media/D1/ait_users/staff122/deepfake_project/outputs_deepfake_project/dfdc_subset_77_jpg/test/fake/fake_001692.jpg,1.0,0.9909981489181519,1
/media/D1/ait_users/staff122/deepfake_project/outputs_deepfake_project/dfdc_subset_77_jpg/test/fake/fake_001693.jpg,1.0,0.16138328611850739,0
/media/D1/ait_users/staff122/deepfake_project/outputs_deepfake_project/dfdc_subset_77_jpg/test/fake/fake_001694.jpg,1.0,0.9962988495826721,1
/media/D1/ait_users/staff122/deepfake_project/outputs_deepfake_project/dfdc_subset_77_jpg/test/fake/fake_001695.jpg,1.0,0.9869117736816406,1
/media/D1/ait_users/staff122/deepfake_project/outputs_deepfake_project/dfdc_subset_77_jpg/test/fake/fake_001696.jpg,1.0,0.3808234930038452,0
/media/D1/ait_users/staff122/deepfake_project/outputs_deepfake_project/dfdc_subset_77_jpg/test/fake/fake_001697.jpg,1.0,0.7500452399253845,1
/media/D1/ait_users/staff122/deepfake_project/outputs_deepfake_project/dfdc_subset_77_jpg/test/fake/fake_001698.jpg,1.0,0.9917603135108948,1
/media/D1/ait_users/staff122/deepfake_project/outputs_deepfake_project/dfdc_subset_77_jpg/test/fake/fake_001699.jpg,1.0,0.9999943971633911,1
/media/D1/ait_users/staff122/deepfake_project/outputs_deepfake_project/dfdc_subset_77_jpg/test/fake/fake_001700.jpg,1.0,0.09033642709255219,0
/media/D1/ait_users/staff122/deepfake_project/outputs_deepfake_project/dfdc_subset_77_jpg/test/fake/fake_001701.jpg,1.0,0.9999998807907104,1
/media/D1/ait_users/staff122/deepfake_project/outputs_deepfake_project/dfdc_subset_77_jpg/test/fake/fake_001702.jpg,1.0,0.9035394191741943,1
/media/D1/ait_users/staff122/deepfake_project/outputs_deepfake_project/dfdc_subset_77_jpg/test/fake/fake_001703.jpg,1.0,0.9520481824874878,1
/media/D1/ait_users/staff122/deepfake_project/outputs_deepfake_project/dfdc_subset_77_jpg/test/fake/fake_001704.jpg,1.0,0.4642540216445923,0
/media/D1/ait_users/staff122/deepfake_project/outputs_deepfake_project/dfdc_subset_77_jpg/test/fake/fake_001705.jpg,1.0,0.8473408222198486,1
/media/D1/ait_users/staff122/deepfake_project/outputs_deepfake_project/dfdc_subset_77_jpg/test/fake/fake_001706.jpg,1.0,0.9963690042495728,1
/media/D1/ait_users/staff122/deepfake_project/outputs_deepfake_project/dfdc_subset_77_jpg/test/fake/fake_001707.jpg,1.0,0.533676028251648,1
/media/D1/ait_users/staff122/deepfake_project/outputs_deepfake_project/dfdc_subset_77_jpg/test/fake/fake_001708.jpg,1.0,0.8962671756744385,1
/media/D1/ait_users/staff122/deepfake_project/outputs_deepfake_project/dfdc_subset_77_jpg/test/fake/fake_001709.jpg,1.0,1.0,1
/media/D1/ait_users/staff122/deepfake_project/outputs_deepfake_project/dfdc_subset_77_jpg/test/fake/fake_001710.jpg,1.0,0.9981513619422913,1
/media/D1/ait_users/staff122/deepfake_project/outputs_deepfake_project/dfdc_subset_77_jpg/test/fake/fake_001711.jpg,1.0,0.999975323677063,1
/media/D1/ait_users/staff122/deepfake_project/outputs_deepfake_project/dfdc_subset_77_jpg/test/fake/fake_001712.jpg,1.0,0.37054166197776794,0
/media/D1/ait_users/staff122/deepfake_project/outputs_deepfake_project/dfdc_subset_77_jpg/test/fake/fake_001713.jpg,1.0,0.9999995231628418,1
/media/D1/ait_users/staff122/deepfake_project/outputs_deepfake_project/dfdc_subset_77_jpg/test/fake/fake_001714.jpg,1.0,0.9999997615814209,1
/media/D1/ait_users/staff122/deepfake_project/outputs_deepfake_project/dfdc_subset_77_jpg/test/fake/fake_001715.jpg,1.0,0.9805984497070312,1
/media/D1/ait_users/staff122/deepfake_project/outputs_deepfake_project/dfdc_subset_77_jpg/test/fake/fake_001716.jpg,1.0,0.8784963488578796,1
/media/D1/ait_users/staff122/deepfake_project/outputs_deepfake_project/dfdc_subset_77_jpg/test/fake/fake_001717.jpg,1.0,0.9592604637145996,1
/media/D1/ait_users/staff122/deepfake_project/outputs_deepfake_project/dfdc_subset_77_jpg/test/fake/fake_001718.jpg,1.0,0.9155876040458679,1
/media/D1/ait_users/staff122/deepfake_project/outputs_deepfake_project/dfdc_subset_77_jpg/test/fake/fake_001719.jpg,1.0,1.0,1
/media/D1/ait_users/staff122/deepfake_project/outputs_deepfake_project/dfdc_subset_77_jpg/test/fake/fake_001720.jpg,1.0,0.9999997615814209,1
/media/D1/ait_users/staff122/deepfake_project/outputs_deepfake_project/dfdc_subset_77_jpg/test/fake/fake_001721.jpg,1.0,0.9999997615814209,1
/media/D1/ait_users/staff122/deepfake_project/outputs_deepfake_project/dfdc_subset_77_jpg/test/fake/fake_001722.jpg,1.0,0.024235796183347702,0
/media/D1/ait_users/staff122/deepfake_project/outputs_deepfake_project/dfdc_subset_77_jpg/test/fake/fake_001723.jpg,1.0,0.7478529214859009,1
/media/D1/ait_users/staff122/deepfake_project/outputs_deepfake_project/dfdc_subset_77_jpg/test/fake/fake_001724.jpg,1.0,0.9826503396034241,1
/media/D1/ait_users/staff122/deepfake_project/outputs_deepfake_project/dfdc_subset_77_jpg/test/fake/fake_001725.jpg,1.0,0.9595503807067871,1
/media/D1/ait_users/staff122/deepfake_project/outputs_deepfake_project/dfdc_subset_77_jpg/test/fake/fake_001726.jpg,1.0,1.0,1
/media/D1/ait_users/staff122/deepfake_project/outputs_deepfake_project/dfdc_subset_77_jpg/test/fake/fake_001727.jpg,1.0,0.8677747845649719,1
/media/D1/ait_users/staff122/deepfake_project/outputs_deepfake_project/dfdc_subset_77_jpg/test/fake/fake_001728.jpg,1.0,0.0048339106142520905,0
/media/D1/ait_users/staff122/deepfake_project/outputs_deepfake_project/dfdc_subset_77_jpg/test/fake/fake_001729.jpg,1.0,0.9987799525260925,1
/media/D1/ait_users/staff122/deepfake_project/outputs_deepfake_project/dfdc_subset_77_jpg/test/fake/fake_001730.jpg,1.0,0.9882006645202637,1
/media/D1/ait_users/staff122/deepfake_project/outputs_deepfake_project/dfdc_subset_77_jpg/test/fake/fake_001731.jpg,1.0,0.012902374379336834,0
/media/D1/ait_users/staff122/deepfake_project/outputs_deepfake_project/dfdc_subset_77_jpg/test/fake/fake_001732.jpg,1.0,0.008044583722949028,0
/media/D1/ait_users/staff122/deepfake_project/outputs_deepfake_project/dfdc_subset_77_jpg/test/fake/fake_001733.jpg,1.0,0.7156215310096741,1
/media/D1/ait_users/staff122/deepfake_project/outputs_deepfake_project/dfdc_subset_77_jpg/test/fake/fake_001734.jpg,1.0,0.8376626968383789,1
/media/D1/ait_users/staff122/deepfake_project/outputs_deepfake_project/dfdc_subset_77_jpg/test/fake/fake_001735.jpg,1.0,0.04551894962787628,0
/media/D1/ait_users/staff122/deepfake_project/outputs_deepfake_project/dfdc_subset_77_jpg/test/fake/fake_001736.jpg,1.0,0.009869570843875408,0
/media/D1/ait_users/staff122/deepfake_project/outputs_deepfake_project/dfdc_subset_77_jpg/test/fake/fake_001737.jpg,1.0,0.09987689554691315,0
/media/D1/ait_users/staff122/deepfake_project/outputs_deepfake_project/dfdc_subset_77_jpg/test/fake/fake_001738.jpg,1.0,2.940412741736509e-05,0
/media/D1/ait_users/staff122/deepfake_project/outputs_deepfake_project/dfdc_subset_77_jpg/test/fake/fake_001739.jpg,1.0,0.9764594435691833,1
/media/D1/ait_users/staff122/deepfake_project/outputs_deepfake_project/dfdc_subset_77_jpg/test/fake/fake_001740.jpg,1.0,0.9858714938163757,1
/media/D1/ait_users/staff122/deepfake_project/outputs_deepfake_project/dfdc_subset_77_jpg/test/fake/fake_001741.jpg,1.0,0.9777933955192566,1
/media/D1/ait_users/staff122/deepfake_project/outputs_deepfake_project/dfdc_subset_77_jpg/test/fake/fake_001742.jpg,1.0,0.026554130017757416,0
/media/D1/ait_users/staff122/deepfake_project/outputs_deepfake_project/dfdc_subset_77_jpg/test/fake/fake_001743.jpg,1.0,0.030653223395347595,0
/media/D1/ait_users/staff122/deepfake_project/outputs_deepfake_project/dfdc_subset_77_jpg/test/fake/fake_001744.jpg,1.0,0.017987582832574844,0
/media/D1/ait_users/staff122/deepfake_project/outputs_deepfake_project/dfdc_subset_77_jpg/test/fake/fake_001745.jpg,1.0,0.0023913895711302757,0
/media/D1/ait_users/staff122/deepfake_project/outputs_deepfake_project/dfdc_subset_77_jpg/test/fake/fake_001746.jpg,1.0,0.04947208985686302,0
/media/D1/ait_users/staff122/deepfake_project/outputs_deepfake_project/dfdc_subset_77_jpg/test/fake/fake_001747.jpg,1.0,0.5021048784255981,1
/media/D1/ait_users/staff122/deepfake_project/outputs_deepfake_project/dfdc_subset_77_jpg/test/fake/fake_001748.jpg,1.0,0.03187039494514465,0
/media/D1/ait_users/staff122/deepfake_project/outputs_deepfake_project/dfdc_subset_77_jpg/test/fake/fake_001749.jpg,1.0,0.2926362156867981,0
/media/D1/ait_users/staff122/deepfake_project/outputs_deepfake_project/dfdc_subset_77_jpg/test/fake/fake_001750.jpg,1.0,0.44322988390922546,0
/media/D1/ait_users/staff122/deepfake_project/outputs_deepfake_project/dfdc_subset_77_jpg/test/fake/fake_001751.jpg,1.0,0.9337971806526184,1
/media/D1/ait_users/staff122/deepfake_project/outputs_deepfake_project/dfdc_subset_77_jpg/test/fake/fake_001752.jpg,1.0,0.9997559189796448,1
/media/D1/ait_users/staff122/deepfake_project/outputs_deepfake_project/dfdc_subset_77_jpg/test/fake/fake_001753.jpg,1.0,0.9998186230659485,1
/media/D1/ait_users/staff122/deepfake_project/outputs_deepfake_project/dfdc_subset_77_jpg/test/fake/fake_001754.jpg,1.0,0.03451690450310707,0
/media/D1/ait_users/staff122/deepfake_project/outputs_deepfake_project/dfdc_subset_77_jpg/test/fake/fake_001755.jpg,1.0,0.7362921833992004,1
/media/D1/ait_users/staff122/deepfake_project/outputs_deepfake_project/dfdc_subset_77_jpg/test/fake/fake_001756.jpg,1.0,0.9732334017753601,1
/media/D1/ait_users/staff122/deepfake_project/outputs_deepfake_project/dfdc_subset_77_jpg/test/fake/fake_001757.jpg,1.0,0.11109448969364166,0
/media/D1/ait_users/staff122/deepfake_project/outputs_deepfake_project/dfdc_subset_77_jpg/test/fake/fake_001758.jpg,1.0,0.2569725811481476,0
/media/D1/ait_users/staff122/deepfake_project/outputs_deepfake_project/dfdc_subset_77_jpg/test/fake/fake_001759.jpg,1.0,0.0005873363697901368,0
/media/D1/ait_users/staff122/deepfake_project/outputs_deepfake_project/dfdc_subset_77_jpg/test/fake/fake_001760.jpg,1.0,0.9998760223388672,1
/media/D1/ait_users/staff122/deepfake_project/outputs_deepfake_project/dfdc_subset_77_jpg/test/fake/fake_001761.jpg,1.0,0.997344434261322,1
/media/D1/ait_users/staff122/deepfake_project/outputs_deepfake_project/dfdc_subset_77_jpg/test/fake/fake_001762.jpg,1.0,0.9999998807907104,1
/media/D1/ait_users/staff122/deepfake_project/outputs_deepfake_project/dfdc_subset_77_jpg/test/fake/fake_001763.jpg,1.0,0.9999910593032837,1
/media/D1/ait_users/staff122/deepfake_project/outputs_deepfake_project/dfdc_subset_77_jpg/test/fake/fake_001764.jpg,1.0,0.9999940395355225,1
/media/D1/ait_users/staff122/deepfake_project/outputs_deepfake_project/dfdc_subset_77_jpg/test/fake/fake_001765.jpg,1.0,0.9999732971191406,1
/media/D1/ait_users/staff122/deepfake_project/outputs_deepfake_project/dfdc_subset_77_jpg/test/fake/fake_001766.jpg,1.0,0.9999767541885376,1
/media/D1/ait_users/staff122/deepfake_project/outputs_deepfake_project/dfdc_subset_77_jpg/test/fake/fake_001767.jpg,1.0,0.9999783039093018,1
/media/D1/ait_users/staff122/deepfake_project/outputs_deepfake_project/dfdc_subset_77_jpg/test/fake/fake_001768.jpg,1.0,0.999562680721283,1
/media/D1/ait_users/staff122/deepfake_project/outputs_deepfake_project/dfdc_subset_77_jpg/test/fake/fake_001769.jpg,1.0,0.9995232820510864,1
/media/D1/ait_users/staff122/deepfake_project/outputs_deepfake_project/dfdc_subset_77_jpg/test/fake/fake_001770.jpg,1.0,0.9999102354049683,1
/media/D1/ait_users/staff122/deepfake_project/outputs_deepfake_project/dfdc_subset_77_jpg/test/fake/fake_001771.jpg,1.0,0.9998683929443359,1
/media/D1/ait_users/staff122/deepfake_project/outputs_deepfake_project/dfdc_subset_77_jpg/test/fake/fake_001772.jpg,1.0,0.9999979734420776,1
/media/D1/ait_users/staff122/deepfake_project/outputs_deepfake_project/dfdc_subset_77_jpg/test/fake/fake_001773.jpg,1.0,0.9989343285560608,1
/media/D1/ait_users/staff122/deepfake_project/outputs_deepfake_project/dfdc_subset_77_jpg/test/fake/fake_001774.jpg,1.0,0.9789294600486755,1
/media/D1/ait_users/staff122/deepfake_project/outputs_deepfake_project/dfdc_subset_77_jpg/test/fake/fake_001775.jpg,1.0,0.9206953048706055,1
/media/D1/ait_users/staff122/deepfake_project/outputs_deepfake_project/dfdc_subset_77_jpg/test/fake/fake_001776.jpg,1.0,0.955784261226654,1
/media/D1/ait_users/staff122/deepfake_project/outputs_deepfake_project/dfdc_subset_77_jpg/test/fake/fake_001777.jpg,1.0,0.9950954914093018,1
/media/D1/ait_users/staff122/deepfake_project/outputs_deepfake_project/dfdc_subset_77_jpg/test/fake/fake_001778.jpg,1.0,0.9695000648498535,1
/media/D1/ait_users/staff122/deepfake_project/outputs_deepfake_project/dfdc_subset_77_jpg/test/fake/fake_001779.jpg,1.0,0.9999985694885254,1
/media/D1/ait_users/staff122/deepfake_project/outputs_deepfake_project/dfdc_subset_77_jpg/test/fake/fake_001780.jpg,1.0,0.9998996257781982,1
/media/D1/ait_users/staff122/deepfake_project/outputs_deepfake_project/dfdc_subset_77_jpg/test/fake/fake_001781.jpg,1.0,0.9854027032852173,1
/media/D1/ait_users/staff122/deepfake_project/outputs_deepfake_project/dfdc_subset_77_jpg/test/fake/fake_001782.jpg,1.0,0.9989940524101257,1
/media/D1/ait_users/staff122/deepfake_project/outputs_deepfake_project/dfdc_subset_77_jpg/test/fake/fake_001783.jpg,1.0,0.997443675994873,1
/media/D1/ait_users/staff122/deepfake_project/outputs_deepfake_project/dfdc_subset_77_jpg/test/fake/fake_001784.jpg,1.0,0.994376540184021,1
/media/D1/ait_users/staff122/deepfake_project/outputs_deepfake_project/dfdc_subset_77_jpg/test/fake/fake_001785.jpg,1.0,0.9995444416999817,1
/media/D1/ait_users/staff122/deepfake_project/outputs_deepfake_project/dfdc_subset_77_jpg/test/fake/fake_001786.jpg,1.0,0.9951711297035217,1
/media/D1/ait_users/staff122/deepfake_project/outputs_deepfake_project/dfdc_subset_77_jpg/test/fake/fake_001787.jpg,1.0,0.9965952038764954,1
/media/D1/ait_users/staff122/deepfake_project/outputs_deepfake_project/dfdc_subset_77_jpg/test/fake/fake_001788.jpg,1.0,0.9999977350234985,1
/media/D1/ait_users/staff122/deepfake_project/outputs_deepfake_project/dfdc_subset_77_jpg/test/fake/fake_001789.jpg,1.0,0.9999983310699463,1
/media/D1/ait_users/staff122/deepfake_project/outputs_deepfake_project/dfdc_subset_77_jpg/test/fake/fake_001790.jpg,1.0,0.9999998807907104,1
/media/D1/ait_users/staff122/deepfake_project/outputs_deepfake_project/dfdc_subset_77_jpg/test/fake/fake_001791.jpg,1.0,0.999030351638794,1
/media/D1/ait_users/staff122/deepfake_project/outputs_deepfake_project/dfdc_subset_77_jpg/test/fake/fake_001792.jpg,1.0,1.0,1
/media/D1/ait_users/staff122/deepfake_project/outputs_deepfake_project/dfdc_subset_77_jpg/test/fake/fake_001793.jpg,1.0,0.9999998807907104,1
/media/D1/ait_users/staff122/deepfake_project/outputs_deepfake_project/dfdc_subset_77_jpg/test/fake/fake_001794.jpg,1.0,0.9999955892562866,1
/media/D1/ait_users/staff122/deepfake_project/outputs_deepfake_project/dfdc_subset_77_jpg/test/fake/fake_001795.jpg,1.0,0.9998213648796082,1
/media/D1/ait_users/staff122/deepfake_project/outputs_deepfake_project/dfdc_subset_77_jpg/test/fake/fake_001796.jpg,1.0,0.858341634273529,1
/media/D1/ait_users/staff122/deepfake_project/outputs_deepfake_project/dfdc_subset_77_jpg/test/fake/fake_001797.jpg,1.0,0.999924898147583,1
/media/D1/ait_users/staff122/deepfake_project/outputs_deepfake_project/dfdc_subset_77_jpg/test/fake/fake_001798.jpg,1.0,1.0,1
/media/D1/ait_users/staff122/deepfake_project/outputs_deepfake_project/dfdc_subset_77_jpg/test/fake/fake_001799.jpg,1.0,0.9999872446060181,1
/media/D1/ait_users/staff122/deepfake_project/outputs_deepfake_project/dfdc_subset_77_jpg/test/fake/fake_001800.jpg,1.0,0.9972499012947083,1
/media/D1/ait_users/staff122/deepfake_project/outputs_deepfake_project/dfdc_subset_77_jpg/test/fake/fake_001801.jpg,1.0,0.9999972581863403,1
/media/D1/ait_users/staff122/deepfake_project/outputs_deepfake_project/dfdc_subset_77_jpg/test/fake/fake_001802.jpg,1.0,0.999671459197998,1
/media/D1/ait_users/staff122/deepfake_project/outputs_deepfake_project/dfdc_subset_77_jpg/test/fake/fake_001803.jpg,1.0,0.9999972581863403,1
/media/D1/ait_users/staff122/deepfake_project/outputs_deepfake_project/dfdc_subset_77_jpg/test/fake/fake_001804.jpg,1.0,0.9999964237213135,1
/media/D1/ait_users/staff122/deepfake_project/outputs_deepfake_project/dfdc_subset_77_jpg/test/fake/fake_001805.jpg,1.0,0.9981537461280823,1
/media/D1/ait_users/staff122/deepfake_project/outputs_deepfake_project/dfdc_subset_77_jpg/test/fake/fake_001806.jpg,1.0,0.749347448348999,1
/media/D1/ait_users/staff122/deepfake_project/outputs_deepfake_project/dfdc_subset_77_jpg/test/fake/fake_001807.jpg,1.0,0.9999958276748657,1
/media/D1/ait_users/staff122/deepfake_project/outputs_deepfake_project/dfdc_subset_77_jpg/test/fake/fake_001808.jpg,1.0,0.99998939037323,1
/media/D1/ait_users/staff122/deepfake_project/outputs_deepfake_project/dfdc_subset_77_jpg/test/fake/fake_001809.jpg,1.0,0.9999997615814209,1
/media/D1/ait_users/staff122/deepfake_project/outputs_deepfake_project/dfdc_subset_77_jpg/test/fake/fake_001810.jpg,1.0,0.9999998807907104,1
/media/D1/ait_users/staff122/deepfake_project/outputs_deepfake_project/dfdc_subset_77_jpg/test/fake/fake_001811.jpg,1.0,0.9999996423721313,1
/media/D1/ait_users/staff122/deepfake_project/outputs_deepfake_project/dfdc_subset_77_jpg/test/fake/fake_001812.jpg,1.0,0.9999977350234985,1
/media/D1/ait_users/staff122/deepfake_project/outputs_deepfake_project/dfdc_subset_77_jpg/test/fake/fake_001813.jpg,1.0,0.9999940395355225,1
/media/D1/ait_users/staff122/deepfake_project/outputs_deepfake_project/dfdc_subset_77_jpg/test/fake/fake_001814.jpg,1.0,0.9949963092803955,1
/media/D1/ait_users/staff122/deepfake_project/outputs_deepfake_project/dfdc_subset_77_jpg/test/fake/fake_001815.jpg,1.0,0.9999165534973145,1
/media/D1/ait_users/staff122/deepfake_project/outputs_deepfake_project/dfdc_subset_77_jpg/test/fake/fake_001816.jpg,1.0,0.9831972122192383,1
/media/D1/ait_users/staff122/deepfake_project/outputs_deepfake_project/dfdc_subset_77_jpg/test/fake/fake_001817.jpg,1.0,0.9999403953552246,1
/media/D1/ait_users/staff122/deepfake_project/outputs_deepfake_project/dfdc_subset_77_jpg/test/fake/fake_001818.jpg,1.0,0.7464380264282227,1
/media/D1/ait_users/staff122/deepfake_project/outputs_deepfake_project/dfdc_subset_77_jpg/test/fake/fake_001819.jpg,1.0,0.9999078512191772,1
/media/D1/ait_users/staff122/deepfake_project/outputs_deepfake_project/dfdc_subset_77_jpg/test/fake/fake_001820.jpg,1.0,0.8784789443016052,1
/media/D1/ait_users/staff122/deepfake_project/outputs_deepfake_project/dfdc_subset_77_jpg/test/fake/fake_001821.jpg,1.0,0.008332432247698307,0
/media/D1/ait_users/staff122/deepfake_project/outputs_deepfake_project/dfdc_subset_77_jpg/test/fake/fake_001822.jpg,1.0,0.9999024868011475,1
/media/D1/ait_users/staff122/deepfake_project/outputs_deepfake_project/dfdc_subset_77_jpg/test/fake/fake_001823.jpg,1.0,0.9999992847442627,1
/media/D1/ait_users/staff122/deepfake_project/outputs_deepfake_project/dfdc_subset_77_jpg/test/fake/fake_001824.jpg,1.0,0.9788669943809509,1
/media/D1/ait_users/staff122/deepfake_project/outputs_deepfake_project/dfdc_subset_77_jpg/test/fake/fake_001825.jpg,1.0,0.14916512370109558,0
/media/D1/ait_users/staff122/deepfake_project/outputs_deepfake_project/dfdc_subset_77_jpg/test/fake/fake_001826.jpg,1.0,0.9968112111091614,1
/media/D1/ait_users/staff122/deepfake_project/outputs_deepfake_project/dfdc_subset_77_jpg/test/fake/fake_001827.jpg,1.0,0.06265192478895187,0
/media/D1/ait_users/staff122/deepfake_project/outputs_deepfake_project/dfdc_subset_77_jpg/test/fake/fake_001828.jpg,1.0,0.3612830638885498,0
/media/D1/ait_users/staff122/deepfake_project/outputs_deepfake_project/dfdc_subset_77_jpg/test/fake/fake_001829.jpg,1.0,0.2131691426038742,0
/media/D1/ait_users/staff122/deepfake_project/outputs_deepfake_project/dfdc_subset_77_jpg/test/fake/fake_001830.jpg,1.0,0.9241868257522583,1
/media/D1/ait_users/staff122/deepfake_project/outputs_deepfake_project/dfdc_subset_77_jpg/test/fake/fake_001831.jpg,1.0,0.9994421601295471,1
/media/D1/ait_users/staff122/deepfake_project/outputs_deepfake_project/dfdc_subset_77_jpg/test/fake/fake_001832.jpg,1.0,0.9978930354118347,1
/media/D1/ait_users/staff122/deepfake_project/outputs_deepfake_project/dfdc_subset_77_jpg/test/fake/fake_001833.jpg,1.0,0.9861474633216858,1
/media/D1/ait_users/staff122/deepfake_project/outputs_deepfake_project/dfdc_subset_77_jpg/test/fake/fake_001834.jpg,1.0,0.9958221912384033,1
/media/D1/ait_users/staff122/deepfake_project/outputs_deepfake_project/dfdc_subset_77_jpg/test/fake/fake_001835.jpg,1.0,0.9964170455932617,1
/media/D1/ait_users/staff122/deepfake_project/outputs_deepfake_project/dfdc_subset_77_jpg/test/fake/fake_001836.jpg,1.0,0.9944761395454407,1
/media/D1/ait_users/staff122/deepfake_project/outputs_deepfake_project/dfdc_subset_77_jpg/test/fake/fake_001837.jpg,1.0,0.9998828172683716,1
/media/D1/ait_users/staff122/deepfake_project/outputs_deepfake_project/dfdc_subset_77_jpg/test/fake/fake_001838.jpg,1.0,0.4285382032394409,0
/media/D1/ait_users/staff122/deepfake_project/outputs_deepfake_project/dfdc_subset_77_jpg/test/fake/fake_001839.jpg,1.0,0.9998279809951782,1
/media/D1/ait_users/staff122/deepfake_project/outputs_deepfake_project/dfdc_subset_77_jpg/test/fake/fake_001840.jpg,1.0,0.8720554113388062,1
/media/D1/ait_users/staff122/deepfake_project/outputs_deepfake_project/dfdc_subset_77_jpg/test/fake/fake_001841.jpg,1.0,0.9811619520187378,1
/media/D1/ait_users/staff122/deepfake_project/outputs_deepfake_project/dfdc_subset_77_jpg/test/fake/fake_001842.jpg,1.0,0.9868118166923523,1
/media/D1/ait_users/staff122/deepfake_project/outputs_deepfake_project/dfdc_subset_77_jpg/test/fake/fake_001843.jpg,1.0,0.8376701474189758,1
/media/D1/ait_users/staff122/deepfake_project/outputs_deepfake_project/dfdc_subset_77_jpg/test/fake/fake_001844.jpg,1.0,0.9909449815750122,1
/media/D1/ait_users/staff122/deepfake_project/outputs_deepfake_project/dfdc_subset_77_jpg/test/fake/fake_001845.jpg,1.0,0.9976927042007446,1
/media/D1/ait_users/staff122/deepfake_project/outputs_deepfake_project/dfdc_subset_77_jpg/test/fake/fake_001846.jpg,1.0,0.9752095341682434,1
/media/D1/ait_users/staff122/deepfake_project/outputs_deepfake_project/dfdc_subset_77_jpg/test/fake/fake_001847.jpg,1.0,0.9673517942428589,1
/media/D1/ait_users/staff122/deepfake_project/outputs_deepfake_project/dfdc_subset_77_jpg/test/fake/fake_001848.jpg,1.0,0.9544610381126404,1
/media/D1/ait_users/staff122/deepfake_project/outputs_deepfake_project/dfdc_subset_77_jpg/test/fake/fake_001849.jpg,1.0,0.9954102635383606,1
/media/D1/ait_users/staff122/deepfake_project/outputs_deepfake_project/dfdc_subset_77_jpg/test/fake/fake_001850.jpg,1.0,0.3138306736946106,0
/media/D1/ait_users/staff122/deepfake_project/outputs_deepfake_project/dfdc_subset_77_jpg/test/fake/fake_001851.jpg,1.0,0.3397067189216614,0
/media/D1/ait_users/staff122/deepfake_project/outputs_deepfake_project/dfdc_subset_77_jpg/test/fake/fake_001852.jpg,1.0,0.7039706110954285,1
/media/D1/ait_users/staff122/deepfake_project/outputs_deepfake_project/dfdc_subset_77_jpg/test/fake/fake_001853.jpg,1.0,0.9522235989570618,1
/media/D1/ait_users/staff122/deepfake_project/outputs_deepfake_project/dfdc_subset_77_jpg/test/fake/fake_001854.jpg,1.0,0.28358128666877747,0
/media/D1/ait_users/staff122/deepfake_project/outputs_deepfake_project/dfdc_subset_77_jpg/test/fake/fake_001855.jpg,1.0,0.13199445605278015,0
/media/D1/ait_users/staff122/deepfake_project/outputs_deepfake_project/dfdc_subset_77_jpg/test/fake/fake_001856.jpg,1.0,1.0,1
/media/D1/ait_users/staff122/deepfake_project/outputs_deepfake_project/dfdc_subset_77_jpg/test/fake/fake_001857.jpg,1.0,0.9999998807907104,1
/media/D1/ait_users/staff122/deepfake_project/outputs_deepfake_project/dfdc_subset_77_jpg/test/fake/fake_001858.jpg,1.0,0.9999997615814209,1
/media/D1/ait_users/staff122/deepfake_project/outputs_deepfake_project/dfdc_subset_77_jpg/test/fake/fake_001859.jpg,1.0,0.9999974966049194,1
/media/D1/ait_users/staff122/deepfake_project/outputs_deepfake_project/dfdc_subset_77_jpg/test/fake/fake_001860.jpg,1.0,0.9999998807907104,1
/media/D1/ait_users/staff122/deepfake_project/outputs_deepfake_project/dfdc_subset_77_jpg/test/fake/fake_001861.jpg,1.0,0.9999998807907104,1
/media/D1/ait_users/staff122/deepfake_project/outputs_deepfake_project/dfdc_subset_77_jpg/test/fake/fake_001862.jpg,1.0,0.999998927116394,1
/media/D1/ait_users/staff122/deepfake_project/outputs_deepfake_project/dfdc_subset_77_jpg/test/fake/fake_001863.jpg,1.0,0.9999996423721313,1
/media/D1/ait_users/staff122/deepfake_project/outputs_deepfake_project/dfdc_subset_77_jpg/test/fake/fake_001864.jpg,1.0,0.9999994039535522,1
/media/D1/ait_users/staff122/deepfake_project/outputs_deepfake_project/dfdc_subset_77_jpg/test/fake/fake_001865.jpg,1.0,0.9999997615814209,1
/media/D1/ait_users/staff122/deepfake_project/outputs_deepfake_project/dfdc_subset_77_jpg/test/fake/fake_001866.jpg,1.0,1.0,1
/media/D1/ait_users/staff122/deepfake_project/outputs_deepfake_project/dfdc_subset_77_jpg/test/fake/fake_001867.jpg,1.0,0.9999986886978149,1
/media/D1/ait_users/staff122/deepfake_project/outputs_deepfake_project/dfdc_subset_77_jpg/test/fake/fake_001868.jpg,1.0,0.9999979734420776,1
/media/D1/ait_users/staff122/deepfake_project/outputs_deepfake_project/dfdc_subset_77_jpg/test/fake/fake_001869.jpg,1.0,0.9999985694885254,1
/media/D1/ait_users/staff122/deepfake_project/outputs_deepfake_project/dfdc_subset_77_jpg/test/fake/fake_001870.jpg,1.0,0.9999998807907104,1
/media/D1/ait_users/staff122/deepfake_project/outputs_deepfake_project/dfdc_subset_77_jpg/test/fake/fake_001871.jpg,1.0,0.999997615814209,1
/media/D1/ait_users/staff122/deepfake_project/outputs_deepfake_project/dfdc_subset_77_jpg/test/fake/fake_001872.jpg,1.0,0.5805956125259399,1
/media/D1/ait_users/staff122/deepfake_project/outputs_deepfake_project/dfdc_subset_77_jpg/test/fake/fake_001873.jpg,1.0,1.0,1
/media/D1/ait_users/staff122/deepfake_project/outputs_deepfake_project/dfdc_subset_77_jpg/test/fake/fake_001874.jpg,1.0,1.0,1
/media/D1/ait_users/staff122/deepfake_project/outputs_deepfake_project/dfdc_subset_77_jpg/test/fake/fake_001875.jpg,1.0,0.5455135107040405,1
/media/D1/ait_users/staff122/deepfake_project/outputs_deepfake_project/dfdc_subset_77_jpg/test/fake/fake_001876.jpg,1.0,1.0,1
/media/D1/ait_users/staff122/deepfake_project/outputs_deepfake_project/dfdc_subset_77_jpg/test/fake/fake_001877.jpg,1.0,1.0,1
/media/D1/ait_users/staff122/deepfake_project/outputs_deepfake_project/dfdc_subset_77_jpg/test/fake/fake_001878.jpg,1.0,0.9999998807907104,1
/media/D1/ait_users/staff122/deepfake_project/outputs_deepfake_project/dfdc_subset_77_jpg/test/fake/fake_001879.jpg,1.0,1.0,1
/media/D1/ait_users/staff122/deepfake_project/outputs_deepfake_project/dfdc_subset_77_jpg/test/fake/fake_001880.jpg,1.0,0.9999998807907104,1
/media/D1/ait_users/staff122/deepfake_project/outputs_deepfake_project/dfdc_subset_77_jpg/test/fake/fake_001881.jpg,1.0,0.9999998807907104,1
/media/D1/ait_users/staff122/deepfake_project/outputs_deepfake_project/dfdc_subset_77_jpg/test/fake/fake_001882.jpg,1.0,0.9999997615814209,1
/media/D1/ait_users/staff122/deepfake_project/outputs_deepfake_project/dfdc_subset_77_jpg/test/fake/fake_001883.jpg,1.0,0.9999998807907104,1
/media/D1/ait_users/staff122/deepfake_project/outputs_deepfake_project/dfdc_subset_77_jpg/test/fake/fake_001884.jpg,1.0,0.9999829530715942,1
/media/D1/ait_users/staff122/deepfake_project/outputs_deepfake_project/dfdc_subset_77_jpg/test/fake/fake_001885.jpg,1.0,0.9999995231628418,1
/media/D1/ait_users/staff122/deepfake_project/outputs_deepfake_project/dfdc_subset_77_jpg/test/fake/fake_001886.jpg,1.0,1.0,1
/media/D1/ait_users/staff122/deepfake_project/outputs_deepfake_project/dfdc_subset_77_jpg/test/fake/fake_001887.jpg,1.0,1.0,1
/media/D1/ait_users/staff122/deepfake_project/outputs_deepfake_project/dfdc_subset_77_jpg/test/fake/fake_001888.jpg,1.0,0.9976061582565308,1
/media/D1/ait_users/staff122/deepfake_project/outputs_deepfake_project/dfdc_subset_77_jpg/test/fake/fake_001889.jpg,1.0,0.9960364699363708,1
/media/D1/ait_users/staff122/deepfake_project/outputs_deepfake_project/dfdc_subset_77_jpg/test/fake/fake_001890.jpg,1.0,0.9510349035263062,1
/media/D1/ait_users/staff122/deepfake_project/outputs_deepfake_project/dfdc_subset_77_jpg/test/fake/fake_001891.jpg,1.0,0.9463558197021484,1
/media/D1/ait_users/staff122/deepfake_project/outputs_deepfake_project/dfdc_subset_77_jpg/test/fake/fake_001892.jpg,1.0,0.9421374201774597,1
/media/D1/ait_users/staff122/deepfake_project/outputs_deepfake_project/dfdc_subset_77_jpg/test/fake/fake_001893.jpg,1.0,0.884581446647644,1
/media/D1/ait_users/staff122/deepfake_project/outputs_deepfake_project/dfdc_subset_77_jpg/test/fake/fake_001894.jpg,1.0,0.9997993111610413,1
/media/D1/ait_users/staff122/deepfake_project/outputs_deepfake_project/dfdc_subset_77_jpg/test/fake/fake_001895.jpg,1.0,0.9999767541885376,1
/media/D1/ait_users/staff122/deepfake_project/outputs_deepfake_project/dfdc_subset_77_jpg/test/fake/fake_001896.jpg,1.0,0.9714008569717407,1
/media/D1/ait_users/staff122/deepfake_project/outputs_deepfake_project/dfdc_subset_77_jpg/test/fake/fake_001897.jpg,1.0,0.9837082028388977,1
/media/D1/ait_users/staff122/deepfake_project/outputs_deepfake_project/dfdc_subset_77_jpg/test/fake/fake_001898.jpg,1.0,0.06284572184085846,0
/media/D1/ait_users/staff122/deepfake_project/outputs_deepfake_project/dfdc_subset_77_jpg/test/fake/fake_001899.jpg,1.0,0.8793884515762329,1
/media/D1/ait_users/staff122/deepfake_project/outputs_deepfake_project/dfdc_subset_77_jpg/test/fake/fake_001900.jpg,1.0,0.9996929168701172,1
/media/D1/ait_users/staff122/deepfake_project/outputs_deepfake_project/dfdc_subset_77_jpg/test/fake/fake_001901.jpg,1.0,0.9999438524246216,1
/media/D1/ait_users/staff122/deepfake_project/outputs_deepfake_project/dfdc_subset_77_jpg/test/fake/fake_001902.jpg,1.0,0.9975396394729614,1
/media/D1/ait_users/staff122/deepfake_project/outputs_deepfake_project/dfdc_subset_77_jpg/test/fake/fake_001903.jpg,1.0,0.9756905436515808,1
/media/D1/ait_users/staff122/deepfake_project/outputs_deepfake_project/dfdc_subset_77_jpg/test/fake/fake_001904.jpg,1.0,0.017926745116710663,0
/media/D1/ait_users/staff122/deepfake_project/outputs_deepfake_project/dfdc_subset_77_jpg/test/fake/fake_001905.jpg,1.0,0.999656081199646,1
/media/D1/ait_users/staff122/deepfake_project/outputs_deepfake_project/dfdc_subset_77_jpg/test/fake/fake_001906.jpg,1.0,0.9569697380065918,1
/media/D1/ait_users/staff122/deepfake_project/outputs_deepfake_project/dfdc_subset_77_jpg/test/fake/fake_001907.jpg,1.0,0.9455405473709106,1
/media/D1/ait_users/staff122/deepfake_project/outputs_deepfake_project/dfdc_subset_77_jpg/test/fake/fake_001908.jpg,1.0,0.3901558518409729,0
/media/D1/ait_users/staff122/deepfake_project/outputs_deepfake_project/dfdc_subset_77_jpg/test/fake/fake_001909.jpg,1.0,0.9939231276512146,1
/media/D1/ait_users/staff122/deepfake_project/outputs_deepfake_project/dfdc_subset_77_jpg/test/fake/fake_001910.jpg,1.0,0.17030441761016846,0
/media/D1/ait_users/staff122/deepfake_project/outputs_deepfake_project/dfdc_subset_77_jpg/test/fake/fake_001911.jpg,1.0,0.9999006986618042,1
/media/D1/ait_users/staff122/deepfake_project/outputs_deepfake_project/dfdc_subset_77_jpg/test/fake/fake_001912.jpg,1.0,0.9981484413146973,1
/media/D1/ait_users/staff122/deepfake_project/outputs_deepfake_project/dfdc_subset_77_jpg/test/fake/fake_001913.jpg,1.0,0.800218403339386,1
/media/D1/ait_users/staff122/deepfake_project/outputs_deepfake_project/dfdc_subset_77_jpg/test/fake/fake_001914.jpg,1.0,0.6881766319274902,1
/media/D1/ait_users/staff122/deepfake_project/outputs_deepfake_project/dfdc_subset_77_jpg/test/fake/fake_001915.jpg,1.0,0.7846158146858215,1
/media/D1/ait_users/staff122/deepfake_project/outputs_deepfake_project/dfdc_subset_77_jpg/test/fake/fake_001916.jpg,1.0,0.49287891387939453,0
/media/D1/ait_users/staff122/deepfake_project/outputs_deepfake_project/dfdc_subset_77_jpg/test/fake/fake_001917.jpg,1.0,0.4203663170337677,0
/media/D1/ait_users/staff122/deepfake_project/outputs_deepfake_project/dfdc_subset_77_jpg/test/fake/fake_001918.jpg,1.0,0.9912918210029602,1
/media/D1/ait_users/staff122/deepfake_project/outputs_deepfake_project/dfdc_subset_77_jpg/test/fake/fake_001919.jpg,1.0,0.4064970314502716,0
/media/D1/ait_users/staff122/deepfake_project/outputs_deepfake_project/dfdc_subset_77_jpg/test/fake/fake_001920.jpg,1.0,0.9966950416564941,1
/media/D1/ait_users/staff122/deepfake_project/outputs_deepfake_project/dfdc_subset_77_jpg/test/fake/fake_001921.jpg,1.0,0.9999980926513672,1
/media/D1/ait_users/staff122/deepfake_project/outputs_deepfake_project/dfdc_subset_77_jpg/test/fake/fake_001922.jpg,1.0,0.9999909400939941,1
/media/D1/ait_users/staff122/deepfake_project/outputs_deepfake_project/dfdc_subset_77_jpg/test/fake/fake_001923.jpg,1.0,0.999998927116394,1
/media/D1/ait_users/staff122/deepfake_project/outputs_deepfake_project/dfdc_subset_77_jpg/test/fake/fake_001924.jpg,1.0,0.9999997615814209,1
/media/D1/ait_users/staff122/deepfake_project/outputs_deepfake_project/dfdc_subset_77_jpg/test/fake/fake_001925.jpg,1.0,0.9993059635162354,1
/media/D1/ait_users/staff122/deepfake_project/outputs_deepfake_project/dfdc_subset_77_jpg/test/fake/fake_001926.jpg,1.0,0.9999984502792358,1
/media/D1/ait_users/staff122/deepfake_project/outputs_deepfake_project/dfdc_subset_77_jpg/test/fake/fake_001927.jpg,1.0,0.9999998807907104,1
/media/D1/ait_users/staff122/deepfake_project/outputs_deepfake_project/dfdc_subset_77_jpg/test/fake/fake_001928.jpg,1.0,0.9998526573181152,1
/media/D1/ait_users/staff122/deepfake_project/outputs_deepfake_project/dfdc_subset_77_jpg/test/fake/fake_001929.jpg,1.0,0.9989902377128601,1
/media/D1/ait_users/staff122/deepfake_project/outputs_deepfake_project/dfdc_subset_77_jpg/test/fake/fake_001930.jpg,1.0,0.9999430179595947,1
/media/D1/ait_users/staff122/deepfake_project/outputs_deepfake_project/dfdc_subset_77_jpg/test/fake/fake_001931.jpg,1.0,0.9999915361404419,1
/media/D1/ait_users/staff122/deepfake_project/outputs_deepfake_project/dfdc_subset_77_jpg/test/fake/fake_001932.jpg,1.0,0.9997121691703796,1
/media/D1/ait_users/staff122/deepfake_project/outputs_deepfake_project/dfdc_subset_77_jpg/test/fake/fake_001933.jpg,1.0,0.9999570846557617,1
/media/D1/ait_users/staff122/deepfake_project/outputs_deepfake_project/dfdc_subset_77_jpg/test/fake/fake_001934.jpg,1.0,0.979881763458252,1
/media/D1/ait_users/staff122/deepfake_project/outputs_deepfake_project/dfdc_subset_77_jpg/test/fake/fake_001935.jpg,1.0,0.9998637437820435,1
/media/D1/ait_users/staff122/deepfake_project/outputs_deepfake_project/dfdc_subset_77_jpg/test/fake/fake_001936.jpg,1.0,0.9999918937683105,1
/media/D1/ait_users/staff122/deepfake_project/outputs_deepfake_project/dfdc_subset_77_jpg/test/fake/fake_001937.jpg,1.0,0.960448682308197,1
/media/D1/ait_users/staff122/deepfake_project/outputs_deepfake_project/dfdc_subset_77_jpg/test/fake/fake_001938.jpg,1.0,0.9999898672103882,1
/media/D1/ait_users/staff122/deepfake_project/outputs_deepfake_project/dfdc_subset_77_jpg/test/fake/fake_001939.jpg,1.0,0.9684385657310486,1
/media/D1/ait_users/staff122/deepfake_project/outputs_deepfake_project/dfdc_subset_77_jpg/test/fake/fake_001940.jpg,1.0,0.9999775886535645,1
/media/D1/ait_users/staff122/deepfake_project/outputs_deepfake_project/dfdc_subset_77_jpg/test/fake/fake_001941.jpg,1.0,0.9999853372573853,1
/media/D1/ait_users/staff122/deepfake_project/outputs_deepfake_project/dfdc_subset_77_jpg/test/fake/fake_001942.jpg,1.0,0.9999955892562866,1
/media/D1/ait_users/staff122/deepfake_project/outputs_deepfake_project/dfdc_subset_77_jpg/test/fake/fake_001943.jpg,1.0,0.9999139308929443,1
/media/D1/ait_users/staff122/deepfake_project/outputs_deepfake_project/dfdc_subset_77_jpg/test/fake/fake_001944.jpg,1.0,0.997036337852478,1
/media/D1/ait_users/staff122/deepfake_project/outputs_deepfake_project/dfdc_subset_77_jpg/test/fake/fake_001945.jpg,1.0,0.9999783039093018,1
/media/D1/ait_users/staff122/deepfake_project/outputs_deepfake_project/dfdc_subset_77_jpg/test/fake/fake_001946.jpg,1.0,0.9940677881240845,1
/media/D1/ait_users/staff122/deepfake_project/outputs_deepfake_project/dfdc_subset_77_jpg/test/fake/fake_001947.jpg,1.0,0.9999879598617554,1
/media/D1/ait_users/staff122/deepfake_project/outputs_deepfake_project/dfdc_subset_77_jpg/test/fake/fake_001948.jpg,1.0,0.9998041987419128,1
/media/D1/ait_users/staff122/deepfake_project/outputs_deepfake_project/dfdc_subset_77_jpg/test/fake/fake_001949.jpg,1.0,0.9998144507408142,1
/media/D1/ait_users/staff122/deepfake_project/outputs_deepfake_project/dfdc_subset_77_jpg/test/fake/fake_001950.jpg,1.0,0.9999983310699463,1
/media/D1/ait_users/staff122/deepfake_project/outputs_deepfake_project/dfdc_subset_77_jpg/test/fake/fake_001951.jpg,1.0,0.9997894167900085,1
/media/D1/ait_users/staff122/deepfake_project/outputs_deepfake_project/dfdc_subset_77_jpg/test/fake/fake_001952.jpg,1.0,0.9612428545951843,1
/media/D1/ait_users/staff122/deepfake_project/outputs_deepfake_project/dfdc_subset_77_jpg/test/fake/fake_001953.jpg,1.0,0.8848187923431396,1
/media/D1/ait_users/staff122/deepfake_project/outputs_deepfake_project/dfdc_subset_77_jpg/test/fake/fake_001954.jpg,1.0,0.8818828463554382,1
/media/D1/ait_users/staff122/deepfake_project/outputs_deepfake_project/dfdc_subset_77_jpg/test/fake/fake_001955.jpg,1.0,0.802176296710968,1
/media/D1/ait_users/staff122/deepfake_project/outputs_deepfake_project/dfdc_subset_77_jpg/test/fake/fake_001956.jpg,1.0,0.8364779949188232,1
/media/D1/ait_users/staff122/deepfake_project/outputs_deepfake_project/dfdc_subset_77_jpg/test/fake/fake_001957.jpg,1.0,0.9839076995849609,1
/media/D1/ait_users/staff122/deepfake_project/outputs_deepfake_project/dfdc_subset_77_jpg/test/fake/fake_001958.jpg,1.0,0.9997958540916443,1
/media/D1/ait_users/staff122/deepfake_project/outputs_deepfake_project/dfdc_subset_77_jpg/test/fake/fake_001959.jpg,1.0,0.15927185118198395,0
/media/D1/ait_users/staff122/deepfake_project/outputs_deepfake_project/dfdc_subset_77_jpg/test/fake/fake_001960.jpg,1.0,0.26943439245224,0
/media/D1/ait_users/staff122/deepfake_project/outputs_deepfake_project/dfdc_subset_77_jpg/test/fake/fake_001961.jpg,1.0,0.7280004620552063,1
/media/D1/ait_users/staff122/deepfake_project/outputs_deepfake_project/dfdc_subset_77_jpg/test/fake/fake_001962.jpg,1.0,0.5627829432487488,1
/media/D1/ait_users/staff122/deepfake_project/outputs_deepfake_project/dfdc_subset_77_jpg/test/fake/fake_001963.jpg,1.0,0.15752825140953064,0
/media/D1/ait_users/staff122/deepfake_project/outputs_deepfake_project/dfdc_subset_77_jpg/test/fake/fake_001964.jpg,1.0,0.43201944231987,0
/media/D1/ait_users/staff122/deepfake_project/outputs_deepfake_project/dfdc_subset_77_jpg/test/fake/fake_001965.jpg,1.0,0.9989988207817078,1
/media/D1/ait_users/staff122/deepfake_project/outputs_deepfake_project/dfdc_subset_77_jpg/test/fake/fake_001966.jpg,1.0,0.9654361605644226,1
/media/D1/ait_users/staff122/deepfake_project/outputs_deepfake_project/dfdc_subset_77_jpg/test/fake/fake_001967.jpg,1.0,0.8471669554710388,1
/media/D1/ait_users/staff122/deepfake_project/outputs_deepfake_project/dfdc_subset_77_jpg/test/fake/fake_001968.jpg,1.0,0.9654342532157898,1
/media/D1/ait_users/staff122/deepfake_project/outputs_deepfake_project/dfdc_subset_77_jpg/test/fake/fake_001969.jpg,1.0,0.5010672807693481,1
/media/D1/ait_users/staff122/deepfake_project/outputs_deepfake_project/dfdc_subset_77_jpg/test/fake/fake_001970.jpg,1.0,0.7277730107307434,1
/media/D1/ait_users/staff122/deepfake_project/outputs_deepfake_project/dfdc_subset_77_jpg/test/fake/fake_001971.jpg,1.0,0.009810122661292553,0
/media/D1/ait_users/staff122/deepfake_project/outputs_deepfake_project/dfdc_subset_77_jpg/test/fake/fake_001972.jpg,1.0,0.9171136021614075,1
/media/D1/ait_users/staff122/deepfake_project/outputs_deepfake_project/dfdc_subset_77_jpg/test/fake/fake_001973.jpg,1.0,0.8679104447364807,1
/media/D1/ait_users/staff122/deepfake_project/outputs_deepfake_project/dfdc_subset_77_jpg/test/fake/fake_001974.jpg,1.0,0.9430637955665588,1
/media/D1/ait_users/staff122/deepfake_project/outputs_deepfake_project/dfdc_subset_77_jpg/test/fake/fake_001975.jpg,1.0,0.93190997838974,1
/media/D1/ait_users/staff122/deepfake_project/outputs_deepfake_project/dfdc_subset_77_jpg/test/fake/fake_001976.jpg,1.0,0.9503893852233887,1
/media/D1/ait_users/staff122/deepfake_project/outputs_deepfake_project/dfdc_subset_77_jpg/test/fake/fake_001977.jpg,1.0,0.9841687679290771,1
/media/D1/ait_users/staff122/deepfake_project/outputs_deepfake_project/dfdc_subset_77_jpg/test/fake/fake_001978.jpg,1.0,0.9891267418861389,1
/media/D1/ait_users/staff122/deepfake_project/outputs_deepfake_project/dfdc_subset_77_jpg/test/fake/fake_001979.jpg,1.0,0.9992732405662537,1
/media/D1/ait_users/staff122/deepfake_project/outputs_deepfake_project/dfdc_subset_77_jpg/test/fake/fake_001980.jpg,1.0,0.9935945868492126,1
/media/D1/ait_users/staff122/deepfake_project/outputs_deepfake_project/dfdc_subset_77_jpg/test/fake/fake_001981.jpg,1.0,0.9582458734512329,1
/media/D1/ait_users/staff122/deepfake_project/outputs_deepfake_project/dfdc_subset_77_jpg/test/fake/fake_001982.jpg,1.0,0.010994235053658485,0
/media/D1/ait_users/staff122/deepfake_project/outputs_deepfake_project/dfdc_subset_77_jpg/test/fake/fake_001983.jpg,1.0,0.1613057553768158,0
/media/D1/ait_users/staff122/deepfake_project/outputs_deepfake_project/dfdc_subset_77_jpg/test/fake/fake_001984.jpg,1.0,0.9988465309143066,1
/media/D1/ait_users/staff122/deepfake_project/outputs_deepfake_project/dfdc_subset_77_jpg/test/fake/fake_001985.jpg,1.0,0.9999593496322632,1
/media/D1/ait_users/staff122/deepfake_project/outputs_deepfake_project/dfdc_subset_77_jpg/test/fake/fake_001986.jpg,1.0,0.9996477365493774,1
/media/D1/ait_users/staff122/deepfake_project/outputs_deepfake_project/dfdc_subset_77_jpg/test/fake/fake_001987.jpg,1.0,0.9988768696784973,1
/media/D1/ait_users/staff122/deepfake_project/outputs_deepfake_project/dfdc_subset_77_jpg/test/fake/fake_001988.jpg,1.0,0.9993000030517578,1
/media/D1/ait_users/staff122/deepfake_project/outputs_deepfake_project/dfdc_subset_77_jpg/test/fake/fake_001989.jpg,1.0,0.9999727010726929,1
/media/D1/ait_users/staff122/deepfake_project/outputs_deepfake_project/dfdc_subset_77_jpg/test/fake/fake_001990.jpg,1.0,0.9999924898147583,1
/media/D1/ait_users/staff122/deepfake_project/outputs_deepfake_project/dfdc_subset_77_jpg/test/fake/fake_001991.jpg,1.0,0.9999992847442627,1
/media/D1/ait_users/staff122/deepfake_project/outputs_deepfake_project/dfdc_subset_77_jpg/test/fake/fake_001992.jpg,1.0,0.9999974966049194,1
/media/D1/ait_users/staff122/deepfake_project/outputs_deepfake_project/dfdc_subset_77_jpg/test/fake/fake_001993.jpg,1.0,0.9998243451118469,1
/media/D1/ait_users/staff122/deepfake_project/outputs_deepfake_project/dfdc_subset_77_jpg/test/fake/fake_001994.jpg,1.0,0.9424766898155212,1
/media/D1/ait_users/staff122/deepfake_project/outputs_deepfake_project/dfdc_subset_77_jpg/test/fake/fake_001995.jpg,1.0,0.9903953671455383,1
/media/D1/ait_users/staff122/deepfake_project/outputs_deepfake_project/dfdc_subset_77_jpg/test/fake/fake_001996.jpg,1.0,0.9995307922363281,1
/media/D1/ait_users/staff122/deepfake_project/outputs_deepfake_project/dfdc_subset_77_jpg/test/fake/fake_001997.jpg,1.0,0.9999779462814331,1
/media/D1/ait_users/staff122/deepfake_project/outputs_deepfake_project/dfdc_subset_77_jpg/test/fake/fake_001998.jpg,1.0,0.999276340007782,1
/media/D1/ait_users/staff122/deepfake_project/outputs_deepfake_project/dfdc_subset_77_jpg/test/fake/fake_001999.jpg,1.0,0.9998667240142822,1
/media/D1/ait_users/staff122/deepfake_project/outputs_deepfake_project/dfdc_subset_77_jpg/test/fake/fake_002000.jpg,1.0,0.9993320107460022,1
/media/D1/ait_users/staff122/deepfake_project/outputs_deepfake_project/dfdc_subset_77_jpg/test/fake/fake_002001.jpg,1.0,0.9999517202377319,1
/media/D1/ait_users/staff122/deepfake_project/outputs_deepfake_project/dfdc_subset_77_jpg/test/fake/fake_002002.jpg,1.0,0.9992997646331787,1
/media/D1/ait_users/staff122/deepfake_project/outputs_deepfake_project/dfdc_subset_77_jpg/test/fake/fake_002003.jpg,1.0,0.9999858140945435,1
/media/D1/ait_users/staff122/deepfake_project/outputs_deepfake_project/dfdc_subset_77_jpg/test/fake/fake_002004.jpg,1.0,0.990420401096344,1
/media/D1/ait_users/staff122/deepfake_project/outputs_deepfake_project/dfdc_subset_77_jpg/test/fake/fake_002005.jpg,1.0,0.8326270580291748,1
/media/D1/ait_users/staff122/deepfake_project/outputs_deepfake_project/dfdc_subset_77_jpg/test/fake/fake_002006.jpg,1.0,0.9999973773956299,1
/media/D1/ait_users/staff122/deepfake_project/outputs_deepfake_project/dfdc_subset_77_jpg/test/fake/fake_002007.jpg,1.0,0.9975206255912781,1
/media/D1/ait_users/staff122/deepfake_project/outputs_deepfake_project/dfdc_subset_77_jpg/test/fake/fake_002008.jpg,1.0,0.9956745505332947,1
/media/D1/ait_users/staff122/deepfake_project/outputs_deepfake_project/dfdc_subset_77_jpg/test/fake/fake_002009.jpg,1.0,0.9999985694885254,1
/media/D1/ait_users/staff122/deepfake_project/outputs_deepfake_project/dfdc_subset_77_jpg/test/fake/fake_002010.jpg,1.0,0.9344619512557983,1
/media/D1/ait_users/staff122/deepfake_project/outputs_deepfake_project/dfdc_subset_77_jpg/test/fake/fake_002011.jpg,1.0,0.9999651908874512,1
/media/D1/ait_users/staff122/deepfake_project/outputs_deepfake_project/dfdc_subset_77_jpg/test/fake/fake_002012.jpg,1.0,0.9948871731758118,1
/media/D1/ait_users/staff122/deepfake_project/outputs_deepfake_project/dfdc_subset_77_jpg/test/fake/fake_002013.jpg,1.0,0.9837102890014648,1
/media/D1/ait_users/staff122/deepfake_project/outputs_deepfake_project/dfdc_subset_77_jpg/test/fake/fake_002014.jpg,1.0,0.9990636706352234,1
/media/D1/ait_users/staff122/deepfake_project/outputs_deepfake_project/dfdc_subset_77_jpg/test/fake/fake_002015.jpg,1.0,0.8524746298789978,1
/media/D1/ait_users/staff122/deepfake_project/outputs_deepfake_project/dfdc_subset_77_jpg/test/fake/fake_002016.jpg,1.0,0.08440001308917999,0
/media/D1/ait_users/staff122/deepfake_project/outputs_deepfake_project/dfdc_subset_77_jpg/test/fake/fake_002017.jpg,1.0,0.29059022665023804,0
/media/D1/ait_users/staff122/deepfake_project/outputs_deepfake_project/dfdc_subset_77_jpg/test/fake/fake_002018.jpg,1.0,0.809429943561554,1
/media/D1/ait_users/staff122/deepfake_project/outputs_deepfake_project/dfdc_subset_77_jpg/test/fake/fake_002019.jpg,1.0,0.16406506299972534,0
/media/D1/ait_users/staff122/deepfake_project/outputs_deepfake_project/dfdc_subset_77_jpg/test/fake/fake_002020.jpg,1.0,0.9597151279449463,1
/media/D1/ait_users/staff122/deepfake_project/outputs_deepfake_project/dfdc_subset_77_jpg/test/fake/fake_002021.jpg,1.0,0.0150176752358675,0
/media/D1/ait_users/staff122/deepfake_project/outputs_deepfake_project/dfdc_subset_77_jpg/test/fake/fake_002022.jpg,1.0,0.032099831849336624,0
/media/D1/ait_users/staff122/deepfake_project/outputs_deepfake_project/dfdc_subset_77_jpg/test/fake/fake_002023.jpg,1.0,0.3040855824947357,0
/media/D1/ait_users/staff122/deepfake_project/outputs_deepfake_project/dfdc_subset_77_jpg/test/fake/fake_002024.jpg,1.0,0.02206343784928322,0
/media/D1/ait_users/staff122/deepfake_project/outputs_deepfake_project/dfdc_subset_77_jpg/test/fake/fake_002025.jpg,1.0,0.09892343729734421,0
/media/D1/ait_users/staff122/deepfake_project/outputs_deepfake_project/dfdc_subset_77_jpg/test/fake/fake_002026.jpg,1.0,0.08990038931369781,0
/media/D1/ait_users/staff122/deepfake_project/outputs_deepfake_project/dfdc_subset_77_jpg/test/fake/fake_002027.jpg,1.0,0.08693594485521317,0
/media/D1/ait_users/staff122/deepfake_project/outputs_deepfake_project/dfdc_subset_77_jpg/test/fake/fake_002028.jpg,1.0,0.2876303195953369,0
/media/D1/ait_users/staff122/deepfake_project/outputs_deepfake_project/dfdc_subset_77_jpg/test/fake/fake_002029.jpg,1.0,0.08873584866523743,0
/media/D1/ait_users/staff122/deepfake_project/outputs_deepfake_project/dfdc_subset_77_jpg/test/fake/fake_002030.jpg,1.0,0.009708954021334648,0
/media/D1/ait_users/staff122/deepfake_project/outputs_deepfake_project/dfdc_subset_77_jpg/test/fake/fake_002031.jpg,1.0,0.2957748472690582,0
/media/D1/ait_users/staff122/deepfake_project/outputs_deepfake_project/dfdc_subset_77_jpg/test/fake/fake_002032.jpg,1.0,0.024726370349526405,0
/media/D1/ait_users/staff122/deepfake_project/outputs_deepfake_project/dfdc_subset_77_jpg/test/fake/fake_002033.jpg,1.0,0.419986754655838,0
/media/D1/ait_users/staff122/deepfake_project/outputs_deepfake_project/dfdc_subset_77_jpg/test/fake/fake_002034.jpg,1.0,0.019405314698815346,0
/media/D1/ait_users/staff122/deepfake_project/outputs_deepfake_project/dfdc_subset_77_jpg/test/fake/fake_002035.jpg,1.0,0.011974471621215343,0
/media/D1/ait_users/staff122/deepfake_project/outputs_deepfake_project/dfdc_subset_77_jpg/test/fake/fake_002036.jpg,1.0,0.22694246470928192,0
/media/D1/ait_users/staff122/deepfake_project/outputs_deepfake_project/dfdc_subset_77_jpg/test/fake/fake_002037.jpg,1.0,0.028189321979880333,0
/media/D1/ait_users/staff122/deepfake_project/outputs_deepfake_project/dfdc_subset_77_jpg/test/fake/fake_002038.jpg,1.0,0.004942464642226696,0
/media/D1/ait_users/staff122/deepfake_project/outputs_deepfake_project/dfdc_subset_77_jpg/test/fake/fake_002039.jpg,1.0,0.6638343930244446,1
/media/D1/ait_users/staff122/deepfake_project/outputs_deepfake_project/dfdc_subset_77_jpg/test/fake/fake_002040.jpg,1.0,0.04465024918317795,0
/media/D1/ait_users/staff122/deepfake_project/outputs_deepfake_project/dfdc_subset_77_jpg/test/fake/fake_002041.jpg,1.0,0.7669932842254639,1
/media/D1/ait_users/staff122/deepfake_project/outputs_deepfake_project/dfdc_subset_77_jpg/test/fake/fake_002042.jpg,1.0,0.16653133928775787,0
/media/D1/ait_users/staff122/deepfake_project/outputs_deepfake_project/dfdc_subset_77_jpg/test/fake/fake_002043.jpg,1.0,0.2540780305862427,0
/media/D1/ait_users/staff122/deepfake_project/outputs_deepfake_project/dfdc_subset_77_jpg/test/fake/fake_002044.jpg,1.0,0.0629815012216568,0
/media/D1/ait_users/staff122/deepfake_project/outputs_deepfake_project/dfdc_subset_77_jpg/test/fake/fake_002045.jpg,1.0,0.14546440541744232,0
/media/D1/ait_users/staff122/deepfake_project/outputs_deepfake_project/dfdc_subset_77_jpg/test/fake/fake_002046.jpg,1.0,0.951041579246521,1
/media/D1/ait_users/staff122/deepfake_project/outputs_deepfake_project/dfdc_subset_77_jpg/test/fake/fake_002047.jpg,1.0,0.04544507712125778,0
/media/D1/ait_users/staff122/deepfake_project/outputs_deepfake_project/dfdc_subset_77_jpg/test/fake/fake_002048.jpg,1.0,0.9460434317588806,1
/media/D1/ait_users/staff122/deepfake_project/outputs_deepfake_project/dfdc_subset_77_jpg/test/fake/fake_002049.jpg,1.0,0.999833345413208,1
/media/D1/ait_users/staff122/deepfake_project/outputs_deepfake_project/dfdc_subset_77_jpg/test/fake/fake_002050.jpg,1.0,0.9936417937278748,1
/media/D1/ait_users/staff122/deepfake_project/outputs_deepfake_project/dfdc_subset_77_jpg/test/fake/fake_002051.jpg,1.0,0.9173961281776428,1
/media/D1/ait_users/staff122/deepfake_project/outputs_deepfake_project/dfdc_subset_77_jpg/test/fake/fake_002052.jpg,1.0,0.9779086709022522,1
/media/D1/ait_users/staff122/deepfake_project/outputs_deepfake_project/dfdc_subset_77_jpg/test/fake/fake_002053.jpg,1.0,0.9946417808532715,1
/media/D1/ait_users/staff122/deepfake_project/outputs_deepfake_project/dfdc_subset_77_jpg/test/fake/fake_002054.jpg,1.0,0.996052622795105,1
/media/D1/ait_users/staff122/deepfake_project/outputs_deepfake_project/dfdc_subset_77_jpg/test/fake/fake_002055.jpg,1.0,0.9984622001647949,1
/media/D1/ait_users/staff122/deepfake_project/outputs_deepfake_project/dfdc_subset_77_jpg/test/fake/fake_002056.jpg,1.0,0.9981209635734558,1
/media/D1/ait_users/staff122/deepfake_project/outputs_deepfake_project/dfdc_subset_77_jpg/test/fake/fake_002057.jpg,1.0,0.9981246590614319,1
/media/D1/ait_users/staff122/deepfake_project/outputs_deepfake_project/dfdc_subset_77_jpg/test/fake/fake_002058.jpg,1.0,0.9972534775733948,1
/media/D1/ait_users/staff122/deepfake_project/outputs_deepfake_project/dfdc_subset_77_jpg/test/fake/fake_002059.jpg,1.0,0.8308515548706055,1
/media/D1/ait_users/staff122/deepfake_project/outputs_deepfake_project/dfdc_subset_77_jpg/test/fake/fake_002060.jpg,1.0,0.8694794178009033,1
/media/D1/ait_users/staff122/deepfake_project/outputs_deepfake_project/dfdc_subset_77_jpg/test/fake/fake_002061.jpg,1.0,0.743312656879425,1
/media/D1/ait_users/staff122/deepfake_project/outputs_deepfake_project/dfdc_subset_77_jpg/test/fake/fake_002062.jpg,1.0,0.8725584149360657,1
/media/D1/ait_users/staff122/deepfake_project/outputs_deepfake_project/dfdc_subset_77_jpg/test/fake/fake_002063.jpg,1.0,0.03728977590799332,0
/media/D1/ait_users/staff122/deepfake_project/outputs_deepfake_project/dfdc_subset_77_jpg/test/fake/fake_002064.jpg,1.0,0.9430503249168396,1
/media/D1/ait_users/staff122/deepfake_project/outputs_deepfake_project/dfdc_subset_77_jpg/test/fake/fake_002065.jpg,1.0,0.9990076422691345,1
/media/D1/ait_users/staff122/deepfake_project/outputs_deepfake_project/dfdc_subset_77_jpg/test/fake/fake_002066.jpg,1.0,0.6528461575508118,1
/media/D1/ait_users/staff122/deepfake_project/outputs_deepfake_project/dfdc_subset_77_jpg/test/fake/fake_002067.jpg,1.0,0.9989297986030579,1
/media/D1/ait_users/staff122/deepfake_project/outputs_deepfake_project/dfdc_subset_77_jpg/test/fake/fake_002068.jpg,1.0,0.9031893014907837,1
/media/D1/ait_users/staff122/deepfake_project/outputs_deepfake_project/dfdc_subset_77_jpg/test/fake/fake_002069.jpg,1.0,0.9680026173591614,1
/media/D1/ait_users/staff122/deepfake_project/outputs_deepfake_project/dfdc_subset_77_jpg/test/fake/fake_002070.jpg,1.0,0.35267049074172974,0
/media/D1/ait_users/staff122/deepfake_project/outputs_deepfake_project/dfdc_subset_77_jpg/test/fake/fake_002071.jpg,1.0,0.993988037109375,1
/media/D1/ait_users/staff122/deepfake_project/outputs_deepfake_project/dfdc_subset_77_jpg/test/fake/fake_002072.jpg,1.0,0.944680392742157,1
/media/D1/ait_users/staff122/deepfake_project/outputs_deepfake_project/dfdc_subset_77_jpg/test/fake/fake_002073.jpg,1.0,0.9999188184738159,1
/media/D1/ait_users/staff122/deepfake_project/outputs_deepfake_project/dfdc_subset_77_jpg/test/fake/fake_002074.jpg,1.0,0.7875103950500488,1
/media/D1/ait_users/staff122/deepfake_project/outputs_deepfake_project/dfdc_subset_77_jpg/test/fake/fake_002075.jpg,1.0,0.8817130327224731,1
/media/D1/ait_users/staff122/deepfake_project/outputs_deepfake_project/dfdc_subset_77_jpg/test/fake/fake_002076.jpg,1.0,0.02349141053855419,0
/media/D1/ait_users/staff122/deepfake_project/outputs_deepfake_project/dfdc_subset_77_jpg/test/fake/fake_002077.jpg,1.0,0.9678772687911987,1
/media/D1/ait_users/staff122/deepfake_project/outputs_deepfake_project/dfdc_subset_77_jpg/test/fake/fake_002078.jpg,1.0,0.998139500617981,1
/media/D1/ait_users/staff122/deepfake_project/outputs_deepfake_project/dfdc_subset_77_jpg/test/fake/fake_002079.jpg,1.0,0.012808485887944698,0
/media/D1/ait_users/staff122/deepfake_project/outputs_deepfake_project/dfdc_subset_77_jpg/test/fake/fake_002080.jpg,1.0,0.34362858533859253,0
/media/D1/ait_users/staff122/deepfake_project/outputs_deepfake_project/dfdc_subset_77_jpg/test/fake/fake_002081.jpg,1.0,0.5420873165130615,1
/media/D1/ait_users/staff122/deepfake_project/outputs_deepfake_project/dfdc_subset_77_jpg/test/fake/fake_002082.jpg,1.0,0.9995641112327576,1
/media/D1/ait_users/staff122/deepfake_project/outputs_deepfake_project/dfdc_subset_77_jpg/test/fake/fake_002083.jpg,1.0,0.9994463324546814,1
/media/D1/ait_users/staff122/deepfake_project/outputs_deepfake_project/dfdc_subset_77_jpg/test/fake/fake_002084.jpg,1.0,0.9930358529090881,1
/media/D1/ait_users/staff122/deepfake_project/outputs_deepfake_project/dfdc_subset_77_jpg/test/fake/fake_002085.jpg,1.0,0.563629150390625,1
/media/D1/ait_users/staff122/deepfake_project/outputs_deepfake_project/dfdc_subset_77_jpg/test/fake/fake_002086.jpg,1.0,0.9999014139175415,1
/media/D1/ait_users/staff122/deepfake_project/outputs_deepfake_project/dfdc_subset_77_jpg/test/fake/fake_002087.jpg,1.0,0.9449201226234436,1
/media/D1/ait_users/staff122/deepfake_project/outputs_deepfake_project/dfdc_subset_77_jpg/test/fake/fake_002088.jpg,1.0,0.998222291469574,1
/media/D1/ait_users/staff122/deepfake_project/outputs_deepfake_project/dfdc_subset_77_jpg/test/fake/fake_002089.jpg,1.0,0.9849505424499512,1
/media/D1/ait_users/staff122/deepfake_project/outputs_deepfake_project/dfdc_subset_77_jpg/test/fake/fake_002090.jpg,1.0,0.9573977589607239,1
/media/D1/ait_users/staff122/deepfake_project/outputs_deepfake_project/dfdc_subset_77_jpg/test/fake/fake_002091.jpg,1.0,0.6025366187095642,1
/media/D1/ait_users/staff122/deepfake_project/outputs_deepfake_project/dfdc_subset_77_jpg/test/fake/fake_002092.jpg,1.0,0.9997074007987976,1
/media/D1/ait_users/staff122/deepfake_project/outputs_deepfake_project/dfdc_subset_77_jpg/test/fake/fake_002093.jpg,1.0,0.9931579232215881,1
/media/D1/ait_users/staff122/deepfake_project/outputs_deepfake_project/dfdc_subset_77_jpg/test/fake/fake_002094.jpg,1.0,0.8814572095870972,1
/media/D1/ait_users/staff122/deepfake_project/outputs_deepfake_project/dfdc_subset_77_jpg/test/fake/fake_002095.jpg,1.0,0.9960697889328003,1
/media/D1/ait_users/staff122/deepfake_project/outputs_deepfake_project/dfdc_subset_77_jpg/test/fake/fake_002096.jpg,1.0,0.81406170129776,1
/media/D1/ait_users/staff122/deepfake_project/outputs_deepfake_project/dfdc_subset_77_jpg/test/fake/fake_002097.jpg,1.0,0.8980410099029541,1
/media/D1/ait_users/staff122/deepfake_project/outputs_deepfake_project/dfdc_subset_77_jpg/test/fake/fake_002098.jpg,1.0,0.9984279870986938,1
/media/D1/ait_users/staff122/deepfake_project/outputs_deepfake_project/dfdc_subset_77_jpg/test/fake/fake_002099.jpg,1.0,0.9967725872993469,1
/media/D1/ait_users/staff122/deepfake_project/outputs_deepfake_project/dfdc_subset_77_jpg/test/fake/fake_002100.jpg,1.0,0.9601860642433167,1
/media/D1/ait_users/staff122/deepfake_project/outputs_deepfake_project/dfdc_subset_77_jpg/test/fake/fake_002101.jpg,1.0,0.9650101065635681,1
/media/D1/ait_users/staff122/deepfake_project/outputs_deepfake_project/dfdc_subset_77_jpg/test/fake/fake_002102.jpg,1.0,0.6445672512054443,1
/media/D1/ait_users/staff122/deepfake_project/outputs_deepfake_project/dfdc_subset_77_jpg/test/fake/fake_002103.jpg,1.0,0.14078561961650848,0
/media/D1/ait_users/staff122/deepfake_project/outputs_deepfake_project/dfdc_subset_77_jpg/test/fake/fake_002104.jpg,1.0,0.9459559917449951,1
/media/D1/ait_users/staff122/deepfake_project/outputs_deepfake_project/dfdc_subset_77_jpg/test/fake/fake_002105.jpg,1.0,0.9271126389503479,1
/media/D1/ait_users/staff122/deepfake_project/outputs_deepfake_project/dfdc_subset_77_jpg/test/fake/fake_002106.jpg,1.0,0.08344782888889313,0
/media/D1/ait_users/staff122/deepfake_project/outputs_deepfake_project/dfdc_subset_77_jpg/test/fake/fake_002107.jpg,1.0,0.9632061719894409,1
/media/D1/ait_users/staff122/deepfake_project/outputs_deepfake_project/dfdc_subset_77_jpg/test/fake/fake_002108.jpg,1.0,0.9827479720115662,1
/media/D1/ait_users/staff122/deepfake_project/outputs_deepfake_project/dfdc_subset_77_jpg/test/fake/fake_002109.jpg,1.0,0.9954511523246765,1
/media/D1/ait_users/staff122/deepfake_project/outputs_deepfake_project/dfdc_subset_77_jpg/test/fake/fake_002110.jpg,1.0,0.8160817623138428,1
/media/D1/ait_users/staff122/deepfake_project/outputs_deepfake_project/dfdc_subset_77_jpg/test/fake/fake_002111.jpg,1.0,0.9924094676971436,1
/media/D1/ait_users/staff122/deepfake_project/outputs_deepfake_project/dfdc_subset_77_jpg/test/fake/fake_002112.jpg,1.0,0.9349026083946228,1
/media/D1/ait_users/staff122/deepfake_project/outputs_deepfake_project/dfdc_subset_77_jpg/test/fake/fake_002113.jpg,1.0,0.9999536275863647,1
/media/D1/ait_users/staff122/deepfake_project/outputs_deepfake_project/dfdc_subset_77_jpg/test/fake/fake_002114.jpg,1.0,0.2682691812515259,0
/media/D1/ait_users/staff122/deepfake_project/outputs_deepfake_project/dfdc_subset_77_jpg/test/fake/fake_002115.jpg,1.0,0.49405843019485474,0
/media/D1/ait_users/staff122/deepfake_project/outputs_deepfake_project/dfdc_subset_77_jpg/test/fake/fake_002116.jpg,1.0,0.021007083356380463,0
/media/D1/ait_users/staff122/deepfake_project/outputs_deepfake_project/dfdc_subset_77_jpg/test/fake/fake_002117.jpg,1.0,0.9884600639343262,1
/media/D1/ait_users/staff122/deepfake_project/outputs_deepfake_project/dfdc_subset_77_jpg/test/fake/fake_002118.jpg,1.0,0.9993312358856201,1
/media/D1/ait_users/staff122/deepfake_project/outputs_deepfake_project/dfdc_subset_77_jpg/test/fake/fake_002119.jpg,1.0,0.9097908139228821,1
/media/D1/ait_users/staff122/deepfake_project/outputs_deepfake_project/dfdc_subset_77_jpg/test/fake/fake_002120.jpg,1.0,0.9999459981918335,1
/media/D1/ait_users/staff122/deepfake_project/outputs_deepfake_project/dfdc_subset_77_jpg/test/fake/fake_002121.jpg,1.0,0.9773426055908203,1
/media/D1/ait_users/staff122/deepfake_project/outputs_deepfake_project/dfdc_subset_77_jpg/test/fake/fake_002122.jpg,1.0,0.9999370574951172,1
/media/D1/ait_users/staff122/deepfake_project/outputs_deepfake_project/dfdc_subset_77_jpg/test/fake/fake_002123.jpg,1.0,0.9999521970748901,1
/media/D1/ait_users/staff122/deepfake_project/outputs_deepfake_project/dfdc_subset_77_jpg/test/fake/fake_002124.jpg,1.0,0.999967098236084,1
/media/D1/ait_users/staff122/deepfake_project/outputs_deepfake_project/dfdc_subset_77_jpg/test/fake/fake_002125.jpg,1.0,0.9997828602790833,1
/media/D1/ait_users/staff122/deepfake_project/outputs_deepfake_project/dfdc_subset_77_jpg/test/fake/fake_002126.jpg,1.0,0.9996045231819153,1
/media/D1/ait_users/staff122/deepfake_project/outputs_deepfake_project/dfdc_subset_77_jpg/test/fake/fake_002127.jpg,1.0,0.997793436050415,1
/media/D1/ait_users/staff122/deepfake_project/outputs_deepfake_project/dfdc_subset_77_jpg/test/fake/fake_002128.jpg,1.0,0.9689319729804993,1
/media/D1/ait_users/staff122/deepfake_project/outputs_deepfake_project/dfdc_subset_77_jpg/test/fake/fake_002129.jpg,1.0,0.9998127818107605,1
/media/D1/ait_users/staff122/deepfake_project/outputs_deepfake_project/dfdc_subset_77_jpg/test/fake/fake_002130.jpg,1.0,0.9997541308403015,1
/media/D1/ait_users/staff122/deepfake_project/outputs_deepfake_project/dfdc_subset_77_jpg/test/fake/fake_002131.jpg,1.0,0.9983704686164856,1
/media/D1/ait_users/staff122/deepfake_project/outputs_deepfake_project/dfdc_subset_77_jpg/test/fake/fake_002132.jpg,1.0,0.4253574013710022,0
/media/D1/ait_users/staff122/deepfake_project/outputs_deepfake_project/dfdc_subset_77_jpg/test/fake/fake_002133.jpg,1.0,0.9994906187057495,1
/media/D1/ait_users/staff122/deepfake_project/outputs_deepfake_project/dfdc_subset_77_jpg/test/fake/fake_002134.jpg,1.0,0.9581233859062195,1
/media/D1/ait_users/staff122/deepfake_project/outputs_deepfake_project/dfdc_subset_77_jpg/test/fake/fake_002135.jpg,1.0,0.999483585357666,1
/media/D1/ait_users/staff122/deepfake_project/outputs_deepfake_project/dfdc_subset_77_jpg/test/fake/fake_002136.jpg,1.0,0.9999397993087769,1
/media/D1/ait_users/staff122/deepfake_project/outputs_deepfake_project/dfdc_subset_77_jpg/test/fake/fake_002137.jpg,1.0,0.9969622492790222,1
/media/D1/ait_users/staff122/deepfake_project/outputs_deepfake_project/dfdc_subset_77_jpg/test/fake/fake_002138.jpg,1.0,0.9654147028923035,1
/media/D1/ait_users/staff122/deepfake_project/outputs_deepfake_project/dfdc_subset_77_jpg/test/fake/fake_002139.jpg,1.0,0.9995074272155762,1
/media/D1/ait_users/staff122/deepfake_project/outputs_deepfake_project/dfdc_subset_77_jpg/test/fake/fake_002140.jpg,1.0,0.7595528364181519,1
/media/D1/ait_users/staff122/deepfake_project/outputs_deepfake_project/dfdc_subset_77_jpg/test/fake/fake_002141.jpg,1.0,0.9632558822631836,1
/media/D1/ait_users/staff122/deepfake_project/outputs_deepfake_project/dfdc_subset_77_jpg/test/fake/fake_002142.jpg,1.0,0.1398484706878662,0
/media/D1/ait_users/staff122/deepfake_project/outputs_deepfake_project/dfdc_subset_77_jpg/test/fake/fake_002143.jpg,1.0,0.6584162712097168,1
/media/D1/ait_users/staff122/deepfake_project/outputs_deepfake_project/dfdc_subset_77_jpg/test/fake/fake_002144.jpg,1.0,0.9655025601387024,1
/media/D1/ait_users/staff122/deepfake_project/outputs_deepfake_project/dfdc_subset_77_jpg/test/fake/fake_002145.jpg,1.0,0.9885106086730957,1
/media/D1/ait_users/staff122/deepfake_project/outputs_deepfake_project/dfdc_subset_77_jpg/test/fake/fake_002146.jpg,1.0,0.9899449944496155,1
/media/D1/ait_users/staff122/deepfake_project/outputs_deepfake_project/dfdc_subset_77_jpg/test/fake/fake_002147.jpg,1.0,0.999799907207489,1
/media/D1/ait_users/staff122/deepfake_project/outputs_deepfake_project/dfdc_subset_77_jpg/test/fake/fake_002148.jpg,1.0,0.7870640158653259,1
/media/D1/ait_users/staff122/deepfake_project/outputs_deepfake_project/dfdc_subset_77_jpg/test/fake/fake_002149.jpg,1.0,0.5010139346122742,1
/media/D1/ait_users/staff122/deepfake_project/outputs_deepfake_project/dfdc_subset_77_jpg/test/fake/fake_002150.jpg,1.0,0.9966124892234802,1
/media/D1/ait_users/staff122/deepfake_project/outputs_deepfake_project/dfdc_subset_77_jpg/test/fake/fake_002151.jpg,1.0,0.9983055591583252,1
/media/D1/ait_users/staff122/deepfake_project/outputs_deepfake_project/dfdc_subset_77_jpg/test/fake/fake_002152.jpg,1.0,0.9298998713493347,1
/media/D1/ait_users/staff122/deepfake_project/outputs_deepfake_project/dfdc_subset_77_jpg/test/fake/fake_002153.jpg,1.0,0.41595083475112915,0
/media/D1/ait_users/staff122/deepfake_project/outputs_deepfake_project/dfdc_subset_77_jpg/test/fake/fake_002154.jpg,1.0,0.20537520945072174,0
/media/D1/ait_users/staff122/deepfake_project/outputs_deepfake_project/dfdc_subset_77_jpg/test/fake/fake_002155.jpg,1.0,0.6740657091140747,1
/media/D1/ait_users/staff122/deepfake_project/outputs_deepfake_project/dfdc_subset_77_jpg/test/fake/fake_002156.jpg,1.0,0.9975048899650574,1
/media/D1/ait_users/staff122/deepfake_project/outputs_deepfake_project/dfdc_subset_77_jpg/test/fake/fake_002157.jpg,1.0,0.9998946189880371,1
/media/D1/ait_users/staff122/deepfake_project/outputs_deepfake_project/dfdc_subset_77_jpg/test/fake/fake_002158.jpg,1.0,0.9343402981758118,1
/media/D1/ait_users/staff122/deepfake_project/outputs_deepfake_project/dfdc_subset_77_jpg/test/fake/fake_002159.jpg,1.0,0.9524601697921753,1
/media/D1/ait_users/staff122/deepfake_project/outputs_deepfake_project/dfdc_subset_77_jpg/test/fake/fake_002160.jpg,1.0,0.8592178821563721,1
/media/D1/ait_users/staff122/deepfake_project/outputs_deepfake_project/dfdc_subset_77_jpg/test/fake/fake_002161.jpg,1.0,0.997214138507843,1
/media/D1/ait_users/staff122/deepfake_project/outputs_deepfake_project/dfdc_subset_77_jpg/test/fake/fake_002162.jpg,1.0,0.987998366355896,1
/media/D1/ait_users/staff122/deepfake_project/outputs_deepfake_project/dfdc_subset_77_jpg/test/fake/fake_002163.jpg,1.0,0.987220287322998,1
/media/D1/ait_users/staff122/deepfake_project/outputs_deepfake_project/dfdc_subset_77_jpg/test/fake/fake_002164.jpg,1.0,0.7036113142967224,1
/media/D1/ait_users/staff122/deepfake_project/outputs_deepfake_project/dfdc_subset_77_jpg/test/fake/fake_002165.jpg,1.0,0.9991098046302795,1
/media/D1/ait_users/staff122/deepfake_project/outputs_deepfake_project/dfdc_subset_77_jpg/test/fake/fake_002166.jpg,1.0,0.9210637211799622,1
/media/D1/ait_users/staff122/deepfake_project/outputs_deepfake_project/dfdc_subset_77_jpg/test/fake/fake_002167.jpg,1.0,0.9994961023330688,1
/media/D1/ait_users/staff122/deepfake_project/outputs_deepfake_project/dfdc_subset_77_jpg/test/fake/fake_002168.jpg,1.0,0.9965983033180237,1
/media/D1/ait_users/staff122/deepfake_project/outputs_deepfake_project/dfdc_subset_77_jpg/test/fake/fake_002169.jpg,1.0,0.9640494585037231,1
/media/D1/ait_users/staff122/deepfake_project/outputs_deepfake_project/dfdc_subset_77_jpg/test/fake/fake_002170.jpg,1.0,0.6967878937721252,1
/media/D1/ait_users/staff122/deepfake_project/outputs_deepfake_project/dfdc_subset_77_jpg/test/fake/fake_002171.jpg,1.0,0.9987515211105347,1
/media/D1/ait_users/staff122/deepfake_project/outputs_deepfake_project/dfdc_subset_77_jpg/test/fake/fake_002172.jpg,1.0,0.6895624995231628,1
/media/D1/ait_users/staff122/deepfake_project/outputs_deepfake_project/dfdc_subset_77_jpg/test/fake/fake_002173.jpg,1.0,0.8952881097793579,1
/media/D1/ait_users/staff122/deepfake_project/outputs_deepfake_project/dfdc_subset_77_jpg/test/fake/fake_002174.jpg,1.0,0.9966842532157898,1
/media/D1/ait_users/staff122/deepfake_project/outputs_deepfake_project/dfdc_subset_77_jpg/test/fake/fake_002175.jpg,1.0,0.9974384307861328,1
/media/D1/ait_users/staff122/deepfake_project/outputs_deepfake_project/dfdc_subset_77_jpg/test/fake/fake_002176.jpg,1.0,0.40202590823173523,0
/media/D1/ait_users/staff122/deepfake_project/outputs_deepfake_project/dfdc_subset_77_jpg/test/fake/fake_002177.jpg,1.0,0.4460870325565338,0
/media/D1/ait_users/staff122/deepfake_project/outputs_deepfake_project/dfdc_subset_77_jpg/test/fake/fake_002178.jpg,1.0,0.7118955254554749,1
/media/D1/ait_users/staff122/deepfake_project/outputs_deepfake_project/dfdc_subset_77_jpg/test/fake/fake_002179.jpg,1.0,0.2925998866558075,0
/media/D1/ait_users/staff122/deepfake_project/outputs_deepfake_project/dfdc_subset_77_jpg/test/fake/fake_002180.jpg,1.0,0.34549230337142944,0
/media/D1/ait_users/staff122/deepfake_project/outputs_deepfake_project/dfdc_subset_77_jpg/test/fake/fake_002181.jpg,1.0,0.22686199843883514,0
/media/D1/ait_users/staff122/deepfake_project/outputs_deepfake_project/dfdc_subset_77_jpg/test/fake/fake_002182.jpg,1.0,0.37242937088012695,0
/media/D1/ait_users/staff122/deepfake_project/outputs_deepfake_project/dfdc_subset_77_jpg/test/fake/fake_002183.jpg,1.0,0.9141941666603088,1
/media/D1/ait_users/staff122/deepfake_project/outputs_deepfake_project/dfdc_subset_77_jpg/test/fake/fake_002184.jpg,1.0,0.27092495560646057,0
/media/D1/ait_users/staff122/deepfake_project/outputs_deepfake_project/dfdc_subset_77_jpg/test/fake/fake_002185.jpg,1.0,0.8891536593437195,1
/media/D1/ait_users/staff122/deepfake_project/outputs_deepfake_project/dfdc_subset_77_jpg/test/fake/fake_002186.jpg,1.0,0.563410758972168,1
/media/D1/ait_users/staff122/deepfake_project/outputs_deepfake_project/dfdc_subset_77_jpg/test/fake/fake_002187.jpg,1.0,1.0,1
/media/D1/ait_users/staff122/deepfake_project/outputs_deepfake_project/dfdc_subset_77_jpg/test/fake/fake_002188.jpg,1.0,0.9999997615814209,1
/media/D1/ait_users/staff122/deepfake_project/outputs_deepfake_project/dfdc_subset_77_jpg/test/fake/fake_002189.jpg,1.0,0.6329823732376099,1
/media/D1/ait_users/staff122/deepfake_project/outputs_deepfake_project/dfdc_subset_77_jpg/test/fake/fake_002190.jpg,1.0,0.9999988079071045,1
/media/D1/ait_users/staff122/deepfake_project/outputs_deepfake_project/dfdc_subset_77_jpg/test/fake/fake_002191.jpg,1.0,0.38756588101387024,0
/media/D1/ait_users/staff122/deepfake_project/outputs_deepfake_project/dfdc_subset_77_jpg/test/fake/fake_002192.jpg,1.0,0.9999994039535522,1
/media/D1/ait_users/staff122/deepfake_project/outputs_deepfake_project/dfdc_subset_77_jpg/test/fake/fake_002193.jpg,1.0,0.9643451571464539,1
/media/D1/ait_users/staff122/deepfake_project/outputs_deepfake_project/dfdc_subset_77_jpg/test/fake/fake_002194.jpg,1.0,0.9999912977218628,1
/media/D1/ait_users/staff122/deepfake_project/outputs_deepfake_project/dfdc_subset_77_jpg/test/fake/fake_002195.jpg,1.0,0.9999830722808838,1
/media/D1/ait_users/staff122/deepfake_project/outputs_deepfake_project/dfdc_subset_77_jpg/test/fake/fake_002196.jpg,1.0,0.999992847442627,1
/media/D1/ait_users/staff122/deepfake_project/outputs_deepfake_project/dfdc_subset_77_jpg/test/fake/fake_002197.jpg,1.0,0.50937420129776,1
/media/D1/ait_users/staff122/deepfake_project/outputs_deepfake_project/dfdc_subset_77_jpg/test/fake/fake_002198.jpg,1.0,0.9999960660934448,1
/media/D1/ait_users/staff122/deepfake_project/outputs_deepfake_project/dfdc_subset_77_jpg/test/fake/fake_002199.jpg,1.0,0.6392276883125305,1
/media/D1/ait_users/staff122/deepfake_project/outputs_deepfake_project/dfdc_subset_77_jpg/test/fake/fake_002200.jpg,1.0,0.9999964237213135,1
/media/D1/ait_users/staff122/deepfake_project/outputs_deepfake_project/dfdc_subset_77_jpg/test/fake/fake_002201.jpg,1.0,0.9999886751174927,1
/media/D1/ait_users/staff122/deepfake_project/outputs_deepfake_project/dfdc_subset_77_jpg/test/fake/fake_002202.jpg,1.0,0.30746588110923767,0
/media/D1/ait_users/staff122/deepfake_project/outputs_deepfake_project/dfdc_subset_77_jpg/test/fake/fake_002203.jpg,1.0,0.9998365640640259,1
/media/D1/ait_users/staff122/deepfake_project/outputs_deepfake_project/dfdc_subset_77_jpg/test/fake/fake_002204.jpg,1.0,0.9999877214431763,1
/media/D1/ait_users/staff122/deepfake_project/outputs_deepfake_project/dfdc_subset_77_jpg/test/fake/fake_002205.jpg,1.0,0.9999995231628418,1
/media/D1/ait_users/staff122/deepfake_project/outputs_deepfake_project/dfdc_subset_77_jpg/test/fake/fake_002206.jpg,1.0,0.9999997615814209,1
/media/D1/ait_users/staff122/deepfake_project/outputs_deepfake_project/dfdc_subset_77_jpg/test/fake/fake_002207.jpg,1.0,0.9999516010284424,1
/media/D1/ait_users/staff122/deepfake_project/outputs_deepfake_project/dfdc_subset_77_jpg/test/fake/fake_002208.jpg,1.0,0.9999918937683105,1
/media/D1/ait_users/staff122/deepfake_project/outputs_deepfake_project/dfdc_subset_77_jpg/test/fake/fake_002209.jpg,1.0,0.9999986886978149,1
/media/D1/ait_users/staff122/deepfake_project/outputs_deepfake_project/dfdc_subset_77_jpg/test/fake/fake_002210.jpg,1.0,0.9999921321868896,1
/media/D1/ait_users/staff122/deepfake_project/outputs_deepfake_project/dfdc_subset_77_jpg/test/fake/fake_002211.jpg,1.0,0.9999977350234985,1
/media/D1/ait_users/staff122/deepfake_project/outputs_deepfake_project/dfdc_subset_77_jpg/test/fake/fake_002212.jpg,1.0,0.9999972581863403,1
/media/D1/ait_users/staff122/deepfake_project/outputs_deepfake_project/dfdc_subset_77_jpg/test/fake/fake_002213.jpg,1.0,0.9999767541885376,1
/media/D1/ait_users/staff122/deepfake_project/outputs_deepfake_project/dfdc_subset_77_jpg/test/fake/fake_002214.jpg,1.0,0.9999196529388428,1
/media/D1/ait_users/staff122/deepfake_project/outputs_deepfake_project/dfdc_subset_77_jpg/test/fake/fake_002215.jpg,1.0,0.9999253749847412,1
/media/D1/ait_users/staff122/deepfake_project/outputs_deepfake_project/dfdc_subset_77_jpg/test/fake/fake_002216.jpg,1.0,0.9999905824661255,1
/media/D1/ait_users/staff122/deepfake_project/outputs_deepfake_project/dfdc_subset_77_jpg/test/fake/fake_002217.jpg,1.0,0.9999974966049194,1
/media/D1/ait_users/staff122/deepfake_project/outputs_deepfake_project/dfdc_subset_77_jpg/test/fake/fake_002218.jpg,1.0,0.9999927282333374,1
/media/D1/ait_users/staff122/deepfake_project/outputs_deepfake_project/dfdc_subset_77_jpg/test/fake/fake_002219.jpg,1.0,0.9999948740005493,1
/media/D1/ait_users/staff122/deepfake_project/outputs_deepfake_project/dfdc_subset_77_jpg/test/fake/fake_002220.jpg,1.0,0.9999984502792358,1
/media/D1/ait_users/staff122/deepfake_project/outputs_deepfake_project/dfdc_subset_77_jpg/test/fake/fake_002221.jpg,1.0,0.9999986886978149,1
/media/D1/ait_users/staff122/deepfake_project/outputs_deepfake_project/dfdc_subset_77_jpg/test/fake/fake_002222.jpg,1.0,0.9999887943267822,1
/media/D1/ait_users/staff122/deepfake_project/outputs_deepfake_project/dfdc_subset_77_jpg/test/fake/fake_002223.jpg,1.0,0.9999908208847046,1
/media/D1/ait_users/staff122/deepfake_project/outputs_deepfake_project/dfdc_subset_77_jpg/test/fake/fake_002224.jpg,1.0,0.9999094009399414,1
/media/D1/ait_users/staff122/deepfake_project/outputs_deepfake_project/dfdc_subset_77_jpg/test/fake/fake_002225.jpg,1.0,0.999998927116394,1
/media/D1/ait_users/staff122/deepfake_project/outputs_deepfake_project/dfdc_subset_77_jpg/test/fake/fake_002226.jpg,1.0,0.9999874830245972,1
/media/D1/ait_users/staff122/deepfake_project/outputs_deepfake_project/dfdc_subset_77_jpg/test/fake/fake_002227.jpg,1.0,1.0,1
/media/D1/ait_users/staff122/deepfake_project/outputs_deepfake_project/dfdc_subset_77_jpg/test/fake/fake_002228.jpg,1.0,0.9999998807907104,1
/media/D1/ait_users/staff122/deepfake_project/outputs_deepfake_project/dfdc_subset_77_jpg/test/fake/fake_002229.jpg,1.0,0.9999998807907104,1
/media/D1/ait_users/staff122/deepfake_project/outputs_deepfake_project/dfdc_subset_77_jpg/test/fake/fake_002230.jpg,1.0,0.9999998807907104,1
/media/D1/ait_users/staff122/deepfake_project/outputs_deepfake_project/dfdc_subset_77_jpg/test/fake/fake_002231.jpg,1.0,0.9999997615814209,1
/media/D1/ait_users/staff122/deepfake_project/outputs_deepfake_project/dfdc_subset_77_jpg/test/fake/fake_002232.jpg,1.0,0.9999992847442627,1
/media/D1/ait_users/staff122/deepfake_project/outputs_deepfake_project/dfdc_subset_77_jpg/test/fake/fake_002233.jpg,1.0,0.9999998807907104,1
/media/D1/ait_users/staff122/deepfake_project/outputs_deepfake_project/dfdc_subset_77_jpg/test/fake/fake_002234.jpg,1.0,0.9999945163726807,1
/media/D1/ait_users/staff122/deepfake_project/outputs_deepfake_project/dfdc_subset_77_jpg/test/fake/fake_002235.jpg,1.0,0.9999991655349731,1
/media/D1/ait_users/staff122/deepfake_project/outputs_deepfake_project/dfdc_subset_77_jpg/test/fake/fake_002236.jpg,1.0,0.9999998807907104,1
/media/D1/ait_users/staff122/deepfake_project/outputs_deepfake_project/dfdc_subset_77_jpg/test/fake/fake_002237.jpg,1.0,0.9999996423721313,1
/media/D1/ait_users/staff122/deepfake_project/outputs_deepfake_project/dfdc_subset_77_jpg/test/fake/fake_002238.jpg,1.0,0.9996597766876221,1
/media/D1/ait_users/staff122/deepfake_project/outputs_deepfake_project/dfdc_subset_77_jpg/test/fake/fake_002239.jpg,1.0,0.9960715770721436,1
/media/D1/ait_users/staff122/deepfake_project/outputs_deepfake_project/dfdc_subset_77_jpg/test/fake/fake_002240.jpg,1.0,0.9985328912734985,1
/media/D1/ait_users/staff122/deepfake_project/outputs_deepfake_project/dfdc_subset_77_jpg/test/fake/fake_002241.jpg,1.0,0.9998660087585449,1
/media/D1/ait_users/staff122/deepfake_project/outputs_deepfake_project/dfdc_subset_77_jpg/test/fake/fake_002242.jpg,1.0,0.9999830722808838,1
/media/D1/ait_users/staff122/deepfake_project/outputs_deepfake_project/dfdc_subset_77_jpg/test/fake/fake_002243.jpg,1.0,0.9999942779541016,1
/media/D1/ait_users/staff122/deepfake_project/outputs_deepfake_project/dfdc_subset_77_jpg/test/fake/fake_002244.jpg,1.0,0.9999892711639404,1
/media/D1/ait_users/staff122/deepfake_project/outputs_deepfake_project/dfdc_subset_77_jpg/test/fake/fake_002245.jpg,1.0,0.9999946355819702,1
/media/D1/ait_users/staff122/deepfake_project/outputs_deepfake_project/dfdc_subset_77_jpg/test/fake/fake_002246.jpg,1.0,0.999953031539917,1
/media/D1/ait_users/staff122/deepfake_project/outputs_deepfake_project/dfdc_subset_77_jpg/test/fake/fake_002247.jpg,1.0,0.9998897314071655,1
/media/D1/ait_users/staff122/deepfake_project/outputs_deepfake_project/dfdc_subset_77_jpg/test/fake/fake_002248.jpg,1.0,0.9999794960021973,1
/media/D1/ait_users/staff122/deepfake_project/outputs_deepfake_project/dfdc_subset_77_jpg/test/fake/fake_002249.jpg,1.0,0.9999414682388306,1
/media/D1/ait_users/staff122/deepfake_project/outputs_deepfake_project/dfdc_subset_77_jpg/test/fake/fake_002250.jpg,1.0,0.9999517202377319,1
/media/D1/ait_users/staff122/deepfake_project/outputs_deepfake_project/dfdc_subset_77_jpg/test/fake/fake_002251.jpg,1.0,0.9995341300964355,1
/media/D1/ait_users/staff122/deepfake_project/outputs_deepfake_project/dfdc_subset_77_jpg/test/fake/fake_002252.jpg,1.0,0.9999103546142578,1
/media/D1/ait_users/staff122/deepfake_project/outputs_deepfake_project/dfdc_subset_77_jpg/test/fake/fake_002253.jpg,1.0,0.9999526739120483,1
/media/D1/ait_users/staff122/deepfake_project/outputs_deepfake_project/dfdc_subset_77_jpg/test/fake/fake_002254.jpg,1.0,0.9999939203262329,1
/media/D1/ait_users/staff122/deepfake_project/outputs_deepfake_project/dfdc_subset_77_jpg/test/fake/fake_002255.jpg,1.0,0.999977707862854,1
/media/D1/ait_users/staff122/deepfake_project/outputs_deepfake_project/dfdc_subset_77_jpg/test/fake/fake_002256.jpg,1.0,0.9999992847442627,1
/media/D1/ait_users/staff122/deepfake_project/outputs_deepfake_project/dfdc_subset_77_jpg/test/fake/fake_002257.jpg,1.0,0.9999990463256836,1
/media/D1/ait_users/staff122/deepfake_project/outputs_deepfake_project/dfdc_subset_77_jpg/test/fake/fake_002258.jpg,1.0,0.9999891519546509,1
/media/D1/ait_users/staff122/deepfake_project/outputs_deepfake_project/dfdc_subset_77_jpg/test/fake/fake_002259.jpg,1.0,0.9999938011169434,1
/media/D1/ait_users/staff122/deepfake_project/outputs_deepfake_project/dfdc_subset_77_jpg/test/fake/fake_002260.jpg,1.0,0.9998974800109863,1
/media/D1/ait_users/staff122/deepfake_project/outputs_deepfake_project/dfdc_subset_77_jpg/test/fake/fake_002261.jpg,1.0,0.9999823570251465,1
/media/D1/ait_users/staff122/deepfake_project/outputs_deepfake_project/dfdc_subset_77_jpg/test/fake/fake_002262.jpg,1.0,0.9999916553497314,1
/media/D1/ait_users/staff122/deepfake_project/outputs_deepfake_project/dfdc_subset_77_jpg/test/fake/fake_002263.jpg,1.0,0.9999567270278931,1
/media/D1/ait_users/staff122/deepfake_project/outputs_deepfake_project/dfdc_subset_77_jpg/test/fake/fake_002264.jpg,1.0,0.999976396560669,1
/media/D1/ait_users/staff122/deepfake_project/outputs_deepfake_project/dfdc_subset_77_jpg/test/fake/fake_002265.jpg,1.0,0.9999836683273315,1
/media/D1/ait_users/staff122/deepfake_project/outputs_deepfake_project/dfdc_subset_77_jpg/test/fake/fake_002266.jpg,1.0,0.9999922513961792,1
/media/D1/ait_users/staff122/deepfake_project/outputs_deepfake_project/dfdc_subset_77_jpg/test/fake/fake_002267.jpg,1.0,0.9999957084655762,1
/media/D1/ait_users/staff122/deepfake_project/outputs_deepfake_project/dfdc_subset_77_jpg/test/fake/fake_002268.jpg,1.0,0.999743640422821,1
/media/D1/ait_users/staff122/deepfake_project/outputs_deepfake_project/dfdc_subset_77_jpg/test/fake/fake_002269.jpg,1.0,0.9999161958694458,1
/media/D1/ait_users/staff122/deepfake_project/outputs_deepfake_project/dfdc_subset_77_jpg/test/fake/fake_002270.jpg,1.0,0.9942702054977417,1
/media/D1/ait_users/staff122/deepfake_project/outputs_deepfake_project/dfdc_subset_77_jpg/test/fake/fake_002271.jpg,1.0,0.9997684359550476,1
/media/D1/ait_users/staff122/deepfake_project/outputs_deepfake_project/dfdc_subset_77_jpg/test/fake/fake_002272.jpg,1.0,0.9989545345306396,1
/media/D1/ait_users/staff122/deepfake_project/outputs_deepfake_project/dfdc_subset_77_jpg/test/fake/fake_002273.jpg,1.0,0.9998592138290405,1
/media/D1/ait_users/staff122/deepfake_project/outputs_deepfake_project/dfdc_subset_77_jpg/test/fake/fake_002274.jpg,1.0,0.9990309476852417,1
/media/D1/ait_users/staff122/deepfake_project/outputs_deepfake_project/dfdc_subset_77_jpg/test/fake/fake_002275.jpg,1.0,0.9999958276748657,1
/media/D1/ait_users/staff122/deepfake_project/outputs_deepfake_project/dfdc_subset_77_jpg/test/fake/fake_002276.jpg,1.0,0.999996542930603,1
/media/D1/ait_users/staff122/deepfake_project/outputs_deepfake_project/dfdc_subset_77_jpg/test/fake/fake_002277.jpg,1.0,0.9999973773956299,1
/media/D1/ait_users/staff122/deepfake_project/outputs_deepfake_project/dfdc_subset_77_jpg/test/fake/fake_002278.jpg,1.0,0.9999425411224365,1
/media/D1/ait_users/staff122/deepfake_project/outputs_deepfake_project/dfdc_subset_77_jpg/test/fake/fake_002279.jpg,1.0,0.9996753931045532,1
/media/D1/ait_users/staff122/deepfake_project/outputs_deepfake_project/dfdc_subset_77_jpg/test/fake/fake_002280.jpg,1.0,0.9999949932098389,1
/media/D1/ait_users/staff122/deepfake_project/outputs_deepfake_project/dfdc_subset_77_jpg/test/fake/fake_002281.jpg,1.0,0.9999992847442627,1
/media/D1/ait_users/staff122/deepfake_project/outputs_deepfake_project/dfdc_subset_77_jpg/test/fake/fake_002282.jpg,1.0,0.9999133348464966,1
/media/D1/ait_users/staff122/deepfake_project/outputs_deepfake_project/dfdc_subset_77_jpg/test/fake/fake_002283.jpg,1.0,0.999841570854187,1
/media/D1/ait_users/staff122/deepfake_project/outputs_deepfake_project/dfdc_subset_77_jpg/test/fake/fake_002284.jpg,1.0,0.9995668530464172,1
/media/D1/ait_users/staff122/deepfake_project/outputs_deepfake_project/dfdc_subset_77_jpg/test/fake/fake_002285.jpg,1.0,0.9999923706054688,1
/media/D1/ait_users/staff122/deepfake_project/outputs_deepfake_project/dfdc_subset_77_jpg/test/fake/fake_002286.jpg,1.0,0.9997190833091736,1
/media/D1/ait_users/staff122/deepfake_project/outputs_deepfake_project/dfdc_subset_77_jpg/test/fake/fake_002287.jpg,1.0,0.999994158744812,1
/media/D1/ait_users/staff122/deepfake_project/outputs_deepfake_project/dfdc_subset_77_jpg/test/fake/fake_002288.jpg,1.0,0.9997981190681458,1
/media/D1/ait_users/staff122/deepfake_project/outputs_deepfake_project/dfdc_subset_77_jpg/test/fake/fake_002289.jpg,1.0,0.23751279711723328,0
/media/D1/ait_users/staff122/deepfake_project/outputs_deepfake_project/dfdc_subset_77_jpg/test/fake/fake_002290.jpg,1.0,0.9999897480010986,1
/media/D1/ait_users/staff122/deepfake_project/outputs_deepfake_project/dfdc_subset_77_jpg/test/fake/fake_002291.jpg,1.0,0.9999326467514038,1
/media/D1/ait_users/staff122/deepfake_project/outputs_deepfake_project/dfdc_subset_77_jpg/test/fake/fake_002292.jpg,1.0,0.9997491240501404,1
/media/D1/ait_users/staff122/deepfake_project/outputs_deepfake_project/dfdc_subset_77_jpg/test/fake/fake_002293.jpg,1.0,0.9999208450317383,1
/media/D1/ait_users/staff122/deepfake_project/outputs_deepfake_project/dfdc_subset_77_jpg/test/fake/fake_002294.jpg,1.0,0.9999964237213135,1
/media/D1/ait_users/staff122/deepfake_project/outputs_deepfake_project/dfdc_subset_77_jpg/test/fake/fake_002295.jpg,1.0,0.9999912977218628,1
/media/D1/ait_users/staff122/deepfake_project/outputs_deepfake_project/dfdc_subset_77_jpg/test/fake/fake_002296.jpg,1.0,0.9999983310699463,1
/media/D1/ait_users/staff122/deepfake_project/outputs_deepfake_project/dfdc_subset_77_jpg/test/fake/fake_002297.jpg,1.0,0.9999980926513672,1
/media/D1/ait_users/staff122/deepfake_project/outputs_deepfake_project/dfdc_subset_77_jpg/test/fake/fake_002298.jpg,1.0,0.9996329545974731,1
/media/D1/ait_users/staff122/deepfake_project/outputs_deepfake_project/dfdc_subset_77_jpg/test/fake/fake_002299.jpg,1.0,0.9999899864196777,1
/media/D1/ait_users/staff122/deepfake_project/outputs_deepfake_project/dfdc_subset_77_jpg/test/fake/fake_002300.jpg,1.0,0.9999998807907104,1
/media/D1/ait_users/staff122/deepfake_project/outputs_deepfake_project/dfdc_subset_77_jpg/test/fake/fake_002301.jpg,1.0,0.999982476234436,1
/media/D1/ait_users/staff122/deepfake_project/outputs_deepfake_project/dfdc_subset_77_jpg/test/fake/fake_002302.jpg,1.0,0.9991586208343506,1
/media/D1/ait_users/staff122/deepfake_project/outputs_deepfake_project/dfdc_subset_77_jpg/test/fake/fake_002303.jpg,1.0,0.9999314546585083,1
/media/D1/ait_users/staff122/deepfake_project/outputs_deepfake_project/dfdc_subset_77_jpg/test/fake/fake_002304.jpg,1.0,0.015726272016763687,0
/media/D1/ait_users/staff122/deepfake_project/outputs_deepfake_project/dfdc_subset_77_jpg/test/fake/fake_002305.jpg,1.0,0.8763310313224792,1
/media/D1/ait_users/staff122/deepfake_project/outputs_deepfake_project/dfdc_subset_77_jpg/test/fake/fake_002306.jpg,1.0,0.007221665233373642,0
/media/D1/ait_users/staff122/deepfake_project/outputs_deepfake_project/dfdc_subset_77_jpg/test/fake/fake_002307.jpg,1.0,0.11936726421117783,0
/media/D1/ait_users/staff122/deepfake_project/outputs_deepfake_project/dfdc_subset_77_jpg/test/fake/fake_002308.jpg,1.0,0.20218613743782043,0
/media/D1/ait_users/staff122/deepfake_project/outputs_deepfake_project/dfdc_subset_77_jpg/test/fake/fake_002309.jpg,1.0,0.8595704436302185,1
/media/D1/ait_users/staff122/deepfake_project/outputs_deepfake_project/dfdc_subset_77_jpg/test/fake/fake_002310.jpg,1.0,0.9234231114387512,1
/media/D1/ait_users/staff122/deepfake_project/outputs_deepfake_project/dfdc_subset_77_jpg/test/fake/fake_002311.jpg,1.0,0.9057780504226685,1
/media/D1/ait_users/staff122/deepfake_project/outputs_deepfake_project/dfdc_subset_77_jpg/test/fake/fake_002312.jpg,1.0,0.9921020865440369,1
/media/D1/ait_users/staff122/deepfake_project/outputs_deepfake_project/dfdc_subset_77_jpg/test/fake/fake_002313.jpg,1.0,0.9312213063240051,1
/media/D1/ait_users/staff122/deepfake_project/outputs_deepfake_project/dfdc_subset_77_jpg/test/fake/fake_002314.jpg,1.0,0.7864038944244385,1
/media/D1/ait_users/staff122/deepfake_project/outputs_deepfake_project/dfdc_subset_77_jpg/test/fake/fake_002315.jpg,1.0,0.9788763523101807,1
/media/D1/ait_users/staff122/deepfake_project/outputs_deepfake_project/dfdc_subset_77_jpg/test/fake/fake_002316.jpg,1.0,0.8600437641143799,1
/media/D1/ait_users/staff122/deepfake_project/outputs_deepfake_project/dfdc_subset_77_jpg/test/fake/fake_002317.jpg,1.0,0.2607872188091278,0
/media/D1/ait_users/staff122/deepfake_project/outputs_deepfake_project/dfdc_subset_77_jpg/test/fake/fake_002318.jpg,1.0,0.8335144519805908,1
/media/D1/ait_users/staff122/deepfake_project/outputs_deepfake_project/dfdc_subset_77_jpg/test/fake/fake_002319.jpg,1.0,0.17855386435985565,0
/media/D1/ait_users/staff122/deepfake_project/outputs_deepfake_project/dfdc_subset_77_jpg/test/fake/fake_002320.jpg,1.0,0.8944118022918701,1
/media/D1/ait_users/staff122/deepfake_project/outputs_deepfake_project/dfdc_subset_77_jpg/test/fake/fake_002321.jpg,1.0,0.8964277505874634,1
/media/D1/ait_users/staff122/deepfake_project/outputs_deepfake_project/dfdc_subset_77_jpg/test/fake/fake_002322.jpg,1.0,0.8045830726623535,1
/media/D1/ait_users/staff122/deepfake_project/outputs_deepfake_project/dfdc_subset_77_jpg/test/fake/fake_002323.jpg,1.0,0.9974969029426575,1
/media/D1/ait_users/staff122/deepfake_project/outputs_deepfake_project/dfdc_subset_77_jpg/test/fake/fake_002324.jpg,1.0,0.9979403614997864,1
/media/D1/ait_users/staff122/deepfake_project/outputs_deepfake_project/dfdc_subset_77_jpg/test/fake/fake_002325.jpg,1.0,0.9978477954864502,1
/media/D1/ait_users/staff122/deepfake_project/outputs_deepfake_project/dfdc_subset_77_jpg/test/fake/fake_002326.jpg,1.0,0.6748307943344116,1
/media/D1/ait_users/staff122/deepfake_project/outputs_deepfake_project/dfdc_subset_77_jpg/test/fake/fake_002327.jpg,1.0,0.8720079064369202,1
/media/D1/ait_users/staff122/deepfake_project/outputs_deepfake_project/dfdc_subset_77_jpg/test/fake/fake_002328.jpg,1.0,0.4040088951587677,0
/media/D1/ait_users/staff122/deepfake_project/outputs_deepfake_project/dfdc_subset_77_jpg/test/fake/fake_002329.jpg,1.0,0.999808132648468,1
/media/D1/ait_users/staff122/deepfake_project/outputs_deepfake_project/dfdc_subset_77_jpg/test/fake/fake_002330.jpg,1.0,0.9926446676254272,1
/media/D1/ait_users/staff122/deepfake_project/outputs_deepfake_project/dfdc_subset_77_jpg/test/fake/fake_002331.jpg,1.0,0.9948751330375671,1
/media/D1/ait_users/staff122/deepfake_project/outputs_deepfake_project/dfdc_subset_77_jpg/test/fake/fake_002332.jpg,1.0,0.9948209524154663,1
/media/D1/ait_users/staff122/deepfake_project/outputs_deepfake_project/dfdc_subset_77_jpg/test/fake/fake_002333.jpg,1.0,0.6906116008758545,1
/media/D1/ait_users/staff122/deepfake_project/outputs_deepfake_project/dfdc_subset_77_jpg/test/fake/fake_002334.jpg,1.0,0.7497934103012085,1
/media/D1/ait_users/staff122/deepfake_project/outputs_deepfake_project/dfdc_subset_77_jpg/test/fake/fake_002335.jpg,1.0,0.8518286943435669,1
/media/D1/ait_users/staff122/deepfake_project/outputs_deepfake_project/dfdc_subset_77_jpg/test/fake/fake_002336.jpg,1.0,0.00010341001325286925,0
/media/D1/ait_users/staff122/deepfake_project/outputs_deepfake_project/dfdc_subset_77_jpg/test/fake/fake_002337.jpg,1.0,0.9997501969337463,1
/media/D1/ait_users/staff122/deepfake_project/outputs_deepfake_project/dfdc_subset_77_jpg/test/fake/fake_002338.jpg,1.0,0.999977707862854,1
/media/D1/ait_users/staff122/deepfake_project/outputs_deepfake_project/dfdc_subset_77_jpg/test/fake/fake_002339.jpg,1.0,0.9949585795402527,1
/media/D1/ait_users/staff122/deepfake_project/outputs_deepfake_project/dfdc_subset_77_jpg/test/fake/fake_002340.jpg,1.0,0.999902606010437,1
/media/D1/ait_users/staff122/deepfake_project/outputs_deepfake_project/dfdc_subset_77_jpg/test/fake/fake_002341.jpg,1.0,0.9999997615814209,1
/media/D1/ait_users/staff122/deepfake_project/outputs_deepfake_project/dfdc_subset_77_jpg/test/fake/fake_002342.jpg,1.0,0.9999998807907104,1
/media/D1/ait_users/staff122/deepfake_project/outputs_deepfake_project/dfdc_subset_77_jpg/test/fake/fake_002343.jpg,1.0,0.9993705153465271,1
/media/D1/ait_users/staff122/deepfake_project/outputs_deepfake_project/dfdc_subset_77_jpg/test/fake/fake_002344.jpg,1.0,0.9999982118606567,1
/media/D1/ait_users/staff122/deepfake_project/outputs_deepfake_project/dfdc_subset_77_jpg/test/fake/fake_002345.jpg,1.0,0.9999942779541016,1
/media/D1/ait_users/staff122/deepfake_project/outputs_deepfake_project/dfdc_subset_77_jpg/test/fake/fake_002346.jpg,1.0,0.9972102046012878,1
/media/D1/ait_users/staff122/deepfake_project/outputs_deepfake_project/dfdc_subset_77_jpg/test/fake/fake_002347.jpg,1.0,0.9999996423721313,1
/media/D1/ait_users/staff122/deepfake_project/outputs_deepfake_project/dfdc_subset_77_jpg/test/fake/fake_002348.jpg,1.0,0.9999985694885254,1
/media/D1/ait_users/staff122/deepfake_project/outputs_deepfake_project/dfdc_subset_77_jpg/test/fake/fake_002349.jpg,1.0,0.9999994039535522,1
/media/D1/ait_users/staff122/deepfake_project/outputs_deepfake_project/dfdc_subset_77_jpg/test/fake/fake_002350.jpg,1.0,0.8429518938064575,1
/media/D1/ait_users/staff122/deepfake_project/outputs_deepfake_project/dfdc_subset_77_jpg/test/fake/fake_002351.jpg,1.0,0.8601040840148926,1
/media/D1/ait_users/staff122/deepfake_project/outputs_deepfake_project/dfdc_subset_77_jpg/test/fake/fake_002352.jpg,1.0,0.999916672706604,1
/media/D1/ait_users/staff122/deepfake_project/outputs_deepfake_project/dfdc_subset_77_jpg/test/fake/fake_002353.jpg,1.0,0.9919375777244568,1
/media/D1/ait_users/staff122/deepfake_project/outputs_deepfake_project/dfdc_subset_77_jpg/test/fake/fake_002354.jpg,1.0,0.9955044388771057,1
/media/D1/ait_users/staff122/deepfake_project/outputs_deepfake_project/dfdc_subset_77_jpg/test/fake/fake_002355.jpg,1.0,0.99997878074646,1
/media/D1/ait_users/staff122/deepfake_project/outputs_deepfake_project/dfdc_subset_77_jpg/test/fake/fake_002356.jpg,1.0,0.9999908208847046,1
/media/D1/ait_users/staff122/deepfake_project/outputs_deepfake_project/dfdc_subset_77_jpg/test/fake/fake_002357.jpg,1.0,0.938987135887146,1
/media/D1/ait_users/staff122/deepfake_project/outputs_deepfake_project/dfdc_subset_77_jpg/test/fake/fake_002358.jpg,1.0,0.8514382243156433,1
/media/D1/ait_users/staff122/deepfake_project/outputs_deepfake_project/dfdc_subset_77_jpg/test/fake/fake_002359.jpg,1.0,0.976395845413208,1
/media/D1/ait_users/staff122/deepfake_project/outputs_deepfake_project/dfdc_subset_77_jpg/test/fake/fake_002360.jpg,1.0,0.9999973773956299,1
/media/D1/ait_users/staff122/deepfake_project/outputs_deepfake_project/dfdc_subset_77_jpg/test/fake/fake_002361.jpg,1.0,0.9518190622329712,1
/media/D1/ait_users/staff122/deepfake_project/outputs_deepfake_project/dfdc_subset_77_jpg/test/fake/fake_002362.jpg,1.0,0.9999918937683105,1
/media/D1/ait_users/staff122/deepfake_project/outputs_deepfake_project/dfdc_subset_77_jpg/test/fake/fake_002363.jpg,1.0,0.9999173879623413,1
/media/D1/ait_users/staff122/deepfake_project/outputs_deepfake_project/dfdc_subset_77_jpg/test/fake/fake_002364.jpg,1.0,0.9999998807907104,1
/media/D1/ait_users/staff122/deepfake_project/outputs_deepfake_project/dfdc_subset_77_jpg/test/fake/fake_002365.jpg,1.0,0.9999957084655762,1
/media/D1/ait_users/staff122/deepfake_project/outputs_deepfake_project/dfdc_subset_77_jpg/test/fake/fake_002366.jpg,1.0,0.9999843835830688,1
/media/D1/ait_users/staff122/deepfake_project/outputs_deepfake_project/dfdc_subset_77_jpg/test/fake/fake_002367.jpg,1.0,0.8220712542533875,1
/media/D1/ait_users/staff122/deepfake_project/outputs_deepfake_project/dfdc_subset_77_jpg/test/fake/fake_002368.jpg,1.0,0.9968693852424622,1
/media/D1/ait_users/staff122/deepfake_project/outputs_deepfake_project/dfdc_subset_77_jpg/test/fake/fake_002369.jpg,1.0,0.9999967813491821,1
/media/D1/ait_users/staff122/deepfake_project/outputs_deepfake_project/dfdc_subset_77_jpg/test/fake/fake_002370.jpg,1.0,0.9999532699584961,1
/media/D1/ait_users/staff122/deepfake_project/outputs_deepfake_project/dfdc_subset_77_jpg/test/fake/fake_002371.jpg,1.0,0.9998705387115479,1
/media/D1/ait_users/staff122/deepfake_project/outputs_deepfake_project/dfdc_subset_77_jpg/test/fake/fake_002372.jpg,1.0,0.9961393475532532,1
/media/D1/ait_users/staff122/deepfake_project/outputs_deepfake_project/dfdc_subset_77_jpg/test/fake/fake_002373.jpg,1.0,0.9997565150260925,1
/media/D1/ait_users/staff122/deepfake_project/outputs_deepfake_project/dfdc_subset_77_jpg/test/fake/fake_002374.jpg,1.0,0.9998352527618408,1
/media/D1/ait_users/staff122/deepfake_project/outputs_deepfake_project/dfdc_subset_77_jpg/test/fake/fake_002375.jpg,1.0,0.9998682737350464,1
/media/D1/ait_users/staff122/deepfake_project/outputs_deepfake_project/dfdc_subset_77_jpg/test/fake/fake_002376.jpg,1.0,0.9979211688041687,1
/media/D1/ait_users/staff122/deepfake_project/outputs_deepfake_project/dfdc_subset_77_jpg/test/fake/fake_002377.jpg,1.0,0.9985769987106323,1
/media/D1/ait_users/staff122/deepfake_project/outputs_deepfake_project/dfdc_subset_77_jpg/test/fake/fake_002378.jpg,1.0,0.9979709982872009,1
/media/D1/ait_users/staff122/deepfake_project/outputs_deepfake_project/dfdc_subset_77_jpg/test/fake/fake_002379.jpg,1.0,0.998099148273468,1
/media/D1/ait_users/staff122/deepfake_project/outputs_deepfake_project/dfdc_subset_77_jpg/test/fake/fake_002380.jpg,1.0,0.9998717308044434,1
/media/D1/ait_users/staff122/deepfake_project/outputs_deepfake_project/dfdc_subset_77_jpg/test/fake/fake_002381.jpg,1.0,0.28632065653800964,0
/media/D1/ait_users/staff122/deepfake_project/outputs_deepfake_project/dfdc_subset_77_jpg/test/fake/fake_002382.jpg,1.0,0.16006745398044586,0
/media/D1/ait_users/staff122/deepfake_project/outputs_deepfake_project/dfdc_subset_77_jpg/test/fake/fake_002383.jpg,1.0,0.4190221130847931,0
/media/D1/ait_users/staff122/deepfake_project/outputs_deepfake_project/dfdc_subset_77_jpg/test/fake/fake_002384.jpg,1.0,0.8854069113731384,1
/media/D1/ait_users/staff122/deepfake_project/outputs_deepfake_project/dfdc_subset_77_jpg/test/fake/fake_002385.jpg,1.0,0.9976558685302734,1
/media/D1/ait_users/staff122/deepfake_project/outputs_deepfake_project/dfdc_subset_77_jpg/test/fake/fake_002386.jpg,1.0,0.9969336986541748,1
/media/D1/ait_users/staff122/deepfake_project/outputs_deepfake_project/dfdc_subset_77_jpg/test/fake/fake_002387.jpg,1.0,0.9976813793182373,1
/media/D1/ait_users/staff122/deepfake_project/outputs_deepfake_project/dfdc_subset_77_jpg/test/fake/fake_002388.jpg,1.0,0.002741822972893715,0
/media/D1/ait_users/staff122/deepfake_project/outputs_deepfake_project/dfdc_subset_77_jpg/test/fake/fake_002389.jpg,1.0,0.9982131719589233,1
/media/D1/ait_users/staff122/deepfake_project/outputs_deepfake_project/dfdc_subset_77_jpg/test/fake/fake_002390.jpg,1.0,0.18817953765392303,0
/media/D1/ait_users/staff122/deepfake_project/outputs_deepfake_project/dfdc_subset_77_jpg/test/fake/fake_002391.jpg,1.0,0.9995630383491516,1
/media/D1/ait_users/staff122/deepfake_project/outputs_deepfake_project/dfdc_subset_77_jpg/test/fake/fake_002392.jpg,1.0,0.9991127848625183,1
/media/D1/ait_users/staff122/deepfake_project/outputs_deepfake_project/dfdc_subset_77_jpg/test/fake/fake_002393.jpg,1.0,0.9992741942405701,1
/media/D1/ait_users/staff122/deepfake_project/outputs_deepfake_project/dfdc_subset_77_jpg/test/fake/fake_002394.jpg,1.0,0.9978623986244202,1
/media/D1/ait_users/staff122/deepfake_project/outputs_deepfake_project/dfdc_subset_77_jpg/test/fake/fake_002395.jpg,1.0,0.2024385631084442,0
/media/D1/ait_users/staff122/deepfake_project/outputs_deepfake_project/dfdc_subset_77_jpg/test/fake/fake_002396.jpg,1.0,0.8949362635612488,1
/media/D1/ait_users/staff122/deepfake_project/outputs_deepfake_project/dfdc_subset_77_jpg/test/fake/fake_002397.jpg,1.0,0.9982157945632935,1
/media/D1/ait_users/staff122/deepfake_project/outputs_deepfake_project/dfdc_subset_77_jpg/test/fake/fake_002398.jpg,1.0,0.9997625946998596,1
/media/D1/ait_users/staff122/deepfake_project/outputs_deepfake_project/dfdc_subset_77_jpg/test/fake/fake_002399.jpg,1.0,0.6752461194992065,1
/media/D1/ait_users/staff122/deepfake_project/outputs_deepfake_project/dfdc_subset_77_jpg/test/fake/fake_002400.jpg,1.0,0.9999998807907104,1
/media/D1/ait_users/staff122/deepfake_project/outputs_deepfake_project/dfdc_subset_77_jpg/test/fake/fake_002401.jpg,1.0,0.9999996423721313,1
/media/D1/ait_users/staff122/deepfake_project/outputs_deepfake_project/dfdc_subset_77_jpg/test/fake/fake_002402.jpg,1.0,0.9999998807907104,1
/media/D1/ait_users/staff122/deepfake_project/outputs_deepfake_project/dfdc_subset_77_jpg/test/fake/fake_002403.jpg,1.0,0.9999998807907104,1
/media/D1/ait_users/staff122/deepfake_project/outputs_deepfake_project/dfdc_subset_77_jpg/test/fake/fake_002404.jpg,1.0,0.6390369534492493,1
/media/D1/ait_users/staff122/deepfake_project/outputs_deepfake_project/dfdc_subset_77_jpg/test/fake/fake_002405.jpg,1.0,0.9999990463256836,1
/media/D1/ait_users/staff122/deepfake_project/outputs_deepfake_project/dfdc_subset_77_jpg/test/fake/fake_002406.jpg,1.0,1.0,1
/media/D1/ait_users/staff122/deepfake_project/outputs_deepfake_project/dfdc_subset_77_jpg/test/fake/fake_002407.jpg,1.0,1.0,1
/media/D1/ait_users/staff122/deepfake_project/outputs_deepfake_project/dfdc_subset_77_jpg/test/fake/fake_002408.jpg,1.0,0.9999996423721313,1
/media/D1/ait_users/staff122/deepfake_project/outputs_deepfake_project/dfdc_subset_77_jpg/test/fake/fake_002409.jpg,1.0,0.999998927116394,1
/media/D1/ait_users/staff122/deepfake_project/outputs_deepfake_project/dfdc_subset_77_jpg/test/fake/fake_002410.jpg,1.0,0.9999986886978149,1
/media/D1/ait_users/staff122/deepfake_project/outputs_deepfake_project/dfdc_subset_77_jpg/test/fake/fake_002411.jpg,1.0,1.0,1
/media/D1/ait_users/staff122/deepfake_project/outputs_deepfake_project/dfdc_subset_77_jpg/test/fake/fake_002412.jpg,1.0,0.9999926090240479,1
/media/D1/ait_users/staff122/deepfake_project/outputs_deepfake_project/dfdc_subset_77_jpg/test/fake/fake_002413.jpg,1.0,1.0,1
/media/D1/ait_users/staff122/deepfake_project/outputs_deepfake_project/dfdc_subset_77_jpg/test/fake/fake_002414.jpg,1.0,0.9999995231628418,1
/media/D1/ait_users/staff122/deepfake_project/outputs_deepfake_project/dfdc_subset_77_jpg/test/fake/fake_002415.jpg,1.0,1.0,1
/media/D1/ait_users/staff122/deepfake_project/outputs_deepfake_project/dfdc_subset_77_jpg/test/fake/fake_002416.jpg,1.0,1.0,1
/media/D1/ait_users/staff122/deepfake_project/outputs_deepfake_project/dfdc_subset_77_jpg/test/fake/fake_002417.jpg,1.0,1.0,1
/media/D1/ait_users/staff122/deepfake_project/outputs_deepfake_project/dfdc_subset_77_jpg/test/fake/fake_002418.jpg,1.0,1.0,1
/media/D1/ait_users/staff122/deepfake_project/outputs_deepfake_project/dfdc_subset_77_jpg/test/fake/fake_002419.jpg,1.0,1.0,1
/media/D1/ait_users/staff122/deepfake_project/outputs_deepfake_project/dfdc_subset_77_jpg/test/fake/fake_002420.jpg,1.0,1.0,1
/media/D1/ait_users/staff122/deepfake_project/outputs_deepfake_project/dfdc_subset_77_jpg/test/fake/fake_002421.jpg,1.0,1.0,1
/media/D1/ait_users/staff122/deepfake_project/outputs_deepfake_project/dfdc_subset_77_jpg/test/fake/fake_002422.jpg,1.0,1.0,1
/media/D1/ait_users/staff122/deepfake_project/outputs_deepfake_project/dfdc_subset_77_jpg/test/fake/fake_002423.jpg,1.0,1.0,1
/media/D1/ait_users/staff122/deepfake_project/outputs_deepfake_project/dfdc_subset_77_jpg/test/fake/fake_002424.jpg,1.0,1.0,1
/media/D1/ait_users/staff122/deepfake_project/outputs_deepfake_project/dfdc_subset_77_jpg/test/fake/fake_002425.jpg,1.0,1.0,1
/media/D1/ait_users/staff122/deepfake_project/outputs_deepfake_project/dfdc_subset_77_jpg/test/fake/fake_002426.jpg,1.0,1.0,1
/media/D1/ait_users/staff122/deepfake_project/outputs_deepfake_project/dfdc_subset_77_jpg/test/fake/fake_002427.jpg,1.0,1.0,1
/media/D1/ait_users/staff122/deepfake_project/outputs_deepfake_project/dfdc_subset_77_jpg/test/fake/fake_002428.jpg,1.0,0.9999994039535522,1
/media/D1/ait_users/staff122/deepfake_project/outputs_deepfake_project/dfdc_subset_77_jpg/test/fake/fake_002429.jpg,1.0,0.9999991655349731,1
/media/D1/ait_users/staff122/deepfake_project/outputs_deepfake_project/dfdc_subset_77_jpg/test/fake/fake_002430.jpg,1.0,1.0,1
/media/D1/ait_users/staff122/deepfake_project/outputs_deepfake_project/dfdc_subset_77_jpg/test/fake/fake_002431.jpg,1.0,0.9999998807907104,1
/media/D1/ait_users/staff122/deepfake_project/outputs_deepfake_project/dfdc_subset_77_jpg/test/fake/fake_002432.jpg,1.0,0.9999998807907104,1
/media/D1/ait_users/staff122/deepfake_project/outputs_deepfake_project/dfdc_subset_77_jpg/test/fake/fake_002433.jpg,1.0,0.9999982118606567,1
/media/D1/ait_users/staff122/deepfake_project/outputs_deepfake_project/dfdc_subset_77_jpg/test/fake/fake_002434.jpg,1.0,0.9999972581863403,1
/media/D1/ait_users/staff122/deepfake_project/outputs_deepfake_project/dfdc_subset_77_jpg/test/fake/fake_002435.jpg,1.0,0.9999618530273438,1
/media/D1/ait_users/staff122/deepfake_project/outputs_deepfake_project/dfdc_subset_77_jpg/test/fake/fake_002436.jpg,1.0,0.9999959468841553,1
/media/D1/ait_users/staff122/deepfake_project/outputs_deepfake_project/dfdc_subset_77_jpg/test/fake/fake_002437.jpg,1.0,0.9998564720153809,1
/media/D1/ait_users/staff122/deepfake_project/outputs_deepfake_project/dfdc_subset_77_jpg/test/fake/fake_002438.jpg,1.0,0.9977533221244812,1
/media/D1/ait_users/staff122/deepfake_project/outputs_deepfake_project/dfdc_subset_77_jpg/test/fake/fake_002439.jpg,1.0,0.9999997615814209,1
/media/D1/ait_users/staff122/deepfake_project/outputs_deepfake_project/dfdc_subset_77_jpg/test/fake/fake_002440.jpg,1.0,0.9999996423721313,1
/media/D1/ait_users/staff122/deepfake_project/outputs_deepfake_project/dfdc_subset_77_jpg/test/fake/fake_002441.jpg,1.0,0.9999226331710815,1
/media/D1/ait_users/staff122/deepfake_project/outputs_deepfake_project/dfdc_subset_77_jpg/test/fake/fake_002442.jpg,1.0,0.9999934434890747,1
/media/D1/ait_users/staff122/deepfake_project/outputs_deepfake_project/dfdc_subset_77_jpg/test/fake/fake_002443.jpg,1.0,0.999996542930603,1
/media/D1/ait_users/staff122/deepfake_project/outputs_deepfake_project/dfdc_subset_77_jpg/test/fake/fake_002444.jpg,1.0,0.9999998807907104,1
/media/D1/ait_users/staff122/deepfake_project/outputs_deepfake_project/dfdc_subset_77_jpg/test/fake/fake_002445.jpg,1.0,0.9999996423721313,1
/media/D1/ait_users/staff122/deepfake_project/outputs_deepfake_project/dfdc_subset_77_jpg/test/fake/fake_002446.jpg,1.0,0.999998927116394,1
/media/D1/ait_users/staff122/deepfake_project/outputs_deepfake_project/dfdc_subset_77_jpg/test/fake/fake_002447.jpg,1.0,0.9999841451644897,1
/media/D1/ait_users/staff122/deepfake_project/outputs_deepfake_project/dfdc_subset_77_jpg/test/fake/fake_002448.jpg,1.0,0.9999998807907104,1
/media/D1/ait_users/staff122/deepfake_project/outputs_deepfake_project/dfdc_subset_77_jpg/test/fake/fake_002449.jpg,1.0,0.9999750852584839,1
/media/D1/ait_users/staff122/deepfake_project/outputs_deepfake_project/dfdc_subset_77_jpg/test/fake/fake_002450.jpg,1.0,1.0,1
/media/D1/ait_users/staff122/deepfake_project/outputs_deepfake_project/dfdc_subset_77_jpg/test/fake/fake_002451.jpg,1.0,0.9999958276748657,1
/media/D1/ait_users/staff122/deepfake_project/outputs_deepfake_project/dfdc_subset_77_jpg/test/fake/fake_002452.jpg,1.0,0.07869912683963776,0
/media/D1/ait_users/staff122/deepfake_project/outputs_deepfake_project/dfdc_subset_77_jpg/test/fake/fake_002453.jpg,1.0,0.9999744892120361,1
/media/D1/ait_users/staff122/deepfake_project/outputs_deepfake_project/dfdc_subset_77_jpg/test/fake/fake_002454.jpg,1.0,0.9999929666519165,1
/media/D1/ait_users/staff122/deepfake_project/outputs_deepfake_project/dfdc_subset_77_jpg/test/fake/fake_002455.jpg,1.0,0.9996616840362549,1
/media/D1/ait_users/staff122/deepfake_project/outputs_deepfake_project/dfdc_subset_77_jpg/test/fake/fake_002456.jpg,1.0,0.9998935461044312,1
/media/D1/ait_users/staff122/deepfake_project/outputs_deepfake_project/dfdc_subset_77_jpg/test/fake/fake_002457.jpg,1.0,0.9999963045120239,1
/media/D1/ait_users/staff122/deepfake_project/outputs_deepfake_project/dfdc_subset_77_jpg/test/fake/fake_002458.jpg,1.0,0.9999979734420776,1
/media/D1/ait_users/staff122/deepfake_project/outputs_deepfake_project/dfdc_subset_77_jpg/test/fake/fake_002459.jpg,1.0,0.9999994039535522,1
/media/D1/ait_users/staff122/deepfake_project/outputs_deepfake_project/dfdc_subset_77_jpg/test/fake/fake_002460.jpg,1.0,0.9999958276748657,1
/media/D1/ait_users/staff122/deepfake_project/outputs_deepfake_project/dfdc_subset_77_jpg/test/fake/fake_002461.jpg,1.0,0.9999992847442627,1
/media/D1/ait_users/staff122/deepfake_project/outputs_deepfake_project/dfdc_subset_77_jpg/test/fake/fake_002462.jpg,1.0,0.9998840093612671,1
/media/D1/ait_users/staff122/deepfake_project/outputs_deepfake_project/dfdc_subset_77_jpg/test/fake/fake_002463.jpg,1.0,0.9986491799354553,1
