image_path,label,fake_probability,prediction
/media/D1/ait_users/staff122/deepfake_project/outputs_deepfake_project/dfdc_subset_77_jpg/test/real/real_000000.jpg,0.0,0.999891996383667,1
/media/D1/ait_users/staff122/deepfake_project/outputs_deepfake_project/dfdc_subset_77_jpg/test/real/real_000001.jpg,0.0,0.9999622106552124,1
/media/D1/ait_users/staff122/deepfake_project/outputs_deepfake_project/dfdc_subset_77_jpg/test/real/real_000002.jpg,0.0,0.9999631643295288,1
/media/D1/ait_users/staff122/deepfake_project/outputs_deepfake_project/dfdc_subset_77_jpg/test/real/real_000003.jpg,0.0,0.08017923682928085,0
/media/D1/ait_users/staff122/deepfake_project/outputs_deepfake_project/dfdc_subset_77_jpg/test/real/real_000004.jpg,0.0,0.4050291180610657,0
/media/D1/ait_users/staff122/deepfake_project/outputs_deepfake_project/dfdc_subset_77_jpg/test/real/real_000005.jpg,0.0,0.9982593655586243,1
/media/D1/ait_users/staff122/deepfake_project/outputs_deepfake_project/dfdc_subset_77_jpg/test/real/real_000006.jpg,0.0,0.9989223480224609,1
/media/D1/ait_users/staff122/deepfake_project/outputs_deepfake_project/dfdc_subset_77_jpg/test/real/real_000007.jpg,0.0,0.9984172582626343,1
/media/D1/ait_users/staff122/deepfake_project/outputs_deepfake_project/dfdc_subset_77_jpg/test/real/real_000008.jpg,0.0,0.6726226806640625,1
/media/D1/ait_users/staff122/deepfake_project/outputs_deepfake_project/dfdc_subset_77_jpg/test/real/real_000009.jpg,0.0,0.9824864864349365,1
/media/D1/ait_users/staff122/deepfake_project/outputs_deepfake_project/dfdc_subset_77_jpg/test/real/real_000010.jpg,0.0,0.47783198952674866,0
/media/D1/ait_users/staff122/deepfake_project/outputs_deepfake_project/dfdc_subset_77_jpg/test/real/real_000011.jpg,0.0,0.584955632686615,1
/media/D1/ait_users/staff122/deepfake_project/outputs_deepfake_project/dfdc_subset_77_jpg/test/real/real_000012.jpg,0.0,0.4609663188457489,0
/media/D1/ait_users/staff122/deepfake_project/outputs_deepfake_project/dfdc_subset_77_jpg/test/real/real_000013.jpg,0.0,0.5785887837409973,1
/media/D1/ait_users/staff122/deepfake_project/outputs_deepfake_project/dfdc_subset_77_jpg/test/real/real_000014.jpg,0.0,0.9694059491157532,1
/media/D1/ait_users/staff122/deepfake_project/outputs_deepfake_project/dfdc_subset_77_jpg/test/real/real_000015.jpg,0.0,0.5558626651763916,1
/media/D1/ait_users/staff122/deepfake_project/outputs_deepfake_project/dfdc_subset_77_jpg/test/real/real_000016.jpg,0.0,0.9709727168083191,1
/media/D1/ait_users/staff122/deepfake_project/outputs_deepfake_project/dfdc_subset_77_jpg/test/real/real_000017.jpg,0.0,0.9996525049209595,1
/media/D1/ait_users/staff122/deepfake_project/outputs_deepfake_project/dfdc_subset_77_jpg/test/real/real_000018.jpg,0.0,0.9915481209754944,1
/media/D1/ait_users/staff122/deepfake_project/outputs_deepfake_project/dfdc_subset_77_jpg/test/real/real_000019.jpg,0.0,0.9954211115837097,1
/media/D1/ait_users/staff122/deepfake_project/outputs_deepfake_project/dfdc_subset_77_jpg/test/real/real_000020.jpg,0.0,0.7999172806739807,1
/media/D1/ait_users/staff122/deepfake_project/outputs_deepfake_project/dfdc_subset_77_jpg/test/real/real_000021.jpg,0.0,0.25404584407806396,0
/media/D1/ait_users/staff122/deepfake_project/outputs_deepfake_project/dfdc_subset_77_jpg/test/real/real_000022.jpg,0.0,0.999144434928894,1
/media/D1/ait_users/staff122/deepfake_project/outputs_deepfake_project/dfdc_subset_77_jpg/test/real/real_000023.jpg,0.0,0.5310133695602417,1
/media/D1/ait_users/staff122/deepfake_project/outputs_deepfake_project/dfdc_subset_77_jpg/test/real/real_000024.jpg,0.0,0.003228633664548397,0
/media/D1/ait_users/staff122/deepfake_project/outputs_deepfake_project/dfdc_subset_77_jpg/test/real/real_000025.jpg,0.0,0.005833776667714119,0
/media/D1/ait_users/staff122/deepfake_project/outputs_deepfake_project/dfdc_subset_77_jpg/test/real/real_000026.jpg,0.0,0.023022163659334183,0
/media/D1/ait_users/staff122/deepfake_project/outputs_deepfake_project/dfdc_subset_77_jpg/test/real/real_000027.jpg,0.0,0.9657442569732666,1
/media/D1/ait_users/staff122/deepfake_project/outputs_deepfake_project/dfdc_subset_77_jpg/test/real/real_000028.jpg,0.0,0.9954764246940613,1
/media/D1/ait_users/staff122/deepfake_project/outputs_deepfake_project/dfdc_subset_77_jpg/test/real/real_000029.jpg,0.0,0.9638487696647644,1
/media/D1/ait_users/staff122/deepfake_project/outputs_deepfake_project/dfdc_subset_77_jpg/test/real/real_000030.jpg,0.0,0.9934119582176208,1
/media/D1/ait_users/staff122/deepfake_project/outputs_deepfake_project/dfdc_subset_77_jpg/test/real/real_000031.jpg,0.0,0.9999208450317383,1
/media/D1/ait_users/staff122/deepfake_project/outputs_deepfake_project/dfdc_subset_77_jpg/test/real/real_000032.jpg,0.0,0.00020536239026114345,0
/media/D1/ait_users/staff122/deepfake_project/outputs_deepfake_project/dfdc_subset_77_jpg/test/real/real_000033.jpg,0.0,0.006742424331605434,0
/media/D1/ait_users/staff122/deepfake_project/outputs_deepfake_project/dfdc_subset_77_jpg/test/real/real_000034.jpg,0.0,2.951754504465498e-05,0
/media/D1/ait_users/staff122/deepfake_project/outputs_deepfake_project/dfdc_subset_77_jpg/test/real/real_000035.jpg,0.0,0.0009517142316326499,0
/media/D1/ait_users/staff122/deepfake_project/outputs_deepfake_project/dfdc_subset_77_jpg/test/real/real_000036.jpg,0.0,0.00011736794840544462,0
/media/D1/ait_users/staff122/deepfake_project/outputs_deepfake_project/dfdc_subset_77_jpg/test/real/real_000037.jpg,0.0,0.022108323872089386,0
/media/D1/ait_users/staff122/deepfake_project/outputs_deepfake_project/dfdc_subset_77_jpg/test/real/real_000038.jpg,0.0,0.0035110528115183115,0
/media/D1/ait_users/staff122/deepfake_project/outputs_deepfake_project/dfdc_subset_77_jpg/test/real/real_000039.jpg,0.0,7.62718336773105e-05,0
/media/D1/ait_users/staff122/deepfake_project/outputs_deepfake_project/dfdc_subset_77_jpg/test/real/real_000040.jpg,0.0,0.0027190307155251503,0
/media/D1/ait_users/staff122/deepfake_project/outputs_deepfake_project/dfdc_subset_77_jpg/test/real/real_000041.jpg,0.0,0.0010401663603261113,0
/media/D1/ait_users/staff122/deepfake_project/outputs_deepfake_project/dfdc_subset_77_jpg/test/real/real_000042.jpg,0.0,0.00028332663350738585,0
/media/D1/ait_users/staff122/deepfake_project/outputs_deepfake_project/dfdc_subset_77_jpg/test/real/real_000043.jpg,0.0,5.755332313128747e-05,0
/media/D1/ait_users/staff122/deepfake_project/outputs_deepfake_project/dfdc_subset_77_jpg/test/real/real_000044.jpg,0.0,5.257902103039669e-06,0
/media/D1/ait_users/staff122/deepfake_project/outputs_deepfake_project/dfdc_subset_77_jpg/test/real/real_000045.jpg,0.0,7.865720544941723e-05,0
/media/D1/ait_users/staff122/deepfake_project/outputs_deepfake_project/dfdc_subset_77_jpg/test/real/real_000046.jpg,0.0,0.00019213698396924883,0
/media/D1/ait_users/staff122/deepfake_project/outputs_deepfake_project/dfdc_subset_77_jpg/test/real/real_000047.jpg,0.0,5.673326813848689e-05,0
/media/D1/ait_users/staff122/deepfake_project/outputs_deepfake_project/dfdc_subset_77_jpg/test/real/real_000048.jpg,0.0,1.5968476873240434e-05,0
/media/D1/ait_users/staff122/deepfake_project/outputs_deepfake_project/dfdc_subset_77_jpg/test/real/real_000049.jpg,0.0,2.329943708900828e-05,0
/media/D1/ait_users/staff122/deepfake_project/outputs_deepfake_project/dfdc_subset_77_jpg/test/real/real_000050.jpg,0.0,4.4874297600472346e-05,0
/media/D1/ait_users/staff122/deepfake_project/outputs_deepfake_project/dfdc_subset_77_jpg/test/real/real_000051.jpg,0.0,0.6393388509750366,1
/media/D1/ait_users/staff122/deepfake_project/outputs_deepfake_project/dfdc_subset_77_jpg/test/real/real_000052.jpg,0.0,0.04673360288143158,0
/media/D1/ait_users/staff122/deepfake_project/outputs_deepfake_project/dfdc_subset_77_jpg/test/real/real_000053.jpg,0.0,0.008899245411157608,0
/media/D1/ait_users/staff122/deepfake_project/outputs_deepfake_project/dfdc_subset_77_jpg/test/real/real_000054.jpg,0.0,0.0505366213619709,0
/media/D1/ait_users/staff122/deepfake_project/outputs_deepfake_project/dfdc_subset_77_jpg/test/real/real_000055.jpg,0.0,0.0005409718723967671,0
/media/D1/ait_users/staff122/deepfake_project/outputs_deepfake_project/dfdc_subset_77_jpg/test/real/real_000056.jpg,0.0,0.0006393400835804641,0
/media/D1/ait_users/staff122/deepfake_project/outputs_deepfake_project/dfdc_subset_77_jpg/test/real/real_000057.jpg,0.0,0.002167933387681842,0
/media/D1/ait_users/staff122/deepfake_project/outputs_deepfake_project/dfdc_subset_77_jpg/test/real/real_000058.jpg,0.0,0.001561363460496068,0
/media/D1/ait_users/staff122/deepfake_project/outputs_deepfake_project/dfdc_subset_77_jpg/test/real/real_000059.jpg,0.0,0.014405240304768085,0
/media/D1/ait_users/staff122/deepfake_project/outputs_deepfake_project/dfdc_subset_77_jpg/test/real/real_000060.jpg,0.0,0.00041932897875085473,0
/media/D1/ait_users/staff122/deepfake_project/outputs_deepfake_project/dfdc_subset_77_jpg/test/real/real_000061.jpg,0.0,0.002729088068008423,0
/media/D1/ait_users/staff122/deepfake_project/outputs_deepfake_project/dfdc_subset_77_jpg/test/real/real_000062.jpg,0.0,0.000248433934757486,0
/media/D1/ait_users/staff122/deepfake_project/outputs_deepfake_project/dfdc_subset_77_jpg/test/real/real_000063.jpg,0.0,0.002758838003501296,0
/media/D1/ait_users/staff122/deepfake_project/outputs_deepfake_project/dfdc_subset_77_jpg/test/real/real_000064.jpg,0.0,0.04548076167702675,0
/media/D1/ait_users/staff122/deepfake_project/outputs_deepfake_project/dfdc_subset_77_jpg/test/real/real_000065.jpg,0.0,0.001406267867423594,0
/media/D1/ait_users/staff122/deepfake_project/outputs_deepfake_project/dfdc_subset_77_jpg/test/real/real_000066.jpg,0.0,0.007473232224583626,0
/media/D1/ait_users/staff122/deepfake_project/outputs_deepfake_project/dfdc_subset_77_jpg/test/real/real_000067.jpg,0.0,0.015576589852571487,0
/media/D1/ait_users/staff122/deepfake_project/outputs_deepfake_project/dfdc_subset_77_jpg/test/real/real_000068.jpg,0.0,0.009910459630191326,0
/media/D1/ait_users/staff122/deepfake_project/outputs_deepfake_project/dfdc_subset_77_jpg/test/real/real_000069.jpg,0.0,0.0024695906322449446,0
/media/D1/ait_users/staff122/deepfake_project/outputs_deepfake_project/dfdc_subset_77_jpg/test/real/real_000070.jpg,0.0,0.012557176873087883,0
/media/D1/ait_users/staff122/deepfake_project/outputs_deepfake_project/dfdc_subset_77_jpg/test/real/real_000071.jpg,0.0,0.7001387476921082,1
/media/D1/ait_users/staff122/deepfake_project/outputs_deepfake_project/dfdc_subset_77_jpg/test/real/real_000072.jpg,0.0,0.015745043754577637,0
/media/D1/ait_users/staff122/deepfake_project/outputs_deepfake_project/dfdc_subset_77_jpg/test/real/real_000073.jpg,0.0,0.0011698133312165737,0
/media/D1/ait_users/staff122/deepfake_project/outputs_deepfake_project/dfdc_subset_77_jpg/test/real/real_000074.jpg,0.0,0.035913530737161636,0
/media/D1/ait_users/staff122/deepfake_project/outputs_deepfake_project/dfdc_subset_77_jpg/test/real/real_000075.jpg,0.0,0.002529159188270569,0
/media/D1/ait_users/staff122/deepfake_project/outputs_deepfake_project/dfdc_subset_77_jpg/test/real/real_000076.jpg,0.0,0.01387359295040369,0
/media/D1/ait_users/staff122/deepfake_project/outputs_deepfake_project/dfdc_subset_77_jpg/test/real/real_000077.jpg,0.0,0.0019995863549411297,0
/media/D1/ait_users/staff122/deepfake_project/outputs_deepfake_project/dfdc_subset_77_jpg/test/real/real_000078.jpg,0.0,0.005196568556129932,0
/media/D1/ait_users/staff122/deepfake_project/outputs_deepfake_project/dfdc_subset_77_jpg/test/real/real_000079.jpg,0.0,0.0625077337026596,0
/media/D1/ait_users/staff122/deepfake_project/outputs_deepfake_project/dfdc_subset_77_jpg/test/real/real_000080.jpg,0.0,0.1949925422668457,0
/media/D1/ait_users/staff122/deepfake_project/outputs_deepfake_project/dfdc_subset_77_jpg/test/real/real_000081.jpg,0.0,0.020863763988018036,0
/media/D1/ait_users/staff122/deepfake_project/outputs_deepfake_project/dfdc_subset_77_jpg/test/real/real_000082.jpg,0.0,0.0013177419314160943,0
/media/D1/ait_users/staff122/deepfake_project/outputs_deepfake_project/dfdc_subset_77_jpg/test/real/real_000083.jpg,0.0,0.021600846201181412,0
/media/D1/ait_users/staff122/deepfake_project/outputs_deepfake_project/dfdc_subset_77_jpg/test/real/real_000084.jpg,0.0,0.004376338329166174,0
/media/D1/ait_users/staff122/deepfake_project/outputs_deepfake_project/dfdc_subset_77_jpg/test/real/real_000085.jpg,0.0,0.1295175850391388,0
/media/D1/ait_users/staff122/deepfake_project/outputs_deepfake_project/dfdc_subset_77_jpg/test/real/real_000086.jpg,0.0,0.01845584064722061,0
/media/D1/ait_users/staff122/deepfake_project/outputs_deepfake_project/dfdc_subset_77_jpg/test/real/real_000087.jpg,0.0,0.013337967917323112,0
/media/D1/ait_users/staff122/deepfake_project/outputs_deepfake_project/dfdc_subset_77_jpg/test/real/real_000088.jpg,0.0,0.0011134640080854297,0
/media/D1/ait_users/staff122/deepfake_project/outputs_deepfake_project/dfdc_subset_77_jpg/test/real/real_000089.jpg,0.0,0.0027752339374274015,0
/media/D1/ait_users/staff122/deepfake_project/outputs_deepfake_project/dfdc_subset_77_jpg/test/real/real_000090.jpg,0.0,0.007562442682683468,0
/media/D1/ait_users/staff122/deepfake_project/outputs_deepfake_project/dfdc_subset_77_jpg/test/real/real_000091.jpg,0.0,0.00832888763397932,0
/media/D1/ait_users/staff122/deepfake_project/outputs_deepfake_project/dfdc_subset_77_jpg/test/real/real_000092.jpg,0.0,0.9994372725486755,1
/media/D1/ait_users/staff122/deepfake_project/outputs_deepfake_project/dfdc_subset_77_jpg/test/real/real_000093.jpg,0.0,0.7989733815193176,1
/media/D1/ait_users/staff122/deepfake_project/outputs_deepfake_project/dfdc_subset_77_jpg/test/real/real_000094.jpg,0.0,0.25812461972236633,0
/media/D1/ait_users/staff122/deepfake_project/outputs_deepfake_project/dfdc_subset_77_jpg/test/real/real_000095.jpg,0.0,0.022098543122410774,0
/media/D1/ait_users/staff122/deepfake_project/outputs_deepfake_project/dfdc_subset_77_jpg/test/real/real_000096.jpg,0.0,0.9733657240867615,1
/media/D1/ait_users/staff122/deepfake_project/outputs_deepfake_project/dfdc_subset_77_jpg/test/real/real_000097.jpg,0.0,0.5246579647064209,1
/media/D1/ait_users/staff122/deepfake_project/outputs_deepfake_project/dfdc_subset_77_jpg/test/real/real_000098.jpg,0.0,0.64851313829422,1
/media/D1/ait_users/staff122/deepfake_project/outputs_deepfake_project/dfdc_subset_77_jpg/test/real/real_000099.jpg,0.0,0.05773920193314552,0
/media/D1/ait_users/staff122/deepfake_project/outputs_deepfake_project/dfdc_subset_77_jpg/test/real/real_000100.jpg,0.0,0.3380624055862427,0
/media/D1/ait_users/staff122/deepfake_project/outputs_deepfake_project/dfdc_subset_77_jpg/test/real/real_000101.jpg,0.0,0.362693190574646,0
/media/D1/ait_users/staff122/deepfake_project/outputs_deepfake_project/dfdc_subset_77_jpg/test/real/real_000102.jpg,0.0,1.0,1
/media/D1/ait_users/staff122/deepfake_project/outputs_deepfake_project/dfdc_subset_77_jpg/test/real/real_000103.jpg,0.0,0.04708117991685867,0
/media/D1/ait_users/staff122/deepfake_project/outputs_deepfake_project/dfdc_subset_77_jpg/test/real/real_000104.jpg,0.0,0.9999994039535522,1
/media/D1/ait_users/staff122/deepfake_project/outputs_deepfake_project/dfdc_subset_77_jpg/test/real/real_000105.jpg,0.0,0.6156430244445801,1
/media/D1/ait_users/staff122/deepfake_project/outputs_deepfake_project/dfdc_subset_77_jpg/test/real/real_000106.jpg,0.0,0.15050719678401947,0
/media/D1/ait_users/staff122/deepfake_project/outputs_deepfake_project/dfdc_subset_77_jpg/test/real/real_000107.jpg,0.0,0.9996575117111206,1
/media/D1/ait_users/staff122/deepfake_project/outputs_deepfake_project/dfdc_subset_77_jpg/test/real/real_000108.jpg,0.0,0.9999359846115112,1
/media/D1/ait_users/staff122/deepfake_project/outputs_deepfake_project/dfdc_subset_77_jpg/test/real/real_000109.jpg,0.0,0.999976634979248,1
/media/D1/ait_users/staff122/deepfake_project/outputs_deepfake_project/dfdc_subset_77_jpg/test/real/real_000110.jpg,0.0,0.9999945163726807,1
/media/D1/ait_users/staff122/deepfake_project/outputs_deepfake_project/dfdc_subset_77_jpg/test/real/real_000111.jpg,0.0,0.6846593022346497,1
/media/D1/ait_users/staff122/deepfake_project/outputs_deepfake_project/dfdc_subset_77_jpg/test/real/real_000112.jpg,0.0,0.8245575428009033,1
/media/D1/ait_users/staff122/deepfake_project/outputs_deepfake_project/dfdc_subset_77_jpg/test/real/real_000113.jpg,0.0,0.42783671617507935,0
/media/D1/ait_users/staff122/deepfake_project/outputs_deepfake_project/dfdc_subset_77_jpg/test/real/real_000114.jpg,0.0,0.20725873112678528,0
/media/D1/ait_users/staff122/deepfake_project/outputs_deepfake_project/dfdc_subset_77_jpg/test/real/real_000115.jpg,0.0,0.18765804171562195,0
/media/D1/ait_users/staff122/deepfake_project/outputs_deepfake_project/dfdc_subset_77_jpg/test/real/real_000116.jpg,0.0,0.10900455713272095,0
/media/D1/ait_users/staff122/deepfake_project/outputs_deepfake_project/dfdc_subset_77_jpg/test/real/real_000117.jpg,0.0,0.5981565713882446,1
/media/D1/ait_users/staff122/deepfake_project/outputs_deepfake_project/dfdc_subset_77_jpg/test/real/real_000118.jpg,0.0,0.013272139243781567,0
/media/D1/ait_users/staff122/deepfake_project/outputs_deepfake_project/dfdc_subset_77_jpg/test/real/real_000119.jpg,0.0,0.06247353181242943,0
/media/D1/ait_users/staff122/deepfake_project/outputs_deepfake_project/dfdc_subset_77_jpg/test/real/real_000120.jpg,0.0,0.04435142129659653,0
/media/D1/ait_users/staff122/deepfake_project/outputs_deepfake_project/dfdc_subset_77_jpg/test/real/real_000121.jpg,0.0,0.007351416163146496,0
/media/D1/ait_users/staff122/deepfake_project/outputs_deepfake_project/dfdc_subset_77_jpg/test/real/real_000122.jpg,0.0,0.04979010671377182,0
/media/D1/ait_users/staff122/deepfake_project/outputs_deepfake_project/dfdc_subset_77_jpg/test/real/real_000123.jpg,0.0,0.061055317521095276,0
/media/D1/ait_users/staff122/deepfake_project/outputs_deepfake_project/dfdc_subset_77_jpg/test/real/real_000124.jpg,0.0,0.02981208637356758,0
/media/D1/ait_users/staff122/deepfake_project/outputs_deepfake_project/dfdc_subset_77_jpg/test/real/real_000125.jpg,0.0,0.006111678201705217,0
/media/D1/ait_users/staff122/deepfake_project/outputs_deepfake_project/dfdc_subset_77_jpg/test/real/real_000126.jpg,0.0,0.003266739659011364,0
/media/D1/ait_users/staff122/deepfake_project/outputs_deepfake_project/dfdc_subset_77_jpg/test/real/real_000127.jpg,0.0,0.9999998807907104,1
/media/D1/ait_users/staff122/deepfake_project/outputs_deepfake_project/dfdc_subset_77_jpg/test/real/real_000128.jpg,0.0,0.004508711863309145,0
/media/D1/ait_users/staff122/deepfake_project/outputs_deepfake_project/dfdc_subset_77_jpg/test/real/real_000129.jpg,0.0,0.015376050025224686,0
/media/D1/ait_users/staff122/deepfake_project/outputs_deepfake_project/dfdc_subset_77_jpg/test/real/real_000130.jpg,0.0,0.01993686519563198,0
/media/D1/ait_users/staff122/deepfake_project/outputs_deepfake_project/dfdc_subset_77_jpg/test/real/real_000131.jpg,0.0,0.26187625527381897,0
/media/D1/ait_users/staff122/deepfake_project/outputs_deepfake_project/dfdc_subset_77_jpg/test/real/real_000132.jpg,0.0,0.008481236174702644,0
/media/D1/ait_users/staff122/deepfake_project/outputs_deepfake_project/dfdc_subset_77_jpg/test/real/real_000133.jpg,0.0,0.02733098901808262,0
/media/D1/ait_users/staff122/deepfake_project/outputs_deepfake_project/dfdc_subset_77_jpg/test/real/real_000134.jpg,0.0,0.2474999874830246,0
/media/D1/ait_users/staff122/deepfake_project/outputs_deepfake_project/dfdc_subset_77_jpg/test/real/real_000135.jpg,0.0,0.005859472323209047,0
/media/D1/ait_users/staff122/deepfake_project/outputs_deepfake_project/dfdc_subset_77_jpg/test/real/real_000136.jpg,0.0,0.00407704571262002,0
/media/D1/ait_users/staff122/deepfake_project/outputs_deepfake_project/dfdc_subset_77_jpg/test/real/real_000137.jpg,0.0,0.02445637248456478,0
/media/D1/ait_users/staff122/deepfake_project/outputs_deepfake_project/dfdc_subset_77_jpg/test/real/real_000138.jpg,0.0,0.0002473981585353613,0
/media/D1/ait_users/staff122/deepfake_project/outputs_deepfake_project/dfdc_subset_77_jpg/test/real/real_000139.jpg,0.0,0.0036447036545723677,0
/media/D1/ait_users/staff122/deepfake_project/outputs_deepfake_project/dfdc_subset_77_jpg/test/real/real_000140.jpg,0.0,0.0012392646167427301,0
/media/D1/ait_users/staff122/deepfake_project/outputs_deepfake_project/dfdc_subset_77_jpg/test/real/real_000141.jpg,0.0,0.09060678631067276,0
/media/D1/ait_users/staff122/deepfake_project/outputs_deepfake_project/dfdc_subset_77_jpg/test/real/real_000142.jpg,0.0,0.21714742481708527,0
/media/D1/ait_users/staff122/deepfake_project/outputs_deepfake_project/dfdc_subset_77_jpg/test/real/real_000143.jpg,0.0,0.10749450325965881,0
/media/D1/ait_users/staff122/deepfake_project/outputs_deepfake_project/dfdc_subset_77_jpg/test/real/real_000144.jpg,0.0,0.0006714019691571593,0
/media/D1/ait_users/staff122/deepfake_project/outputs_deepfake_project/dfdc_subset_77_jpg/test/real/real_000145.jpg,0.0,0.05813158303499222,0
/media/D1/ait_users/staff122/deepfake_project/outputs_deepfake_project/dfdc_subset_77_jpg/test/real/real_000146.jpg,0.0,0.0005315851303748786,0
/media/D1/ait_users/staff122/deepfake_project/outputs_deepfake_project/dfdc_subset_77_jpg/test/real/real_000147.jpg,0.0,0.5536302924156189,1
/media/D1/ait_users/staff122/deepfake_project/outputs_deepfake_project/dfdc_subset_77_jpg/test/real/real_000148.jpg,0.0,0.0038916568737477064,0
/media/D1/ait_users/staff122/deepfake_project/outputs_deepfake_project/dfdc_subset_77_jpg/test/real/real_000149.jpg,0.0,0.019909566268324852,0
/media/D1/ait_users/staff122/deepfake_project/outputs_deepfake_project/dfdc_subset_77_jpg/test/real/real_000150.jpg,0.0,0.0011090792249888182,0
/media/D1/ait_users/staff122/deepfake_project/outputs_deepfake_project/dfdc_subset_77_jpg/test/real/real_000151.jpg,0.0,0.0009096000576391816,0
/media/D1/ait_users/staff122/deepfake_project/outputs_deepfake_project/dfdc_subset_77_jpg/test/real/real_000152.jpg,0.0,0.0002988133055623621,0
/media/D1/ait_users/staff122/deepfake_project/outputs_deepfake_project/dfdc_subset_77_jpg/test/real/real_000153.jpg,0.0,0.00010320432193111628,0
/media/D1/ait_users/staff122/deepfake_project/outputs_deepfake_project/dfdc_subset_77_jpg/test/real/real_000154.jpg,0.0,0.0003607796970754862,0
/media/D1/ait_users/staff122/deepfake_project/outputs_deepfake_project/dfdc_subset_77_jpg/test/real/real_000155.jpg,0.0,0.004672687500715256,0
/media/D1/ait_users/staff122/deepfake_project/outputs_deepfake_project/dfdc_subset_77_jpg/test/real/real_000156.jpg,0.0,0.0035586331505328417,0
/media/D1/ait_users/staff122/deepfake_project/outputs_deepfake_project/dfdc_subset_77_jpg/test/real/real_000157.jpg,0.0,0.0004436510498635471,0
/media/D1/ait_users/staff122/deepfake_project/outputs_deepfake_project/dfdc_subset_77_jpg/test/real/real_000158.jpg,0.0,0.002122166333720088,0
/media/D1/ait_users/staff122/deepfake_project/outputs_deepfake_project/dfdc_subset_77_jpg/test/real/real_000159.jpg,0.0,0.016454510390758514,0
/media/D1/ait_users/staff122/deepfake_project/outputs_deepfake_project/dfdc_subset_77_jpg/test/real/real_000160.jpg,0.0,7.734874816378579e-05,0
/media/D1/ait_users/staff122/deepfake_project/outputs_deepfake_project/dfdc_subset_77_jpg/test/real/real_000161.jpg,0.0,0.16169102489948273,0
/media/D1/ait_users/staff122/deepfake_project/outputs_deepfake_project/dfdc_subset_77_jpg/test/real/real_000162.jpg,0.0,0.9996351003646851,1
/media/D1/ait_users/staff122/deepfake_project/outputs_deepfake_project/dfdc_subset_77_jpg/test/real/real_000163.jpg,0.0,0.9958639144897461,1
/media/D1/ait_users/staff122/deepfake_project/outputs_deepfake_project/dfdc_subset_77_jpg/test/real/real_000164.jpg,0.0,0.9968006610870361,1
/media/D1/ait_users/staff122/deepfake_project/outputs_deepfake_project/dfdc_subset_77_jpg/test/real/real_000165.jpg,0.0,0.09042402356863022,0
/media/D1/ait_users/staff122/deepfake_project/outputs_deepfake_project/dfdc_subset_77_jpg/test/real/real_000166.jpg,0.0,0.9878492951393127,1
/media/D1/ait_users/staff122/deepfake_project/outputs_deepfake_project/dfdc_subset_77_jpg/test/real/real_000167.jpg,0.0,1.0,1
/media/D1/ait_users/staff122/deepfake_project/outputs_deepfake_project/dfdc_subset_77_jpg/test/real/real_000168.jpg,0.0,0.9999998807907104,1
/media/D1/ait_users/staff122/deepfake_project/outputs_deepfake_project/dfdc_subset_77_jpg/test/real/real_000169.jpg,0.0,0.9999979734420776,1
/media/D1/ait_users/staff122/deepfake_project/outputs_deepfake_project/dfdc_subset_77_jpg/test/real/real_000170.jpg,0.0,1.0,1
/media/D1/ait_users/staff122/deepfake_project/outputs_deepfake_project/dfdc_subset_77_jpg/test/real/real_000171.jpg,0.0,0.0002553959493525326,0
/media/D1/ait_users/staff122/deepfake_project/outputs_deepfake_project/dfdc_subset_77_jpg/test/real/real_000172.jpg,0.0,0.9998917579650879,1
/media/D1/ait_users/staff122/deepfake_project/outputs_deepfake_project/dfdc_subset_77_jpg/test/real/real_000173.jpg,0.0,0.999159574508667,1
/media/D1/ait_users/staff122/deepfake_project/outputs_deepfake_project/dfdc_subset_77_jpg/test/real/real_000174.jpg,0.0,1.0,1
/media/D1/ait_users/staff122/deepfake_project/outputs_deepfake_project/dfdc_subset_77_jpg/test/real/real_000175.jpg,0.0,0.00011305225780233741,0
/media/D1/ait_users/staff122/deepfake_project/outputs_deepfake_project/dfdc_subset_77_jpg/test/real/real_000176.jpg,0.0,4.761062882607803e-05,0
/media/D1/ait_users/staff122/deepfake_project/outputs_deepfake_project/dfdc_subset_77_jpg/test/real/real_000177.jpg,0.0,1.0,1
/media/D1/ait_users/staff122/deepfake_project/outputs_deepfake_project/dfdc_subset_77_jpg/test/real/real_000178.jpg,0.0,0.9996722936630249,1
/media/D1/ait_users/staff122/deepfake_project/outputs_deepfake_project/dfdc_subset_77_jpg/test/real/real_000179.jpg,0.0,1.0,1
/media/D1/ait_users/staff122/deepfake_project/outputs_deepfake_project/dfdc_subset_77_jpg/test/real/real_000180.jpg,0.0,7.974641448527109e-06,0
/media/D1/ait_users/staff122/deepfake_project/outputs_deepfake_project/dfdc_subset_77_jpg/test/real/real_000181.jpg,0.0,0.0002394538896623999,0
/media/D1/ait_users/staff122/deepfake_project/outputs_deepfake_project/dfdc_subset_77_jpg/test/real/real_000182.jpg,0.0,2.665698957571294e-05,0
/media/D1/ait_users/staff122/deepfake_project/outputs_deepfake_project/dfdc_subset_77_jpg/test/real/real_000183.jpg,0.0,0.0604388453066349,0
/media/D1/ait_users/staff122/deepfake_project/outputs_deepfake_project/dfdc_subset_77_jpg/test/real/real_000184.jpg,0.0,0.00019217253429815173,0
/media/D1/ait_users/staff122/deepfake_project/outputs_deepfake_project/dfdc_subset_77_jpg/test/real/real_000185.jpg,0.0,0.00014557814574800432,0
/media/D1/ait_users/staff122/deepfake_project/outputs_deepfake_project/dfdc_subset_77_jpg/test/real/real_000186.jpg,0.0,0.9995816349983215,1
/media/D1/ait_users/staff122/deepfake_project/outputs_deepfake_project/dfdc_subset_77_jpg/test/real/real_000187.jpg,0.0,0.993296205997467,1
/media/D1/ait_users/staff122/deepfake_project/outputs_deepfake_project/dfdc_subset_77_jpg/test/real/real_000188.jpg,0.0,0.9995481371879578,1
/media/D1/ait_users/staff122/deepfake_project/outputs_deepfake_project/dfdc_subset_77_jpg/test/real/real_000189.jpg,0.0,0.9994571805000305,1
/media/D1/ait_users/staff122/deepfake_project/outputs_deepfake_project/dfdc_subset_77_jpg/test/real/real_000190.jpg,0.0,0.02475634776055813,0
/media/D1/ait_users/staff122/deepfake_project/outputs_deepfake_project/dfdc_subset_77_jpg/test/real/real_000191.jpg,0.0,1.0,1
/media/D1/ait_users/staff122/deepfake_project/outputs_deepfake_project/dfdc_subset_77_jpg/test/real/real_000192.jpg,0.0,0.6401594281196594,1
/media/D1/ait_users/staff122/deepfake_project/outputs_deepfake_project/dfdc_subset_77_jpg/test/real/real_000193.jpg,0.0,0.0029441420920193195,0
/media/D1/ait_users/staff122/deepfake_project/outputs_deepfake_project/dfdc_subset_77_jpg/test/real/real_000194.jpg,0.0,0.9458522796630859,1
/media/D1/ait_users/staff122/deepfake_project/outputs_deepfake_project/dfdc_subset_77_jpg/test/real/real_000195.jpg,0.0,0.08663353323936462,0
/media/D1/ait_users/staff122/deepfake_project/outputs_deepfake_project/dfdc_subset_77_jpg/test/real/real_000196.jpg,0.0,0.4488004446029663,0
/media/D1/ait_users/staff122/deepfake_project/outputs_deepfake_project/dfdc_subset_77_jpg/test/real/real_000197.jpg,0.0,1.0,1
/media/D1/ait_users/staff122/deepfake_project/outputs_deepfake_project/dfdc_subset_77_jpg/test/real/real_000198.jpg,0.0,0.9999997615814209,1
/media/D1/ait_users/staff122/deepfake_project/outputs_deepfake_project/dfdc_subset_77_jpg/test/real/real_000199.jpg,0.0,0.999998927116394,1
/media/D1/ait_users/staff122/deepfake_project/outputs_deepfake_project/dfdc_subset_77_jpg/test/real/real_000200.jpg,0.0,0.9999998807907104,1
/media/D1/ait_users/staff122/deepfake_project/outputs_deepfake_project/dfdc_subset_77_jpg/test/real/real_000201.jpg,0.0,0.9999998807907104,1
/media/D1/ait_users/staff122/deepfake_project/outputs_deepfake_project/dfdc_subset_77_jpg/test/real/real_000202.jpg,0.0,0.9998767375946045,1
/media/D1/ait_users/staff122/deepfake_project/outputs_deepfake_project/dfdc_subset_77_jpg/test/real/real_000203.jpg,0.0,0.033414095640182495,0
/media/D1/ait_users/staff122/deepfake_project/outputs_deepfake_project/dfdc_subset_77_jpg/test/real/real_000204.jpg,0.0,0.19272993505001068,0
/media/D1/ait_users/staff122/deepfake_project/outputs_deepfake_project/dfdc_subset_77_jpg/test/real/real_000205.jpg,0.0,1.0,1
/media/D1/ait_users/staff122/deepfake_project/outputs_deepfake_project/dfdc_subset_77_jpg/test/real/real_000206.jpg,0.0,1.0,1
/media/D1/ait_users/staff122/deepfake_project/outputs_deepfake_project/dfdc_subset_77_jpg/test/real/real_000207.jpg,0.0,0.816460371017456,1
/media/D1/ait_users/staff122/deepfake_project/outputs_deepfake_project/dfdc_subset_77_jpg/test/real/real_000208.jpg,0.0,0.9565091133117676,1
/media/D1/ait_users/staff122/deepfake_project/outputs_deepfake_project/dfdc_subset_77_jpg/test/real/real_000209.jpg,0.0,0.9768796563148499,1
/media/D1/ait_users/staff122/deepfake_project/outputs_deepfake_project/dfdc_subset_77_jpg/test/real/real_000210.jpg,0.0,0.954017698764801,1
/media/D1/ait_users/staff122/deepfake_project/outputs_deepfake_project/dfdc_subset_77_jpg/test/real/real_000211.jpg,0.0,0.9160662293434143,1
/media/D1/ait_users/staff122/deepfake_project/outputs_deepfake_project/dfdc_subset_77_jpg/test/real/real_000212.jpg,0.0,0.9999996423721313,1
/media/D1/ait_users/staff122/deepfake_project/outputs_deepfake_project/dfdc_subset_77_jpg/test/real/real_000213.jpg,0.0,0.8662160634994507,1
/media/D1/ait_users/staff122/deepfake_project/outputs_deepfake_project/dfdc_subset_77_jpg/test/real/real_000214.jpg,0.0,0.9924821257591248,1
/media/D1/ait_users/staff122/deepfake_project/outputs_deepfake_project/dfdc_subset_77_jpg/test/real/real_000215.jpg,0.0,0.8355278968811035,1
/media/D1/ait_users/staff122/deepfake_project/outputs_deepfake_project/dfdc_subset_77_jpg/test/real/real_000216.jpg,0.0,1.0,1
/media/D1/ait_users/staff122/deepfake_project/outputs_deepfake_project/dfdc_subset_77_jpg/test/real/real_000217.jpg,0.0,0.6482409238815308,1
/media/D1/ait_users/staff122/deepfake_project/outputs_deepfake_project/dfdc_subset_77_jpg/test/real/real_000218.jpg,0.0,0.8935484886169434,1
/media/D1/ait_users/staff122/deepfake_project/outputs_deepfake_project/dfdc_subset_77_jpg/test/real/real_000219.jpg,0.0,0.9314446449279785,1
/media/D1/ait_users/staff122/deepfake_project/outputs_deepfake_project/dfdc_subset_77_jpg/test/real/real_000220.jpg,0.0,0.9947648048400879,1
/media/D1/ait_users/staff122/deepfake_project/outputs_deepfake_project/dfdc_subset_77_jpg/test/real/real_000221.jpg,0.0,0.9996888637542725,1
/media/D1/ait_users/staff122/deepfake_project/outputs_deepfake_project/dfdc_subset_77_jpg/test/real/real_000222.jpg,0.0,0.04715221747756004,0
/media/D1/ait_users/staff122/deepfake_project/outputs_deepfake_project/dfdc_subset_77_jpg/test/real/real_000223.jpg,0.0,0.005212823860347271,0
/media/D1/ait_users/staff122/deepfake_project/outputs_deepfake_project/dfdc_subset_77_jpg/test/real/real_000224.jpg,0.0,0.31659844517707825,0
/media/D1/ait_users/staff122/deepfake_project/outputs_deepfake_project/dfdc_subset_77_jpg/test/real/real_000225.jpg,0.0,0.9467263221740723,1
/media/D1/ait_users/staff122/deepfake_project/outputs_deepfake_project/dfdc_subset_77_jpg/test/real/real_000226.jpg,0.0,0.9105479717254639,1
/media/D1/ait_users/staff122/deepfake_project/outputs_deepfake_project/dfdc_subset_77_jpg/test/real/real_000227.jpg,0.0,0.9984172582626343,1
/media/D1/ait_users/staff122/deepfake_project/outputs_deepfake_project/dfdc_subset_77_jpg/test/real/real_000228.jpg,0.0,0.8153111934661865,1
/media/D1/ait_users/staff122/deepfake_project/outputs_deepfake_project/dfdc_subset_77_jpg/test/real/real_000229.jpg,0.0,0.14217796921730042,0
/media/D1/ait_users/staff122/deepfake_project/outputs_deepfake_project/dfdc_subset_77_jpg/test/real/real_000230.jpg,0.0,0.832724928855896,1
/media/D1/ait_users/staff122/deepfake_project/outputs_deepfake_project/dfdc_subset_77_jpg/test/real/real_000231.jpg,0.0,0.9969237446784973,1
/media/D1/ait_users/staff122/deepfake_project/outputs_deepfake_project/dfdc_subset_77_jpg/test/real/real_000232.jpg,0.0,0.7656029462814331,1
/media/D1/ait_users/staff122/deepfake_project/outputs_deepfake_project/dfdc_subset_77_jpg/test/real/real_000233.jpg,0.0,0.9347001910209656,1
/media/D1/ait_users/staff122/deepfake_project/outputs_deepfake_project/dfdc_subset_77_jpg/test/real/real_000234.jpg,0.0,0.5925241112709045,1
/media/D1/ait_users/staff122/deepfake_project/outputs_deepfake_project/dfdc_subset_77_jpg/test/real/real_000235.jpg,0.0,0.47052091360092163,0
/media/D1/ait_users/staff122/deepfake_project/outputs_deepfake_project/dfdc_subset_77_jpg/test/real/real_000236.jpg,0.0,0.30603906512260437,0
/media/D1/ait_users/staff122/deepfake_project/outputs_deepfake_project/dfdc_subset_77_jpg/test/real/real_000237.jpg,0.0,0.9389397501945496,1
/media/D1/ait_users/staff122/deepfake_project/outputs_deepfake_project/dfdc_subset_77_jpg/test/real/real_000238.jpg,0.0,0.8052557706832886,1
/media/D1/ait_users/staff122/deepfake_project/outputs_deepfake_project/dfdc_subset_77_jpg/test/real/real_000239.jpg,0.0,0.18477410078048706,0
/media/D1/ait_users/staff122/deepfake_project/outputs_deepfake_project/dfdc_subset_77_jpg/test/real/real_000240.jpg,0.0,0.934526801109314,1
/media/D1/ait_users/staff122/deepfake_project/outputs_deepfake_project/dfdc_subset_77_jpg/test/real/real_000241.jpg,0.0,0.7425554990768433,1
/media/D1/ait_users/staff122/deepfake_project/outputs_deepfake_project/dfdc_subset_77_jpg/test/real/real_000242.jpg,0.0,0.7556742429733276,1
/media/D1/ait_users/staff122/deepfake_project/outputs_deepfake_project/dfdc_subset_77_jpg/test/real/real_000243.jpg,0.0,0.8789578676223755,1
/media/D1/ait_users/staff122/deepfake_project/outputs_deepfake_project/dfdc_subset_77_jpg/test/real/real_000244.jpg,0.0,0.04296324774622917,0
/media/D1/ait_users/staff122/deepfake_project/outputs_deepfake_project/dfdc_subset_77_jpg/test/real/real_000245.jpg,0.0,0.8719901442527771,1
/media/D1/ait_users/staff122/deepfake_project/outputs_deepfake_project/dfdc_subset_77_jpg/test/real/real_000246.jpg,0.0,0.6923010945320129,1
/media/D1/ait_users/staff122/deepfake_project/outputs_deepfake_project/dfdc_subset_77_jpg/test/real/real_000247.jpg,0.0,0.9484564661979675,1
/media/D1/ait_users/staff122/deepfake_project/outputs_deepfake_project/dfdc_subset_77_jpg/test/real/real_000248.jpg,0.0,0.5314838886260986,1
/media/D1/ait_users/staff122/deepfake_project/outputs_deepfake_project/dfdc_subset_77_jpg/test/real/real_000249.jpg,0.0,0.7017772793769836,1
/media/D1/ait_users/staff122/deepfake_project/outputs_deepfake_project/dfdc_subset_77_jpg/test/real/real_000250.jpg,0.0,0.8996816277503967,1
/media/D1/ait_users/staff122/deepfake_project/outputs_deepfake_project/dfdc_subset_77_jpg/test/real/real_000251.jpg,0.0,0.8473410606384277,1
/media/D1/ait_users/staff122/deepfake_project/outputs_deepfake_project/dfdc_subset_77_jpg/test/real/real_000252.jpg,0.0,0.21854138374328613,0
/media/D1/ait_users/staff122/deepfake_project/outputs_deepfake_project/dfdc_subset_77_jpg/test/real/real_000253.jpg,0.0,0.9682766795158386,1
/media/D1/ait_users/staff122/deepfake_project/outputs_deepfake_project/dfdc_subset_77_jpg/test/real/real_000254.jpg,0.0,0.9147676825523376,1
/media/D1/ait_users/staff122/deepfake_project/outputs_deepfake_project/dfdc_subset_77_jpg/test/real/real_000255.jpg,0.0,0.7570238709449768,1
/media/D1/ait_users/staff122/deepfake_project/outputs_deepfake_project/dfdc_subset_77_jpg/test/real/real_000256.jpg,0.0,0.16501320898532867,0
/media/D1/ait_users/staff122/deepfake_project/outputs_deepfake_project/dfdc_subset_77_jpg/test/real/real_000257.jpg,0.0,0.9981525540351868,1
/media/D1/ait_users/staff122/deepfake_project/outputs_deepfake_project/dfdc_subset_77_jpg/test/real/real_000258.jpg,0.0,0.6617172360420227,1
/media/D1/ait_users/staff122/deepfake_project/outputs_deepfake_project/dfdc_subset_77_jpg/test/real/real_000259.jpg,0.0,0.0237960796803236,0
/media/D1/ait_users/staff122/deepfake_project/outputs_deepfake_project/dfdc_subset_77_jpg/test/real/real_000260.jpg,0.0,0.10590122640132904,0
/media/D1/ait_users/staff122/deepfake_project/outputs_deepfake_project/dfdc_subset_77_jpg/test/real/real_000261.jpg,0.0,0.0011347553227096796,0
/media/D1/ait_users/staff122/deepfake_project/outputs_deepfake_project/dfdc_subset_77_jpg/test/real/real_000262.jpg,0.0,0.09221164137125015,0
/media/D1/ait_users/staff122/deepfake_project/outputs_deepfake_project/dfdc_subset_77_jpg/test/real/real_000263.jpg,0.0,0.7192032337188721,1
/media/D1/ait_users/staff122/deepfake_project/outputs_deepfake_project/dfdc_subset_77_jpg/test/real/real_000264.jpg,0.0,0.1669011414051056,0
/media/D1/ait_users/staff122/deepfake_project/outputs_deepfake_project/dfdc_subset_77_jpg/test/real/real_000265.jpg,0.0,0.025239508599042892,0
/media/D1/ait_users/staff122/deepfake_project/outputs_deepfake_project/dfdc_subset_77_jpg/test/real/real_000266.jpg,0.0,0.00693718995898962,0
/media/D1/ait_users/staff122/deepfake_project/outputs_deepfake_project/dfdc_subset_77_jpg/test/real/real_000267.jpg,0.0,0.0018349932506680489,0
/media/D1/ait_users/staff122/deepfake_project/outputs_deepfake_project/dfdc_subset_77_jpg/test/real/real_000268.jpg,0.0,0.0010841297917068005,0
/media/D1/ait_users/staff122/deepfake_project/outputs_deepfake_project/dfdc_subset_77_jpg/test/real/real_000269.jpg,0.0,0.003131620353087783,0
/media/D1/ait_users/staff122/deepfake_project/outputs_deepfake_project/dfdc_subset_77_jpg/test/real/real_000270.jpg,0.0,0.03615577518939972,0
/media/D1/ait_users/staff122/deepfake_project/outputs_deepfake_project/dfdc_subset_77_jpg/test/real/real_000271.jpg,0.0,0.015576898120343685,0
/media/D1/ait_users/staff122/deepfake_project/outputs_deepfake_project/dfdc_subset_77_jpg/test/real/real_000272.jpg,0.0,0.0009419229463674128,0
/media/D1/ait_users/staff122/deepfake_project/outputs_deepfake_project/dfdc_subset_77_jpg/test/real/real_000273.jpg,0.0,0.0005024179117754102,0
/media/D1/ait_users/staff122/deepfake_project/outputs_deepfake_project/dfdc_subset_77_jpg/test/real/real_000274.jpg,0.0,0.1063726544380188,0
/media/D1/ait_users/staff122/deepfake_project/outputs_deepfake_project/dfdc_subset_77_jpg/test/real/real_000275.jpg,0.0,0.02251877635717392,0
/media/D1/ait_users/staff122/deepfake_project/outputs_deepfake_project/dfdc_subset_77_jpg/test/real/real_000276.jpg,0.0,0.0029137807432562113,0
/media/D1/ait_users/staff122/deepfake_project/outputs_deepfake_project/dfdc_subset_77_jpg/test/real/real_000277.jpg,0.0,0.0011774617014452815,0
/media/D1/ait_users/staff122/deepfake_project/outputs_deepfake_project/dfdc_subset_77_jpg/test/real/real_000278.jpg,0.0,0.0011747925309464335,0
/media/D1/ait_users/staff122/deepfake_project/outputs_deepfake_project/dfdc_subset_77_jpg/test/real/real_000279.jpg,0.0,0.07633308321237564,0
/media/D1/ait_users/staff122/deepfake_project/outputs_deepfake_project/dfdc_subset_77_jpg/test/real/real_000280.jpg,0.0,0.001489723101258278,0
/media/D1/ait_users/staff122/deepfake_project/outputs_deepfake_project/dfdc_subset_77_jpg/test/real/real_000281.jpg,0.0,0.0006079802988097072,0
/media/D1/ait_users/staff122/deepfake_project/outputs_deepfake_project/dfdc_subset_77_jpg/test/real/real_000282.jpg,0.0,0.0591580793261528,0
/media/D1/ait_users/staff122/deepfake_project/outputs_deepfake_project/dfdc_subset_77_jpg/test/real/real_000283.jpg,0.0,0.003858923213556409,0
/media/D1/ait_users/staff122/deepfake_project/outputs_deepfake_project/dfdc_subset_77_jpg/test/real/real_000284.jpg,0.0,0.3467521369457245,0
/media/D1/ait_users/staff122/deepfake_project/outputs_deepfake_project/dfdc_subset_77_jpg/test/real/real_000285.jpg,0.0,0.016226772218942642,0
/media/D1/ait_users/staff122/deepfake_project/outputs_deepfake_project/dfdc_subset_77_jpg/test/real/real_000286.jpg,0.0,0.012606137432157993,0
/media/D1/ait_users/staff122/deepfake_project/outputs_deepfake_project/dfdc_subset_77_jpg/test/real/real_000287.jpg,0.0,0.0004217460809741169,0
/media/D1/ait_users/staff122/deepfake_project/outputs_deepfake_project/dfdc_subset_77_jpg/test/real/real_000288.jpg,0.0,0.9999998807907104,1
/media/D1/ait_users/staff122/deepfake_project/outputs_deepfake_project/dfdc_subset_77_jpg/test/real/real_000289.jpg,0.0,0.9999994039535522,1
/media/D1/ait_users/staff122/deepfake_project/outputs_deepfake_project/dfdc_subset_77_jpg/test/real/real_000290.jpg,0.0,0.9999994039535522,1
/media/D1/ait_users/staff122/deepfake_project/outputs_deepfake_project/dfdc_subset_77_jpg/test/real/real_000291.jpg,0.0,1.0,1
/media/D1/ait_users/staff122/deepfake_project/outputs_deepfake_project/dfdc_subset_77_jpg/test/real/real_000292.jpg,0.0,0.9999998807907104,1
/media/D1/ait_users/staff122/deepfake_project/outputs_deepfake_project/dfdc_subset_77_jpg/test/real/real_000293.jpg,0.0,0.9999998807907104,1
/media/D1/ait_users/staff122/deepfake_project/outputs_deepfake_project/dfdc_subset_77_jpg/test/real/real_000294.jpg,0.0,1.0,1
/media/D1/ait_users/staff122/deepfake_project/outputs_deepfake_project/dfdc_subset_77_jpg/test/real/real_000295.jpg,0.0,0.9999998807907104,1
/media/D1/ait_users/staff122/deepfake_project/outputs_deepfake_project/dfdc_subset_77_jpg/test/real/real_000296.jpg,0.0,1.0,1
/media/D1/ait_users/staff122/deepfake_project/outputs_deepfake_project/dfdc_subset_77_jpg/test/real/real_000297.jpg,0.0,1.0,1
/media/D1/ait_users/staff122/deepfake_project/outputs_deepfake_project/dfdc_subset_77_jpg/test/real/real_000298.jpg,0.0,0.9999997615814209,1
/media/D1/ait_users/staff122/deepfake_project/outputs_deepfake_project/dfdc_subset_77_jpg/test/real/real_000299.jpg,0.0,0.9999997615814209,1
/media/D1/ait_users/staff122/deepfake_project/outputs_deepfake_project/dfdc_subset_77_jpg/test/real/real_000300.jpg,0.0,0.9999988079071045,1
/media/D1/ait_users/staff122/deepfake_project/outputs_deepfake_project/dfdc_subset_77_jpg/test/real/real_000301.jpg,0.0,0.9999997615814209,1
/media/D1/ait_users/staff122/deepfake_project/outputs_deepfake_project/dfdc_subset_77_jpg/test/real/real_000302.jpg,0.0,1.0,1
/media/D1/ait_users/staff122/deepfake_project/outputs_deepfake_project/dfdc_subset_77_jpg/test/real/real_000303.jpg,0.0,0.9999996423721313,1
/media/D1/ait_users/staff122/deepfake_project/outputs_deepfake_project/dfdc_subset_77_jpg/test/real/real_000304.jpg,0.0,0.9999997615814209,1
/media/D1/ait_users/staff122/deepfake_project/outputs_deepfake_project/dfdc_subset_77_jpg/test/real/real_000305.jpg,0.0,1.0,1
/media/D1/ait_users/staff122/deepfake_project/outputs_deepfake_project/dfdc_subset_77_jpg/test/real/real_000306.jpg,0.0,1.0,1
/media/D1/ait_users/staff122/deepfake_project/outputs_deepfake_project/dfdc_subset_77_jpg/test/real/real_000307.jpg,0.0,0.9999995231628418,1
/media/D1/ait_users/staff122/deepfake_project/outputs_deepfake_project/dfdc_subset_77_jpg/test/real/real_000308.jpg,0.0,0.9999983310699463,1
/media/D1/ait_users/staff122/deepfake_project/outputs_deepfake_project/dfdc_subset_77_jpg/test/real/real_000309.jpg,0.0,0.9999995231628418,1
/media/D1/ait_users/staff122/deepfake_project/outputs_deepfake_project/dfdc_subset_77_jpg/test/real/real_000310.jpg,0.0,0.9999998807907104,1
/media/D1/ait_users/staff122/deepfake_project/outputs_deepfake_project/dfdc_subset_77_jpg/test/real/real_000311.jpg,0.0,0.9999998807907104,1
/media/D1/ait_users/staff122/deepfake_project/outputs_deepfake_project/dfdc_subset_77_jpg/test/real/real_000312.jpg,0.0,1.0,1
/media/D1/ait_users/staff122/deepfake_project/outputs_deepfake_project/dfdc_subset_77_jpg/test/real/real_000313.jpg,0.0,0.9999994039535522,1
/media/D1/ait_users/staff122/deepfake_project/outputs_deepfake_project/dfdc_subset_77_jpg/test/real/real_000314.jpg,0.0,1.0,1
/media/D1/ait_users/staff122/deepfake_project/outputs_deepfake_project/dfdc_subset_77_jpg/test/real/real_000315.jpg,0.0,1.0,1
/media/D1/ait_users/staff122/deepfake_project/outputs_deepfake_project/dfdc_subset_77_jpg/test/real/real_000316.jpg,0.0,0.9999998807907104,1
/media/D1/ait_users/staff122/deepfake_project/outputs_deepfake_project/dfdc_subset_77_jpg/test/real/real_000317.jpg,0.0,0.9999996423721313,1
/media/D1/ait_users/staff122/deepfake_project/outputs_deepfake_project/dfdc_subset_77_jpg/test/real/real_000318.jpg,0.0,1.0,1
/media/D1/ait_users/staff122/deepfake_project/outputs_deepfake_project/dfdc_subset_77_jpg/test/real/real_000319.jpg,0.0,0.9999991655349731,1
/media/D1/ait_users/staff122/deepfake_project/outputs_deepfake_project/dfdc_subset_77_jpg/test/real/real_000320.jpg,0.0,0.000646132742986083,0
/media/D1/ait_users/staff122/deepfake_project/outputs_deepfake_project/dfdc_subset_77_jpg/test/real/real_000321.jpg,0.0,0.0003500594466459006,0
/media/D1/ait_users/staff122/deepfake_project/outputs_deepfake_project/dfdc_subset_77_jpg/test/real/real_000322.jpg,0.0,0.0056362454779446125,0
/media/D1/ait_users/staff122/deepfake_project/outputs_deepfake_project/dfdc_subset_77_jpg/test/real/real_000323.jpg,0.0,0.0019331133225932717,0
/media/D1/ait_users/staff122/deepfake_project/outputs_deepfake_project/dfdc_subset_77_jpg/test/real/real_000324.jpg,0.0,0.0003186602261848748,0
/media/D1/ait_users/staff122/deepfake_project/outputs_deepfake_project/dfdc_subset_77_jpg/test/real/real_000325.jpg,0.0,4.390683170640841e-05,0
/media/D1/ait_users/staff122/deepfake_project/outputs_deepfake_project/dfdc_subset_77_jpg/test/real/real_000326.jpg,0.0,4.147311847191304e-05,0
/media/D1/ait_users/staff122/deepfake_project/outputs_deepfake_project/dfdc_subset_77_jpg/test/real/real_000327.jpg,0.0,0.000180465925950557,0
/media/D1/ait_users/staff122/deepfake_project/outputs_deepfake_project/dfdc_subset_77_jpg/test/real/real_000328.jpg,0.0,7.618177187396213e-05,0
/media/D1/ait_users/staff122/deepfake_project/outputs_deepfake_project/dfdc_subset_77_jpg/test/real/real_000329.jpg,0.0,0.00040477505535818636,0
/media/D1/ait_users/staff122/deepfake_project/outputs_deepfake_project/dfdc_subset_77_jpg/test/real/real_000330.jpg,0.0,0.0006372665520757437,0
/media/D1/ait_users/staff122/deepfake_project/outputs_deepfake_project/dfdc_subset_77_jpg/test/real/real_000331.jpg,0.0,0.9993116855621338,1
/media/D1/ait_users/staff122/deepfake_project/outputs_deepfake_project/dfdc_subset_77_jpg/test/real/real_000332.jpg,0.0,0.027389463037252426,0
/media/D1/ait_users/staff122/deepfake_project/outputs_deepfake_project/dfdc_subset_77_jpg/test/real/real_000333.jpg,0.0,0.0003283635014668107,0
/media/D1/ait_users/staff122/deepfake_project/outputs_deepfake_project/dfdc_subset_77_jpg/test/real/real_000334.jpg,0.0,0.0009062950266525149,0
/media/D1/ait_users/staff122/deepfake_project/outputs_deepfake_project/dfdc_subset_77_jpg/test/real/real_000335.jpg,0.0,0.00022606785933021456,0
/media/D1/ait_users/staff122/deepfake_project/outputs_deepfake_project/dfdc_subset_77_jpg/test/real/real_000336.jpg,0.0,0.0015249191783368587,0
/media/D1/ait_users/staff122/deepfake_project/outputs_deepfake_project/dfdc_subset_77_jpg/test/real/real_000337.jpg,0.0,0.005147441290318966,0
/media/D1/ait_users/staff122/deepfake_project/outputs_deepfake_project/dfdc_subset_77_jpg/test/real/real_000338.jpg,0.0,0.00036683987127617,0
/media/D1/ait_users/staff122/deepfake_project/outputs_deepfake_project/dfdc_subset_77_jpg/test/real/real_000339.jpg,0.0,0.002200568560510874,0
/media/D1/ait_users/staff122/deepfake_project/outputs_deepfake_project/dfdc_subset_77_jpg/test/real/real_000340.jpg,0.0,0.00032594194635748863,0
/media/D1/ait_users/staff122/deepfake_project/outputs_deepfake_project/dfdc_subset_77_jpg/test/real/real_000341.jpg,0.0,0.0003692972823046148,0
/media/D1/ait_users/staff122/deepfake_project/outputs_deepfake_project/dfdc_subset_77_jpg/test/real/real_000342.jpg,0.0,0.004856691230088472,0
/media/D1/ait_users/staff122/deepfake_project/outputs_deepfake_project/dfdc_subset_77_jpg/test/real/real_000343.jpg,0.0,3.4668850275920704e-05,0
/media/D1/ait_users/staff122/deepfake_project/outputs_deepfake_project/dfdc_subset_77_jpg/test/real/real_000344.jpg,0.0,0.002375558251515031,0
/media/D1/ait_users/staff122/deepfake_project/outputs_deepfake_project/dfdc_subset_77_jpg/test/real/real_000345.jpg,0.0,0.002278905361890793,0
/media/D1/ait_users/staff122/deepfake_project/outputs_deepfake_project/dfdc_subset_77_jpg/test/real/real_000346.jpg,0.0,0.9739999771118164,1
/media/D1/ait_users/staff122/deepfake_project/outputs_deepfake_project/dfdc_subset_77_jpg/test/real/real_000347.jpg,0.0,1.8151789845433086e-05,0
/media/D1/ait_users/staff122/deepfake_project/outputs_deepfake_project/dfdc_subset_77_jpg/test/real/real_000348.jpg,0.0,0.00034250676981173456,0
/media/D1/ait_users/staff122/deepfake_project/outputs_deepfake_project/dfdc_subset_77_jpg/test/real/real_000349.jpg,0.0,0.0005658856243826449,0
/media/D1/ait_users/staff122/deepfake_project/outputs_deepfake_project/dfdc_subset_77_jpg/test/real/real_000350.jpg,0.0,0.027456292882561684,0
/media/D1/ait_users/staff122/deepfake_project/outputs_deepfake_project/dfdc_subset_77_jpg/test/real/real_000351.jpg,0.0,0.03706318885087967,0
/media/D1/ait_users/staff122/deepfake_project/outputs_deepfake_project/dfdc_subset_77_jpg/test/real/real_000352.jpg,0.0,0.0006886740447953343,0
/media/D1/ait_users/staff122/deepfake_project/outputs_deepfake_project/dfdc_subset_77_jpg/test/real/real_000353.jpg,0.0,0.013877286575734615,0
/media/D1/ait_users/staff122/deepfake_project/outputs_deepfake_project/dfdc_subset_77_jpg/test/real/real_000354.jpg,0.0,0.11928273737430573,0
/media/D1/ait_users/staff122/deepfake_project/outputs_deepfake_project/dfdc_subset_77_jpg/test/real/real_000355.jpg,0.0,0.0023207729682326317,0
/media/D1/ait_users/staff122/deepfake_project/outputs_deepfake_project/dfdc_subset_77_jpg/test/real/real_000356.jpg,0.0,0.4598134160041809,0
/media/D1/ait_users/staff122/deepfake_project/outputs_deepfake_project/dfdc_subset_77_jpg/test/real/real_000357.jpg,0.0,0.0005748099647462368,0
/media/D1/ait_users/staff122/deepfake_project/outputs_deepfake_project/dfdc_subset_77_jpg/test/real/real_000358.jpg,0.0,0.02285819686949253,0
/media/D1/ait_users/staff122/deepfake_project/outputs_deepfake_project/dfdc_subset_77_jpg/test/real/real_000359.jpg,0.0,0.0065981303341686726,0
/media/D1/ait_users/staff122/deepfake_project/outputs_deepfake_project/dfdc_subset_77_jpg/test/real/real_000360.jpg,0.0,0.07009968906641006,0
/media/D1/ait_users/staff122/deepfake_project/outputs_deepfake_project/dfdc_subset_77_jpg/test/real/real_000361.jpg,0.0,0.26699987053871155,0
/media/D1/ait_users/staff122/deepfake_project/outputs_deepfake_project/dfdc_subset_77_jpg/test/real/real_000362.jpg,0.0,0.007619588170200586,0
/media/D1/ait_users/staff122/deepfake_project/outputs_deepfake_project/dfdc_subset_77_jpg/test/real/real_000363.jpg,0.0,0.0012786057777702808,0
/media/D1/ait_users/staff122/deepfake_project/outputs_deepfake_project/dfdc_subset_77_jpg/test/real/real_000364.jpg,0.0,0.15821675956249237,0
/media/D1/ait_users/staff122/deepfake_project/outputs_deepfake_project/dfdc_subset_77_jpg/test/real/real_000365.jpg,0.0,0.015534952282905579,0
/media/D1/ait_users/staff122/deepfake_project/outputs_deepfake_project/dfdc_subset_77_jpg/test/real/real_000366.jpg,0.0,0.03501207008957863,0
/media/D1/ait_users/staff122/deepfake_project/outputs_deepfake_project/dfdc_subset_77_jpg/test/real/real_000367.jpg,0.0,0.09424685686826706,0
/media/D1/ait_users/staff122/deepfake_project/outputs_deepfake_project/dfdc_subset_77_jpg/test/real/real_000368.jpg,0.0,0.00577723840251565,0
/media/D1/ait_users/staff122/deepfake_project/outputs_deepfake_project/dfdc_subset_77_jpg/test/real/real_000369.jpg,0.0,0.3852669298648834,0
/media/D1/ait_users/staff122/deepfake_project/outputs_deepfake_project/dfdc_subset_77_jpg/test/real/real_000370.jpg,0.0,0.1082579642534256,0
/media/D1/ait_users/staff122/deepfake_project/outputs_deepfake_project/dfdc_subset_77_jpg/test/real/real_000371.jpg,0.0,0.02847525291144848,0
/media/D1/ait_users/staff122/deepfake_project/outputs_deepfake_project/dfdc_subset_77_jpg/test/real/real_000372.jpg,0.0,0.02175294980406761,0
/media/D1/ait_users/staff122/deepfake_project/outputs_deepfake_project/dfdc_subset_77_jpg/test/real/real_000373.jpg,0.0,0.22258077561855316,0
/media/D1/ait_users/staff122/deepfake_project/outputs_deepfake_project/dfdc_subset_77_jpg/test/real/real_000374.jpg,0.0,0.0004904004745185375,0
/media/D1/ait_users/staff122/deepfake_project/outputs_deepfake_project/dfdc_subset_77_jpg/test/real/real_000375.jpg,0.0,0.09514181315898895,0
/media/D1/ait_users/staff122/deepfake_project/outputs_deepfake_project/dfdc_subset_77_jpg/test/real/real_000376.jpg,0.0,0.03362812474370003,0
/media/D1/ait_users/staff122/deepfake_project/outputs_deepfake_project/dfdc_subset_77_jpg/test/real/real_000377.jpg,0.0,0.02553858980536461,0
/media/D1/ait_users/staff122/deepfake_project/outputs_deepfake_project/dfdc_subset_77_jpg/test/real/real_000378.jpg,0.0,0.008854624815285206,0
/media/D1/ait_users/staff122/deepfake_project/outputs_deepfake_project/dfdc_subset_77_jpg/test/real/real_000379.jpg,0.0,0.00641457038000226,0
/media/D1/ait_users/staff122/deepfake_project/outputs_deepfake_project/dfdc_subset_77_jpg/test/real/real_000380.jpg,0.0,0.0009121876792050898,0
/media/D1/ait_users/staff122/deepfake_project/outputs_deepfake_project/dfdc_subset_77_jpg/test/real/real_000381.jpg,0.0,0.021171581000089645,0
/media/D1/ait_users/staff122/deepfake_project/outputs_deepfake_project/dfdc_subset_77_jpg/test/real/real_000382.jpg,0.0,0.028954023495316505,0
/media/D1/ait_users/staff122/deepfake_project/outputs_deepfake_project/dfdc_subset_77_jpg/test/real/real_000383.jpg,0.0,0.021573035046458244,0
/media/D1/ait_users/staff122/deepfake_project/outputs_deepfake_project/dfdc_subset_77_jpg/test/real/real_000384.jpg,0.0,0.0018840116681531072,0
/media/D1/ait_users/staff122/deepfake_project/outputs_deepfake_project/dfdc_subset_77_jpg/test/real/real_000385.jpg,0.0,0.0003001412551384419,0
/media/D1/ait_users/staff122/deepfake_project/outputs_deepfake_project/dfdc_subset_77_jpg/test/real/real_000386.jpg,0.0,0.00026315575814805925,0
/media/D1/ait_users/staff122/deepfake_project/outputs_deepfake_project/dfdc_subset_77_jpg/test/real/real_000387.jpg,0.0,1.3596705684904009e-05,0
/media/D1/ait_users/staff122/deepfake_project/outputs_deepfake_project/dfdc_subset_77_jpg/test/real/real_000388.jpg,0.0,0.0002893732162192464,0
/media/D1/ait_users/staff122/deepfake_project/outputs_deepfake_project/dfdc_subset_77_jpg/test/real/real_000389.jpg,0.0,0.00014340173220261931,0
/media/D1/ait_users/staff122/deepfake_project/outputs_deepfake_project/dfdc_subset_77_jpg/test/real/real_000390.jpg,0.0,5.891954424441792e-05,0
/media/D1/ait_users/staff122/deepfake_project/outputs_deepfake_project/dfdc_subset_77_jpg/test/real/real_000391.jpg,0.0,0.00016722932923585176,0
/media/D1/ait_users/staff122/deepfake_project/outputs_deepfake_project/dfdc_subset_77_jpg/test/real/real_000392.jpg,0.0,0.00024644070072099566,0
/media/D1/ait_users/staff122/deepfake_project/outputs_deepfake_project/dfdc_subset_77_jpg/test/real/real_000393.jpg,0.0,0.0001461175997974351,0
/media/D1/ait_users/staff122/deepfake_project/outputs_deepfake_project/dfdc_subset_77_jpg/test/real/real_000394.jpg,0.0,9.3847957032267e-05,0
/media/D1/ait_users/staff122/deepfake_project/outputs_deepfake_project/dfdc_subset_77_jpg/test/real/real_000395.jpg,0.0,0.002338764490559697,0
/media/D1/ait_users/staff122/deepfake_project/outputs_deepfake_project/dfdc_subset_77_jpg/test/real/real_000396.jpg,0.0,0.006636726204305887,0
/media/D1/ait_users/staff122/deepfake_project/outputs_deepfake_project/dfdc_subset_77_jpg/test/real/real_000397.jpg,0.0,0.04763707146048546,0
/media/D1/ait_users/staff122/deepfake_project/outputs_deepfake_project/dfdc_subset_77_jpg/test/real/real_000398.jpg,0.0,0.10955166816711426,0
/media/D1/ait_users/staff122/deepfake_project/outputs_deepfake_project/dfdc_subset_77_jpg/test/real/real_000399.jpg,0.0,5.204375338507816e-05,0
/media/D1/ait_users/staff122/deepfake_project/outputs_deepfake_project/dfdc_subset_77_jpg/test/real/real_000400.jpg,0.0,0.0009777010418474674,0
/media/D1/ait_users/staff122/deepfake_project/outputs_deepfake_project/dfdc_subset_77_jpg/test/real/real_000401.jpg,0.0,0.000284198293229565,0
/media/D1/ait_users/staff122/deepfake_project/outputs_deepfake_project/dfdc_subset_77_jpg/test/real/real_000402.jpg,0.0,0.08137896656990051,0
/media/D1/ait_users/staff122/deepfake_project/outputs_deepfake_project/dfdc_subset_77_jpg/test/real/real_000403.jpg,0.0,0.004605080466717482,0
/media/D1/ait_users/staff122/deepfake_project/outputs_deepfake_project/dfdc_subset_77_jpg/test/real/real_000404.jpg,0.0,0.005620795767754316,0
/media/D1/ait_users/staff122/deepfake_project/outputs_deepfake_project/dfdc_subset_77_jpg/test/real/real_000405.jpg,0.0,0.21322700381278992,0
/media/D1/ait_users/staff122/deepfake_project/outputs_deepfake_project/dfdc_subset_77_jpg/test/real/real_000406.jpg,0.0,0.9854996800422668,1
/media/D1/ait_users/staff122/deepfake_project/outputs_deepfake_project/dfdc_subset_77_jpg/test/real/real_000407.jpg,0.0,0.0005345871322788298,0
/media/D1/ait_users/staff122/deepfake_project/outputs_deepfake_project/dfdc_subset_77_jpg/test/real/real_000408.jpg,0.0,5.473825876833871e-05,0
/media/D1/ait_users/staff122/deepfake_project/outputs_deepfake_project/dfdc_subset_77_jpg/test/real/real_000409.jpg,0.0,4.19238131144084e-06,0
/media/D1/ait_users/staff122/deepfake_project/outputs_deepfake_project/dfdc_subset_77_jpg/test/real/real_000410.jpg,0.0,8.188597712432966e-05,0
/media/D1/ait_users/staff122/deepfake_project/outputs_deepfake_project/dfdc_subset_77_jpg/test/real/real_000411.jpg,0.0,0.00020841161313001066,0
/media/D1/ait_users/staff122/deepfake_project/outputs_deepfake_project/dfdc_subset_77_jpg/test/real/real_000412.jpg,0.0,0.036624763160943985,0
/media/D1/ait_users/staff122/deepfake_project/outputs_deepfake_project/dfdc_subset_77_jpg/test/real/real_000413.jpg,0.0,0.1314612329006195,0
/media/D1/ait_users/staff122/deepfake_project/outputs_deepfake_project/dfdc_subset_77_jpg/test/real/real_000414.jpg,0.0,0.007810266222804785,0
/media/D1/ait_users/staff122/deepfake_project/outputs_deepfake_project/dfdc_subset_77_jpg/test/real/real_000415.jpg,0.0,0.0021320637315511703,0
/media/D1/ait_users/staff122/deepfake_project/outputs_deepfake_project/dfdc_subset_77_jpg/test/real/real_000416.jpg,0.0,0.9897016286849976,1
/media/D1/ait_users/staff122/deepfake_project/outputs_deepfake_project/dfdc_subset_77_jpg/test/real/real_000417.jpg,0.0,0.9953371286392212,1
/media/D1/ait_users/staff122/deepfake_project/outputs_deepfake_project/dfdc_subset_77_jpg/test/real/real_000418.jpg,0.0,0.9904568791389465,1
/media/D1/ait_users/staff122/deepfake_project/outputs_deepfake_project/dfdc_subset_77_jpg/test/real/real_000419.jpg,0.0,0.8352190852165222,1
/media/D1/ait_users/staff122/deepfake_project/outputs_deepfake_project/dfdc_subset_77_jpg/test/real/real_000420.jpg,0.0,0.9213269352912903,1
/media/D1/ait_users/staff122/deepfake_project/outputs_deepfake_project/dfdc_subset_77_jpg/test/real/real_000421.jpg,0.0,0.8911932706832886,1
/media/D1/ait_users/staff122/deepfake_project/outputs_deepfake_project/dfdc_subset_77_jpg/test/real/real_000422.jpg,0.0,0.6940318942070007,1
/media/D1/ait_users/staff122/deepfake_project/outputs_deepfake_project/dfdc_subset_77_jpg/test/real/real_000423.jpg,0.0,0.7705435752868652,1
/media/D1/ait_users/staff122/deepfake_project/outputs_deepfake_project/dfdc_subset_77_jpg/test/real/real_000424.jpg,0.0,0.3824370503425598,0
/media/D1/ait_users/staff122/deepfake_project/outputs_deepfake_project/dfdc_subset_77_jpg/test/real/real_000425.jpg,0.0,0.42787113785743713,0
/media/D1/ait_users/staff122/deepfake_project/outputs_deepfake_project/dfdc_subset_77_jpg/test/real/real_000426.jpg,0.0,0.967158317565918,1
/media/D1/ait_users/staff122/deepfake_project/outputs_deepfake_project/dfdc_subset_77_jpg/test/real/real_000427.jpg,0.0,0.13917087018489838,0
/media/D1/ait_users/staff122/deepfake_project/outputs_deepfake_project/dfdc_subset_77_jpg/test/real/real_000428.jpg,0.0,0.8549639582633972,1
/media/D1/ait_users/staff122/deepfake_project/outputs_deepfake_project/dfdc_subset_77_jpg/test/real/real_000429.jpg,0.0,1.0,1
/media/D1/ait_users/staff122/deepfake_project/outputs_deepfake_project/dfdc_subset_77_jpg/test/real/real_000430.jpg,0.0,0.038103971630334854,0
/media/D1/ait_users/staff122/deepfake_project/outputs_deepfake_project/dfdc_subset_77_jpg/test/real/real_000431.jpg,0.0,0.44873046875,0
/media/D1/ait_users/staff122/deepfake_project/outputs_deepfake_project/dfdc_subset_77_jpg/test/real/real_000432.jpg,0.0,0.6334152221679688,1
/media/D1/ait_users/staff122/deepfake_project/outputs_deepfake_project/dfdc_subset_77_jpg/test/real/real_000433.jpg,0.0,0.028927702456712723,0
/media/D1/ait_users/staff122/deepfake_project/outputs_deepfake_project/dfdc_subset_77_jpg/test/real/real_000434.jpg,0.0,0.06620731204748154,0
/media/D1/ait_users/staff122/deepfake_project/outputs_deepfake_project/dfdc_subset_77_jpg/test/real/real_000435.jpg,0.0,0.8914955854415894,1
/media/D1/ait_users/staff122/deepfake_project/outputs_deepfake_project/dfdc_subset_77_jpg/test/real/real_000436.jpg,0.0,0.23991437256336212,0
/media/D1/ait_users/staff122/deepfake_project/outputs_deepfake_project/dfdc_subset_77_jpg/test/real/real_000437.jpg,0.0,0.9734349846839905,1
/media/D1/ait_users/staff122/deepfake_project/outputs_deepfake_project/dfdc_subset_77_jpg/test/real/real_000438.jpg,0.0,0.9146548509597778,1
/media/D1/ait_users/staff122/deepfake_project/outputs_deepfake_project/dfdc_subset_77_jpg/test/real/real_000439.jpg,0.0,0.9966753721237183,1
/media/D1/ait_users/staff122/deepfake_project/outputs_deepfake_project/dfdc_subset_77_jpg/test/real/real_000440.jpg,0.0,0.7957536578178406,1
/media/D1/ait_users/staff122/deepfake_project/outputs_deepfake_project/dfdc_subset_77_jpg/test/real/real_000441.jpg,0.0,0.4503401219844818,0
/media/D1/ait_users/staff122/deepfake_project/outputs_deepfake_project/dfdc_subset_77_jpg/test/real/real_000442.jpg,0.0,0.9391777515411377,1
/media/D1/ait_users/staff122/deepfake_project/outputs_deepfake_project/dfdc_subset_77_jpg/test/real/real_000443.jpg,0.0,0.4102322459220886,0
/media/D1/ait_users/staff122/deepfake_project/outputs_deepfake_project/dfdc_subset_77_jpg/test/real/real_000444.jpg,0.0,0.24285449087619781,0
/media/D1/ait_users/staff122/deepfake_project/outputs_deepfake_project/dfdc_subset_77_jpg/test/real/real_000445.jpg,0.0,0.8139181733131409,1
/media/D1/ait_users/staff122/deepfake_project/outputs_deepfake_project/dfdc_subset_77_jpg/test/real/real_000446.jpg,0.0,0.9173527956008911,1
/media/D1/ait_users/staff122/deepfake_project/outputs_deepfake_project/dfdc_subset_77_jpg/test/real/real_000447.jpg,0.0,0.011340961791574955,0
/media/D1/ait_users/staff122/deepfake_project/outputs_deepfake_project/dfdc_subset_77_jpg/test/real/real_000448.jpg,0.0,0.9797514081001282,1
/media/D1/ait_users/staff122/deepfake_project/outputs_deepfake_project/dfdc_subset_77_jpg/test/real/real_000449.jpg,0.0,0.9981185793876648,1
/media/D1/ait_users/staff122/deepfake_project/outputs_deepfake_project/dfdc_subset_77_jpg/test/real/real_000450.jpg,0.0,0.9992750287055969,1
/media/D1/ait_users/staff122/deepfake_project/outputs_deepfake_project/dfdc_subset_77_jpg/test/real/real_000451.jpg,0.0,0.9977062940597534,1
/media/D1/ait_users/staff122/deepfake_project/outputs_deepfake_project/dfdc_subset_77_jpg/test/real/real_000452.jpg,0.0,0.9984288811683655,1
/media/D1/ait_users/staff122/deepfake_project/outputs_deepfake_project/dfdc_subset_77_jpg/test/real/real_000453.jpg,0.0,0.9840961694717407,1
/media/D1/ait_users/staff122/deepfake_project/outputs_deepfake_project/dfdc_subset_77_jpg/test/real/real_000454.jpg,0.0,0.9811446070671082,1
/media/D1/ait_users/staff122/deepfake_project/outputs_deepfake_project/dfdc_subset_77_jpg/test/real/real_000455.jpg,0.0,0.9063227772712708,1
/media/D1/ait_users/staff122/deepfake_project/outputs_deepfake_project/dfdc_subset_77_jpg/test/real/real_000456.jpg,0.0,0.981145441532135,1
/media/D1/ait_users/staff122/deepfake_project/outputs_deepfake_project/dfdc_subset_77_jpg/test/real/real_000457.jpg,0.0,0.9990013241767883,1
/media/D1/ait_users/staff122/deepfake_project/outputs_deepfake_project/dfdc_subset_77_jpg/test/real/real_000458.jpg,0.0,0.9995135068893433,1
/media/D1/ait_users/staff122/deepfake_project/outputs_deepfake_project/dfdc_subset_77_jpg/test/real/real_000459.jpg,0.0,0.9999309778213501,1
/media/D1/ait_users/staff122/deepfake_project/outputs_deepfake_project/dfdc_subset_77_jpg/test/real/real_000460.jpg,0.0,0.9999382495880127,1
/media/D1/ait_users/staff122/deepfake_project/outputs_deepfake_project/dfdc_subset_77_jpg/test/real/real_000461.jpg,0.0,0.999976634979248,1
/media/D1/ait_users/staff122/deepfake_project/outputs_deepfake_project/dfdc_subset_77_jpg/test/real/real_000462.jpg,0.0,1.0,1
/media/D1/ait_users/staff122/deepfake_project/outputs_deepfake_project/dfdc_subset_77_jpg/test/real/real_000463.jpg,0.0,1.0,1
/media/D1/ait_users/staff122/deepfake_project/outputs_deepfake_project/dfdc_subset_77_jpg/test/real/real_000464.jpg,0.0,0.999998927116394,1
/media/D1/ait_users/staff122/deepfake_project/outputs_deepfake_project/dfdc_subset_77_jpg/test/real/real_000465.jpg,0.0,1.0,1
/media/D1/ait_users/staff122/deepfake_project/outputs_deepfake_project/dfdc_subset_77_jpg/test/real/real_000466.jpg,0.0,1.0,1
/media/D1/ait_users/staff122/deepfake_project/outputs_deepfake_project/dfdc_subset_77_jpg/test/real/real_000467.jpg,0.0,0.9996342658996582,1
/media/D1/ait_users/staff122/deepfake_project/outputs_deepfake_project/dfdc_subset_77_jpg/test/real/real_000468.jpg,0.0,0.9439530968666077,1
/media/D1/ait_users/staff122/deepfake_project/outputs_deepfake_project/dfdc_subset_77_jpg/test/real/real_000469.jpg,0.0,0.9997245669364929,1
/media/D1/ait_users/staff122/deepfake_project/outputs_deepfake_project/dfdc_subset_77_jpg/test/real/real_000470.jpg,0.0,0.9993669390678406,1
/media/D1/ait_users/staff122/deepfake_project/outputs_deepfake_project/dfdc_subset_77_jpg/test/real/real_000471.jpg,0.0,0.9994505047798157,1
/media/D1/ait_users/staff122/deepfake_project/outputs_deepfake_project/dfdc_subset_77_jpg/test/real/real_000472.jpg,0.0,0.9849840998649597,1
/media/D1/ait_users/staff122/deepfake_project/outputs_deepfake_project/dfdc_subset_77_jpg/test/real/real_000473.jpg,0.0,0.9521776437759399,1
/media/D1/ait_users/staff122/deepfake_project/outputs_deepfake_project/dfdc_subset_77_jpg/test/real/real_000474.jpg,0.0,0.9790408611297607,1
/media/D1/ait_users/staff122/deepfake_project/outputs_deepfake_project/dfdc_subset_77_jpg/test/real/real_000475.jpg,0.0,0.9961134195327759,1
/media/D1/ait_users/staff122/deepfake_project/outputs_deepfake_project/dfdc_subset_77_jpg/test/real/real_000476.jpg,0.0,0.9906501770019531,1
/media/D1/ait_users/staff122/deepfake_project/outputs_deepfake_project/dfdc_subset_77_jpg/test/real/real_000477.jpg,0.0,0.9995949864387512,1
/media/D1/ait_users/staff122/deepfake_project/outputs_deepfake_project/dfdc_subset_77_jpg/test/real/real_000478.jpg,0.0,0.997962236404419,1
/media/D1/ait_users/staff122/deepfake_project/outputs_deepfake_project/dfdc_subset_77_jpg/test/real/real_000479.jpg,0.0,0.999135434627533,1
/media/D1/ait_users/staff122/deepfake_project/outputs_deepfake_project/dfdc_subset_77_jpg/test/real/real_000480.jpg,0.0,0.9042248725891113,1
/media/D1/ait_users/staff122/deepfake_project/outputs_deepfake_project/dfdc_subset_77_jpg/test/real/real_000481.jpg,0.0,0.96027672290802,1
/media/D1/ait_users/staff122/deepfake_project/outputs_deepfake_project/dfdc_subset_77_jpg/test/real/real_000482.jpg,0.0,0.9862151741981506,1
/media/D1/ait_users/staff122/deepfake_project/outputs_deepfake_project/dfdc_subset_77_jpg/test/real/real_000483.jpg,0.0,0.8749364614486694,1
/media/D1/ait_users/staff122/deepfake_project/outputs_deepfake_project/dfdc_subset_77_jpg/test/real/real_000484.jpg,0.0,0.5829227566719055,1
/media/D1/ait_users/staff122/deepfake_project/outputs_deepfake_project/dfdc_subset_77_jpg/test/real/real_000485.jpg,0.0,0.14771948754787445,0
/media/D1/ait_users/staff122/deepfake_project/outputs_deepfake_project/dfdc_subset_77_jpg/test/real/real_000486.jpg,0.0,0.8116281628608704,1
/media/D1/ait_users/staff122/deepfake_project/outputs_deepfake_project/dfdc_subset_77_jpg/test/real/real_000487.jpg,0.0,0.4725787937641144,0
/media/D1/ait_users/staff122/deepfake_project/outputs_deepfake_project/dfdc_subset_77_jpg/test/real/real_000488.jpg,0.0,0.6830836534500122,1
/media/D1/ait_users/staff122/deepfake_project/outputs_deepfake_project/dfdc_subset_77_jpg/test/real/real_000489.jpg,0.0,0.45914244651794434,0
/media/D1/ait_users/staff122/deepfake_project/outputs_deepfake_project/dfdc_subset_77_jpg/test/real/real_000490.jpg,0.0,0.12259788066148758,0
/media/D1/ait_users/staff122/deepfake_project/outputs_deepfake_project/dfdc_subset_77_jpg/test/real/real_000491.jpg,0.0,0.002482461975887418,0
/media/D1/ait_users/staff122/deepfake_project/outputs_deepfake_project/dfdc_subset_77_jpg/test/real/real_000492.jpg,0.0,0.2708123028278351,0
/media/D1/ait_users/staff122/deepfake_project/outputs_deepfake_project/dfdc_subset_77_jpg/test/real/real_000493.jpg,0.0,0.8032262325286865,1
/media/D1/ait_users/staff122/deepfake_project/outputs_deepfake_project/dfdc_subset_77_jpg/test/real/real_000494.jpg,0.0,0.7129377722740173,1
/media/D1/ait_users/staff122/deepfake_project/outputs_deepfake_project/dfdc_subset_77_jpg/test/real/real_000495.jpg,0.0,0.9140499234199524,1
/media/D1/ait_users/staff122/deepfake_project/outputs_deepfake_project/dfdc_subset_77_jpg/test/real/real_000496.jpg,0.0,0.6854808926582336,1
/media/D1/ait_users/staff122/deepfake_project/outputs_deepfake_project/dfdc_subset_77_jpg/test/real/real_000497.jpg,0.0,0.9235900044441223,1
/media/D1/ait_users/staff122/deepfake_project/outputs_deepfake_project/dfdc_subset_77_jpg/test/real/real_000498.jpg,0.0,0.5245708227157593,1
/media/D1/ait_users/staff122/deepfake_project/outputs_deepfake_project/dfdc_subset_77_jpg/test/real/real_000499.jpg,0.0,0.9744101166725159,1
/media/D1/ait_users/staff122/deepfake_project/outputs_deepfake_project/dfdc_subset_77_jpg/test/real/real_000500.jpg,0.0,0.9030236005783081,1
/media/D1/ait_users/staff122/deepfake_project/outputs_deepfake_project/dfdc_subset_77_jpg/test/real/real_000501.jpg,0.0,0.5349239110946655,1
/media/D1/ait_users/staff122/deepfake_project/outputs_deepfake_project/dfdc_subset_77_jpg/test/real/real_000502.jpg,0.0,0.5560291409492493,1
/media/D1/ait_users/staff122/deepfake_project/outputs_deepfake_project/dfdc_subset_77_jpg/test/real/real_000503.jpg,0.0,0.947605311870575,1
/media/D1/ait_users/staff122/deepfake_project/outputs_deepfake_project/dfdc_subset_77_jpg/test/real/real_000504.jpg,0.0,0.007271670736372471,0
/media/D1/ait_users/staff122/deepfake_project/outputs_deepfake_project/dfdc_subset_77_jpg/test/real/real_000505.jpg,0.0,0.6540535092353821,1
/media/D1/ait_users/staff122/deepfake_project/outputs_deepfake_project/dfdc_subset_77_jpg/test/real/real_000506.jpg,0.0,0.14725258946418762,0
/media/D1/ait_users/staff122/deepfake_project/outputs_deepfake_project/dfdc_subset_77_jpg/test/real/real_000507.jpg,0.0,0.4184587895870209,0
/media/D1/ait_users/staff122/deepfake_project/outputs_deepfake_project/dfdc_subset_77_jpg/test/real/real_000508.jpg,0.0,0.6871636509895325,1
/media/D1/ait_users/staff122/deepfake_project/outputs_deepfake_project/dfdc_subset_77_jpg/test/real/real_000509.jpg,0.0,0.5625007748603821,1
/media/D1/ait_users/staff122/deepfake_project/outputs_deepfake_project/dfdc_subset_77_jpg/test/real/real_000510.jpg,0.0,0.5512058734893799,1
/media/D1/ait_users/staff122/deepfake_project/outputs_deepfake_project/dfdc_subset_77_jpg/test/real/real_000511.jpg,0.0,0.019698524847626686,0
/media/D1/ait_users/staff122/deepfake_project/outputs_deepfake_project/dfdc_subset_77_jpg/test/real/real_000512.jpg,0.0,0.023287443444132805,0
/media/D1/ait_users/staff122/deepfake_project/outputs_deepfake_project/dfdc_subset_77_jpg/test/real/real_000513.jpg,0.0,0.025628332048654556,0
/media/D1/ait_users/staff122/deepfake_project/outputs_deepfake_project/dfdc_subset_77_jpg/test/real/real_000514.jpg,0.0,0.008373255841434002,0
/media/D1/ait_users/staff122/deepfake_project/outputs_deepfake_project/dfdc_subset_77_jpg/test/real/real_000515.jpg,0.0,0.004195199813693762,0
/media/D1/ait_users/staff122/deepfake_project/outputs_deepfake_project/dfdc_subset_77_jpg/test/real/real_000516.jpg,0.0,0.0012512702960520983,0
/media/D1/ait_users/staff122/deepfake_project/outputs_deepfake_project/dfdc_subset_77_jpg/test/real/real_000517.jpg,0.0,0.005081128794699907,0
/media/D1/ait_users/staff122/deepfake_project/outputs_deepfake_project/dfdc_subset_77_jpg/test/real/real_000518.jpg,0.0,0.001256053801625967,0
/media/D1/ait_users/staff122/deepfake_project/outputs_deepfake_project/dfdc_subset_77_jpg/test/real/real_000519.jpg,0.0,0.39456334710121155,0
/media/D1/ait_users/staff122/deepfake_project/outputs_deepfake_project/dfdc_subset_77_jpg/test/real/real_000520.jpg,0.0,0.002828143537044525,0
/media/D1/ait_users/staff122/deepfake_project/outputs_deepfake_project/dfdc_subset_77_jpg/test/real/real_000521.jpg,0.0,5.153255915502086e-05,0
/media/D1/ait_users/staff122/deepfake_project/outputs_deepfake_project/dfdc_subset_77_jpg/test/real/real_000522.jpg,0.0,0.011348657310009003,0
/media/D1/ait_users/staff122/deepfake_project/outputs_deepfake_project/dfdc_subset_77_jpg/test/real/real_000523.jpg,0.0,0.0048925369046628475,0
/media/D1/ait_users/staff122/deepfake_project/outputs_deepfake_project/dfdc_subset_77_jpg/test/real/real_000524.jpg,0.0,0.29350998997688293,0
/media/D1/ait_users/staff122/deepfake_project/outputs_deepfake_project/dfdc_subset_77_jpg/test/real/real_000525.jpg,0.0,0.0013010845286771655,0
/media/D1/ait_users/staff122/deepfake_project/outputs_deepfake_project/dfdc_subset_77_jpg/test/real/real_000526.jpg,0.0,0.002607773756608367,0
/media/D1/ait_users/staff122/deepfake_project/outputs_deepfake_project/dfdc_subset_77_jpg/test/real/real_000527.jpg,0.0,0.0062669916078448296,0
/media/D1/ait_users/staff122/deepfake_project/outputs_deepfake_project/dfdc_subset_77_jpg/test/real/real_000528.jpg,0.0,0.002903437940403819,0
/media/D1/ait_users/staff122/deepfake_project/outputs_deepfake_project/dfdc_subset_77_jpg/test/real/real_000529.jpg,0.0,0.0006833359366282821,0
/media/D1/ait_users/staff122/deepfake_project/outputs_deepfake_project/dfdc_subset_77_jpg/test/real/real_000530.jpg,0.0,0.12993134558200836,0
/media/D1/ait_users/staff122/deepfake_project/outputs_deepfake_project/dfdc_subset_77_jpg/test/real/real_000531.jpg,0.0,0.1851368099451065,0
/media/D1/ait_users/staff122/deepfake_project/outputs_deepfake_project/dfdc_subset_77_jpg/test/real/real_000532.jpg,0.0,0.0016198771772906184,0
/media/D1/ait_users/staff122/deepfake_project/outputs_deepfake_project/dfdc_subset_77_jpg/test/real/real_000533.jpg,0.0,0.7822242975234985,1
/media/D1/ait_users/staff122/deepfake_project/outputs_deepfake_project/dfdc_subset_77_jpg/test/real/real_000534.jpg,0.0,0.38911622762680054,0
/media/D1/ait_users/staff122/deepfake_project/outputs_deepfake_project/dfdc_subset_77_jpg/test/real/real_000535.jpg,0.0,0.29051220417022705,0
/media/D1/ait_users/staff122/deepfake_project/outputs_deepfake_project/dfdc_subset_77_jpg/test/real/real_000536.jpg,0.0,0.014430690556764603,0
/media/D1/ait_users/staff122/deepfake_project/outputs_deepfake_project/dfdc_subset_77_jpg/test/real/real_000537.jpg,0.0,0.008492346853017807,0
/media/D1/ait_users/staff122/deepfake_project/outputs_deepfake_project/dfdc_subset_77_jpg/test/real/real_000538.jpg,0.0,0.00774856423959136,0
/media/D1/ait_users/staff122/deepfake_project/outputs_deepfake_project/dfdc_subset_77_jpg/test/real/real_000539.jpg,0.0,0.037078607827425,0
/media/D1/ait_users/staff122/deepfake_project/outputs_deepfake_project/dfdc_subset_77_jpg/test/real/real_000540.jpg,0.0,0.9635157585144043,1
/media/D1/ait_users/staff122/deepfake_project/outputs_deepfake_project/dfdc_subset_77_jpg/test/real/real_000541.jpg,0.0,0.003513369243592024,0
/media/D1/ait_users/staff122/deepfake_project/outputs_deepfake_project/dfdc_subset_77_jpg/test/real/real_000542.jpg,0.0,0.00014730010298080742,0
/media/D1/ait_users/staff122/deepfake_project/outputs_deepfake_project/dfdc_subset_77_jpg/test/real/real_000543.jpg,0.0,0.13132494688034058,0
/media/D1/ait_users/staff122/deepfake_project/outputs_deepfake_project/dfdc_subset_77_jpg/test/real/real_000544.jpg,0.0,0.0670180693268776,0
/media/D1/ait_users/staff122/deepfake_project/outputs_deepfake_project/dfdc_subset_77_jpg/test/real/real_000545.jpg,0.0,0.016849171370267868,0
/media/D1/ait_users/staff122/deepfake_project/outputs_deepfake_project/dfdc_subset_77_jpg/test/real/real_000546.jpg,0.0,0.00017671767272986472,0
/media/D1/ait_users/staff122/deepfake_project/outputs_deepfake_project/dfdc_subset_77_jpg/test/real/real_000547.jpg,0.0,0.0002952562063001096,0
/media/D1/ait_users/staff122/deepfake_project/outputs_deepfake_project/dfdc_subset_77_jpg/test/real/real_000548.jpg,0.0,0.003453408367931843,0
/media/D1/ait_users/staff122/deepfake_project/outputs_deepfake_project/dfdc_subset_77_jpg/test/real/real_000549.jpg,0.0,0.017981747165322304,0
/media/D1/ait_users/staff122/deepfake_project/outputs_deepfake_project/dfdc_subset_77_jpg/test/real/real_000550.jpg,0.0,0.022660644724965096,0
/media/D1/ait_users/staff122/deepfake_project/outputs_deepfake_project/dfdc_subset_77_jpg/test/real/real_000551.jpg,0.0,0.027495691552758217,0
/media/D1/ait_users/staff122/deepfake_project/outputs_deepfake_project/dfdc_subset_77_jpg/test/real/real_000552.jpg,0.0,0.004214819520711899,0
/media/D1/ait_users/staff122/deepfake_project/outputs_deepfake_project/dfdc_subset_77_jpg/test/real/real_000553.jpg,0.0,0.016403425484895706,0
/media/D1/ait_users/staff122/deepfake_project/outputs_deepfake_project/dfdc_subset_77_jpg/test/real/real_000554.jpg,0.0,0.047284360975027084,0
/media/D1/ait_users/staff122/deepfake_project/outputs_deepfake_project/dfdc_subset_77_jpg/test/real/real_000555.jpg,0.0,0.027072321623563766,0
/media/D1/ait_users/staff122/deepfake_project/outputs_deepfake_project/dfdc_subset_77_jpg/test/real/real_000556.jpg,0.0,0.18420404195785522,0
/media/D1/ait_users/staff122/deepfake_project/outputs_deepfake_project/dfdc_subset_77_jpg/test/real/real_000557.jpg,0.0,0.011947204358875751,0
/media/D1/ait_users/staff122/deepfake_project/outputs_deepfake_project/dfdc_subset_77_jpg/test/real/real_000558.jpg,0.0,0.025149010121822357,0
/media/D1/ait_users/staff122/deepfake_project/outputs_deepfake_project/dfdc_subset_77_jpg/test/real/real_000559.jpg,0.0,0.030684269964694977,0
/media/D1/ait_users/staff122/deepfake_project/outputs_deepfake_project/dfdc_subset_77_jpg/test/real/real_000560.jpg,0.0,0.04672468453645706,0
/media/D1/ait_users/staff122/deepfake_project/outputs_deepfake_project/dfdc_subset_77_jpg/test/real/real_000561.jpg,0.0,0.021940600126981735,0
/media/D1/ait_users/staff122/deepfake_project/outputs_deepfake_project/dfdc_subset_77_jpg/test/real/real_000562.jpg,0.0,0.0274888314306736,0
/media/D1/ait_users/staff122/deepfake_project/outputs_deepfake_project/dfdc_subset_77_jpg/test/real/real_000563.jpg,0.0,0.00910341925919056,0
/media/D1/ait_users/staff122/deepfake_project/outputs_deepfake_project/dfdc_subset_77_jpg/test/real/real_000564.jpg,0.0,0.003707927418872714,0
/media/D1/ait_users/staff122/deepfake_project/outputs_deepfake_project/dfdc_subset_77_jpg/test/real/real_000565.jpg,0.0,0.00518072722479701,0
/media/D1/ait_users/staff122/deepfake_project/outputs_deepfake_project/dfdc_subset_77_jpg/test/real/real_000566.jpg,0.0,0.04719887673854828,0
/media/D1/ait_users/staff122/deepfake_project/outputs_deepfake_project/dfdc_subset_77_jpg/test/real/real_000567.jpg,0.0,0.03452499955892563,0
/media/D1/ait_users/staff122/deepfake_project/outputs_deepfake_project/dfdc_subset_77_jpg/test/real/real_000568.jpg,0.0,0.0637897327542305,0
/media/D1/ait_users/staff122/deepfake_project/outputs_deepfake_project/dfdc_subset_77_jpg/test/real/real_000569.jpg,0.0,0.0809776708483696,0
/media/D1/ait_users/staff122/deepfake_project/outputs_deepfake_project/dfdc_subset_77_jpg/test/real/real_000570.jpg,0.0,0.005143481772392988,0
/media/D1/ait_users/staff122/deepfake_project/outputs_deepfake_project/dfdc_subset_77_jpg/test/real/real_000571.jpg,0.0,0.00934869796037674,0
/media/D1/ait_users/staff122/deepfake_project/outputs_deepfake_project/dfdc_subset_77_jpg/test/real/real_000572.jpg,0.0,0.009656494483351707,0
/media/D1/ait_users/staff122/deepfake_project/outputs_deepfake_project/dfdc_subset_77_jpg/test/real/real_000573.jpg,0.0,0.00819044653326273,0
/media/D1/ait_users/staff122/deepfake_project/outputs_deepfake_project/dfdc_subset_77_jpg/test/real/real_000574.jpg,0.0,0.017455827444791794,0
/media/D1/ait_users/staff122/deepfake_project/outputs_deepfake_project/dfdc_subset_77_jpg/test/real/real_000575.jpg,0.0,0.0012897802516818047,0
/media/D1/ait_users/staff122/deepfake_project/outputs_deepfake_project/dfdc_subset_77_jpg/test/real/real_000576.jpg,0.0,0.944847047328949,1
/media/D1/ait_users/staff122/deepfake_project/outputs_deepfake_project/dfdc_subset_77_jpg/test/real/real_000577.jpg,0.0,0.600466787815094,1
/media/D1/ait_users/staff122/deepfake_project/outputs_deepfake_project/dfdc_subset_77_jpg/test/real/real_000578.jpg,0.0,0.9824635982513428,1
/media/D1/ait_users/staff122/deepfake_project/outputs_deepfake_project/dfdc_subset_77_jpg/test/real/real_000579.jpg,0.0,0.9719704985618591,1
/media/D1/ait_users/staff122/deepfake_project/outputs_deepfake_project/dfdc_subset_77_jpg/test/real/real_000580.jpg,0.0,0.9975614547729492,1
/media/D1/ait_users/staff122/deepfake_project/outputs_deepfake_project/dfdc_subset_77_jpg/test/real/real_000581.jpg,0.0,0.9341267943382263,1
/media/D1/ait_users/staff122/deepfake_project/outputs_deepfake_project/dfdc_subset_77_jpg/test/real/real_000582.jpg,0.0,0.9535064101219177,1
/media/D1/ait_users/staff122/deepfake_project/outputs_deepfake_project/dfdc_subset_77_jpg/test/real/real_000583.jpg,0.0,0.13242469727993011,0
/media/D1/ait_users/staff122/deepfake_project/outputs_deepfake_project/dfdc_subset_77_jpg/test/real/real_000584.jpg,0.0,0.41940128803253174,0
/media/D1/ait_users/staff122/deepfake_project/outputs_deepfake_project/dfdc_subset_77_jpg/test/real/real_000585.jpg,0.0,0.7540146708488464,1
/media/D1/ait_users/staff122/deepfake_project/outputs_deepfake_project/dfdc_subset_77_jpg/test/real/real_000586.jpg,0.0,0.6481241583824158,1
/media/D1/ait_users/staff122/deepfake_project/outputs_deepfake_project/dfdc_subset_77_jpg/test/real/real_000587.jpg,0.0,0.14026014506816864,0
/media/D1/ait_users/staff122/deepfake_project/outputs_deepfake_project/dfdc_subset_77_jpg/test/real/real_000588.jpg,0.0,0.9897035956382751,1
/media/D1/ait_users/staff122/deepfake_project/outputs_deepfake_project/dfdc_subset_77_jpg/test/real/real_000589.jpg,0.0,0.7510858774185181,1
/media/D1/ait_users/staff122/deepfake_project/outputs_deepfake_project/dfdc_subset_77_jpg/test/real/real_000590.jpg,0.0,0.782515823841095,1
/media/D1/ait_users/staff122/deepfake_project/outputs_deepfake_project/dfdc_subset_77_jpg/test/real/real_000591.jpg,0.0,0.9973934888839722,1
/media/D1/ait_users/staff122/deepfake_project/outputs_deepfake_project/dfdc_subset_77_jpg/test/real/real_000592.jpg,0.0,0.977103590965271,1
/media/D1/ait_users/staff122/deepfake_project/outputs_deepfake_project/dfdc_subset_77_jpg/test/real/real_000593.jpg,0.0,1.0,1
/media/D1/ait_users/staff122/deepfake_project/outputs_deepfake_project/dfdc_subset_77_jpg/test/real/real_000594.jpg,0.0,0.9905232787132263,1
/media/D1/ait_users/staff122/deepfake_project/outputs_deepfake_project/dfdc_subset_77_jpg/test/real/real_000595.jpg,0.0,0.488459050655365,0
/media/D1/ait_users/staff122/deepfake_project/outputs_deepfake_project/dfdc_subset_77_jpg/test/real/real_000596.jpg,0.0,0.9999343156814575,1
/media/D1/ait_users/staff122/deepfake_project/outputs_deepfake_project/dfdc_subset_77_jpg/test/real/real_000597.jpg,0.0,0.9987618923187256,1
/media/D1/ait_users/staff122/deepfake_project/outputs_deepfake_project/dfdc_subset_77_jpg/test/real/real_000598.jpg,0.0,0.01727588102221489,0
/media/D1/ait_users/staff122/deepfake_project/outputs_deepfake_project/dfdc_subset_77_jpg/test/real/real_000599.jpg,0.0,0.9750813245773315,1
/media/D1/ait_users/staff122/deepfake_project/outputs_deepfake_project/dfdc_subset_77_jpg/test/real/real_000600.jpg,0.0,0.14772868156433105,0
/media/D1/ait_users/staff122/deepfake_project/outputs_deepfake_project/dfdc_subset_77_jpg/test/real/real_000601.jpg,0.0,0.9892571568489075,1
/media/D1/ait_users/staff122/deepfake_project/outputs_deepfake_project/dfdc_subset_77_jpg/test/real/real_000602.jpg,0.0,0.9215999245643616,1
/media/D1/ait_users/staff122/deepfake_project/outputs_deepfake_project/dfdc_subset_77_jpg/test/real/real_000603.jpg,0.0,0.993837296962738,1
/media/D1/ait_users/staff122/deepfake_project/outputs_deepfake_project/dfdc_subset_77_jpg/test/real/real_000604.jpg,0.0,0.989540159702301,1
/media/D1/ait_users/staff122/deepfake_project/outputs_deepfake_project/dfdc_subset_77_jpg/test/real/real_000605.jpg,0.0,0.9995718598365784,1
/media/D1/ait_users/staff122/deepfake_project/outputs_deepfake_project/dfdc_subset_77_jpg/test/real/real_000606.jpg,0.0,0.9817748069763184,1
/media/D1/ait_users/staff122/deepfake_project/outputs_deepfake_project/dfdc_subset_77_jpg/test/real/real_000607.jpg,0.0,0.7686643600463867,1
/media/D1/ait_users/staff122/deepfake_project/outputs_deepfake_project/dfdc_subset_77_jpg/test/real/real_000608.jpg,0.0,0.00038546763244085014,0
/media/D1/ait_users/staff122/deepfake_project/outputs_deepfake_project/dfdc_subset_77_jpg/test/real/real_000609.jpg,0.0,0.03741687163710594,0
/media/D1/ait_users/staff122/deepfake_project/outputs_deepfake_project/dfdc_subset_77_jpg/test/real/real_000610.jpg,0.0,0.0016604774864390492,0
/media/D1/ait_users/staff122/deepfake_project/outputs_deepfake_project/dfdc_subset_77_jpg/test/real/real_000611.jpg,0.0,0.002842480083927512,0
/media/D1/ait_users/staff122/deepfake_project/outputs_deepfake_project/dfdc_subset_77_jpg/test/real/real_000612.jpg,0.0,0.979087233543396,1
/media/D1/ait_users/staff122/deepfake_project/outputs_deepfake_project/dfdc_subset_77_jpg/test/real/real_000613.jpg,0.0,5.855903145857155e-05,0
/media/D1/ait_users/staff122/deepfake_project/outputs_deepfake_project/dfdc_subset_77_jpg/test/real/real_000614.jpg,0.0,0.1163569763302803,0
/media/D1/ait_users/staff122/deepfake_project/outputs_deepfake_project/dfdc_subset_77_jpg/test/real/real_000615.jpg,0.0,0.00575797725468874,0
/media/D1/ait_users/staff122/deepfake_project/outputs_deepfake_project/dfdc_subset_77_jpg/test/real/real_000616.jpg,0.0,0.001071775215677917,0
/media/D1/ait_users/staff122/deepfake_project/outputs_deepfake_project/dfdc_subset_77_jpg/test/real/real_000617.jpg,0.0,0.007218886166810989,0
/media/D1/ait_users/staff122/deepfake_project/outputs_deepfake_project/dfdc_subset_77_jpg/test/real/real_000618.jpg,0.0,0.0005767077091149986,0
/media/D1/ait_users/staff122/deepfake_project/outputs_deepfake_project/dfdc_subset_77_jpg/test/real/real_000619.jpg,0.0,0.08267132192850113,0
/media/D1/ait_users/staff122/deepfake_project/outputs_deepfake_project/dfdc_subset_77_jpg/test/real/real_000620.jpg,0.0,0.08275377005338669,0
/media/D1/ait_users/staff122/deepfake_project/outputs_deepfake_project/dfdc_subset_77_jpg/test/real/real_000621.jpg,0.0,0.006351437419652939,0
/media/D1/ait_users/staff122/deepfake_project/outputs_deepfake_project/dfdc_subset_77_jpg/test/real/real_000622.jpg,0.0,0.00026586526655592024,0
/media/D1/ait_users/staff122/deepfake_project/outputs_deepfake_project/dfdc_subset_77_jpg/test/real/real_000623.jpg,0.0,0.001710750162601471,0
/media/D1/ait_users/staff122/deepfake_project/outputs_deepfake_project/dfdc_subset_77_jpg/test/real/real_000624.jpg,0.0,0.03845954313874245,0
/media/D1/ait_users/staff122/deepfake_project/outputs_deepfake_project/dfdc_subset_77_jpg/test/real/real_000625.jpg,0.0,0.09546144306659698,0
/media/D1/ait_users/staff122/deepfake_project/outputs_deepfake_project/dfdc_subset_77_jpg/test/real/real_000626.jpg,0.0,0.03481186926364899,0
/media/D1/ait_users/staff122/deepfake_project/outputs_deepfake_project/dfdc_subset_77_jpg/test/real/real_000627.jpg,0.0,0.9663913249969482,1
/media/D1/ait_users/staff122/deepfake_project/outputs_deepfake_project/dfdc_subset_77_jpg/test/real/real_000628.jpg,0.0,0.010435843840241432,0
/media/D1/ait_users/staff122/deepfake_project/outputs_deepfake_project/dfdc_subset_77_jpg/test/real/real_000629.jpg,0.0,0.36494001746177673,0
/media/D1/ait_users/staff122/deepfake_project/outputs_deepfake_project/dfdc_subset_77_jpg/test/real/real_000630.jpg,0.0,0.0021948101930320263,0
/media/D1/ait_users/staff122/deepfake_project/outputs_deepfake_project/dfdc_subset_77_jpg/test/real/real_000631.jpg,0.0,0.0027842673007398844,0
/media/D1/ait_users/staff122/deepfake_project/outputs_deepfake_project/dfdc_subset_77_jpg/test/real/real_000632.jpg,0.0,0.024134965613484383,0
/media/D1/ait_users/staff122/deepfake_project/outputs_deepfake_project/dfdc_subset_77_jpg/test/real/real_000633.jpg,0.0,0.002458428032696247,0
/media/D1/ait_users/staff122/deepfake_project/outputs_deepfake_project/dfdc_subset_77_jpg/test/real/real_000634.jpg,0.0,0.0006134613649919629,0
/media/D1/ait_users/staff122/deepfake_project/outputs_deepfake_project/dfdc_subset_77_jpg/test/real/real_000635.jpg,0.0,0.1903173327445984,0
/media/D1/ait_users/staff122/deepfake_project/outputs_deepfake_project/dfdc_subset_77_jpg/test/real/real_000636.jpg,0.0,0.0034436238929629326,0
/media/D1/ait_users/staff122/deepfake_project/outputs_deepfake_project/dfdc_subset_77_jpg/test/real/real_000637.jpg,0.0,0.0010297681437805295,0
/media/D1/ait_users/staff122/deepfake_project/outputs_deepfake_project/dfdc_subset_77_jpg/test/real/real_000638.jpg,0.0,0.0015773921040818095,0
/media/D1/ait_users/staff122/deepfake_project/outputs_deepfake_project/dfdc_subset_77_jpg/test/real/real_000639.jpg,0.0,0.00027722708182409406,0
/media/D1/ait_users/staff122/deepfake_project/outputs_deepfake_project/dfdc_subset_77_jpg/test/real/real_000640.jpg,0.0,0.042262524366378784,0
/media/D1/ait_users/staff122/deepfake_project/outputs_deepfake_project/dfdc_subset_77_jpg/test/real/real_000641.jpg,0.0,0.40535807609558105,0
/media/D1/ait_users/staff122/deepfake_project/outputs_deepfake_project/dfdc_subset_77_jpg/test/real/real_000642.jpg,0.0,0.3832038342952728,0
/media/D1/ait_users/staff122/deepfake_project/outputs_deepfake_project/dfdc_subset_77_jpg/test/real/real_000643.jpg,0.0,0.009025578387081623,0
/media/D1/ait_users/staff122/deepfake_project/outputs_deepfake_project/dfdc_subset_77_jpg/test/real/real_000644.jpg,0.0,0.05392703786492348,0
/media/D1/ait_users/staff122/deepfake_project/outputs_deepfake_project/dfdc_subset_77_jpg/test/real/real_000645.jpg,0.0,0.025730904191732407,0
/media/D1/ait_users/staff122/deepfake_project/outputs_deepfake_project/dfdc_subset_77_jpg/test/real/real_000646.jpg,0.0,0.9416526556015015,1
/media/D1/ait_users/staff122/deepfake_project/outputs_deepfake_project/dfdc_subset_77_jpg/test/real/real_000647.jpg,0.0,0.04526534304022789,0
/media/D1/ait_users/staff122/deepfake_project/outputs_deepfake_project/dfdc_subset_77_jpg/test/real/real_000648.jpg,0.0,0.44976651668548584,0
/media/D1/ait_users/staff122/deepfake_project/outputs_deepfake_project/dfdc_subset_77_jpg/test/real/real_000649.jpg,0.0,0.013144489377737045,0
/media/D1/ait_users/staff122/deepfake_project/outputs_deepfake_project/dfdc_subset_77_jpg/test/real/real_000650.jpg,0.0,0.005219966638833284,0
/media/D1/ait_users/staff122/deepfake_project/outputs_deepfake_project/dfdc_subset_77_jpg/test/real/real_000651.jpg,0.0,0.05403180420398712,0
/media/D1/ait_users/staff122/deepfake_project/outputs_deepfake_project/dfdc_subset_77_jpg/test/real/real_000652.jpg,0.0,0.9295392036437988,1
/media/D1/ait_users/staff122/deepfake_project/outputs_deepfake_project/dfdc_subset_77_jpg/test/real/real_000653.jpg,0.0,0.645260751247406,1
/media/D1/ait_users/staff122/deepfake_project/outputs_deepfake_project/dfdc_subset_77_jpg/test/real/real_000654.jpg,0.0,0.9360513091087341,1
/media/D1/ait_users/staff122/deepfake_project/outputs_deepfake_project/dfdc_subset_77_jpg/test/real/real_000655.jpg,0.0,0.30758166313171387,0
/media/D1/ait_users/staff122/deepfake_project/outputs_deepfake_project/dfdc_subset_77_jpg/test/real/real_000656.jpg,0.0,0.9998157620429993,1
/media/D1/ait_users/staff122/deepfake_project/outputs_deepfake_project/dfdc_subset_77_jpg/test/real/real_000657.jpg,0.0,0.9337236881256104,1
/media/D1/ait_users/staff122/deepfake_project/outputs_deepfake_project/dfdc_subset_77_jpg/test/real/real_000658.jpg,0.0,0.9819498658180237,1
/media/D1/ait_users/staff122/deepfake_project/outputs_deepfake_project/dfdc_subset_77_jpg/test/real/real_000659.jpg,0.0,0.11051667481660843,0
/media/D1/ait_users/staff122/deepfake_project/outputs_deepfake_project/dfdc_subset_77_jpg/test/real/real_000660.jpg,0.0,0.0036349433939903975,0
/media/D1/ait_users/staff122/deepfake_project/outputs_deepfake_project/dfdc_subset_77_jpg/test/real/real_000661.jpg,0.0,0.36100828647613525,0
/media/D1/ait_users/staff122/deepfake_project/outputs_deepfake_project/dfdc_subset_77_jpg/test/real/real_000662.jpg,0.0,0.89145427942276,1
/media/D1/ait_users/staff122/deepfake_project/outputs_deepfake_project/dfdc_subset_77_jpg/test/real/real_000663.jpg,0.0,0.9392601251602173,1
/media/D1/ait_users/staff122/deepfake_project/outputs_deepfake_project/dfdc_subset_77_jpg/test/real/real_000664.jpg,0.0,0.7319579720497131,1
/media/D1/ait_users/staff122/deepfake_project/outputs_deepfake_project/dfdc_subset_77_jpg/test/real/real_000665.jpg,0.0,0.8594238758087158,1
/media/D1/ait_users/staff122/deepfake_project/outputs_deepfake_project/dfdc_subset_77_jpg/test/real/real_000666.jpg,0.0,0.2655808925628662,0
/media/D1/ait_users/staff122/deepfake_project/outputs_deepfake_project/dfdc_subset_77_jpg/test/real/real_000667.jpg,0.0,0.1684676557779312,0
/media/D1/ait_users/staff122/deepfake_project/outputs_deepfake_project/dfdc_subset_77_jpg/test/real/real_000668.jpg,0.0,0.09317419677972794,0
/media/D1/ait_users/staff122/deepfake_project/outputs_deepfake_project/dfdc_subset_77_jpg/test/real/real_000669.jpg,0.0,0.8670096397399902,1
/media/D1/ait_users/staff122/deepfake_project/outputs_deepfake_project/dfdc_subset_77_jpg/test/real/real_000670.jpg,0.0,0.023230263963341713,0
/media/D1/ait_users/staff122/deepfake_project/outputs_deepfake_project/dfdc_subset_77_jpg/test/real/real_000671.jpg,0.0,0.006067408714443445,0
/media/D1/ait_users/staff122/deepfake_project/outputs_deepfake_project/dfdc_subset_77_jpg/test/real/real_000672.jpg,0.0,0.9995427131652832,1
/media/D1/ait_users/staff122/deepfake_project/outputs_deepfake_project/dfdc_subset_77_jpg/test/real/real_000673.jpg,0.0,0.9929597973823547,1
/media/D1/ait_users/staff122/deepfake_project/outputs_deepfake_project/dfdc_subset_77_jpg/test/real/real_000674.jpg,0.0,0.9753645062446594,1
/media/D1/ait_users/staff122/deepfake_project/outputs_deepfake_project/dfdc_subset_77_jpg/test/real/real_000675.jpg,0.0,0.9999293088912964,1
/media/D1/ait_users/staff122/deepfake_project/outputs_deepfake_project/dfdc_subset_77_jpg/test/real/real_000676.jpg,0.0,0.14076723158359528,0
/media/D1/ait_users/staff122/deepfake_project/outputs_deepfake_project/dfdc_subset_77_jpg/test/real/real_000677.jpg,0.0,0.013704674318432808,0
/media/D1/ait_users/staff122/deepfake_project/outputs_deepfake_project/dfdc_subset_77_jpg/test/real/real_000678.jpg,0.0,0.41927194595336914,0
/media/D1/ait_users/staff122/deepfake_project/outputs_deepfake_project/dfdc_subset_77_jpg/test/real/real_000679.jpg,0.0,0.9993698000907898,1
/media/D1/ait_users/staff122/deepfake_project/outputs_deepfake_project/dfdc_subset_77_jpg/test/real/real_000680.jpg,0.0,0.9999147653579712,1
/media/D1/ait_users/staff122/deepfake_project/outputs_deepfake_project/dfdc_subset_77_jpg/test/real/real_000681.jpg,0.0,0.9990123510360718,1
/media/D1/ait_users/staff122/deepfake_project/outputs_deepfake_project/dfdc_subset_77_jpg/test/real/real_000682.jpg,0.0,0.999783456325531,1
/media/D1/ait_users/staff122/deepfake_project/outputs_deepfake_project/dfdc_subset_77_jpg/test/real/real_000683.jpg,0.0,0.9999996423721313,1
/media/D1/ait_users/staff122/deepfake_project/outputs_deepfake_project/dfdc_subset_77_jpg/test/real/real_000684.jpg,0.0,0.988734781742096,1
/media/D1/ait_users/staff122/deepfake_project/outputs_deepfake_project/dfdc_subset_77_jpg/test/real/real_000685.jpg,0.0,0.9982505440711975,1
/media/D1/ait_users/staff122/deepfake_project/outputs_deepfake_project/dfdc_subset_77_jpg/test/real/real_000686.jpg,0.0,0.9988266825675964,1
/media/D1/ait_users/staff122/deepfake_project/outputs_deepfake_project/dfdc_subset_77_jpg/test/real/real_000687.jpg,0.0,0.9999994039535522,1
/media/D1/ait_users/staff122/deepfake_project/outputs_deepfake_project/dfdc_subset_77_jpg/test/real/real_000688.jpg,0.0,0.9974085688591003,1
/media/D1/ait_users/staff122/deepfake_project/outputs_deepfake_project/dfdc_subset_77_jpg/test/real/real_000689.jpg,0.0,0.999854326248169,1
/media/D1/ait_users/staff122/deepfake_project/outputs_deepfake_project/dfdc_subset_77_jpg/test/real/real_000690.jpg,0.0,0.7148258686065674,1
/media/D1/ait_users/staff122/deepfake_project/outputs_deepfake_project/dfdc_subset_77_jpg/test/real/real_000691.jpg,0.0,0.8998532891273499,1
/media/D1/ait_users/staff122/deepfake_project/outputs_deepfake_project/dfdc_subset_77_jpg/test/real/real_000692.jpg,0.0,0.9992563128471375,1
/media/D1/ait_users/staff122/deepfake_project/outputs_deepfake_project/dfdc_subset_77_jpg/test/real/real_000693.jpg,0.0,0.9999992847442627,1
/media/D1/ait_users/staff122/deepfake_project/outputs_deepfake_project/dfdc_subset_77_jpg/test/real/real_000694.jpg,0.0,0.9999979734420776,1
/media/D1/ait_users/staff122/deepfake_project/outputs_deepfake_project/dfdc_subset_77_jpg/test/real/real_000695.jpg,0.0,0.9223260283470154,1
/media/D1/ait_users/staff122/deepfake_project/outputs_deepfake_project/dfdc_subset_77_jpg/test/real/real_000696.jpg,0.0,0.9996670484542847,1
/media/D1/ait_users/staff122/deepfake_project/outputs_deepfake_project/dfdc_subset_77_jpg/test/real/real_000697.jpg,0.0,0.9999957084655762,1
/media/D1/ait_users/staff122/deepfake_project/outputs_deepfake_project/dfdc_subset_77_jpg/test/real/real_000698.jpg,0.0,0.9999897480010986,1
/media/D1/ait_users/staff122/deepfake_project/outputs_deepfake_project/dfdc_subset_77_jpg/test/real/real_000699.jpg,0.0,0.9999974966049194,1
/media/D1/ait_users/staff122/deepfake_project/outputs_deepfake_project/dfdc_subset_77_jpg/test/real/real_000700.jpg,0.0,0.9995046854019165,1
/media/D1/ait_users/staff122/deepfake_project/outputs_deepfake_project/dfdc_subset_77_jpg/test/real/real_000701.jpg,0.0,0.9995341300964355,1
/media/D1/ait_users/staff122/deepfake_project/outputs_deepfake_project/dfdc_subset_77_jpg/test/real/real_000702.jpg,0.0,0.9996588230133057,1
/media/D1/ait_users/staff122/deepfake_project/outputs_deepfake_project/dfdc_subset_77_jpg/test/real/real_000703.jpg,0.0,0.0009408000041730702,0
/media/D1/ait_users/staff122/deepfake_project/outputs_deepfake_project/dfdc_subset_77_jpg/test/real/real_000704.jpg,0.0,0.9999998807907104,1
/media/D1/ait_users/staff122/deepfake_project/outputs_deepfake_project/dfdc_subset_77_jpg/test/real/real_000705.jpg,0.0,0.4052567481994629,0
/media/D1/ait_users/staff122/deepfake_project/outputs_deepfake_project/dfdc_subset_77_jpg/test/real/real_000706.jpg,0.0,0.875758707523346,1
/media/D1/ait_users/staff122/deepfake_project/outputs_deepfake_project/dfdc_subset_77_jpg/test/real/real_000707.jpg,0.0,0.1867264211177826,0
/media/D1/ait_users/staff122/deepfake_project/outputs_deepfake_project/dfdc_subset_77_jpg/test/real/real_000708.jpg,0.0,0.42750319838523865,0
/media/D1/ait_users/staff122/deepfake_project/outputs_deepfake_project/dfdc_subset_77_jpg/test/real/real_000709.jpg,0.0,0.4454689621925354,0
/media/D1/ait_users/staff122/deepfake_project/outputs_deepfake_project/dfdc_subset_77_jpg/test/real/real_000710.jpg,0.0,0.9902452230453491,1
/media/D1/ait_users/staff122/deepfake_project/outputs_deepfake_project/dfdc_subset_77_jpg/test/real/real_000711.jpg,0.0,0.2653925120830536,0
/media/D1/ait_users/staff122/deepfake_project/outputs_deepfake_project/dfdc_subset_77_jpg/test/real/real_000712.jpg,0.0,0.7636204361915588,1
/media/D1/ait_users/staff122/deepfake_project/outputs_deepfake_project/dfdc_subset_77_jpg/test/real/real_000713.jpg,0.0,0.3667699992656708,0
/media/D1/ait_users/staff122/deepfake_project/outputs_deepfake_project/dfdc_subset_77_jpg/test/real/real_000714.jpg,0.0,0.6832395792007446,1
/media/D1/ait_users/staff122/deepfake_project/outputs_deepfake_project/dfdc_subset_77_jpg/test/real/real_000715.jpg,0.0,0.9088532328605652,1
/media/D1/ait_users/staff122/deepfake_project/outputs_deepfake_project/dfdc_subset_77_jpg/test/real/real_000716.jpg,0.0,0.8255919814109802,1
/media/D1/ait_users/staff122/deepfake_project/outputs_deepfake_project/dfdc_subset_77_jpg/test/real/real_000717.jpg,0.0,0.9956056475639343,1
/media/D1/ait_users/staff122/deepfake_project/outputs_deepfake_project/dfdc_subset_77_jpg/test/real/real_000718.jpg,0.0,0.9567802548408508,1
/media/D1/ait_users/staff122/deepfake_project/outputs_deepfake_project/dfdc_subset_77_jpg/test/real/real_000719.jpg,0.0,0.35850486159324646,0
/media/D1/ait_users/staff122/deepfake_project/outputs_deepfake_project/dfdc_subset_77_jpg/test/real/real_000720.jpg,0.0,0.025672221556305885,0
/media/D1/ait_users/staff122/deepfake_project/outputs_deepfake_project/dfdc_subset_77_jpg/test/real/real_000721.jpg,0.0,0.4409225583076477,0
/media/D1/ait_users/staff122/deepfake_project/outputs_deepfake_project/dfdc_subset_77_jpg/test/real/real_000722.jpg,0.0,0.9999997615814209,1
/media/D1/ait_users/staff122/deepfake_project/outputs_deepfake_project/dfdc_subset_77_jpg/test/real/real_000723.jpg,0.0,0.19167637825012207,0
/media/D1/ait_users/staff122/deepfake_project/outputs_deepfake_project/dfdc_subset_77_jpg/test/real/real_000724.jpg,0.0,0.9999649524688721,1
/media/D1/ait_users/staff122/deepfake_project/outputs_deepfake_project/dfdc_subset_77_jpg/test/real/real_000725.jpg,0.0,0.351020872592926,0
/media/D1/ait_users/staff122/deepfake_project/outputs_deepfake_project/dfdc_subset_77_jpg/test/real/real_000726.jpg,0.0,0.32309606671333313,0
/media/D1/ait_users/staff122/deepfake_project/outputs_deepfake_project/dfdc_subset_77_jpg/test/real/real_000727.jpg,0.0,0.20158517360687256,0
/media/D1/ait_users/staff122/deepfake_project/outputs_deepfake_project/dfdc_subset_77_jpg/test/real/real_000728.jpg,0.0,0.64586341381073,1
/media/D1/ait_users/staff122/deepfake_project/outputs_deepfake_project/dfdc_subset_77_jpg/test/real/real_000729.jpg,0.0,0.4060407280921936,0
/media/D1/ait_users/staff122/deepfake_project/outputs_deepfake_project/dfdc_subset_77_jpg/test/real/real_000730.jpg,0.0,0.03670602664351463,0
/media/D1/ait_users/staff122/deepfake_project/outputs_deepfake_project/dfdc_subset_77_jpg/test/real/real_000731.jpg,0.0,0.9967345595359802,1
/media/D1/ait_users/staff122/deepfake_project/outputs_deepfake_project/dfdc_subset_77_jpg/test/real/real_000732.jpg,0.0,0.006592166144400835,0
/media/D1/ait_users/staff122/deepfake_project/outputs_deepfake_project/dfdc_subset_77_jpg/test/real/real_000733.jpg,0.0,0.8965681195259094,1
/media/D1/ait_users/staff122/deepfake_project/outputs_deepfake_project/dfdc_subset_77_jpg/test/real/real_000734.jpg,0.0,0.41899731755256653,0
/media/D1/ait_users/staff122/deepfake_project/outputs_deepfake_project/dfdc_subset_77_jpg/test/real/real_000735.jpg,0.0,0.44819778203964233,0
/media/D1/ait_users/staff122/deepfake_project/outputs_deepfake_project/dfdc_subset_77_jpg/test/real/real_000736.jpg,0.0,0.3308839499950409,0
/media/D1/ait_users/staff122/deepfake_project/outputs_deepfake_project/dfdc_subset_77_jpg/test/real/real_000737.jpg,0.0,0.018901502713561058,0
/media/D1/ait_users/staff122/deepfake_project/outputs_deepfake_project/dfdc_subset_77_jpg/test/real/real_000738.jpg,0.0,0.0063750953413546085,0
/media/D1/ait_users/staff122/deepfake_project/outputs_deepfake_project/dfdc_subset_77_jpg/test/real/real_000739.jpg,0.0,0.00013505005335900933,0
/media/D1/ait_users/staff122/deepfake_project/outputs_deepfake_project/dfdc_subset_77_jpg/test/real/real_000740.jpg,0.0,0.021531324833631516,0
/media/D1/ait_users/staff122/deepfake_project/outputs_deepfake_project/dfdc_subset_77_jpg/test/real/real_000741.jpg,0.0,0.0010689771734178066,0
/media/D1/ait_users/staff122/deepfake_project/outputs_deepfake_project/dfdc_subset_77_jpg/test/real/real_000742.jpg,0.0,8.43825182528235e-05,0
/media/D1/ait_users/staff122/deepfake_project/outputs_deepfake_project/dfdc_subset_77_jpg/test/real/real_000743.jpg,0.0,1.0479643606231548e-05,0
/media/D1/ait_users/staff122/deepfake_project/outputs_deepfake_project/dfdc_subset_77_jpg/test/real/real_000744.jpg,0.0,0.00022737807012163103,0
/media/D1/ait_users/staff122/deepfake_project/outputs_deepfake_project/dfdc_subset_77_jpg/test/real/real_000745.jpg,0.0,0.007302653510123491,0
/media/D1/ait_users/staff122/deepfake_project/outputs_deepfake_project/dfdc_subset_77_jpg/test/real/real_000746.jpg,0.0,0.0006278968648985028,0
/media/D1/ait_users/staff122/deepfake_project/outputs_deepfake_project/dfdc_subset_77_jpg/test/real/real_000747.jpg,0.0,0.00042420285171829164,0
/media/D1/ait_users/staff122/deepfake_project/outputs_deepfake_project/dfdc_subset_77_jpg/test/real/real_000748.jpg,0.0,6.51502632535994e-05,0
/media/D1/ait_users/staff122/deepfake_project/outputs_deepfake_project/dfdc_subset_77_jpg/test/real/real_000749.jpg,0.0,0.004192139487713575,0
/media/D1/ait_users/staff122/deepfake_project/outputs_deepfake_project/dfdc_subset_77_jpg/test/real/real_000750.jpg,0.0,0.0009945167694240808,0
/media/D1/ait_users/staff122/deepfake_project/outputs_deepfake_project/dfdc_subset_77_jpg/test/real/real_000751.jpg,0.0,0.20138144493103027,0
/media/D1/ait_users/staff122/deepfake_project/outputs_deepfake_project/dfdc_subset_77_jpg/test/real/real_000752.jpg,0.0,0.009409490041434765,0
/media/D1/ait_users/staff122/deepfake_project/outputs_deepfake_project/dfdc_subset_77_jpg/test/real/real_000753.jpg,0.0,0.0008068863535299897,0
/media/D1/ait_users/staff122/deepfake_project/outputs_deepfake_project/dfdc_subset_77_jpg/test/real/real_000754.jpg,0.0,0.0003402043366804719,0
/media/D1/ait_users/staff122/deepfake_project/outputs_deepfake_project/dfdc_subset_77_jpg/test/real/real_000755.jpg,0.0,0.0001167806112789549,0
/media/D1/ait_users/staff122/deepfake_project/outputs_deepfake_project/dfdc_subset_77_jpg/test/real/real_000756.jpg,0.0,3.744262130567222e-06,0
/media/D1/ait_users/staff122/deepfake_project/outputs_deepfake_project/dfdc_subset_77_jpg/test/real/real_000757.jpg,0.0,0.00011983521835645661,0
/media/D1/ait_users/staff122/deepfake_project/outputs_deepfake_project/dfdc_subset_77_jpg/test/real/real_000758.jpg,0.0,0.0004764931509271264,0
/media/D1/ait_users/staff122/deepfake_project/outputs_deepfake_project/dfdc_subset_77_jpg/test/real/real_000759.jpg,0.0,0.0004423263599164784,0
/media/D1/ait_users/staff122/deepfake_project/outputs_deepfake_project/dfdc_subset_77_jpg/test/real/real_000760.jpg,0.0,5.092006745144317e-07,0
/media/D1/ait_users/staff122/deepfake_project/outputs_deepfake_project/dfdc_subset_77_jpg/test/real/real_000761.jpg,0.0,0.0001757356949383393,0
/media/D1/ait_users/staff122/deepfake_project/outputs_deepfake_project/dfdc_subset_77_jpg/test/real/real_000762.jpg,0.0,0.0007710566278547049,0
/media/D1/ait_users/staff122/deepfake_project/outputs_deepfake_project/dfdc_subset_77_jpg/test/real/real_000763.jpg,0.0,1.6715877109163557e-06,0
/media/D1/ait_users/staff122/deepfake_project/outputs_deepfake_project/dfdc_subset_77_jpg/test/real/real_000764.jpg,0.0,2.1648929759976454e-05,0
/media/D1/ait_users/staff122/deepfake_project/outputs_deepfake_project/dfdc_subset_77_jpg/test/real/real_000765.jpg,0.0,0.00023986792075447738,0
/media/D1/ait_users/staff122/deepfake_project/outputs_deepfake_project/dfdc_subset_77_jpg/test/real/real_000766.jpg,0.0,2.437311559333466e-05,0
/media/D1/ait_users/staff122/deepfake_project/outputs_deepfake_project/dfdc_subset_77_jpg/test/real/real_000767.jpg,0.0,1.020915988192428e-06,0
/media/D1/ait_users/staff122/deepfake_project/outputs_deepfake_project/dfdc_subset_77_jpg/test/real/real_000768.jpg,0.0,0.0015611582202836871,0
/media/D1/ait_users/staff122/deepfake_project/outputs_deepfake_project/dfdc_subset_77_jpg/test/real/real_000769.jpg,0.0,0.9895109534263611,1
/media/D1/ait_users/staff122/deepfake_project/outputs_deepfake_project/dfdc_subset_77_jpg/test/real/real_000770.jpg,0.0,0.4039478898048401,0
/media/D1/ait_users/staff122/deepfake_project/outputs_deepfake_project/dfdc_subset_77_jpg/test/real/real_000771.jpg,0.0,0.9117046594619751,1
/media/D1/ait_users/staff122/deepfake_project/outputs_deepfake_project/dfdc_subset_77_jpg/test/real/real_000772.jpg,0.0,0.8850159645080566,1
/media/D1/ait_users/staff122/deepfake_project/outputs_deepfake_project/dfdc_subset_77_jpg/test/real/real_000773.jpg,0.0,0.9093809127807617,1
/media/D1/ait_users/staff122/deepfake_project/outputs_deepfake_project/dfdc_subset_77_jpg/test/real/real_000774.jpg,0.0,0.38966286182403564,0
/media/D1/ait_users/staff122/deepfake_project/outputs_deepfake_project/dfdc_subset_77_jpg/test/real/real_000775.jpg,0.0,0.5322453379631042,1
/media/D1/ait_users/staff122/deepfake_project/outputs_deepfake_project/dfdc_subset_77_jpg/test/real/real_000776.jpg,0.0,0.4489608108997345,0
/media/D1/ait_users/staff122/deepfake_project/outputs_deepfake_project/dfdc_subset_77_jpg/test/real/real_000777.jpg,0.0,0.8288647532463074,1
/media/D1/ait_users/staff122/deepfake_project/outputs_deepfake_project/dfdc_subset_77_jpg/test/real/real_000778.jpg,0.0,0.5739568471908569,1
/media/D1/ait_users/staff122/deepfake_project/outputs_deepfake_project/dfdc_subset_77_jpg/test/real/real_000779.jpg,0.0,0.8436341881752014,1
/media/D1/ait_users/staff122/deepfake_project/outputs_deepfake_project/dfdc_subset_77_jpg/test/real/real_000780.jpg,0.0,0.9314467906951904,1
/media/D1/ait_users/staff122/deepfake_project/outputs_deepfake_project/dfdc_subset_77_jpg/test/real/real_000781.jpg,0.0,0.9987016916275024,1
/media/D1/ait_users/staff122/deepfake_project/outputs_deepfake_project/dfdc_subset_77_jpg/test/real/real_000782.jpg,0.0,0.11600494384765625,0
/media/D1/ait_users/staff122/deepfake_project/outputs_deepfake_project/dfdc_subset_77_jpg/test/real/real_000783.jpg,0.0,0.6890900731086731,1
/media/D1/ait_users/staff122/deepfake_project/outputs_deepfake_project/dfdc_subset_77_jpg/test/real/real_000784.jpg,0.0,0.6293044090270996,1
/media/D1/ait_users/staff122/deepfake_project/outputs_deepfake_project/dfdc_subset_77_jpg/test/real/real_000785.jpg,0.0,0.08016052842140198,0
/media/D1/ait_users/staff122/deepfake_project/outputs_deepfake_project/dfdc_subset_77_jpg/test/real/real_000786.jpg,0.0,0.9360762238502502,1
/media/D1/ait_users/staff122/deepfake_project/outputs_deepfake_project/dfdc_subset_77_jpg/test/real/real_000787.jpg,0.0,0.8181799650192261,1
/media/D1/ait_users/staff122/deepfake_project/outputs_deepfake_project/dfdc_subset_77_jpg/test/real/real_000788.jpg,0.0,0.1618027687072754,0
/media/D1/ait_users/staff122/deepfake_project/outputs_deepfake_project/dfdc_subset_77_jpg/test/real/real_000789.jpg,0.0,0.054771360009908676,0
/media/D1/ait_users/staff122/deepfake_project/outputs_deepfake_project/dfdc_subset_77_jpg/test/real/real_000790.jpg,0.0,0.45809489488601685,0
/media/D1/ait_users/staff122/deepfake_project/outputs_deepfake_project/dfdc_subset_77_jpg/test/real/real_000791.jpg,0.0,0.6739047765731812,1
/media/D1/ait_users/staff122/deepfake_project/outputs_deepfake_project/dfdc_subset_77_jpg/test/real/real_000792.jpg,0.0,0.8439245223999023,1
/media/D1/ait_users/staff122/deepfake_project/outputs_deepfake_project/dfdc_subset_77_jpg/test/real/real_000793.jpg,0.0,0.6648077368736267,1
/media/D1/ait_users/staff122/deepfake_project/outputs_deepfake_project/dfdc_subset_77_jpg/test/real/real_000794.jpg,0.0,0.28894463181495667,0
/media/D1/ait_users/staff122/deepfake_project/outputs_deepfake_project/dfdc_subset_77_jpg/test/real/real_000795.jpg,0.0,0.16733217239379883,0
/media/D1/ait_users/staff122/deepfake_project/outputs_deepfake_project/dfdc_subset_77_jpg/test/real/real_000796.jpg,0.0,0.8791623115539551,1
/media/D1/ait_users/staff122/deepfake_project/outputs_deepfake_project/dfdc_subset_77_jpg/test/real/real_000797.jpg,0.0,0.6151629090309143,1
/media/D1/ait_users/staff122/deepfake_project/outputs_deepfake_project/dfdc_subset_77_jpg/test/real/real_000798.jpg,0.0,0.5482867360115051,1
/media/D1/ait_users/staff122/deepfake_project/outputs_deepfake_project/dfdc_subset_77_jpg/test/real/real_000799.jpg,0.0,0.9265325665473938,1
/media/D1/ait_users/staff122/deepfake_project/outputs_deepfake_project/dfdc_subset_77_jpg/test/real/real_000800.jpg,0.0,0.9882456064224243,1
/media/D1/ait_users/staff122/deepfake_project/outputs_deepfake_project/dfdc_subset_77_jpg/test/real/real_000801.jpg,0.0,0.24886038899421692,0
/media/D1/ait_users/staff122/deepfake_project/outputs_deepfake_project/dfdc_subset_77_jpg/test/real/real_000802.jpg,0.0,0.9851669669151306,1
/media/D1/ait_users/staff122/deepfake_project/outputs_deepfake_project/dfdc_subset_77_jpg/test/real/real_000803.jpg,0.0,0.9386025071144104,1
/media/D1/ait_users/staff122/deepfake_project/outputs_deepfake_project/dfdc_subset_77_jpg/test/real/real_000804.jpg,0.0,0.9856400489807129,1
/media/D1/ait_users/staff122/deepfake_project/outputs_deepfake_project/dfdc_subset_77_jpg/test/real/real_000805.jpg,0.0,0.9901684522628784,1
/media/D1/ait_users/staff122/deepfake_project/outputs_deepfake_project/dfdc_subset_77_jpg/test/real/real_000806.jpg,0.0,0.9871525168418884,1
/media/D1/ait_users/staff122/deepfake_project/outputs_deepfake_project/dfdc_subset_77_jpg/test/real/real_000807.jpg,0.0,0.9829193353652954,1
/media/D1/ait_users/staff122/deepfake_project/outputs_deepfake_project/dfdc_subset_77_jpg/test/real/real_000808.jpg,0.0,0.9958979487419128,1
/media/D1/ait_users/staff122/deepfake_project/outputs_deepfake_project/dfdc_subset_77_jpg/test/real/real_000809.jpg,0.0,0.9996836185455322,1
/media/D1/ait_users/staff122/deepfake_project/outputs_deepfake_project/dfdc_subset_77_jpg/test/real/real_000810.jpg,0.0,0.9546193480491638,1
/media/D1/ait_users/staff122/deepfake_project/outputs_deepfake_project/dfdc_subset_77_jpg/test/real/real_000811.jpg,0.0,0.9995777010917664,1
/media/D1/ait_users/staff122/deepfake_project/outputs_deepfake_project/dfdc_subset_77_jpg/test/real/real_000812.jpg,0.0,0.9978386759757996,1
/media/D1/ait_users/staff122/deepfake_project/outputs_deepfake_project/dfdc_subset_77_jpg/test/real/real_000813.jpg,0.0,0.9924775958061218,1
/media/D1/ait_users/staff122/deepfake_project/outputs_deepfake_project/dfdc_subset_77_jpg/test/real/real_000814.jpg,0.0,0.987911581993103,1
/media/D1/ait_users/staff122/deepfake_project/outputs_deepfake_project/dfdc_subset_77_jpg/test/real/real_000815.jpg,0.0,0.9957180619239807,1
/media/D1/ait_users/staff122/deepfake_project/outputs_deepfake_project/dfdc_subset_77_jpg/test/real/real_000816.jpg,0.0,0.9914206266403198,1
/media/D1/ait_users/staff122/deepfake_project/outputs_deepfake_project/dfdc_subset_77_jpg/test/real/real_000817.jpg,0.0,0.9959016442298889,1
/media/D1/ait_users/staff122/deepfake_project/outputs_deepfake_project/dfdc_subset_77_jpg/test/real/real_000818.jpg,0.0,0.9983721375465393,1
/media/D1/ait_users/staff122/deepfake_project/outputs_deepfake_project/dfdc_subset_77_jpg/test/real/real_000819.jpg,0.0,0.9931160807609558,1
/media/D1/ait_users/staff122/deepfake_project/outputs_deepfake_project/dfdc_subset_77_jpg/test/real/real_000820.jpg,0.0,0.9901400208473206,1
/media/D1/ait_users/staff122/deepfake_project/outputs_deepfake_project/dfdc_subset_77_jpg/test/real/real_000821.jpg,0.0,0.983909547328949,1
/media/D1/ait_users/staff122/deepfake_project/outputs_deepfake_project/dfdc_subset_77_jpg/test/real/real_000822.jpg,0.0,0.9545146822929382,1
/media/D1/ait_users/staff122/deepfake_project/outputs_deepfake_project/dfdc_subset_77_jpg/test/real/real_000823.jpg,0.0,0.9938068985939026,1
/media/D1/ait_users/staff122/deepfake_project/outputs_deepfake_project/dfdc_subset_77_jpg/test/real/real_000824.jpg,0.0,0.9699500203132629,1
/media/D1/ait_users/staff122/deepfake_project/outputs_deepfake_project/dfdc_subset_77_jpg/test/real/real_000825.jpg,0.0,0.46546611189842224,0
/media/D1/ait_users/staff122/deepfake_project/outputs_deepfake_project/dfdc_subset_77_jpg/test/real/real_000826.jpg,0.0,0.9918105602264404,1
/media/D1/ait_users/staff122/deepfake_project/outputs_deepfake_project/dfdc_subset_77_jpg/test/real/real_000827.jpg,0.0,0.9477710723876953,1
/media/D1/ait_users/staff122/deepfake_project/outputs_deepfake_project/dfdc_subset_77_jpg/test/real/real_000828.jpg,0.0,0.883094310760498,1
/media/D1/ait_users/staff122/deepfake_project/outputs_deepfake_project/dfdc_subset_77_jpg/test/real/real_000829.jpg,0.0,0.8649203181266785,1
/media/D1/ait_users/staff122/deepfake_project/outputs_deepfake_project/dfdc_subset_77_jpg/test/real/real_000830.jpg,0.0,0.7753570675849915,1
/media/D1/ait_users/staff122/deepfake_project/outputs_deepfake_project/dfdc_subset_77_jpg/test/real/real_000831.jpg,0.0,0.7355715036392212,1
/media/D1/ait_users/staff122/deepfake_project/outputs_deepfake_project/dfdc_subset_77_jpg/test/real/real_000832.jpg,0.0,0.9999812841415405,1
/media/D1/ait_users/staff122/deepfake_project/outputs_deepfake_project/dfdc_subset_77_jpg/test/real/real_000833.jpg,0.0,0.9999985694885254,1
/media/D1/ait_users/staff122/deepfake_project/outputs_deepfake_project/dfdc_subset_77_jpg/test/real/real_000834.jpg,0.0,0.9999992847442627,1
/media/D1/ait_users/staff122/deepfake_project/outputs_deepfake_project/dfdc_subset_77_jpg/test/real/real_000835.jpg,0.0,0.9948596954345703,1
/media/D1/ait_users/staff122/deepfake_project/outputs_deepfake_project/dfdc_subset_77_jpg/test/real/real_000836.jpg,0.0,0.9862720966339111,1
/media/D1/ait_users/staff122/deepfake_project/outputs_deepfake_project/dfdc_subset_77_jpg/test/real/real_000837.jpg,0.0,0.05814149230718613,0
/media/D1/ait_users/staff122/deepfake_project/outputs_deepfake_project/dfdc_subset_77_jpg/test/real/real_000838.jpg,0.0,0.9912351369857788,1
/media/D1/ait_users/staff122/deepfake_project/outputs_deepfake_project/dfdc_subset_77_jpg/test/real/real_000839.jpg,0.0,1.0,1
/media/D1/ait_users/staff122/deepfake_project/outputs_deepfake_project/dfdc_subset_77_jpg/test/real/real_000840.jpg,0.0,0.9999940395355225,1
/media/D1/ait_users/staff122/deepfake_project/outputs_deepfake_project/dfdc_subset_77_jpg/test/real/real_000841.jpg,0.0,0.9999929666519165,1
/media/D1/ait_users/staff122/deepfake_project/outputs_deepfake_project/dfdc_subset_77_jpg/test/real/real_000842.jpg,0.0,0.012786263599991798,0
/media/D1/ait_users/staff122/deepfake_project/outputs_deepfake_project/dfdc_subset_77_jpg/test/real/real_000843.jpg,0.0,0.0003642482333816588,0
/media/D1/ait_users/staff122/deepfake_project/outputs_deepfake_project/dfdc_subset_77_jpg/test/real/real_000844.jpg,0.0,0.000198497946257703,0
/media/D1/ait_users/staff122/deepfake_project/outputs_deepfake_project/dfdc_subset_77_jpg/test/real/real_000845.jpg,0.0,0.003984375391155481,0
/media/D1/ait_users/staff122/deepfake_project/outputs_deepfake_project/dfdc_subset_77_jpg/test/real/real_000846.jpg,0.0,0.7481189966201782,1
/media/D1/ait_users/staff122/deepfake_project/outputs_deepfake_project/dfdc_subset_77_jpg/test/real/real_000847.jpg,0.0,0.7696749567985535,1
/media/D1/ait_users/staff122/deepfake_project/outputs_deepfake_project/dfdc_subset_77_jpg/test/real/real_000848.jpg,0.0,0.9950395226478577,1
/media/D1/ait_users/staff122/deepfake_project/outputs_deepfake_project/dfdc_subset_77_jpg/test/real/real_000849.jpg,0.0,0.14841875433921814,0
/media/D1/ait_users/staff122/deepfake_project/outputs_deepfake_project/dfdc_subset_77_jpg/test/real/real_000850.jpg,0.0,0.3026748597621918,0
/media/D1/ait_users/staff122/deepfake_project/outputs_deepfake_project/dfdc_subset_77_jpg/test/real/real_000851.jpg,0.0,0.623880922794342,1
/media/D1/ait_users/staff122/deepfake_project/outputs_deepfake_project/dfdc_subset_77_jpg/test/real/real_000852.jpg,0.0,0.5395762920379639,1
/media/D1/ait_users/staff122/deepfake_project/outputs_deepfake_project/dfdc_subset_77_jpg/test/real/real_000853.jpg,0.0,0.3261622488498688,0
/media/D1/ait_users/staff122/deepfake_project/outputs_deepfake_project/dfdc_subset_77_jpg/test/real/real_000854.jpg,0.0,0.0002663391933310777,0
/media/D1/ait_users/staff122/deepfake_project/outputs_deepfake_project/dfdc_subset_77_jpg/test/real/real_000855.jpg,0.0,0.010567786172032356,0
/media/D1/ait_users/staff122/deepfake_project/outputs_deepfake_project/dfdc_subset_77_jpg/test/real/real_000856.jpg,0.0,0.7674124240875244,1
/media/D1/ait_users/staff122/deepfake_project/outputs_deepfake_project/dfdc_subset_77_jpg/test/real/real_000857.jpg,0.0,0.012012471444904804,0
/media/D1/ait_users/staff122/deepfake_project/outputs_deepfake_project/dfdc_subset_77_jpg/test/real/real_000858.jpg,0.0,0.9715768098831177,1
/media/D1/ait_users/staff122/deepfake_project/outputs_deepfake_project/dfdc_subset_77_jpg/test/real/real_000859.jpg,0.0,0.09923645853996277,0
/media/D1/ait_users/staff122/deepfake_project/outputs_deepfake_project/dfdc_subset_77_jpg/test/real/real_000860.jpg,0.0,0.0014929488534107804,0
/media/D1/ait_users/staff122/deepfake_project/outputs_deepfake_project/dfdc_subset_77_jpg/test/real/real_000861.jpg,0.0,0.01745702140033245,0
/media/D1/ait_users/staff122/deepfake_project/outputs_deepfake_project/dfdc_subset_77_jpg/test/real/real_000862.jpg,0.0,1.0,1
/media/D1/ait_users/staff122/deepfake_project/outputs_deepfake_project/dfdc_subset_77_jpg/test/real/real_000863.jpg,0.0,0.9788468480110168,1
/media/D1/ait_users/staff122/deepfake_project/outputs_deepfake_project/dfdc_subset_77_jpg/test/real/real_000864.jpg,0.0,0.0003768203314393759,0
/media/D1/ait_users/staff122/deepfake_project/outputs_deepfake_project/dfdc_subset_77_jpg/test/real/real_000865.jpg,0.0,1.2249318388057873e-05,0
/media/D1/ait_users/staff122/deepfake_project/outputs_deepfake_project/dfdc_subset_77_jpg/test/real/real_000866.jpg,0.0,0.00014956676750443876,0
/media/D1/ait_users/staff122/deepfake_project/outputs_deepfake_project/dfdc_subset_77_jpg/test/real/real_000867.jpg,0.0,0.0006660501239821315,0
/media/D1/ait_users/staff122/deepfake_project/outputs_deepfake_project/dfdc_subset_77_jpg/test/real/real_000868.jpg,0.0,0.0007022266509011388,0
/media/D1/ait_users/staff122/deepfake_project/outputs_deepfake_project/dfdc_subset_77_jpg/test/real/real_000869.jpg,0.0,0.0013755792751908302,0
/media/D1/ait_users/staff122/deepfake_project/outputs_deepfake_project/dfdc_subset_77_jpg/test/real/real_000870.jpg,0.0,0.002865508198738098,0
/media/D1/ait_users/staff122/deepfake_project/outputs_deepfake_project/dfdc_subset_77_jpg/test/real/real_000871.jpg,0.0,0.0003535659925546497,0
/media/D1/ait_users/staff122/deepfake_project/outputs_deepfake_project/dfdc_subset_77_jpg/test/real/real_000872.jpg,0.0,0.002687492175027728,0
/media/D1/ait_users/staff122/deepfake_project/outputs_deepfake_project/dfdc_subset_77_jpg/test/real/real_000873.jpg,0.0,0.09361860901117325,0
/media/D1/ait_users/staff122/deepfake_project/outputs_deepfake_project/dfdc_subset_77_jpg/test/real/real_000874.jpg,0.0,0.904580295085907,1
/media/D1/ait_users/staff122/deepfake_project/outputs_deepfake_project/dfdc_subset_77_jpg/test/real/real_000875.jpg,0.0,0.016452310606837273,0
/media/D1/ait_users/staff122/deepfake_project/outputs_deepfake_project/dfdc_subset_77_jpg/test/real/real_000876.jpg,0.0,0.0008407367276959121,0
/media/D1/ait_users/staff122/deepfake_project/outputs_deepfake_project/dfdc_subset_77_jpg/test/real/real_000877.jpg,0.0,0.00034582585794851184,0
/media/D1/ait_users/staff122/deepfake_project/outputs_deepfake_project/dfdc_subset_77_jpg/test/real/real_000878.jpg,0.0,0.00024806021247059107,0
/media/D1/ait_users/staff122/deepfake_project/outputs_deepfake_project/dfdc_subset_77_jpg/test/real/real_000879.jpg,0.0,0.09637312591075897,0
/media/D1/ait_users/staff122/deepfake_project/outputs_deepfake_project/dfdc_subset_77_jpg/test/real/real_000880.jpg,0.0,0.000534593709744513,0
/media/D1/ait_users/staff122/deepfake_project/outputs_deepfake_project/dfdc_subset_77_jpg/test/real/real_000881.jpg,0.0,0.019878605380654335,0
/media/D1/ait_users/staff122/deepfake_project/outputs_deepfake_project/dfdc_subset_77_jpg/test/real/real_000882.jpg,0.0,0.011881072074174881,0
/media/D1/ait_users/staff122/deepfake_project/outputs_deepfake_project/dfdc_subset_77_jpg/test/real/real_000883.jpg,0.0,0.012009109370410442,0
/media/D1/ait_users/staff122/deepfake_project/outputs_deepfake_project/dfdc_subset_77_jpg/test/real/real_000884.jpg,0.0,0.01953083835542202,0
/media/D1/ait_users/staff122/deepfake_project/outputs_deepfake_project/dfdc_subset_77_jpg/test/real/real_000885.jpg,0.0,0.007651288062334061,0
/media/D1/ait_users/staff122/deepfake_project/outputs_deepfake_project/dfdc_subset_77_jpg/test/real/real_000886.jpg,0.0,0.001983499154448509,0
/media/D1/ait_users/staff122/deepfake_project/outputs_deepfake_project/dfdc_subset_77_jpg/test/real/real_000887.jpg,0.0,0.05295690894126892,0
/media/D1/ait_users/staff122/deepfake_project/outputs_deepfake_project/dfdc_subset_77_jpg/test/real/real_000888.jpg,0.0,0.011346736922860146,0
/media/D1/ait_users/staff122/deepfake_project/outputs_deepfake_project/dfdc_subset_77_jpg/test/real/real_000889.jpg,0.0,0.9856252074241638,1
/media/D1/ait_users/staff122/deepfake_project/outputs_deepfake_project/dfdc_subset_77_jpg/test/real/real_000890.jpg,0.0,0.019637880846858025,0
/media/D1/ait_users/staff122/deepfake_project/outputs_deepfake_project/dfdc_subset_77_jpg/test/real/real_000891.jpg,0.0,0.022675855085253716,0
/media/D1/ait_users/staff122/deepfake_project/outputs_deepfake_project/dfdc_subset_77_jpg/test/real/real_000892.jpg,0.0,0.01292477361857891,0
/media/D1/ait_users/staff122/deepfake_project/outputs_deepfake_project/dfdc_subset_77_jpg/test/real/real_000893.jpg,0.0,0.0003399494744371623,0
/media/D1/ait_users/staff122/deepfake_project/outputs_deepfake_project/dfdc_subset_77_jpg/test/real/real_000894.jpg,0.0,0.006949795410037041,0
/media/D1/ait_users/staff122/deepfake_project/outputs_deepfake_project/dfdc_subset_77_jpg/test/real/real_000895.jpg,0.0,0.4063839018344879,0
/media/D1/ait_users/staff122/deepfake_project/outputs_deepfake_project/dfdc_subset_77_jpg/test/real/real_000896.jpg,0.0,0.9961355924606323,1
/media/D1/ait_users/staff122/deepfake_project/outputs_deepfake_project/dfdc_subset_77_jpg/test/real/real_000897.jpg,0.0,0.43820127844810486,0
/media/D1/ait_users/staff122/deepfake_project/outputs_deepfake_project/dfdc_subset_77_jpg/test/real/real_000898.jpg,0.0,0.048277031630277634,0
/media/D1/ait_users/staff122/deepfake_project/outputs_deepfake_project/dfdc_subset_77_jpg/test/real/real_000899.jpg,0.0,0.6258793473243713,1
/media/D1/ait_users/staff122/deepfake_project/outputs_deepfake_project/dfdc_subset_77_jpg/test/real/real_000900.jpg,0.0,0.9977282881736755,1
/media/D1/ait_users/staff122/deepfake_project/outputs_deepfake_project/dfdc_subset_77_jpg/test/real/real_000901.jpg,0.0,0.8876928687095642,1
/media/D1/ait_users/staff122/deepfake_project/outputs_deepfake_project/dfdc_subset_77_jpg/test/real/real_000902.jpg,0.0,0.9916728138923645,1
/media/D1/ait_users/staff122/deepfake_project/outputs_deepfake_project/dfdc_subset_77_jpg/test/real/real_000903.jpg,0.0,0.9634016752243042,1
/media/D1/ait_users/staff122/deepfake_project/outputs_deepfake_project/dfdc_subset_77_jpg/test/real/real_000904.jpg,0.0,0.9962407350540161,1
/media/D1/ait_users/staff122/deepfake_project/outputs_deepfake_project/dfdc_subset_77_jpg/test/real/real_000905.jpg,0.0,0.8544492721557617,1
/media/D1/ait_users/staff122/deepfake_project/outputs_deepfake_project/dfdc_subset_77_jpg/test/real/real_000906.jpg,0.0,0.05402524024248123,0
/media/D1/ait_users/staff122/deepfake_project/outputs_deepfake_project/dfdc_subset_77_jpg/test/real/real_000907.jpg,0.0,0.9441016912460327,1
/media/D1/ait_users/staff122/deepfake_project/outputs_deepfake_project/dfdc_subset_77_jpg/test/real/real_000908.jpg,0.0,0.9958502054214478,1
/media/D1/ait_users/staff122/deepfake_project/outputs_deepfake_project/dfdc_subset_77_jpg/test/real/real_000909.jpg,0.0,0.9908003211021423,1
/media/D1/ait_users/staff122/deepfake_project/outputs_deepfake_project/dfdc_subset_77_jpg/test/real/real_000910.jpg,0.0,0.5919018387794495,1
/media/D1/ait_users/staff122/deepfake_project/outputs_deepfake_project/dfdc_subset_77_jpg/test/real/real_000911.jpg,0.0,0.3446579873561859,0
/media/D1/ait_users/staff122/deepfake_project/outputs_deepfake_project/dfdc_subset_77_jpg/test/real/real_000912.jpg,0.0,0.12045148015022278,0
/media/D1/ait_users/staff122/deepfake_project/outputs_deepfake_project/dfdc_subset_77_jpg/test/real/real_000913.jpg,0.0,0.18764209747314453,0
/media/D1/ait_users/staff122/deepfake_project/outputs_deepfake_project/dfdc_subset_77_jpg/test/real/real_000914.jpg,0.0,0.9789705872535706,1
/media/D1/ait_users/staff122/deepfake_project/outputs_deepfake_project/dfdc_subset_77_jpg/test/real/real_000915.jpg,0.0,0.9532182812690735,1
/media/D1/ait_users/staff122/deepfake_project/outputs_deepfake_project/dfdc_subset_77_jpg/test/real/real_000916.jpg,0.0,0.3086773455142975,0
/media/D1/ait_users/staff122/deepfake_project/outputs_deepfake_project/dfdc_subset_77_jpg/test/real/real_000917.jpg,0.0,0.9914425015449524,1
/media/D1/ait_users/staff122/deepfake_project/outputs_deepfake_project/dfdc_subset_77_jpg/test/real/real_000918.jpg,0.0,0.9247440695762634,1
/media/D1/ait_users/staff122/deepfake_project/outputs_deepfake_project/dfdc_subset_77_jpg/test/real/real_000919.jpg,0.0,0.9917513728141785,1
/media/D1/ait_users/staff122/deepfake_project/outputs_deepfake_project/dfdc_subset_77_jpg/test/real/real_000920.jpg,0.0,0.9747836589813232,1
/media/D1/ait_users/staff122/deepfake_project/outputs_deepfake_project/dfdc_subset_77_jpg/test/real/real_000921.jpg,0.0,0.9998360872268677,1
/media/D1/ait_users/staff122/deepfake_project/outputs_deepfake_project/dfdc_subset_77_jpg/test/real/real_000922.jpg,0.0,0.9999616146087646,1
/media/D1/ait_users/staff122/deepfake_project/outputs_deepfake_project/dfdc_subset_77_jpg/test/real/real_000923.jpg,0.0,0.9547970294952393,1
/media/D1/ait_users/staff122/deepfake_project/outputs_deepfake_project/dfdc_subset_77_jpg/test/real/real_000924.jpg,0.0,0.12347178906202316,0
/media/D1/ait_users/staff122/deepfake_project/outputs_deepfake_project/dfdc_subset_77_jpg/test/real/real_000925.jpg,0.0,0.9264483451843262,1
/media/D1/ait_users/staff122/deepfake_project/outputs_deepfake_project/dfdc_subset_77_jpg/test/real/real_000926.jpg,0.0,0.784339427947998,1
/media/D1/ait_users/staff122/deepfake_project/outputs_deepfake_project/dfdc_subset_77_jpg/test/real/real_000927.jpg,0.0,0.04998505488038063,0
/media/D1/ait_users/staff122/deepfake_project/outputs_deepfake_project/dfdc_subset_77_jpg/test/real/real_000928.jpg,0.0,0.9999985694885254,1
/media/D1/ait_users/staff122/deepfake_project/outputs_deepfake_project/dfdc_subset_77_jpg/test/real/real_000929.jpg,0.0,0.999996542930603,1
/media/D1/ait_users/staff122/deepfake_project/outputs_deepfake_project/dfdc_subset_77_jpg/test/real/real_000930.jpg,0.0,0.9999985694885254,1
/media/D1/ait_users/staff122/deepfake_project/outputs_deepfake_project/dfdc_subset_77_jpg/test/real/real_000931.jpg,0.0,0.5741062164306641,1
/media/D1/ait_users/staff122/deepfake_project/outputs_deepfake_project/dfdc_subset_77_jpg/test/real/real_000932.jpg,0.0,0.9999994039535522,1
/media/D1/ait_users/staff122/deepfake_project/outputs_deepfake_project/dfdc_subset_77_jpg/test/real/real_000933.jpg,0.0,0.7505289316177368,1
/media/D1/ait_users/staff122/deepfake_project/outputs_deepfake_project/dfdc_subset_77_jpg/test/real/real_000934.jpg,0.0,0.9999998807907104,1
/media/D1/ait_users/staff122/deepfake_project/outputs_deepfake_project/dfdc_subset_77_jpg/test/real/real_000935.jpg,0.0,0.08201541006565094,0
/media/D1/ait_users/staff122/deepfake_project/outputs_deepfake_project/dfdc_subset_77_jpg/test/real/real_000936.jpg,0.0,0.9999997615814209,1
/media/D1/ait_users/staff122/deepfake_project/outputs_deepfake_project/dfdc_subset_77_jpg/test/real/real_000937.jpg,0.0,0.9999997615814209,1
/media/D1/ait_users/staff122/deepfake_project/outputs_deepfake_project/dfdc_subset_77_jpg/test/real/real_000938.jpg,0.0,0.012036330997943878,0
/media/D1/ait_users/staff122/deepfake_project/outputs_deepfake_project/dfdc_subset_77_jpg/test/real/real_000939.jpg,0.0,0.03719479218125343,0
/media/D1/ait_users/staff122/deepfake_project/outputs_deepfake_project/dfdc_subset_77_jpg/test/real/real_000940.jpg,0.0,0.10742735117673874,0
/media/D1/ait_users/staff122/deepfake_project/outputs_deepfake_project/dfdc_subset_77_jpg/test/real/real_000941.jpg,0.0,0.9999958276748657,1
/media/D1/ait_users/staff122/deepfake_project/outputs_deepfake_project/dfdc_subset_77_jpg/test/real/real_000942.jpg,0.0,1.0,1
/media/D1/ait_users/staff122/deepfake_project/outputs_deepfake_project/dfdc_subset_77_jpg/test/real/real_000943.jpg,0.0,0.9998753070831299,1
/media/D1/ait_users/staff122/deepfake_project/outputs_deepfake_project/dfdc_subset_77_jpg/test/real/real_000944.jpg,0.0,0.9999997615814209,1
/media/D1/ait_users/staff122/deepfake_project/outputs_deepfake_project/dfdc_subset_77_jpg/test/real/real_000945.jpg,0.0,0.9999995231628418,1
/media/D1/ait_users/staff122/deepfake_project/outputs_deepfake_project/dfdc_subset_77_jpg/test/real/real_000946.jpg,0.0,0.0041966368444263935,0
/media/D1/ait_users/staff122/deepfake_project/outputs_deepfake_project/dfdc_subset_77_jpg/test/real/real_000947.jpg,0.0,0.6904790997505188,1
/media/D1/ait_users/staff122/deepfake_project/outputs_deepfake_project/dfdc_subset_77_jpg/test/real/real_000948.jpg,0.0,0.9999984502792358,1
/media/D1/ait_users/staff122/deepfake_project/outputs_deepfake_project/dfdc_subset_77_jpg/test/real/real_000949.jpg,0.0,0.01742597669363022,0
/media/D1/ait_users/staff122/deepfake_project/outputs_deepfake_project/dfdc_subset_77_jpg/test/real/real_000950.jpg,0.0,0.04557865113019943,0
/media/D1/ait_users/staff122/deepfake_project/outputs_deepfake_project/dfdc_subset_77_jpg/test/real/real_000951.jpg,0.0,0.49552232027053833,0
/media/D1/ait_users/staff122/deepfake_project/outputs_deepfake_project/dfdc_subset_77_jpg/test/real/real_000952.jpg,0.0,0.02268267422914505,0
/media/D1/ait_users/staff122/deepfake_project/outputs_deepfake_project/dfdc_subset_77_jpg/test/real/real_000953.jpg,0.0,0.9999995231628418,1
/media/D1/ait_users/staff122/deepfake_project/outputs_deepfake_project/dfdc_subset_77_jpg/test/real/real_000954.jpg,0.0,0.0010741589358076453,0
/media/D1/ait_users/staff122/deepfake_project/outputs_deepfake_project/dfdc_subset_77_jpg/test/real/real_000955.jpg,0.0,0.1577766388654709,0
/media/D1/ait_users/staff122/deepfake_project/outputs_deepfake_project/dfdc_subset_77_jpg/test/real/real_000956.jpg,0.0,0.9999994039535522,1
/media/D1/ait_users/staff122/deepfake_project/outputs_deepfake_project/dfdc_subset_77_jpg/test/real/real_000957.jpg,0.0,0.24009498953819275,0
/media/D1/ait_users/staff122/deepfake_project/outputs_deepfake_project/dfdc_subset_77_jpg/test/real/real_000958.jpg,0.0,0.9989714622497559,1
/media/D1/ait_users/staff122/deepfake_project/outputs_deepfake_project/dfdc_subset_77_jpg/test/real/real_000959.jpg,0.0,0.9999997615814209,1
/media/D1/ait_users/staff122/deepfake_project/outputs_deepfake_project/dfdc_subset_77_jpg/test/real/real_000960.jpg,0.0,1.4380639186128974e-06,0
/media/D1/ait_users/staff122/deepfake_project/outputs_deepfake_project/dfdc_subset_77_jpg/test/real/real_000961.jpg,0.0,2.682486410776619e-05,0
/media/D1/ait_users/staff122/deepfake_project/outputs_deepfake_project/dfdc_subset_77_jpg/test/real/real_000962.jpg,0.0,7.879849727032706e-05,0
/media/D1/ait_users/staff122/deepfake_project/outputs_deepfake_project/dfdc_subset_77_jpg/test/real/real_000963.jpg,0.0,4.2633233533706516e-05,0
/media/D1/ait_users/staff122/deepfake_project/outputs_deepfake_project/dfdc_subset_77_jpg/test/real/real_000964.jpg,0.0,0.0004343627078924328,0
/media/D1/ait_users/staff122/deepfake_project/outputs_deepfake_project/dfdc_subset_77_jpg/test/real/real_000965.jpg,0.0,0.0001767436187947169,0
/media/D1/ait_users/staff122/deepfake_project/outputs_deepfake_project/dfdc_subset_77_jpg/test/real/real_000966.jpg,0.0,0.001295758760534227,0
/media/D1/ait_users/staff122/deepfake_project/outputs_deepfake_project/dfdc_subset_77_jpg/test/real/real_000967.jpg,0.0,0.0001821311452658847,0
/media/D1/ait_users/staff122/deepfake_project/outputs_deepfake_project/dfdc_subset_77_jpg/test/real/real_000968.jpg,0.0,0.0034045276697725058,0
/media/D1/ait_users/staff122/deepfake_project/outputs_deepfake_project/dfdc_subset_77_jpg/test/real/real_000969.jpg,0.0,0.0005922644049860537,0
/media/D1/ait_users/staff122/deepfake_project/outputs_deepfake_project/dfdc_subset_77_jpg/test/real/real_000970.jpg,0.0,0.00011410007573431358,0
/media/D1/ait_users/staff122/deepfake_project/outputs_deepfake_project/dfdc_subset_77_jpg/test/real/real_000971.jpg,0.0,0.0005578958080150187,0
/media/D1/ait_users/staff122/deepfake_project/outputs_deepfake_project/dfdc_subset_77_jpg/test/real/real_000972.jpg,0.0,1.0197685696766712e-05,0
/media/D1/ait_users/staff122/deepfake_project/outputs_deepfake_project/dfdc_subset_77_jpg/test/real/real_000973.jpg,0.0,0.00014084910799283534,0
/media/D1/ait_users/staff122/deepfake_project/outputs_deepfake_project/dfdc_subset_77_jpg/test/real/real_000974.jpg,0.0,2.477891575836111e-05,0
/media/D1/ait_users/staff122/deepfake_project/outputs_deepfake_project/dfdc_subset_77_jpg/test/real/real_000975.jpg,0.0,1.5273421013262123e-05,0
/media/D1/ait_users/staff122/deepfake_project/outputs_deepfake_project/dfdc_subset_77_jpg/test/real/real_000976.jpg,0.0,0.00012135902215959504,0
/media/D1/ait_users/staff122/deepfake_project/outputs_deepfake_project/dfdc_subset_77_jpg/test/real/real_000977.jpg,0.0,6.45391337457113e-05,0
/media/D1/ait_users/staff122/deepfake_project/outputs_deepfake_project/dfdc_subset_77_jpg/test/real/real_000978.jpg,0.0,1.997539038711693e-05,0
/media/D1/ait_users/staff122/deepfake_project/outputs_deepfake_project/dfdc_subset_77_jpg/test/real/real_000979.jpg,0.0,4.133888523938367e-06,0
/media/D1/ait_users/staff122/deepfake_project/outputs_deepfake_project/dfdc_subset_77_jpg/test/real/real_000980.jpg,0.0,2.9293964871612843e-06,0
/media/D1/ait_users/staff122/deepfake_project/outputs_deepfake_project/dfdc_subset_77_jpg/test/real/real_000981.jpg,0.0,1.2096062164346222e-05,0
/media/D1/ait_users/staff122/deepfake_project/outputs_deepfake_project/dfdc_subset_77_jpg/test/real/real_000982.jpg,0.0,5.5917338613653556e-05,0
/media/D1/ait_users/staff122/deepfake_project/outputs_deepfake_project/dfdc_subset_77_jpg/test/real/real_000983.jpg,0.0,4.1627099562902004e-05,0
/media/D1/ait_users/staff122/deepfake_project/outputs_deepfake_project/dfdc_subset_77_jpg/test/real/real_000984.jpg,0.0,0.0005887725856155157,0
/media/D1/ait_users/staff122/deepfake_project/outputs_deepfake_project/dfdc_subset_77_jpg/test/real/real_000985.jpg,0.0,3.6626472592615755e-06,0
/media/D1/ait_users/staff122/deepfake_project/outputs_deepfake_project/dfdc_subset_77_jpg/test/real/real_000986.jpg,0.0,2.4177890736609697e-05,0
/media/D1/ait_users/staff122/deepfake_project/outputs_deepfake_project/dfdc_subset_77_jpg/test/real/real_000987.jpg,0.0,1.3551462870964315e-05,0
/media/D1/ait_users/staff122/deepfake_project/outputs_deepfake_project/dfdc_subset_77_jpg/test/real/real_000988.jpg,0.0,0.00010136434866581112,0
/media/D1/ait_users/staff122/deepfake_project/outputs_deepfake_project/dfdc_subset_77_jpg/test/real/real_000989.jpg,0.0,5.238487574388273e-06,0
/media/D1/ait_users/staff122/deepfake_project/outputs_deepfake_project/dfdc_subset_77_jpg/test/real/real_000990.jpg,0.0,2.012771619774867e-05,0
/media/D1/ait_users/staff122/deepfake_project/outputs_deepfake_project/dfdc_subset_77_jpg/test/real/real_000991.jpg,0.0,1.037820084093255e-06,0
/media/D1/ait_users/staff122/deepfake_project/outputs_deepfake_project/dfdc_subset_77_jpg/test/real/real_000992.jpg,0.0,0.9926213026046753,1
/media/D1/ait_users/staff122/deepfake_project/outputs_deepfake_project/dfdc_subset_77_jpg/test/real/real_000993.jpg,0.0,0.9820276498794556,1
/media/D1/ait_users/staff122/deepfake_project/outputs_deepfake_project/dfdc_subset_77_jpg/test/real/real_000994.jpg,0.0,0.9856086373329163,1
/media/D1/ait_users/staff122/deepfake_project/outputs_deepfake_project/dfdc_subset_77_jpg/test/real/real_000995.jpg,0.0,0.9932007193565369,1
/media/D1/ait_users/staff122/deepfake_project/outputs_deepfake_project/dfdc_subset_77_jpg/test/real/real_000996.jpg,0.0,0.9796493649482727,1
/media/D1/ait_users/staff122/deepfake_project/outputs_deepfake_project/dfdc_subset_77_jpg/test/real/real_000997.jpg,0.0,0.9951269626617432,1
/media/D1/ait_users/staff122/deepfake_project/outputs_deepfake_project/dfdc_subset_77_jpg/test/real/real_000998.jpg,0.0,0.9963171482086182,1
/media/D1/ait_users/staff122/deepfake_project/outputs_deepfake_project/dfdc_subset_77_jpg/test/real/real_000999.jpg,0.0,0.9346325993537903,1
/media/D1/ait_users/staff122/deepfake_project/outputs_deepfake_project/dfdc_subset_77_jpg/test/real/real_001000.jpg,0.0,0.9998014569282532,1
/media/D1/ait_users/staff122/deepfake_project/outputs_deepfake_project/dfdc_subset_77_jpg/test/real/real_001001.jpg,0.0,0.9988239407539368,1
/media/D1/ait_users/staff122/deepfake_project/outputs_deepfake_project/dfdc_subset_77_jpg/test/real/real_001002.jpg,0.0,0.9973427653312683,1
/media/D1/ait_users/staff122/deepfake_project/outputs_deepfake_project/dfdc_subset_77_jpg/test/real/real_001003.jpg,0.0,0.9867942929267883,1
/media/D1/ait_users/staff122/deepfake_project/outputs_deepfake_project/dfdc_subset_77_jpg/test/real/real_001004.jpg,0.0,0.9990656971931458,1
/media/D1/ait_users/staff122/deepfake_project/outputs_deepfake_project/dfdc_subset_77_jpg/test/real/real_001005.jpg,0.0,0.9986883997917175,1
/media/D1/ait_users/staff122/deepfake_project/outputs_deepfake_project/dfdc_subset_77_jpg/test/real/real_001006.jpg,0.0,0.9797160625457764,1
/media/D1/ait_users/staff122/deepfake_project/outputs_deepfake_project/dfdc_subset_77_jpg/test/real/real_001007.jpg,0.0,0.9853157997131348,1
/media/D1/ait_users/staff122/deepfake_project/outputs_deepfake_project/dfdc_subset_77_jpg/test/real/real_001008.jpg,0.0,0.9986810088157654,1
/media/D1/ait_users/staff122/deepfake_project/outputs_deepfake_project/dfdc_subset_77_jpg/test/real/real_001009.jpg,0.0,0.8587232232093811,1
/media/D1/ait_users/staff122/deepfake_project/outputs_deepfake_project/dfdc_subset_77_jpg/test/real/real_001010.jpg,0.0,0.9964081645011902,1
/media/D1/ait_users/staff122/deepfake_project/outputs_deepfake_project/dfdc_subset_77_jpg/test/real/real_001011.jpg,0.0,0.9896027445793152,1
/media/D1/ait_users/staff122/deepfake_project/outputs_deepfake_project/dfdc_subset_77_jpg/test/real/real_001012.jpg,0.0,0.7407317757606506,1
/media/D1/ait_users/staff122/deepfake_project/outputs_deepfake_project/dfdc_subset_77_jpg/test/real/real_001013.jpg,0.0,0.7780765295028687,1
/media/D1/ait_users/staff122/deepfake_project/outputs_deepfake_project/dfdc_subset_77_jpg/test/real/real_001014.jpg,0.0,0.3491533100605011,0
/media/D1/ait_users/staff122/deepfake_project/outputs_deepfake_project/dfdc_subset_77_jpg/test/real/real_001015.jpg,0.0,0.9935141801834106,1
/media/D1/ait_users/staff122/deepfake_project/outputs_deepfake_project/dfdc_subset_77_jpg/test/real/real_001016.jpg,0.0,0.9468264579772949,1
/media/D1/ait_users/staff122/deepfake_project/outputs_deepfake_project/dfdc_subset_77_jpg/test/real/real_001017.jpg,0.0,0.997358500957489,1
/media/D1/ait_users/staff122/deepfake_project/outputs_deepfake_project/dfdc_subset_77_jpg/test/real/real_001018.jpg,0.0,0.9883771538734436,1
/media/D1/ait_users/staff122/deepfake_project/outputs_deepfake_project/dfdc_subset_77_jpg/test/real/real_001019.jpg,0.0,0.9895079135894775,1
/media/D1/ait_users/staff122/deepfake_project/outputs_deepfake_project/dfdc_subset_77_jpg/test/real/real_001020.jpg,0.0,0.9527730345726013,1
/media/D1/ait_users/staff122/deepfake_project/outputs_deepfake_project/dfdc_subset_77_jpg/test/real/real_001021.jpg,0.0,0.9967531561851501,1
/media/D1/ait_users/staff122/deepfake_project/outputs_deepfake_project/dfdc_subset_77_jpg/test/real/real_001022.jpg,0.0,0.9978464841842651,1
/media/D1/ait_users/staff122/deepfake_project/outputs_deepfake_project/dfdc_subset_77_jpg/test/real/real_001023.jpg,0.0,0.9847221970558167,1
/media/D1/ait_users/staff122/deepfake_project/outputs_deepfake_project/dfdc_subset_77_jpg/test/real/real_001024.jpg,0.0,0.006233111023902893,0
/media/D1/ait_users/staff122/deepfake_project/outputs_deepfake_project/dfdc_subset_77_jpg/test/real/real_001025.jpg,0.0,0.0014891542959958315,0
/media/D1/ait_users/staff122/deepfake_project/outputs_deepfake_project/dfdc_subset_77_jpg/test/real/real_001026.jpg,0.0,0.9999995231628418,1
/media/D1/ait_users/staff122/deepfake_project/outputs_deepfake_project/dfdc_subset_77_jpg/test/real/real_001027.jpg,0.0,0.010991047136485577,0
/media/D1/ait_users/staff122/deepfake_project/outputs_deepfake_project/dfdc_subset_77_jpg/test/real/real_001028.jpg,0.0,0.006842759903520346,0
/media/D1/ait_users/staff122/deepfake_project/outputs_deepfake_project/dfdc_subset_77_jpg/test/real/real_001029.jpg,0.0,0.021348340436816216,0
/media/D1/ait_users/staff122/deepfake_project/outputs_deepfake_project/dfdc_subset_77_jpg/test/real/real_001030.jpg,0.0,0.019571783021092415,0
/media/D1/ait_users/staff122/deepfake_project/outputs_deepfake_project/dfdc_subset_77_jpg/test/real/real_001031.jpg,0.0,0.1384563148021698,0
/media/D1/ait_users/staff122/deepfake_project/outputs_deepfake_project/dfdc_subset_77_jpg/test/real/real_001032.jpg,0.0,0.13488949835300446,0
/media/D1/ait_users/staff122/deepfake_project/outputs_deepfake_project/dfdc_subset_77_jpg/test/real/real_001033.jpg,0.0,0.0006073061958886683,0
/media/D1/ait_users/staff122/deepfake_project/outputs_deepfake_project/dfdc_subset_77_jpg/test/real/real_001034.jpg,0.0,0.009827744215726852,0
/media/D1/ait_users/staff122/deepfake_project/outputs_deepfake_project/dfdc_subset_77_jpg/test/real/real_001035.jpg,0.0,0.2916523814201355,0
/media/D1/ait_users/staff122/deepfake_project/outputs_deepfake_project/dfdc_subset_77_jpg/test/real/real_001036.jpg,0.0,0.9999997615814209,1
/media/D1/ait_users/staff122/deepfake_project/outputs_deepfake_project/dfdc_subset_77_jpg/test/real/real_001037.jpg,0.0,0.12117722630500793,0
/media/D1/ait_users/staff122/deepfake_project/outputs_deepfake_project/dfdc_subset_77_jpg/test/real/real_001038.jpg,0.0,0.9999997615814209,1
/media/D1/ait_users/staff122/deepfake_project/outputs_deepfake_project/dfdc_subset_77_jpg/test/real/real_001039.jpg,0.0,0.05199623852968216,0
/media/D1/ait_users/staff122/deepfake_project/outputs_deepfake_project/dfdc_subset_77_jpg/test/real/real_001040.jpg,0.0,0.006053733639419079,0
/media/D1/ait_users/staff122/deepfake_project/outputs_deepfake_project/dfdc_subset_77_jpg/test/real/real_001041.jpg,0.0,0.003336442168802023,0
/media/D1/ait_users/staff122/deepfake_project/outputs_deepfake_project/dfdc_subset_77_jpg/test/real/real_001042.jpg,0.0,0.000847777642775327,0
/media/D1/ait_users/staff122/deepfake_project/outputs_deepfake_project/dfdc_subset_77_jpg/test/real/real_001043.jpg,0.0,0.0026351844426244497,0
/media/D1/ait_users/staff122/deepfake_project/outputs_deepfake_project/dfdc_subset_77_jpg/test/real/real_001044.jpg,0.0,0.02156529203057289,0
/media/D1/ait_users/staff122/deepfake_project/outputs_deepfake_project/dfdc_subset_77_jpg/test/real/real_001045.jpg,0.0,0.02515188790857792,0
/media/D1/ait_users/staff122/deepfake_project/outputs_deepfake_project/dfdc_subset_77_jpg/test/real/real_001046.jpg,0.0,0.14079591631889343,0
/media/D1/ait_users/staff122/deepfake_project/outputs_deepfake_project/dfdc_subset_77_jpg/test/real/real_001047.jpg,0.0,0.12077482789754868,0
/media/D1/ait_users/staff122/deepfake_project/outputs_deepfake_project/dfdc_subset_77_jpg/test/real/real_001048.jpg,0.0,0.00611969456076622,0
/media/D1/ait_users/staff122/deepfake_project/outputs_deepfake_project/dfdc_subset_77_jpg/test/real/real_001049.jpg,0.0,0.11562886834144592,0
/media/D1/ait_users/staff122/deepfake_project/outputs_deepfake_project/dfdc_subset_77_jpg/test/real/real_001050.jpg,0.0,0.9999997615814209,1
/media/D1/ait_users/staff122/deepfake_project/outputs_deepfake_project/dfdc_subset_77_jpg/test/real/real_001051.jpg,0.0,0.08712217211723328,0
/media/D1/ait_users/staff122/deepfake_project/outputs_deepfake_project/dfdc_subset_77_jpg/test/real/real_001052.jpg,0.0,0.14487580955028534,0
/media/D1/ait_users/staff122/deepfake_project/outputs_deepfake_project/dfdc_subset_77_jpg/test/real/real_001053.jpg,0.0,0.030058955773711205,0
/media/D1/ait_users/staff122/deepfake_project/outputs_deepfake_project/dfdc_subset_77_jpg/test/real/real_001054.jpg,0.0,0.13606375455856323,0
/media/D1/ait_users/staff122/deepfake_project/outputs_deepfake_project/dfdc_subset_77_jpg/test/real/real_001055.jpg,0.0,0.010020092129707336,0
/media/D1/ait_users/staff122/deepfake_project/outputs_deepfake_project/dfdc_subset_77_jpg/test/real/real_001056.jpg,0.0,0.9856782555580139,1
/media/D1/ait_users/staff122/deepfake_project/outputs_deepfake_project/dfdc_subset_77_jpg/test/real/real_001057.jpg,0.0,0.8222755789756775,1
/media/D1/ait_users/staff122/deepfake_project/outputs_deepfake_project/dfdc_subset_77_jpg/test/real/real_001058.jpg,0.0,0.9803048968315125,1
/media/D1/ait_users/staff122/deepfake_project/outputs_deepfake_project/dfdc_subset_77_jpg/test/real/real_001059.jpg,0.0,0.9955084323883057,1
/media/D1/ait_users/staff122/deepfake_project/outputs_deepfake_project/dfdc_subset_77_jpg/test/real/real_001060.jpg,0.0,0.9829134345054626,1
/media/D1/ait_users/staff122/deepfake_project/outputs_deepfake_project/dfdc_subset_77_jpg/test/real/real_001061.jpg,0.0,0.9839224815368652,1
/media/D1/ait_users/staff122/deepfake_project/outputs_deepfake_project/dfdc_subset_77_jpg/test/real/real_001062.jpg,0.0,0.9043583869934082,1
/media/D1/ait_users/staff122/deepfake_project/outputs_deepfake_project/dfdc_subset_77_jpg/test/real/real_001063.jpg,0.0,0.9909936785697937,1
/media/D1/ait_users/staff122/deepfake_project/outputs_deepfake_project/dfdc_subset_77_jpg/test/real/real_001064.jpg,0.0,0.9998140931129456,1
/media/D1/ait_users/staff122/deepfake_project/outputs_deepfake_project/dfdc_subset_77_jpg/test/real/real_001065.jpg,0.0,0.9801092147827148,1
/media/D1/ait_users/staff122/deepfake_project/outputs_deepfake_project/dfdc_subset_77_jpg/test/real/real_001066.jpg,0.0,0.9816982746124268,1
/media/D1/ait_users/staff122/deepfake_project/outputs_deepfake_project/dfdc_subset_77_jpg/test/real/real_001067.jpg,0.0,0.9999202489852905,1
/media/D1/ait_users/staff122/deepfake_project/outputs_deepfake_project/dfdc_subset_77_jpg/test/real/real_001068.jpg,0.0,0.858254075050354,1
/media/D1/ait_users/staff122/deepfake_project/outputs_deepfake_project/dfdc_subset_77_jpg/test/real/real_001069.jpg,0.0,0.9901738166809082,1
/media/D1/ait_users/staff122/deepfake_project/outputs_deepfake_project/dfdc_subset_77_jpg/test/real/real_001070.jpg,0.0,0.9859469532966614,1
/media/D1/ait_users/staff122/deepfake_project/outputs_deepfake_project/dfdc_subset_77_jpg/test/real/real_001071.jpg,0.0,0.9921121597290039,1
/media/D1/ait_users/staff122/deepfake_project/outputs_deepfake_project/dfdc_subset_77_jpg/test/real/real_001072.jpg,0.0,0.9740160703659058,1
/media/D1/ait_users/staff122/deepfake_project/outputs_deepfake_project/dfdc_subset_77_jpg/test/real/real_001073.jpg,0.0,0.9908695220947266,1
/media/D1/ait_users/staff122/deepfake_project/outputs_deepfake_project/dfdc_subset_77_jpg/test/real/real_001074.jpg,0.0,0.9376992583274841,1
/media/D1/ait_users/staff122/deepfake_project/outputs_deepfake_project/dfdc_subset_77_jpg/test/real/real_001075.jpg,0.0,0.9774137735366821,1
/media/D1/ait_users/staff122/deepfake_project/outputs_deepfake_project/dfdc_subset_77_jpg/test/real/real_001076.jpg,0.0,0.9611859321594238,1
/media/D1/ait_users/staff122/deepfake_project/outputs_deepfake_project/dfdc_subset_77_jpg/test/real/real_001077.jpg,0.0,0.9708884358406067,1
/media/D1/ait_users/staff122/deepfake_project/outputs_deepfake_project/dfdc_subset_77_jpg/test/real/real_001078.jpg,0.0,0.9761689305305481,1
/media/D1/ait_users/staff122/deepfake_project/outputs_deepfake_project/dfdc_subset_77_jpg/test/real/real_001079.jpg,0.0,0.9665025472640991,1
/media/D1/ait_users/staff122/deepfake_project/outputs_deepfake_project/dfdc_subset_77_jpg/test/real/real_001080.jpg,0.0,0.9858437776565552,1
/media/D1/ait_users/staff122/deepfake_project/outputs_deepfake_project/dfdc_subset_77_jpg/test/real/real_001081.jpg,0.0,0.9907467365264893,1
/media/D1/ait_users/staff122/deepfake_project/outputs_deepfake_project/dfdc_subset_77_jpg/test/real/real_001082.jpg,0.0,0.9960435628890991,1
/media/D1/ait_users/staff122/deepfake_project/outputs_deepfake_project/dfdc_subset_77_jpg/test/real/real_001083.jpg,0.0,0.9976782202720642,1
/media/D1/ait_users/staff122/deepfake_project/outputs_deepfake_project/dfdc_subset_77_jpg/test/real/real_001084.jpg,0.0,0.9993676543235779,1
/media/D1/ait_users/staff122/deepfake_project/outputs_deepfake_project/dfdc_subset_77_jpg/test/real/real_001085.jpg,0.0,0.9996269941329956,1
/media/D1/ait_users/staff122/deepfake_project/outputs_deepfake_project/dfdc_subset_77_jpg/test/real/real_001086.jpg,0.0,0.99950110912323,1
/media/D1/ait_users/staff122/deepfake_project/outputs_deepfake_project/dfdc_subset_77_jpg/test/real/real_001087.jpg,0.0,0.9973345994949341,1
/media/D1/ait_users/staff122/deepfake_project/outputs_deepfake_project/dfdc_subset_77_jpg/test/real/real_001088.jpg,0.0,0.9999996423721313,1
/media/D1/ait_users/staff122/deepfake_project/outputs_deepfake_project/dfdc_subset_77_jpg/test/real/real_001089.jpg,0.0,0.001088624936528504,0
/media/D1/ait_users/staff122/deepfake_project/outputs_deepfake_project/dfdc_subset_77_jpg/test/real/real_001090.jpg,0.0,0.9932838678359985,1
/media/D1/ait_users/staff122/deepfake_project/outputs_deepfake_project/dfdc_subset_77_jpg/test/real/real_001091.jpg,0.0,0.0004121216188650578,0
/media/D1/ait_users/staff122/deepfake_project/outputs_deepfake_project/dfdc_subset_77_jpg/test/real/real_001092.jpg,0.0,0.9897953867912292,1
/media/D1/ait_users/staff122/deepfake_project/outputs_deepfake_project/dfdc_subset_77_jpg/test/real/real_001093.jpg,0.0,4.389440073282458e-05,0
/media/D1/ait_users/staff122/deepfake_project/outputs_deepfake_project/dfdc_subset_77_jpg/test/real/real_001094.jpg,0.0,0.0006760621909052134,0
/media/D1/ait_users/staff122/deepfake_project/outputs_deepfake_project/dfdc_subset_77_jpg/test/real/real_001095.jpg,0.0,0.0061919246800243855,0
/media/D1/ait_users/staff122/deepfake_project/outputs_deepfake_project/dfdc_subset_77_jpg/test/real/real_001096.jpg,0.0,0.9994007349014282,1
/media/D1/ait_users/staff122/deepfake_project/outputs_deepfake_project/dfdc_subset_77_jpg/test/real/real_001097.jpg,0.0,0.9965270161628723,1
/media/D1/ait_users/staff122/deepfake_project/outputs_deepfake_project/dfdc_subset_77_jpg/test/real/real_001098.jpg,0.0,0.00012182429782114923,0
/media/D1/ait_users/staff122/deepfake_project/outputs_deepfake_project/dfdc_subset_77_jpg/test/real/real_001099.jpg,0.0,0.007850118912756443,0
/media/D1/ait_users/staff122/deepfake_project/outputs_deepfake_project/dfdc_subset_77_jpg/test/real/real_001100.jpg,0.0,2.6217958293273114e-06,0
/media/D1/ait_users/staff122/deepfake_project/outputs_deepfake_project/dfdc_subset_77_jpg/test/real/real_001101.jpg,0.0,6.057117207092233e-05,0
/media/D1/ait_users/staff122/deepfake_project/outputs_deepfake_project/dfdc_subset_77_jpg/test/real/real_001102.jpg,0.0,0.010297092609107494,0
/media/D1/ait_users/staff122/deepfake_project/outputs_deepfake_project/dfdc_subset_77_jpg/test/real/real_001103.jpg,0.0,0.08032308518886566,0
/media/D1/ait_users/staff122/deepfake_project/outputs_deepfake_project/dfdc_subset_77_jpg/test/real/real_001104.jpg,0.0,0.0010129021247848868,0
/media/D1/ait_users/staff122/deepfake_project/outputs_deepfake_project/dfdc_subset_77_jpg/test/real/real_001105.jpg,0.0,4.8382677050540224e-05,0
/media/D1/ait_users/staff122/deepfake_project/outputs_deepfake_project/dfdc_subset_77_jpg/test/real/real_001106.jpg,0.0,0.002703757956624031,0
/media/D1/ait_users/staff122/deepfake_project/outputs_deepfake_project/dfdc_subset_77_jpg/test/real/real_001107.jpg,0.0,0.0002156377158826217,0
/media/D1/ait_users/staff122/deepfake_project/outputs_deepfake_project/dfdc_subset_77_jpg/test/real/real_001108.jpg,0.0,8.98939833859913e-05,0
/media/D1/ait_users/staff122/deepfake_project/outputs_deepfake_project/dfdc_subset_77_jpg/test/real/real_001109.jpg,0.0,0.12300843000411987,0
/media/D1/ait_users/staff122/deepfake_project/outputs_deepfake_project/dfdc_subset_77_jpg/test/real/real_001110.jpg,0.0,0.0023667938075959682,0
/media/D1/ait_users/staff122/deepfake_project/outputs_deepfake_project/dfdc_subset_77_jpg/test/real/real_001111.jpg,0.0,1.0,1
/media/D1/ait_users/staff122/deepfake_project/outputs_deepfake_project/dfdc_subset_77_jpg/test/real/real_001112.jpg,0.0,0.06168998405337334,0
/media/D1/ait_users/staff122/deepfake_project/outputs_deepfake_project/dfdc_subset_77_jpg/test/real/real_001113.jpg,0.0,0.051134444773197174,0
/media/D1/ait_users/staff122/deepfake_project/outputs_deepfake_project/dfdc_subset_77_jpg/test/real/real_001114.jpg,0.0,0.9684721827507019,1
/media/D1/ait_users/staff122/deepfake_project/outputs_deepfake_project/dfdc_subset_77_jpg/test/real/real_001115.jpg,0.0,0.9721851944923401,1
/media/D1/ait_users/staff122/deepfake_project/outputs_deepfake_project/dfdc_subset_77_jpg/test/real/real_001116.jpg,0.0,1.0,1
/media/D1/ait_users/staff122/deepfake_project/outputs_deepfake_project/dfdc_subset_77_jpg/test/real/real_001117.jpg,0.0,0.9775075316429138,1
/media/D1/ait_users/staff122/deepfake_project/outputs_deepfake_project/dfdc_subset_77_jpg/test/real/real_001118.jpg,0.0,0.11073771864175797,0
/media/D1/ait_users/staff122/deepfake_project/outputs_deepfake_project/dfdc_subset_77_jpg/test/real/real_001119.jpg,0.0,1.0,1
/media/D1/ait_users/staff122/deepfake_project/outputs_deepfake_project/dfdc_subset_77_jpg/test/real/real_001120.jpg,0.0,2.265028342662845e-06,0
/media/D1/ait_users/staff122/deepfake_project/outputs_deepfake_project/dfdc_subset_77_jpg/test/real/real_001121.jpg,0.0,0.001431296463124454,0
/media/D1/ait_users/staff122/deepfake_project/outputs_deepfake_project/dfdc_subset_77_jpg/test/real/real_001122.jpg,0.0,0.0036522746086120605,0
/media/D1/ait_users/staff122/deepfake_project/outputs_deepfake_project/dfdc_subset_77_jpg/test/real/real_001123.jpg,0.0,0.0014530710177496076,0
/media/D1/ait_users/staff122/deepfake_project/outputs_deepfake_project/dfdc_subset_77_jpg/test/real/real_001124.jpg,0.0,2.1301779270288534e-05,0
/media/D1/ait_users/staff122/deepfake_project/outputs_deepfake_project/dfdc_subset_77_jpg/test/real/real_001125.jpg,0.0,9.083945042220876e-05,0
/media/D1/ait_users/staff122/deepfake_project/outputs_deepfake_project/dfdc_subset_77_jpg/test/real/real_001126.jpg,0.0,0.00023629999486729503,0
/media/D1/ait_users/staff122/deepfake_project/outputs_deepfake_project/dfdc_subset_77_jpg/test/real/real_001127.jpg,0.0,6.078556180000305e-05,0
/media/D1/ait_users/staff122/deepfake_project/outputs_deepfake_project/dfdc_subset_77_jpg/test/real/real_001128.jpg,0.0,1.541477467981167e-05,0
/media/D1/ait_users/staff122/deepfake_project/outputs_deepfake_project/dfdc_subset_77_jpg/test/real/real_001129.jpg,0.0,4.273144440958276e-06,0
/media/D1/ait_users/staff122/deepfake_project/outputs_deepfake_project/dfdc_subset_77_jpg/test/real/real_001130.jpg,0.0,0.00062295061070472,0
/media/D1/ait_users/staff122/deepfake_project/outputs_deepfake_project/dfdc_subset_77_jpg/test/real/real_001131.jpg,0.0,0.0003068220103159547,0
/media/D1/ait_users/staff122/deepfake_project/outputs_deepfake_project/dfdc_subset_77_jpg/test/real/real_001132.jpg,0.0,4.46363992523402e-05,0
/media/D1/ait_users/staff122/deepfake_project/outputs_deepfake_project/dfdc_subset_77_jpg/test/real/real_001133.jpg,0.0,0.0004254698578733951,0
/media/D1/ait_users/staff122/deepfake_project/outputs_deepfake_project/dfdc_subset_77_jpg/test/real/real_001134.jpg,0.0,1.1734771760529839e-05,0
/media/D1/ait_users/staff122/deepfake_project/outputs_deepfake_project/dfdc_subset_77_jpg/test/real/real_001135.jpg,0.0,2.6862700906349346e-05,0
/media/D1/ait_users/staff122/deepfake_project/outputs_deepfake_project/dfdc_subset_77_jpg/test/real/real_001136.jpg,0.0,1.3226493138063233e-05,0
/media/D1/ait_users/staff122/deepfake_project/outputs_deepfake_project/dfdc_subset_77_jpg/test/real/real_001137.jpg,0.0,0.00019409578817430884,0
/media/D1/ait_users/staff122/deepfake_project/outputs_deepfake_project/dfdc_subset_77_jpg/test/real/real_001138.jpg,0.0,8.002272807061672e-05,0
/media/D1/ait_users/staff122/deepfake_project/outputs_deepfake_project/dfdc_subset_77_jpg/test/real/real_001139.jpg,0.0,8.750492270337418e-05,0
/media/D1/ait_users/staff122/deepfake_project/outputs_deepfake_project/dfdc_subset_77_jpg/test/real/real_001140.jpg,0.0,1.4241376447898801e-05,0
/media/D1/ait_users/staff122/deepfake_project/outputs_deepfake_project/dfdc_subset_77_jpg/test/real/real_001141.jpg,0.0,1.6501890058862045e-05,0
/media/D1/ait_users/staff122/deepfake_project/outputs_deepfake_project/dfdc_subset_77_jpg/test/real/real_001142.jpg,0.0,3.5853878216585144e-05,0
/media/D1/ait_users/staff122/deepfake_project/outputs_deepfake_project/dfdc_subset_77_jpg/test/real/real_001143.jpg,0.0,5.108096229378134e-05,0
/media/D1/ait_users/staff122/deepfake_project/outputs_deepfake_project/dfdc_subset_77_jpg/test/real/real_001144.jpg,0.0,0.0004193411732558161,0
/media/D1/ait_users/staff122/deepfake_project/outputs_deepfake_project/dfdc_subset_77_jpg/test/real/real_001145.jpg,0.0,0.007178250700235367,0
/media/D1/ait_users/staff122/deepfake_project/outputs_deepfake_project/dfdc_subset_77_jpg/test/real/real_001146.jpg,0.0,0.3460301458835602,0
/media/D1/ait_users/staff122/deepfake_project/outputs_deepfake_project/dfdc_subset_77_jpg/test/real/real_001147.jpg,0.0,0.020024539902806282,0
/media/D1/ait_users/staff122/deepfake_project/outputs_deepfake_project/dfdc_subset_77_jpg/test/real/real_001148.jpg,0.0,2.705624319787603e-05,0
/media/D1/ait_users/staff122/deepfake_project/outputs_deepfake_project/dfdc_subset_77_jpg/test/real/real_001149.jpg,0.0,2.7733713068300858e-05,0
/media/D1/ait_users/staff122/deepfake_project/outputs_deepfake_project/dfdc_subset_77_jpg/test/real/real_001150.jpg,0.0,1.6916727645366336e-06,0
/media/D1/ait_users/staff122/deepfake_project/outputs_deepfake_project/dfdc_subset_77_jpg/test/real/real_001151.jpg,0.0,0.00014326970267575234,0
/media/D1/ait_users/staff122/deepfake_project/outputs_deepfake_project/dfdc_subset_77_jpg/test/real/real_001152.jpg,0.0,0.9999994039535522,1
/media/D1/ait_users/staff122/deepfake_project/outputs_deepfake_project/dfdc_subset_77_jpg/test/real/real_001153.jpg,0.0,0.9991149306297302,1
/media/D1/ait_users/staff122/deepfake_project/outputs_deepfake_project/dfdc_subset_77_jpg/test/real/real_001154.jpg,0.0,0.9998114705085754,1
/media/D1/ait_users/staff122/deepfake_project/outputs_deepfake_project/dfdc_subset_77_jpg/test/real/real_001155.jpg,0.0,0.9983949065208435,1
/media/D1/ait_users/staff122/deepfake_project/outputs_deepfake_project/dfdc_subset_77_jpg/test/real/real_001156.jpg,0.0,0.9999717473983765,1
/media/D1/ait_users/staff122/deepfake_project/outputs_deepfake_project/dfdc_subset_77_jpg/test/real/real_001157.jpg,0.0,0.9999639987945557,1
/media/D1/ait_users/staff122/deepfake_project/outputs_deepfake_project/dfdc_subset_77_jpg/test/real/real_001158.jpg,0.0,0.9999219179153442,1
/media/D1/ait_users/staff122/deepfake_project/outputs_deepfake_project/dfdc_subset_77_jpg/test/real/real_001159.jpg,0.0,0.9999136924743652,1
/media/D1/ait_users/staff122/deepfake_project/outputs_deepfake_project/dfdc_subset_77_jpg/test/real/real_001160.jpg,0.0,0.9999842643737793,1
/media/D1/ait_users/staff122/deepfake_project/outputs_deepfake_project/dfdc_subset_77_jpg/test/real/real_001161.jpg,0.0,0.9728845953941345,1
/media/D1/ait_users/staff122/deepfake_project/outputs_deepfake_project/dfdc_subset_77_jpg/test/real/real_001162.jpg,0.0,0.6230748295783997,1
/media/D1/ait_users/staff122/deepfake_project/outputs_deepfake_project/dfdc_subset_77_jpg/test/real/real_001163.jpg,0.0,0.9999525547027588,1
/media/D1/ait_users/staff122/deepfake_project/outputs_deepfake_project/dfdc_subset_77_jpg/test/real/real_001164.jpg,0.0,0.999987006187439,1
/media/D1/ait_users/staff122/deepfake_project/outputs_deepfake_project/dfdc_subset_77_jpg/test/real/real_001165.jpg,0.0,0.9999936819076538,1
/media/D1/ait_users/staff122/deepfake_project/outputs_deepfake_project/dfdc_subset_77_jpg/test/real/real_001166.jpg,0.0,0.9999403953552246,1
/media/D1/ait_users/staff122/deepfake_project/outputs_deepfake_project/dfdc_subset_77_jpg/test/real/real_001167.jpg,0.0,0.9998844861984253,1
/media/D1/ait_users/staff122/deepfake_project/outputs_deepfake_project/dfdc_subset_77_jpg/test/real/real_001168.jpg,0.0,0.6671829223632812,1
/media/D1/ait_users/staff122/deepfake_project/outputs_deepfake_project/dfdc_subset_77_jpg/test/real/real_001169.jpg,0.0,0.9998914003372192,1
/media/D1/ait_users/staff122/deepfake_project/outputs_deepfake_project/dfdc_subset_77_jpg/test/real/real_001170.jpg,0.0,0.9998956918716431,1
/media/D1/ait_users/staff122/deepfake_project/outputs_deepfake_project/dfdc_subset_77_jpg/test/real/real_001171.jpg,0.0,0.3919791579246521,0
/media/D1/ait_users/staff122/deepfake_project/outputs_deepfake_project/dfdc_subset_77_jpg/test/real/real_001172.jpg,0.0,0.49995720386505127,0
/media/D1/ait_users/staff122/deepfake_project/outputs_deepfake_project/dfdc_subset_77_jpg/test/real/real_001173.jpg,0.0,0.7362690567970276,1
/media/D1/ait_users/staff122/deepfake_project/outputs_deepfake_project/dfdc_subset_77_jpg/test/real/real_001174.jpg,0.0,0.7080056667327881,1
/media/D1/ait_users/staff122/deepfake_project/outputs_deepfake_project/dfdc_subset_77_jpg/test/real/real_001175.jpg,0.0,0.5981513261795044,1
/media/D1/ait_users/staff122/deepfake_project/outputs_deepfake_project/dfdc_subset_77_jpg/test/real/real_001176.jpg,0.0,0.7003681659698486,1
/media/D1/ait_users/staff122/deepfake_project/outputs_deepfake_project/dfdc_subset_77_jpg/test/real/real_001177.jpg,0.0,0.9930974841117859,1
/media/D1/ait_users/staff122/deepfake_project/outputs_deepfake_project/dfdc_subset_77_jpg/test/real/real_001178.jpg,0.0,0.9986261129379272,1
/media/D1/ait_users/staff122/deepfake_project/outputs_deepfake_project/dfdc_subset_77_jpg/test/real/real_001179.jpg,0.0,0.9090938568115234,1
/media/D1/ait_users/staff122/deepfake_project/outputs_deepfake_project/dfdc_subset_77_jpg/test/real/real_001180.jpg,0.0,0.6420153379440308,1
/media/D1/ait_users/staff122/deepfake_project/outputs_deepfake_project/dfdc_subset_77_jpg/test/real/real_001181.jpg,0.0,0.9937501549720764,1
/media/D1/ait_users/staff122/deepfake_project/outputs_deepfake_project/dfdc_subset_77_jpg/test/real/real_001182.jpg,0.0,0.9980326294898987,1
/media/D1/ait_users/staff122/deepfake_project/outputs_deepfake_project/dfdc_subset_77_jpg/test/real/real_001183.jpg,0.0,0.4479905068874359,0
/media/D1/ait_users/staff122/deepfake_project/outputs_deepfake_project/dfdc_subset_77_jpg/test/real/real_001184.jpg,0.0,0.0029886644333601,0
/media/D1/ait_users/staff122/deepfake_project/outputs_deepfake_project/dfdc_subset_77_jpg/test/real/real_001185.jpg,0.0,0.2961510121822357,0
/media/D1/ait_users/staff122/deepfake_project/outputs_deepfake_project/dfdc_subset_77_jpg/test/real/real_001186.jpg,0.0,0.005400607828050852,0
/media/D1/ait_users/staff122/deepfake_project/outputs_deepfake_project/dfdc_subset_77_jpg/test/real/real_001187.jpg,0.0,0.005818787030875683,0
/media/D1/ait_users/staff122/deepfake_project/outputs_deepfake_project/dfdc_subset_77_jpg/test/real/real_001188.jpg,0.0,0.005604083184152842,0
/media/D1/ait_users/staff122/deepfake_project/outputs_deepfake_project/dfdc_subset_77_jpg/test/real/real_001189.jpg,0.0,0.04620014876127243,0
/media/D1/ait_users/staff122/deepfake_project/outputs_deepfake_project/dfdc_subset_77_jpg/test/real/real_001190.jpg,0.0,0.0688449814915657,0
/media/D1/ait_users/staff122/deepfake_project/outputs_deepfake_project/dfdc_subset_77_jpg/test/real/real_001191.jpg,0.0,0.0742659792304039,0
/media/D1/ait_users/staff122/deepfake_project/outputs_deepfake_project/dfdc_subset_77_jpg/test/real/real_001192.jpg,0.0,0.13629114627838135,0
/media/D1/ait_users/staff122/deepfake_project/outputs_deepfake_project/dfdc_subset_77_jpg/test/real/real_001193.jpg,0.0,0.020226823166012764,0
/media/D1/ait_users/staff122/deepfake_project/outputs_deepfake_project/dfdc_subset_77_jpg/test/real/real_001194.jpg,0.0,0.10406738519668579,0
/media/D1/ait_users/staff122/deepfake_project/outputs_deepfake_project/dfdc_subset_77_jpg/test/real/real_001195.jpg,0.0,0.11455586552619934,0
/media/D1/ait_users/staff122/deepfake_project/outputs_deepfake_project/dfdc_subset_77_jpg/test/real/real_001196.jpg,0.0,0.0050308979116380215,0
/media/D1/ait_users/staff122/deepfake_project/outputs_deepfake_project/dfdc_subset_77_jpg/test/real/real_001197.jpg,0.0,0.00824924185872078,0
/media/D1/ait_users/staff122/deepfake_project/outputs_deepfake_project/dfdc_subset_77_jpg/test/real/real_001198.jpg,0.0,0.0009976464789360762,0
/media/D1/ait_users/staff122/deepfake_project/outputs_deepfake_project/dfdc_subset_77_jpg/test/real/real_001199.jpg,0.0,0.004809136502444744,0
/media/D1/ait_users/staff122/deepfake_project/outputs_deepfake_project/dfdc_subset_77_jpg/test/real/real_001200.jpg,0.0,0.011821756139397621,0
/media/D1/ait_users/staff122/deepfake_project/outputs_deepfake_project/dfdc_subset_77_jpg/test/real/real_001201.jpg,0.0,0.11195360124111176,0
/media/D1/ait_users/staff122/deepfake_project/outputs_deepfake_project/dfdc_subset_77_jpg/test/real/real_001202.jpg,0.0,0.9943851232528687,1
/media/D1/ait_users/staff122/deepfake_project/outputs_deepfake_project/dfdc_subset_77_jpg/test/real/real_001203.jpg,0.0,0.2712284028530121,0
/media/D1/ait_users/staff122/deepfake_project/outputs_deepfake_project/dfdc_subset_77_jpg/test/real/real_001204.jpg,0.0,0.06032489612698555,0
/media/D1/ait_users/staff122/deepfake_project/outputs_deepfake_project/dfdc_subset_77_jpg/test/real/real_001205.jpg,0.0,0.016075775027275085,0
/media/D1/ait_users/staff122/deepfake_project/outputs_deepfake_project/dfdc_subset_77_jpg/test/real/real_001206.jpg,0.0,0.06252524256706238,0
/media/D1/ait_users/staff122/deepfake_project/outputs_deepfake_project/dfdc_subset_77_jpg/test/real/real_001207.jpg,0.0,0.01637687161564827,0
/media/D1/ait_users/staff122/deepfake_project/outputs_deepfake_project/dfdc_subset_77_jpg/test/real/real_001208.jpg,0.0,0.038614388555288315,0
/media/D1/ait_users/staff122/deepfake_project/outputs_deepfake_project/dfdc_subset_77_jpg/test/real/real_001209.jpg,0.0,0.004275288432836533,0
/media/D1/ait_users/staff122/deepfake_project/outputs_deepfake_project/dfdc_subset_77_jpg/test/real/real_001210.jpg,0.0,0.002001630375161767,0
/media/D1/ait_users/staff122/deepfake_project/outputs_deepfake_project/dfdc_subset_77_jpg/test/real/real_001211.jpg,0.0,0.04075400531291962,0
/media/D1/ait_users/staff122/deepfake_project/outputs_deepfake_project/dfdc_subset_77_jpg/test/real/real_001212.jpg,0.0,0.9999021291732788,1
/media/D1/ait_users/staff122/deepfake_project/outputs_deepfake_project/dfdc_subset_77_jpg/test/real/real_001213.jpg,0.0,0.1611819863319397,0
/media/D1/ait_users/staff122/deepfake_project/outputs_deepfake_project/dfdc_subset_77_jpg/test/real/real_001214.jpg,0.0,0.331815242767334,0
/media/D1/ait_users/staff122/deepfake_project/outputs_deepfake_project/dfdc_subset_77_jpg/test/real/real_001215.jpg,0.0,0.9996742010116577,1
/media/D1/ait_users/staff122/deepfake_project/outputs_deepfake_project/dfdc_subset_77_jpg/test/real/real_001216.jpg,0.0,0.10804577171802521,0
/media/D1/ait_users/staff122/deepfake_project/outputs_deepfake_project/dfdc_subset_77_jpg/test/real/real_001217.jpg,0.0,0.5028438568115234,1
/media/D1/ait_users/staff122/deepfake_project/outputs_deepfake_project/dfdc_subset_77_jpg/test/real/real_001218.jpg,0.0,0.2010076493024826,0
/media/D1/ait_users/staff122/deepfake_project/outputs_deepfake_project/dfdc_subset_77_jpg/test/real/real_001219.jpg,0.0,0.6937049627304077,1
/media/D1/ait_users/staff122/deepfake_project/outputs_deepfake_project/dfdc_subset_77_jpg/test/real/real_001220.jpg,0.0,0.13357841968536377,0
/media/D1/ait_users/staff122/deepfake_project/outputs_deepfake_project/dfdc_subset_77_jpg/test/real/real_001221.jpg,0.0,0.1791629195213318,0
/media/D1/ait_users/staff122/deepfake_project/outputs_deepfake_project/dfdc_subset_77_jpg/test/real/real_001222.jpg,0.0,0.3302290439605713,0
/media/D1/ait_users/staff122/deepfake_project/outputs_deepfake_project/dfdc_subset_77_jpg/test/real/real_001223.jpg,0.0,0.10952599346637726,0
/media/D1/ait_users/staff122/deepfake_project/outputs_deepfake_project/dfdc_subset_77_jpg/test/real/real_001224.jpg,0.0,0.3648305833339691,0
/media/D1/ait_users/staff122/deepfake_project/outputs_deepfake_project/dfdc_subset_77_jpg/test/real/real_001225.jpg,0.0,0.19725269079208374,0
/media/D1/ait_users/staff122/deepfake_project/outputs_deepfake_project/dfdc_subset_77_jpg/test/real/real_001226.jpg,0.0,0.3990699350833893,0
/media/D1/ait_users/staff122/deepfake_project/outputs_deepfake_project/dfdc_subset_77_jpg/test/real/real_001227.jpg,0.0,0.5602782964706421,1
/media/D1/ait_users/staff122/deepfake_project/outputs_deepfake_project/dfdc_subset_77_jpg/test/real/real_001228.jpg,0.0,0.42246875166893005,0
/media/D1/ait_users/staff122/deepfake_project/outputs_deepfake_project/dfdc_subset_77_jpg/test/real/real_001229.jpg,0.0,0.614766001701355,1
/media/D1/ait_users/staff122/deepfake_project/outputs_deepfake_project/dfdc_subset_77_jpg/test/real/real_001230.jpg,0.0,0.6698623299598694,1
/media/D1/ait_users/staff122/deepfake_project/outputs_deepfake_project/dfdc_subset_77_jpg/test/real/real_001231.jpg,0.0,0.3362215459346771,0
/media/D1/ait_users/staff122/deepfake_project/outputs_deepfake_project/dfdc_subset_77_jpg/test/real/real_001232.jpg,0.0,0.61253422498703,1
/media/D1/ait_users/staff122/deepfake_project/outputs_deepfake_project/dfdc_subset_77_jpg/test/real/real_001233.jpg,0.0,0.012069609016180038,0
/media/D1/ait_users/staff122/deepfake_project/outputs_deepfake_project/dfdc_subset_77_jpg/test/real/real_001234.jpg,0.0,0.07006634026765823,0
/media/D1/ait_users/staff122/deepfake_project/outputs_deepfake_project/dfdc_subset_77_jpg/test/real/real_001235.jpg,0.0,0.08465956896543503,0
/media/D1/ait_users/staff122/deepfake_project/outputs_deepfake_project/dfdc_subset_77_jpg/test/real/real_001236.jpg,0.0,0.31949371099472046,0
/media/D1/ait_users/staff122/deepfake_project/outputs_deepfake_project/dfdc_subset_77_jpg/test/real/real_001237.jpg,0.0,0.02196783944964409,0
/media/D1/ait_users/staff122/deepfake_project/outputs_deepfake_project/dfdc_subset_77_jpg/test/real/real_001238.jpg,0.0,0.9966267347335815,1
/media/D1/ait_users/staff122/deepfake_project/outputs_deepfake_project/dfdc_subset_77_jpg/test/real/real_001239.jpg,0.0,0.9967355132102966,1
/media/D1/ait_users/staff122/deepfake_project/outputs_deepfake_project/dfdc_subset_77_jpg/test/real/real_001240.jpg,0.0,0.9727388620376587,1
/media/D1/ait_users/staff122/deepfake_project/outputs_deepfake_project/dfdc_subset_77_jpg/test/real/real_001241.jpg,0.0,0.18946251273155212,0
/media/D1/ait_users/staff122/deepfake_project/outputs_deepfake_project/dfdc_subset_77_jpg/test/real/real_001242.jpg,0.0,0.3760906755924225,0
/media/D1/ait_users/staff122/deepfake_project/outputs_deepfake_project/dfdc_subset_77_jpg/test/real/real_001243.jpg,0.0,0.7227950692176819,1
/media/D1/ait_users/staff122/deepfake_project/outputs_deepfake_project/dfdc_subset_77_jpg/test/real/real_001244.jpg,0.0,0.160546213388443,0
/media/D1/ait_users/staff122/deepfake_project/outputs_deepfake_project/dfdc_subset_77_jpg/test/real/real_001245.jpg,0.0,0.003977034240961075,0
/media/D1/ait_users/staff122/deepfake_project/outputs_deepfake_project/dfdc_subset_77_jpg/test/real/real_001246.jpg,0.0,0.10354167968034744,0
/media/D1/ait_users/staff122/deepfake_project/outputs_deepfake_project/dfdc_subset_77_jpg/test/real/real_001247.jpg,0.0,0.03829863294959068,0
/media/D1/ait_users/staff122/deepfake_project/outputs_deepfake_project/dfdc_subset_77_jpg/test/real/real_001248.jpg,0.0,0.999901533126831,1
/media/D1/ait_users/staff122/deepfake_project/outputs_deepfake_project/dfdc_subset_77_jpg/test/real/real_001249.jpg,0.0,0.9997968077659607,1
/media/D1/ait_users/staff122/deepfake_project/outputs_deepfake_project/dfdc_subset_77_jpg/test/real/real_001250.jpg,0.0,0.9998242259025574,1
/media/D1/ait_users/staff122/deepfake_project/outputs_deepfake_project/dfdc_subset_77_jpg/test/real/real_001251.jpg,0.0,0.9998552799224854,1
/media/D1/ait_users/staff122/deepfake_project/outputs_deepfake_project/dfdc_subset_77_jpg/test/real/real_001252.jpg,0.0,0.9999191761016846,1
/media/D1/ait_users/staff122/deepfake_project/outputs_deepfake_project/dfdc_subset_77_jpg/test/real/real_001253.jpg,0.0,0.9997163414955139,1
/media/D1/ait_users/staff122/deepfake_project/outputs_deepfake_project/dfdc_subset_77_jpg/test/real/real_001254.jpg,0.0,0.99909508228302,1
/media/D1/ait_users/staff122/deepfake_project/outputs_deepfake_project/dfdc_subset_77_jpg/test/real/real_001255.jpg,0.0,0.9995915293693542,1
/media/D1/ait_users/staff122/deepfake_project/outputs_deepfake_project/dfdc_subset_77_jpg/test/real/real_001256.jpg,0.0,0.9997593760490417,1
/media/D1/ait_users/staff122/deepfake_project/outputs_deepfake_project/dfdc_subset_77_jpg/test/real/real_001257.jpg,0.0,0.9995126724243164,1
/media/D1/ait_users/staff122/deepfake_project/outputs_deepfake_project/dfdc_subset_77_jpg/test/real/real_001258.jpg,0.0,0.9993137121200562,1
/media/D1/ait_users/staff122/deepfake_project/outputs_deepfake_project/dfdc_subset_77_jpg/test/real/real_001259.jpg,0.0,0.9998155236244202,1
/media/D1/ait_users/staff122/deepfake_project/outputs_deepfake_project/dfdc_subset_77_jpg/test/real/real_001260.jpg,0.0,0.999808132648468,1
/media/D1/ait_users/staff122/deepfake_project/outputs_deepfake_project/dfdc_subset_77_jpg/test/real/real_001261.jpg,0.0,0.9994311928749084,1
/media/D1/ait_users/staff122/deepfake_project/outputs_deepfake_project/dfdc_subset_77_jpg/test/real/real_001262.jpg,0.0,0.9991006851196289,1
/media/D1/ait_users/staff122/deepfake_project/outputs_deepfake_project/dfdc_subset_77_jpg/test/real/real_001263.jpg,0.0,0.9994346499443054,1
/media/D1/ait_users/staff122/deepfake_project/outputs_deepfake_project/dfdc_subset_77_jpg/test/real/real_001264.jpg,0.0,0.999086856842041,1
/media/D1/ait_users/staff122/deepfake_project/outputs_deepfake_project/dfdc_subset_77_jpg/test/real/real_001265.jpg,0.0,0.9994083642959595,1
/media/D1/ait_users/staff122/deepfake_project/outputs_deepfake_project/dfdc_subset_77_jpg/test/real/real_001266.jpg,0.0,0.9998846054077148,1
/media/D1/ait_users/staff122/deepfake_project/outputs_deepfake_project/dfdc_subset_77_jpg/test/real/real_001267.jpg,0.0,0.9990266561508179,1
/media/D1/ait_users/staff122/deepfake_project/outputs_deepfake_project/dfdc_subset_77_jpg/test/real/real_001268.jpg,0.0,0.9983319640159607,1
/media/D1/ait_users/staff122/deepfake_project/outputs_deepfake_project/dfdc_subset_77_jpg/test/real/real_001269.jpg,0.0,0.998989999294281,1
/media/D1/ait_users/staff122/deepfake_project/outputs_deepfake_project/dfdc_subset_77_jpg/test/real/real_001270.jpg,0.0,0.9996108412742615,1
/media/D1/ait_users/staff122/deepfake_project/outputs_deepfake_project/dfdc_subset_77_jpg/test/real/real_001271.jpg,0.0,0.9992596507072449,1
/media/D1/ait_users/staff122/deepfake_project/outputs_deepfake_project/dfdc_subset_77_jpg/test/real/real_001272.jpg,0.0,0.999470055103302,1
/media/D1/ait_users/staff122/deepfake_project/outputs_deepfake_project/dfdc_subset_77_jpg/test/real/real_001273.jpg,0.0,0.9996428489685059,1
/media/D1/ait_users/staff122/deepfake_project/outputs_deepfake_project/dfdc_subset_77_jpg/test/real/real_001274.jpg,0.0,0.999505877494812,1
/media/D1/ait_users/staff122/deepfake_project/outputs_deepfake_project/dfdc_subset_77_jpg/test/real/real_001275.jpg,0.0,0.99918133020401,1
/media/D1/ait_users/staff122/deepfake_project/outputs_deepfake_project/dfdc_subset_77_jpg/test/real/real_001276.jpg,0.0,0.9996625185012817,1
/media/D1/ait_users/staff122/deepfake_project/outputs_deepfake_project/dfdc_subset_77_jpg/test/real/real_001277.jpg,0.0,0.9984478950500488,1
/media/D1/ait_users/staff122/deepfake_project/outputs_deepfake_project/dfdc_subset_77_jpg/test/real/real_001278.jpg,0.0,0.9992734789848328,1
/media/D1/ait_users/staff122/deepfake_project/outputs_deepfake_project/dfdc_subset_77_jpg/test/real/real_001279.jpg,0.0,0.9998669624328613,1
/media/D1/ait_users/staff122/deepfake_project/outputs_deepfake_project/dfdc_subset_77_jpg/test/real/real_001280.jpg,0.0,0.9999998807907104,1
/media/D1/ait_users/staff122/deepfake_project/outputs_deepfake_project/dfdc_subset_77_jpg/test/real/real_001281.jpg,0.0,0.9999991655349731,1
/media/D1/ait_users/staff122/deepfake_project/outputs_deepfake_project/dfdc_subset_77_jpg/test/real/real_001282.jpg,0.0,0.9989610910415649,1
/media/D1/ait_users/staff122/deepfake_project/outputs_deepfake_project/dfdc_subset_77_jpg/test/real/real_001283.jpg,0.0,0.9997431635856628,1
/media/D1/ait_users/staff122/deepfake_project/outputs_deepfake_project/dfdc_subset_77_jpg/test/real/real_001284.jpg,0.0,0.015755705535411835,0
/media/D1/ait_users/staff122/deepfake_project/outputs_deepfake_project/dfdc_subset_77_jpg/test/real/real_001285.jpg,0.0,0.5709563493728638,1
/media/D1/ait_users/staff122/deepfake_project/outputs_deepfake_project/dfdc_subset_77_jpg/test/real/real_001286.jpg,0.0,0.11630555242300034,0
/media/D1/ait_users/staff122/deepfake_project/outputs_deepfake_project/dfdc_subset_77_jpg/test/real/real_001287.jpg,0.0,0.6328768134117126,1
/media/D1/ait_users/staff122/deepfake_project/outputs_deepfake_project/dfdc_subset_77_jpg/test/real/real_001288.jpg,0.0,0.9022011160850525,1
/media/D1/ait_users/staff122/deepfake_project/outputs_deepfake_project/dfdc_subset_77_jpg/test/real/real_001289.jpg,0.0,0.7777946591377258,1
/media/D1/ait_users/staff122/deepfake_project/outputs_deepfake_project/dfdc_subset_77_jpg/test/real/real_001290.jpg,0.0,0.00040989869739860296,0
/media/D1/ait_users/staff122/deepfake_project/outputs_deepfake_project/dfdc_subset_77_jpg/test/real/real_001291.jpg,0.0,0.0007474767626263201,0
/media/D1/ait_users/staff122/deepfake_project/outputs_deepfake_project/dfdc_subset_77_jpg/test/real/real_001292.jpg,0.0,0.007616213522851467,0
/media/D1/ait_users/staff122/deepfake_project/outputs_deepfake_project/dfdc_subset_77_jpg/test/real/real_001293.jpg,0.0,0.9372475147247314,1
/media/D1/ait_users/staff122/deepfake_project/outputs_deepfake_project/dfdc_subset_77_jpg/test/real/real_001294.jpg,0.0,0.14073605835437775,0
/media/D1/ait_users/staff122/deepfake_project/outputs_deepfake_project/dfdc_subset_77_jpg/test/real/real_001295.jpg,0.0,0.9962003827095032,1
/media/D1/ait_users/staff122/deepfake_project/outputs_deepfake_project/dfdc_subset_77_jpg/test/real/real_001296.jpg,0.0,0.9999982118606567,1
/media/D1/ait_users/staff122/deepfake_project/outputs_deepfake_project/dfdc_subset_77_jpg/test/real/real_001297.jpg,0.0,0.14018651843070984,0
/media/D1/ait_users/staff122/deepfake_project/outputs_deepfake_project/dfdc_subset_77_jpg/test/real/real_001298.jpg,0.0,0.9916300177574158,1
/media/D1/ait_users/staff122/deepfake_project/outputs_deepfake_project/dfdc_subset_77_jpg/test/real/real_001299.jpg,0.0,0.05198131874203682,0
/media/D1/ait_users/staff122/deepfake_project/outputs_deepfake_project/dfdc_subset_77_jpg/test/real/real_001300.jpg,0.0,0.8687109351158142,1
/media/D1/ait_users/staff122/deepfake_project/outputs_deepfake_project/dfdc_subset_77_jpg/test/real/real_001301.jpg,0.0,0.9234074354171753,1
/media/D1/ait_users/staff122/deepfake_project/outputs_deepfake_project/dfdc_subset_77_jpg/test/real/real_001302.jpg,0.0,0.9366860389709473,1
/media/D1/ait_users/staff122/deepfake_project/outputs_deepfake_project/dfdc_subset_77_jpg/test/real/real_001303.jpg,0.0,0.22140859067440033,0
/media/D1/ait_users/staff122/deepfake_project/outputs_deepfake_project/dfdc_subset_77_jpg/test/real/real_001304.jpg,0.0,0.4557667672634125,0
/media/D1/ait_users/staff122/deepfake_project/outputs_deepfake_project/dfdc_subset_77_jpg/test/real/real_001305.jpg,0.0,0.9965792298316956,1
/media/D1/ait_users/staff122/deepfake_project/outputs_deepfake_project/dfdc_subset_77_jpg/test/real/real_001306.jpg,0.0,0.9965028762817383,1
/media/D1/ait_users/staff122/deepfake_project/outputs_deepfake_project/dfdc_subset_77_jpg/test/real/real_001307.jpg,0.0,0.9999775886535645,1
/media/D1/ait_users/staff122/deepfake_project/outputs_deepfake_project/dfdc_subset_77_jpg/test/real/real_001308.jpg,0.0,0.9999779462814331,1
/media/D1/ait_users/staff122/deepfake_project/outputs_deepfake_project/dfdc_subset_77_jpg/test/real/real_001309.jpg,0.0,0.9968491196632385,1
/media/D1/ait_users/staff122/deepfake_project/outputs_deepfake_project/dfdc_subset_77_jpg/test/real/real_001310.jpg,0.0,0.9958030581474304,1
/media/D1/ait_users/staff122/deepfake_project/outputs_deepfake_project/dfdc_subset_77_jpg/test/real/real_001311.jpg,0.0,0.005924817640334368,0
/media/D1/ait_users/staff122/deepfake_project/outputs_deepfake_project/dfdc_subset_77_jpg/test/real/real_001312.jpg,0.0,0.030404336750507355,0
/media/D1/ait_users/staff122/deepfake_project/outputs_deepfake_project/dfdc_subset_77_jpg/test/real/real_001313.jpg,0.0,0.9274884462356567,1
/media/D1/ait_users/staff122/deepfake_project/outputs_deepfake_project/dfdc_subset_77_jpg/test/real/real_001314.jpg,0.0,0.7781143188476562,1
/media/D1/ait_users/staff122/deepfake_project/outputs_deepfake_project/dfdc_subset_77_jpg/test/real/real_001315.jpg,0.0,0.8789439797401428,1
/media/D1/ait_users/staff122/deepfake_project/outputs_deepfake_project/dfdc_subset_77_jpg/test/real/real_001316.jpg,0.0,0.9951773881912231,1
/media/D1/ait_users/staff122/deepfake_project/outputs_deepfake_project/dfdc_subset_77_jpg/test/real/real_001317.jpg,0.0,0.03437085077166557,0
/media/D1/ait_users/staff122/deepfake_project/outputs_deepfake_project/dfdc_subset_77_jpg/test/real/real_001318.jpg,0.0,0.8556711673736572,1
/media/D1/ait_users/staff122/deepfake_project/outputs_deepfake_project/dfdc_subset_77_jpg/test/real/real_001319.jpg,0.0,0.9735933542251587,1
/media/D1/ait_users/staff122/deepfake_project/outputs_deepfake_project/dfdc_subset_77_jpg/test/real/real_001320.jpg,0.0,0.9967029690742493,1
/media/D1/ait_users/staff122/deepfake_project/outputs_deepfake_project/dfdc_subset_77_jpg/test/real/real_001321.jpg,0.0,0.705777108669281,1
/media/D1/ait_users/staff122/deepfake_project/outputs_deepfake_project/dfdc_subset_77_jpg/test/real/real_001322.jpg,0.0,0.14538949728012085,0
/media/D1/ait_users/staff122/deepfake_project/outputs_deepfake_project/dfdc_subset_77_jpg/test/real/real_001323.jpg,0.0,0.9919934272766113,1
/media/D1/ait_users/staff122/deepfake_project/outputs_deepfake_project/dfdc_subset_77_jpg/test/real/real_001324.jpg,0.0,0.9303474426269531,1
/media/D1/ait_users/staff122/deepfake_project/outputs_deepfake_project/dfdc_subset_77_jpg/test/real/real_001325.jpg,0.0,0.6128324270248413,1
/media/D1/ait_users/staff122/deepfake_project/outputs_deepfake_project/dfdc_subset_77_jpg/test/real/real_001326.jpg,0.0,0.9864655137062073,1
/media/D1/ait_users/staff122/deepfake_project/outputs_deepfake_project/dfdc_subset_77_jpg/test/real/real_001327.jpg,0.0,0.23898173868656158,0
/media/D1/ait_users/staff122/deepfake_project/outputs_deepfake_project/dfdc_subset_77_jpg/test/real/real_001328.jpg,0.0,0.9955040812492371,1
/media/D1/ait_users/staff122/deepfake_project/outputs_deepfake_project/dfdc_subset_77_jpg/test/real/real_001329.jpg,0.0,0.19090917706489563,0
/media/D1/ait_users/staff122/deepfake_project/outputs_deepfake_project/dfdc_subset_77_jpg/test/real/real_001330.jpg,0.0,0.7089614272117615,1
/media/D1/ait_users/staff122/deepfake_project/outputs_deepfake_project/dfdc_subset_77_jpg/test/real/real_001331.jpg,0.0,0.3109288215637207,0
/media/D1/ait_users/staff122/deepfake_project/outputs_deepfake_project/dfdc_subset_77_jpg/test/real/real_001332.jpg,0.0,0.995227575302124,1
/media/D1/ait_users/staff122/deepfake_project/outputs_deepfake_project/dfdc_subset_77_jpg/test/real/real_001333.jpg,0.0,0.9917278289794922,1
/media/D1/ait_users/staff122/deepfake_project/outputs_deepfake_project/dfdc_subset_77_jpg/test/real/real_001334.jpg,0.0,0.9868589639663696,1
/media/D1/ait_users/staff122/deepfake_project/outputs_deepfake_project/dfdc_subset_77_jpg/test/real/real_001335.jpg,0.0,0.002296190708875656,0
/media/D1/ait_users/staff122/deepfake_project/outputs_deepfake_project/dfdc_subset_77_jpg/test/real/real_001336.jpg,0.0,0.3930281698703766,0
/media/D1/ait_users/staff122/deepfake_project/outputs_deepfake_project/dfdc_subset_77_jpg/test/real/real_001337.jpg,0.0,0.30300095677375793,0
/media/D1/ait_users/staff122/deepfake_project/outputs_deepfake_project/dfdc_subset_77_jpg/test/real/real_001338.jpg,0.0,0.0679258182644844,0
/media/D1/ait_users/staff122/deepfake_project/outputs_deepfake_project/dfdc_subset_77_jpg/test/real/real_001339.jpg,0.0,0.964634895324707,1
/media/D1/ait_users/staff122/deepfake_project/outputs_deepfake_project/dfdc_subset_77_jpg/test/real/real_001340.jpg,0.0,0.9953998923301697,1
/media/D1/ait_users/staff122/deepfake_project/outputs_deepfake_project/dfdc_subset_77_jpg/test/real/real_001341.jpg,0.0,0.9556430578231812,1
/media/D1/ait_users/staff122/deepfake_project/outputs_deepfake_project/dfdc_subset_77_jpg/test/real/real_001342.jpg,0.0,0.522955060005188,1
/media/D1/ait_users/staff122/deepfake_project/outputs_deepfake_project/dfdc_subset_77_jpg/test/real/real_001343.jpg,0.0,0.9069101810455322,1
/media/D1/ait_users/staff122/deepfake_project/outputs_deepfake_project/dfdc_subset_77_jpg/test/real/real_001344.jpg,0.0,0.006672602612525225,0
/media/D1/ait_users/staff122/deepfake_project/outputs_deepfake_project/dfdc_subset_77_jpg/test/real/real_001345.jpg,0.0,0.002187180332839489,0
/media/D1/ait_users/staff122/deepfake_project/outputs_deepfake_project/dfdc_subset_77_jpg/test/real/real_001346.jpg,0.0,0.0002119681885233149,0
/media/D1/ait_users/staff122/deepfake_project/outputs_deepfake_project/dfdc_subset_77_jpg/test/real/real_001347.jpg,0.0,0.16792647540569305,0
/media/D1/ait_users/staff122/deepfake_project/outputs_deepfake_project/dfdc_subset_77_jpg/test/real/real_001348.jpg,0.0,0.004494159948080778,0
/media/D1/ait_users/staff122/deepfake_project/outputs_deepfake_project/dfdc_subset_77_jpg/test/real/real_001349.jpg,0.0,1.069613153958926e-05,0
/media/D1/ait_users/staff122/deepfake_project/outputs_deepfake_project/dfdc_subset_77_jpg/test/real/real_001350.jpg,0.0,7.672359060961753e-06,0
/media/D1/ait_users/staff122/deepfake_project/outputs_deepfake_project/dfdc_subset_77_jpg/test/real/real_001351.jpg,0.0,1.756955271048355e-06,0
/media/D1/ait_users/staff122/deepfake_project/outputs_deepfake_project/dfdc_subset_77_jpg/test/real/real_001352.jpg,0.0,7.3089913712465204e-06,0
/media/D1/ait_users/staff122/deepfake_project/outputs_deepfake_project/dfdc_subset_77_jpg/test/real/real_001353.jpg,0.0,0.0003973485145252198,0
/media/D1/ait_users/staff122/deepfake_project/outputs_deepfake_project/dfdc_subset_77_jpg/test/real/real_001354.jpg,0.0,0.02078021876513958,0
/media/D1/ait_users/staff122/deepfake_project/outputs_deepfake_project/dfdc_subset_77_jpg/test/real/real_001355.jpg,0.0,0.006712575443089008,0
/media/D1/ait_users/staff122/deepfake_project/outputs_deepfake_project/dfdc_subset_77_jpg/test/real/real_001356.jpg,0.0,5.5828088079579175e-05,0
/media/D1/ait_users/staff122/deepfake_project/outputs_deepfake_project/dfdc_subset_77_jpg/test/real/real_001357.jpg,0.0,0.0009243331151083112,0
/media/D1/ait_users/staff122/deepfake_project/outputs_deepfake_project/dfdc_subset_77_jpg/test/real/real_001358.jpg,0.0,0.00011169142089784145,0
/media/D1/ait_users/staff122/deepfake_project/outputs_deepfake_project/dfdc_subset_77_jpg/test/real/real_001359.jpg,0.0,8.817754132905975e-05,0
/media/D1/ait_users/staff122/deepfake_project/outputs_deepfake_project/dfdc_subset_77_jpg/test/real/real_001360.jpg,0.0,1.639048605284188e-05,0
/media/D1/ait_users/staff122/deepfake_project/outputs_deepfake_project/dfdc_subset_77_jpg/test/real/real_001361.jpg,0.0,3.1092570225155214e-06,0
/media/D1/ait_users/staff122/deepfake_project/outputs_deepfake_project/dfdc_subset_77_jpg/test/real/real_001362.jpg,0.0,0.0001459759660065174,0
/media/D1/ait_users/staff122/deepfake_project/outputs_deepfake_project/dfdc_subset_77_jpg/test/real/real_001363.jpg,0.0,2.0678939108620398e-05,0
/media/D1/ait_users/staff122/deepfake_project/outputs_deepfake_project/dfdc_subset_77_jpg/test/real/real_001364.jpg,0.0,0.15670527517795563,0
/media/D1/ait_users/staff122/deepfake_project/outputs_deepfake_project/dfdc_subset_77_jpg/test/real/real_001365.jpg,0.0,0.5249314308166504,1
/media/D1/ait_users/staff122/deepfake_project/outputs_deepfake_project/dfdc_subset_77_jpg/test/real/real_001366.jpg,0.0,3.273315815022215e-05,0
/media/D1/ait_users/staff122/deepfake_project/outputs_deepfake_project/dfdc_subset_77_jpg/test/real/real_001367.jpg,0.0,6.560740075656213e-06,0
/media/D1/ait_users/staff122/deepfake_project/outputs_deepfake_project/dfdc_subset_77_jpg/test/real/real_001368.jpg,0.0,1.4797542462474667e-05,0
/media/D1/ait_users/staff122/deepfake_project/outputs_deepfake_project/dfdc_subset_77_jpg/test/real/real_001369.jpg,0.0,0.0005470002070069313,0
/media/D1/ait_users/staff122/deepfake_project/outputs_deepfake_project/dfdc_subset_77_jpg/test/real/real_001370.jpg,0.0,3.24628890666645e-05,0
/media/D1/ait_users/staff122/deepfake_project/outputs_deepfake_project/dfdc_subset_77_jpg/test/real/real_001371.jpg,0.0,0.000738784670829773,0
/media/D1/ait_users/staff122/deepfake_project/outputs_deepfake_project/dfdc_subset_77_jpg/test/real/real_001372.jpg,0.0,6.630243206018349e-06,0
/media/D1/ait_users/staff122/deepfake_project/outputs_deepfake_project/dfdc_subset_77_jpg/test/real/real_001373.jpg,0.0,3.0671683362015756e-06,0
/media/D1/ait_users/staff122/deepfake_project/outputs_deepfake_project/dfdc_subset_77_jpg/test/real/real_001374.jpg,0.0,9.448874334339052e-05,0
/media/D1/ait_users/staff122/deepfake_project/outputs_deepfake_project/dfdc_subset_77_jpg/test/real/real_001375.jpg,0.0,0.9424934387207031,1
/media/D1/ait_users/staff122/deepfake_project/outputs_deepfake_project/dfdc_subset_77_jpg/test/real/real_001376.jpg,0.0,0.0007346512866206467,0
/media/D1/ait_users/staff122/deepfake_project/outputs_deepfake_project/dfdc_subset_77_jpg/test/real/real_001377.jpg,0.0,0.002025302266702056,0
/media/D1/ait_users/staff122/deepfake_project/outputs_deepfake_project/dfdc_subset_77_jpg/test/real/real_001378.jpg,0.0,0.015450564213097095,0
/media/D1/ait_users/staff122/deepfake_project/outputs_deepfake_project/dfdc_subset_77_jpg/test/real/real_001379.jpg,0.0,0.9052903056144714,1
/media/D1/ait_users/staff122/deepfake_project/outputs_deepfake_project/dfdc_subset_77_jpg/test/real/real_001380.jpg,0.0,0.4744436740875244,0
/media/D1/ait_users/staff122/deepfake_project/outputs_deepfake_project/dfdc_subset_77_jpg/test/real/real_001381.jpg,0.0,0.044328201562166214,0
/media/D1/ait_users/staff122/deepfake_project/outputs_deepfake_project/dfdc_subset_77_jpg/test/real/real_001382.jpg,0.0,0.6021217107772827,1
/media/D1/ait_users/staff122/deepfake_project/outputs_deepfake_project/dfdc_subset_77_jpg/test/real/real_001383.jpg,0.0,0.7876356840133667,1
/media/D1/ait_users/staff122/deepfake_project/outputs_deepfake_project/dfdc_subset_77_jpg/test/real/real_001384.jpg,0.0,0.0001619727408979088,0
/media/D1/ait_users/staff122/deepfake_project/outputs_deepfake_project/dfdc_subset_77_jpg/test/real/real_001385.jpg,0.0,0.0011202183086425066,0
/media/D1/ait_users/staff122/deepfake_project/outputs_deepfake_project/dfdc_subset_77_jpg/test/real/real_001386.jpg,0.0,0.04724181443452835,0
/media/D1/ait_users/staff122/deepfake_project/outputs_deepfake_project/dfdc_subset_77_jpg/test/real/real_001387.jpg,0.0,0.0008890675380825996,0
/media/D1/ait_users/staff122/deepfake_project/outputs_deepfake_project/dfdc_subset_77_jpg/test/real/real_001388.jpg,0.0,0.01841581240296364,0
/media/D1/ait_users/staff122/deepfake_project/outputs_deepfake_project/dfdc_subset_77_jpg/test/real/real_001389.jpg,0.0,0.0026771046686917543,0
/media/D1/ait_users/staff122/deepfake_project/outputs_deepfake_project/dfdc_subset_77_jpg/test/real/real_001390.jpg,0.0,5.489148861670401e-06,0
/media/D1/ait_users/staff122/deepfake_project/outputs_deepfake_project/dfdc_subset_77_jpg/test/real/real_001391.jpg,0.0,0.00016690880875103176,0
/media/D1/ait_users/staff122/deepfake_project/outputs_deepfake_project/dfdc_subset_77_jpg/test/real/real_001392.jpg,0.0,0.0001411728881066665,0
/media/D1/ait_users/staff122/deepfake_project/outputs_deepfake_project/dfdc_subset_77_jpg/test/real/real_001393.jpg,0.0,0.0001637361419852823,0
/media/D1/ait_users/staff122/deepfake_project/outputs_deepfake_project/dfdc_subset_77_jpg/test/real/real_001394.jpg,0.0,0.0007347174687311053,0
/media/D1/ait_users/staff122/deepfake_project/outputs_deepfake_project/dfdc_subset_77_jpg/test/real/real_001395.jpg,0.0,6.868739092169562e-06,0
/media/D1/ait_users/staff122/deepfake_project/outputs_deepfake_project/dfdc_subset_77_jpg/test/real/real_001396.jpg,0.0,0.0032522764522582293,0
/media/D1/ait_users/staff122/deepfake_project/outputs_deepfake_project/dfdc_subset_77_jpg/test/real/real_001397.jpg,0.0,0.01564157009124756,0
/media/D1/ait_users/staff122/deepfake_project/outputs_deepfake_project/dfdc_subset_77_jpg/test/real/real_001398.jpg,0.0,0.0029710200615227222,0
/media/D1/ait_users/staff122/deepfake_project/outputs_deepfake_project/dfdc_subset_77_jpg/test/real/real_001399.jpg,0.0,0.6135910153388977,1
/media/D1/ait_users/staff122/deepfake_project/outputs_deepfake_project/dfdc_subset_77_jpg/test/real/real_001400.jpg,0.0,0.000524139788467437,0
/media/D1/ait_users/staff122/deepfake_project/outputs_deepfake_project/dfdc_subset_77_jpg/test/real/real_001401.jpg,0.0,0.9988671541213989,1
/media/D1/ait_users/staff122/deepfake_project/outputs_deepfake_project/dfdc_subset_77_jpg/test/real/real_001402.jpg,0.0,0.9996894598007202,1
/media/D1/ait_users/staff122/deepfake_project/outputs_deepfake_project/dfdc_subset_77_jpg/test/real/real_001403.jpg,0.0,0.17387399077415466,0
/media/D1/ait_users/staff122/deepfake_project/outputs_deepfake_project/dfdc_subset_77_jpg/test/real/real_001404.jpg,0.0,0.8601298928260803,1
/media/D1/ait_users/staff122/deepfake_project/outputs_deepfake_project/dfdc_subset_77_jpg/test/real/real_001405.jpg,0.0,0.0002675549767445773,0
/media/D1/ait_users/staff122/deepfake_project/outputs_deepfake_project/dfdc_subset_77_jpg/test/real/real_001406.jpg,0.0,0.019829753786325455,0
/media/D1/ait_users/staff122/deepfake_project/outputs_deepfake_project/dfdc_subset_77_jpg/test/real/real_001407.jpg,0.0,0.001204783795401454,0
/media/D1/ait_users/staff122/deepfake_project/outputs_deepfake_project/dfdc_subset_77_jpg/test/real/real_001408.jpg,0.0,0.30092400312423706,0
/media/D1/ait_users/staff122/deepfake_project/outputs_deepfake_project/dfdc_subset_77_jpg/test/real/real_001409.jpg,0.0,0.0024914368987083435,0
/media/D1/ait_users/staff122/deepfake_project/outputs_deepfake_project/dfdc_subset_77_jpg/test/real/real_001410.jpg,0.0,0.00014124707377050072,0
/media/D1/ait_users/staff122/deepfake_project/outputs_deepfake_project/dfdc_subset_77_jpg/test/real/real_001411.jpg,0.0,0.00013863189087715,0
/media/D1/ait_users/staff122/deepfake_project/outputs_deepfake_project/dfdc_subset_77_jpg/test/real/real_001412.jpg,0.0,0.3469495177268982,0
/media/D1/ait_users/staff122/deepfake_project/outputs_deepfake_project/dfdc_subset_77_jpg/test/real/real_001413.jpg,0.0,0.006961026228964329,0
/media/D1/ait_users/staff122/deepfake_project/outputs_deepfake_project/dfdc_subset_77_jpg/test/real/real_001414.jpg,0.0,0.0001346147182630375,0
/media/D1/ait_users/staff122/deepfake_project/outputs_deepfake_project/dfdc_subset_77_jpg/test/real/real_001415.jpg,0.0,0.0030209349934011698,0
/media/D1/ait_users/staff122/deepfake_project/outputs_deepfake_project/dfdc_subset_77_jpg/test/real/real_001416.jpg,0.0,5.3698116971645504e-05,0
/media/D1/ait_users/staff122/deepfake_project/outputs_deepfake_project/dfdc_subset_77_jpg/test/real/real_001417.jpg,0.0,0.00013498221233021468,0
/media/D1/ait_users/staff122/deepfake_project/outputs_deepfake_project/dfdc_subset_77_jpg/test/real/real_001418.jpg,0.0,0.0015913713723421097,0
/media/D1/ait_users/staff122/deepfake_project/outputs_deepfake_project/dfdc_subset_77_jpg/test/real/real_001419.jpg,0.0,0.0005510749761015177,0
/media/D1/ait_users/staff122/deepfake_project/outputs_deepfake_project/dfdc_subset_77_jpg/test/real/real_001420.jpg,0.0,0.006313054356724024,0
/media/D1/ait_users/staff122/deepfake_project/outputs_deepfake_project/dfdc_subset_77_jpg/test/real/real_001421.jpg,0.0,0.002972452435642481,0
/media/D1/ait_users/staff122/deepfake_project/outputs_deepfake_project/dfdc_subset_77_jpg/test/real/real_001422.jpg,0.0,5.832462557009421e-05,0
/media/D1/ait_users/staff122/deepfake_project/outputs_deepfake_project/dfdc_subset_77_jpg/test/real/real_001423.jpg,0.0,0.00016185246931854635,0
/media/D1/ait_users/staff122/deepfake_project/outputs_deepfake_project/dfdc_subset_77_jpg/test/real/real_001424.jpg,0.0,3.733141511474969e-06,0
/media/D1/ait_users/staff122/deepfake_project/outputs_deepfake_project/dfdc_subset_77_jpg/test/real/real_001425.jpg,0.0,8.328396688739303e-06,0
/media/D1/ait_users/staff122/deepfake_project/outputs_deepfake_project/dfdc_subset_77_jpg/test/real/real_001426.jpg,0.0,3.5333363484824076e-05,0
/media/D1/ait_users/staff122/deepfake_project/outputs_deepfake_project/dfdc_subset_77_jpg/test/real/real_001427.jpg,0.0,0.0028189122676849365,0
/media/D1/ait_users/staff122/deepfake_project/outputs_deepfake_project/dfdc_subset_77_jpg/test/real/real_001428.jpg,0.0,0.0014939600368961692,0
/media/D1/ait_users/staff122/deepfake_project/outputs_deepfake_project/dfdc_subset_77_jpg/test/real/real_001429.jpg,0.0,0.835979700088501,1
/media/D1/ait_users/staff122/deepfake_project/outputs_deepfake_project/dfdc_subset_77_jpg/test/real/real_001430.jpg,0.0,0.9987710118293762,1
/media/D1/ait_users/staff122/deepfake_project/outputs_deepfake_project/dfdc_subset_77_jpg/test/real/real_001431.jpg,0.0,0.007698622066527605,0
/media/D1/ait_users/staff122/deepfake_project/outputs_deepfake_project/dfdc_subset_77_jpg/test/real/real_001432.jpg,0.0,0.001468683360144496,0
/media/D1/ait_users/staff122/deepfake_project/outputs_deepfake_project/dfdc_subset_77_jpg/test/real/real_001433.jpg,0.0,0.33814170956611633,0
/media/D1/ait_users/staff122/deepfake_project/outputs_deepfake_project/dfdc_subset_77_jpg/test/real/real_001434.jpg,0.0,0.05761207267642021,0
/media/D1/ait_users/staff122/deepfake_project/outputs_deepfake_project/dfdc_subset_77_jpg/test/real/real_001435.jpg,0.0,0.00010034837760031223,0
/media/D1/ait_users/staff122/deepfake_project/outputs_deepfake_project/dfdc_subset_77_jpg/test/real/real_001436.jpg,0.0,0.0003803648869507015,0
/media/D1/ait_users/staff122/deepfake_project/outputs_deepfake_project/dfdc_subset_77_jpg/test/real/real_001437.jpg,0.0,0.018752465024590492,0
/media/D1/ait_users/staff122/deepfake_project/outputs_deepfake_project/dfdc_subset_77_jpg/test/real/real_001438.jpg,0.0,0.0833696648478508,0
/media/D1/ait_users/staff122/deepfake_project/outputs_deepfake_project/dfdc_subset_77_jpg/test/real/real_001439.jpg,0.0,0.0034384075552225113,0
/media/D1/ait_users/staff122/deepfake_project/outputs_deepfake_project/dfdc_subset_77_jpg/test/real/real_001440.jpg,0.0,0.023901470005512238,0
/media/D1/ait_users/staff122/deepfake_project/outputs_deepfake_project/dfdc_subset_77_jpg/test/real/real_001441.jpg,0.0,0.00471166055649519,0
/media/D1/ait_users/staff122/deepfake_project/outputs_deepfake_project/dfdc_subset_77_jpg/test/real/real_001442.jpg,0.0,0.007008227054029703,0
/media/D1/ait_users/staff122/deepfake_project/outputs_deepfake_project/dfdc_subset_77_jpg/test/real/real_001443.jpg,0.0,0.9858107566833496,1
/media/D1/ait_users/staff122/deepfake_project/outputs_deepfake_project/dfdc_subset_77_jpg/test/real/real_001444.jpg,0.0,0.9998979568481445,1
/media/D1/ait_users/staff122/deepfake_project/outputs_deepfake_project/dfdc_subset_77_jpg/test/real/real_001445.jpg,0.0,0.991561233997345,1
/media/D1/ait_users/staff122/deepfake_project/outputs_deepfake_project/dfdc_subset_77_jpg/test/real/real_001446.jpg,0.0,0.9981213212013245,1
/media/D1/ait_users/staff122/deepfake_project/outputs_deepfake_project/dfdc_subset_77_jpg/test/real/real_001447.jpg,0.0,0.9946651458740234,1
/media/D1/ait_users/staff122/deepfake_project/outputs_deepfake_project/dfdc_subset_77_jpg/test/real/real_001448.jpg,0.0,0.9969384670257568,1
/media/D1/ait_users/staff122/deepfake_project/outputs_deepfake_project/dfdc_subset_77_jpg/test/real/real_001449.jpg,0.0,0.9976467490196228,1
/media/D1/ait_users/staff122/deepfake_project/outputs_deepfake_project/dfdc_subset_77_jpg/test/real/real_001450.jpg,0.0,0.995821475982666,1
/media/D1/ait_users/staff122/deepfake_project/outputs_deepfake_project/dfdc_subset_77_jpg/test/real/real_001451.jpg,0.0,0.11400343477725983,0
/media/D1/ait_users/staff122/deepfake_project/outputs_deepfake_project/dfdc_subset_77_jpg/test/real/real_001452.jpg,0.0,0.1102539449930191,0
/media/D1/ait_users/staff122/deepfake_project/outputs_deepfake_project/dfdc_subset_77_jpg/test/real/real_001453.jpg,0.0,0.017433620989322662,0
/media/D1/ait_users/staff122/deepfake_project/outputs_deepfake_project/dfdc_subset_77_jpg/test/real/real_001454.jpg,0.0,0.05362427979707718,0
/media/D1/ait_users/staff122/deepfake_project/outputs_deepfake_project/dfdc_subset_77_jpg/test/real/real_001455.jpg,0.0,0.01756950654089451,0
/media/D1/ait_users/staff122/deepfake_project/outputs_deepfake_project/dfdc_subset_77_jpg/test/real/real_001456.jpg,0.0,0.1943969577550888,0
/media/D1/ait_users/staff122/deepfake_project/outputs_deepfake_project/dfdc_subset_77_jpg/test/real/real_001457.jpg,0.0,0.993350088596344,1
/media/D1/ait_users/staff122/deepfake_project/outputs_deepfake_project/dfdc_subset_77_jpg/test/real/real_001458.jpg,0.0,0.9962080717086792,1
/media/D1/ait_users/staff122/deepfake_project/outputs_deepfake_project/dfdc_subset_77_jpg/test/real/real_001459.jpg,0.0,0.15090708434581757,0
/media/D1/ait_users/staff122/deepfake_project/outputs_deepfake_project/dfdc_subset_77_jpg/test/real/real_001460.jpg,0.0,0.0023217040579766035,0
/media/D1/ait_users/staff122/deepfake_project/outputs_deepfake_project/dfdc_subset_77_jpg/test/real/real_001461.jpg,0.0,0.010720365680754185,0
/media/D1/ait_users/staff122/deepfake_project/outputs_deepfake_project/dfdc_subset_77_jpg/test/real/real_001462.jpg,0.0,0.028578799217939377,0
/media/D1/ait_users/staff122/deepfake_project/outputs_deepfake_project/dfdc_subset_77_jpg/test/real/real_001463.jpg,0.0,0.29288020730018616,0
/media/D1/ait_users/staff122/deepfake_project/outputs_deepfake_project/dfdc_subset_77_jpg/test/real/real_001464.jpg,0.0,0.02732432261109352,0
/media/D1/ait_users/staff122/deepfake_project/outputs_deepfake_project/dfdc_subset_77_jpg/test/real/real_001465.jpg,0.0,0.0009169639670290053,0
/media/D1/ait_users/staff122/deepfake_project/outputs_deepfake_project/dfdc_subset_77_jpg/test/real/real_001466.jpg,0.0,0.00021317394566722214,0
/media/D1/ait_users/staff122/deepfake_project/outputs_deepfake_project/dfdc_subset_77_jpg/test/real/real_001467.jpg,0.0,0.016075052320957184,0
/media/D1/ait_users/staff122/deepfake_project/outputs_deepfake_project/dfdc_subset_77_jpg/test/real/real_001468.jpg,0.0,0.00034478725865483284,0
/media/D1/ait_users/staff122/deepfake_project/outputs_deepfake_project/dfdc_subset_77_jpg/test/real/real_001469.jpg,0.0,4.677335891756229e-05,0
/media/D1/ait_users/staff122/deepfake_project/outputs_deepfake_project/dfdc_subset_77_jpg/test/real/real_001470.jpg,0.0,0.0011453224578872323,0
/media/D1/ait_users/staff122/deepfake_project/outputs_deepfake_project/dfdc_subset_77_jpg/test/real/real_001471.jpg,0.0,0.0007074012537486851,0
/media/D1/ait_users/staff122/deepfake_project/outputs_deepfake_project/dfdc_subset_77_jpg/test/real/real_001472.jpg,0.0,0.7813902497291565,1
/media/D1/ait_users/staff122/deepfake_project/outputs_deepfake_project/dfdc_subset_77_jpg/test/real/real_001473.jpg,0.0,0.8339419364929199,1
/media/D1/ait_users/staff122/deepfake_project/outputs_deepfake_project/dfdc_subset_77_jpg/test/real/real_001474.jpg,0.0,0.47645115852355957,0
/media/D1/ait_users/staff122/deepfake_project/outputs_deepfake_project/dfdc_subset_77_jpg/test/real/real_001475.jpg,0.0,0.6236024498939514,1
/media/D1/ait_users/staff122/deepfake_project/outputs_deepfake_project/dfdc_subset_77_jpg/test/real/real_001476.jpg,0.0,0.503936231136322,1
/media/D1/ait_users/staff122/deepfake_project/outputs_deepfake_project/dfdc_subset_77_jpg/test/real/real_001477.jpg,0.0,0.2202579826116562,0
/media/D1/ait_users/staff122/deepfake_project/outputs_deepfake_project/dfdc_subset_77_jpg/test/real/real_001478.jpg,0.0,0.8334323763847351,1
/media/D1/ait_users/staff122/deepfake_project/outputs_deepfake_project/dfdc_subset_77_jpg/test/real/real_001479.jpg,0.0,0.44764918088912964,0
/media/D1/ait_users/staff122/deepfake_project/outputs_deepfake_project/dfdc_subset_77_jpg/test/real/real_001480.jpg,0.0,0.9737406373023987,1
/media/D1/ait_users/staff122/deepfake_project/outputs_deepfake_project/dfdc_subset_77_jpg/test/real/real_001481.jpg,0.0,0.2012409120798111,0
/media/D1/ait_users/staff122/deepfake_project/outputs_deepfake_project/dfdc_subset_77_jpg/test/real/real_001482.jpg,0.0,0.00737266568467021,0
/media/D1/ait_users/staff122/deepfake_project/outputs_deepfake_project/dfdc_subset_77_jpg/test/real/real_001483.jpg,0.0,0.8359298706054688,1
/media/D1/ait_users/staff122/deepfake_project/outputs_deepfake_project/dfdc_subset_77_jpg/test/real/real_001484.jpg,0.0,0.6738684177398682,1
/media/D1/ait_users/staff122/deepfake_project/outputs_deepfake_project/dfdc_subset_77_jpg/test/real/real_001485.jpg,0.0,0.729767918586731,1
/media/D1/ait_users/staff122/deepfake_project/outputs_deepfake_project/dfdc_subset_77_jpg/test/real/real_001486.jpg,0.0,0.9780911803245544,1
/media/D1/ait_users/staff122/deepfake_project/outputs_deepfake_project/dfdc_subset_77_jpg/test/real/real_001487.jpg,0.0,0.19239817559719086,0
/media/D1/ait_users/staff122/deepfake_project/outputs_deepfake_project/dfdc_subset_77_jpg/test/real/real_001488.jpg,0.0,0.8084606528282166,1
/media/D1/ait_users/staff122/deepfake_project/outputs_deepfake_project/dfdc_subset_77_jpg/test/real/real_001489.jpg,0.0,0.9974586367607117,1
/media/D1/ait_users/staff122/deepfake_project/outputs_deepfake_project/dfdc_subset_77_jpg/test/real/real_001490.jpg,0.0,0.997911274433136,1
/media/D1/ait_users/staff122/deepfake_project/outputs_deepfake_project/dfdc_subset_77_jpg/test/real/real_001491.jpg,0.0,0.9999822378158569,1
/media/D1/ait_users/staff122/deepfake_project/outputs_deepfake_project/dfdc_subset_77_jpg/test/real/real_001492.jpg,0.0,0.4077170193195343,0
/media/D1/ait_users/staff122/deepfake_project/outputs_deepfake_project/dfdc_subset_77_jpg/test/real/real_001493.jpg,0.0,0.9627352952957153,1
/media/D1/ait_users/staff122/deepfake_project/outputs_deepfake_project/dfdc_subset_77_jpg/test/real/real_001494.jpg,0.0,0.6943594813346863,1
/media/D1/ait_users/staff122/deepfake_project/outputs_deepfake_project/dfdc_subset_77_jpg/test/real/real_001495.jpg,0.0,0.5607188940048218,1
/media/D1/ait_users/staff122/deepfake_project/outputs_deepfake_project/dfdc_subset_77_jpg/test/real/real_001496.jpg,0.0,0.9995206594467163,1
/media/D1/ait_users/staff122/deepfake_project/outputs_deepfake_project/dfdc_subset_77_jpg/test/real/real_001497.jpg,0.0,0.7084473967552185,1
/media/D1/ait_users/staff122/deepfake_project/outputs_deepfake_project/dfdc_subset_77_jpg/test/real/real_001498.jpg,0.0,0.4039255678653717,0
/media/D1/ait_users/staff122/deepfake_project/outputs_deepfake_project/dfdc_subset_77_jpg/test/real/real_001499.jpg,0.0,0.8804227113723755,1
/media/D1/ait_users/staff122/deepfake_project/outputs_deepfake_project/dfdc_subset_77_jpg/test/real/real_001500.jpg,0.0,0.9704527258872986,1
/media/D1/ait_users/staff122/deepfake_project/outputs_deepfake_project/dfdc_subset_77_jpg/test/real/real_001501.jpg,0.0,0.07473600655794144,0
/media/D1/ait_users/staff122/deepfake_project/outputs_deepfake_project/dfdc_subset_77_jpg/test/real/real_001502.jpg,0.0,0.465669721364975,0
/media/D1/ait_users/staff122/deepfake_project/outputs_deepfake_project/dfdc_subset_77_jpg/test/real/real_001503.jpg,0.0,0.9085476994514465,1
/media/D1/ait_users/staff122/deepfake_project/outputs_deepfake_project/dfdc_subset_77_jpg/test/real/real_001504.jpg,0.0,0.024972638115286827,0
/media/D1/ait_users/staff122/deepfake_project/outputs_deepfake_project/dfdc_subset_77_jpg/test/real/real_001505.jpg,0.0,0.0019632435869425535,0
/media/D1/ait_users/staff122/deepfake_project/outputs_deepfake_project/dfdc_subset_77_jpg/test/real/real_001506.jpg,0.0,0.758867084980011,1
/media/D1/ait_users/staff122/deepfake_project/outputs_deepfake_project/dfdc_subset_77_jpg/test/real/real_001507.jpg,0.0,0.07556335628032684,0
/media/D1/ait_users/staff122/deepfake_project/outputs_deepfake_project/dfdc_subset_77_jpg/test/real/real_001508.jpg,0.0,0.04136556759476662,0
/media/D1/ait_users/staff122/deepfake_project/outputs_deepfake_project/dfdc_subset_77_jpg/test/real/real_001509.jpg,0.0,0.008758079260587692,0
/media/D1/ait_users/staff122/deepfake_project/outputs_deepfake_project/dfdc_subset_77_jpg/test/real/real_001510.jpg,0.0,0.7083629965782166,1
/media/D1/ait_users/staff122/deepfake_project/outputs_deepfake_project/dfdc_subset_77_jpg/test/real/real_001511.jpg,0.0,0.6071540117263794,1
/media/D1/ait_users/staff122/deepfake_project/outputs_deepfake_project/dfdc_subset_77_jpg/test/real/real_001512.jpg,0.0,0.9827105402946472,1
/media/D1/ait_users/staff122/deepfake_project/outputs_deepfake_project/dfdc_subset_77_jpg/test/real/real_001513.jpg,0.0,0.9061623811721802,1
/media/D1/ait_users/staff122/deepfake_project/outputs_deepfake_project/dfdc_subset_77_jpg/test/real/real_001514.jpg,0.0,0.2472718060016632,0
/media/D1/ait_users/staff122/deepfake_project/outputs_deepfake_project/dfdc_subset_77_jpg/test/real/real_001515.jpg,0.0,0.3662898540496826,0
/media/D1/ait_users/staff122/deepfake_project/outputs_deepfake_project/dfdc_subset_77_jpg/test/real/real_001516.jpg,0.0,0.9685878157615662,1
/media/D1/ait_users/staff122/deepfake_project/outputs_deepfake_project/dfdc_subset_77_jpg/test/real/real_001517.jpg,0.0,0.7151726484298706,1
/media/D1/ait_users/staff122/deepfake_project/outputs_deepfake_project/dfdc_subset_77_jpg/test/real/real_001518.jpg,0.0,0.6026114225387573,1
/media/D1/ait_users/staff122/deepfake_project/outputs_deepfake_project/dfdc_subset_77_jpg/test/real/real_001519.jpg,0.0,0.0815279632806778,0
/media/D1/ait_users/staff122/deepfake_project/outputs_deepfake_project/dfdc_subset_77_jpg/test/real/real_001520.jpg,0.0,0.00744246318936348,0
/media/D1/ait_users/staff122/deepfake_project/outputs_deepfake_project/dfdc_subset_77_jpg/test/real/real_001521.jpg,0.0,0.3331502377986908,0
/media/D1/ait_users/staff122/deepfake_project/outputs_deepfake_project/dfdc_subset_77_jpg/test/real/real_001522.jpg,0.0,0.9130372405052185,1
/media/D1/ait_users/staff122/deepfake_project/outputs_deepfake_project/dfdc_subset_77_jpg/test/real/real_001523.jpg,0.0,0.6796340942382812,1
/media/D1/ait_users/staff122/deepfake_project/outputs_deepfake_project/dfdc_subset_77_jpg/test/real/real_001524.jpg,0.0,0.03936571255326271,0
/media/D1/ait_users/staff122/deepfake_project/outputs_deepfake_project/dfdc_subset_77_jpg/test/real/real_001525.jpg,0.0,0.08268849551677704,0
/media/D1/ait_users/staff122/deepfake_project/outputs_deepfake_project/dfdc_subset_77_jpg/test/real/real_001526.jpg,0.0,0.9929752349853516,1
/media/D1/ait_users/staff122/deepfake_project/outputs_deepfake_project/dfdc_subset_77_jpg/test/real/real_001527.jpg,0.0,0.9943951368331909,1
/media/D1/ait_users/staff122/deepfake_project/outputs_deepfake_project/dfdc_subset_77_jpg/test/real/real_001528.jpg,0.0,0.06406062841415405,0
/media/D1/ait_users/staff122/deepfake_project/outputs_deepfake_project/dfdc_subset_77_jpg/test/real/real_001529.jpg,0.0,0.8896198272705078,1
/media/D1/ait_users/staff122/deepfake_project/outputs_deepfake_project/dfdc_subset_77_jpg/test/real/real_001530.jpg,0.0,0.21356302499771118,0
/media/D1/ait_users/staff122/deepfake_project/outputs_deepfake_project/dfdc_subset_77_jpg/test/real/real_001531.jpg,0.0,0.3358531594276428,0
/media/D1/ait_users/staff122/deepfake_project/outputs_deepfake_project/dfdc_subset_77_jpg/test/real/real_001532.jpg,0.0,0.34160810708999634,0
/media/D1/ait_users/staff122/deepfake_project/outputs_deepfake_project/dfdc_subset_77_jpg/test/real/real_001533.jpg,0.0,0.9822015166282654,1
/media/D1/ait_users/staff122/deepfake_project/outputs_deepfake_project/dfdc_subset_77_jpg/test/real/real_001534.jpg,0.0,0.9730964303016663,1
/media/D1/ait_users/staff122/deepfake_project/outputs_deepfake_project/dfdc_subset_77_jpg/test/real/real_001535.jpg,0.0,0.9396420121192932,1
/media/D1/ait_users/staff122/deepfake_project/outputs_deepfake_project/dfdc_subset_77_jpg/test/real/real_001536.jpg,0.0,0.8336931467056274,1
/media/D1/ait_users/staff122/deepfake_project/outputs_deepfake_project/dfdc_subset_77_jpg/test/real/real_001537.jpg,0.0,0.7586947083473206,1
/media/D1/ait_users/staff122/deepfake_project/outputs_deepfake_project/dfdc_subset_77_jpg/test/real/real_001538.jpg,0.0,0.5865110158920288,1
/media/D1/ait_users/staff122/deepfake_project/outputs_deepfake_project/dfdc_subset_77_jpg/test/real/real_001539.jpg,0.0,0.8803622126579285,1
/media/D1/ait_users/staff122/deepfake_project/outputs_deepfake_project/dfdc_subset_77_jpg/test/real/real_001540.jpg,0.0,0.4765818119049072,0
/media/D1/ait_users/staff122/deepfake_project/outputs_deepfake_project/dfdc_subset_77_jpg/test/real/real_001541.jpg,0.0,0.3867570161819458,0
/media/D1/ait_users/staff122/deepfake_project/outputs_deepfake_project/dfdc_subset_77_jpg/test/real/real_001542.jpg,0.0,0.8382318615913391,1
/media/D1/ait_users/staff122/deepfake_project/outputs_deepfake_project/dfdc_subset_77_jpg/test/real/real_001543.jpg,0.0,0.8113143444061279,1
/media/D1/ait_users/staff122/deepfake_project/outputs_deepfake_project/dfdc_subset_77_jpg/test/real/real_001544.jpg,0.0,0.6487365365028381,1
/media/D1/ait_users/staff122/deepfake_project/outputs_deepfake_project/dfdc_subset_77_jpg/test/real/real_001545.jpg,0.0,0.44624215364456177,0
/media/D1/ait_users/staff122/deepfake_project/outputs_deepfake_project/dfdc_subset_77_jpg/test/real/real_001546.jpg,0.0,0.9774296283721924,1
/media/D1/ait_users/staff122/deepfake_project/outputs_deepfake_project/dfdc_subset_77_jpg/test/real/real_001547.jpg,0.0,0.7884232997894287,1
/media/D1/ait_users/staff122/deepfake_project/outputs_deepfake_project/dfdc_subset_77_jpg/test/real/real_001548.jpg,0.0,0.7917279005050659,1
/media/D1/ait_users/staff122/deepfake_project/outputs_deepfake_project/dfdc_subset_77_jpg/test/real/real_001549.jpg,0.0,0.6075189113616943,1
/media/D1/ait_users/staff122/deepfake_project/outputs_deepfake_project/dfdc_subset_77_jpg/test/real/real_001550.jpg,0.0,0.8006049394607544,1
/media/D1/ait_users/staff122/deepfake_project/outputs_deepfake_project/dfdc_subset_77_jpg/test/real/real_001551.jpg,0.0,0.8613839149475098,1
/media/D1/ait_users/staff122/deepfake_project/outputs_deepfake_project/dfdc_subset_77_jpg/test/real/real_001552.jpg,0.0,0.8874392509460449,1
/media/D1/ait_users/staff122/deepfake_project/outputs_deepfake_project/dfdc_subset_77_jpg/test/real/real_001553.jpg,0.0,0.38333556056022644,0
/media/D1/ait_users/staff122/deepfake_project/outputs_deepfake_project/dfdc_subset_77_jpg/test/real/real_001554.jpg,0.0,0.9931482672691345,1
/media/D1/ait_users/staff122/deepfake_project/outputs_deepfake_project/dfdc_subset_77_jpg/test/real/real_001555.jpg,0.0,0.9735905528068542,1
/media/D1/ait_users/staff122/deepfake_project/outputs_deepfake_project/dfdc_subset_77_jpg/test/real/real_001556.jpg,0.0,0.2606898248195648,0
/media/D1/ait_users/staff122/deepfake_project/outputs_deepfake_project/dfdc_subset_77_jpg/test/real/real_001557.jpg,0.0,0.36260467767715454,0
/media/D1/ait_users/staff122/deepfake_project/outputs_deepfake_project/dfdc_subset_77_jpg/test/real/real_001558.jpg,0.0,0.10795123130083084,0
/media/D1/ait_users/staff122/deepfake_project/outputs_deepfake_project/dfdc_subset_77_jpg/test/real/real_001559.jpg,0.0,0.5626751780509949,1
/media/D1/ait_users/staff122/deepfake_project/outputs_deepfake_project/dfdc_subset_77_jpg/test/real/real_001560.jpg,0.0,0.7054001092910767,1
/media/D1/ait_users/staff122/deepfake_project/outputs_deepfake_project/dfdc_subset_77_jpg/test/real/real_001561.jpg,0.0,0.9304441213607788,1
/media/D1/ait_users/staff122/deepfake_project/outputs_deepfake_project/dfdc_subset_77_jpg/test/real/real_001562.jpg,0.0,0.6168931722640991,1
/media/D1/ait_users/staff122/deepfake_project/outputs_deepfake_project/dfdc_subset_77_jpg/test/real/real_001563.jpg,0.0,0.6865401864051819,1
/media/D1/ait_users/staff122/deepfake_project/outputs_deepfake_project/dfdc_subset_77_jpg/test/real/real_001564.jpg,0.0,0.26532596349716187,0
/media/D1/ait_users/staff122/deepfake_project/outputs_deepfake_project/dfdc_subset_77_jpg/test/real/real_001565.jpg,0.0,0.3098989725112915,0
/media/D1/ait_users/staff122/deepfake_project/outputs_deepfake_project/dfdc_subset_77_jpg/test/real/real_001566.jpg,0.0,0.5599806904792786,1
/media/D1/ait_users/staff122/deepfake_project/outputs_deepfake_project/dfdc_subset_77_jpg/test/real/real_001567.jpg,0.0,0.5523992776870728,1
/media/D1/ait_users/staff122/deepfake_project/outputs_deepfake_project/dfdc_subset_77_jpg/test/real/real_001568.jpg,0.0,0.6201704740524292,1
/media/D1/ait_users/staff122/deepfake_project/outputs_deepfake_project/dfdc_subset_77_jpg/test/real/real_001569.jpg,0.0,0.8627557754516602,1
/media/D1/ait_users/staff122/deepfake_project/outputs_deepfake_project/dfdc_subset_77_jpg/test/real/real_001570.jpg,0.0,0.4859805703163147,0
/media/D1/ait_users/staff122/deepfake_project/outputs_deepfake_project/dfdc_subset_77_jpg/test/real/real_001571.jpg,0.0,0.0184247437864542,0
/media/D1/ait_users/staff122/deepfake_project/outputs_deepfake_project/dfdc_subset_77_jpg/test/real/real_001572.jpg,0.0,0.9894549250602722,1
/media/D1/ait_users/staff122/deepfake_project/outputs_deepfake_project/dfdc_subset_77_jpg/test/real/real_001573.jpg,0.0,0.013811378739774227,0
/media/D1/ait_users/staff122/deepfake_project/outputs_deepfake_project/dfdc_subset_77_jpg/test/real/real_001574.jpg,0.0,0.29391467571258545,0
/media/D1/ait_users/staff122/deepfake_project/outputs_deepfake_project/dfdc_subset_77_jpg/test/real/real_001575.jpg,0.0,0.8216530084609985,1
/media/D1/ait_users/staff122/deepfake_project/outputs_deepfake_project/dfdc_subset_77_jpg/test/real/real_001576.jpg,0.0,0.1513557881116867,0
/media/D1/ait_users/staff122/deepfake_project/outputs_deepfake_project/dfdc_subset_77_jpg/test/real/real_001577.jpg,0.0,0.9337990283966064,1
/media/D1/ait_users/staff122/deepfake_project/outputs_deepfake_project/dfdc_subset_77_jpg/test/real/real_001578.jpg,0.0,0.05332890525460243,0
/media/D1/ait_users/staff122/deepfake_project/outputs_deepfake_project/dfdc_subset_77_jpg/test/real/real_001579.jpg,0.0,0.8811025023460388,1
/media/D1/ait_users/staff122/deepfake_project/outputs_deepfake_project/dfdc_subset_77_jpg/test/real/real_001580.jpg,0.0,0.9818597435951233,1
/media/D1/ait_users/staff122/deepfake_project/outputs_deepfake_project/dfdc_subset_77_jpg/test/real/real_001581.jpg,0.0,0.7051877975463867,1
/media/D1/ait_users/staff122/deepfake_project/outputs_deepfake_project/dfdc_subset_77_jpg/test/real/real_001582.jpg,0.0,0.023024126887321472,0
/media/D1/ait_users/staff122/deepfake_project/outputs_deepfake_project/dfdc_subset_77_jpg/test/real/real_001583.jpg,0.0,0.08964879810810089,0
/media/D1/ait_users/staff122/deepfake_project/outputs_deepfake_project/dfdc_subset_77_jpg/test/real/real_001584.jpg,0.0,0.9323076009750366,1
/media/D1/ait_users/staff122/deepfake_project/outputs_deepfake_project/dfdc_subset_77_jpg/test/real/real_001585.jpg,0.0,0.032220833003520966,0
/media/D1/ait_users/staff122/deepfake_project/outputs_deepfake_project/dfdc_subset_77_jpg/test/real/real_001586.jpg,0.0,0.0010293364757671952,0
/media/D1/ait_users/staff122/deepfake_project/outputs_deepfake_project/dfdc_subset_77_jpg/test/real/real_001587.jpg,0.0,0.9629789590835571,1
/media/D1/ait_users/staff122/deepfake_project/outputs_deepfake_project/dfdc_subset_77_jpg/test/real/real_001588.jpg,0.0,0.5832194685935974,1
/media/D1/ait_users/staff122/deepfake_project/outputs_deepfake_project/dfdc_subset_77_jpg/test/real/real_001589.jpg,0.0,0.2300410270690918,0
/media/D1/ait_users/staff122/deepfake_project/outputs_deepfake_project/dfdc_subset_77_jpg/test/real/real_001590.jpg,0.0,0.14115209877490997,0
/media/D1/ait_users/staff122/deepfake_project/outputs_deepfake_project/dfdc_subset_77_jpg/test/real/real_001591.jpg,0.0,0.39641785621643066,0
/media/D1/ait_users/staff122/deepfake_project/outputs_deepfake_project/dfdc_subset_77_jpg/test/real/real_001592.jpg,0.0,0.98390793800354,1
/media/D1/ait_users/staff122/deepfake_project/outputs_deepfake_project/dfdc_subset_77_jpg/test/real/real_001593.jpg,0.0,0.9908701777458191,1
/media/D1/ait_users/staff122/deepfake_project/outputs_deepfake_project/dfdc_subset_77_jpg/test/real/real_001594.jpg,0.0,0.5782853960990906,1
/media/D1/ait_users/staff122/deepfake_project/outputs_deepfake_project/dfdc_subset_77_jpg/test/real/real_001595.jpg,0.0,0.9365837574005127,1
/media/D1/ait_users/staff122/deepfake_project/outputs_deepfake_project/dfdc_subset_77_jpg/test/real/real_001596.jpg,0.0,0.9999998807907104,1
/media/D1/ait_users/staff122/deepfake_project/outputs_deepfake_project/dfdc_subset_77_jpg/test/real/real_001597.jpg,0.0,0.6528094410896301,1
/media/D1/ait_users/staff122/deepfake_project/outputs_deepfake_project/dfdc_subset_77_jpg/test/real/real_001598.jpg,0.0,0.030937494710087776,0
/media/D1/ait_users/staff122/deepfake_project/outputs_deepfake_project/dfdc_subset_77_jpg/test/real/real_001599.jpg,0.0,0.7978843450546265,1
/media/D1/ait_users/staff122/deepfake_project/outputs_deepfake_project/dfdc_subset_77_jpg/test/real/real_001600.jpg,0.0,0.990362286567688,1
/media/D1/ait_users/staff122/deepfake_project/outputs_deepfake_project/dfdc_subset_77_jpg/test/real/real_001601.jpg,0.0,0.9948369264602661,1
/media/D1/ait_users/staff122/deepfake_project/outputs_deepfake_project/dfdc_subset_77_jpg/test/real/real_001602.jpg,0.0,0.6118459105491638,1
/media/D1/ait_users/staff122/deepfake_project/outputs_deepfake_project/dfdc_subset_77_jpg/test/real/real_001603.jpg,0.0,0.836353063583374,1
/media/D1/ait_users/staff122/deepfake_project/outputs_deepfake_project/dfdc_subset_77_jpg/test/real/real_001604.jpg,0.0,0.9963703155517578,1
/media/D1/ait_users/staff122/deepfake_project/outputs_deepfake_project/dfdc_subset_77_jpg/test/real/real_001605.jpg,0.0,0.3733280897140503,0
/media/D1/ait_users/staff122/deepfake_project/outputs_deepfake_project/dfdc_subset_77_jpg/test/real/real_001606.jpg,0.0,0.9389259815216064,1
/media/D1/ait_users/staff122/deepfake_project/outputs_deepfake_project/dfdc_subset_77_jpg/test/real/real_001607.jpg,0.0,0.990702748298645,1
/media/D1/ait_users/staff122/deepfake_project/outputs_deepfake_project/dfdc_subset_77_jpg/test/real/real_001608.jpg,0.0,0.13447152078151703,0
/media/D1/ait_users/staff122/deepfake_project/outputs_deepfake_project/dfdc_subset_77_jpg/test/real/real_001609.jpg,0.0,0.8537179827690125,1
/media/D1/ait_users/staff122/deepfake_project/outputs_deepfake_project/dfdc_subset_77_jpg/test/real/real_001610.jpg,0.0,0.6592521667480469,1
/media/D1/ait_users/staff122/deepfake_project/outputs_deepfake_project/dfdc_subset_77_jpg/test/real/real_001611.jpg,0.0,0.7916408777236938,1
/media/D1/ait_users/staff122/deepfake_project/outputs_deepfake_project/dfdc_subset_77_jpg/test/real/real_001612.jpg,0.0,0.9313700795173645,1
/media/D1/ait_users/staff122/deepfake_project/outputs_deepfake_project/dfdc_subset_77_jpg/test/real/real_001613.jpg,0.0,0.8314120769500732,1
/media/D1/ait_users/staff122/deepfake_project/outputs_deepfake_project/dfdc_subset_77_jpg/test/real/real_001614.jpg,0.0,0.9964216947555542,1
/media/D1/ait_users/staff122/deepfake_project/outputs_deepfake_project/dfdc_subset_77_jpg/test/real/real_001615.jpg,0.0,0.6511947512626648,1
/media/D1/ait_users/staff122/deepfake_project/outputs_deepfake_project/dfdc_subset_77_jpg/test/real/real_001616.jpg,0.0,0.7296658754348755,1
/media/D1/ait_users/staff122/deepfake_project/outputs_deepfake_project/dfdc_subset_77_jpg/test/real/real_001617.jpg,0.0,0.9939589500427246,1
/media/D1/ait_users/staff122/deepfake_project/outputs_deepfake_project/dfdc_subset_77_jpg/test/real/real_001618.jpg,0.0,0.8919448256492615,1
/media/D1/ait_users/staff122/deepfake_project/outputs_deepfake_project/dfdc_subset_77_jpg/test/real/real_001619.jpg,0.0,0.5799840092658997,1
/media/D1/ait_users/staff122/deepfake_project/outputs_deepfake_project/dfdc_subset_77_jpg/test/real/real_001620.jpg,0.0,0.7531229257583618,1
/media/D1/ait_users/staff122/deepfake_project/outputs_deepfake_project/dfdc_subset_77_jpg/test/real/real_001621.jpg,0.0,0.6395621299743652,1
/media/D1/ait_users/staff122/deepfake_project/outputs_deepfake_project/dfdc_subset_77_jpg/test/real/real_001622.jpg,0.0,0.9945846199989319,1
/media/D1/ait_users/staff122/deepfake_project/outputs_deepfake_project/dfdc_subset_77_jpg/test/real/real_001623.jpg,0.0,0.9842775464057922,1
/media/D1/ait_users/staff122/deepfake_project/outputs_deepfake_project/dfdc_subset_77_jpg/test/real/real_001624.jpg,0.0,0.9915784597396851,1
/media/D1/ait_users/staff122/deepfake_project/outputs_deepfake_project/dfdc_subset_77_jpg/test/real/real_001625.jpg,0.0,0.9592643976211548,1
/media/D1/ait_users/staff122/deepfake_project/outputs_deepfake_project/dfdc_subset_77_jpg/test/real/real_001626.jpg,0.0,0.9348113536834717,1
/media/D1/ait_users/staff122/deepfake_project/outputs_deepfake_project/dfdc_subset_77_jpg/test/real/real_001627.jpg,0.0,0.9770392775535583,1
/media/D1/ait_users/staff122/deepfake_project/outputs_deepfake_project/dfdc_subset_77_jpg/test/real/real_001628.jpg,0.0,0.9968769550323486,1
/media/D1/ait_users/staff122/deepfake_project/outputs_deepfake_project/dfdc_subset_77_jpg/test/real/real_001629.jpg,0.0,0.9904482960700989,1
/media/D1/ait_users/staff122/deepfake_project/outputs_deepfake_project/dfdc_subset_77_jpg/test/real/real_001630.jpg,0.0,0.7105827331542969,1
/media/D1/ait_users/staff122/deepfake_project/outputs_deepfake_project/dfdc_subset_77_jpg/test/real/real_001631.jpg,0.0,0.3844345808029175,0
/media/D1/ait_users/staff122/deepfake_project/outputs_deepfake_project/dfdc_subset_77_jpg/test/real/real_001632.jpg,0.0,0.9136236310005188,1
/media/D1/ait_users/staff122/deepfake_project/outputs_deepfake_project/dfdc_subset_77_jpg/test/real/real_001633.jpg,0.0,0.9275121092796326,1
/media/D1/ait_users/staff122/deepfake_project/outputs_deepfake_project/dfdc_subset_77_jpg/test/real/real_001634.jpg,0.0,0.8310139775276184,1
/media/D1/ait_users/staff122/deepfake_project/outputs_deepfake_project/dfdc_subset_77_jpg/test/real/real_001635.jpg,0.0,0.9824413657188416,1
/media/D1/ait_users/staff122/deepfake_project/outputs_deepfake_project/dfdc_subset_77_jpg/test/real/real_001636.jpg,0.0,0.9900997281074524,1
/media/D1/ait_users/staff122/deepfake_project/outputs_deepfake_project/dfdc_subset_77_jpg/test/real/real_001637.jpg,0.0,0.9963406920433044,1
/media/D1/ait_users/staff122/deepfake_project/outputs_deepfake_project/dfdc_subset_77_jpg/test/real/real_001638.jpg,0.0,0.6842191815376282,1
/media/D1/ait_users/staff122/deepfake_project/outputs_deepfake_project/dfdc_subset_77_jpg/test/real/real_001639.jpg,0.0,0.8626744151115417,1
/media/D1/ait_users/staff122/deepfake_project/outputs_deepfake_project/dfdc_subset_77_jpg/test/real/real_001640.jpg,0.0,0.867513120174408,1
/media/D1/ait_users/staff122/deepfake_project/outputs_deepfake_project/dfdc_subset_77_jpg/test/real/real_001641.jpg,0.0,0.9621546864509583,1
/media/D1/ait_users/staff122/deepfake_project/outputs_deepfake_project/dfdc_subset_77_jpg/test/real/real_001642.jpg,0.0,0.9237964749336243,1
/media/D1/ait_users/staff122/deepfake_project/outputs_deepfake_project/dfdc_subset_77_jpg/test/real/real_001643.jpg,0.0,0.9991010427474976,1
/media/D1/ait_users/staff122/deepfake_project/outputs_deepfake_project/dfdc_subset_77_jpg/test/real/real_001644.jpg,0.0,0.9992222785949707,1
/media/D1/ait_users/staff122/deepfake_project/outputs_deepfake_project/dfdc_subset_77_jpg/test/real/real_001645.jpg,0.0,0.30127301812171936,0
/media/D1/ait_users/staff122/deepfake_project/outputs_deepfake_project/dfdc_subset_77_jpg/test/real/real_001646.jpg,0.0,0.9102497696876526,1
/media/D1/ait_users/staff122/deepfake_project/outputs_deepfake_project/dfdc_subset_77_jpg/test/real/real_001647.jpg,0.0,0.9795370101928711,1
/media/D1/ait_users/staff122/deepfake_project/outputs_deepfake_project/dfdc_subset_77_jpg/test/real/real_001648.jpg,0.0,0.969532310962677,1
/media/D1/ait_users/staff122/deepfake_project/outputs_deepfake_project/dfdc_subset_77_jpg/test/real/real_001649.jpg,0.0,0.33219754695892334,0
/media/D1/ait_users/staff122/deepfake_project/outputs_deepfake_project/dfdc_subset_77_jpg/test/real/real_001650.jpg,0.0,0.5757820010185242,1
/media/D1/ait_users/staff122/deepfake_project/outputs_deepfake_project/dfdc_subset_77_jpg/test/real/real_001651.jpg,0.0,0.9972670078277588,1
/media/D1/ait_users/staff122/deepfake_project/outputs_deepfake_project/dfdc_subset_77_jpg/test/real/real_001652.jpg,0.0,0.7237491607666016,1
/media/D1/ait_users/staff122/deepfake_project/outputs_deepfake_project/dfdc_subset_77_jpg/test/real/real_001653.jpg,0.0,0.965941846370697,1
/media/D1/ait_users/staff122/deepfake_project/outputs_deepfake_project/dfdc_subset_77_jpg/test/real/real_001654.jpg,0.0,0.9949365854263306,1
/media/D1/ait_users/staff122/deepfake_project/outputs_deepfake_project/dfdc_subset_77_jpg/test/real/real_001655.jpg,0.0,0.902827799320221,1
/media/D1/ait_users/staff122/deepfake_project/outputs_deepfake_project/dfdc_subset_77_jpg/test/real/real_001656.jpg,0.0,0.46764105558395386,0
/media/D1/ait_users/staff122/deepfake_project/outputs_deepfake_project/dfdc_subset_77_jpg/test/real/real_001657.jpg,0.0,0.9169127941131592,1
/media/D1/ait_users/staff122/deepfake_project/outputs_deepfake_project/dfdc_subset_77_jpg/test/real/real_001658.jpg,0.0,0.9823616147041321,1
/media/D1/ait_users/staff122/deepfake_project/outputs_deepfake_project/dfdc_subset_77_jpg/test/real/real_001659.jpg,0.0,0.9959122538566589,1
/media/D1/ait_users/staff122/deepfake_project/outputs_deepfake_project/dfdc_subset_77_jpg/test/real/real_001660.jpg,0.0,0.4336514472961426,0
/media/D1/ait_users/staff122/deepfake_project/outputs_deepfake_project/dfdc_subset_77_jpg/test/real/real_001661.jpg,0.0,0.6566479206085205,1
/media/D1/ait_users/staff122/deepfake_project/outputs_deepfake_project/dfdc_subset_77_jpg/test/real/real_001662.jpg,0.0,0.908592939376831,1
/media/D1/ait_users/staff122/deepfake_project/outputs_deepfake_project/dfdc_subset_77_jpg/test/real/real_001663.jpg,0.0,0.9349567890167236,1
/media/D1/ait_users/staff122/deepfake_project/outputs_deepfake_project/dfdc_subset_77_jpg/test/real/real_001664.jpg,0.0,0.0003105122013948858,0
/media/D1/ait_users/staff122/deepfake_project/outputs_deepfake_project/dfdc_subset_77_jpg/test/real/real_001665.jpg,0.0,0.00046933244448155165,0
/media/D1/ait_users/staff122/deepfake_project/outputs_deepfake_project/dfdc_subset_77_jpg/test/real/real_001666.jpg,0.0,0.001664976472966373,0
/media/D1/ait_users/staff122/deepfake_project/outputs_deepfake_project/dfdc_subset_77_jpg/test/real/real_001667.jpg,0.0,0.0008110819035209715,0
/media/D1/ait_users/staff122/deepfake_project/outputs_deepfake_project/dfdc_subset_77_jpg/test/real/real_001668.jpg,0.0,0.0035949156153947115,0
/media/D1/ait_users/staff122/deepfake_project/outputs_deepfake_project/dfdc_subset_77_jpg/test/real/real_001669.jpg,0.0,0.13650824129581451,0
/media/D1/ait_users/staff122/deepfake_project/outputs_deepfake_project/dfdc_subset_77_jpg/test/real/real_001670.jpg,0.0,0.2300647497177124,0
/media/D1/ait_users/staff122/deepfake_project/outputs_deepfake_project/dfdc_subset_77_jpg/test/real/real_001671.jpg,0.0,0.014529630541801453,0
/media/D1/ait_users/staff122/deepfake_project/outputs_deepfake_project/dfdc_subset_77_jpg/test/real/real_001672.jpg,0.0,0.015972966328263283,0
/media/D1/ait_users/staff122/deepfake_project/outputs_deepfake_project/dfdc_subset_77_jpg/test/real/real_001673.jpg,0.0,0.025615764781832695,0
/media/D1/ait_users/staff122/deepfake_project/outputs_deepfake_project/dfdc_subset_77_jpg/test/real/real_001674.jpg,0.0,0.005751375108957291,0
/media/D1/ait_users/staff122/deepfake_project/outputs_deepfake_project/dfdc_subset_77_jpg/test/real/real_001675.jpg,0.0,0.10605613142251968,0
/media/D1/ait_users/staff122/deepfake_project/outputs_deepfake_project/dfdc_subset_77_jpg/test/real/real_001676.jpg,0.0,0.014577913098037243,0
/media/D1/ait_users/staff122/deepfake_project/outputs_deepfake_project/dfdc_subset_77_jpg/test/real/real_001677.jpg,0.0,0.02539868839085102,0
/media/D1/ait_users/staff122/deepfake_project/outputs_deepfake_project/dfdc_subset_77_jpg/test/real/real_001678.jpg,0.0,0.0005102340946905315,0
/media/D1/ait_users/staff122/deepfake_project/outputs_deepfake_project/dfdc_subset_77_jpg/test/real/real_001679.jpg,0.0,0.00896354578435421,0
/media/D1/ait_users/staff122/deepfake_project/outputs_deepfake_project/dfdc_subset_77_jpg/test/real/real_001680.jpg,0.0,0.03192107006907463,0
/media/D1/ait_users/staff122/deepfake_project/outputs_deepfake_project/dfdc_subset_77_jpg/test/real/real_001681.jpg,0.0,0.00717364763841033,0
/media/D1/ait_users/staff122/deepfake_project/outputs_deepfake_project/dfdc_subset_77_jpg/test/real/real_001682.jpg,0.0,0.00457518408074975,0
/media/D1/ait_users/staff122/deepfake_project/outputs_deepfake_project/dfdc_subset_77_jpg/test/real/real_001683.jpg,0.0,0.12259339541196823,0
/media/D1/ait_users/staff122/deepfake_project/outputs_deepfake_project/dfdc_subset_77_jpg/test/real/real_001684.jpg,0.0,0.9734981060028076,1
/media/D1/ait_users/staff122/deepfake_project/outputs_deepfake_project/dfdc_subset_77_jpg/test/real/real_001685.jpg,0.0,0.21331046521663666,0
/media/D1/ait_users/staff122/deepfake_project/outputs_deepfake_project/dfdc_subset_77_jpg/test/real/real_001686.jpg,0.0,0.0781288892030716,0
/media/D1/ait_users/staff122/deepfake_project/outputs_deepfake_project/dfdc_subset_77_jpg/test/real/real_001687.jpg,0.0,0.027700569480657578,0
/media/D1/ait_users/staff122/deepfake_project/outputs_deepfake_project/dfdc_subset_77_jpg/test/real/real_001688.jpg,0.0,0.0063058799132704735,0
/media/D1/ait_users/staff122/deepfake_project/outputs_deepfake_project/dfdc_subset_77_jpg/test/real/real_001689.jpg,0.0,0.009559860453009605,0
/media/D1/ait_users/staff122/deepfake_project/outputs_deepfake_project/dfdc_subset_77_jpg/test/real/real_001690.jpg,0.0,0.00552787771448493,0
/media/D1/ait_users/staff122/deepfake_project/outputs_deepfake_project/dfdc_subset_77_jpg/test/real/real_001691.jpg,0.0,0.0012601903872564435,0
/media/D1/ait_users/staff122/deepfake_project/outputs_deepfake_project/dfdc_subset_77_jpg/test/real/real_001692.jpg,0.0,0.016085868701338768,0
/media/D1/ait_users/staff122/deepfake_project/outputs_deepfake_project/dfdc_subset_77_jpg/test/real/real_001693.jpg,0.0,0.23221805691719055,0
/media/D1/ait_users/staff122/deepfake_project/outputs_deepfake_project/dfdc_subset_77_jpg/test/real/real_001694.jpg,0.0,0.030863400548696518,0
/media/D1/ait_users/staff122/deepfake_project/outputs_deepfake_project/dfdc_subset_77_jpg/test/real/real_001695.jpg,0.0,0.08668003231287003,0
/media/D1/ait_users/staff122/deepfake_project/outputs_deepfake_project/dfdc_subset_77_jpg/test/real/real_001696.jpg,0.0,0.9999231100082397,1
/media/D1/ait_users/staff122/deepfake_project/outputs_deepfake_project/dfdc_subset_77_jpg/test/real/real_001697.jpg,0.0,0.7108753323554993,1
/media/D1/ait_users/staff122/deepfake_project/outputs_deepfake_project/dfdc_subset_77_jpg/test/real/real_001698.jpg,0.0,0.9999686479568481,1
/media/D1/ait_users/staff122/deepfake_project/outputs_deepfake_project/dfdc_subset_77_jpg/test/real/real_001699.jpg,0.0,0.9964206218719482,1
/media/D1/ait_users/staff122/deepfake_project/outputs_deepfake_project/dfdc_subset_77_jpg/test/real/real_001700.jpg,0.0,0.7194493412971497,1
/media/D1/ait_users/staff122/deepfake_project/outputs_deepfake_project/dfdc_subset_77_jpg/test/real/real_001701.jpg,0.0,0.9981051683425903,1
/media/D1/ait_users/staff122/deepfake_project/outputs_deepfake_project/dfdc_subset_77_jpg/test/real/real_001702.jpg,0.0,0.8449188470840454,1
/media/D1/ait_users/staff122/deepfake_project/outputs_deepfake_project/dfdc_subset_77_jpg/test/real/real_001703.jpg,0.0,0.9974640607833862,1
/media/D1/ait_users/staff122/deepfake_project/outputs_deepfake_project/dfdc_subset_77_jpg/test/real/real_001704.jpg,0.0,0.99925297498703,1
/media/D1/ait_users/staff122/deepfake_project/outputs_deepfake_project/dfdc_subset_77_jpg/test/real/real_001705.jpg,0.0,0.9987605810165405,1
/media/D1/ait_users/staff122/deepfake_project/outputs_deepfake_project/dfdc_subset_77_jpg/test/real/real_001706.jpg,0.0,0.999910831451416,1
/media/D1/ait_users/staff122/deepfake_project/outputs_deepfake_project/dfdc_subset_77_jpg/test/real/real_001707.jpg,0.0,0.9998756647109985,1
/media/D1/ait_users/staff122/deepfake_project/outputs_deepfake_project/dfdc_subset_77_jpg/test/real/real_001708.jpg,0.0,0.4613727927207947,0
/media/D1/ait_users/staff122/deepfake_project/outputs_deepfake_project/dfdc_subset_77_jpg/test/real/real_001709.jpg,0.0,0.553676962852478,1
/media/D1/ait_users/staff122/deepfake_project/outputs_deepfake_project/dfdc_subset_77_jpg/test/real/real_001710.jpg,0.0,0.999843955039978,1
/media/D1/ait_users/staff122/deepfake_project/outputs_deepfake_project/dfdc_subset_77_jpg/test/real/real_001711.jpg,0.0,0.9999912977218628,1
/media/D1/ait_users/staff122/deepfake_project/outputs_deepfake_project/dfdc_subset_77_jpg/test/real/real_001712.jpg,0.0,0.4609023928642273,0
/media/D1/ait_users/staff122/deepfake_project/outputs_deepfake_project/dfdc_subset_77_jpg/test/real/real_001713.jpg,0.0,0.99973064661026,1
/media/D1/ait_users/staff122/deepfake_project/outputs_deepfake_project/dfdc_subset_77_jpg/test/real/real_001714.jpg,0.0,0.7399125099182129,1
/media/D1/ait_users/staff122/deepfake_project/outputs_deepfake_project/dfdc_subset_77_jpg/test/real/real_001715.jpg,0.0,0.5770117044448853,1
/media/D1/ait_users/staff122/deepfake_project/outputs_deepfake_project/dfdc_subset_77_jpg/test/real/real_001716.jpg,0.0,0.32276037335395813,0
/media/D1/ait_users/staff122/deepfake_project/outputs_deepfake_project/dfdc_subset_77_jpg/test/real/real_001717.jpg,0.0,0.7471305131912231,1
/media/D1/ait_users/staff122/deepfake_project/outputs_deepfake_project/dfdc_subset_77_jpg/test/real/real_001718.jpg,0.0,0.9713457822799683,1
/media/D1/ait_users/staff122/deepfake_project/outputs_deepfake_project/dfdc_subset_77_jpg/test/real/real_001719.jpg,0.0,0.7986356019973755,1
/media/D1/ait_users/staff122/deepfake_project/outputs_deepfake_project/dfdc_subset_77_jpg/test/real/real_001720.jpg,0.0,0.44744226336479187,0
/media/D1/ait_users/staff122/deepfake_project/outputs_deepfake_project/dfdc_subset_77_jpg/test/real/real_001721.jpg,0.0,0.9998805522918701,1
/media/D1/ait_users/staff122/deepfake_project/outputs_deepfake_project/dfdc_subset_77_jpg/test/real/real_001722.jpg,0.0,0.5589436292648315,1
/media/D1/ait_users/staff122/deepfake_project/outputs_deepfake_project/dfdc_subset_77_jpg/test/real/real_001723.jpg,0.0,0.6802613139152527,1
/media/D1/ait_users/staff122/deepfake_project/outputs_deepfake_project/dfdc_subset_77_jpg/test/real/real_001724.jpg,0.0,0.40191540122032166,0
/media/D1/ait_users/staff122/deepfake_project/outputs_deepfake_project/dfdc_subset_77_jpg/test/real/real_001725.jpg,0.0,0.5310556292533875,1
/media/D1/ait_users/staff122/deepfake_project/outputs_deepfake_project/dfdc_subset_77_jpg/test/real/real_001726.jpg,0.0,0.5807047486305237,1
/media/D1/ait_users/staff122/deepfake_project/outputs_deepfake_project/dfdc_subset_77_jpg/test/real/real_001727.jpg,0.0,0.5036150217056274,1
/media/D1/ait_users/staff122/deepfake_project/outputs_deepfake_project/dfdc_subset_77_jpg/test/real/real_001728.jpg,0.0,0.006072195712476969,0
/media/D1/ait_users/staff122/deepfake_project/outputs_deepfake_project/dfdc_subset_77_jpg/test/real/real_001729.jpg,0.0,0.00021793264022562653,0
/media/D1/ait_users/staff122/deepfake_project/outputs_deepfake_project/dfdc_subset_77_jpg/test/real/real_001730.jpg,0.0,0.0036646570079028606,0
/media/D1/ait_users/staff122/deepfake_project/outputs_deepfake_project/dfdc_subset_77_jpg/test/real/real_001731.jpg,0.0,0.00024245420354418457,0
/media/D1/ait_users/staff122/deepfake_project/outputs_deepfake_project/dfdc_subset_77_jpg/test/real/real_001732.jpg,0.0,0.00045868768938817084,0
/media/D1/ait_users/staff122/deepfake_project/outputs_deepfake_project/dfdc_subset_77_jpg/test/real/real_001733.jpg,0.0,0.00031826039776206017,0
/media/D1/ait_users/staff122/deepfake_project/outputs_deepfake_project/dfdc_subset_77_jpg/test/real/real_001734.jpg,0.0,0.8607931137084961,1
/media/D1/ait_users/staff122/deepfake_project/outputs_deepfake_project/dfdc_subset_77_jpg/test/real/real_001735.jpg,0.0,0.0025713290087878704,0
/media/D1/ait_users/staff122/deepfake_project/outputs_deepfake_project/dfdc_subset_77_jpg/test/real/real_001736.jpg,0.0,0.000776440545450896,0
/media/D1/ait_users/staff122/deepfake_project/outputs_deepfake_project/dfdc_subset_77_jpg/test/real/real_001737.jpg,0.0,0.3805393576622009,0
/media/D1/ait_users/staff122/deepfake_project/outputs_deepfake_project/dfdc_subset_77_jpg/test/real/real_001738.jpg,0.0,0.506766676902771,1
/media/D1/ait_users/staff122/deepfake_project/outputs_deepfake_project/dfdc_subset_77_jpg/test/real/real_001739.jpg,0.0,0.011346576735377312,0
/media/D1/ait_users/staff122/deepfake_project/outputs_deepfake_project/dfdc_subset_77_jpg/test/real/real_001740.jpg,0.0,0.07037679851055145,0
/media/D1/ait_users/staff122/deepfake_project/outputs_deepfake_project/dfdc_subset_77_jpg/test/real/real_001741.jpg,0.0,0.011956979520618916,0
/media/D1/ait_users/staff122/deepfake_project/outputs_deepfake_project/dfdc_subset_77_jpg/test/real/real_001742.jpg,0.0,0.029608523473143578,0
/media/D1/ait_users/staff122/deepfake_project/outputs_deepfake_project/dfdc_subset_77_jpg/test/real/real_001743.jpg,0.0,0.018011819571256638,0
/media/D1/ait_users/staff122/deepfake_project/outputs_deepfake_project/dfdc_subset_77_jpg/test/real/real_001744.jpg,0.0,0.0042014955542981625,0
/media/D1/ait_users/staff122/deepfake_project/outputs_deepfake_project/dfdc_subset_77_jpg/test/real/real_001745.jpg,0.0,0.02133285440504551,0
/media/D1/ait_users/staff122/deepfake_project/outputs_deepfake_project/dfdc_subset_77_jpg/test/real/real_001746.jpg,0.0,0.030112721025943756,0
/media/D1/ait_users/staff122/deepfake_project/outputs_deepfake_project/dfdc_subset_77_jpg/test/real/real_001747.jpg,0.0,0.01867268607020378,0
/media/D1/ait_users/staff122/deepfake_project/outputs_deepfake_project/dfdc_subset_77_jpg/test/real/real_001748.jpg,0.0,0.09354964643716812,0
/media/D1/ait_users/staff122/deepfake_project/outputs_deepfake_project/dfdc_subset_77_jpg/test/real/real_001749.jpg,0.0,0.02863769605755806,0
/media/D1/ait_users/staff122/deepfake_project/outputs_deepfake_project/dfdc_subset_77_jpg/test/real/real_001750.jpg,0.0,0.47981008887290955,0
/media/D1/ait_users/staff122/deepfake_project/outputs_deepfake_project/dfdc_subset_77_jpg/test/real/real_001751.jpg,0.0,0.19561812281608582,0
/media/D1/ait_users/staff122/deepfake_project/outputs_deepfake_project/dfdc_subset_77_jpg/test/real/real_001752.jpg,0.0,0.1827162504196167,0
/media/D1/ait_users/staff122/deepfake_project/outputs_deepfake_project/dfdc_subset_77_jpg/test/real/real_001753.jpg,0.0,0.07415026426315308,0
/media/D1/ait_users/staff122/deepfake_project/outputs_deepfake_project/dfdc_subset_77_jpg/test/real/real_001754.jpg,0.0,0.13464032113552094,0
/media/D1/ait_users/staff122/deepfake_project/outputs_deepfake_project/dfdc_subset_77_jpg/test/real/real_001755.jpg,0.0,0.29201850295066833,0
/media/D1/ait_users/staff122/deepfake_project/outputs_deepfake_project/dfdc_subset_77_jpg/test/real/real_001756.jpg,0.0,0.9999587535858154,1
/media/D1/ait_users/staff122/deepfake_project/outputs_deepfake_project/dfdc_subset_77_jpg/test/real/real_001757.jpg,0.0,0.044036440551280975,0
/media/D1/ait_users/staff122/deepfake_project/outputs_deepfake_project/dfdc_subset_77_jpg/test/real/real_001758.jpg,0.0,0.1076025664806366,0
/media/D1/ait_users/staff122/deepfake_project/outputs_deepfake_project/dfdc_subset_77_jpg/test/real/real_001759.jpg,0.0,0.038759659975767136,0
/media/D1/ait_users/staff122/deepfake_project/outputs_deepfake_project/dfdc_subset_77_jpg/test/real/real_001760.jpg,0.0,0.999381422996521,1
/media/D1/ait_users/staff122/deepfake_project/outputs_deepfake_project/dfdc_subset_77_jpg/test/real/real_001761.jpg,0.0,0.9977679252624512,1
/media/D1/ait_users/staff122/deepfake_project/outputs_deepfake_project/dfdc_subset_77_jpg/test/real/real_001762.jpg,0.0,0.9939237236976624,1
/media/D1/ait_users/staff122/deepfake_project/outputs_deepfake_project/dfdc_subset_77_jpg/test/real/real_001763.jpg,0.0,0.9884478449821472,1
/media/D1/ait_users/staff122/deepfake_project/outputs_deepfake_project/dfdc_subset_77_jpg/test/real/real_001764.jpg,0.0,0.9987584352493286,1
/media/D1/ait_users/staff122/deepfake_project/outputs_deepfake_project/dfdc_subset_77_jpg/test/real/real_001765.jpg,0.0,0.9635643362998962,1
/media/D1/ait_users/staff122/deepfake_project/outputs_deepfake_project/dfdc_subset_77_jpg/test/real/real_001766.jpg,0.0,0.9949668049812317,1
/media/D1/ait_users/staff122/deepfake_project/outputs_deepfake_project/dfdc_subset_77_jpg/test/real/real_001767.jpg,0.0,0.9990054965019226,1
/media/D1/ait_users/staff122/deepfake_project/outputs_deepfake_project/dfdc_subset_77_jpg/test/real/real_001768.jpg,0.0,0.9952479004859924,1
/media/D1/ait_users/staff122/deepfake_project/outputs_deepfake_project/dfdc_subset_77_jpg/test/real/real_001769.jpg,0.0,0.9897226095199585,1
/media/D1/ait_users/staff122/deepfake_project/outputs_deepfake_project/dfdc_subset_77_jpg/test/real/real_001770.jpg,0.0,0.9990115165710449,1
/media/D1/ait_users/staff122/deepfake_project/outputs_deepfake_project/dfdc_subset_77_jpg/test/real/real_001771.jpg,0.0,0.9775128960609436,1
/media/D1/ait_users/staff122/deepfake_project/outputs_deepfake_project/dfdc_subset_77_jpg/test/real/real_001772.jpg,0.0,0.20128493010997772,0
/media/D1/ait_users/staff122/deepfake_project/outputs_deepfake_project/dfdc_subset_77_jpg/test/real/real_001773.jpg,0.0,0.7509058713912964,1
/media/D1/ait_users/staff122/deepfake_project/outputs_deepfake_project/dfdc_subset_77_jpg/test/real/real_001774.jpg,0.0,0.3198753297328949,0
/media/D1/ait_users/staff122/deepfake_project/outputs_deepfake_project/dfdc_subset_77_jpg/test/real/real_001775.jpg,0.0,0.33669501543045044,0
/media/D1/ait_users/staff122/deepfake_project/outputs_deepfake_project/dfdc_subset_77_jpg/test/real/real_001776.jpg,0.0,0.7566081285476685,1
/media/D1/ait_users/staff122/deepfake_project/outputs_deepfake_project/dfdc_subset_77_jpg/test/real/real_001777.jpg,0.0,0.2188640981912613,0
/media/D1/ait_users/staff122/deepfake_project/outputs_deepfake_project/dfdc_subset_77_jpg/test/real/real_001778.jpg,0.0,0.8499657511711121,1
/media/D1/ait_users/staff122/deepfake_project/outputs_deepfake_project/dfdc_subset_77_jpg/test/real/real_001779.jpg,0.0,0.9672255516052246,1
/media/D1/ait_users/staff122/deepfake_project/outputs_deepfake_project/dfdc_subset_77_jpg/test/real/real_001780.jpg,0.0,0.9915570020675659,1
/media/D1/ait_users/staff122/deepfake_project/outputs_deepfake_project/dfdc_subset_77_jpg/test/real/real_001781.jpg,0.0,0.9916490316390991,1
/media/D1/ait_users/staff122/deepfake_project/outputs_deepfake_project/dfdc_subset_77_jpg/test/real/real_001782.jpg,0.0,0.3034045994281769,0
/media/D1/ait_users/staff122/deepfake_project/outputs_deepfake_project/dfdc_subset_77_jpg/test/real/real_001783.jpg,0.0,0.015381553210318089,0
/media/D1/ait_users/staff122/deepfake_project/outputs_deepfake_project/dfdc_subset_77_jpg/test/real/real_001784.jpg,0.0,0.7758255004882812,1
/media/D1/ait_users/staff122/deepfake_project/outputs_deepfake_project/dfdc_subset_77_jpg/test/real/real_001785.jpg,0.0,0.9767675995826721,1
/media/D1/ait_users/staff122/deepfake_project/outputs_deepfake_project/dfdc_subset_77_jpg/test/real/real_001786.jpg,0.0,0.993791401386261,1
/media/D1/ait_users/staff122/deepfake_project/outputs_deepfake_project/dfdc_subset_77_jpg/test/real/real_001787.jpg,0.0,0.7350157499313354,1
/media/D1/ait_users/staff122/deepfake_project/outputs_deepfake_project/dfdc_subset_77_jpg/test/real/real_001788.jpg,0.0,0.29386067390441895,0
/media/D1/ait_users/staff122/deepfake_project/outputs_deepfake_project/dfdc_subset_77_jpg/test/real/real_001789.jpg,0.0,0.6513830423355103,1
/media/D1/ait_users/staff122/deepfake_project/outputs_deepfake_project/dfdc_subset_77_jpg/test/real/real_001790.jpg,0.0,0.9784965515136719,1
/media/D1/ait_users/staff122/deepfake_project/outputs_deepfake_project/dfdc_subset_77_jpg/test/real/real_001791.jpg,0.0,0.0966583788394928,0
/media/D1/ait_users/staff122/deepfake_project/outputs_deepfake_project/dfdc_subset_77_jpg/test/real/real_001792.jpg,0.0,3.7095694551680936e-06,0
/media/D1/ait_users/staff122/deepfake_project/outputs_deepfake_project/dfdc_subset_77_jpg/test/real/real_001793.jpg,0.0,3.619983544922434e-06,0
/media/D1/ait_users/staff122/deepfake_project/outputs_deepfake_project/dfdc_subset_77_jpg/test/real/real_001794.jpg,0.0,1.1527859896887094e-05,0
/media/D1/ait_users/staff122/deepfake_project/outputs_deepfake_project/dfdc_subset_77_jpg/test/real/real_001795.jpg,0.0,2.7981866878690198e-05,0
/media/D1/ait_users/staff122/deepfake_project/outputs_deepfake_project/dfdc_subset_77_jpg/test/real/real_001796.jpg,0.0,1.477272599004209e-05,0
/media/D1/ait_users/staff122/deepfake_project/outputs_deepfake_project/dfdc_subset_77_jpg/test/real/real_001797.jpg,0.0,0.0001454116718377918,0
/media/D1/ait_users/staff122/deepfake_project/outputs_deepfake_project/dfdc_subset_77_jpg/test/real/real_001798.jpg,0.0,0.00020236297859810293,0
/media/D1/ait_users/staff122/deepfake_project/outputs_deepfake_project/dfdc_subset_77_jpg/test/real/real_001799.jpg,0.0,0.00028877047589048743,0
/media/D1/ait_users/staff122/deepfake_project/outputs_deepfake_project/dfdc_subset_77_jpg/test/real/real_001800.jpg,0.0,8.856045315042138e-05,0
/media/D1/ait_users/staff122/deepfake_project/outputs_deepfake_project/dfdc_subset_77_jpg/test/real/real_001801.jpg,0.0,3.471483796602115e-05,0
/media/D1/ait_users/staff122/deepfake_project/outputs_deepfake_project/dfdc_subset_77_jpg/test/real/real_001802.jpg,0.0,2.019682142417878e-05,0
/media/D1/ait_users/staff122/deepfake_project/outputs_deepfake_project/dfdc_subset_77_jpg/test/real/real_001803.jpg,0.0,0.0029275042470544577,0
/media/D1/ait_users/staff122/deepfake_project/outputs_deepfake_project/dfdc_subset_77_jpg/test/real/real_001804.jpg,0.0,0.025540072470903397,0
/media/D1/ait_users/staff122/deepfake_project/outputs_deepfake_project/dfdc_subset_77_jpg/test/real/real_001805.jpg,0.0,0.011849178932607174,0
/media/D1/ait_users/staff122/deepfake_project/outputs_deepfake_project/dfdc_subset_77_jpg/test/real/real_001806.jpg,0.0,0.009161151945590973,0
/media/D1/ait_users/staff122/deepfake_project/outputs_deepfake_project/dfdc_subset_77_jpg/test/real/real_001807.jpg,0.0,0.4154680669307709,0
/media/D1/ait_users/staff122/deepfake_project/outputs_deepfake_project/dfdc_subset_77_jpg/test/real/real_001808.jpg,0.0,0.00028733143699355423,0
/media/D1/ait_users/staff122/deepfake_project/outputs_deepfake_project/dfdc_subset_77_jpg/test/real/real_001809.jpg,0.0,0.0007653860375285149,0
/media/D1/ait_users/staff122/deepfake_project/outputs_deepfake_project/dfdc_subset_77_jpg/test/real/real_001810.jpg,0.0,2.7479920390760526e-05,0
/media/D1/ait_users/staff122/deepfake_project/outputs_deepfake_project/dfdc_subset_77_jpg/test/real/real_001811.jpg,0.0,0.0019615101628005505,0
/media/D1/ait_users/staff122/deepfake_project/outputs_deepfake_project/dfdc_subset_77_jpg/test/real/real_001812.jpg,0.0,5.2291652536951005e-05,0
/media/D1/ait_users/staff122/deepfake_project/outputs_deepfake_project/dfdc_subset_77_jpg/test/real/real_001813.jpg,0.0,4.258114495314658e-05,0
/media/D1/ait_users/staff122/deepfake_project/outputs_deepfake_project/dfdc_subset_77_jpg/test/real/real_001814.jpg,0.0,3.8683563616359606e-05,0
/media/D1/ait_users/staff122/deepfake_project/outputs_deepfake_project/dfdc_subset_77_jpg/test/real/real_001815.jpg,0.0,7.763339817756787e-05,0
/media/D1/ait_users/staff122/deepfake_project/outputs_deepfake_project/dfdc_subset_77_jpg/test/real/real_001816.jpg,0.0,0.00010452932474436238,0
/media/D1/ait_users/staff122/deepfake_project/outputs_deepfake_project/dfdc_subset_77_jpg/test/real/real_001817.jpg,0.0,2.2946163880988024e-05,0
/media/D1/ait_users/staff122/deepfake_project/outputs_deepfake_project/dfdc_subset_77_jpg/test/real/real_001818.jpg,0.0,0.0005993353552184999,0
/media/D1/ait_users/staff122/deepfake_project/outputs_deepfake_project/dfdc_subset_77_jpg/test/real/real_001819.jpg,0.0,0.00011008325964212418,0
/media/D1/ait_users/staff122/deepfake_project/outputs_deepfake_project/dfdc_subset_77_jpg/test/real/real_001820.jpg,0.0,0.00040074571734294295,0
/media/D1/ait_users/staff122/deepfake_project/outputs_deepfake_project/dfdc_subset_77_jpg/test/real/real_001821.jpg,0.0,0.00020837086776737124,0
/media/D1/ait_users/staff122/deepfake_project/outputs_deepfake_project/dfdc_subset_77_jpg/test/real/real_001822.jpg,0.0,0.014178356155753136,0
/media/D1/ait_users/staff122/deepfake_project/outputs_deepfake_project/dfdc_subset_77_jpg/test/real/real_001823.jpg,0.0,2.2718515992892208e-06,0
/media/D1/ait_users/staff122/deepfake_project/outputs_deepfake_project/dfdc_subset_77_jpg/test/real/real_001824.jpg,0.0,1.2358605999907013e-05,0
/media/D1/ait_users/staff122/deepfake_project/outputs_deepfake_project/dfdc_subset_77_jpg/test/real/real_001825.jpg,0.0,1.8031190847977996e-05,0
/media/D1/ait_users/staff122/deepfake_project/outputs_deepfake_project/dfdc_subset_77_jpg/test/real/real_001826.jpg,0.0,6.965874490560964e-05,0
/media/D1/ait_users/staff122/deepfake_project/outputs_deepfake_project/dfdc_subset_77_jpg/test/real/real_001827.jpg,0.0,0.0003754577483050525,0
/media/D1/ait_users/staff122/deepfake_project/outputs_deepfake_project/dfdc_subset_77_jpg/test/real/real_001828.jpg,0.0,0.05303530767560005,0
/media/D1/ait_users/staff122/deepfake_project/outputs_deepfake_project/dfdc_subset_77_jpg/test/real/real_001829.jpg,0.0,0.005172584671527147,0
/media/D1/ait_users/staff122/deepfake_project/outputs_deepfake_project/dfdc_subset_77_jpg/test/real/real_001830.jpg,0.0,0.0005490653566084802,0
/media/D1/ait_users/staff122/deepfake_project/outputs_deepfake_project/dfdc_subset_77_jpg/test/real/real_001831.jpg,0.0,0.0013958665076643229,0
/media/D1/ait_users/staff122/deepfake_project/outputs_deepfake_project/dfdc_subset_77_jpg/test/real/real_001832.jpg,0.0,0.010401376523077488,0
/media/D1/ait_users/staff122/deepfake_project/outputs_deepfake_project/dfdc_subset_77_jpg/test/real/real_001833.jpg,0.0,0.0046141319908201694,0
/media/D1/ait_users/staff122/deepfake_project/outputs_deepfake_project/dfdc_subset_77_jpg/test/real/real_001834.jpg,0.0,0.02578848786652088,0
/media/D1/ait_users/staff122/deepfake_project/outputs_deepfake_project/dfdc_subset_77_jpg/test/real/real_001835.jpg,0.0,0.026870939880609512,0
/media/D1/ait_users/staff122/deepfake_project/outputs_deepfake_project/dfdc_subset_77_jpg/test/real/real_001836.jpg,0.0,0.0003612588916439563,0
/media/D1/ait_users/staff122/deepfake_project/outputs_deepfake_project/dfdc_subset_77_jpg/test/real/real_001837.jpg,0.0,0.00019917286408599466,0
/media/D1/ait_users/staff122/deepfake_project/outputs_deepfake_project/dfdc_subset_77_jpg/test/real/real_001838.jpg,0.0,0.000188407939276658,0
/media/D1/ait_users/staff122/deepfake_project/outputs_deepfake_project/dfdc_subset_77_jpg/test/real/real_001839.jpg,0.0,7.211632328107953e-05,0
/media/D1/ait_users/staff122/deepfake_project/outputs_deepfake_project/dfdc_subset_77_jpg/test/real/real_001840.jpg,0.0,0.0006836078828200698,0
/media/D1/ait_users/staff122/deepfake_project/outputs_deepfake_project/dfdc_subset_77_jpg/test/real/real_001841.jpg,0.0,0.003530688351020217,0
/media/D1/ait_users/staff122/deepfake_project/outputs_deepfake_project/dfdc_subset_77_jpg/test/real/real_001842.jpg,0.0,0.023987408727407455,0
/media/D1/ait_users/staff122/deepfake_project/outputs_deepfake_project/dfdc_subset_77_jpg/test/real/real_001843.jpg,0.0,0.2485143542289734,0
/media/D1/ait_users/staff122/deepfake_project/outputs_deepfake_project/dfdc_subset_77_jpg/test/real/real_001844.jpg,0.0,0.005582606419920921,0
/media/D1/ait_users/staff122/deepfake_project/outputs_deepfake_project/dfdc_subset_77_jpg/test/real/real_001845.jpg,0.0,0.00019680858531501144,0
/media/D1/ait_users/staff122/deepfake_project/outputs_deepfake_project/dfdc_subset_77_jpg/test/real/real_001846.jpg,0.0,0.14343127608299255,0
/media/D1/ait_users/staff122/deepfake_project/outputs_deepfake_project/dfdc_subset_77_jpg/test/real/real_001847.jpg,0.0,0.005556107964366674,0
/media/D1/ait_users/staff122/deepfake_project/outputs_deepfake_project/dfdc_subset_77_jpg/test/real/real_001848.jpg,0.0,0.0001321298914263025,0
/media/D1/ait_users/staff122/deepfake_project/outputs_deepfake_project/dfdc_subset_77_jpg/test/real/real_001849.jpg,0.0,0.00020122221030760556,0
/media/D1/ait_users/staff122/deepfake_project/outputs_deepfake_project/dfdc_subset_77_jpg/test/real/real_001850.jpg,0.0,0.00012198693002574146,0
/media/D1/ait_users/staff122/deepfake_project/outputs_deepfake_project/dfdc_subset_77_jpg/test/real/real_001851.jpg,0.0,0.0024968383368104696,0
/media/D1/ait_users/staff122/deepfake_project/outputs_deepfake_project/dfdc_subset_77_jpg/test/real/real_001852.jpg,0.0,0.005456106271594763,0
/media/D1/ait_users/staff122/deepfake_project/outputs_deepfake_project/dfdc_subset_77_jpg/test/real/real_001853.jpg,0.0,0.000784322910476476,0
/media/D1/ait_users/staff122/deepfake_project/outputs_deepfake_project/dfdc_subset_77_jpg/test/real/real_001854.jpg,0.0,0.0008427390712313354,0
/media/D1/ait_users/staff122/deepfake_project/outputs_deepfake_project/dfdc_subset_77_jpg/test/real/real_001855.jpg,0.0,0.0006311568431556225,0
/media/D1/ait_users/staff122/deepfake_project/outputs_deepfake_project/dfdc_subset_77_jpg/test/real/real_001856.jpg,0.0,0.9719815254211426,1
/media/D1/ait_users/staff122/deepfake_project/outputs_deepfake_project/dfdc_subset_77_jpg/test/real/real_001857.jpg,0.0,0.855246365070343,1
/media/D1/ait_users/staff122/deepfake_project/outputs_deepfake_project/dfdc_subset_77_jpg/test/real/real_001858.jpg,0.0,0.9954856038093567,1
/media/D1/ait_users/staff122/deepfake_project/outputs_deepfake_project/dfdc_subset_77_jpg/test/real/real_001859.jpg,0.0,0.9382907152175903,1
/media/D1/ait_users/staff122/deepfake_project/outputs_deepfake_project/dfdc_subset_77_jpg/test/real/real_001860.jpg,0.0,0.9230690598487854,1
/media/D1/ait_users/staff122/deepfake_project/outputs_deepfake_project/dfdc_subset_77_jpg/test/real/real_001861.jpg,0.0,0.9467999935150146,1
/media/D1/ait_users/staff122/deepfake_project/outputs_deepfake_project/dfdc_subset_77_jpg/test/real/real_001862.jpg,0.0,0.9844915270805359,1
/media/D1/ait_users/staff122/deepfake_project/outputs_deepfake_project/dfdc_subset_77_jpg/test/real/real_001863.jpg,0.0,0.9839686155319214,1
/media/D1/ait_users/staff122/deepfake_project/outputs_deepfake_project/dfdc_subset_77_jpg/test/real/real_001864.jpg,0.0,0.9447012543678284,1
/media/D1/ait_users/staff122/deepfake_project/outputs_deepfake_project/dfdc_subset_77_jpg/test/real/real_001865.jpg,0.0,0.8150078654289246,1
/media/D1/ait_users/staff122/deepfake_project/outputs_deepfake_project/dfdc_subset_77_jpg/test/real/real_001866.jpg,0.0,0.8689624667167664,1
/media/D1/ait_users/staff122/deepfake_project/outputs_deepfake_project/dfdc_subset_77_jpg/test/real/real_001867.jpg,0.0,0.9894385933876038,1
/media/D1/ait_users/staff122/deepfake_project/outputs_deepfake_project/dfdc_subset_77_jpg/test/real/real_001868.jpg,0.0,0.9868807792663574,1
/media/D1/ait_users/staff122/deepfake_project/outputs_deepfake_project/dfdc_subset_77_jpg/test/real/real_001869.jpg,0.0,0.8529388308525085,1
/media/D1/ait_users/staff122/deepfake_project/outputs_deepfake_project/dfdc_subset_77_jpg/test/real/real_001870.jpg,0.0,0.5540871024131775,1
/media/D1/ait_users/staff122/deepfake_project/outputs_deepfake_project/dfdc_subset_77_jpg/test/real/real_001871.jpg,0.0,0.8688647747039795,1
/media/D1/ait_users/staff122/deepfake_project/outputs_deepfake_project/dfdc_subset_77_jpg/test/real/real_001872.jpg,0.0,0.9585384726524353,1
/media/D1/ait_users/staff122/deepfake_project/outputs_deepfake_project/dfdc_subset_77_jpg/test/real/real_001873.jpg,0.0,0.9634795784950256,1
/media/D1/ait_users/staff122/deepfake_project/outputs_deepfake_project/dfdc_subset_77_jpg/test/real/real_001874.jpg,0.0,0.960946798324585,1
/media/D1/ait_users/staff122/deepfake_project/outputs_deepfake_project/dfdc_subset_77_jpg/test/real/real_001875.jpg,0.0,0.9880545735359192,1
/media/D1/ait_users/staff122/deepfake_project/outputs_deepfake_project/dfdc_subset_77_jpg/test/real/real_001876.jpg,0.0,0.9484929442405701,1
/media/D1/ait_users/staff122/deepfake_project/outputs_deepfake_project/dfdc_subset_77_jpg/test/real/real_001877.jpg,0.0,0.9249619841575623,1
/media/D1/ait_users/staff122/deepfake_project/outputs_deepfake_project/dfdc_subset_77_jpg/test/real/real_001878.jpg,0.0,0.992451012134552,1
/media/D1/ait_users/staff122/deepfake_project/outputs_deepfake_project/dfdc_subset_77_jpg/test/real/real_001879.jpg,0.0,0.9943503737449646,1
/media/D1/ait_users/staff122/deepfake_project/outputs_deepfake_project/dfdc_subset_77_jpg/test/real/real_001880.jpg,0.0,0.18892250955104828,0
/media/D1/ait_users/staff122/deepfake_project/outputs_deepfake_project/dfdc_subset_77_jpg/test/real/real_001881.jpg,0.0,0.9095866084098816,1
/media/D1/ait_users/staff122/deepfake_project/outputs_deepfake_project/dfdc_subset_77_jpg/test/real/real_001882.jpg,0.0,0.9080718755722046,1
/media/D1/ait_users/staff122/deepfake_project/outputs_deepfake_project/dfdc_subset_77_jpg/test/real/real_001883.jpg,0.0,0.6729482412338257,1
/media/D1/ait_users/staff122/deepfake_project/outputs_deepfake_project/dfdc_subset_77_jpg/test/real/real_001884.jpg,0.0,0.9405016899108887,1
/media/D1/ait_users/staff122/deepfake_project/outputs_deepfake_project/dfdc_subset_77_jpg/test/real/real_001885.jpg,0.0,0.7969971895217896,1
/media/D1/ait_users/staff122/deepfake_project/outputs_deepfake_project/dfdc_subset_77_jpg/test/real/real_001886.jpg,0.0,0.7493516206741333,1
/media/D1/ait_users/staff122/deepfake_project/outputs_deepfake_project/dfdc_subset_77_jpg/test/real/real_001887.jpg,0.0,0.9554361701011658,1
/media/D1/ait_users/staff122/deepfake_project/outputs_deepfake_project/dfdc_subset_77_jpg/test/real/real_001888.jpg,0.0,0.34294557571411133,0
/media/D1/ait_users/staff122/deepfake_project/outputs_deepfake_project/dfdc_subset_77_jpg/test/real/real_001889.jpg,0.0,0.011800802312791348,0
/media/D1/ait_users/staff122/deepfake_project/outputs_deepfake_project/dfdc_subset_77_jpg/test/real/real_001890.jpg,0.0,0.0011939251562580466,0
/media/D1/ait_users/staff122/deepfake_project/outputs_deepfake_project/dfdc_subset_77_jpg/test/real/real_001891.jpg,0.0,0.00034942160709761083,0
/media/D1/ait_users/staff122/deepfake_project/outputs_deepfake_project/dfdc_subset_77_jpg/test/real/real_001892.jpg,0.0,0.0003350736806169152,0
/media/D1/ait_users/staff122/deepfake_project/outputs_deepfake_project/dfdc_subset_77_jpg/test/real/real_001893.jpg,0.0,0.14461199939250946,0
/media/D1/ait_users/staff122/deepfake_project/outputs_deepfake_project/dfdc_subset_77_jpg/test/real/real_001894.jpg,0.0,0.0002768343547359109,0
/media/D1/ait_users/staff122/deepfake_project/outputs_deepfake_project/dfdc_subset_77_jpg/test/real/real_001895.jpg,0.0,0.032636258751153946,0
/media/D1/ait_users/staff122/deepfake_project/outputs_deepfake_project/dfdc_subset_77_jpg/test/real/real_001896.jpg,0.0,0.003074424108490348,0
/media/D1/ait_users/staff122/deepfake_project/outputs_deepfake_project/dfdc_subset_77_jpg/test/real/real_001897.jpg,0.0,0.0002136384864570573,0
/media/D1/ait_users/staff122/deepfake_project/outputs_deepfake_project/dfdc_subset_77_jpg/test/real/real_001898.jpg,0.0,0.0009308308362960815,0
/media/D1/ait_users/staff122/deepfake_project/outputs_deepfake_project/dfdc_subset_77_jpg/test/real/real_001899.jpg,0.0,0.2846295237541199,0
/media/D1/ait_users/staff122/deepfake_project/outputs_deepfake_project/dfdc_subset_77_jpg/test/real/real_001900.jpg,0.0,0.005563563201576471,0
/media/D1/ait_users/staff122/deepfake_project/outputs_deepfake_project/dfdc_subset_77_jpg/test/real/real_001901.jpg,0.0,0.25960925221443176,0
/media/D1/ait_users/staff122/deepfake_project/outputs_deepfake_project/dfdc_subset_77_jpg/test/real/real_001902.jpg,0.0,0.2821328639984131,0
/media/D1/ait_users/staff122/deepfake_project/outputs_deepfake_project/dfdc_subset_77_jpg/test/real/real_001903.jpg,0.0,0.0022530420683324337,0
/media/D1/ait_users/staff122/deepfake_project/outputs_deepfake_project/dfdc_subset_77_jpg/test/real/real_001904.jpg,0.0,0.003446385497227311,0
/media/D1/ait_users/staff122/deepfake_project/outputs_deepfake_project/dfdc_subset_77_jpg/test/real/real_001905.jpg,0.0,0.0026788495015352964,0
/media/D1/ait_users/staff122/deepfake_project/outputs_deepfake_project/dfdc_subset_77_jpg/test/real/real_001906.jpg,0.0,0.043582238256931305,0
/media/D1/ait_users/staff122/deepfake_project/outputs_deepfake_project/dfdc_subset_77_jpg/test/real/real_001907.jpg,0.0,0.00010314942483091727,0
/media/D1/ait_users/staff122/deepfake_project/outputs_deepfake_project/dfdc_subset_77_jpg/test/real/real_001908.jpg,0.0,0.013296988792717457,0
/media/D1/ait_users/staff122/deepfake_project/outputs_deepfake_project/dfdc_subset_77_jpg/test/real/real_001909.jpg,0.0,0.029668757691979408,0
/media/D1/ait_users/staff122/deepfake_project/outputs_deepfake_project/dfdc_subset_77_jpg/test/real/real_001910.jpg,0.0,0.029793789610266685,0
/media/D1/ait_users/staff122/deepfake_project/outputs_deepfake_project/dfdc_subset_77_jpg/test/real/real_001911.jpg,0.0,0.2372545748949051,0
/media/D1/ait_users/staff122/deepfake_project/outputs_deepfake_project/dfdc_subset_77_jpg/test/real/real_001912.jpg,0.0,0.0009210587595589459,0
/media/D1/ait_users/staff122/deepfake_project/outputs_deepfake_project/dfdc_subset_77_jpg/test/real/real_001913.jpg,0.0,0.0060560815036296844,0
/media/D1/ait_users/staff122/deepfake_project/outputs_deepfake_project/dfdc_subset_77_jpg/test/real/real_001914.jpg,0.0,0.4074684977531433,0
/media/D1/ait_users/staff122/deepfake_project/outputs_deepfake_project/dfdc_subset_77_jpg/test/real/real_001915.jpg,0.0,0.0025981671642512083,0
/media/D1/ait_users/staff122/deepfake_project/outputs_deepfake_project/dfdc_subset_77_jpg/test/real/real_001916.jpg,0.0,0.5676454901695251,1
/media/D1/ait_users/staff122/deepfake_project/outputs_deepfake_project/dfdc_subset_77_jpg/test/real/real_001917.jpg,0.0,0.04380020126700401,0
/media/D1/ait_users/staff122/deepfake_project/outputs_deepfake_project/dfdc_subset_77_jpg/test/real/real_001918.jpg,0.0,0.7528008222579956,1
/media/D1/ait_users/staff122/deepfake_project/outputs_deepfake_project/dfdc_subset_77_jpg/test/real/real_001919.jpg,0.0,0.9940833449363708,1
/media/D1/ait_users/staff122/deepfake_project/outputs_deepfake_project/dfdc_subset_77_jpg/test/real/real_001920.jpg,0.0,0.011331796646118164,0
/media/D1/ait_users/staff122/deepfake_project/outputs_deepfake_project/dfdc_subset_77_jpg/test/real/real_001921.jpg,0.0,0.005670714657753706,0
/media/D1/ait_users/staff122/deepfake_project/outputs_deepfake_project/dfdc_subset_77_jpg/test/real/real_001922.jpg,0.0,0.001253214431926608,0
/media/D1/ait_users/staff122/deepfake_project/outputs_deepfake_project/dfdc_subset_77_jpg/test/real/real_001923.jpg,0.0,0.9991365075111389,1
/media/D1/ait_users/staff122/deepfake_project/outputs_deepfake_project/dfdc_subset_77_jpg/test/real/real_001924.jpg,0.0,0.0038366110529750586,0
/media/D1/ait_users/staff122/deepfake_project/outputs_deepfake_project/dfdc_subset_77_jpg/test/real/real_001925.jpg,0.0,0.0045653400011360645,0
/media/D1/ait_users/staff122/deepfake_project/outputs_deepfake_project/dfdc_subset_77_jpg/test/real/real_001926.jpg,0.0,0.006907562259584665,0
/media/D1/ait_users/staff122/deepfake_project/outputs_deepfake_project/dfdc_subset_77_jpg/test/real/real_001927.jpg,0.0,0.0008937099482864141,0
/media/D1/ait_users/staff122/deepfake_project/outputs_deepfake_project/dfdc_subset_77_jpg/test/real/real_001928.jpg,0.0,0.010470113717019558,0
/media/D1/ait_users/staff122/deepfake_project/outputs_deepfake_project/dfdc_subset_77_jpg/test/real/real_001929.jpg,0.0,0.049778275191783905,0
/media/D1/ait_users/staff122/deepfake_project/outputs_deepfake_project/dfdc_subset_77_jpg/test/real/real_001930.jpg,0.0,0.19733110070228577,0
/media/D1/ait_users/staff122/deepfake_project/outputs_deepfake_project/dfdc_subset_77_jpg/test/real/real_001931.jpg,0.0,0.012835338711738586,0
/media/D1/ait_users/staff122/deepfake_project/outputs_deepfake_project/dfdc_subset_77_jpg/test/real/real_001932.jpg,0.0,0.16679251194000244,0
/media/D1/ait_users/staff122/deepfake_project/outputs_deepfake_project/dfdc_subset_77_jpg/test/real/real_001933.jpg,0.0,0.1081760972738266,0
/media/D1/ait_users/staff122/deepfake_project/outputs_deepfake_project/dfdc_subset_77_jpg/test/real/real_001934.jpg,0.0,0.042051225900650024,0
/media/D1/ait_users/staff122/deepfake_project/outputs_deepfake_project/dfdc_subset_77_jpg/test/real/real_001935.jpg,0.0,0.03501756489276886,0
/media/D1/ait_users/staff122/deepfake_project/outputs_deepfake_project/dfdc_subset_77_jpg/test/real/real_001936.jpg,0.0,0.019732603803277016,0
/media/D1/ait_users/staff122/deepfake_project/outputs_deepfake_project/dfdc_subset_77_jpg/test/real/real_001937.jpg,0.0,0.48616331815719604,0
/media/D1/ait_users/staff122/deepfake_project/outputs_deepfake_project/dfdc_subset_77_jpg/test/real/real_001938.jpg,0.0,0.10938949882984161,0
/media/D1/ait_users/staff122/deepfake_project/outputs_deepfake_project/dfdc_subset_77_jpg/test/real/real_001939.jpg,0.0,0.9759870767593384,1
/media/D1/ait_users/staff122/deepfake_project/outputs_deepfake_project/dfdc_subset_77_jpg/test/real/real_001940.jpg,0.0,0.9949392080307007,1
/media/D1/ait_users/staff122/deepfake_project/outputs_deepfake_project/dfdc_subset_77_jpg/test/real/real_001941.jpg,0.0,0.9932398796081543,1
/media/D1/ait_users/staff122/deepfake_project/outputs_deepfake_project/dfdc_subset_77_jpg/test/real/real_001942.jpg,0.0,0.675197958946228,1
/media/D1/ait_users/staff122/deepfake_project/outputs_deepfake_project/dfdc_subset_77_jpg/test/real/real_001943.jpg,0.0,0.9943919777870178,1
/media/D1/ait_users/staff122/deepfake_project/outputs_deepfake_project/dfdc_subset_77_jpg/test/real/real_001944.jpg,0.0,0.10476132482290268,0
/media/D1/ait_users/staff122/deepfake_project/outputs_deepfake_project/dfdc_subset_77_jpg/test/real/real_001945.jpg,0.0,0.539915919303894,1
/media/D1/ait_users/staff122/deepfake_project/outputs_deepfake_project/dfdc_subset_77_jpg/test/real/real_001946.jpg,0.0,0.004290862008929253,0
/media/D1/ait_users/staff122/deepfake_project/outputs_deepfake_project/dfdc_subset_77_jpg/test/real/real_001947.jpg,0.0,0.9882909655570984,1
/media/D1/ait_users/staff122/deepfake_project/outputs_deepfake_project/dfdc_subset_77_jpg/test/real/real_001948.jpg,0.0,0.0005382585222832859,0
/media/D1/ait_users/staff122/deepfake_project/outputs_deepfake_project/dfdc_subset_77_jpg/test/real/real_001949.jpg,0.0,0.9904589653015137,1
/media/D1/ait_users/staff122/deepfake_project/outputs_deepfake_project/dfdc_subset_77_jpg/test/real/real_001950.jpg,0.0,0.9912223815917969,1
/media/D1/ait_users/staff122/deepfake_project/outputs_deepfake_project/dfdc_subset_77_jpg/test/real/real_001951.jpg,0.0,0.9922385811805725,1
/media/D1/ait_users/staff122/deepfake_project/outputs_deepfake_project/dfdc_subset_77_jpg/test/real/real_001952.jpg,0.0,0.5146197080612183,1
/media/D1/ait_users/staff122/deepfake_project/outputs_deepfake_project/dfdc_subset_77_jpg/test/real/real_001953.jpg,0.0,0.0003130393160972744,0
/media/D1/ait_users/staff122/deepfake_project/outputs_deepfake_project/dfdc_subset_77_jpg/test/real/real_001954.jpg,0.0,4.357920624897815e-05,0
/media/D1/ait_users/staff122/deepfake_project/outputs_deepfake_project/dfdc_subset_77_jpg/test/real/real_001955.jpg,0.0,0.000507443561218679,0
/media/D1/ait_users/staff122/deepfake_project/outputs_deepfake_project/dfdc_subset_77_jpg/test/real/real_001956.jpg,0.0,0.999699592590332,1
/media/D1/ait_users/staff122/deepfake_project/outputs_deepfake_project/dfdc_subset_77_jpg/test/real/real_001957.jpg,0.0,0.9960126876831055,1
/media/D1/ait_users/staff122/deepfake_project/outputs_deepfake_project/dfdc_subset_77_jpg/test/real/real_001958.jpg,0.0,0.5410387516021729,1
/media/D1/ait_users/staff122/deepfake_project/outputs_deepfake_project/dfdc_subset_77_jpg/test/real/real_001959.jpg,0.0,0.1361135095357895,0
/media/D1/ait_users/staff122/deepfake_project/outputs_deepfake_project/dfdc_subset_77_jpg/test/real/real_001960.jpg,0.0,0.0008335082675330341,0
/media/D1/ait_users/staff122/deepfake_project/outputs_deepfake_project/dfdc_subset_77_jpg/test/real/real_001961.jpg,0.0,0.040415115654468536,0
/media/D1/ait_users/staff122/deepfake_project/outputs_deepfake_project/dfdc_subset_77_jpg/test/real/real_001962.jpg,0.0,0.0025555111933499575,0
/media/D1/ait_users/staff122/deepfake_project/outputs_deepfake_project/dfdc_subset_77_jpg/test/real/real_001963.jpg,0.0,0.0027752695605158806,0
/media/D1/ait_users/staff122/deepfake_project/outputs_deepfake_project/dfdc_subset_77_jpg/test/real/real_001964.jpg,0.0,0.9985692501068115,1
/media/D1/ait_users/staff122/deepfake_project/outputs_deepfake_project/dfdc_subset_77_jpg/test/real/real_001965.jpg,0.0,0.9835130572319031,1
/media/D1/ait_users/staff122/deepfake_project/outputs_deepfake_project/dfdc_subset_77_jpg/test/real/real_001966.jpg,0.0,0.9987735152244568,1
/media/D1/ait_users/staff122/deepfake_project/outputs_deepfake_project/dfdc_subset_77_jpg/test/real/real_001967.jpg,0.0,5.4032258049119264e-05,0
/media/D1/ait_users/staff122/deepfake_project/outputs_deepfake_project/dfdc_subset_77_jpg/test/real/real_001968.jpg,0.0,0.9975268244743347,1
/media/D1/ait_users/staff122/deepfake_project/outputs_deepfake_project/dfdc_subset_77_jpg/test/real/real_001969.jpg,0.0,0.999302864074707,1
/media/D1/ait_users/staff122/deepfake_project/outputs_deepfake_project/dfdc_subset_77_jpg/test/real/real_001970.jpg,0.0,0.9824190139770508,1
/media/D1/ait_users/staff122/deepfake_project/outputs_deepfake_project/dfdc_subset_77_jpg/test/real/real_001971.jpg,0.0,0.06925398111343384,0
/media/D1/ait_users/staff122/deepfake_project/outputs_deepfake_project/dfdc_subset_77_jpg/test/real/real_001972.jpg,0.0,0.004921548534184694,0
/media/D1/ait_users/staff122/deepfake_project/outputs_deepfake_project/dfdc_subset_77_jpg/test/real/real_001973.jpg,0.0,0.06159476563334465,0
/media/D1/ait_users/staff122/deepfake_project/outputs_deepfake_project/dfdc_subset_77_jpg/test/real/real_001974.jpg,0.0,1.0,1
/media/D1/ait_users/staff122/deepfake_project/outputs_deepfake_project/dfdc_subset_77_jpg/test/real/real_001975.jpg,0.0,0.0033017080277204514,0
/media/D1/ait_users/staff122/deepfake_project/outputs_deepfake_project/dfdc_subset_77_jpg/test/real/real_001976.jpg,0.0,1.0,1
/media/D1/ait_users/staff122/deepfake_project/outputs_deepfake_project/dfdc_subset_77_jpg/test/real/real_001977.jpg,0.0,0.00016538999625481665,0
/media/D1/ait_users/staff122/deepfake_project/outputs_deepfake_project/dfdc_subset_77_jpg/test/real/real_001978.jpg,0.0,0.9996069073677063,1
/media/D1/ait_users/staff122/deepfake_project/outputs_deepfake_project/dfdc_subset_77_jpg/test/real/real_001979.jpg,0.0,1.0,1
/media/D1/ait_users/staff122/deepfake_project/outputs_deepfake_project/dfdc_subset_77_jpg/test/real/real_001980.jpg,0.0,0.9693909287452698,1
/media/D1/ait_users/staff122/deepfake_project/outputs_deepfake_project/dfdc_subset_77_jpg/test/real/real_001981.jpg,0.0,1.654861625866033e-05,0
/media/D1/ait_users/staff122/deepfake_project/outputs_deepfake_project/dfdc_subset_77_jpg/test/real/real_001982.jpg,0.0,1.0,1
/media/D1/ait_users/staff122/deepfake_project/outputs_deepfake_project/dfdc_subset_77_jpg/test/real/real_001983.jpg,0.0,0.0008939242106862366,0
/media/D1/ait_users/staff122/deepfake_project/outputs_deepfake_project/dfdc_subset_77_jpg/test/real/real_001984.jpg,0.0,0.6023410558700562,1
/media/D1/ait_users/staff122/deepfake_project/outputs_deepfake_project/dfdc_subset_77_jpg/test/real/real_001985.jpg,0.0,0.9965881109237671,1
/media/D1/ait_users/staff122/deepfake_project/outputs_deepfake_project/dfdc_subset_77_jpg/test/real/real_001986.jpg,0.0,0.9999812841415405,1
/media/D1/ait_users/staff122/deepfake_project/outputs_deepfake_project/dfdc_subset_77_jpg/test/real/real_001987.jpg,0.0,0.9999959468841553,1
/media/D1/ait_users/staff122/deepfake_project/outputs_deepfake_project/dfdc_subset_77_jpg/test/real/real_001988.jpg,0.0,0.999883770942688,1
/media/D1/ait_users/staff122/deepfake_project/outputs_deepfake_project/dfdc_subset_77_jpg/test/real/real_001989.jpg,0.0,0.9994309544563293,1
/media/D1/ait_users/staff122/deepfake_project/outputs_deepfake_project/dfdc_subset_77_jpg/test/real/real_001990.jpg,0.0,0.9999306201934814,1
/media/D1/ait_users/staff122/deepfake_project/outputs_deepfake_project/dfdc_subset_77_jpg/test/real/real_001991.jpg,0.0,0.9999942779541016,1
/media/D1/ait_users/staff122/deepfake_project/outputs_deepfake_project/dfdc_subset_77_jpg/test/real/real_001992.jpg,0.0,0.9999961853027344,1
/media/D1/ait_users/staff122/deepfake_project/outputs_deepfake_project/dfdc_subset_77_jpg/test/real/real_001993.jpg,0.0,0.9999328851699829,1
/media/D1/ait_users/staff122/deepfake_project/outputs_deepfake_project/dfdc_subset_77_jpg/test/real/real_001994.jpg,0.0,0.9968403577804565,1
/media/D1/ait_users/staff122/deepfake_project/outputs_deepfake_project/dfdc_subset_77_jpg/test/real/real_001995.jpg,0.0,0.9999983310699463,1
/media/D1/ait_users/staff122/deepfake_project/outputs_deepfake_project/dfdc_subset_77_jpg/test/real/real_001996.jpg,0.0,0.9999639987945557,1
/media/D1/ait_users/staff122/deepfake_project/outputs_deepfake_project/dfdc_subset_77_jpg/test/real/real_001997.jpg,0.0,0.687623143196106,1
/media/D1/ait_users/staff122/deepfake_project/outputs_deepfake_project/dfdc_subset_77_jpg/test/real/real_001998.jpg,0.0,0.7021358013153076,1
/media/D1/ait_users/staff122/deepfake_project/outputs_deepfake_project/dfdc_subset_77_jpg/test/real/real_001999.jpg,0.0,0.9984959363937378,1
/media/D1/ait_users/staff122/deepfake_project/outputs_deepfake_project/dfdc_subset_77_jpg/test/real/real_002000.jpg,0.0,0.5188639760017395,1
/media/D1/ait_users/staff122/deepfake_project/outputs_deepfake_project/dfdc_subset_77_jpg/test/real/real_002001.jpg,0.0,0.9953706860542297,1
/media/D1/ait_users/staff122/deepfake_project/outputs_deepfake_project/dfdc_subset_77_jpg/test/real/real_002002.jpg,0.0,0.9992069602012634,1
/media/D1/ait_users/staff122/deepfake_project/outputs_deepfake_project/dfdc_subset_77_jpg/test/real/real_002003.jpg,0.0,0.4502096176147461,0
/media/D1/ait_users/staff122/deepfake_project/outputs_deepfake_project/dfdc_subset_77_jpg/test/real/real_002004.jpg,0.0,0.5855571627616882,1
/media/D1/ait_users/staff122/deepfake_project/outputs_deepfake_project/dfdc_subset_77_jpg/test/real/real_002005.jpg,0.0,0.9998624324798584,1
/media/D1/ait_users/staff122/deepfake_project/outputs_deepfake_project/dfdc_subset_77_jpg/test/real/real_002006.jpg,0.0,0.9997300505638123,1
/media/D1/ait_users/staff122/deepfake_project/outputs_deepfake_project/dfdc_subset_77_jpg/test/real/real_002007.jpg,0.0,0.9995077848434448,1
/media/D1/ait_users/staff122/deepfake_project/outputs_deepfake_project/dfdc_subset_77_jpg/test/real/real_002008.jpg,0.0,0.9999876022338867,1
/media/D1/ait_users/staff122/deepfake_project/outputs_deepfake_project/dfdc_subset_77_jpg/test/real/real_002009.jpg,0.0,0.556030809879303,1
/media/D1/ait_users/staff122/deepfake_project/outputs_deepfake_project/dfdc_subset_77_jpg/test/real/real_002010.jpg,0.0,0.349240243434906,0
/media/D1/ait_users/staff122/deepfake_project/outputs_deepfake_project/dfdc_subset_77_jpg/test/real/real_002011.jpg,0.0,0.9992111921310425,1
/media/D1/ait_users/staff122/deepfake_project/outputs_deepfake_project/dfdc_subset_77_jpg/test/real/real_002012.jpg,0.0,0.33907970786094666,0
/media/D1/ait_users/staff122/deepfake_project/outputs_deepfake_project/dfdc_subset_77_jpg/test/real/real_002013.jpg,0.0,0.47774213552474976,0
/media/D1/ait_users/staff122/deepfake_project/outputs_deepfake_project/dfdc_subset_77_jpg/test/real/real_002014.jpg,0.0,0.347139835357666,0
/media/D1/ait_users/staff122/deepfake_project/outputs_deepfake_project/dfdc_subset_77_jpg/test/real/real_002015.jpg,0.0,0.9999581575393677,1
/media/D1/ait_users/staff122/deepfake_project/outputs_deepfake_project/dfdc_subset_77_jpg/test/real/real_002016.jpg,0.0,0.996306300163269,1
/media/D1/ait_users/staff122/deepfake_project/outputs_deepfake_project/dfdc_subset_77_jpg/test/real/real_002017.jpg,0.0,0.9998260140419006,1
/media/D1/ait_users/staff122/deepfake_project/outputs_deepfake_project/dfdc_subset_77_jpg/test/real/real_002018.jpg,0.0,0.9994496703147888,1
/media/D1/ait_users/staff122/deepfake_project/outputs_deepfake_project/dfdc_subset_77_jpg/test/real/real_002019.jpg,0.0,0.9997639060020447,1
/media/D1/ait_users/staff122/deepfake_project/outputs_deepfake_project/dfdc_subset_77_jpg/test/real/real_002020.jpg,0.0,0.9994562268257141,1
/media/D1/ait_users/staff122/deepfake_project/outputs_deepfake_project/dfdc_subset_77_jpg/test/real/real_002021.jpg,0.0,0.9998805522918701,1
/media/D1/ait_users/staff122/deepfake_project/outputs_deepfake_project/dfdc_subset_77_jpg/test/real/real_002022.jpg,0.0,0.9983364939689636,1
/media/D1/ait_users/staff122/deepfake_project/outputs_deepfake_project/dfdc_subset_77_jpg/test/real/real_002023.jpg,0.0,0.9987712502479553,1
/media/D1/ait_users/staff122/deepfake_project/outputs_deepfake_project/dfdc_subset_77_jpg/test/real/real_002024.jpg,0.0,0.996837854385376,1
/media/D1/ait_users/staff122/deepfake_project/outputs_deepfake_project/dfdc_subset_77_jpg/test/real/real_002025.jpg,0.0,0.9982319474220276,1
/media/D1/ait_users/staff122/deepfake_project/outputs_deepfake_project/dfdc_subset_77_jpg/test/real/real_002026.jpg,0.0,0.9979802966117859,1
/media/D1/ait_users/staff122/deepfake_project/outputs_deepfake_project/dfdc_subset_77_jpg/test/real/real_002027.jpg,0.0,0.9945108890533447,1
/media/D1/ait_users/staff122/deepfake_project/outputs_deepfake_project/dfdc_subset_77_jpg/test/real/real_002028.jpg,0.0,0.9959318041801453,1
/media/D1/ait_users/staff122/deepfake_project/outputs_deepfake_project/dfdc_subset_77_jpg/test/real/real_002029.jpg,0.0,0.9931662678718567,1
/media/D1/ait_users/staff122/deepfake_project/outputs_deepfake_project/dfdc_subset_77_jpg/test/real/real_002030.jpg,0.0,0.9985886216163635,1
/media/D1/ait_users/staff122/deepfake_project/outputs_deepfake_project/dfdc_subset_77_jpg/test/real/real_002031.jpg,0.0,0.9994471669197083,1
/media/D1/ait_users/staff122/deepfake_project/outputs_deepfake_project/dfdc_subset_77_jpg/test/real/real_002032.jpg,0.0,0.9975581169128418,1
/media/D1/ait_users/staff122/deepfake_project/outputs_deepfake_project/dfdc_subset_77_jpg/test/real/real_002033.jpg,0.0,0.999555766582489,1
/media/D1/ait_users/staff122/deepfake_project/outputs_deepfake_project/dfdc_subset_77_jpg/test/real/real_002034.jpg,0.0,0.9980200529098511,1
/media/D1/ait_users/staff122/deepfake_project/outputs_deepfake_project/dfdc_subset_77_jpg/test/real/real_002035.jpg,0.0,0.9995664954185486,1
/media/D1/ait_users/staff122/deepfake_project/outputs_deepfake_project/dfdc_subset_77_jpg/test/real/real_002036.jpg,0.0,0.9988279938697815,1
/media/D1/ait_users/staff122/deepfake_project/outputs_deepfake_project/dfdc_subset_77_jpg/test/real/real_002037.jpg,0.0,0.9942869544029236,1
/media/D1/ait_users/staff122/deepfake_project/outputs_deepfake_project/dfdc_subset_77_jpg/test/real/real_002038.jpg,0.0,0.9923359751701355,1
/media/D1/ait_users/staff122/deepfake_project/outputs_deepfake_project/dfdc_subset_77_jpg/test/real/real_002039.jpg,0.0,0.9980161190032959,1
/media/D1/ait_users/staff122/deepfake_project/outputs_deepfake_project/dfdc_subset_77_jpg/test/real/real_002040.jpg,0.0,0.9965299963951111,1
/media/D1/ait_users/staff122/deepfake_project/outputs_deepfake_project/dfdc_subset_77_jpg/test/real/real_002041.jpg,0.0,0.9966877102851868,1
/media/D1/ait_users/staff122/deepfake_project/outputs_deepfake_project/dfdc_subset_77_jpg/test/real/real_002042.jpg,0.0,0.9975194334983826,1
/media/D1/ait_users/staff122/deepfake_project/outputs_deepfake_project/dfdc_subset_77_jpg/test/real/real_002043.jpg,0.0,0.9964839220046997,1
/media/D1/ait_users/staff122/deepfake_project/outputs_deepfake_project/dfdc_subset_77_jpg/test/real/real_002044.jpg,0.0,0.995712399482727,1
/media/D1/ait_users/staff122/deepfake_project/outputs_deepfake_project/dfdc_subset_77_jpg/test/real/real_002045.jpg,0.0,0.9976240992546082,1
/media/D1/ait_users/staff122/deepfake_project/outputs_deepfake_project/dfdc_subset_77_jpg/test/real/real_002046.jpg,0.0,0.9913673996925354,1
/media/D1/ait_users/staff122/deepfake_project/outputs_deepfake_project/dfdc_subset_77_jpg/test/real/real_002047.jpg,0.0,0.9970958232879639,1
/media/D1/ait_users/staff122/deepfake_project/outputs_deepfake_project/dfdc_subset_77_jpg/test/real/real_002048.jpg,0.0,0.5642309784889221,1
/media/D1/ait_users/staff122/deepfake_project/outputs_deepfake_project/dfdc_subset_77_jpg/test/real/real_002049.jpg,0.0,0.9951720833778381,1
/media/D1/ait_users/staff122/deepfake_project/outputs_deepfake_project/dfdc_subset_77_jpg/test/real/real_002050.jpg,0.0,0.0779256820678711,0
/media/D1/ait_users/staff122/deepfake_project/outputs_deepfake_project/dfdc_subset_77_jpg/test/real/real_002051.jpg,0.0,0.015025957487523556,0
/media/D1/ait_users/staff122/deepfake_project/outputs_deepfake_project/dfdc_subset_77_jpg/test/real/real_002052.jpg,0.0,0.8382205963134766,1
/media/D1/ait_users/staff122/deepfake_project/outputs_deepfake_project/dfdc_subset_77_jpg/test/real/real_002053.jpg,0.0,0.0034240789245814085,0
/media/D1/ait_users/staff122/deepfake_project/outputs_deepfake_project/dfdc_subset_77_jpg/test/real/real_002054.jpg,0.0,0.07914098352193832,0
/media/D1/ait_users/staff122/deepfake_project/outputs_deepfake_project/dfdc_subset_77_jpg/test/real/real_002055.jpg,0.0,0.9536004066467285,1
/media/D1/ait_users/staff122/deepfake_project/outputs_deepfake_project/dfdc_subset_77_jpg/test/real/real_002056.jpg,0.0,0.479754775762558,0
/media/D1/ait_users/staff122/deepfake_project/outputs_deepfake_project/dfdc_subset_77_jpg/test/real/real_002057.jpg,0.0,0.0008405040134675801,0
/media/D1/ait_users/staff122/deepfake_project/outputs_deepfake_project/dfdc_subset_77_jpg/test/real/real_002058.jpg,0.0,0.06992349773645401,0
/media/D1/ait_users/staff122/deepfake_project/outputs_deepfake_project/dfdc_subset_77_jpg/test/real/real_002059.jpg,0.0,0.9955925345420837,1
/media/D1/ait_users/staff122/deepfake_project/outputs_deepfake_project/dfdc_subset_77_jpg/test/real/real_002060.jpg,0.0,0.9627401232719421,1
/media/D1/ait_users/staff122/deepfake_project/outputs_deepfake_project/dfdc_subset_77_jpg/test/real/real_002061.jpg,0.0,0.0071409596130251884,0
/media/D1/ait_users/staff122/deepfake_project/outputs_deepfake_project/dfdc_subset_77_jpg/test/real/real_002062.jpg,0.0,0.44679737091064453,0
/media/D1/ait_users/staff122/deepfake_project/outputs_deepfake_project/dfdc_subset_77_jpg/test/real/real_002063.jpg,0.0,0.41265806555747986,0
/media/D1/ait_users/staff122/deepfake_project/outputs_deepfake_project/dfdc_subset_77_jpg/test/real/real_002064.jpg,0.0,0.8909083604812622,1
/media/D1/ait_users/staff122/deepfake_project/outputs_deepfake_project/dfdc_subset_77_jpg/test/real/real_002065.jpg,0.0,0.006162768229842186,0
/media/D1/ait_users/staff122/deepfake_project/outputs_deepfake_project/dfdc_subset_77_jpg/test/real/real_002066.jpg,0.0,0.9636056423187256,1
/media/D1/ait_users/staff122/deepfake_project/outputs_deepfake_project/dfdc_subset_77_jpg/test/real/real_002067.jpg,0.0,0.9963350296020508,1
/media/D1/ait_users/staff122/deepfake_project/outputs_deepfake_project/dfdc_subset_77_jpg/test/real/real_002068.jpg,0.0,0.7745041251182556,1
/media/D1/ait_users/staff122/deepfake_project/outputs_deepfake_project/dfdc_subset_77_jpg/test/real/real_002069.jpg,0.0,0.008149019442498684,0
/media/D1/ait_users/staff122/deepfake_project/outputs_deepfake_project/dfdc_subset_77_jpg/test/real/real_002070.jpg,0.0,0.00040054391138255596,0
/media/D1/ait_users/staff122/deepfake_project/outputs_deepfake_project/dfdc_subset_77_jpg/test/real/real_002071.jpg,0.0,0.1798943430185318,0
/media/D1/ait_users/staff122/deepfake_project/outputs_deepfake_project/dfdc_subset_77_jpg/test/real/real_002072.jpg,0.0,0.8170152902603149,1
/media/D1/ait_users/staff122/deepfake_project/outputs_deepfake_project/dfdc_subset_77_jpg/test/real/real_002073.jpg,0.0,0.9682419300079346,1
/media/D1/ait_users/staff122/deepfake_project/outputs_deepfake_project/dfdc_subset_77_jpg/test/real/real_002074.jpg,0.0,0.9962863922119141,1
/media/D1/ait_users/staff122/deepfake_project/outputs_deepfake_project/dfdc_subset_77_jpg/test/real/real_002075.jpg,0.0,0.6698439717292786,1
/media/D1/ait_users/staff122/deepfake_project/outputs_deepfake_project/dfdc_subset_77_jpg/test/real/real_002076.jpg,0.0,0.8822444677352905,1
/media/D1/ait_users/staff122/deepfake_project/outputs_deepfake_project/dfdc_subset_77_jpg/test/real/real_002077.jpg,0.0,0.9198006987571716,1
/media/D1/ait_users/staff122/deepfake_project/outputs_deepfake_project/dfdc_subset_77_jpg/test/real/real_002078.jpg,0.0,0.7180447578430176,1
/media/D1/ait_users/staff122/deepfake_project/outputs_deepfake_project/dfdc_subset_77_jpg/test/real/real_002079.jpg,0.0,0.5915918350219727,1
/media/D1/ait_users/staff122/deepfake_project/outputs_deepfake_project/dfdc_subset_77_jpg/test/real/real_002080.jpg,0.0,0.4936652183532715,0
/media/D1/ait_users/staff122/deepfake_project/outputs_deepfake_project/dfdc_subset_77_jpg/test/real/real_002081.jpg,0.0,0.2725992500782013,0
/media/D1/ait_users/staff122/deepfake_project/outputs_deepfake_project/dfdc_subset_77_jpg/test/real/real_002082.jpg,0.0,0.18483591079711914,0
/media/D1/ait_users/staff122/deepfake_project/outputs_deepfake_project/dfdc_subset_77_jpg/test/real/real_002083.jpg,0.0,0.06374289095401764,0
/media/D1/ait_users/staff122/deepfake_project/outputs_deepfake_project/dfdc_subset_77_jpg/test/real/real_002084.jpg,0.0,0.01938166655600071,0
/media/D1/ait_users/staff122/deepfake_project/outputs_deepfake_project/dfdc_subset_77_jpg/test/real/real_002085.jpg,0.0,0.0565795861184597,0
/media/D1/ait_users/staff122/deepfake_project/outputs_deepfake_project/dfdc_subset_77_jpg/test/real/real_002086.jpg,0.0,0.1944568008184433,0
/media/D1/ait_users/staff122/deepfake_project/outputs_deepfake_project/dfdc_subset_77_jpg/test/real/real_002087.jpg,0.0,0.9950743317604065,1
/media/D1/ait_users/staff122/deepfake_project/outputs_deepfake_project/dfdc_subset_77_jpg/test/real/real_002088.jpg,0.0,0.9794625639915466,1
/media/D1/ait_users/staff122/deepfake_project/outputs_deepfake_project/dfdc_subset_77_jpg/test/real/real_002089.jpg,0.0,0.9188896417617798,1
/media/D1/ait_users/staff122/deepfake_project/outputs_deepfake_project/dfdc_subset_77_jpg/test/real/real_002090.jpg,0.0,0.9474220871925354,1
/media/D1/ait_users/staff122/deepfake_project/outputs_deepfake_project/dfdc_subset_77_jpg/test/real/real_002091.jpg,0.0,0.8588407039642334,1
/media/D1/ait_users/staff122/deepfake_project/outputs_deepfake_project/dfdc_subset_77_jpg/test/real/real_002092.jpg,0.0,0.9958314299583435,1
/media/D1/ait_users/staff122/deepfake_project/outputs_deepfake_project/dfdc_subset_77_jpg/test/real/real_002093.jpg,0.0,0.9448541402816772,1
/media/D1/ait_users/staff122/deepfake_project/outputs_deepfake_project/dfdc_subset_77_jpg/test/real/real_002094.jpg,0.0,0.9514865279197693,1
/media/D1/ait_users/staff122/deepfake_project/outputs_deepfake_project/dfdc_subset_77_jpg/test/real/real_002095.jpg,0.0,0.38331717252731323,0
/media/D1/ait_users/staff122/deepfake_project/outputs_deepfake_project/dfdc_subset_77_jpg/test/real/real_002096.jpg,0.0,0.02484358288347721,0
/media/D1/ait_users/staff122/deepfake_project/outputs_deepfake_project/dfdc_subset_77_jpg/test/real/real_002097.jpg,0.0,0.9636521339416504,1
/media/D1/ait_users/staff122/deepfake_project/outputs_deepfake_project/dfdc_subset_77_jpg/test/real/real_002098.jpg,0.0,0.29226505756378174,0
/media/D1/ait_users/staff122/deepfake_project/outputs_deepfake_project/dfdc_subset_77_jpg/test/real/real_002099.jpg,0.0,0.09261516481637955,0
/media/D1/ait_users/staff122/deepfake_project/outputs_deepfake_project/dfdc_subset_77_jpg/test/real/real_002100.jpg,0.0,0.27784067392349243,0
/media/D1/ait_users/staff122/deepfake_project/outputs_deepfake_project/dfdc_subset_77_jpg/test/real/real_002101.jpg,0.0,0.8171185851097107,1
/media/D1/ait_users/staff122/deepfake_project/outputs_deepfake_project/dfdc_subset_77_jpg/test/real/real_002102.jpg,0.0,0.9879606366157532,1
/media/D1/ait_users/staff122/deepfake_project/outputs_deepfake_project/dfdc_subset_77_jpg/test/real/real_002103.jpg,0.0,0.9202776551246643,1
/media/D1/ait_users/staff122/deepfake_project/outputs_deepfake_project/dfdc_subset_77_jpg/test/real/real_002104.jpg,0.0,0.9802784323692322,1
/media/D1/ait_users/staff122/deepfake_project/outputs_deepfake_project/dfdc_subset_77_jpg/test/real/real_002105.jpg,0.0,0.9871317148208618,1
/media/D1/ait_users/staff122/deepfake_project/outputs_deepfake_project/dfdc_subset_77_jpg/test/real/real_002106.jpg,0.0,0.2766250669956207,0
/media/D1/ait_users/staff122/deepfake_project/outputs_deepfake_project/dfdc_subset_77_jpg/test/real/real_002107.jpg,0.0,0.9794552326202393,1
/media/D1/ait_users/staff122/deepfake_project/outputs_deepfake_project/dfdc_subset_77_jpg/test/real/real_002108.jpg,0.0,0.9912174940109253,1
/media/D1/ait_users/staff122/deepfake_project/outputs_deepfake_project/dfdc_subset_77_jpg/test/real/real_002109.jpg,0.0,0.9950112104415894,1
/media/D1/ait_users/staff122/deepfake_project/outputs_deepfake_project/dfdc_subset_77_jpg/test/real/real_002110.jpg,0.0,0.6714778542518616,1
/media/D1/ait_users/staff122/deepfake_project/outputs_deepfake_project/dfdc_subset_77_jpg/test/real/real_002111.jpg,0.0,0.13839344680309296,0
/media/D1/ait_users/staff122/deepfake_project/outputs_deepfake_project/dfdc_subset_77_jpg/test/real/real_002112.jpg,0.0,0.9978443384170532,1
/media/D1/ait_users/staff122/deepfake_project/outputs_deepfake_project/dfdc_subset_77_jpg/test/real/real_002113.jpg,0.0,0.9990506768226624,1
/media/D1/ait_users/staff122/deepfake_project/outputs_deepfake_project/dfdc_subset_77_jpg/test/real/real_002114.jpg,0.0,0.9992079138755798,1
/media/D1/ait_users/staff122/deepfake_project/outputs_deepfake_project/dfdc_subset_77_jpg/test/real/real_002115.jpg,0.0,0.6302948594093323,1
/media/D1/ait_users/staff122/deepfake_project/outputs_deepfake_project/dfdc_subset_77_jpg/test/real/real_002116.jpg,0.0,0.999853253364563,1
/media/D1/ait_users/staff122/deepfake_project/outputs_deepfake_project/dfdc_subset_77_jpg/test/real/real_002117.jpg,0.0,0.6641570925712585,1
/media/D1/ait_users/staff122/deepfake_project/outputs_deepfake_project/dfdc_subset_77_jpg/test/real/real_002118.jpg,0.0,0.496707558631897,0
/media/D1/ait_users/staff122/deepfake_project/outputs_deepfake_project/dfdc_subset_77_jpg/test/real/real_002119.jpg,0.0,0.9996709823608398,1
/media/D1/ait_users/staff122/deepfake_project/outputs_deepfake_project/dfdc_subset_77_jpg/test/real/real_002120.jpg,0.0,0.9897133111953735,1
/media/D1/ait_users/staff122/deepfake_project/outputs_deepfake_project/dfdc_subset_77_jpg/test/real/real_002121.jpg,0.0,0.5762489438056946,1
/media/D1/ait_users/staff122/deepfake_project/outputs_deepfake_project/dfdc_subset_77_jpg/test/real/real_002122.jpg,0.0,0.9999599456787109,1
/media/D1/ait_users/staff122/deepfake_project/outputs_deepfake_project/dfdc_subset_77_jpg/test/real/real_002123.jpg,0.0,0.9996602535247803,1
/media/D1/ait_users/staff122/deepfake_project/outputs_deepfake_project/dfdc_subset_77_jpg/test/real/real_002124.jpg,0.0,0.5866392254829407,1
/media/D1/ait_users/staff122/deepfake_project/outputs_deepfake_project/dfdc_subset_77_jpg/test/real/real_002125.jpg,0.0,0.9996927976608276,1
/media/D1/ait_users/staff122/deepfake_project/outputs_deepfake_project/dfdc_subset_77_jpg/test/real/real_002126.jpg,0.0,0.5982871651649475,1
/media/D1/ait_users/staff122/deepfake_project/outputs_deepfake_project/dfdc_subset_77_jpg/test/real/real_002127.jpg,0.0,0.31886401772499084,0
/media/D1/ait_users/staff122/deepfake_project/outputs_deepfake_project/dfdc_subset_77_jpg/test/real/real_002128.jpg,0.0,0.9990028738975525,1
/media/D1/ait_users/staff122/deepfake_project/outputs_deepfake_project/dfdc_subset_77_jpg/test/real/real_002129.jpg,0.0,0.9760041236877441,1
/media/D1/ait_users/staff122/deepfake_project/outputs_deepfake_project/dfdc_subset_77_jpg/test/real/real_002130.jpg,0.0,0.9917829036712646,1
/media/D1/ait_users/staff122/deepfake_project/outputs_deepfake_project/dfdc_subset_77_jpg/test/real/real_002131.jpg,0.0,0.9999929666519165,1
/media/D1/ait_users/staff122/deepfake_project/outputs_deepfake_project/dfdc_subset_77_jpg/test/real/real_002132.jpg,0.0,0.9998440742492676,1
/media/D1/ait_users/staff122/deepfake_project/outputs_deepfake_project/dfdc_subset_77_jpg/test/real/real_002133.jpg,0.0,0.9997332692146301,1
/media/D1/ait_users/staff122/deepfake_project/outputs_deepfake_project/dfdc_subset_77_jpg/test/real/real_002134.jpg,0.0,0.9287083148956299,1
/media/D1/ait_users/staff122/deepfake_project/outputs_deepfake_project/dfdc_subset_77_jpg/test/real/real_002135.jpg,0.0,0.7835313677787781,1
/media/D1/ait_users/staff122/deepfake_project/outputs_deepfake_project/dfdc_subset_77_jpg/test/real/real_002136.jpg,0.0,0.9487379193305969,1
/media/D1/ait_users/staff122/deepfake_project/outputs_deepfake_project/dfdc_subset_77_jpg/test/real/real_002137.jpg,0.0,0.7228001356124878,1
/media/D1/ait_users/staff122/deepfake_project/outputs_deepfake_project/dfdc_subset_77_jpg/test/real/real_002138.jpg,0.0,0.9919249415397644,1
/media/D1/ait_users/staff122/deepfake_project/outputs_deepfake_project/dfdc_subset_77_jpg/test/real/real_002139.jpg,0.0,0.6584694385528564,1
/media/D1/ait_users/staff122/deepfake_project/outputs_deepfake_project/dfdc_subset_77_jpg/test/real/real_002140.jpg,0.0,0.6060196757316589,1
/media/D1/ait_users/staff122/deepfake_project/outputs_deepfake_project/dfdc_subset_77_jpg/test/real/real_002141.jpg,0.0,0.9999256134033203,1
/media/D1/ait_users/staff122/deepfake_project/outputs_deepfake_project/dfdc_subset_77_jpg/test/real/real_002142.jpg,0.0,0.5335385799407959,1
/media/D1/ait_users/staff122/deepfake_project/outputs_deepfake_project/dfdc_subset_77_jpg/test/real/real_002143.jpg,0.0,0.9978175163269043,1
/media/D1/ait_users/staff122/deepfake_project/outputs_deepfake_project/dfdc_subset_77_jpg/test/real/real_002144.jpg,0.0,0.017906852066516876,0
/media/D1/ait_users/staff122/deepfake_project/outputs_deepfake_project/dfdc_subset_77_jpg/test/real/real_002145.jpg,0.0,0.001999450149014592,0
/media/D1/ait_users/staff122/deepfake_project/outputs_deepfake_project/dfdc_subset_77_jpg/test/real/real_002146.jpg,0.0,0.3127485513687134,0
/media/D1/ait_users/staff122/deepfake_project/outputs_deepfake_project/dfdc_subset_77_jpg/test/real/real_002147.jpg,0.0,0.06225833296775818,0
/media/D1/ait_users/staff122/deepfake_project/outputs_deepfake_project/dfdc_subset_77_jpg/test/real/real_002148.jpg,0.0,0.16463515162467957,0
/media/D1/ait_users/staff122/deepfake_project/outputs_deepfake_project/dfdc_subset_77_jpg/test/real/real_002149.jpg,0.0,0.006509130820631981,0
/media/D1/ait_users/staff122/deepfake_project/outputs_deepfake_project/dfdc_subset_77_jpg/test/real/real_002150.jpg,0.0,0.9446458220481873,1
/media/D1/ait_users/staff122/deepfake_project/outputs_deepfake_project/dfdc_subset_77_jpg/test/real/real_002151.jpg,0.0,0.0018827987369149923,0
/media/D1/ait_users/staff122/deepfake_project/outputs_deepfake_project/dfdc_subset_77_jpg/test/real/real_002152.jpg,0.0,0.9847420454025269,1
/media/D1/ait_users/staff122/deepfake_project/outputs_deepfake_project/dfdc_subset_77_jpg/test/real/real_002153.jpg,0.0,0.7805303335189819,1
/media/D1/ait_users/staff122/deepfake_project/outputs_deepfake_project/dfdc_subset_77_jpg/test/real/real_002154.jpg,0.0,0.9411033987998962,1
/media/D1/ait_users/staff122/deepfake_project/outputs_deepfake_project/dfdc_subset_77_jpg/test/real/real_002155.jpg,0.0,0.921770453453064,1
/media/D1/ait_users/staff122/deepfake_project/outputs_deepfake_project/dfdc_subset_77_jpg/test/real/real_002156.jpg,0.0,0.17909710109233856,0
/media/D1/ait_users/staff122/deepfake_project/outputs_deepfake_project/dfdc_subset_77_jpg/test/real/real_002157.jpg,0.0,0.02784663625061512,0
/media/D1/ait_users/staff122/deepfake_project/outputs_deepfake_project/dfdc_subset_77_jpg/test/real/real_002158.jpg,0.0,0.946293294429779,1
/media/D1/ait_users/staff122/deepfake_project/outputs_deepfake_project/dfdc_subset_77_jpg/test/real/real_002159.jpg,0.0,0.5338713526725769,1
/media/D1/ait_users/staff122/deepfake_project/outputs_deepfake_project/dfdc_subset_77_jpg/test/real/real_002160.jpg,0.0,0.9862814545631409,1
/media/D1/ait_users/staff122/deepfake_project/outputs_deepfake_project/dfdc_subset_77_jpg/test/real/real_002161.jpg,0.0,0.9482289552688599,1
/media/D1/ait_users/staff122/deepfake_project/outputs_deepfake_project/dfdc_subset_77_jpg/test/real/real_002162.jpg,0.0,0.24283994734287262,0
/media/D1/ait_users/staff122/deepfake_project/outputs_deepfake_project/dfdc_subset_77_jpg/test/real/real_002163.jpg,0.0,0.9224201440811157,1
/media/D1/ait_users/staff122/deepfake_project/outputs_deepfake_project/dfdc_subset_77_jpg/test/real/real_002164.jpg,0.0,0.9355233907699585,1
/media/D1/ait_users/staff122/deepfake_project/outputs_deepfake_project/dfdc_subset_77_jpg/test/real/real_002165.jpg,0.0,0.027746256440877914,0
/media/D1/ait_users/staff122/deepfake_project/outputs_deepfake_project/dfdc_subset_77_jpg/test/real/real_002166.jpg,0.0,0.4643641412258148,0
/media/D1/ait_users/staff122/deepfake_project/outputs_deepfake_project/dfdc_subset_77_jpg/test/real/real_002167.jpg,0.0,0.5378708839416504,1
/media/D1/ait_users/staff122/deepfake_project/outputs_deepfake_project/dfdc_subset_77_jpg/test/real/real_002168.jpg,0.0,0.08542171865701675,0
/media/D1/ait_users/staff122/deepfake_project/outputs_deepfake_project/dfdc_subset_77_jpg/test/real/real_002169.jpg,0.0,0.2345224916934967,0
/media/D1/ait_users/staff122/deepfake_project/outputs_deepfake_project/dfdc_subset_77_jpg/test/real/real_002170.jpg,0.0,0.09762313216924667,0
/media/D1/ait_users/staff122/deepfake_project/outputs_deepfake_project/dfdc_subset_77_jpg/test/real/real_002171.jpg,0.0,0.5155836939811707,1
/media/D1/ait_users/staff122/deepfake_project/outputs_deepfake_project/dfdc_subset_77_jpg/test/real/real_002172.jpg,0.0,0.15147626399993896,0
/media/D1/ait_users/staff122/deepfake_project/outputs_deepfake_project/dfdc_subset_77_jpg/test/real/real_002173.jpg,0.0,0.6641035676002502,1
/media/D1/ait_users/staff122/deepfake_project/outputs_deepfake_project/dfdc_subset_77_jpg/test/real/real_002174.jpg,0.0,0.7755645513534546,1
/media/D1/ait_users/staff122/deepfake_project/outputs_deepfake_project/dfdc_subset_77_jpg/test/real/real_002175.jpg,0.0,0.10971579700708389,0
/media/D1/ait_users/staff122/deepfake_project/outputs_deepfake_project/dfdc_subset_77_jpg/test/real/real_002176.jpg,0.0,0.9974226951599121,1
/media/D1/ait_users/staff122/deepfake_project/outputs_deepfake_project/dfdc_subset_77_jpg/test/real/real_002177.jpg,0.0,0.6402441263198853,1
/media/D1/ait_users/staff122/deepfake_project/outputs_deepfake_project/dfdc_subset_77_jpg/test/real/real_002178.jpg,0.0,0.999679684638977,1
/media/D1/ait_users/staff122/deepfake_project/outputs_deepfake_project/dfdc_subset_77_jpg/test/real/real_002179.jpg,0.0,0.9999254941940308,1
/media/D1/ait_users/staff122/deepfake_project/outputs_deepfake_project/dfdc_subset_77_jpg/test/real/real_002180.jpg,0.0,0.9840696454048157,1
/media/D1/ait_users/staff122/deepfake_project/outputs_deepfake_project/dfdc_subset_77_jpg/test/real/real_002181.jpg,0.0,0.4025737941265106,0
/media/D1/ait_users/staff122/deepfake_project/outputs_deepfake_project/dfdc_subset_77_jpg/test/real/real_002182.jpg,0.0,0.4299834072589874,0
/media/D1/ait_users/staff122/deepfake_project/outputs_deepfake_project/dfdc_subset_77_jpg/test/real/real_002183.jpg,0.0,0.9998996257781982,1
/media/D1/ait_users/staff122/deepfake_project/outputs_deepfake_project/dfdc_subset_77_jpg/test/real/real_002184.jpg,0.0,0.9943448305130005,1
/media/D1/ait_users/staff122/deepfake_project/outputs_deepfake_project/dfdc_subset_77_jpg/test/real/real_002185.jpg,0.0,0.9991167187690735,1
/media/D1/ait_users/staff122/deepfake_project/outputs_deepfake_project/dfdc_subset_77_jpg/test/real/real_002186.jpg,0.0,0.9833831191062927,1
/media/D1/ait_users/staff122/deepfake_project/outputs_deepfake_project/dfdc_subset_77_jpg/test/real/real_002187.jpg,0.0,0.6160235404968262,1
/media/D1/ait_users/staff122/deepfake_project/outputs_deepfake_project/dfdc_subset_77_jpg/test/real/real_002188.jpg,0.0,0.994690477848053,1
/media/D1/ait_users/staff122/deepfake_project/outputs_deepfake_project/dfdc_subset_77_jpg/test/real/real_002189.jpg,0.0,0.673836886882782,1
/media/D1/ait_users/staff122/deepfake_project/outputs_deepfake_project/dfdc_subset_77_jpg/test/real/real_002190.jpg,0.0,0.7557076215744019,1
/media/D1/ait_users/staff122/deepfake_project/outputs_deepfake_project/dfdc_subset_77_jpg/test/real/real_002191.jpg,0.0,0.9969587326049805,1
/media/D1/ait_users/staff122/deepfake_project/outputs_deepfake_project/dfdc_subset_77_jpg/test/real/real_002192.jpg,0.0,0.44017940759658813,0
/media/D1/ait_users/staff122/deepfake_project/outputs_deepfake_project/dfdc_subset_77_jpg/test/real/real_002193.jpg,0.0,0.3107045292854309,0
/media/D1/ait_users/staff122/deepfake_project/outputs_deepfake_project/dfdc_subset_77_jpg/test/real/real_002194.jpg,0.0,0.4196472764015198,0
/media/D1/ait_users/staff122/deepfake_project/outputs_deepfake_project/dfdc_subset_77_jpg/test/real/real_002195.jpg,0.0,0.9980589747428894,1
/media/D1/ait_users/staff122/deepfake_project/outputs_deepfake_project/dfdc_subset_77_jpg/test/real/real_002196.jpg,0.0,0.99993896484375,1
/media/D1/ait_users/staff122/deepfake_project/outputs_deepfake_project/dfdc_subset_77_jpg/test/real/real_002197.jpg,0.0,0.4638790488243103,0
/media/D1/ait_users/staff122/deepfake_project/outputs_deepfake_project/dfdc_subset_77_jpg/test/real/real_002198.jpg,0.0,0.9939246773719788,1
/media/D1/ait_users/staff122/deepfake_project/outputs_deepfake_project/dfdc_subset_77_jpg/test/real/real_002199.jpg,0.0,0.9968087077140808,1
/media/D1/ait_users/staff122/deepfake_project/outputs_deepfake_project/dfdc_subset_77_jpg/test/real/real_002200.jpg,0.0,0.9997941851615906,1
/media/D1/ait_users/staff122/deepfake_project/outputs_deepfake_project/dfdc_subset_77_jpg/test/real/real_002201.jpg,0.0,0.9965136647224426,1
/media/D1/ait_users/staff122/deepfake_project/outputs_deepfake_project/dfdc_subset_77_jpg/test/real/real_002202.jpg,0.0,0.5945954322814941,1
/media/D1/ait_users/staff122/deepfake_project/outputs_deepfake_project/dfdc_subset_77_jpg/test/real/real_002203.jpg,0.0,0.581031084060669,1
/media/D1/ait_users/staff122/deepfake_project/outputs_deepfake_project/dfdc_subset_77_jpg/test/real/real_002204.jpg,0.0,0.9998705387115479,1
/media/D1/ait_users/staff122/deepfake_project/outputs_deepfake_project/dfdc_subset_77_jpg/test/real/real_002205.jpg,0.0,0.5677402019500732,1
/media/D1/ait_users/staff122/deepfake_project/outputs_deepfake_project/dfdc_subset_77_jpg/test/real/real_002206.jpg,0.0,0.9999184608459473,1
/media/D1/ait_users/staff122/deepfake_project/outputs_deepfake_project/dfdc_subset_77_jpg/test/real/real_002207.jpg,0.0,0.9983192086219788,1
/media/D1/ait_users/staff122/deepfake_project/outputs_deepfake_project/dfdc_subset_77_jpg/test/real/real_002208.jpg,0.0,0.19923193752765656,0
/media/D1/ait_users/staff122/deepfake_project/outputs_deepfake_project/dfdc_subset_77_jpg/test/real/real_002209.jpg,0.0,0.0677347406744957,0
/media/D1/ait_users/staff122/deepfake_project/outputs_deepfake_project/dfdc_subset_77_jpg/test/real/real_002210.jpg,0.0,0.2635534107685089,0
/media/D1/ait_users/staff122/deepfake_project/outputs_deepfake_project/dfdc_subset_77_jpg/test/real/real_002211.jpg,0.0,0.10013966262340546,0
/media/D1/ait_users/staff122/deepfake_project/outputs_deepfake_project/dfdc_subset_77_jpg/test/real/real_002212.jpg,0.0,0.5254335403442383,1
/media/D1/ait_users/staff122/deepfake_project/outputs_deepfake_project/dfdc_subset_77_jpg/test/real/real_002213.jpg,0.0,0.05129384994506836,0
/media/D1/ait_users/staff122/deepfake_project/outputs_deepfake_project/dfdc_subset_77_jpg/test/real/real_002214.jpg,0.0,0.9999945163726807,1
/media/D1/ait_users/staff122/deepfake_project/outputs_deepfake_project/dfdc_subset_77_jpg/test/real/real_002215.jpg,0.0,0.9997591376304626,1
/media/D1/ait_users/staff122/deepfake_project/outputs_deepfake_project/dfdc_subset_77_jpg/test/real/real_002216.jpg,0.0,0.0208094734698534,0
/media/D1/ait_users/staff122/deepfake_project/outputs_deepfake_project/dfdc_subset_77_jpg/test/real/real_002217.jpg,0.0,2.134267197106965e-05,0
/media/D1/ait_users/staff122/deepfake_project/outputs_deepfake_project/dfdc_subset_77_jpg/test/real/real_002218.jpg,0.0,9.875754767563194e-05,0
/media/D1/ait_users/staff122/deepfake_project/outputs_deepfake_project/dfdc_subset_77_jpg/test/real/real_002219.jpg,0.0,1.4305122022051364e-05,0
/media/D1/ait_users/staff122/deepfake_project/outputs_deepfake_project/dfdc_subset_77_jpg/test/real/real_002220.jpg,0.0,1.3246198250271846e-05,0
/media/D1/ait_users/staff122/deepfake_project/outputs_deepfake_project/dfdc_subset_77_jpg/test/real/real_002221.jpg,0.0,6.8575077420973685e-06,0
/media/D1/ait_users/staff122/deepfake_project/outputs_deepfake_project/dfdc_subset_77_jpg/test/real/real_002222.jpg,0.0,7.669631304452196e-05,0
/media/D1/ait_users/staff122/deepfake_project/outputs_deepfake_project/dfdc_subset_77_jpg/test/real/real_002223.jpg,0.0,0.024734539911150932,0
/media/D1/ait_users/staff122/deepfake_project/outputs_deepfake_project/dfdc_subset_77_jpg/test/real/real_002224.jpg,0.0,0.9895170331001282,1
/media/D1/ait_users/staff122/deepfake_project/outputs_deepfake_project/dfdc_subset_77_jpg/test/real/real_002225.jpg,0.0,2.8166679840069264e-05,0
/media/D1/ait_users/staff122/deepfake_project/outputs_deepfake_project/dfdc_subset_77_jpg/test/real/real_002226.jpg,0.0,3.195254612364806e-05,0
/media/D1/ait_users/staff122/deepfake_project/outputs_deepfake_project/dfdc_subset_77_jpg/test/real/real_002227.jpg,0.0,3.6139383155386895e-05,0
/media/D1/ait_users/staff122/deepfake_project/outputs_deepfake_project/dfdc_subset_77_jpg/test/real/real_002228.jpg,0.0,1.7273494449909776e-05,0
/media/D1/ait_users/staff122/deepfake_project/outputs_deepfake_project/dfdc_subset_77_jpg/test/real/real_002229.jpg,0.0,1.786538450687658e-05,0
/media/D1/ait_users/staff122/deepfake_project/outputs_deepfake_project/dfdc_subset_77_jpg/test/real/real_002230.jpg,0.0,0.0002200786111643538,0
/media/D1/ait_users/staff122/deepfake_project/outputs_deepfake_project/dfdc_subset_77_jpg/test/real/real_002231.jpg,0.0,3.4162509109592065e-05,0
/media/D1/ait_users/staff122/deepfake_project/outputs_deepfake_project/dfdc_subset_77_jpg/test/real/real_002232.jpg,0.0,0.00011484254355309531,0
/media/D1/ait_users/staff122/deepfake_project/outputs_deepfake_project/dfdc_subset_77_jpg/test/real/real_002233.jpg,0.0,0.00019092089496552944,0
/media/D1/ait_users/staff122/deepfake_project/outputs_deepfake_project/dfdc_subset_77_jpg/test/real/real_002234.jpg,0.0,4.897435428574681e-05,0
/media/D1/ait_users/staff122/deepfake_project/outputs_deepfake_project/dfdc_subset_77_jpg/test/real/real_002235.jpg,0.0,0.1445745825767517,0
/media/D1/ait_users/staff122/deepfake_project/outputs_deepfake_project/dfdc_subset_77_jpg/test/real/real_002236.jpg,0.0,0.009152737446129322,0
/media/D1/ait_users/staff122/deepfake_project/outputs_deepfake_project/dfdc_subset_77_jpg/test/real/real_002237.jpg,0.0,8.529703336535022e-05,0
/media/D1/ait_users/staff122/deepfake_project/outputs_deepfake_project/dfdc_subset_77_jpg/test/real/real_002238.jpg,0.0,0.04896354302763939,0
/media/D1/ait_users/staff122/deepfake_project/outputs_deepfake_project/dfdc_subset_77_jpg/test/real/real_002239.jpg,0.0,0.8466845154762268,1
/media/D1/ait_users/staff122/deepfake_project/outputs_deepfake_project/dfdc_subset_77_jpg/test/real/real_002240.jpg,0.0,0.36228057742118835,0
/media/D1/ait_users/staff122/deepfake_project/outputs_deepfake_project/dfdc_subset_77_jpg/test/real/real_002241.jpg,0.0,0.9994908571243286,1
/media/D1/ait_users/staff122/deepfake_project/outputs_deepfake_project/dfdc_subset_77_jpg/test/real/real_002242.jpg,0.0,0.9995384216308594,1
/media/D1/ait_users/staff122/deepfake_project/outputs_deepfake_project/dfdc_subset_77_jpg/test/real/real_002243.jpg,0.0,0.9850976467132568,1
/media/D1/ait_users/staff122/deepfake_project/outputs_deepfake_project/dfdc_subset_77_jpg/test/real/real_002244.jpg,0.0,0.9977989792823792,1
/media/D1/ait_users/staff122/deepfake_project/outputs_deepfake_project/dfdc_subset_77_jpg/test/real/real_002245.jpg,0.0,0.9445011615753174,1
/media/D1/ait_users/staff122/deepfake_project/outputs_deepfake_project/dfdc_subset_77_jpg/test/real/real_002246.jpg,0.0,0.9999346733093262,1
/media/D1/ait_users/staff122/deepfake_project/outputs_deepfake_project/dfdc_subset_77_jpg/test/real/real_002247.jpg,0.0,0.9937686920166016,1
/media/D1/ait_users/staff122/deepfake_project/outputs_deepfake_project/dfdc_subset_77_jpg/test/real/real_002248.jpg,0.0,0.9926626682281494,1
/media/D1/ait_users/staff122/deepfake_project/outputs_deepfake_project/dfdc_subset_77_jpg/test/real/real_002249.jpg,0.0,0.9999983310699463,1
/media/D1/ait_users/staff122/deepfake_project/outputs_deepfake_project/dfdc_subset_77_jpg/test/real/real_002250.jpg,0.0,0.9845753908157349,1
/media/D1/ait_users/staff122/deepfake_project/outputs_deepfake_project/dfdc_subset_77_jpg/test/real/real_002251.jpg,0.0,0.998497486114502,1
/media/D1/ait_users/staff122/deepfake_project/outputs_deepfake_project/dfdc_subset_77_jpg/test/real/real_002252.jpg,0.0,0.997944176197052,1
/media/D1/ait_users/staff122/deepfake_project/outputs_deepfake_project/dfdc_subset_77_jpg/test/real/real_002253.jpg,0.0,0.9999542236328125,1
/media/D1/ait_users/staff122/deepfake_project/outputs_deepfake_project/dfdc_subset_77_jpg/test/real/real_002254.jpg,0.0,0.9876826405525208,1
/media/D1/ait_users/staff122/deepfake_project/outputs_deepfake_project/dfdc_subset_77_jpg/test/real/real_002255.jpg,0.0,0.9991807341575623,1
/media/D1/ait_users/staff122/deepfake_project/outputs_deepfake_project/dfdc_subset_77_jpg/test/real/real_002256.jpg,0.0,0.022698311135172844,0
/media/D1/ait_users/staff122/deepfake_project/outputs_deepfake_project/dfdc_subset_77_jpg/test/real/real_002257.jpg,0.0,0.9458645582199097,1
/media/D1/ait_users/staff122/deepfake_project/outputs_deepfake_project/dfdc_subset_77_jpg/test/real/real_002258.jpg,0.0,0.9966701865196228,1
/media/D1/ait_users/staff122/deepfake_project/outputs_deepfake_project/dfdc_subset_77_jpg/test/real/real_002259.jpg,0.0,0.9999614953994751,1
/media/D1/ait_users/staff122/deepfake_project/outputs_deepfake_project/dfdc_subset_77_jpg/test/real/real_002260.jpg,0.0,0.998415470123291,1
/media/D1/ait_users/staff122/deepfake_project/outputs_deepfake_project/dfdc_subset_77_jpg/test/real/real_002261.jpg,0.0,0.9998887777328491,1
/media/D1/ait_users/staff122/deepfake_project/outputs_deepfake_project/dfdc_subset_77_jpg/test/real/real_002262.jpg,0.0,0.9988734126091003,1
/media/D1/ait_users/staff122/deepfake_project/outputs_deepfake_project/dfdc_subset_77_jpg/test/real/real_002263.jpg,0.0,0.9999234676361084,1
/media/D1/ait_users/staff122/deepfake_project/outputs_deepfake_project/dfdc_subset_77_jpg/test/real/real_002264.jpg,0.0,0.8263037800788879,1
/media/D1/ait_users/staff122/deepfake_project/outputs_deepfake_project/dfdc_subset_77_jpg/test/real/real_002265.jpg,0.0,0.9999790191650391,1
/media/D1/ait_users/staff122/deepfake_project/outputs_deepfake_project/dfdc_subset_77_jpg/test/real/real_002266.jpg,0.0,0.9997493624687195,1
/media/D1/ait_users/staff122/deepfake_project/outputs_deepfake_project/dfdc_subset_77_jpg/test/real/real_002267.jpg,0.0,0.9909282326698303,1
/media/D1/ait_users/staff122/deepfake_project/outputs_deepfake_project/dfdc_subset_77_jpg/test/real/real_002268.jpg,0.0,1.0,1
/media/D1/ait_users/staff122/deepfake_project/outputs_deepfake_project/dfdc_subset_77_jpg/test/real/real_002269.jpg,0.0,0.9999580383300781,1
/media/D1/ait_users/staff122/deepfake_project/outputs_deepfake_project/dfdc_subset_77_jpg/test/real/real_002270.jpg,0.0,0.9999992847442627,1
/media/D1/ait_users/staff122/deepfake_project/outputs_deepfake_project/dfdc_subset_77_jpg/test/real/real_002271.jpg,0.0,0.9938799142837524,1
/media/D1/ait_users/staff122/deepfake_project/outputs_deepfake_project/dfdc_subset_77_jpg/test/real/real_002272.jpg,0.0,0.9811971783638,1
/media/D1/ait_users/staff122/deepfake_project/outputs_deepfake_project/dfdc_subset_77_jpg/test/real/real_002273.jpg,0.0,0.9915308952331543,1
/media/D1/ait_users/staff122/deepfake_project/outputs_deepfake_project/dfdc_subset_77_jpg/test/real/real_002274.jpg,0.0,0.9928790926933289,1
/media/D1/ait_users/staff122/deepfake_project/outputs_deepfake_project/dfdc_subset_77_jpg/test/real/real_002275.jpg,0.0,0.8020687699317932,1
/media/D1/ait_users/staff122/deepfake_project/outputs_deepfake_project/dfdc_subset_77_jpg/test/real/real_002276.jpg,0.0,0.8717861771583557,1
/media/D1/ait_users/staff122/deepfake_project/outputs_deepfake_project/dfdc_subset_77_jpg/test/real/real_002277.jpg,0.0,0.852229654788971,1
/media/D1/ait_users/staff122/deepfake_project/outputs_deepfake_project/dfdc_subset_77_jpg/test/real/real_002278.jpg,0.0,0.7249256372451782,1
/media/D1/ait_users/staff122/deepfake_project/outputs_deepfake_project/dfdc_subset_77_jpg/test/real/real_002279.jpg,0.0,0.09064306318759918,0
/media/D1/ait_users/staff122/deepfake_project/outputs_deepfake_project/dfdc_subset_77_jpg/test/real/real_002280.jpg,0.0,0.5676965713500977,1
/media/D1/ait_users/staff122/deepfake_project/outputs_deepfake_project/dfdc_subset_77_jpg/test/real/real_002281.jpg,0.0,0.9996781349182129,1
/media/D1/ait_users/staff122/deepfake_project/outputs_deepfake_project/dfdc_subset_77_jpg/test/real/real_002282.jpg,0.0,0.9927831888198853,1
/media/D1/ait_users/staff122/deepfake_project/outputs_deepfake_project/dfdc_subset_77_jpg/test/real/real_002283.jpg,0.0,0.9970567226409912,1
/media/D1/ait_users/staff122/deepfake_project/outputs_deepfake_project/dfdc_subset_77_jpg/test/real/real_002284.jpg,0.0,0.9989508390426636,1
/media/D1/ait_users/staff122/deepfake_project/outputs_deepfake_project/dfdc_subset_77_jpg/test/real/real_002285.jpg,0.0,0.9999922513961792,1
/media/D1/ait_users/staff122/deepfake_project/outputs_deepfake_project/dfdc_subset_77_jpg/test/real/real_002286.jpg,0.0,0.5379229784011841,1
/media/D1/ait_users/staff122/deepfake_project/outputs_deepfake_project/dfdc_subset_77_jpg/test/real/real_002287.jpg,0.0,0.9998257756233215,1
/media/D1/ait_users/staff122/deepfake_project/outputs_deepfake_project/dfdc_subset_77_jpg/test/real/real_002288.jpg,0.0,0.9099796414375305,1
/media/D1/ait_users/staff122/deepfake_project/outputs_deepfake_project/dfdc_subset_77_jpg/test/real/real_002289.jpg,0.0,0.554789662361145,1
/media/D1/ait_users/staff122/deepfake_project/outputs_deepfake_project/dfdc_subset_77_jpg/test/real/real_002290.jpg,0.0,0.9822797179222107,1
/media/D1/ait_users/staff122/deepfake_project/outputs_deepfake_project/dfdc_subset_77_jpg/test/real/real_002291.jpg,0.0,0.9999377727508545,1
/media/D1/ait_users/staff122/deepfake_project/outputs_deepfake_project/dfdc_subset_77_jpg/test/real/real_002292.jpg,0.0,0.9769108891487122,1
/media/D1/ait_users/staff122/deepfake_project/outputs_deepfake_project/dfdc_subset_77_jpg/test/real/real_002293.jpg,0.0,0.999925971031189,1
/media/D1/ait_users/staff122/deepfake_project/outputs_deepfake_project/dfdc_subset_77_jpg/test/real/real_002294.jpg,0.0,0.9999537467956543,1
/media/D1/ait_users/staff122/deepfake_project/outputs_deepfake_project/dfdc_subset_77_jpg/test/real/real_002295.jpg,0.0,0.9995976090431213,1
/media/D1/ait_users/staff122/deepfake_project/outputs_deepfake_project/dfdc_subset_77_jpg/test/real/real_002296.jpg,0.0,0.990711510181427,1
/media/D1/ait_users/staff122/deepfake_project/outputs_deepfake_project/dfdc_subset_77_jpg/test/real/real_002297.jpg,0.0,0.993863582611084,1
/media/D1/ait_users/staff122/deepfake_project/outputs_deepfake_project/dfdc_subset_77_jpg/test/real/real_002298.jpg,0.0,0.7619813084602356,1
/media/D1/ait_users/staff122/deepfake_project/outputs_deepfake_project/dfdc_subset_77_jpg/test/real/real_002299.jpg,0.0,0.9585743546485901,1
/media/D1/ait_users/staff122/deepfake_project/outputs_deepfake_project/dfdc_subset_77_jpg/test/real/real_002300.jpg,0.0,0.8868983387947083,1
/media/D1/ait_users/staff122/deepfake_project/outputs_deepfake_project/dfdc_subset_77_jpg/test/real/real_002301.jpg,0.0,0.9337149262428284,1
/media/D1/ait_users/staff122/deepfake_project/outputs_deepfake_project/dfdc_subset_77_jpg/test/real/real_002302.jpg,0.0,0.7740262150764465,1
/media/D1/ait_users/staff122/deepfake_project/outputs_deepfake_project/dfdc_subset_77_jpg/test/real/real_002303.jpg,0.0,0.9028787016868591,1
/media/D1/ait_users/staff122/deepfake_project/outputs_deepfake_project/dfdc_subset_77_jpg/test/real/real_002304.jpg,0.0,0.9998452663421631,1
/media/D1/ait_users/staff122/deepfake_project/outputs_deepfake_project/dfdc_subset_77_jpg/test/real/real_002305.jpg,0.0,0.9998972415924072,1
/media/D1/ait_users/staff122/deepfake_project/outputs_deepfake_project/dfdc_subset_77_jpg/test/real/real_002306.jpg,0.0,0.0001321790332440287,0
/media/D1/ait_users/staff122/deepfake_project/outputs_deepfake_project/dfdc_subset_77_jpg/test/real/real_002307.jpg,0.0,0.0006713203620165586,0
/media/D1/ait_users/staff122/deepfake_project/outputs_deepfake_project/dfdc_subset_77_jpg/test/real/real_002308.jpg,0.0,0.9983282685279846,1
/media/D1/ait_users/staff122/deepfake_project/outputs_deepfake_project/dfdc_subset_77_jpg/test/real/real_002309.jpg,0.0,0.9998966455459595,1
/media/D1/ait_users/staff122/deepfake_project/outputs_deepfake_project/dfdc_subset_77_jpg/test/real/real_002310.jpg,0.0,0.9997881054878235,1
/media/D1/ait_users/staff122/deepfake_project/outputs_deepfake_project/dfdc_subset_77_jpg/test/real/real_002311.jpg,0.0,0.9914218783378601,1
/media/D1/ait_users/staff122/deepfake_project/outputs_deepfake_project/dfdc_subset_77_jpg/test/real/real_002312.jpg,0.0,0.9993194341659546,1
/media/D1/ait_users/staff122/deepfake_project/outputs_deepfake_project/dfdc_subset_77_jpg/test/real/real_002313.jpg,0.0,0.9990549683570862,1
/media/D1/ait_users/staff122/deepfake_project/outputs_deepfake_project/dfdc_subset_77_jpg/test/real/real_002314.jpg,0.0,0.9979828596115112,1
/media/D1/ait_users/staff122/deepfake_project/outputs_deepfake_project/dfdc_subset_77_jpg/test/real/real_002315.jpg,0.0,0.999402642250061,1
/media/D1/ait_users/staff122/deepfake_project/outputs_deepfake_project/dfdc_subset_77_jpg/test/real/real_002316.jpg,0.0,0.9985501170158386,1
/media/D1/ait_users/staff122/deepfake_project/outputs_deepfake_project/dfdc_subset_77_jpg/test/real/real_002317.jpg,0.0,0.9973983764648438,1
/media/D1/ait_users/staff122/deepfake_project/outputs_deepfake_project/dfdc_subset_77_jpg/test/real/real_002318.jpg,0.0,0.9999532699584961,1
/media/D1/ait_users/staff122/deepfake_project/outputs_deepfake_project/dfdc_subset_77_jpg/test/real/real_002319.jpg,0.0,0.9999849796295166,1
/media/D1/ait_users/staff122/deepfake_project/outputs_deepfake_project/dfdc_subset_77_jpg/test/real/real_002320.jpg,0.0,0.5726126432418823,1
/media/D1/ait_users/staff122/deepfake_project/outputs_deepfake_project/dfdc_subset_77_jpg/test/real/real_002321.jpg,0.0,0.001080253510735929,0
/media/D1/ait_users/staff122/deepfake_project/outputs_deepfake_project/dfdc_subset_77_jpg/test/real/real_002322.jpg,0.0,0.14804373681545258,0
/media/D1/ait_users/staff122/deepfake_project/outputs_deepfake_project/dfdc_subset_77_jpg/test/real/real_002323.jpg,0.0,0.9967329502105713,1
/media/D1/ait_users/staff122/deepfake_project/outputs_deepfake_project/dfdc_subset_77_jpg/test/real/real_002324.jpg,0.0,0.9999860525131226,1
/media/D1/ait_users/staff122/deepfake_project/outputs_deepfake_project/dfdc_subset_77_jpg/test/real/real_002325.jpg,0.0,0.9964816570281982,1
/media/D1/ait_users/staff122/deepfake_project/outputs_deepfake_project/dfdc_subset_77_jpg/test/real/real_002326.jpg,0.0,0.9999984502792358,1
/media/D1/ait_users/staff122/deepfake_project/outputs_deepfake_project/dfdc_subset_77_jpg/test/real/real_002327.jpg,0.0,1.0,1
/media/D1/ait_users/staff122/deepfake_project/outputs_deepfake_project/dfdc_subset_77_jpg/test/real/real_002328.jpg,0.0,0.9970309734344482,1
/media/D1/ait_users/staff122/deepfake_project/outputs_deepfake_project/dfdc_subset_77_jpg/test/real/real_002329.jpg,0.0,0.999821126461029,1
/media/D1/ait_users/staff122/deepfake_project/outputs_deepfake_project/dfdc_subset_77_jpg/test/real/real_002330.jpg,0.0,0.009268893860280514,0
/media/D1/ait_users/staff122/deepfake_project/outputs_deepfake_project/dfdc_subset_77_jpg/test/real/real_002331.jpg,0.0,0.999472439289093,1
/media/D1/ait_users/staff122/deepfake_project/outputs_deepfake_project/dfdc_subset_77_jpg/test/real/real_002332.jpg,0.0,0.9993914365768433,1
/media/D1/ait_users/staff122/deepfake_project/outputs_deepfake_project/dfdc_subset_77_jpg/test/real/real_002333.jpg,0.0,0.9996128678321838,1
/media/D1/ait_users/staff122/deepfake_project/outputs_deepfake_project/dfdc_subset_77_jpg/test/real/real_002334.jpg,0.0,0.9958662986755371,1
/media/D1/ait_users/staff122/deepfake_project/outputs_deepfake_project/dfdc_subset_77_jpg/test/real/real_002335.jpg,0.0,0.9905273914337158,1
/media/D1/ait_users/staff122/deepfake_project/outputs_deepfake_project/dfdc_subset_77_jpg/test/real/real_002336.jpg,0.0,0.34191152453422546,0
/media/D1/ait_users/staff122/deepfake_project/outputs_deepfake_project/dfdc_subset_77_jpg/test/real/real_002337.jpg,0.0,0.8730827569961548,1
/media/D1/ait_users/staff122/deepfake_project/outputs_deepfake_project/dfdc_subset_77_jpg/test/real/real_002338.jpg,0.0,0.18382912874221802,0
/media/D1/ait_users/staff122/deepfake_project/outputs_deepfake_project/dfdc_subset_77_jpg/test/real/real_002339.jpg,0.0,0.22028100490570068,0
/media/D1/ait_users/staff122/deepfake_project/outputs_deepfake_project/dfdc_subset_77_jpg/test/real/real_002340.jpg,0.0,0.939620852470398,1
/media/D1/ait_users/staff122/deepfake_project/outputs_deepfake_project/dfdc_subset_77_jpg/test/real/real_002341.jpg,0.0,0.2929738461971283,0
/media/D1/ait_users/staff122/deepfake_project/outputs_deepfake_project/dfdc_subset_77_jpg/test/real/real_002342.jpg,0.0,0.9742209911346436,1
/media/D1/ait_users/staff122/deepfake_project/outputs_deepfake_project/dfdc_subset_77_jpg/test/real/real_002343.jpg,0.0,0.05015987902879715,0
/media/D1/ait_users/staff122/deepfake_project/outputs_deepfake_project/dfdc_subset_77_jpg/test/real/real_002344.jpg,0.0,0.017053229734301567,0
/media/D1/ait_users/staff122/deepfake_project/outputs_deepfake_project/dfdc_subset_77_jpg/test/real/real_002345.jpg,0.0,0.5856914520263672,1
/media/D1/ait_users/staff122/deepfake_project/outputs_deepfake_project/dfdc_subset_77_jpg/test/real/real_002346.jpg,0.0,0.00997636653482914,0
/media/D1/ait_users/staff122/deepfake_project/outputs_deepfake_project/dfdc_subset_77_jpg/test/real/real_002347.jpg,0.0,0.20231355726718903,0
/media/D1/ait_users/staff122/deepfake_project/outputs_deepfake_project/dfdc_subset_77_jpg/test/real/real_002348.jpg,0.0,0.8681339025497437,1
/media/D1/ait_users/staff122/deepfake_project/outputs_deepfake_project/dfdc_subset_77_jpg/test/real/real_002349.jpg,0.0,0.9543179273605347,1
/media/D1/ait_users/staff122/deepfake_project/outputs_deepfake_project/dfdc_subset_77_jpg/test/real/real_002350.jpg,0.0,0.0006250776932574809,0
/media/D1/ait_users/staff122/deepfake_project/outputs_deepfake_project/dfdc_subset_77_jpg/test/real/real_002351.jpg,0.0,0.9998664855957031,1
/media/D1/ait_users/staff122/deepfake_project/outputs_deepfake_project/dfdc_subset_77_jpg/test/real/real_002352.jpg,0.0,0.08473508805036545,0
/media/D1/ait_users/staff122/deepfake_project/outputs_deepfake_project/dfdc_subset_77_jpg/test/real/real_002353.jpg,0.0,0.03017236292362213,0
/media/D1/ait_users/staff122/deepfake_project/outputs_deepfake_project/dfdc_subset_77_jpg/test/real/real_002354.jpg,0.0,0.14539624750614166,0
/media/D1/ait_users/staff122/deepfake_project/outputs_deepfake_project/dfdc_subset_77_jpg/test/real/real_002355.jpg,0.0,0.014225181192159653,0
/media/D1/ait_users/staff122/deepfake_project/outputs_deepfake_project/dfdc_subset_77_jpg/test/real/real_002356.jpg,0.0,0.604729413986206,1
/media/D1/ait_users/staff122/deepfake_project/outputs_deepfake_project/dfdc_subset_77_jpg/test/real/real_002357.jpg,0.0,0.7953068017959595,1
/media/D1/ait_users/staff122/deepfake_project/outputs_deepfake_project/dfdc_subset_77_jpg/test/real/real_002358.jpg,0.0,0.8408251404762268,1
/media/D1/ait_users/staff122/deepfake_project/outputs_deepfake_project/dfdc_subset_77_jpg/test/real/real_002359.jpg,0.0,0.7288268208503723,1
/media/D1/ait_users/staff122/deepfake_project/outputs_deepfake_project/dfdc_subset_77_jpg/test/real/real_002360.jpg,0.0,0.34157198667526245,0
/media/D1/ait_users/staff122/deepfake_project/outputs_deepfake_project/dfdc_subset_77_jpg/test/real/real_002361.jpg,0.0,0.0392044335603714,0
/media/D1/ait_users/staff122/deepfake_project/outputs_deepfake_project/dfdc_subset_77_jpg/test/real/real_002362.jpg,0.0,0.02466162107884884,0
/media/D1/ait_users/staff122/deepfake_project/outputs_deepfake_project/dfdc_subset_77_jpg/test/real/real_002363.jpg,0.0,0.07365503907203674,0
/media/D1/ait_users/staff122/deepfake_project/outputs_deepfake_project/dfdc_subset_77_jpg/test/real/real_002364.jpg,0.0,0.999671459197998,1
/media/D1/ait_users/staff122/deepfake_project/outputs_deepfake_project/dfdc_subset_77_jpg/test/real/real_002365.jpg,0.0,0.00315003446303308,0
/media/D1/ait_users/staff122/deepfake_project/outputs_deepfake_project/dfdc_subset_77_jpg/test/real/real_002366.jpg,0.0,0.014428853057324886,0
/media/D1/ait_users/staff122/deepfake_project/outputs_deepfake_project/dfdc_subset_77_jpg/test/real/real_002367.jpg,0.0,0.00301611190661788,0
/media/D1/ait_users/staff122/deepfake_project/outputs_deepfake_project/dfdc_subset_77_jpg/test/real/real_002368.jpg,0.0,0.035644564777612686,0
/media/D1/ait_users/staff122/deepfake_project/outputs_deepfake_project/dfdc_subset_77_jpg/test/real/real_002369.jpg,0.0,0.9908535480499268,1
/media/D1/ait_users/staff122/deepfake_project/outputs_deepfake_project/dfdc_subset_77_jpg/test/real/real_002370.jpg,0.0,0.010888596065342426,0
/media/D1/ait_users/staff122/deepfake_project/outputs_deepfake_project/dfdc_subset_77_jpg/test/real/real_002371.jpg,0.0,0.06984272599220276,0
/media/D1/ait_users/staff122/deepfake_project/outputs_deepfake_project/dfdc_subset_77_jpg/test/real/real_002372.jpg,0.0,0.8886619210243225,1
/media/D1/ait_users/staff122/deepfake_project/outputs_deepfake_project/dfdc_subset_77_jpg/test/real/real_002373.jpg,0.0,0.7007813453674316,1
/media/D1/ait_users/staff122/deepfake_project/outputs_deepfake_project/dfdc_subset_77_jpg/test/real/real_002374.jpg,0.0,0.00470537506043911,0
/media/D1/ait_users/staff122/deepfake_project/outputs_deepfake_project/dfdc_subset_77_jpg/test/real/real_002375.jpg,0.0,0.014902345836162567,0
/media/D1/ait_users/staff122/deepfake_project/outputs_deepfake_project/dfdc_subset_77_jpg/test/real/real_002376.jpg,0.0,0.0005765672540292144,0
/media/D1/ait_users/staff122/deepfake_project/outputs_deepfake_project/dfdc_subset_77_jpg/test/real/real_002377.jpg,0.0,0.6225096583366394,1
/media/D1/ait_users/staff122/deepfake_project/outputs_deepfake_project/dfdc_subset_77_jpg/test/real/real_002378.jpg,0.0,0.9628003835678101,1
/media/D1/ait_users/staff122/deepfake_project/outputs_deepfake_project/dfdc_subset_77_jpg/test/real/real_002379.jpg,0.0,0.5224683284759521,1
/media/D1/ait_users/staff122/deepfake_project/outputs_deepfake_project/dfdc_subset_77_jpg/test/real/real_002380.jpg,0.0,0.9652589559555054,1
/media/D1/ait_users/staff122/deepfake_project/outputs_deepfake_project/dfdc_subset_77_jpg/test/real/real_002381.jpg,0.0,0.8936245441436768,1
/media/D1/ait_users/staff122/deepfake_project/outputs_deepfake_project/dfdc_subset_77_jpg/test/real/real_002382.jpg,0.0,0.9610870480537415,1
/media/D1/ait_users/staff122/deepfake_project/outputs_deepfake_project/dfdc_subset_77_jpg/test/real/real_002383.jpg,0.0,0.5628774762153625,1
/media/D1/ait_users/staff122/deepfake_project/outputs_deepfake_project/dfdc_subset_77_jpg/test/real/real_002384.jpg,0.0,0.9369461536407471,1
/media/D1/ait_users/staff122/deepfake_project/outputs_deepfake_project/dfdc_subset_77_jpg/test/real/real_002385.jpg,0.0,0.8185706734657288,1
/media/D1/ait_users/staff122/deepfake_project/outputs_deepfake_project/dfdc_subset_77_jpg/test/real/real_002386.jpg,0.0,0.8172237277030945,1
/media/D1/ait_users/staff122/deepfake_project/outputs_deepfake_project/dfdc_subset_77_jpg/test/real/real_002387.jpg,0.0,0.9352744221687317,1
/media/D1/ait_users/staff122/deepfake_project/outputs_deepfake_project/dfdc_subset_77_jpg/test/real/real_002388.jpg,0.0,0.964409351348877,1
/media/D1/ait_users/staff122/deepfake_project/outputs_deepfake_project/dfdc_subset_77_jpg/test/real/real_002389.jpg,0.0,0.5370215773582458,1
/media/D1/ait_users/staff122/deepfake_project/outputs_deepfake_project/dfdc_subset_77_jpg/test/real/real_002390.jpg,0.0,0.9073157906532288,1
/media/D1/ait_users/staff122/deepfake_project/outputs_deepfake_project/dfdc_subset_77_jpg/test/real/real_002391.jpg,0.0,0.9762014150619507,1
/media/D1/ait_users/staff122/deepfake_project/outputs_deepfake_project/dfdc_subset_77_jpg/test/real/real_002392.jpg,0.0,0.601850152015686,1
/media/D1/ait_users/staff122/deepfake_project/outputs_deepfake_project/dfdc_subset_77_jpg/test/real/real_002393.jpg,0.0,0.8016725778579712,1
/media/D1/ait_users/staff122/deepfake_project/outputs_deepfake_project/dfdc_subset_77_jpg/test/real/real_002394.jpg,0.0,0.6142871379852295,1
/media/D1/ait_users/staff122/deepfake_project/outputs_deepfake_project/dfdc_subset_77_jpg/test/real/real_002395.jpg,0.0,0.4362560212612152,0
/media/D1/ait_users/staff122/deepfake_project/outputs_deepfake_project/dfdc_subset_77_jpg/test/real/real_002396.jpg,0.0,0.23014158010482788,0
/media/D1/ait_users/staff122/deepfake_project/outputs_deepfake_project/dfdc_subset_77_jpg/test/real/real_002397.jpg,0.0,0.16886702179908752,0
/media/D1/ait_users/staff122/deepfake_project/outputs_deepfake_project/dfdc_subset_77_jpg/test/real/real_002398.jpg,0.0,0.39323943853378296,0
/media/D1/ait_users/staff122/deepfake_project/outputs_deepfake_project/dfdc_subset_77_jpg/test/real/real_002399.jpg,0.0,0.292580783367157,0
/media/D1/ait_users/staff122/deepfake_project/outputs_deepfake_project/dfdc_subset_77_jpg/test/real/real_002400.jpg,0.0,0.004322304856032133,0
/media/D1/ait_users/staff122/deepfake_project/outputs_deepfake_project/dfdc_subset_77_jpg/test/real/real_002401.jpg,0.0,0.9998032450675964,1
/media/D1/ait_users/staff122/deepfake_project/outputs_deepfake_project/dfdc_subset_77_jpg/test/real/real_002402.jpg,0.0,0.00010478391050128266,0
/media/D1/ait_users/staff122/deepfake_project/outputs_deepfake_project/dfdc_subset_77_jpg/test/real/real_002403.jpg,0.0,0.9999998807907104,1
/media/D1/ait_users/staff122/deepfake_project/outputs_deepfake_project/dfdc_subset_77_jpg/test/real/real_002404.jpg,0.0,0.9999921321868896,1
/media/D1/ait_users/staff122/deepfake_project/outputs_deepfake_project/dfdc_subset_77_jpg/test/real/real_002405.jpg,0.0,0.1448856145143509,0
/media/D1/ait_users/staff122/deepfake_project/outputs_deepfake_project/dfdc_subset_77_jpg/test/real/real_002406.jpg,0.0,0.9998641014099121,1
/media/D1/ait_users/staff122/deepfake_project/outputs_deepfake_project/dfdc_subset_77_jpg/test/real/real_002407.jpg,0.0,0.00019657061784528196,0
/media/D1/ait_users/staff122/deepfake_project/outputs_deepfake_project/dfdc_subset_77_jpg/test/real/real_002408.jpg,0.0,3.284544436610304e-05,0
/media/D1/ait_users/staff122/deepfake_project/outputs_deepfake_project/dfdc_subset_77_jpg/test/real/real_002409.jpg,0.0,1.3717884030484129e-05,0
/media/D1/ait_users/staff122/deepfake_project/outputs_deepfake_project/dfdc_subset_77_jpg/test/real/real_002410.jpg,0.0,0.007227308116853237,0
/media/D1/ait_users/staff122/deepfake_project/outputs_deepfake_project/dfdc_subset_77_jpg/test/real/real_002411.jpg,0.0,0.00023111124755814672,0
/media/D1/ait_users/staff122/deepfake_project/outputs_deepfake_project/dfdc_subset_77_jpg/test/real/real_002412.jpg,0.0,1.711757249722723e-06,0
/media/D1/ait_users/staff122/deepfake_project/outputs_deepfake_project/dfdc_subset_77_jpg/test/real/real_002413.jpg,0.0,1.3186141586629674e-05,0
/media/D1/ait_users/staff122/deepfake_project/outputs_deepfake_project/dfdc_subset_77_jpg/test/real/real_002414.jpg,0.0,0.9999091625213623,1
/media/D1/ait_users/staff122/deepfake_project/outputs_deepfake_project/dfdc_subset_77_jpg/test/real/real_002415.jpg,0.0,0.9999585151672363,1
/media/D1/ait_users/staff122/deepfake_project/outputs_deepfake_project/dfdc_subset_77_jpg/test/real/real_002416.jpg,0.0,0.9998784065246582,1
/media/D1/ait_users/staff122/deepfake_project/outputs_deepfake_project/dfdc_subset_77_jpg/test/real/real_002417.jpg,0.0,0.9999127388000488,1
/media/D1/ait_users/staff122/deepfake_project/outputs_deepfake_project/dfdc_subset_77_jpg/test/real/real_002418.jpg,0.0,0.9997962117195129,1
/media/D1/ait_users/staff122/deepfake_project/outputs_deepfake_project/dfdc_subset_77_jpg/test/real/real_002419.jpg,0.0,0.03102695383131504,0
/media/D1/ait_users/staff122/deepfake_project/outputs_deepfake_project/dfdc_subset_77_jpg/test/real/real_002420.jpg,0.0,8.345114474650472e-05,0
/media/D1/ait_users/staff122/deepfake_project/outputs_deepfake_project/dfdc_subset_77_jpg/test/real/real_002421.jpg,0.0,0.00014149807975627482,0
/media/D1/ait_users/staff122/deepfake_project/outputs_deepfake_project/dfdc_subset_77_jpg/test/real/real_002422.jpg,0.0,0.002743745455518365,0
/media/D1/ait_users/staff122/deepfake_project/outputs_deepfake_project/dfdc_subset_77_jpg/test/real/real_002423.jpg,0.0,0.019237136468291283,0
/media/D1/ait_users/staff122/deepfake_project/outputs_deepfake_project/dfdc_subset_77_jpg/test/real/real_002424.jpg,0.0,5.220610182732344e-05,0
/media/D1/ait_users/staff122/deepfake_project/outputs_deepfake_project/dfdc_subset_77_jpg/test/real/real_002425.jpg,0.0,0.03229055181145668,0
/media/D1/ait_users/staff122/deepfake_project/outputs_deepfake_project/dfdc_subset_77_jpg/test/real/real_002426.jpg,0.0,0.000736365735065192,0
/media/D1/ait_users/staff122/deepfake_project/outputs_deepfake_project/dfdc_subset_77_jpg/test/real/real_002427.jpg,0.0,2.803836423481698e-06,0
/media/D1/ait_users/staff122/deepfake_project/outputs_deepfake_project/dfdc_subset_77_jpg/test/real/real_002428.jpg,0.0,7.3190567491110414e-06,0
/media/D1/ait_users/staff122/deepfake_project/outputs_deepfake_project/dfdc_subset_77_jpg/test/real/real_002429.jpg,0.0,9.557992598274723e-05,0
/media/D1/ait_users/staff122/deepfake_project/outputs_deepfake_project/dfdc_subset_77_jpg/test/real/real_002430.jpg,0.0,8.161523146554828e-05,0
/media/D1/ait_users/staff122/deepfake_project/outputs_deepfake_project/dfdc_subset_77_jpg/test/real/real_002431.jpg,0.0,8.362404514627997e-06,0
/media/D1/ait_users/staff122/deepfake_project/outputs_deepfake_project/dfdc_subset_77_jpg/test/real/real_002432.jpg,0.0,0.9990178346633911,1
/media/D1/ait_users/staff122/deepfake_project/outputs_deepfake_project/dfdc_subset_77_jpg/test/real/real_002433.jpg,0.0,0.8505194783210754,1
/media/D1/ait_users/staff122/deepfake_project/outputs_deepfake_project/dfdc_subset_77_jpg/test/real/real_002434.jpg,0.0,0.7146878242492676,1
/media/D1/ait_users/staff122/deepfake_project/outputs_deepfake_project/dfdc_subset_77_jpg/test/real/real_002435.jpg,0.0,0.6803503632545471,1
/media/D1/ait_users/staff122/deepfake_project/outputs_deepfake_project/dfdc_subset_77_jpg/test/real/real_002436.jpg,0.0,0.9999661445617676,1
/media/D1/ait_users/staff122/deepfake_project/outputs_deepfake_project/dfdc_subset_77_jpg/test/real/real_002437.jpg,0.0,0.9815796613693237,1
/media/D1/ait_users/staff122/deepfake_project/outputs_deepfake_project/dfdc_subset_77_jpg/test/real/real_002438.jpg,0.0,0.5081685185432434,1
/media/D1/ait_users/staff122/deepfake_project/outputs_deepfake_project/dfdc_subset_77_jpg/test/real/real_002439.jpg,0.0,0.990402340888977,1
/media/D1/ait_users/staff122/deepfake_project/outputs_deepfake_project/dfdc_subset_77_jpg/test/real/real_002440.jpg,0.0,0.6672766804695129,1
/media/D1/ait_users/staff122/deepfake_project/outputs_deepfake_project/dfdc_subset_77_jpg/test/real/real_002441.jpg,0.0,0.6732016801834106,1
/media/D1/ait_users/staff122/deepfake_project/outputs_deepfake_project/dfdc_subset_77_jpg/test/real/real_002442.jpg,0.0,0.7684573531150818,1
/media/D1/ait_users/staff122/deepfake_project/outputs_deepfake_project/dfdc_subset_77_jpg/test/real/real_002443.jpg,0.0,0.9999842643737793,1
/media/D1/ait_users/staff122/deepfake_project/outputs_deepfake_project/dfdc_subset_77_jpg/test/real/real_002444.jpg,0.0,0.9999717473983765,1
/media/D1/ait_users/staff122/deepfake_project/outputs_deepfake_project/dfdc_subset_77_jpg/test/real/real_002445.jpg,0.0,0.9998629093170166,1
/media/D1/ait_users/staff122/deepfake_project/outputs_deepfake_project/dfdc_subset_77_jpg/test/real/real_002446.jpg,0.0,0.5140380263328552,1
/media/D1/ait_users/staff122/deepfake_project/outputs_deepfake_project/dfdc_subset_77_jpg/test/real/real_002447.jpg,0.0,0.9998854398727417,1
/media/D1/ait_users/staff122/deepfake_project/outputs_deepfake_project/dfdc_subset_77_jpg/test/real/real_002448.jpg,0.0,0.9999487400054932,1
/media/D1/ait_users/staff122/deepfake_project/outputs_deepfake_project/dfdc_subset_77_jpg/test/real/real_002449.jpg,0.0,0.9998509883880615,1
/media/D1/ait_users/staff122/deepfake_project/outputs_deepfake_project/dfdc_subset_77_jpg/test/real/real_002450.jpg,0.0,0.9998465776443481,1
/media/D1/ait_users/staff122/deepfake_project/outputs_deepfake_project/dfdc_subset_77_jpg/test/real/real_002451.jpg,0.0,0.5442120432853699,1
/media/D1/ait_users/staff122/deepfake_project/outputs_deepfake_project/dfdc_subset_77_jpg/test/real/real_002452.jpg,0.0,0.43035751581192017,0
/media/D1/ait_users/staff122/deepfake_project/outputs_deepfake_project/dfdc_subset_77_jpg/test/real/real_002453.jpg,0.0,0.9962579011917114,1
/media/D1/ait_users/staff122/deepfake_project/outputs_deepfake_project/dfdc_subset_77_jpg/test/real/real_002454.jpg,0.0,0.9987620115280151,1
/media/D1/ait_users/staff122/deepfake_project/outputs_deepfake_project/dfdc_subset_77_jpg/test/real/real_002455.jpg,0.0,0.994856595993042,1
/media/D1/ait_users/staff122/deepfake_project/outputs_deepfake_project/dfdc_subset_77_jpg/test/real/real_002456.jpg,0.0,0.9999254941940308,1
/media/D1/ait_users/staff122/deepfake_project/outputs_deepfake_project/dfdc_subset_77_jpg/test/real/real_002457.jpg,0.0,0.9868043661117554,1
/media/D1/ait_users/staff122/deepfake_project/outputs_deepfake_project/dfdc_subset_77_jpg/test/real/real_002458.jpg,0.0,0.9834631085395813,1
/media/D1/ait_users/staff122/deepfake_project/outputs_deepfake_project/dfdc_subset_77_jpg/test/real/real_002459.jpg,0.0,0.4964272677898407,0
/media/D1/ait_users/staff122/deepfake_project/outputs_deepfake_project/dfdc_subset_77_jpg/test/real/real_002460.jpg,0.0,0.9999338388442993,1
/media/D1/ait_users/staff122/deepfake_project/outputs_deepfake_project/dfdc_subset_77_jpg/test/real/real_002461.jpg,0.0,0.996833860874176,1
/media/D1/ait_users/staff122/deepfake_project/outputs_deepfake_project/dfdc_subset_77_jpg/test/real/real_002462.jpg,0.0,0.9974638223648071,1
/media/D1/ait_users/staff122/deepfake_project/outputs_deepfake_project/dfdc_subset_77_jpg/test/real/real_002463.jpg,0.0,0.9989056587219238,1
/media/D1/ait_users/staff122/deepfake_project/outputs_deepfake_project/dfdc_subset_77_jpg/test/fake/fake_000000.jpg,1.0,0.22522740066051483,0
/media/D1/ait_users/staff122/deepfake_project/outputs_deepfake_project/dfdc_subset_77_jpg/test/fake/fake_000001.jpg,1.0,0.807237446308136,1
/media/D1/ait_users/staff122/deepfake_project/outputs_deepfake_project/dfdc_subset_77_jpg/test/fake/fake_000002.jpg,1.0,0.05344022437930107,0
/media/D1/ait_users/staff122/deepfake_project/outputs_deepfake_project/dfdc_subset_77_jpg/test/fake/fake_000003.jpg,1.0,9.728864097269252e-05,0
/media/D1/ait_users/staff122/deepfake_project/outputs_deepfake_project/dfdc_subset_77_jpg/test/fake/fake_000004.jpg,1.0,0.7357047200202942,1
/media/D1/ait_users/staff122/deepfake_project/outputs_deepfake_project/dfdc_subset_77_jpg/test/fake/fake_000005.jpg,1.0,0.011848044581711292,0
/media/D1/ait_users/staff122/deepfake_project/outputs_deepfake_project/dfdc_subset_77_jpg/test/fake/fake_000006.jpg,1.0,0.8927661776542664,1
/media/D1/ait_users/staff122/deepfake_project/outputs_deepfake_project/dfdc_subset_77_jpg/test/fake/fake_000007.jpg,1.0,0.0015291280578821898,0
/media/D1/ait_users/staff122/deepfake_project/outputs_deepfake_project/dfdc_subset_77_jpg/test/fake/fake_000008.jpg,1.0,0.7795791625976562,1
/media/D1/ait_users/staff122/deepfake_project/outputs_deepfake_project/dfdc_subset_77_jpg/test/fake/fake_000009.jpg,1.0,0.9425328969955444,1
/media/D1/ait_users/staff122/deepfake_project/outputs_deepfake_project/dfdc_subset_77_jpg/test/fake/fake_000010.jpg,1.0,0.942943274974823,1
/media/D1/ait_users/staff122/deepfake_project/outputs_deepfake_project/dfdc_subset_77_jpg/test/fake/fake_000011.jpg,1.0,0.6707738637924194,1
/media/D1/ait_users/staff122/deepfake_project/outputs_deepfake_project/dfdc_subset_77_jpg/test/fake/fake_000012.jpg,1.0,0.09260810166597366,0
/media/D1/ait_users/staff122/deepfake_project/outputs_deepfake_project/dfdc_subset_77_jpg/test/fake/fake_000013.jpg,1.0,0.9247238039970398,1
/media/D1/ait_users/staff122/deepfake_project/outputs_deepfake_project/dfdc_subset_77_jpg/test/fake/fake_000014.jpg,1.0,0.9804489016532898,1
/media/D1/ait_users/staff122/deepfake_project/outputs_deepfake_project/dfdc_subset_77_jpg/test/fake/fake_000015.jpg,1.0,0.5244054198265076,1
/media/D1/ait_users/staff122/deepfake_project/outputs_deepfake_project/dfdc_subset_77_jpg/test/fake/fake_000016.jpg,1.0,0.9666368365287781,1
/media/D1/ait_users/staff122/deepfake_project/outputs_deepfake_project/dfdc_subset_77_jpg/test/fake/fake_000017.jpg,1.0,0.03852318972349167,0
/media/D1/ait_users/staff122/deepfake_project/outputs_deepfake_project/dfdc_subset_77_jpg/test/fake/fake_000018.jpg,1.0,0.8600311279296875,1
/media/D1/ait_users/staff122/deepfake_project/outputs_deepfake_project/dfdc_subset_77_jpg/test/fake/fake_000019.jpg,1.0,0.9729360342025757,1
/media/D1/ait_users/staff122/deepfake_project/outputs_deepfake_project/dfdc_subset_77_jpg/test/fake/fake_000020.jpg,1.0,0.9815201163291931,1
/media/D1/ait_users/staff122/deepfake_project/outputs_deepfake_project/dfdc_subset_77_jpg/test/fake/fake_000021.jpg,1.0,0.5988919138908386,1
/media/D1/ait_users/staff122/deepfake_project/outputs_deepfake_project/dfdc_subset_77_jpg/test/fake/fake_000022.jpg,1.0,0.6696767807006836,1
/media/D1/ait_users/staff122/deepfake_project/outputs_deepfake_project/dfdc_subset_77_jpg/test/fake/fake_000023.jpg,1.0,0.8004786372184753,1
/media/D1/ait_users/staff122/deepfake_project/outputs_deepfake_project/dfdc_subset_77_jpg/test/fake/fake_000024.jpg,1.0,0.998293936252594,1
/media/D1/ait_users/staff122/deepfake_project/outputs_deepfake_project/dfdc_subset_77_jpg/test/fake/fake_000025.jpg,1.0,0.3507494032382965,0
/media/D1/ait_users/staff122/deepfake_project/outputs_deepfake_project/dfdc_subset_77_jpg/test/fake/fake_000026.jpg,1.0,0.25759878754615784,0
/media/D1/ait_users/staff122/deepfake_project/outputs_deepfake_project/dfdc_subset_77_jpg/test/fake/fake_000027.jpg,1.0,0.046805594116449356,0
/media/D1/ait_users/staff122/deepfake_project/outputs_deepfake_project/dfdc_subset_77_jpg/test/fake/fake_000028.jpg,1.0,0.007274735253304243,0
/media/D1/ait_users/staff122/deepfake_project/outputs_deepfake_project/dfdc_subset_77_jpg/test/fake/fake_000029.jpg,1.0,0.5976194739341736,1
/media/D1/ait_users/staff122/deepfake_project/outputs_deepfake_project/dfdc_subset_77_jpg/test/fake/fake_000030.jpg,1.0,0.052650708705186844,0
/media/D1/ait_users/staff122/deepfake_project/outputs_deepfake_project/dfdc_subset_77_jpg/test/fake/fake_000031.jpg,1.0,0.0011392278829589486,0
/media/D1/ait_users/staff122/deepfake_project/outputs_deepfake_project/dfdc_subset_77_jpg/test/fake/fake_000032.jpg,1.0,0.5519586801528931,1
/media/D1/ait_users/staff122/deepfake_project/outputs_deepfake_project/dfdc_subset_77_jpg/test/fake/fake_000033.jpg,1.0,0.010187649168074131,0
/media/D1/ait_users/staff122/deepfake_project/outputs_deepfake_project/dfdc_subset_77_jpg/test/fake/fake_000034.jpg,1.0,0.0771017000079155,0
/media/D1/ait_users/staff122/deepfake_project/outputs_deepfake_project/dfdc_subset_77_jpg/test/fake/fake_000035.jpg,1.0,0.006822720170021057,0
/media/D1/ait_users/staff122/deepfake_project/outputs_deepfake_project/dfdc_subset_77_jpg/test/fake/fake_000036.jpg,1.0,0.0953066498041153,0
/media/D1/ait_users/staff122/deepfake_project/outputs_deepfake_project/dfdc_subset_77_jpg/test/fake/fake_000037.jpg,1.0,0.940266489982605,1
/media/D1/ait_users/staff122/deepfake_project/outputs_deepfake_project/dfdc_subset_77_jpg/test/fake/fake_000038.jpg,1.0,0.5493838787078857,1
/media/D1/ait_users/staff122/deepfake_project/outputs_deepfake_project/dfdc_subset_77_jpg/test/fake/fake_000039.jpg,1.0,0.7281069159507751,1
/media/D1/ait_users/staff122/deepfake_project/outputs_deepfake_project/dfdc_subset_77_jpg/test/fake/fake_000040.jpg,1.0,0.9991207718849182,1
/media/D1/ait_users/staff122/deepfake_project/outputs_deepfake_project/dfdc_subset_77_jpg/test/fake/fake_000041.jpg,1.0,0.6848203539848328,1
/media/D1/ait_users/staff122/deepfake_project/outputs_deepfake_project/dfdc_subset_77_jpg/test/fake/fake_000042.jpg,1.0,0.7965249419212341,1
/media/D1/ait_users/staff122/deepfake_project/outputs_deepfake_project/dfdc_subset_77_jpg/test/fake/fake_000043.jpg,1.0,0.5460237264633179,1
/media/D1/ait_users/staff122/deepfake_project/outputs_deepfake_project/dfdc_subset_77_jpg/test/fake/fake_000044.jpg,1.0,0.2209138125181198,0
/media/D1/ait_users/staff122/deepfake_project/outputs_deepfake_project/dfdc_subset_77_jpg/test/fake/fake_000045.jpg,1.0,0.3209422826766968,0
/media/D1/ait_users/staff122/deepfake_project/outputs_deepfake_project/dfdc_subset_77_jpg/test/fake/fake_000046.jpg,1.0,0.8304124474525452,1
/media/D1/ait_users/staff122/deepfake_project/outputs_deepfake_project/dfdc_subset_77_jpg/test/fake/fake_000047.jpg,1.0,0.9638276100158691,1
/media/D1/ait_users/staff122/deepfake_project/outputs_deepfake_project/dfdc_subset_77_jpg/test/fake/fake_000048.jpg,1.0,0.41568705439567566,0
/media/D1/ait_users/staff122/deepfake_project/outputs_deepfake_project/dfdc_subset_77_jpg/test/fake/fake_000049.jpg,1.0,0.48579275608062744,0
/media/D1/ait_users/staff122/deepfake_project/outputs_deepfake_project/dfdc_subset_77_jpg/test/fake/fake_000050.jpg,1.0,0.5561341047286987,1
/media/D1/ait_users/staff122/deepfake_project/outputs_deepfake_project/dfdc_subset_77_jpg/test/fake/fake_000051.jpg,1.0,0.9001016616821289,1
/media/D1/ait_users/staff122/deepfake_project/outputs_deepfake_project/dfdc_subset_77_jpg/test/fake/fake_000052.jpg,1.0,0.6541984677314758,1
/media/D1/ait_users/staff122/deepfake_project/outputs_deepfake_project/dfdc_subset_77_jpg/test/fake/fake_000053.jpg,1.0,0.3157077729701996,0
/media/D1/ait_users/staff122/deepfake_project/outputs_deepfake_project/dfdc_subset_77_jpg/test/fake/fake_000054.jpg,1.0,0.36991044878959656,0
/media/D1/ait_users/staff122/deepfake_project/outputs_deepfake_project/dfdc_subset_77_jpg/test/fake/fake_000055.jpg,1.0,0.5844848155975342,1
/media/D1/ait_users/staff122/deepfake_project/outputs_deepfake_project/dfdc_subset_77_jpg/test/fake/fake_000056.jpg,1.0,0.980357825756073,1
/media/D1/ait_users/staff122/deepfake_project/outputs_deepfake_project/dfdc_subset_77_jpg/test/fake/fake_000057.jpg,1.0,0.008154000155627728,0
/media/D1/ait_users/staff122/deepfake_project/outputs_deepfake_project/dfdc_subset_77_jpg/test/fake/fake_000058.jpg,1.0,0.9527676105499268,1
/media/D1/ait_users/staff122/deepfake_project/outputs_deepfake_project/dfdc_subset_77_jpg/test/fake/fake_000059.jpg,1.0,0.04850861057639122,0
/media/D1/ait_users/staff122/deepfake_project/outputs_deepfake_project/dfdc_subset_77_jpg/test/fake/fake_000060.jpg,1.0,0.26724129915237427,0
/media/D1/ait_users/staff122/deepfake_project/outputs_deepfake_project/dfdc_subset_77_jpg/test/fake/fake_000061.jpg,1.0,0.0641302615404129,0
/media/D1/ait_users/staff122/deepfake_project/outputs_deepfake_project/dfdc_subset_77_jpg/test/fake/fake_000062.jpg,1.0,0.24698159098625183,0
/media/D1/ait_users/staff122/deepfake_project/outputs_deepfake_project/dfdc_subset_77_jpg/test/fake/fake_000063.jpg,1.0,0.030408618971705437,0
/media/D1/ait_users/staff122/deepfake_project/outputs_deepfake_project/dfdc_subset_77_jpg/test/fake/fake_000064.jpg,1.0,0.4990689158439636,0
/media/D1/ait_users/staff122/deepfake_project/outputs_deepfake_project/dfdc_subset_77_jpg/test/fake/fake_000065.jpg,1.0,0.7814525365829468,1
/media/D1/ait_users/staff122/deepfake_project/outputs_deepfake_project/dfdc_subset_77_jpg/test/fake/fake_000066.jpg,1.0,0.9852877855300903,1
/media/D1/ait_users/staff122/deepfake_project/outputs_deepfake_project/dfdc_subset_77_jpg/test/fake/fake_000067.jpg,1.0,0.7309057712554932,1
/media/D1/ait_users/staff122/deepfake_project/outputs_deepfake_project/dfdc_subset_77_jpg/test/fake/fake_000068.jpg,1.0,0.09757710993289948,0
/media/D1/ait_users/staff122/deepfake_project/outputs_deepfake_project/dfdc_subset_77_jpg/test/fake/fake_000069.jpg,1.0,0.6575610637664795,1
/media/D1/ait_users/staff122/deepfake_project/outputs_deepfake_project/dfdc_subset_77_jpg/test/fake/fake_000070.jpg,1.0,0.7217889428138733,1
/media/D1/ait_users/staff122/deepfake_project/outputs_deepfake_project/dfdc_subset_77_jpg/test/fake/fake_000071.jpg,1.0,0.7187139987945557,1
/media/D1/ait_users/staff122/deepfake_project/outputs_deepfake_project/dfdc_subset_77_jpg/test/fake/fake_000072.jpg,1.0,0.7105837464332581,1
/media/D1/ait_users/staff122/deepfake_project/outputs_deepfake_project/dfdc_subset_77_jpg/test/fake/fake_000073.jpg,1.0,0.6365118026733398,1
/media/D1/ait_users/staff122/deepfake_project/outputs_deepfake_project/dfdc_subset_77_jpg/test/fake/fake_000074.jpg,1.0,0.08925871551036835,0
/media/D1/ait_users/staff122/deepfake_project/outputs_deepfake_project/dfdc_subset_77_jpg/test/fake/fake_000075.jpg,1.0,0.8076200485229492,1
/media/D1/ait_users/staff122/deepfake_project/outputs_deepfake_project/dfdc_subset_77_jpg/test/fake/fake_000076.jpg,1.0,0.8344606757164001,1
/media/D1/ait_users/staff122/deepfake_project/outputs_deepfake_project/dfdc_subset_77_jpg/test/fake/fake_000077.jpg,1.0,0.9676318764686584,1
/media/D1/ait_users/staff122/deepfake_project/outputs_deepfake_project/dfdc_subset_77_jpg/test/fake/fake_000078.jpg,1.0,0.10904214531183243,0
/media/D1/ait_users/staff122/deepfake_project/outputs_deepfake_project/dfdc_subset_77_jpg/test/fake/fake_000079.jpg,1.0,0.56946861743927,1
/media/D1/ait_users/staff122/deepfake_project/outputs_deepfake_project/dfdc_subset_77_jpg/test/fake/fake_000080.jpg,1.0,0.7884990572929382,1
/media/D1/ait_users/staff122/deepfake_project/outputs_deepfake_project/dfdc_subset_77_jpg/test/fake/fake_000081.jpg,1.0,0.24219869077205658,0
/media/D1/ait_users/staff122/deepfake_project/outputs_deepfake_project/dfdc_subset_77_jpg/test/fake/fake_000082.jpg,1.0,0.9491993188858032,1
/media/D1/ait_users/staff122/deepfake_project/outputs_deepfake_project/dfdc_subset_77_jpg/test/fake/fake_000083.jpg,1.0,0.8327701687812805,1
/media/D1/ait_users/staff122/deepfake_project/outputs_deepfake_project/dfdc_subset_77_jpg/test/fake/fake_000084.jpg,1.0,0.9610801339149475,1
/media/D1/ait_users/staff122/deepfake_project/outputs_deepfake_project/dfdc_subset_77_jpg/test/fake/fake_000085.jpg,1.0,0.8782380223274231,1
/media/D1/ait_users/staff122/deepfake_project/outputs_deepfake_project/dfdc_subset_77_jpg/test/fake/fake_000086.jpg,1.0,0.9715206623077393,1
/media/D1/ait_users/staff122/deepfake_project/outputs_deepfake_project/dfdc_subset_77_jpg/test/fake/fake_000087.jpg,1.0,0.9947445392608643,1
/media/D1/ait_users/staff122/deepfake_project/outputs_deepfake_project/dfdc_subset_77_jpg/test/fake/fake_000088.jpg,1.0,0.9975646734237671,1
/media/D1/ait_users/staff122/deepfake_project/outputs_deepfake_project/dfdc_subset_77_jpg/test/fake/fake_000089.jpg,1.0,0.979306697845459,1
/media/D1/ait_users/staff122/deepfake_project/outputs_deepfake_project/dfdc_subset_77_jpg/test/fake/fake_000090.jpg,1.0,0.47285956144332886,0
/media/D1/ait_users/staff122/deepfake_project/outputs_deepfake_project/dfdc_subset_77_jpg/test/fake/fake_000091.jpg,1.0,0.9940080642700195,1
/media/D1/ait_users/staff122/deepfake_project/outputs_deepfake_project/dfdc_subset_77_jpg/test/fake/fake_000092.jpg,1.0,0.26767033338546753,0
/media/D1/ait_users/staff122/deepfake_project/outputs_deepfake_project/dfdc_subset_77_jpg/test/fake/fake_000093.jpg,1.0,0.6906073689460754,1
/media/D1/ait_users/staff122/deepfake_project/outputs_deepfake_project/dfdc_subset_77_jpg/test/fake/fake_000094.jpg,1.0,0.8978080749511719,1
/media/D1/ait_users/staff122/deepfake_project/outputs_deepfake_project/dfdc_subset_77_jpg/test/fake/fake_000095.jpg,1.0,0.933641254901886,1
/media/D1/ait_users/staff122/deepfake_project/outputs_deepfake_project/dfdc_subset_77_jpg/test/fake/fake_000096.jpg,1.0,0.9873443841934204,1
/media/D1/ait_users/staff122/deepfake_project/outputs_deepfake_project/dfdc_subset_77_jpg/test/fake/fake_000097.jpg,1.0,0.945296585559845,1
/media/D1/ait_users/staff122/deepfake_project/outputs_deepfake_project/dfdc_subset_77_jpg/test/fake/fake_000098.jpg,1.0,0.958817183971405,1
/media/D1/ait_users/staff122/deepfake_project/outputs_deepfake_project/dfdc_subset_77_jpg/test/fake/fake_000099.jpg,1.0,0.9611155390739441,1
/media/D1/ait_users/staff122/deepfake_project/outputs_deepfake_project/dfdc_subset_77_jpg/test/fake/fake_000100.jpg,1.0,0.9641920924186707,1
/media/D1/ait_users/staff122/deepfake_project/outputs_deepfake_project/dfdc_subset_77_jpg/test/fake/fake_000101.jpg,1.0,0.9999904632568359,1
/media/D1/ait_users/staff122/deepfake_project/outputs_deepfake_project/dfdc_subset_77_jpg/test/fake/fake_000102.jpg,1.0,0.9999039173126221,1
/media/D1/ait_users/staff122/deepfake_project/outputs_deepfake_project/dfdc_subset_77_jpg/test/fake/fake_000103.jpg,1.0,0.9999505281448364,1
/media/D1/ait_users/staff122/deepfake_project/outputs_deepfake_project/dfdc_subset_77_jpg/test/fake/fake_000104.jpg,1.0,0.9999972581863403,1
/media/D1/ait_users/staff122/deepfake_project/outputs_deepfake_project/dfdc_subset_77_jpg/test/fake/fake_000105.jpg,1.0,0.9999954700469971,1
/media/D1/ait_users/staff122/deepfake_project/outputs_deepfake_project/dfdc_subset_77_jpg/test/fake/fake_000106.jpg,1.0,0.9999971389770508,1
/media/D1/ait_users/staff122/deepfake_project/outputs_deepfake_project/dfdc_subset_77_jpg/test/fake/fake_000107.jpg,1.0,0.999996542930603,1
/media/D1/ait_users/staff122/deepfake_project/outputs_deepfake_project/dfdc_subset_77_jpg/test/fake/fake_000108.jpg,1.0,0.9995213747024536,1
/media/D1/ait_users/staff122/deepfake_project/outputs_deepfake_project/dfdc_subset_77_jpg/test/fake/fake_000109.jpg,1.0,0.991176962852478,1
/media/D1/ait_users/staff122/deepfake_project/outputs_deepfake_project/dfdc_subset_77_jpg/test/fake/fake_000110.jpg,1.0,0.998356282711029,1
/media/D1/ait_users/staff122/deepfake_project/outputs_deepfake_project/dfdc_subset_77_jpg/test/fake/fake_000111.jpg,1.0,0.9962538480758667,1
/media/D1/ait_users/staff122/deepfake_project/outputs_deepfake_project/dfdc_subset_77_jpg/test/fake/fake_000112.jpg,1.0,0.9953140020370483,1
/media/D1/ait_users/staff122/deepfake_project/outputs_deepfake_project/dfdc_subset_77_jpg/test/fake/fake_000113.jpg,1.0,0.9658492207527161,1
/media/D1/ait_users/staff122/deepfake_project/outputs_deepfake_project/dfdc_subset_77_jpg/test/fake/fake_000114.jpg,1.0,0.9974308609962463,1
/media/D1/ait_users/staff122/deepfake_project/outputs_deepfake_project/dfdc_subset_77_jpg/test/fake/fake_000115.jpg,1.0,0.9999203681945801,1
/media/D1/ait_users/staff122/deepfake_project/outputs_deepfake_project/dfdc_subset_77_jpg/test/fake/fake_000116.jpg,1.0,0.9008723497390747,1
/media/D1/ait_users/staff122/deepfake_project/outputs_deepfake_project/dfdc_subset_77_jpg/test/fake/fake_000117.jpg,1.0,0.9910379648208618,1
/media/D1/ait_users/staff122/deepfake_project/outputs_deepfake_project/dfdc_subset_77_jpg/test/fake/fake_000118.jpg,1.0,0.994776725769043,1
/media/D1/ait_users/staff122/deepfake_project/outputs_deepfake_project/dfdc_subset_77_jpg/test/fake/fake_000119.jpg,1.0,0.9999384880065918,1
/media/D1/ait_users/staff122/deepfake_project/outputs_deepfake_project/dfdc_subset_77_jpg/test/fake/fake_000120.jpg,1.0,0.9989894032478333,1
/media/D1/ait_users/staff122/deepfake_project/outputs_deepfake_project/dfdc_subset_77_jpg/test/fake/fake_000121.jpg,1.0,0.998180627822876,1
/media/D1/ait_users/staff122/deepfake_project/outputs_deepfake_project/dfdc_subset_77_jpg/test/fake/fake_000122.jpg,1.0,0.9983465671539307,1
/media/D1/ait_users/staff122/deepfake_project/outputs_deepfake_project/dfdc_subset_77_jpg/test/fake/fake_000123.jpg,1.0,0.9999507665634155,1
/media/D1/ait_users/staff122/deepfake_project/outputs_deepfake_project/dfdc_subset_77_jpg/test/fake/fake_000124.jpg,1.0,0.9998970031738281,1
/media/D1/ait_users/staff122/deepfake_project/outputs_deepfake_project/dfdc_subset_77_jpg/test/fake/fake_000125.jpg,1.0,0.9999734163284302,1
/media/D1/ait_users/staff122/deepfake_project/outputs_deepfake_project/dfdc_subset_77_jpg/test/fake/fake_000126.jpg,1.0,0.9992526173591614,1
/media/D1/ait_users/staff122/deepfake_project/outputs_deepfake_project/dfdc_subset_77_jpg/test/fake/fake_000127.jpg,1.0,0.9983313679695129,1
/media/D1/ait_users/staff122/deepfake_project/outputs_deepfake_project/dfdc_subset_77_jpg/test/fake/fake_000128.jpg,1.0,0.9999997615814209,1
/media/D1/ait_users/staff122/deepfake_project/outputs_deepfake_project/dfdc_subset_77_jpg/test/fake/fake_000129.jpg,1.0,0.9999994039535522,1
/media/D1/ait_users/staff122/deepfake_project/outputs_deepfake_project/dfdc_subset_77_jpg/test/fake/fake_000130.jpg,1.0,0.999994158744812,1
/media/D1/ait_users/staff122/deepfake_project/outputs_deepfake_project/dfdc_subset_77_jpg/test/fake/fake_000131.jpg,1.0,0.9999977350234985,1
/media/D1/ait_users/staff122/deepfake_project/outputs_deepfake_project/dfdc_subset_77_jpg/test/fake/fake_000132.jpg,1.0,0.9999998807907104,1
/media/D1/ait_users/staff122/deepfake_project/outputs_deepfake_project/dfdc_subset_77_jpg/test/fake/fake_000133.jpg,1.0,1.0,1
/media/D1/ait_users/staff122/deepfake_project/outputs_deepfake_project/dfdc_subset_77_jpg/test/fake/fake_000134.jpg,1.0,0.9999995231628418,1
/media/D1/ait_users/staff122/deepfake_project/outputs_deepfake_project/dfdc_subset_77_jpg/test/fake/fake_000135.jpg,1.0,0.9999667406082153,1
/media/D1/ait_users/staff122/deepfake_project/outputs_deepfake_project/dfdc_subset_77_jpg/test/fake/fake_000136.jpg,1.0,0.9999619722366333,1
/media/D1/ait_users/staff122/deepfake_project/outputs_deepfake_project/dfdc_subset_77_jpg/test/fake/fake_000137.jpg,1.0,0.9999978542327881,1
/media/D1/ait_users/staff122/deepfake_project/outputs_deepfake_project/dfdc_subset_77_jpg/test/fake/fake_000138.jpg,1.0,0.9999518394470215,1
/media/D1/ait_users/staff122/deepfake_project/outputs_deepfake_project/dfdc_subset_77_jpg/test/fake/fake_000139.jpg,1.0,0.9999076128005981,1
/media/D1/ait_users/staff122/deepfake_project/outputs_deepfake_project/dfdc_subset_77_jpg/test/fake/fake_000140.jpg,1.0,1.0,1
/media/D1/ait_users/staff122/deepfake_project/outputs_deepfake_project/dfdc_subset_77_jpg/test/fake/fake_000141.jpg,1.0,0.9999837875366211,1
/media/D1/ait_users/staff122/deepfake_project/outputs_deepfake_project/dfdc_subset_77_jpg/test/fake/fake_000142.jpg,1.0,1.0,1
/media/D1/ait_users/staff122/deepfake_project/outputs_deepfake_project/dfdc_subset_77_jpg/test/fake/fake_000143.jpg,1.0,0.9999997615814209,1
/media/D1/ait_users/staff122/deepfake_project/outputs_deepfake_project/dfdc_subset_77_jpg/test/fake/fake_000144.jpg,1.0,0.999866247177124,1
/media/D1/ait_users/staff122/deepfake_project/outputs_deepfake_project/dfdc_subset_77_jpg/test/fake/fake_000145.jpg,1.0,1.0,1
/media/D1/ait_users/staff122/deepfake_project/outputs_deepfake_project/dfdc_subset_77_jpg/test/fake/fake_000146.jpg,1.0,1.0,1
/media/D1/ait_users/staff122/deepfake_project/outputs_deepfake_project/dfdc_subset_77_jpg/test/fake/fake_000147.jpg,1.0,0.9999834299087524,1
/media/D1/ait_users/staff122/deepfake_project/outputs_deepfake_project/dfdc_subset_77_jpg/test/fake/fake_000148.jpg,1.0,0.9995338916778564,1
/media/D1/ait_users/staff122/deepfake_project/outputs_deepfake_project/dfdc_subset_77_jpg/test/fake/fake_000149.jpg,1.0,0.9999923706054688,1
/media/D1/ait_users/staff122/deepfake_project/outputs_deepfake_project/dfdc_subset_77_jpg/test/fake/fake_000150.jpg,1.0,0.999950647354126,1
/media/D1/ait_users/staff122/deepfake_project/outputs_deepfake_project/dfdc_subset_77_jpg/test/fake/fake_000151.jpg,1.0,0.9999679327011108,1
/media/D1/ait_users/staff122/deepfake_project/outputs_deepfake_project/dfdc_subset_77_jpg/test/fake/fake_000152.jpg,1.0,0.9999572038650513,1
/media/D1/ait_users/staff122/deepfake_project/outputs_deepfake_project/dfdc_subset_77_jpg/test/fake/fake_000153.jpg,1.0,0.9999843835830688,1
/media/D1/ait_users/staff122/deepfake_project/outputs_deepfake_project/dfdc_subset_77_jpg/test/fake/fake_000154.jpg,1.0,0.9996581077575684,1
/media/D1/ait_users/staff122/deepfake_project/outputs_deepfake_project/dfdc_subset_77_jpg/test/fake/fake_000155.jpg,1.0,0.9999933242797852,1
/media/D1/ait_users/staff122/deepfake_project/outputs_deepfake_project/dfdc_subset_77_jpg/test/fake/fake_000156.jpg,1.0,0.999992847442627,1
/media/D1/ait_users/staff122/deepfake_project/outputs_deepfake_project/dfdc_subset_77_jpg/test/fake/fake_000157.jpg,1.0,0.9999121427536011,1
/media/D1/ait_users/staff122/deepfake_project/outputs_deepfake_project/dfdc_subset_77_jpg/test/fake/fake_000158.jpg,1.0,0.9999971389770508,1
/media/D1/ait_users/staff122/deepfake_project/outputs_deepfake_project/dfdc_subset_77_jpg/test/fake/fake_000159.jpg,1.0,0.9999970197677612,1
/media/D1/ait_users/staff122/deepfake_project/outputs_deepfake_project/dfdc_subset_77_jpg/test/fake/fake_000160.jpg,1.0,0.9401166439056396,1
/media/D1/ait_users/staff122/deepfake_project/outputs_deepfake_project/dfdc_subset_77_jpg/test/fake/fake_000161.jpg,1.0,0.9346039891242981,1
/media/D1/ait_users/staff122/deepfake_project/outputs_deepfake_project/dfdc_subset_77_jpg/test/fake/fake_000162.jpg,1.0,0.9837085604667664,1
/media/D1/ait_users/staff122/deepfake_project/outputs_deepfake_project/dfdc_subset_77_jpg/test/fake/fake_000163.jpg,1.0,0.9763111472129822,1
/media/D1/ait_users/staff122/deepfake_project/outputs_deepfake_project/dfdc_subset_77_jpg/test/fake/fake_000164.jpg,1.0,0.9991913437843323,1
/media/D1/ait_users/staff122/deepfake_project/outputs_deepfake_project/dfdc_subset_77_jpg/test/fake/fake_000165.jpg,1.0,0.9997830986976624,1
/media/D1/ait_users/staff122/deepfake_project/outputs_deepfake_project/dfdc_subset_77_jpg/test/fake/fake_000166.jpg,1.0,0.9989250302314758,1
/media/D1/ait_users/staff122/deepfake_project/outputs_deepfake_project/dfdc_subset_77_jpg/test/fake/fake_000167.jpg,1.0,0.9997853636741638,1
/media/D1/ait_users/staff122/deepfake_project/outputs_deepfake_project/dfdc_subset_77_jpg/test/fake/fake_000168.jpg,1.0,0.9999415874481201,1
/media/D1/ait_users/staff122/deepfake_project/outputs_deepfake_project/dfdc_subset_77_jpg/test/fake/fake_000169.jpg,1.0,0.9999818801879883,1
/media/D1/ait_users/staff122/deepfake_project/outputs_deepfake_project/dfdc_subset_77_jpg/test/fake/fake_000170.jpg,1.0,0.9999979734420776,1
/media/D1/ait_users/staff122/deepfake_project/outputs_deepfake_project/dfdc_subset_77_jpg/test/fake/fake_000171.jpg,1.0,0.9999946355819702,1
/media/D1/ait_users/staff122/deepfake_project/outputs_deepfake_project/dfdc_subset_77_jpg/test/fake/fake_000172.jpg,1.0,0.9595054388046265,1
/media/D1/ait_users/staff122/deepfake_project/outputs_deepfake_project/dfdc_subset_77_jpg/test/fake/fake_000173.jpg,1.0,0.9999299049377441,1
/media/D1/ait_users/staff122/deepfake_project/outputs_deepfake_project/dfdc_subset_77_jpg/test/fake/fake_000174.jpg,1.0,0.9993999004364014,1
/media/D1/ait_users/staff122/deepfake_project/outputs_deepfake_project/dfdc_subset_77_jpg/test/fake/fake_000175.jpg,1.0,0.999514102935791,1
/media/D1/ait_users/staff122/deepfake_project/outputs_deepfake_project/dfdc_subset_77_jpg/test/fake/fake_000176.jpg,1.0,0.9999921321868896,1
/media/D1/ait_users/staff122/deepfake_project/outputs_deepfake_project/dfdc_subset_77_jpg/test/fake/fake_000177.jpg,1.0,0.9996172189712524,1
/media/D1/ait_users/staff122/deepfake_project/outputs_deepfake_project/dfdc_subset_77_jpg/test/fake/fake_000178.jpg,1.0,0.9991700649261475,1
/media/D1/ait_users/staff122/deepfake_project/outputs_deepfake_project/dfdc_subset_77_jpg/test/fake/fake_000179.jpg,1.0,0.9991680383682251,1
/media/D1/ait_users/staff122/deepfake_project/outputs_deepfake_project/dfdc_subset_77_jpg/test/fake/fake_000180.jpg,1.0,0.9996010661125183,1
/media/D1/ait_users/staff122/deepfake_project/outputs_deepfake_project/dfdc_subset_77_jpg/test/fake/fake_000181.jpg,1.0,0.9933777451515198,1
/media/D1/ait_users/staff122/deepfake_project/outputs_deepfake_project/dfdc_subset_77_jpg/test/fake/fake_000182.jpg,1.0,0.9828690886497498,1
/media/D1/ait_users/staff122/deepfake_project/outputs_deepfake_project/dfdc_subset_77_jpg/test/fake/fake_000183.jpg,1.0,0.9206417798995972,1
/media/D1/ait_users/staff122/deepfake_project/outputs_deepfake_project/dfdc_subset_77_jpg/test/fake/fake_000184.jpg,1.0,0.9991897940635681,1
/media/D1/ait_users/staff122/deepfake_project/outputs_deepfake_project/dfdc_subset_77_jpg/test/fake/fake_000185.jpg,1.0,0.9266439080238342,1
/media/D1/ait_users/staff122/deepfake_project/outputs_deepfake_project/dfdc_subset_77_jpg/test/fake/fake_000186.jpg,1.0,0.9842615127563477,1
/media/D1/ait_users/staff122/deepfake_project/outputs_deepfake_project/dfdc_subset_77_jpg/test/fake/fake_000187.jpg,1.0,0.9754882454872131,1
/media/D1/ait_users/staff122/deepfake_project/outputs_deepfake_project/dfdc_subset_77_jpg/test/fake/fake_000188.jpg,1.0,0.9968767166137695,1
/media/D1/ait_users/staff122/deepfake_project/outputs_deepfake_project/dfdc_subset_77_jpg/test/fake/fake_000189.jpg,1.0,0.9901531338691711,1
/media/D1/ait_users/staff122/deepfake_project/outputs_deepfake_project/dfdc_subset_77_jpg/test/fake/fake_000190.jpg,1.0,0.9978679418563843,1
/media/D1/ait_users/staff122/deepfake_project/outputs_deepfake_project/dfdc_subset_77_jpg/test/fake/fake_000191.jpg,1.0,0.986389696598053,1
/media/D1/ait_users/staff122/deepfake_project/outputs_deepfake_project/dfdc_subset_77_jpg/test/fake/fake_000192.jpg,1.0,0.9973708391189575,1
/media/D1/ait_users/staff122/deepfake_project/outputs_deepfake_project/dfdc_subset_77_jpg/test/fake/fake_000193.jpg,1.0,0.9998267292976379,1
/media/D1/ait_users/staff122/deepfake_project/outputs_deepfake_project/dfdc_subset_77_jpg/test/fake/fake_000194.jpg,1.0,0.9999815225601196,1
/media/D1/ait_users/staff122/deepfake_project/outputs_deepfake_project/dfdc_subset_77_jpg/test/fake/fake_000195.jpg,1.0,0.9997007846832275,1
/media/D1/ait_users/staff122/deepfake_project/outputs_deepfake_project/dfdc_subset_77_jpg/test/fake/fake_000196.jpg,1.0,0.9997150301933289,1
/media/D1/ait_users/staff122/deepfake_project/outputs_deepfake_project/dfdc_subset_77_jpg/test/fake/fake_000197.jpg,1.0,0.9999192953109741,1
/media/D1/ait_users/staff122/deepfake_project/outputs_deepfake_project/dfdc_subset_77_jpg/test/fake/fake_000198.jpg,1.0,0.9988731741905212,1
/media/D1/ait_users/staff122/deepfake_project/outputs_deepfake_project/dfdc_subset_77_jpg/test/fake/fake_000199.jpg,1.0,0.999893069267273,1
/media/D1/ait_users/staff122/deepfake_project/outputs_deepfake_project/dfdc_subset_77_jpg/test/fake/fake_000200.jpg,1.0,0.9918095469474792,1
/media/D1/ait_users/staff122/deepfake_project/outputs_deepfake_project/dfdc_subset_77_jpg/test/fake/fake_000201.jpg,1.0,0.9998540878295898,1
/media/D1/ait_users/staff122/deepfake_project/outputs_deepfake_project/dfdc_subset_77_jpg/test/fake/fake_000202.jpg,1.0,0.9998403787612915,1
/media/D1/ait_users/staff122/deepfake_project/outputs_deepfake_project/dfdc_subset_77_jpg/test/fake/fake_000203.jpg,1.0,0.9999347925186157,1
/media/D1/ait_users/staff122/deepfake_project/outputs_deepfake_project/dfdc_subset_77_jpg/test/fake/fake_000204.jpg,1.0,0.9998760223388672,1
/media/D1/ait_users/staff122/deepfake_project/outputs_deepfake_project/dfdc_subset_77_jpg/test/fake/fake_000205.jpg,1.0,0.9999836683273315,1
/media/D1/ait_users/staff122/deepfake_project/outputs_deepfake_project/dfdc_subset_77_jpg/test/fake/fake_000206.jpg,1.0,0.998932421207428,1
/media/D1/ait_users/staff122/deepfake_project/outputs_deepfake_project/dfdc_subset_77_jpg/test/fake/fake_000207.jpg,1.0,0.9999129772186279,1
/media/D1/ait_users/staff122/deepfake_project/outputs_deepfake_project/dfdc_subset_77_jpg/test/fake/fake_000208.jpg,1.0,0.9988742470741272,1
/media/D1/ait_users/staff122/deepfake_project/outputs_deepfake_project/dfdc_subset_77_jpg/test/fake/fake_000209.jpg,1.0,0.9960423707962036,1
/media/D1/ait_users/staff122/deepfake_project/outputs_deepfake_project/dfdc_subset_77_jpg/test/fake/fake_000210.jpg,1.0,0.9995438456535339,1
/media/D1/ait_users/staff122/deepfake_project/outputs_deepfake_project/dfdc_subset_77_jpg/test/fake/fake_000211.jpg,1.0,0.9999511241912842,1
/media/D1/ait_users/staff122/deepfake_project/outputs_deepfake_project/dfdc_subset_77_jpg/test/fake/fake_000212.jpg,1.0,0.9999971389770508,1
/media/D1/ait_users/staff122/deepfake_project/outputs_deepfake_project/dfdc_subset_77_jpg/test/fake/fake_000213.jpg,1.0,0.9999412298202515,1
/media/D1/ait_users/staff122/deepfake_project/outputs_deepfake_project/dfdc_subset_77_jpg/test/fake/fake_000214.jpg,1.0,0.9981503486633301,1
/media/D1/ait_users/staff122/deepfake_project/outputs_deepfake_project/dfdc_subset_77_jpg/test/fake/fake_000215.jpg,1.0,0.9980745315551758,1
/media/D1/ait_users/staff122/deepfake_project/outputs_deepfake_project/dfdc_subset_77_jpg/test/fake/fake_000216.jpg,1.0,0.9950652718544006,1
/media/D1/ait_users/staff122/deepfake_project/outputs_deepfake_project/dfdc_subset_77_jpg/test/fake/fake_000217.jpg,1.0,0.999347984790802,1
/media/D1/ait_users/staff122/deepfake_project/outputs_deepfake_project/dfdc_subset_77_jpg/test/fake/fake_000218.jpg,1.0,0.9998646974563599,1
/media/D1/ait_users/staff122/deepfake_project/outputs_deepfake_project/dfdc_subset_77_jpg/test/fake/fake_000219.jpg,1.0,0.9999985694885254,1
/media/D1/ait_users/staff122/deepfake_project/outputs_deepfake_project/dfdc_subset_77_jpg/test/fake/fake_000220.jpg,1.0,0.9999659061431885,1
/media/D1/ait_users/staff122/deepfake_project/outputs_deepfake_project/dfdc_subset_77_jpg/test/fake/fake_000221.jpg,1.0,0.9999291896820068,1
/media/D1/ait_users/staff122/deepfake_project/outputs_deepfake_project/dfdc_subset_77_jpg/test/fake/fake_000222.jpg,1.0,0.9999731779098511,1
/media/D1/ait_users/staff122/deepfake_project/outputs_deepfake_project/dfdc_subset_77_jpg/test/fake/fake_000223.jpg,1.0,0.8287280797958374,1
/media/D1/ait_users/staff122/deepfake_project/outputs_deepfake_project/dfdc_subset_77_jpg/test/fake/fake_000224.jpg,1.0,0.043727174401283264,0
/media/D1/ait_users/staff122/deepfake_project/outputs_deepfake_project/dfdc_subset_77_jpg/test/fake/fake_000225.jpg,1.0,0.6886560916900635,1
/media/D1/ait_users/staff122/deepfake_project/outputs_deepfake_project/dfdc_subset_77_jpg/test/fake/fake_000226.jpg,1.0,0.4306660592556,0
/media/D1/ait_users/staff122/deepfake_project/outputs_deepfake_project/dfdc_subset_77_jpg/test/fake/fake_000227.jpg,1.0,0.9903781414031982,1
/media/D1/ait_users/staff122/deepfake_project/outputs_deepfake_project/dfdc_subset_77_jpg/test/fake/fake_000228.jpg,1.0,0.8906593918800354,1
/media/D1/ait_users/staff122/deepfake_project/outputs_deepfake_project/dfdc_subset_77_jpg/test/fake/fake_000229.jpg,1.0,0.8114460706710815,1
/media/D1/ait_users/staff122/deepfake_project/outputs_deepfake_project/dfdc_subset_77_jpg/test/fake/fake_000230.jpg,1.0,0.22976817190647125,0
/media/D1/ait_users/staff122/deepfake_project/outputs_deepfake_project/dfdc_subset_77_jpg/test/fake/fake_000231.jpg,1.0,0.7269709706306458,1
/media/D1/ait_users/staff122/deepfake_project/outputs_deepfake_project/dfdc_subset_77_jpg/test/fake/fake_000232.jpg,1.0,0.26650890707969666,0
/media/D1/ait_users/staff122/deepfake_project/outputs_deepfake_project/dfdc_subset_77_jpg/test/fake/fake_000233.jpg,1.0,0.07165549695491791,0
/media/D1/ait_users/staff122/deepfake_project/outputs_deepfake_project/dfdc_subset_77_jpg/test/fake/fake_000234.jpg,1.0,0.6844823956489563,1
/media/D1/ait_users/staff122/deepfake_project/outputs_deepfake_project/dfdc_subset_77_jpg/test/fake/fake_000235.jpg,1.0,0.4976474344730377,0
/media/D1/ait_users/staff122/deepfake_project/outputs_deepfake_project/dfdc_subset_77_jpg/test/fake/fake_000236.jpg,1.0,0.35170644521713257,0
/media/D1/ait_users/staff122/deepfake_project/outputs_deepfake_project/dfdc_subset_77_jpg/test/fake/fake_000237.jpg,1.0,0.7718769907951355,1
/media/D1/ait_users/staff122/deepfake_project/outputs_deepfake_project/dfdc_subset_77_jpg/test/fake/fake_000238.jpg,1.0,0.5676779747009277,1
/media/D1/ait_users/staff122/deepfake_project/outputs_deepfake_project/dfdc_subset_77_jpg/test/fake/fake_000239.jpg,1.0,0.9227563142776489,1
/media/D1/ait_users/staff122/deepfake_project/outputs_deepfake_project/dfdc_subset_77_jpg/test/fake/fake_000240.jpg,1.0,0.8934904336929321,1
/media/D1/ait_users/staff122/deepfake_project/outputs_deepfake_project/dfdc_subset_77_jpg/test/fake/fake_000241.jpg,1.0,0.978539228439331,1
/media/D1/ait_users/staff122/deepfake_project/outputs_deepfake_project/dfdc_subset_77_jpg/test/fake/fake_000242.jpg,1.0,0.7779713273048401,1
/media/D1/ait_users/staff122/deepfake_project/outputs_deepfake_project/dfdc_subset_77_jpg/test/fake/fake_000243.jpg,1.0,0.5569034218788147,1
/media/D1/ait_users/staff122/deepfake_project/outputs_deepfake_project/dfdc_subset_77_jpg/test/fake/fake_000244.jpg,1.0,0.5915826559066772,1
/media/D1/ait_users/staff122/deepfake_project/outputs_deepfake_project/dfdc_subset_77_jpg/test/fake/fake_000245.jpg,1.0,0.7715615630149841,1
/media/D1/ait_users/staff122/deepfake_project/outputs_deepfake_project/dfdc_subset_77_jpg/test/fake/fake_000246.jpg,1.0,0.7065116763114929,1
/media/D1/ait_users/staff122/deepfake_project/outputs_deepfake_project/dfdc_subset_77_jpg/test/fake/fake_000247.jpg,1.0,0.5198928713798523,1
/media/D1/ait_users/staff122/deepfake_project/outputs_deepfake_project/dfdc_subset_77_jpg/test/fake/fake_000248.jpg,1.0,0.45288369059562683,0
/media/D1/ait_users/staff122/deepfake_project/outputs_deepfake_project/dfdc_subset_77_jpg/test/fake/fake_000249.jpg,1.0,0.5892103910446167,1
/media/D1/ait_users/staff122/deepfake_project/outputs_deepfake_project/dfdc_subset_77_jpg/test/fake/fake_000250.jpg,1.0,0.5786762237548828,1
/media/D1/ait_users/staff122/deepfake_project/outputs_deepfake_project/dfdc_subset_77_jpg/test/fake/fake_000251.jpg,1.0,0.5812914967536926,1
/media/D1/ait_users/staff122/deepfake_project/outputs_deepfake_project/dfdc_subset_77_jpg/test/fake/fake_000252.jpg,1.0,0.9304830431938171,1
/media/D1/ait_users/staff122/deepfake_project/outputs_deepfake_project/dfdc_subset_77_jpg/test/fake/fake_000253.jpg,1.0,0.9521155953407288,1
/media/D1/ait_users/staff122/deepfake_project/outputs_deepfake_project/dfdc_subset_77_jpg/test/fake/fake_000254.jpg,1.0,0.974455714225769,1
/media/D1/ait_users/staff122/deepfake_project/outputs_deepfake_project/dfdc_subset_77_jpg/test/fake/fake_000255.jpg,1.0,0.868301510810852,1
/media/D1/ait_users/staff122/deepfake_project/outputs_deepfake_project/dfdc_subset_77_jpg/test/fake/fake_000256.jpg,1.0,0.9881746768951416,1
/media/D1/ait_users/staff122/deepfake_project/outputs_deepfake_project/dfdc_subset_77_jpg/test/fake/fake_000257.jpg,1.0,1.0,1
/media/D1/ait_users/staff122/deepfake_project/outputs_deepfake_project/dfdc_subset_77_jpg/test/fake/fake_000258.jpg,1.0,0.9939192533493042,1
/media/D1/ait_users/staff122/deepfake_project/outputs_deepfake_project/dfdc_subset_77_jpg/test/fake/fake_000259.jpg,1.0,0.9924591183662415,1
/media/D1/ait_users/staff122/deepfake_project/outputs_deepfake_project/dfdc_subset_77_jpg/test/fake/fake_000260.jpg,1.0,0.9748367667198181,1
/media/D1/ait_users/staff122/deepfake_project/outputs_deepfake_project/dfdc_subset_77_jpg/test/fake/fake_000261.jpg,1.0,0.9997097849845886,1
/media/D1/ait_users/staff122/deepfake_project/outputs_deepfake_project/dfdc_subset_77_jpg/test/fake/fake_000262.jpg,1.0,0.9992527365684509,1
/media/D1/ait_users/staff122/deepfake_project/outputs_deepfake_project/dfdc_subset_77_jpg/test/fake/fake_000263.jpg,1.0,0.979603111743927,1
/media/D1/ait_users/staff122/deepfake_project/outputs_deepfake_project/dfdc_subset_77_jpg/test/fake/fake_000264.jpg,1.0,0.9651767611503601,1
/media/D1/ait_users/staff122/deepfake_project/outputs_deepfake_project/dfdc_subset_77_jpg/test/fake/fake_000265.jpg,1.0,0.9999933242797852,1
/media/D1/ait_users/staff122/deepfake_project/outputs_deepfake_project/dfdc_subset_77_jpg/test/fake/fake_000266.jpg,1.0,0.9999984502792358,1
/media/D1/ait_users/staff122/deepfake_project/outputs_deepfake_project/dfdc_subset_77_jpg/test/fake/fake_000267.jpg,1.0,0.9999998807907104,1
/media/D1/ait_users/staff122/deepfake_project/outputs_deepfake_project/dfdc_subset_77_jpg/test/fake/fake_000268.jpg,1.0,1.0,1
/media/D1/ait_users/staff122/deepfake_project/outputs_deepfake_project/dfdc_subset_77_jpg/test/fake/fake_000269.jpg,1.0,0.9999988079071045,1
/media/D1/ait_users/staff122/deepfake_project/outputs_deepfake_project/dfdc_subset_77_jpg/test/fake/fake_000270.jpg,1.0,0.9999995231628418,1
/media/D1/ait_users/staff122/deepfake_project/outputs_deepfake_project/dfdc_subset_77_jpg/test/fake/fake_000271.jpg,1.0,0.9999995231628418,1
/media/D1/ait_users/staff122/deepfake_project/outputs_deepfake_project/dfdc_subset_77_jpg/test/fake/fake_000272.jpg,1.0,0.9999995231628418,1
/media/D1/ait_users/staff122/deepfake_project/outputs_deepfake_project/dfdc_subset_77_jpg/test/fake/fake_000273.jpg,1.0,0.9953902959823608,1
/media/D1/ait_users/staff122/deepfake_project/outputs_deepfake_project/dfdc_subset_77_jpg/test/fake/fake_000274.jpg,1.0,0.9936874508857727,1
/media/D1/ait_users/staff122/deepfake_project/outputs_deepfake_project/dfdc_subset_77_jpg/test/fake/fake_000275.jpg,1.0,0.9925656318664551,1
/media/D1/ait_users/staff122/deepfake_project/outputs_deepfake_project/dfdc_subset_77_jpg/test/fake/fake_000276.jpg,1.0,0.9917267560958862,1
/media/D1/ait_users/staff122/deepfake_project/outputs_deepfake_project/dfdc_subset_77_jpg/test/fake/fake_000277.jpg,1.0,0.9999827146530151,1
/media/D1/ait_users/staff122/deepfake_project/outputs_deepfake_project/dfdc_subset_77_jpg/test/fake/fake_000278.jpg,1.0,0.9749966859817505,1
/media/D1/ait_users/staff122/deepfake_project/outputs_deepfake_project/dfdc_subset_77_jpg/test/fake/fake_000279.jpg,1.0,0.9835789799690247,1
/media/D1/ait_users/staff122/deepfake_project/outputs_deepfake_project/dfdc_subset_77_jpg/test/fake/fake_000280.jpg,1.0,0.9777644872665405,1
/media/D1/ait_users/staff122/deepfake_project/outputs_deepfake_project/dfdc_subset_77_jpg/test/fake/fake_000281.jpg,1.0,0.9948794841766357,1
/media/D1/ait_users/staff122/deepfake_project/outputs_deepfake_project/dfdc_subset_77_jpg/test/fake/fake_000282.jpg,1.0,0.9972416162490845,1
/media/D1/ait_users/staff122/deepfake_project/outputs_deepfake_project/dfdc_subset_77_jpg/test/fake/fake_000283.jpg,1.0,0.992639422416687,1
/media/D1/ait_users/staff122/deepfake_project/outputs_deepfake_project/dfdc_subset_77_jpg/test/fake/fake_000284.jpg,1.0,0.9921382069587708,1
/media/D1/ait_users/staff122/deepfake_project/outputs_deepfake_project/dfdc_subset_77_jpg/test/fake/fake_000285.jpg,1.0,0.9999970197677612,1
/media/D1/ait_users/staff122/deepfake_project/outputs_deepfake_project/dfdc_subset_77_jpg/test/fake/fake_000286.jpg,1.0,0.9999949932098389,1
/media/D1/ait_users/staff122/deepfake_project/outputs_deepfake_project/dfdc_subset_77_jpg/test/fake/fake_000287.jpg,1.0,0.9836961030960083,1
/media/D1/ait_users/staff122/deepfake_project/outputs_deepfake_project/dfdc_subset_77_jpg/test/fake/fake_000288.jpg,1.0,0.9999998807907104,1
/media/D1/ait_users/staff122/deepfake_project/outputs_deepfake_project/dfdc_subset_77_jpg/test/fake/fake_000289.jpg,1.0,0.9999997615814209,1
/media/D1/ait_users/staff122/deepfake_project/outputs_deepfake_project/dfdc_subset_77_jpg/test/fake/fake_000290.jpg,1.0,0.9999996423721313,1
/media/D1/ait_users/staff122/deepfake_project/outputs_deepfake_project/dfdc_subset_77_jpg/test/fake/fake_000291.jpg,1.0,0.9999997615814209,1
/media/D1/ait_users/staff122/deepfake_project/outputs_deepfake_project/dfdc_subset_77_jpg/test/fake/fake_000292.jpg,1.0,0.9999979734420776,1
/media/D1/ait_users/staff122/deepfake_project/outputs_deepfake_project/dfdc_subset_77_jpg/test/fake/fake_000293.jpg,1.0,0.9999997615814209,1
/media/D1/ait_users/staff122/deepfake_project/outputs_deepfake_project/dfdc_subset_77_jpg/test/fake/fake_000294.jpg,1.0,0.9999997615814209,1
/media/D1/ait_users/staff122/deepfake_project/outputs_deepfake_project/dfdc_subset_77_jpg/test/fake/fake_000295.jpg,1.0,0.9999998807907104,1
/media/D1/ait_users/staff122/deepfake_project/outputs_deepfake_project/dfdc_subset_77_jpg/test/fake/fake_000296.jpg,1.0,0.9999996423721313,1
/media/D1/ait_users/staff122/deepfake_project/outputs_deepfake_project/dfdc_subset_77_jpg/test/fake/fake_000297.jpg,1.0,0.9999997615814209,1
/media/D1/ait_users/staff122/deepfake_project/outputs_deepfake_project/dfdc_subset_77_jpg/test/fake/fake_000298.jpg,1.0,0.9999986886978149,1
/media/D1/ait_users/staff122/deepfake_project/outputs_deepfake_project/dfdc_subset_77_jpg/test/fake/fake_000299.jpg,1.0,0.9999980926513672,1
/media/D1/ait_users/staff122/deepfake_project/outputs_deepfake_project/dfdc_subset_77_jpg/test/fake/fake_000300.jpg,1.0,0.9999988079071045,1
/media/D1/ait_users/staff122/deepfake_project/outputs_deepfake_project/dfdc_subset_77_jpg/test/fake/fake_000301.jpg,1.0,0.9999960660934448,1
/media/D1/ait_users/staff122/deepfake_project/outputs_deepfake_project/dfdc_subset_77_jpg/test/fake/fake_000302.jpg,1.0,0.9999990463256836,1
/media/D1/ait_users/staff122/deepfake_project/outputs_deepfake_project/dfdc_subset_77_jpg/test/fake/fake_000303.jpg,1.0,0.9999990463256836,1
/media/D1/ait_users/staff122/deepfake_project/outputs_deepfake_project/dfdc_subset_77_jpg/test/fake/fake_000304.jpg,1.0,0.9999998807907104,1
/media/D1/ait_users/staff122/deepfake_project/outputs_deepfake_project/dfdc_subset_77_jpg/test/fake/fake_000305.jpg,1.0,1.0,1
/media/D1/ait_users/staff122/deepfake_project/outputs_deepfake_project/dfdc_subset_77_jpg/test/fake/fake_000306.jpg,1.0,0.9999997615814209,1
/media/D1/ait_users/staff122/deepfake_project/outputs_deepfake_project/dfdc_subset_77_jpg/test/fake/fake_000307.jpg,1.0,0.9999998807907104,1
/media/D1/ait_users/staff122/deepfake_project/outputs_deepfake_project/dfdc_subset_77_jpg/test/fake/fake_000308.jpg,1.0,0.9999990463256836,1
/media/D1/ait_users/staff122/deepfake_project/outputs_deepfake_project/dfdc_subset_77_jpg/test/fake/fake_000309.jpg,1.0,1.0,1
/media/D1/ait_users/staff122/deepfake_project/outputs_deepfake_project/dfdc_subset_77_jpg/test/fake/fake_000310.jpg,1.0,0.9999997615814209,1
/media/D1/ait_users/staff122/deepfake_project/outputs_deepfake_project/dfdc_subset_77_jpg/test/fake/fake_000311.jpg,1.0,0.9999985694885254,1
/media/D1/ait_users/staff122/deepfake_project/outputs_deepfake_project/dfdc_subset_77_jpg/test/fake/fake_000312.jpg,1.0,0.9999996423721313,1
/media/D1/ait_users/staff122/deepfake_project/outputs_deepfake_project/dfdc_subset_77_jpg/test/fake/fake_000313.jpg,1.0,0.9999997615814209,1
/media/D1/ait_users/staff122/deepfake_project/outputs_deepfake_project/dfdc_subset_77_jpg/test/fake/fake_000314.jpg,1.0,0.9999951124191284,1
/media/D1/ait_users/staff122/deepfake_project/outputs_deepfake_project/dfdc_subset_77_jpg/test/fake/fake_000315.jpg,1.0,0.9999861717224121,1
/media/D1/ait_users/staff122/deepfake_project/outputs_deepfake_project/dfdc_subset_77_jpg/test/fake/fake_000316.jpg,1.0,0.9999996423721313,1
/media/D1/ait_users/staff122/deepfake_project/outputs_deepfake_project/dfdc_subset_77_jpg/test/fake/fake_000317.jpg,1.0,0.9999994039535522,1
/media/D1/ait_users/staff122/deepfake_project/outputs_deepfake_project/dfdc_subset_77_jpg/test/fake/fake_000318.jpg,1.0,0.9999997615814209,1
/media/D1/ait_users/staff122/deepfake_project/outputs_deepfake_project/dfdc_subset_77_jpg/test/fake/fake_000319.jpg,1.0,0.9999995231628418,1
/media/D1/ait_users/staff122/deepfake_project/outputs_deepfake_project/dfdc_subset_77_jpg/test/fake/fake_000320.jpg,1.0,0.9812045097351074,1
/media/D1/ait_users/staff122/deepfake_project/outputs_deepfake_project/dfdc_subset_77_jpg/test/fake/fake_000321.jpg,1.0,0.9939720034599304,1
/media/D1/ait_users/staff122/deepfake_project/outputs_deepfake_project/dfdc_subset_77_jpg/test/fake/fake_000322.jpg,1.0,0.9920159578323364,1
/media/D1/ait_users/staff122/deepfake_project/outputs_deepfake_project/dfdc_subset_77_jpg/test/fake/fake_000323.jpg,1.0,0.0029196743853390217,0
/media/D1/ait_users/staff122/deepfake_project/outputs_deepfake_project/dfdc_subset_77_jpg/test/fake/fake_000324.jpg,1.0,0.9880030155181885,1
/media/D1/ait_users/staff122/deepfake_project/outputs_deepfake_project/dfdc_subset_77_jpg/test/fake/fake_000325.jpg,1.0,0.08807605504989624,0
/media/D1/ait_users/staff122/deepfake_project/outputs_deepfake_project/dfdc_subset_77_jpg/test/fake/fake_000326.jpg,1.0,0.5083783268928528,1
/media/D1/ait_users/staff122/deepfake_project/outputs_deepfake_project/dfdc_subset_77_jpg/test/fake/fake_000327.jpg,1.0,0.16422154009342194,0
/media/D1/ait_users/staff122/deepfake_project/outputs_deepfake_project/dfdc_subset_77_jpg/test/fake/fake_000328.jpg,1.0,0.014997628517448902,0
/media/D1/ait_users/staff122/deepfake_project/outputs_deepfake_project/dfdc_subset_77_jpg/test/fake/fake_000329.jpg,1.0,0.7146121859550476,1
/media/D1/ait_users/staff122/deepfake_project/outputs_deepfake_project/dfdc_subset_77_jpg/test/fake/fake_000330.jpg,1.0,0.08383719623088837,0
/media/D1/ait_users/staff122/deepfake_project/outputs_deepfake_project/dfdc_subset_77_jpg/test/fake/fake_000331.jpg,1.0,0.005501823034137487,0
/media/D1/ait_users/staff122/deepfake_project/outputs_deepfake_project/dfdc_subset_77_jpg/test/fake/fake_000332.jpg,1.0,0.7145316004753113,1
/media/D1/ait_users/staff122/deepfake_project/outputs_deepfake_project/dfdc_subset_77_jpg/test/fake/fake_000333.jpg,1.0,0.10456828027963638,0
/media/D1/ait_users/staff122/deepfake_project/outputs_deepfake_project/dfdc_subset_77_jpg/test/fake/fake_000334.jpg,1.0,0.30847540497779846,0
/media/D1/ait_users/staff122/deepfake_project/outputs_deepfake_project/dfdc_subset_77_jpg/test/fake/fake_000335.jpg,1.0,0.9999889135360718,1
/media/D1/ait_users/staff122/deepfake_project/outputs_deepfake_project/dfdc_subset_77_jpg/test/fake/fake_000336.jpg,1.0,0.9976617097854614,1
/media/D1/ait_users/staff122/deepfake_project/outputs_deepfake_project/dfdc_subset_77_jpg/test/fake/fake_000337.jpg,1.0,0.9995417594909668,1
/media/D1/ait_users/staff122/deepfake_project/outputs_deepfake_project/dfdc_subset_77_jpg/test/fake/fake_000338.jpg,1.0,0.8658024668693542,1
/media/D1/ait_users/staff122/deepfake_project/outputs_deepfake_project/dfdc_subset_77_jpg/test/fake/fake_000339.jpg,1.0,0.7904475927352905,1
/media/D1/ait_users/staff122/deepfake_project/outputs_deepfake_project/dfdc_subset_77_jpg/test/fake/fake_000340.jpg,1.0,0.02687550149857998,0
/media/D1/ait_users/staff122/deepfake_project/outputs_deepfake_project/dfdc_subset_77_jpg/test/fake/fake_000341.jpg,1.0,0.3853437900543213,0
/media/D1/ait_users/staff122/deepfake_project/outputs_deepfake_project/dfdc_subset_77_jpg/test/fake/fake_000342.jpg,1.0,0.33126193284988403,0
/media/D1/ait_users/staff122/deepfake_project/outputs_deepfake_project/dfdc_subset_77_jpg/test/fake/fake_000343.jpg,1.0,0.1635182499885559,0
/media/D1/ait_users/staff122/deepfake_project/outputs_deepfake_project/dfdc_subset_77_jpg/test/fake/fake_000344.jpg,1.0,0.9227169752120972,1
/media/D1/ait_users/staff122/deepfake_project/outputs_deepfake_project/dfdc_subset_77_jpg/test/fake/fake_000345.jpg,1.0,0.017523597925901413,0
/media/D1/ait_users/staff122/deepfake_project/outputs_deepfake_project/dfdc_subset_77_jpg/test/fake/fake_000346.jpg,1.0,0.062807098031044,0
/media/D1/ait_users/staff122/deepfake_project/outputs_deepfake_project/dfdc_subset_77_jpg/test/fake/fake_000347.jpg,1.0,0.7638224363327026,1
/media/D1/ait_users/staff122/deepfake_project/outputs_deepfake_project/dfdc_subset_77_jpg/test/fake/fake_000348.jpg,1.0,0.5555020570755005,1
/media/D1/ait_users/staff122/deepfake_project/outputs_deepfake_project/dfdc_subset_77_jpg/test/fake/fake_000349.jpg,1.0,0.5107516050338745,1
/media/D1/ait_users/staff122/deepfake_project/outputs_deepfake_project/dfdc_subset_77_jpg/test/fake/fake_000350.jpg,1.0,0.06932192295789719,0
/media/D1/ait_users/staff122/deepfake_project/outputs_deepfake_project/dfdc_subset_77_jpg/test/fake/fake_000351.jpg,1.0,0.004577039275318384,0
/media/D1/ait_users/staff122/deepfake_project/outputs_deepfake_project/dfdc_subset_77_jpg/test/fake/fake_000352.jpg,1.0,0.9999575614929199,1
/media/D1/ait_users/staff122/deepfake_project/outputs_deepfake_project/dfdc_subset_77_jpg/test/fake/fake_000353.jpg,1.0,0.9935640692710876,1
/media/D1/ait_users/staff122/deepfake_project/outputs_deepfake_project/dfdc_subset_77_jpg/test/fake/fake_000354.jpg,1.0,0.999947190284729,1
/media/D1/ait_users/staff122/deepfake_project/outputs_deepfake_project/dfdc_subset_77_jpg/test/fake/fake_000355.jpg,1.0,0.9999592304229736,1
/media/D1/ait_users/staff122/deepfake_project/outputs_deepfake_project/dfdc_subset_77_jpg/test/fake/fake_000356.jpg,1.0,0.999906063079834,1
/media/D1/ait_users/staff122/deepfake_project/outputs_deepfake_project/dfdc_subset_77_jpg/test/fake/fake_000357.jpg,1.0,0.9999595880508423,1
/media/D1/ait_users/staff122/deepfake_project/outputs_deepfake_project/dfdc_subset_77_jpg/test/fake/fake_000358.jpg,1.0,0.9758709073066711,1
/media/D1/ait_users/staff122/deepfake_project/outputs_deepfake_project/dfdc_subset_77_jpg/test/fake/fake_000359.jpg,1.0,0.9825327396392822,1
/media/D1/ait_users/staff122/deepfake_project/outputs_deepfake_project/dfdc_subset_77_jpg/test/fake/fake_000360.jpg,1.0,0.9999169111251831,1
/media/D1/ait_users/staff122/deepfake_project/outputs_deepfake_project/dfdc_subset_77_jpg/test/fake/fake_000361.jpg,1.0,0.8268792629241943,1
/media/D1/ait_users/staff122/deepfake_project/outputs_deepfake_project/dfdc_subset_77_jpg/test/fake/fake_000362.jpg,1.0,0.9982885718345642,1
/media/D1/ait_users/staff122/deepfake_project/outputs_deepfake_project/dfdc_subset_77_jpg/test/fake/fake_000363.jpg,1.0,0.9946245551109314,1
/media/D1/ait_users/staff122/deepfake_project/outputs_deepfake_project/dfdc_subset_77_jpg/test/fake/fake_000364.jpg,1.0,0.9994522929191589,1
/media/D1/ait_users/staff122/deepfake_project/outputs_deepfake_project/dfdc_subset_77_jpg/test/fake/fake_000365.jpg,1.0,0.9996763467788696,1
/media/D1/ait_users/staff122/deepfake_project/outputs_deepfake_project/dfdc_subset_77_jpg/test/fake/fake_000366.jpg,1.0,0.9976779818534851,1
/media/D1/ait_users/staff122/deepfake_project/outputs_deepfake_project/dfdc_subset_77_jpg/test/fake/fake_000367.jpg,1.0,0.9562842845916748,1
/media/D1/ait_users/staff122/deepfake_project/outputs_deepfake_project/dfdc_subset_77_jpg/test/fake/fake_000368.jpg,1.0,0.9899865984916687,1
/media/D1/ait_users/staff122/deepfake_project/outputs_deepfake_project/dfdc_subset_77_jpg/test/fake/fake_000369.jpg,1.0,0.9996645450592041,1
/media/D1/ait_users/staff122/deepfake_project/outputs_deepfake_project/dfdc_subset_77_jpg/test/fake/fake_000370.jpg,1.0,0.999760091304779,1
/media/D1/ait_users/staff122/deepfake_project/outputs_deepfake_project/dfdc_subset_77_jpg/test/fake/fake_000371.jpg,1.0,0.9999237060546875,1
/media/D1/ait_users/staff122/deepfake_project/outputs_deepfake_project/dfdc_subset_77_jpg/test/fake/fake_000372.jpg,1.0,0.9999315738677979,1
/media/D1/ait_users/staff122/deepfake_project/outputs_deepfake_project/dfdc_subset_77_jpg/test/fake/fake_000373.jpg,1.0,0.9998548030853271,1
/media/D1/ait_users/staff122/deepfake_project/outputs_deepfake_project/dfdc_subset_77_jpg/test/fake/fake_000374.jpg,1.0,0.8927012085914612,1
/media/D1/ait_users/staff122/deepfake_project/outputs_deepfake_project/dfdc_subset_77_jpg/test/fake/fake_000375.jpg,1.0,0.9997311234474182,1
/media/D1/ait_users/staff122/deepfake_project/outputs_deepfake_project/dfdc_subset_77_jpg/test/fake/fake_000376.jpg,1.0,0.4970287084579468,0
/media/D1/ait_users/staff122/deepfake_project/outputs_deepfake_project/dfdc_subset_77_jpg/test/fake/fake_000377.jpg,1.0,0.8320261836051941,1
/media/D1/ait_users/staff122/deepfake_project/outputs_deepfake_project/dfdc_subset_77_jpg/test/fake/fake_000378.jpg,1.0,0.20195090770721436,0
/media/D1/ait_users/staff122/deepfake_project/outputs_deepfake_project/dfdc_subset_77_jpg/test/fake/fake_000379.jpg,1.0,0.9999699592590332,1
/media/D1/ait_users/staff122/deepfake_project/outputs_deepfake_project/dfdc_subset_77_jpg/test/fake/fake_000380.jpg,1.0,0.9997311234474182,1
/media/D1/ait_users/staff122/deepfake_project/outputs_deepfake_project/dfdc_subset_77_jpg/test/fake/fake_000381.jpg,1.0,0.9999326467514038,1
/media/D1/ait_users/staff122/deepfake_project/outputs_deepfake_project/dfdc_subset_77_jpg/test/fake/fake_000382.jpg,1.0,0.678978681564331,1
/media/D1/ait_users/staff122/deepfake_project/outputs_deepfake_project/dfdc_subset_77_jpg/test/fake/fake_000383.jpg,1.0,0.9999974966049194,1
/media/D1/ait_users/staff122/deepfake_project/outputs_deepfake_project/dfdc_subset_77_jpg/test/fake/fake_000384.jpg,1.0,0.9995917677879333,1
/media/D1/ait_users/staff122/deepfake_project/outputs_deepfake_project/dfdc_subset_77_jpg/test/fake/fake_000385.jpg,1.0,0.9998749494552612,1
/media/D1/ait_users/staff122/deepfake_project/outputs_deepfake_project/dfdc_subset_77_jpg/test/fake/fake_000386.jpg,1.0,0.7369152307510376,1
/media/D1/ait_users/staff122/deepfake_project/outputs_deepfake_project/dfdc_subset_77_jpg/test/fake/fake_000387.jpg,1.0,0.2885668873786926,0
/media/D1/ait_users/staff122/deepfake_project/outputs_deepfake_project/dfdc_subset_77_jpg/test/fake/fake_000388.jpg,1.0,0.9999986886978149,1
/media/D1/ait_users/staff122/deepfake_project/outputs_deepfake_project/dfdc_subset_77_jpg/test/fake/fake_000389.jpg,1.0,0.9994680285453796,1
/media/D1/ait_users/staff122/deepfake_project/outputs_deepfake_project/dfdc_subset_77_jpg/test/fake/fake_000390.jpg,1.0,0.9999444484710693,1
/media/D1/ait_users/staff122/deepfake_project/outputs_deepfake_project/dfdc_subset_77_jpg/test/fake/fake_000391.jpg,1.0,0.9959989786148071,1
/media/D1/ait_users/staff122/deepfake_project/outputs_deepfake_project/dfdc_subset_77_jpg/test/fake/fake_000392.jpg,1.0,0.9985199570655823,1
/media/D1/ait_users/staff122/deepfake_project/outputs_deepfake_project/dfdc_subset_77_jpg/test/fake/fake_000393.jpg,1.0,0.9923457503318787,1
/media/D1/ait_users/staff122/deepfake_project/outputs_deepfake_project/dfdc_subset_77_jpg/test/fake/fake_000394.jpg,1.0,0.9866144061088562,1
/media/D1/ait_users/staff122/deepfake_project/outputs_deepfake_project/dfdc_subset_77_jpg/test/fake/fake_000395.jpg,1.0,0.9040262699127197,1
/media/D1/ait_users/staff122/deepfake_project/outputs_deepfake_project/dfdc_subset_77_jpg/test/fake/fake_000396.jpg,1.0,0.5603660345077515,1
/media/D1/ait_users/staff122/deepfake_project/outputs_deepfake_project/dfdc_subset_77_jpg/test/fake/fake_000397.jpg,1.0,0.7316961884498596,1
/media/D1/ait_users/staff122/deepfake_project/outputs_deepfake_project/dfdc_subset_77_jpg/test/fake/fake_000398.jpg,1.0,0.9835810661315918,1
/media/D1/ait_users/staff122/deepfake_project/outputs_deepfake_project/dfdc_subset_77_jpg/test/fake/fake_000399.jpg,1.0,0.9603855013847351,1
/media/D1/ait_users/staff122/deepfake_project/outputs_deepfake_project/dfdc_subset_77_jpg/test/fake/fake_000400.jpg,1.0,0.9817827343940735,1
/media/D1/ait_users/staff122/deepfake_project/outputs_deepfake_project/dfdc_subset_77_jpg/test/fake/fake_000401.jpg,1.0,0.9726453423500061,1
/media/D1/ait_users/staff122/deepfake_project/outputs_deepfake_project/dfdc_subset_77_jpg/test/fake/fake_000402.jpg,1.0,0.9808202981948853,1
/media/D1/ait_users/staff122/deepfake_project/outputs_deepfake_project/dfdc_subset_77_jpg/test/fake/fake_000403.jpg,1.0,0.7264960408210754,1
/media/D1/ait_users/staff122/deepfake_project/outputs_deepfake_project/dfdc_subset_77_jpg/test/fake/fake_000404.jpg,1.0,0.9736602902412415,1
/media/D1/ait_users/staff122/deepfake_project/outputs_deepfake_project/dfdc_subset_77_jpg/test/fake/fake_000405.jpg,1.0,0.8204358816146851,1
/media/D1/ait_users/staff122/deepfake_project/outputs_deepfake_project/dfdc_subset_77_jpg/test/fake/fake_000406.jpg,1.0,0.8040437698364258,1
/media/D1/ait_users/staff122/deepfake_project/outputs_deepfake_project/dfdc_subset_77_jpg/test/fake/fake_000407.jpg,1.0,0.6292465329170227,1
/media/D1/ait_users/staff122/deepfake_project/outputs_deepfake_project/dfdc_subset_77_jpg/test/fake/fake_000408.jpg,1.0,0.6381394267082214,1
/media/D1/ait_users/staff122/deepfake_project/outputs_deepfake_project/dfdc_subset_77_jpg/test/fake/fake_000409.jpg,1.0,0.7070349454879761,1
/media/D1/ait_users/staff122/deepfake_project/outputs_deepfake_project/dfdc_subset_77_jpg/test/fake/fake_000410.jpg,1.0,0.9251506328582764,1
/media/D1/ait_users/staff122/deepfake_project/outputs_deepfake_project/dfdc_subset_77_jpg/test/fake/fake_000411.jpg,1.0,0.5495616793632507,1
/media/D1/ait_users/staff122/deepfake_project/outputs_deepfake_project/dfdc_subset_77_jpg/test/fake/fake_000412.jpg,1.0,0.9030881524085999,1
/media/D1/ait_users/staff122/deepfake_project/outputs_deepfake_project/dfdc_subset_77_jpg/test/fake/fake_000413.jpg,1.0,0.5947879552841187,1
/media/D1/ait_users/staff122/deepfake_project/outputs_deepfake_project/dfdc_subset_77_jpg/test/fake/fake_000414.jpg,1.0,0.9989256262779236,1
/media/D1/ait_users/staff122/deepfake_project/outputs_deepfake_project/dfdc_subset_77_jpg/test/fake/fake_000415.jpg,1.0,0.8662744164466858,1
/media/D1/ait_users/staff122/deepfake_project/outputs_deepfake_project/dfdc_subset_77_jpg/test/fake/fake_000416.jpg,1.0,0.9993489384651184,1
/media/D1/ait_users/staff122/deepfake_project/outputs_deepfake_project/dfdc_subset_77_jpg/test/fake/fake_000417.jpg,1.0,0.9997590184211731,1
/media/D1/ait_users/staff122/deepfake_project/outputs_deepfake_project/dfdc_subset_77_jpg/test/fake/fake_000418.jpg,1.0,0.9996532201766968,1
/media/D1/ait_users/staff122/deepfake_project/outputs_deepfake_project/dfdc_subset_77_jpg/test/fake/fake_000419.jpg,1.0,0.9996978044509888,1
/media/D1/ait_users/staff122/deepfake_project/outputs_deepfake_project/dfdc_subset_77_jpg/test/fake/fake_000420.jpg,1.0,0.999295711517334,1
/media/D1/ait_users/staff122/deepfake_project/outputs_deepfake_project/dfdc_subset_77_jpg/test/fake/fake_000421.jpg,1.0,0.999785840511322,1
/media/D1/ait_users/staff122/deepfake_project/outputs_deepfake_project/dfdc_subset_77_jpg/test/fake/fake_000422.jpg,1.0,0.9990218877792358,1
/media/D1/ait_users/staff122/deepfake_project/outputs_deepfake_project/dfdc_subset_77_jpg/test/fake/fake_000423.jpg,1.0,0.9995121955871582,1
/media/D1/ait_users/staff122/deepfake_project/outputs_deepfake_project/dfdc_subset_77_jpg/test/fake/fake_000424.jpg,1.0,0.9995655417442322,1
/media/D1/ait_users/staff122/deepfake_project/outputs_deepfake_project/dfdc_subset_77_jpg/test/fake/fake_000425.jpg,1.0,0.9996273517608643,1
/media/D1/ait_users/staff122/deepfake_project/outputs_deepfake_project/dfdc_subset_77_jpg/test/fake/fake_000426.jpg,1.0,0.9993232488632202,1
/media/D1/ait_users/staff122/deepfake_project/outputs_deepfake_project/dfdc_subset_77_jpg/test/fake/fake_000427.jpg,1.0,0.9987045526504517,1
/media/D1/ait_users/staff122/deepfake_project/outputs_deepfake_project/dfdc_subset_77_jpg/test/fake/fake_000428.jpg,1.0,0.9993153810501099,1
/media/D1/ait_users/staff122/deepfake_project/outputs_deepfake_project/dfdc_subset_77_jpg/test/fake/fake_000429.jpg,1.0,0.9988183379173279,1
/media/D1/ait_users/staff122/deepfake_project/outputs_deepfake_project/dfdc_subset_77_jpg/test/fake/fake_000430.jpg,1.0,0.9993622899055481,1
/media/D1/ait_users/staff122/deepfake_project/outputs_deepfake_project/dfdc_subset_77_jpg/test/fake/fake_000431.jpg,1.0,0.9984263181686401,1
/media/D1/ait_users/staff122/deepfake_project/outputs_deepfake_project/dfdc_subset_77_jpg/test/fake/fake_000432.jpg,1.0,0.9986804127693176,1
/media/D1/ait_users/staff122/deepfake_project/outputs_deepfake_project/dfdc_subset_77_jpg/test/fake/fake_000433.jpg,1.0,0.9987959861755371,1
/media/D1/ait_users/staff122/deepfake_project/outputs_deepfake_project/dfdc_subset_77_jpg/test/fake/fake_000434.jpg,1.0,0.9995644688606262,1
/media/D1/ait_users/staff122/deepfake_project/outputs_deepfake_project/dfdc_subset_77_jpg/test/fake/fake_000435.jpg,1.0,0.9997739195823669,1
/media/D1/ait_users/staff122/deepfake_project/outputs_deepfake_project/dfdc_subset_77_jpg/test/fake/fake_000436.jpg,1.0,0.9996015429496765,1
/media/D1/ait_users/staff122/deepfake_project/outputs_deepfake_project/dfdc_subset_77_jpg/test/fake/fake_000437.jpg,1.0,0.997627317905426,1
/media/D1/ait_users/staff122/deepfake_project/outputs_deepfake_project/dfdc_subset_77_jpg/test/fake/fake_000438.jpg,1.0,0.9976268410682678,1
/media/D1/ait_users/staff122/deepfake_project/outputs_deepfake_project/dfdc_subset_77_jpg/test/fake/fake_000439.jpg,1.0,0.9990420937538147,1
/media/D1/ait_users/staff122/deepfake_project/outputs_deepfake_project/dfdc_subset_77_jpg/test/fake/fake_000440.jpg,1.0,0.998663067817688,1
/media/D1/ait_users/staff122/deepfake_project/outputs_deepfake_project/dfdc_subset_77_jpg/test/fake/fake_000441.jpg,1.0,0.9992337226867676,1
/media/D1/ait_users/staff122/deepfake_project/outputs_deepfake_project/dfdc_subset_77_jpg/test/fake/fake_000442.jpg,1.0,0.9986018538475037,1
/media/D1/ait_users/staff122/deepfake_project/outputs_deepfake_project/dfdc_subset_77_jpg/test/fake/fake_000443.jpg,1.0,0.998900294303894,1
/media/D1/ait_users/staff122/deepfake_project/outputs_deepfake_project/dfdc_subset_77_jpg/test/fake/fake_000444.jpg,1.0,0.9987008571624756,1
/media/D1/ait_users/staff122/deepfake_project/outputs_deepfake_project/dfdc_subset_77_jpg/test/fake/fake_000445.jpg,1.0,0.9994685053825378,1
/media/D1/ait_users/staff122/deepfake_project/outputs_deepfake_project/dfdc_subset_77_jpg/test/fake/fake_000446.jpg,1.0,0.9975784420967102,1
/media/D1/ait_users/staff122/deepfake_project/outputs_deepfake_project/dfdc_subset_77_jpg/test/fake/fake_000447.jpg,1.0,0.997815728187561,1
/media/D1/ait_users/staff122/deepfake_project/outputs_deepfake_project/dfdc_subset_77_jpg/test/fake/fake_000448.jpg,1.0,0.9999970197677612,1
/media/D1/ait_users/staff122/deepfake_project/outputs_deepfake_project/dfdc_subset_77_jpg/test/fake/fake_000449.jpg,1.0,0.9117531776428223,1
/media/D1/ait_users/staff122/deepfake_project/outputs_deepfake_project/dfdc_subset_77_jpg/test/fake/fake_000450.jpg,1.0,0.26316186785697937,0
/media/D1/ait_users/staff122/deepfake_project/outputs_deepfake_project/dfdc_subset_77_jpg/test/fake/fake_000451.jpg,1.0,0.10979942977428436,0
/media/D1/ait_users/staff122/deepfake_project/outputs_deepfake_project/dfdc_subset_77_jpg/test/fake/fake_000452.jpg,1.0,0.9999903440475464,1
/media/D1/ait_users/staff122/deepfake_project/outputs_deepfake_project/dfdc_subset_77_jpg/test/fake/fake_000453.jpg,1.0,0.0038560060784220695,0
/media/D1/ait_users/staff122/deepfake_project/outputs_deepfake_project/dfdc_subset_77_jpg/test/fake/fake_000454.jpg,1.0,0.9697032570838928,1
/media/D1/ait_users/staff122/deepfake_project/outputs_deepfake_project/dfdc_subset_77_jpg/test/fake/fake_000455.jpg,1.0,0.9957073926925659,1
/media/D1/ait_users/staff122/deepfake_project/outputs_deepfake_project/dfdc_subset_77_jpg/test/fake/fake_000456.jpg,1.0,0.7374261021614075,1
/media/D1/ait_users/staff122/deepfake_project/outputs_deepfake_project/dfdc_subset_77_jpg/test/fake/fake_000457.jpg,1.0,0.9999994039535522,1
/media/D1/ait_users/staff122/deepfake_project/outputs_deepfake_project/dfdc_subset_77_jpg/test/fake/fake_000458.jpg,1.0,0.946792721748352,1
/media/D1/ait_users/staff122/deepfake_project/outputs_deepfake_project/dfdc_subset_77_jpg/test/fake/fake_000459.jpg,1.0,0.9991264939308167,1
/media/D1/ait_users/staff122/deepfake_project/outputs_deepfake_project/dfdc_subset_77_jpg/test/fake/fake_000460.jpg,1.0,0.9999688863754272,1
/media/D1/ait_users/staff122/deepfake_project/outputs_deepfake_project/dfdc_subset_77_jpg/test/fake/fake_000461.jpg,1.0,0.9982112646102905,1
/media/D1/ait_users/staff122/deepfake_project/outputs_deepfake_project/dfdc_subset_77_jpg/test/fake/fake_000462.jpg,1.0,0.9990917444229126,1
/media/D1/ait_users/staff122/deepfake_project/outputs_deepfake_project/dfdc_subset_77_jpg/test/fake/fake_000463.jpg,1.0,0.9936228394508362,1
/media/D1/ait_users/staff122/deepfake_project/outputs_deepfake_project/dfdc_subset_77_jpg/test/fake/fake_000464.jpg,1.0,0.043659601360559464,0
/media/D1/ait_users/staff122/deepfake_project/outputs_deepfake_project/dfdc_subset_77_jpg/test/fake/fake_000465.jpg,1.0,0.9311043620109558,1
/media/D1/ait_users/staff122/deepfake_project/outputs_deepfake_project/dfdc_subset_77_jpg/test/fake/fake_000466.jpg,1.0,0.9949641227722168,1
/media/D1/ait_users/staff122/deepfake_project/outputs_deepfake_project/dfdc_subset_77_jpg/test/fake/fake_000467.jpg,1.0,0.9312254190444946,1
/media/D1/ait_users/staff122/deepfake_project/outputs_deepfake_project/dfdc_subset_77_jpg/test/fake/fake_000468.jpg,1.0,0.02024105377495289,0
/media/D1/ait_users/staff122/deepfake_project/outputs_deepfake_project/dfdc_subset_77_jpg/test/fake/fake_000469.jpg,1.0,0.9486159682273865,1
/media/D1/ait_users/staff122/deepfake_project/outputs_deepfake_project/dfdc_subset_77_jpg/test/fake/fake_000470.jpg,1.0,0.9989515542984009,1
/media/D1/ait_users/staff122/deepfake_project/outputs_deepfake_project/dfdc_subset_77_jpg/test/fake/fake_000471.jpg,1.0,0.9999909400939941,1
/media/D1/ait_users/staff122/deepfake_project/outputs_deepfake_project/dfdc_subset_77_jpg/test/fake/fake_000472.jpg,1.0,0.9976977705955505,1
/media/D1/ait_users/staff122/deepfake_project/outputs_deepfake_project/dfdc_subset_77_jpg/test/fake/fake_000473.jpg,1.0,0.7917972207069397,1
/media/D1/ait_users/staff122/deepfake_project/outputs_deepfake_project/dfdc_subset_77_jpg/test/fake/fake_000474.jpg,1.0,0.9709993600845337,1
/media/D1/ait_users/staff122/deepfake_project/outputs_deepfake_project/dfdc_subset_77_jpg/test/fake/fake_000475.jpg,1.0,0.9990328550338745,1
/media/D1/ait_users/staff122/deepfake_project/outputs_deepfake_project/dfdc_subset_77_jpg/test/fake/fake_000476.jpg,1.0,0.6672002077102661,1
/media/D1/ait_users/staff122/deepfake_project/outputs_deepfake_project/dfdc_subset_77_jpg/test/fake/fake_000477.jpg,1.0,0.9993718266487122,1
/media/D1/ait_users/staff122/deepfake_project/outputs_deepfake_project/dfdc_subset_77_jpg/test/fake/fake_000478.jpg,1.0,0.9882596731185913,1
/media/D1/ait_users/staff122/deepfake_project/outputs_deepfake_project/dfdc_subset_77_jpg/test/fake/fake_000479.jpg,1.0,0.8857341408729553,1
/media/D1/ait_users/staff122/deepfake_project/outputs_deepfake_project/dfdc_subset_77_jpg/test/fake/fake_000480.jpg,1.0,0.9955407977104187,1
/media/D1/ait_users/staff122/deepfake_project/outputs_deepfake_project/dfdc_subset_77_jpg/test/fake/fake_000481.jpg,1.0,0.9528485536575317,1
/media/D1/ait_users/staff122/deepfake_project/outputs_deepfake_project/dfdc_subset_77_jpg/test/fake/fake_000482.jpg,1.0,0.8137982487678528,1
/media/D1/ait_users/staff122/deepfake_project/outputs_deepfake_project/dfdc_subset_77_jpg/test/fake/fake_000483.jpg,1.0,0.8987269997596741,1
/media/D1/ait_users/staff122/deepfake_project/outputs_deepfake_project/dfdc_subset_77_jpg/test/fake/fake_000484.jpg,1.0,0.8289464116096497,1
/media/D1/ait_users/staff122/deepfake_project/outputs_deepfake_project/dfdc_subset_77_jpg/test/fake/fake_000485.jpg,1.0,0.9442541003227234,1
/media/D1/ait_users/staff122/deepfake_project/outputs_deepfake_project/dfdc_subset_77_jpg/test/fake/fake_000486.jpg,1.0,0.9972535967826843,1
/media/D1/ait_users/staff122/deepfake_project/outputs_deepfake_project/dfdc_subset_77_jpg/test/fake/fake_000487.jpg,1.0,0.17452627420425415,0
/media/D1/ait_users/staff122/deepfake_project/outputs_deepfake_project/dfdc_subset_77_jpg/test/fake/fake_000488.jpg,1.0,0.9999947547912598,1
/media/D1/ait_users/staff122/deepfake_project/outputs_deepfake_project/dfdc_subset_77_jpg/test/fake/fake_000489.jpg,1.0,0.9999998807907104,1
/media/D1/ait_users/staff122/deepfake_project/outputs_deepfake_project/dfdc_subset_77_jpg/test/fake/fake_000490.jpg,1.0,0.9635621309280396,1
/media/D1/ait_users/staff122/deepfake_project/outputs_deepfake_project/dfdc_subset_77_jpg/test/fake/fake_000491.jpg,1.0,0.9926453828811646,1
/media/D1/ait_users/staff122/deepfake_project/outputs_deepfake_project/dfdc_subset_77_jpg/test/fake/fake_000492.jpg,1.0,0.8908055424690247,1
/media/D1/ait_users/staff122/deepfake_project/outputs_deepfake_project/dfdc_subset_77_jpg/test/fake/fake_000493.jpg,1.0,0.999954104423523,1
/media/D1/ait_users/staff122/deepfake_project/outputs_deepfake_project/dfdc_subset_77_jpg/test/fake/fake_000494.jpg,1.0,0.999118983745575,1
/media/D1/ait_users/staff122/deepfake_project/outputs_deepfake_project/dfdc_subset_77_jpg/test/fake/fake_000495.jpg,1.0,0.8688300251960754,1
/media/D1/ait_users/staff122/deepfake_project/outputs_deepfake_project/dfdc_subset_77_jpg/test/fake/fake_000496.jpg,1.0,0.9997859597206116,1
/media/D1/ait_users/staff122/deepfake_project/outputs_deepfake_project/dfdc_subset_77_jpg/test/fake/fake_000497.jpg,1.0,0.8411156535148621,1
/media/D1/ait_users/staff122/deepfake_project/outputs_deepfake_project/dfdc_subset_77_jpg/test/fake/fake_000498.jpg,1.0,0.7541335225105286,1
/media/D1/ait_users/staff122/deepfake_project/outputs_deepfake_project/dfdc_subset_77_jpg/test/fake/fake_000499.jpg,1.0,0.8457810878753662,1
/media/D1/ait_users/staff122/deepfake_project/outputs_deepfake_project/dfdc_subset_77_jpg/test/fake/fake_000500.jpg,1.0,0.9609153866767883,1
/media/D1/ait_users/staff122/deepfake_project/outputs_deepfake_project/dfdc_subset_77_jpg/test/fake/fake_000501.jpg,1.0,0.996933102607727,1
/media/D1/ait_users/staff122/deepfake_project/outputs_deepfake_project/dfdc_subset_77_jpg/test/fake/fake_000502.jpg,1.0,0.9993410706520081,1
/media/D1/ait_users/staff122/deepfake_project/outputs_deepfake_project/dfdc_subset_77_jpg/test/fake/fake_000503.jpg,1.0,0.9981608986854553,1
/media/D1/ait_users/staff122/deepfake_project/outputs_deepfake_project/dfdc_subset_77_jpg/test/fake/fake_000504.jpg,1.0,0.9999995231628418,1
/media/D1/ait_users/staff122/deepfake_project/outputs_deepfake_project/dfdc_subset_77_jpg/test/fake/fake_000505.jpg,1.0,1.0,1
/media/D1/ait_users/staff122/deepfake_project/outputs_deepfake_project/dfdc_subset_77_jpg/test/fake/fake_000506.jpg,1.0,1.0,1
/media/D1/ait_users/staff122/deepfake_project/outputs_deepfake_project/dfdc_subset_77_jpg/test/fake/fake_000507.jpg,1.0,1.0,1
/media/D1/ait_users/staff122/deepfake_project/outputs_deepfake_project/dfdc_subset_77_jpg/test/fake/fake_000508.jpg,1.0,1.0,1
/media/D1/ait_users/staff122/deepfake_project/outputs_deepfake_project/dfdc_subset_77_jpg/test/fake/fake_000509.jpg,1.0,0.7175248265266418,1
/media/D1/ait_users/staff122/deepfake_project/outputs_deepfake_project/dfdc_subset_77_jpg/test/fake/fake_000510.jpg,1.0,0.9994376301765442,1
/media/D1/ait_users/staff122/deepfake_project/outputs_deepfake_project/dfdc_subset_77_jpg/test/fake/fake_000511.jpg,1.0,0.9996576309204102,1
/media/D1/ait_users/staff122/deepfake_project/outputs_deepfake_project/dfdc_subset_77_jpg/test/fake/fake_000512.jpg,1.0,0.0820220559835434,0
/media/D1/ait_users/staff122/deepfake_project/outputs_deepfake_project/dfdc_subset_77_jpg/test/fake/fake_000513.jpg,1.0,0.9676457643508911,1
/media/D1/ait_users/staff122/deepfake_project/outputs_deepfake_project/dfdc_subset_77_jpg/test/fake/fake_000514.jpg,1.0,0.674440324306488,1
/media/D1/ait_users/staff122/deepfake_project/outputs_deepfake_project/dfdc_subset_77_jpg/test/fake/fake_000515.jpg,1.0,0.11912316828966141,0
/media/D1/ait_users/staff122/deepfake_project/outputs_deepfake_project/dfdc_subset_77_jpg/test/fake/fake_000516.jpg,1.0,0.6583854556083679,1
/media/D1/ait_users/staff122/deepfake_project/outputs_deepfake_project/dfdc_subset_77_jpg/test/fake/fake_000517.jpg,1.0,0.4295787215232849,0
/media/D1/ait_users/staff122/deepfake_project/outputs_deepfake_project/dfdc_subset_77_jpg/test/fake/fake_000518.jpg,1.0,0.12264135479927063,0
/media/D1/ait_users/staff122/deepfake_project/outputs_deepfake_project/dfdc_subset_77_jpg/test/fake/fake_000519.jpg,1.0,0.36533451080322266,0
/media/D1/ait_users/staff122/deepfake_project/outputs_deepfake_project/dfdc_subset_77_jpg/test/fake/fake_000520.jpg,1.0,0.9178736805915833,1
/media/D1/ait_users/staff122/deepfake_project/outputs_deepfake_project/dfdc_subset_77_jpg/test/fake/fake_000521.jpg,1.0,0.47531068325042725,0
/media/D1/ait_users/staff122/deepfake_project/outputs_deepfake_project/dfdc_subset_77_jpg/test/fake/fake_000522.jpg,1.0,0.131781667470932,0
/media/D1/ait_users/staff122/deepfake_project/outputs_deepfake_project/dfdc_subset_77_jpg/test/fake/fake_000523.jpg,1.0,0.5861955285072327,1
/media/D1/ait_users/staff122/deepfake_project/outputs_deepfake_project/dfdc_subset_77_jpg/test/fake/fake_000524.jpg,1.0,0.6980553865432739,1
/media/D1/ait_users/staff122/deepfake_project/outputs_deepfake_project/dfdc_subset_77_jpg/test/fake/fake_000525.jpg,1.0,0.4985823333263397,0
/media/D1/ait_users/staff122/deepfake_project/outputs_deepfake_project/dfdc_subset_77_jpg/test/fake/fake_000526.jpg,1.0,0.13981519639492035,0
/media/D1/ait_users/staff122/deepfake_project/outputs_deepfake_project/dfdc_subset_77_jpg/test/fake/fake_000527.jpg,1.0,0.0634457916021347,0
/media/D1/ait_users/staff122/deepfake_project/outputs_deepfake_project/dfdc_subset_77_jpg/test/fake/fake_000528.jpg,1.0,0.9089263677597046,1
/media/D1/ait_users/staff122/deepfake_project/outputs_deepfake_project/dfdc_subset_77_jpg/test/fake/fake_000529.jpg,1.0,0.7297078967094421,1
/media/D1/ait_users/staff122/deepfake_project/outputs_deepfake_project/dfdc_subset_77_jpg/test/fake/fake_000530.jpg,1.0,0.04773614555597305,0
/media/D1/ait_users/staff122/deepfake_project/outputs_deepfake_project/dfdc_subset_77_jpg/test/fake/fake_000531.jpg,1.0,0.8355019688606262,1
/media/D1/ait_users/staff122/deepfake_project/outputs_deepfake_project/dfdc_subset_77_jpg/test/fake/fake_000532.jpg,1.0,0.9785889983177185,1
/media/D1/ait_users/staff122/deepfake_project/outputs_deepfake_project/dfdc_subset_77_jpg/test/fake/fake_000533.jpg,1.0,0.9535723328590393,1
/media/D1/ait_users/staff122/deepfake_project/outputs_deepfake_project/dfdc_subset_77_jpg/test/fake/fake_000534.jpg,1.0,0.12863172590732574,0
/media/D1/ait_users/staff122/deepfake_project/outputs_deepfake_project/dfdc_subset_77_jpg/test/fake/fake_000535.jpg,1.0,0.06657768785953522,0
/media/D1/ait_users/staff122/deepfake_project/outputs_deepfake_project/dfdc_subset_77_jpg/test/fake/fake_000536.jpg,1.0,0.017729388549923897,0
/media/D1/ait_users/staff122/deepfake_project/outputs_deepfake_project/dfdc_subset_77_jpg/test/fake/fake_000537.jpg,1.0,0.21139104664325714,0
/media/D1/ait_users/staff122/deepfake_project/outputs_deepfake_project/dfdc_subset_77_jpg/test/fake/fake_000538.jpg,1.0,0.8837641477584839,1
/media/D1/ait_users/staff122/deepfake_project/outputs_deepfake_project/dfdc_subset_77_jpg/test/fake/fake_000539.jpg,1.0,0.6587256193161011,1
/media/D1/ait_users/staff122/deepfake_project/outputs_deepfake_project/dfdc_subset_77_jpg/test/fake/fake_000540.jpg,1.0,0.19749096035957336,0
/media/D1/ait_users/staff122/deepfake_project/outputs_deepfake_project/dfdc_subset_77_jpg/test/fake/fake_000541.jpg,1.0,0.6782155632972717,1
/media/D1/ait_users/staff122/deepfake_project/outputs_deepfake_project/dfdc_subset_77_jpg/test/fake/fake_000542.jpg,1.0,0.7405809760093689,1
/media/D1/ait_users/staff122/deepfake_project/outputs_deepfake_project/dfdc_subset_77_jpg/test/fake/fake_000543.jpg,1.0,0.739366888999939,1
/media/D1/ait_users/staff122/deepfake_project/outputs_deepfake_project/dfdc_subset_77_jpg/test/fake/fake_000544.jpg,1.0,0.5908862948417664,1
/media/D1/ait_users/staff122/deepfake_project/outputs_deepfake_project/dfdc_subset_77_jpg/test/fake/fake_000545.jpg,1.0,0.8096114993095398,1
/media/D1/ait_users/staff122/deepfake_project/outputs_deepfake_project/dfdc_subset_77_jpg/test/fake/fake_000546.jpg,1.0,0.8925333619117737,1
/media/D1/ait_users/staff122/deepfake_project/outputs_deepfake_project/dfdc_subset_77_jpg/test/fake/fake_000547.jpg,1.0,0.013062815181910992,0
/media/D1/ait_users/staff122/deepfake_project/outputs_deepfake_project/dfdc_subset_77_jpg/test/fake/fake_000548.jpg,1.0,0.004737006966024637,0
/media/D1/ait_users/staff122/deepfake_project/outputs_deepfake_project/dfdc_subset_77_jpg/test/fake/fake_000549.jpg,1.0,0.9543445110321045,1
/media/D1/ait_users/staff122/deepfake_project/outputs_deepfake_project/dfdc_subset_77_jpg/test/fake/fake_000550.jpg,1.0,0.17091171443462372,0
/media/D1/ait_users/staff122/deepfake_project/outputs_deepfake_project/dfdc_subset_77_jpg/test/fake/fake_000551.jpg,1.0,0.08293917030096054,0
/media/D1/ait_users/staff122/deepfake_project/outputs_deepfake_project/dfdc_subset_77_jpg/test/fake/fake_000552.jpg,1.0,0.9848568439483643,1
/media/D1/ait_users/staff122/deepfake_project/outputs_deepfake_project/dfdc_subset_77_jpg/test/fake/fake_000553.jpg,1.0,0.9930424690246582,1
/media/D1/ait_users/staff122/deepfake_project/outputs_deepfake_project/dfdc_subset_77_jpg/test/fake/fake_000554.jpg,1.0,0.8997147083282471,1
/media/D1/ait_users/staff122/deepfake_project/outputs_deepfake_project/dfdc_subset_77_jpg/test/fake/fake_000555.jpg,1.0,0.9800351858139038,1
/media/D1/ait_users/staff122/deepfake_project/outputs_deepfake_project/dfdc_subset_77_jpg/test/fake/fake_000556.jpg,1.0,0.20299243927001953,0
/media/D1/ait_users/staff122/deepfake_project/outputs_deepfake_project/dfdc_subset_77_jpg/test/fake/fake_000557.jpg,1.0,0.025623995810747147,0
/media/D1/ait_users/staff122/deepfake_project/outputs_deepfake_project/dfdc_subset_77_jpg/test/fake/fake_000558.jpg,1.0,0.2697862982749939,0
/media/D1/ait_users/staff122/deepfake_project/outputs_deepfake_project/dfdc_subset_77_jpg/test/fake/fake_000559.jpg,1.0,0.9556660056114197,1
/media/D1/ait_users/staff122/deepfake_project/outputs_deepfake_project/dfdc_subset_77_jpg/test/fake/fake_000560.jpg,1.0,0.9988815188407898,1
/media/D1/ait_users/staff122/deepfake_project/outputs_deepfake_project/dfdc_subset_77_jpg/test/fake/fake_000561.jpg,1.0,0.9999706745147705,1
/media/D1/ait_users/staff122/deepfake_project/outputs_deepfake_project/dfdc_subset_77_jpg/test/fake/fake_000562.jpg,1.0,0.23758259415626526,0
/media/D1/ait_users/staff122/deepfake_project/outputs_deepfake_project/dfdc_subset_77_jpg/test/fake/fake_000563.jpg,1.0,0.9629877805709839,1
/media/D1/ait_users/staff122/deepfake_project/outputs_deepfake_project/dfdc_subset_77_jpg/test/fake/fake_000564.jpg,1.0,0.9876339435577393,1
/media/D1/ait_users/staff122/deepfake_project/outputs_deepfake_project/dfdc_subset_77_jpg/test/fake/fake_000565.jpg,1.0,0.9639037847518921,1
/media/D1/ait_users/staff122/deepfake_project/outputs_deepfake_project/dfdc_subset_77_jpg/test/fake/fake_000566.jpg,1.0,0.9886914491653442,1
/media/D1/ait_users/staff122/deepfake_project/outputs_deepfake_project/dfdc_subset_77_jpg/test/fake/fake_000567.jpg,1.0,0.8940787315368652,1
/media/D1/ait_users/staff122/deepfake_project/outputs_deepfake_project/dfdc_subset_77_jpg/test/fake/fake_000568.jpg,1.0,0.9912868142127991,1
/media/D1/ait_users/staff122/deepfake_project/outputs_deepfake_project/dfdc_subset_77_jpg/test/fake/fake_000569.jpg,1.0,0.44095176458358765,0
/media/D1/ait_users/staff122/deepfake_project/outputs_deepfake_project/dfdc_subset_77_jpg/test/fake/fake_000570.jpg,1.0,0.7259494066238403,1
/media/D1/ait_users/staff122/deepfake_project/outputs_deepfake_project/dfdc_subset_77_jpg/test/fake/fake_000571.jpg,1.0,0.9979850053787231,1
/media/D1/ait_users/staff122/deepfake_project/outputs_deepfake_project/dfdc_subset_77_jpg/test/fake/fake_000572.jpg,1.0,0.9997778534889221,1
/media/D1/ait_users/staff122/deepfake_project/outputs_deepfake_project/dfdc_subset_77_jpg/test/fake/fake_000573.jpg,1.0,0.9887253642082214,1
/media/D1/ait_users/staff122/deepfake_project/outputs_deepfake_project/dfdc_subset_77_jpg/test/fake/fake_000574.jpg,1.0,0.9247692823410034,1
/media/D1/ait_users/staff122/deepfake_project/outputs_deepfake_project/dfdc_subset_77_jpg/test/fake/fake_000575.jpg,1.0,0.8932515978813171,1
/media/D1/ait_users/staff122/deepfake_project/outputs_deepfake_project/dfdc_subset_77_jpg/test/fake/fake_000576.jpg,1.0,0.999843955039978,1
/media/D1/ait_users/staff122/deepfake_project/outputs_deepfake_project/dfdc_subset_77_jpg/test/fake/fake_000577.jpg,1.0,0.9996347427368164,1
/media/D1/ait_users/staff122/deepfake_project/outputs_deepfake_project/dfdc_subset_77_jpg/test/fake/fake_000578.jpg,1.0,0.9999547004699707,1
/media/D1/ait_users/staff122/deepfake_project/outputs_deepfake_project/dfdc_subset_77_jpg/test/fake/fake_000579.jpg,1.0,0.9999902248382568,1
/media/D1/ait_users/staff122/deepfake_project/outputs_deepfake_project/dfdc_subset_77_jpg/test/fake/fake_000580.jpg,1.0,0.998616099357605,1
/media/D1/ait_users/staff122/deepfake_project/outputs_deepfake_project/dfdc_subset_77_jpg/test/fake/fake_000581.jpg,1.0,0.9988362193107605,1
/media/D1/ait_users/staff122/deepfake_project/outputs_deepfake_project/dfdc_subset_77_jpg/test/fake/fake_000582.jpg,1.0,0.9999231100082397,1
/media/D1/ait_users/staff122/deepfake_project/outputs_deepfake_project/dfdc_subset_77_jpg/test/fake/fake_000583.jpg,1.0,0.9990150928497314,1
/media/D1/ait_users/staff122/deepfake_project/outputs_deepfake_project/dfdc_subset_77_jpg/test/fake/fake_000584.jpg,1.0,0.9999926090240479,1
/media/D1/ait_users/staff122/deepfake_project/outputs_deepfake_project/dfdc_subset_77_jpg/test/fake/fake_000585.jpg,1.0,0.9999896287918091,1
/media/D1/ait_users/staff122/deepfake_project/outputs_deepfake_project/dfdc_subset_77_jpg/test/fake/fake_000586.jpg,1.0,0.9996635913848877,1
/media/D1/ait_users/staff122/deepfake_project/outputs_deepfake_project/dfdc_subset_77_jpg/test/fake/fake_000587.jpg,1.0,0.995750904083252,1
/media/D1/ait_users/staff122/deepfake_project/outputs_deepfake_project/dfdc_subset_77_jpg/test/fake/fake_000588.jpg,1.0,0.9993371367454529,1
/media/D1/ait_users/staff122/deepfake_project/outputs_deepfake_project/dfdc_subset_77_jpg/test/fake/fake_000589.jpg,1.0,0.999894380569458,1
/media/D1/ait_users/staff122/deepfake_project/outputs_deepfake_project/dfdc_subset_77_jpg/test/fake/fake_000590.jpg,1.0,0.999980092048645,1
/media/D1/ait_users/staff122/deepfake_project/outputs_deepfake_project/dfdc_subset_77_jpg/test/fake/fake_000591.jpg,1.0,0.9999926090240479,1
/media/D1/ait_users/staff122/deepfake_project/outputs_deepfake_project/dfdc_subset_77_jpg/test/fake/fake_000592.jpg,1.0,0.9424229264259338,1
/media/D1/ait_users/staff122/deepfake_project/outputs_deepfake_project/dfdc_subset_77_jpg/test/fake/fake_000593.jpg,1.0,0.9998570680618286,1
/media/D1/ait_users/staff122/deepfake_project/outputs_deepfake_project/dfdc_subset_77_jpg/test/fake/fake_000594.jpg,1.0,0.9999932050704956,1
/media/D1/ait_users/staff122/deepfake_project/outputs_deepfake_project/dfdc_subset_77_jpg/test/fake/fake_000595.jpg,1.0,0.9999980926513672,1
/media/D1/ait_users/staff122/deepfake_project/outputs_deepfake_project/dfdc_subset_77_jpg/test/fake/fake_000596.jpg,1.0,0.9999958276748657,1
/media/D1/ait_users/staff122/deepfake_project/outputs_deepfake_project/dfdc_subset_77_jpg/test/fake/fake_000597.jpg,1.0,0.9995102882385254,1
/media/D1/ait_users/staff122/deepfake_project/outputs_deepfake_project/dfdc_subset_77_jpg/test/fake/fake_000598.jpg,1.0,0.9999924898147583,1
/media/D1/ait_users/staff122/deepfake_project/outputs_deepfake_project/dfdc_subset_77_jpg/test/fake/fake_000599.jpg,1.0,0.9998530149459839,1
/media/D1/ait_users/staff122/deepfake_project/outputs_deepfake_project/dfdc_subset_77_jpg/test/fake/fake_000600.jpg,1.0,0.9999542236328125,1
/media/D1/ait_users/staff122/deepfake_project/outputs_deepfake_project/dfdc_subset_77_jpg/test/fake/fake_000601.jpg,1.0,0.9999958276748657,1
/media/D1/ait_users/staff122/deepfake_project/outputs_deepfake_project/dfdc_subset_77_jpg/test/fake/fake_000602.jpg,1.0,0.9978145360946655,1
/media/D1/ait_users/staff122/deepfake_project/outputs_deepfake_project/dfdc_subset_77_jpg/test/fake/fake_000603.jpg,1.0,0.9999984502792358,1
/media/D1/ait_users/staff122/deepfake_project/outputs_deepfake_project/dfdc_subset_77_jpg/test/fake/fake_000604.jpg,1.0,0.999992847442627,1
/media/D1/ait_users/staff122/deepfake_project/outputs_deepfake_project/dfdc_subset_77_jpg/test/fake/fake_000605.jpg,1.0,0.9997497200965881,1
/media/D1/ait_users/staff122/deepfake_project/outputs_deepfake_project/dfdc_subset_77_jpg/test/fake/fake_000606.jpg,1.0,0.9991220831871033,1
/media/D1/ait_users/staff122/deepfake_project/outputs_deepfake_project/dfdc_subset_77_jpg/test/fake/fake_000607.jpg,1.0,0.9999866485595703,1
/media/D1/ait_users/staff122/deepfake_project/outputs_deepfake_project/dfdc_subset_77_jpg/test/fake/fake_000608.jpg,1.0,0.999987006187439,1
/media/D1/ait_users/staff122/deepfake_project/outputs_deepfake_project/dfdc_subset_77_jpg/test/fake/fake_000609.jpg,1.0,0.9999728202819824,1
/media/D1/ait_users/staff122/deepfake_project/outputs_deepfake_project/dfdc_subset_77_jpg/test/fake/fake_000610.jpg,1.0,0.999971866607666,1
/media/D1/ait_users/staff122/deepfake_project/outputs_deepfake_project/dfdc_subset_77_jpg/test/fake/fake_000611.jpg,1.0,0.9999675750732422,1
/media/D1/ait_users/staff122/deepfake_project/outputs_deepfake_project/dfdc_subset_77_jpg/test/fake/fake_000612.jpg,1.0,0.9999995231628418,1
/media/D1/ait_users/staff122/deepfake_project/outputs_deepfake_project/dfdc_subset_77_jpg/test/fake/fake_000613.jpg,1.0,0.9999798536300659,1
/media/D1/ait_users/staff122/deepfake_project/outputs_deepfake_project/dfdc_subset_77_jpg/test/fake/fake_000614.jpg,1.0,0.9999836683273315,1
/media/D1/ait_users/staff122/deepfake_project/outputs_deepfake_project/dfdc_subset_77_jpg/test/fake/fake_000615.jpg,1.0,0.9999967813491821,1
/media/D1/ait_users/staff122/deepfake_project/outputs_deepfake_project/dfdc_subset_77_jpg/test/fake/fake_000616.jpg,1.0,0.9999445676803589,1
/media/D1/ait_users/staff122/deepfake_project/outputs_deepfake_project/dfdc_subset_77_jpg/test/fake/fake_000617.jpg,1.0,0.9998100399971008,1
/media/D1/ait_users/staff122/deepfake_project/outputs_deepfake_project/dfdc_subset_77_jpg/test/fake/fake_000618.jpg,1.0,0.9994282126426697,1
/media/D1/ait_users/staff122/deepfake_project/outputs_deepfake_project/dfdc_subset_77_jpg/test/fake/fake_000619.jpg,1.0,0.9986194372177124,1
/media/D1/ait_users/staff122/deepfake_project/outputs_deepfake_project/dfdc_subset_77_jpg/test/fake/fake_000620.jpg,1.0,0.9925540089607239,1
/media/D1/ait_users/staff122/deepfake_project/outputs_deepfake_project/dfdc_subset_77_jpg/test/fake/fake_000621.jpg,1.0,0.999812662601471,1
/media/D1/ait_users/staff122/deepfake_project/outputs_deepfake_project/dfdc_subset_77_jpg/test/fake/fake_000622.jpg,1.0,0.975465714931488,1
/media/D1/ait_users/staff122/deepfake_project/outputs_deepfake_project/dfdc_subset_77_jpg/test/fake/fake_000623.jpg,1.0,0.9997864365577698,1
/media/D1/ait_users/staff122/deepfake_project/outputs_deepfake_project/dfdc_subset_77_jpg/test/fake/fake_000624.jpg,1.0,0.9999775886535645,1
/media/D1/ait_users/staff122/deepfake_project/outputs_deepfake_project/dfdc_subset_77_jpg/test/fake/fake_000625.jpg,1.0,0.9174262285232544,1
/media/D1/ait_users/staff122/deepfake_project/outputs_deepfake_project/dfdc_subset_77_jpg/test/fake/fake_000626.jpg,1.0,0.9957774877548218,1
/media/D1/ait_users/staff122/deepfake_project/outputs_deepfake_project/dfdc_subset_77_jpg/test/fake/fake_000627.jpg,1.0,0.9923267960548401,1
/media/D1/ait_users/staff122/deepfake_project/outputs_deepfake_project/dfdc_subset_77_jpg/test/fake/fake_000628.jpg,1.0,0.9999661445617676,1
/media/D1/ait_users/staff122/deepfake_project/outputs_deepfake_project/dfdc_subset_77_jpg/test/fake/fake_000629.jpg,1.0,0.9999051094055176,1
/media/D1/ait_users/staff122/deepfake_project/outputs_deepfake_project/dfdc_subset_77_jpg/test/fake/fake_000630.jpg,1.0,0.9998371601104736,1
/media/D1/ait_users/staff122/deepfake_project/outputs_deepfake_project/dfdc_subset_77_jpg/test/fake/fake_000631.jpg,1.0,0.7037521004676819,1
/media/D1/ait_users/staff122/deepfake_project/outputs_deepfake_project/dfdc_subset_77_jpg/test/fake/fake_000632.jpg,1.0,0.9994251728057861,1
/media/D1/ait_users/staff122/deepfake_project/outputs_deepfake_project/dfdc_subset_77_jpg/test/fake/fake_000633.jpg,1.0,0.9728711843490601,1
/media/D1/ait_users/staff122/deepfake_project/outputs_deepfake_project/dfdc_subset_77_jpg/test/fake/fake_000634.jpg,1.0,0.9987066984176636,1
/media/D1/ait_users/staff122/deepfake_project/outputs_deepfake_project/dfdc_subset_77_jpg/test/fake/fake_000635.jpg,1.0,0.9976425766944885,1
/media/D1/ait_users/staff122/deepfake_project/outputs_deepfake_project/dfdc_subset_77_jpg/test/fake/fake_000636.jpg,1.0,0.9944425225257874,1
/media/D1/ait_users/staff122/deepfake_project/outputs_deepfake_project/dfdc_subset_77_jpg/test/fake/fake_000637.jpg,1.0,0.9580126404762268,1
/media/D1/ait_users/staff122/deepfake_project/outputs_deepfake_project/dfdc_subset_77_jpg/test/fake/fake_000638.jpg,1.0,0.9702833294868469,1
/media/D1/ait_users/staff122/deepfake_project/outputs_deepfake_project/dfdc_subset_77_jpg/test/fake/fake_000639.jpg,1.0,0.923611581325531,1
/media/D1/ait_users/staff122/deepfake_project/outputs_deepfake_project/dfdc_subset_77_jpg/test/fake/fake_000640.jpg,1.0,1.7871927411761135e-05,0
/media/D1/ait_users/staff122/deepfake_project/outputs_deepfake_project/dfdc_subset_77_jpg/test/fake/fake_000641.jpg,1.0,0.0003603141230996698,0
/media/D1/ait_users/staff122/deepfake_project/outputs_deepfake_project/dfdc_subset_77_jpg/test/fake/fake_000642.jpg,1.0,5.119273191667162e-05,0
/media/D1/ait_users/staff122/deepfake_project/outputs_deepfake_project/dfdc_subset_77_jpg/test/fake/fake_000643.jpg,1.0,3.810176349361427e-05,0
/media/D1/ait_users/staff122/deepfake_project/outputs_deepfake_project/dfdc_subset_77_jpg/test/fake/fake_000644.jpg,1.0,1.4475123862212058e-05,0
/media/D1/ait_users/staff122/deepfake_project/outputs_deepfake_project/dfdc_subset_77_jpg/test/fake/fake_000645.jpg,1.0,7.621316035510972e-05,0
/media/D1/ait_users/staff122/deepfake_project/outputs_deepfake_project/dfdc_subset_77_jpg/test/fake/fake_000646.jpg,1.0,2.6131114282179624e-05,0
/media/D1/ait_users/staff122/deepfake_project/outputs_deepfake_project/dfdc_subset_77_jpg/test/fake/fake_000647.jpg,1.0,7.598841875733342e-06,0
/media/D1/ait_users/staff122/deepfake_project/outputs_deepfake_project/dfdc_subset_77_jpg/test/fake/fake_000648.jpg,1.0,0.0005079836118966341,0
/media/D1/ait_users/staff122/deepfake_project/outputs_deepfake_project/dfdc_subset_77_jpg/test/fake/fake_000649.jpg,1.0,0.0006444833124987781,0
/media/D1/ait_users/staff122/deepfake_project/outputs_deepfake_project/dfdc_subset_77_jpg/test/fake/fake_000650.jpg,1.0,0.0032170575577765703,0
/media/D1/ait_users/staff122/deepfake_project/outputs_deepfake_project/dfdc_subset_77_jpg/test/fake/fake_000651.jpg,1.0,0.010127988643944263,0
/media/D1/ait_users/staff122/deepfake_project/outputs_deepfake_project/dfdc_subset_77_jpg/test/fake/fake_000652.jpg,1.0,0.01226631086319685,0
/media/D1/ait_users/staff122/deepfake_project/outputs_deepfake_project/dfdc_subset_77_jpg/test/fake/fake_000653.jpg,1.0,0.07808957993984222,0
/media/D1/ait_users/staff122/deepfake_project/outputs_deepfake_project/dfdc_subset_77_jpg/test/fake/fake_000654.jpg,1.0,0.983590304851532,1
/media/D1/ait_users/staff122/deepfake_project/outputs_deepfake_project/dfdc_subset_77_jpg/test/fake/fake_000655.jpg,1.0,0.9986315369606018,1
/media/D1/ait_users/staff122/deepfake_project/outputs_deepfake_project/dfdc_subset_77_jpg/test/fake/fake_000656.jpg,1.0,0.00016355919069610536,0
/media/D1/ait_users/staff122/deepfake_project/outputs_deepfake_project/dfdc_subset_77_jpg/test/fake/fake_000657.jpg,1.0,2.5144383471342735e-05,0
/media/D1/ait_users/staff122/deepfake_project/outputs_deepfake_project/dfdc_subset_77_jpg/test/fake/fake_000658.jpg,1.0,9.33625633479096e-05,0
/media/D1/ait_users/staff122/deepfake_project/outputs_deepfake_project/dfdc_subset_77_jpg/test/fake/fake_000659.jpg,1.0,2.599770959932357e-05,0
/media/D1/ait_users/staff122/deepfake_project/outputs_deepfake_project/dfdc_subset_77_jpg/test/fake/fake_000660.jpg,1.0,0.18252652883529663,0
/media/D1/ait_users/staff122/deepfake_project/outputs_deepfake_project/dfdc_subset_77_jpg/test/fake/fake_000661.jpg,1.0,0.9818704128265381,1
/media/D1/ait_users/staff122/deepfake_project/outputs_deepfake_project/dfdc_subset_77_jpg/test/fake/fake_000662.jpg,1.0,0.17788253724575043,0
/media/D1/ait_users/staff122/deepfake_project/outputs_deepfake_project/dfdc_subset_77_jpg/test/fake/fake_000663.jpg,1.0,0.040438212454319,0
/media/D1/ait_users/staff122/deepfake_project/outputs_deepfake_project/dfdc_subset_77_jpg/test/fake/fake_000664.jpg,1.0,0.00016556907212361693,0
/media/D1/ait_users/staff122/deepfake_project/outputs_deepfake_project/dfdc_subset_77_jpg/test/fake/fake_000665.jpg,1.0,4.6196950279409066e-05,0
/media/D1/ait_users/staff122/deepfake_project/outputs_deepfake_project/dfdc_subset_77_jpg/test/fake/fake_000666.jpg,1.0,4.144491413171636e-06,0
/media/D1/ait_users/staff122/deepfake_project/outputs_deepfake_project/dfdc_subset_77_jpg/test/fake/fake_000667.jpg,1.0,0.972733199596405,1
/media/D1/ait_users/staff122/deepfake_project/outputs_deepfake_project/dfdc_subset_77_jpg/test/fake/fake_000668.jpg,1.0,0.9957846999168396,1
/media/D1/ait_users/staff122/deepfake_project/outputs_deepfake_project/dfdc_subset_77_jpg/test/fake/fake_000669.jpg,1.0,0.9944120049476624,1
/media/D1/ait_users/staff122/deepfake_project/outputs_deepfake_project/dfdc_subset_77_jpg/test/fake/fake_000670.jpg,1.0,0.046947184950113297,0
/media/D1/ait_users/staff122/deepfake_project/outputs_deepfake_project/dfdc_subset_77_jpg/test/fake/fake_000671.jpg,1.0,4.294064638088457e-05,0
/media/D1/ait_users/staff122/deepfake_project/outputs_deepfake_project/dfdc_subset_77_jpg/test/fake/fake_000672.jpg,1.0,0.9997813105583191,1
/media/D1/ait_users/staff122/deepfake_project/outputs_deepfake_project/dfdc_subset_77_jpg/test/fake/fake_000673.jpg,1.0,0.9448407292366028,1
/media/D1/ait_users/staff122/deepfake_project/outputs_deepfake_project/dfdc_subset_77_jpg/test/fake/fake_000674.jpg,1.0,0.5918979644775391,1
/media/D1/ait_users/staff122/deepfake_project/outputs_deepfake_project/dfdc_subset_77_jpg/test/fake/fake_000675.jpg,1.0,0.9755882024765015,1
/media/D1/ait_users/staff122/deepfake_project/outputs_deepfake_project/dfdc_subset_77_jpg/test/fake/fake_000676.jpg,1.0,0.9854757189750671,1
/media/D1/ait_users/staff122/deepfake_project/outputs_deepfake_project/dfdc_subset_77_jpg/test/fake/fake_000677.jpg,1.0,0.6273008584976196,1
/media/D1/ait_users/staff122/deepfake_project/outputs_deepfake_project/dfdc_subset_77_jpg/test/fake/fake_000678.jpg,1.0,0.9851930141448975,1
/media/D1/ait_users/staff122/deepfake_project/outputs_deepfake_project/dfdc_subset_77_jpg/test/fake/fake_000679.jpg,1.0,0.9989653825759888,1
/media/D1/ait_users/staff122/deepfake_project/outputs_deepfake_project/dfdc_subset_77_jpg/test/fake/fake_000680.jpg,1.0,0.9939239621162415,1
/media/D1/ait_users/staff122/deepfake_project/outputs_deepfake_project/dfdc_subset_77_jpg/test/fake/fake_000681.jpg,1.0,0.9968464970588684,1
/media/D1/ait_users/staff122/deepfake_project/outputs_deepfake_project/dfdc_subset_77_jpg/test/fake/fake_000682.jpg,1.0,0.9972510933876038,1
/media/D1/ait_users/staff122/deepfake_project/outputs_deepfake_project/dfdc_subset_77_jpg/test/fake/fake_000683.jpg,1.0,0.9973829388618469,1
/media/D1/ait_users/staff122/deepfake_project/outputs_deepfake_project/dfdc_subset_77_jpg/test/fake/fake_000684.jpg,1.0,0.9999349117279053,1
/media/D1/ait_users/staff122/deepfake_project/outputs_deepfake_project/dfdc_subset_77_jpg/test/fake/fake_000685.jpg,1.0,0.9999915361404419,1
/media/D1/ait_users/staff122/deepfake_project/outputs_deepfake_project/dfdc_subset_77_jpg/test/fake/fake_000686.jpg,1.0,0.9784817099571228,1
/media/D1/ait_users/staff122/deepfake_project/outputs_deepfake_project/dfdc_subset_77_jpg/test/fake/fake_000687.jpg,1.0,0.99577397108078,1
/media/D1/ait_users/staff122/deepfake_project/outputs_deepfake_project/dfdc_subset_77_jpg/test/fake/fake_000688.jpg,1.0,0.9998387098312378,1
/media/D1/ait_users/staff122/deepfake_project/outputs_deepfake_project/dfdc_subset_77_jpg/test/fake/fake_000689.jpg,1.0,0.9701886177062988,1
/media/D1/ait_users/staff122/deepfake_project/outputs_deepfake_project/dfdc_subset_77_jpg/test/fake/fake_000690.jpg,1.0,0.9999839067459106,1
/media/D1/ait_users/staff122/deepfake_project/outputs_deepfake_project/dfdc_subset_77_jpg/test/fake/fake_000691.jpg,1.0,0.9999107122421265,1
/media/D1/ait_users/staff122/deepfake_project/outputs_deepfake_project/dfdc_subset_77_jpg/test/fake/fake_000692.jpg,1.0,0.9999961853027344,1
/media/D1/ait_users/staff122/deepfake_project/outputs_deepfake_project/dfdc_subset_77_jpg/test/fake/fake_000693.jpg,1.0,0.999976634979248,1
/media/D1/ait_users/staff122/deepfake_project/outputs_deepfake_project/dfdc_subset_77_jpg/test/fake/fake_000694.jpg,1.0,0.9999262094497681,1
/media/D1/ait_users/staff122/deepfake_project/outputs_deepfake_project/dfdc_subset_77_jpg/test/fake/fake_000695.jpg,1.0,0.9997089505195618,1
/media/D1/ait_users/staff122/deepfake_project/outputs_deepfake_project/dfdc_subset_77_jpg/test/fake/fake_000696.jpg,1.0,0.9999620914459229,1
/media/D1/ait_users/staff122/deepfake_project/outputs_deepfake_project/dfdc_subset_77_jpg/test/fake/fake_000697.jpg,1.0,0.9998761415481567,1
/media/D1/ait_users/staff122/deepfake_project/outputs_deepfake_project/dfdc_subset_77_jpg/test/fake/fake_000698.jpg,1.0,0.9982722997665405,1
/media/D1/ait_users/staff122/deepfake_project/outputs_deepfake_project/dfdc_subset_77_jpg/test/fake/fake_000699.jpg,1.0,0.9895600080490112,1
/media/D1/ait_users/staff122/deepfake_project/outputs_deepfake_project/dfdc_subset_77_jpg/test/fake/fake_000700.jpg,1.0,0.9974910020828247,1
/media/D1/ait_users/staff122/deepfake_project/outputs_deepfake_project/dfdc_subset_77_jpg/test/fake/fake_000701.jpg,1.0,0.8402774333953857,1
/media/D1/ait_users/staff122/deepfake_project/outputs_deepfake_project/dfdc_subset_77_jpg/test/fake/fake_000702.jpg,1.0,0.975618302822113,1
/media/D1/ait_users/staff122/deepfake_project/outputs_deepfake_project/dfdc_subset_77_jpg/test/fake/fake_000703.jpg,1.0,0.9677053689956665,1
/media/D1/ait_users/staff122/deepfake_project/outputs_deepfake_project/dfdc_subset_77_jpg/test/fake/fake_000704.jpg,1.0,0.9984021782875061,1
/media/D1/ait_users/staff122/deepfake_project/outputs_deepfake_project/dfdc_subset_77_jpg/test/fake/fake_000705.jpg,1.0,0.9992146492004395,1
/media/D1/ait_users/staff122/deepfake_project/outputs_deepfake_project/dfdc_subset_77_jpg/test/fake/fake_000706.jpg,1.0,0.9881957769393921,1
/media/D1/ait_users/staff122/deepfake_project/outputs_deepfake_project/dfdc_subset_77_jpg/test/fake/fake_000707.jpg,1.0,0.9909343123435974,1
/media/D1/ait_users/staff122/deepfake_project/outputs_deepfake_project/dfdc_subset_77_jpg/test/fake/fake_000708.jpg,1.0,0.9964690208435059,1
/media/D1/ait_users/staff122/deepfake_project/outputs_deepfake_project/dfdc_subset_77_jpg/test/fake/fake_000709.jpg,1.0,0.9980939030647278,1
/media/D1/ait_users/staff122/deepfake_project/outputs_deepfake_project/dfdc_subset_77_jpg/test/fake/fake_000710.jpg,1.0,0.9977651834487915,1
/media/D1/ait_users/staff122/deepfake_project/outputs_deepfake_project/dfdc_subset_77_jpg/test/fake/fake_000711.jpg,1.0,0.9874197840690613,1
/media/D1/ait_users/staff122/deepfake_project/outputs_deepfake_project/dfdc_subset_77_jpg/test/fake/fake_000712.jpg,1.0,0.978122353553772,1
/media/D1/ait_users/staff122/deepfake_project/outputs_deepfake_project/dfdc_subset_77_jpg/test/fake/fake_000713.jpg,1.0,0.9913327097892761,1
/media/D1/ait_users/staff122/deepfake_project/outputs_deepfake_project/dfdc_subset_77_jpg/test/fake/fake_000714.jpg,1.0,0.9625501036643982,1
/media/D1/ait_users/staff122/deepfake_project/outputs_deepfake_project/dfdc_subset_77_jpg/test/fake/fake_000715.jpg,1.0,0.9942185878753662,1
/media/D1/ait_users/staff122/deepfake_project/outputs_deepfake_project/dfdc_subset_77_jpg/test/fake/fake_000716.jpg,1.0,0.9992532134056091,1
/media/D1/ait_users/staff122/deepfake_project/outputs_deepfake_project/dfdc_subset_77_jpg/test/fake/fake_000717.jpg,1.0,0.9997219443321228,1
/media/D1/ait_users/staff122/deepfake_project/outputs_deepfake_project/dfdc_subset_77_jpg/test/fake/fake_000718.jpg,1.0,0.9997197985649109,1
/media/D1/ait_users/staff122/deepfake_project/outputs_deepfake_project/dfdc_subset_77_jpg/test/fake/fake_000719.jpg,1.0,0.9997634291648865,1
/media/D1/ait_users/staff122/deepfake_project/outputs_deepfake_project/dfdc_subset_77_jpg/test/fake/fake_000720.jpg,1.0,0.9994382262229919,1
/media/D1/ait_users/staff122/deepfake_project/outputs_deepfake_project/dfdc_subset_77_jpg/test/fake/fake_000721.jpg,1.0,0.9989994168281555,1
/media/D1/ait_users/staff122/deepfake_project/outputs_deepfake_project/dfdc_subset_77_jpg/test/fake/fake_000722.jpg,1.0,0.9864410758018494,1
/media/D1/ait_users/staff122/deepfake_project/outputs_deepfake_project/dfdc_subset_77_jpg/test/fake/fake_000723.jpg,1.0,0.9916029572486877,1
/media/D1/ait_users/staff122/deepfake_project/outputs_deepfake_project/dfdc_subset_77_jpg/test/fake/fake_000724.jpg,1.0,0.9957855343818665,1
/media/D1/ait_users/staff122/deepfake_project/outputs_deepfake_project/dfdc_subset_77_jpg/test/fake/fake_000725.jpg,1.0,0.777794361114502,1
/media/D1/ait_users/staff122/deepfake_project/outputs_deepfake_project/dfdc_subset_77_jpg/test/fake/fake_000726.jpg,1.0,0.6571708917617798,1
/media/D1/ait_users/staff122/deepfake_project/outputs_deepfake_project/dfdc_subset_77_jpg/test/fake/fake_000727.jpg,1.0,0.7105225324630737,1
/media/D1/ait_users/staff122/deepfake_project/outputs_deepfake_project/dfdc_subset_77_jpg/test/fake/fake_000728.jpg,1.0,0.6814605593681335,1
/media/D1/ait_users/staff122/deepfake_project/outputs_deepfake_project/dfdc_subset_77_jpg/test/fake/fake_000729.jpg,1.0,0.9927460551261902,1
/media/D1/ait_users/staff122/deepfake_project/outputs_deepfake_project/dfdc_subset_77_jpg/test/fake/fake_000730.jpg,1.0,0.940752387046814,1
/media/D1/ait_users/staff122/deepfake_project/outputs_deepfake_project/dfdc_subset_77_jpg/test/fake/fake_000731.jpg,1.0,0.886642575263977,1
/media/D1/ait_users/staff122/deepfake_project/outputs_deepfake_project/dfdc_subset_77_jpg/test/fake/fake_000732.jpg,1.0,0.992853581905365,1
/media/D1/ait_users/staff122/deepfake_project/outputs_deepfake_project/dfdc_subset_77_jpg/test/fake/fake_000733.jpg,1.0,0.3522786796092987,0
/media/D1/ait_users/staff122/deepfake_project/outputs_deepfake_project/dfdc_subset_77_jpg/test/fake/fake_000734.jpg,1.0,0.8193603754043579,1
/media/D1/ait_users/staff122/deepfake_project/outputs_deepfake_project/dfdc_subset_77_jpg/test/fake/fake_000735.jpg,1.0,0.9649909138679504,1
/media/D1/ait_users/staff122/deepfake_project/outputs_deepfake_project/dfdc_subset_77_jpg/test/fake/fake_000736.jpg,1.0,0.999970555305481,1
/media/D1/ait_users/staff122/deepfake_project/outputs_deepfake_project/dfdc_subset_77_jpg/test/fake/fake_000737.jpg,1.0,0.9999631643295288,1
/media/D1/ait_users/staff122/deepfake_project/outputs_deepfake_project/dfdc_subset_77_jpg/test/fake/fake_000738.jpg,1.0,0.9999890327453613,1
/media/D1/ait_users/staff122/deepfake_project/outputs_deepfake_project/dfdc_subset_77_jpg/test/fake/fake_000739.jpg,1.0,0.9963106513023376,1
/media/D1/ait_users/staff122/deepfake_project/outputs_deepfake_project/dfdc_subset_77_jpg/test/fake/fake_000740.jpg,1.0,0.9998918771743774,1
/media/D1/ait_users/staff122/deepfake_project/outputs_deepfake_project/dfdc_subset_77_jpg/test/fake/fake_000741.jpg,1.0,0.9999573230743408,1
/media/D1/ait_users/staff122/deepfake_project/outputs_deepfake_project/dfdc_subset_77_jpg/test/fake/fake_000742.jpg,1.0,0.9999539852142334,1
/media/D1/ait_users/staff122/deepfake_project/outputs_deepfake_project/dfdc_subset_77_jpg/test/fake/fake_000743.jpg,1.0,0.9999550580978394,1
/media/D1/ait_users/staff122/deepfake_project/outputs_deepfake_project/dfdc_subset_77_jpg/test/fake/fake_000744.jpg,1.0,0.9999995231628418,1
/media/D1/ait_users/staff122/deepfake_project/outputs_deepfake_project/dfdc_subset_77_jpg/test/fake/fake_000745.jpg,1.0,0.9999994039535522,1
/media/D1/ait_users/staff122/deepfake_project/outputs_deepfake_project/dfdc_subset_77_jpg/test/fake/fake_000746.jpg,1.0,0.9999963045120239,1
/media/D1/ait_users/staff122/deepfake_project/outputs_deepfake_project/dfdc_subset_77_jpg/test/fake/fake_000747.jpg,1.0,0.9999991655349731,1
/media/D1/ait_users/staff122/deepfake_project/outputs_deepfake_project/dfdc_subset_77_jpg/test/fake/fake_000748.jpg,1.0,0.9731515049934387,1
/media/D1/ait_users/staff122/deepfake_project/outputs_deepfake_project/dfdc_subset_77_jpg/test/fake/fake_000749.jpg,1.0,0.9999905824661255,1
/media/D1/ait_users/staff122/deepfake_project/outputs_deepfake_project/dfdc_subset_77_jpg/test/fake/fake_000750.jpg,1.0,0.9999982118606567,1
/media/D1/ait_users/staff122/deepfake_project/outputs_deepfake_project/dfdc_subset_77_jpg/test/fake/fake_000751.jpg,1.0,1.0,1
/media/D1/ait_users/staff122/deepfake_project/outputs_deepfake_project/dfdc_subset_77_jpg/test/fake/fake_000752.jpg,1.0,0.9999998807907104,1
/media/D1/ait_users/staff122/deepfake_project/outputs_deepfake_project/dfdc_subset_77_jpg/test/fake/fake_000753.jpg,1.0,0.9999997615814209,1
/media/D1/ait_users/staff122/deepfake_project/outputs_deepfake_project/dfdc_subset_77_jpg/test/fake/fake_000754.jpg,1.0,0.9999744892120361,1
/media/D1/ait_users/staff122/deepfake_project/outputs_deepfake_project/dfdc_subset_77_jpg/test/fake/fake_000755.jpg,1.0,0.008804315701127052,0
/media/D1/ait_users/staff122/deepfake_project/outputs_deepfake_project/dfdc_subset_77_jpg/test/fake/fake_000756.jpg,1.0,0.9965941309928894,1
/media/D1/ait_users/staff122/deepfake_project/outputs_deepfake_project/dfdc_subset_77_jpg/test/fake/fake_000757.jpg,1.0,0.9922274351119995,1
/media/D1/ait_users/staff122/deepfake_project/outputs_deepfake_project/dfdc_subset_77_jpg/test/fake/fake_000758.jpg,1.0,0.999909520149231,1
/media/D1/ait_users/staff122/deepfake_project/outputs_deepfake_project/dfdc_subset_77_jpg/test/fake/fake_000759.jpg,1.0,0.5759516358375549,1
/media/D1/ait_users/staff122/deepfake_project/outputs_deepfake_project/dfdc_subset_77_jpg/test/fake/fake_000760.jpg,1.0,0.9999575614929199,1
/media/D1/ait_users/staff122/deepfake_project/outputs_deepfake_project/dfdc_subset_77_jpg/test/fake/fake_000761.jpg,1.0,0.9997803568840027,1
/media/D1/ait_users/staff122/deepfake_project/outputs_deepfake_project/dfdc_subset_77_jpg/test/fake/fake_000762.jpg,1.0,0.999880313873291,1
/media/D1/ait_users/staff122/deepfake_project/outputs_deepfake_project/dfdc_subset_77_jpg/test/fake/fake_000763.jpg,1.0,0.9612082839012146,1
/media/D1/ait_users/staff122/deepfake_project/outputs_deepfake_project/dfdc_subset_77_jpg/test/fake/fake_000764.jpg,1.0,0.6640880703926086,1
/media/D1/ait_users/staff122/deepfake_project/outputs_deepfake_project/dfdc_subset_77_jpg/test/fake/fake_000765.jpg,1.0,0.9931663870811462,1
/media/D1/ait_users/staff122/deepfake_project/outputs_deepfake_project/dfdc_subset_77_jpg/test/fake/fake_000766.jpg,1.0,0.9999886751174927,1
/media/D1/ait_users/staff122/deepfake_project/outputs_deepfake_project/dfdc_subset_77_jpg/test/fake/fake_000767.jpg,1.0,0.99631267786026,1
/media/D1/ait_users/staff122/deepfake_project/outputs_deepfake_project/dfdc_subset_77_jpg/test/fake/fake_000768.jpg,1.0,0.6897508502006531,1
/media/D1/ait_users/staff122/deepfake_project/outputs_deepfake_project/dfdc_subset_77_jpg/test/fake/fake_000769.jpg,1.0,0.5464681386947632,1
/media/D1/ait_users/staff122/deepfake_project/outputs_deepfake_project/dfdc_subset_77_jpg/test/fake/fake_000770.jpg,1.0,0.9975820779800415,1
/media/D1/ait_users/staff122/deepfake_project/outputs_deepfake_project/dfdc_subset_77_jpg/test/fake/fake_000771.jpg,1.0,0.9698265790939331,1
/media/D1/ait_users/staff122/deepfake_project/outputs_deepfake_project/dfdc_subset_77_jpg/test/fake/fake_000772.jpg,1.0,0.9095292091369629,1
/media/D1/ait_users/staff122/deepfake_project/outputs_deepfake_project/dfdc_subset_77_jpg/test/fake/fake_000773.jpg,1.0,0.9938203692436218,1
/media/D1/ait_users/staff122/deepfake_project/outputs_deepfake_project/dfdc_subset_77_jpg/test/fake/fake_000774.jpg,1.0,0.8829782605171204,1
/media/D1/ait_users/staff122/deepfake_project/outputs_deepfake_project/dfdc_subset_77_jpg/test/fake/fake_000775.jpg,1.0,0.9310871958732605,1
/media/D1/ait_users/staff122/deepfake_project/outputs_deepfake_project/dfdc_subset_77_jpg/test/fake/fake_000776.jpg,1.0,0.9778124690055847,1
/media/D1/ait_users/staff122/deepfake_project/outputs_deepfake_project/dfdc_subset_77_jpg/test/fake/fake_000777.jpg,1.0,0.9997829794883728,1
/media/D1/ait_users/staff122/deepfake_project/outputs_deepfake_project/dfdc_subset_77_jpg/test/fake/fake_000778.jpg,1.0,0.9891691207885742,1
/media/D1/ait_users/staff122/deepfake_project/outputs_deepfake_project/dfdc_subset_77_jpg/test/fake/fake_000779.jpg,1.0,0.9664261341094971,1
/media/D1/ait_users/staff122/deepfake_project/outputs_deepfake_project/dfdc_subset_77_jpg/test/fake/fake_000780.jpg,1.0,0.9825751781463623,1
/media/D1/ait_users/staff122/deepfake_project/outputs_deepfake_project/dfdc_subset_77_jpg/test/fake/fake_000781.jpg,1.0,0.5270625948905945,1
/media/D1/ait_users/staff122/deepfake_project/outputs_deepfake_project/dfdc_subset_77_jpg/test/fake/fake_000782.jpg,1.0,0.4934256374835968,0
/media/D1/ait_users/staff122/deepfake_project/outputs_deepfake_project/dfdc_subset_77_jpg/test/fake/fake_000783.jpg,1.0,0.866067111492157,1
/media/D1/ait_users/staff122/deepfake_project/outputs_deepfake_project/dfdc_subset_77_jpg/test/fake/fake_000784.jpg,1.0,0.9852038621902466,1
/media/D1/ait_users/staff122/deepfake_project/outputs_deepfake_project/dfdc_subset_77_jpg/test/fake/fake_000785.jpg,1.0,0.9360936880111694,1
/media/D1/ait_users/staff122/deepfake_project/outputs_deepfake_project/dfdc_subset_77_jpg/test/fake/fake_000786.jpg,1.0,0.9797472953796387,1
/media/D1/ait_users/staff122/deepfake_project/outputs_deepfake_project/dfdc_subset_77_jpg/test/fake/fake_000787.jpg,1.0,0.06665549427270889,0
/media/D1/ait_users/staff122/deepfake_project/outputs_deepfake_project/dfdc_subset_77_jpg/test/fake/fake_000788.jpg,1.0,0.9909703731536865,1
/media/D1/ait_users/staff122/deepfake_project/outputs_deepfake_project/dfdc_subset_77_jpg/test/fake/fake_000789.jpg,1.0,0.9820230603218079,1
/media/D1/ait_users/staff122/deepfake_project/outputs_deepfake_project/dfdc_subset_77_jpg/test/fake/fake_000790.jpg,1.0,0.31821027398109436,0
/media/D1/ait_users/staff122/deepfake_project/outputs_deepfake_project/dfdc_subset_77_jpg/test/fake/fake_000791.jpg,1.0,0.9840763211250305,1
/media/D1/ait_users/staff122/deepfake_project/outputs_deepfake_project/dfdc_subset_77_jpg/test/fake/fake_000792.jpg,1.0,0.2549695670604706,0
/media/D1/ait_users/staff122/deepfake_project/outputs_deepfake_project/dfdc_subset_77_jpg/test/fake/fake_000793.jpg,1.0,0.6011654734611511,1
/media/D1/ait_users/staff122/deepfake_project/outputs_deepfake_project/dfdc_subset_77_jpg/test/fake/fake_000794.jpg,1.0,0.9804325103759766,1
/media/D1/ait_users/staff122/deepfake_project/outputs_deepfake_project/dfdc_subset_77_jpg/test/fake/fake_000795.jpg,1.0,0.9969480633735657,1
/media/D1/ait_users/staff122/deepfake_project/outputs_deepfake_project/dfdc_subset_77_jpg/test/fake/fake_000796.jpg,1.0,0.994155764579773,1
/media/D1/ait_users/staff122/deepfake_project/outputs_deepfake_project/dfdc_subset_77_jpg/test/fake/fake_000797.jpg,1.0,0.9886875152587891,1
/media/D1/ait_users/staff122/deepfake_project/outputs_deepfake_project/dfdc_subset_77_jpg/test/fake/fake_000798.jpg,1.0,0.6956760287284851,1
/media/D1/ait_users/staff122/deepfake_project/outputs_deepfake_project/dfdc_subset_77_jpg/test/fake/fake_000799.jpg,1.0,0.9872475862503052,1
/media/D1/ait_users/staff122/deepfake_project/outputs_deepfake_project/dfdc_subset_77_jpg/test/fake/fake_000800.jpg,1.0,0.9999991655349731,1
/media/D1/ait_users/staff122/deepfake_project/outputs_deepfake_project/dfdc_subset_77_jpg/test/fake/fake_000801.jpg,1.0,0.9999996423721313,1
/media/D1/ait_users/staff122/deepfake_project/outputs_deepfake_project/dfdc_subset_77_jpg/test/fake/fake_000802.jpg,1.0,0.99998939037323,1
/media/D1/ait_users/staff122/deepfake_project/outputs_deepfake_project/dfdc_subset_77_jpg/test/fake/fake_000803.jpg,1.0,0.9995627999305725,1
/media/D1/ait_users/staff122/deepfake_project/outputs_deepfake_project/dfdc_subset_77_jpg/test/fake/fake_000804.jpg,1.0,0.9999219179153442,1
/media/D1/ait_users/staff122/deepfake_project/outputs_deepfake_project/dfdc_subset_77_jpg/test/fake/fake_000805.jpg,1.0,0.9999737739562988,1
/media/D1/ait_users/staff122/deepfake_project/outputs_deepfake_project/dfdc_subset_77_jpg/test/fake/fake_000806.jpg,1.0,0.9999994039535522,1
/media/D1/ait_users/staff122/deepfake_project/outputs_deepfake_project/dfdc_subset_77_jpg/test/fake/fake_000807.jpg,1.0,0.9999998807907104,1
/media/D1/ait_users/staff122/deepfake_project/outputs_deepfake_project/dfdc_subset_77_jpg/test/fake/fake_000808.jpg,1.0,0.9999996423721313,1
/media/D1/ait_users/staff122/deepfake_project/outputs_deepfake_project/dfdc_subset_77_jpg/test/fake/fake_000809.jpg,1.0,0.9999241828918457,1
/media/D1/ait_users/staff122/deepfake_project/outputs_deepfake_project/dfdc_subset_77_jpg/test/fake/fake_000810.jpg,1.0,0.9999974966049194,1
/media/D1/ait_users/staff122/deepfake_project/outputs_deepfake_project/dfdc_subset_77_jpg/test/fake/fake_000811.jpg,1.0,0.9999978542327881,1
/media/D1/ait_users/staff122/deepfake_project/outputs_deepfake_project/dfdc_subset_77_jpg/test/fake/fake_000812.jpg,1.0,0.9999781847000122,1
/media/D1/ait_users/staff122/deepfake_project/outputs_deepfake_project/dfdc_subset_77_jpg/test/fake/fake_000813.jpg,1.0,0.9999929666519165,1
/media/D1/ait_users/staff122/deepfake_project/outputs_deepfake_project/dfdc_subset_77_jpg/test/fake/fake_000814.jpg,1.0,0.999985933303833,1
/media/D1/ait_users/staff122/deepfake_project/outputs_deepfake_project/dfdc_subset_77_jpg/test/fake/fake_000815.jpg,1.0,0.9999960660934448,1
/media/D1/ait_users/staff122/deepfake_project/outputs_deepfake_project/dfdc_subset_77_jpg/test/fake/fake_000816.jpg,1.0,0.9999939203262329,1
/media/D1/ait_users/staff122/deepfake_project/outputs_deepfake_project/dfdc_subset_77_jpg/test/fake/fake_000817.jpg,1.0,0.9998210072517395,1
/media/D1/ait_users/staff122/deepfake_project/outputs_deepfake_project/dfdc_subset_77_jpg/test/fake/fake_000818.jpg,1.0,0.9999666213989258,1
/media/D1/ait_users/staff122/deepfake_project/outputs_deepfake_project/dfdc_subset_77_jpg/test/fake/fake_000819.jpg,1.0,0.9999957084655762,1
/media/D1/ait_users/staff122/deepfake_project/outputs_deepfake_project/dfdc_subset_77_jpg/test/fake/fake_000820.jpg,1.0,0.9999994039535522,1
/media/D1/ait_users/staff122/deepfake_project/outputs_deepfake_project/dfdc_subset_77_jpg/test/fake/fake_000821.jpg,1.0,0.9999995231628418,1
/media/D1/ait_users/staff122/deepfake_project/outputs_deepfake_project/dfdc_subset_77_jpg/test/fake/fake_000822.jpg,1.0,0.9999905824661255,1
/media/D1/ait_users/staff122/deepfake_project/outputs_deepfake_project/dfdc_subset_77_jpg/test/fake/fake_000823.jpg,1.0,0.9999914169311523,1
/media/D1/ait_users/staff122/deepfake_project/outputs_deepfake_project/dfdc_subset_77_jpg/test/fake/fake_000824.jpg,1.0,0.9999886751174927,1
/media/D1/ait_users/staff122/deepfake_project/outputs_deepfake_project/dfdc_subset_77_jpg/test/fake/fake_000825.jpg,1.0,0.9999899864196777,1
/media/D1/ait_users/staff122/deepfake_project/outputs_deepfake_project/dfdc_subset_77_jpg/test/fake/fake_000826.jpg,1.0,0.9999942779541016,1
/media/D1/ait_users/staff122/deepfake_project/outputs_deepfake_project/dfdc_subset_77_jpg/test/fake/fake_000827.jpg,1.0,0.9999885559082031,1
/media/D1/ait_users/staff122/deepfake_project/outputs_deepfake_project/dfdc_subset_77_jpg/test/fake/fake_000828.jpg,1.0,0.9999983310699463,1
/media/D1/ait_users/staff122/deepfake_project/outputs_deepfake_project/dfdc_subset_77_jpg/test/fake/fake_000829.jpg,1.0,0.999998927116394,1
/media/D1/ait_users/staff122/deepfake_project/outputs_deepfake_project/dfdc_subset_77_jpg/test/fake/fake_000830.jpg,1.0,0.9999880790710449,1
/media/D1/ait_users/staff122/deepfake_project/outputs_deepfake_project/dfdc_subset_77_jpg/test/fake/fake_000831.jpg,1.0,0.9999994039535522,1
/media/D1/ait_users/staff122/deepfake_project/outputs_deepfake_project/dfdc_subset_77_jpg/test/fake/fake_000832.jpg,1.0,0.0001591361651662737,0
/media/D1/ait_users/staff122/deepfake_project/outputs_deepfake_project/dfdc_subset_77_jpg/test/fake/fake_000833.jpg,1.0,0.0005660625756718218,0
/media/D1/ait_users/staff122/deepfake_project/outputs_deepfake_project/dfdc_subset_77_jpg/test/fake/fake_000834.jpg,1.0,0.01267346739768982,0
/media/D1/ait_users/staff122/deepfake_project/outputs_deepfake_project/dfdc_subset_77_jpg/test/fake/fake_000835.jpg,1.0,0.001176192774437368,0
/media/D1/ait_users/staff122/deepfake_project/outputs_deepfake_project/dfdc_subset_77_jpg/test/fake/fake_000836.jpg,1.0,0.007688430137932301,0
/media/D1/ait_users/staff122/deepfake_project/outputs_deepfake_project/dfdc_subset_77_jpg/test/fake/fake_000837.jpg,1.0,0.0008522397256456316,0
/media/D1/ait_users/staff122/deepfake_project/outputs_deepfake_project/dfdc_subset_77_jpg/test/fake/fake_000838.jpg,1.0,0.00572133157402277,0
/media/D1/ait_users/staff122/deepfake_project/outputs_deepfake_project/dfdc_subset_77_jpg/test/fake/fake_000839.jpg,1.0,0.00037270112079568207,0
/media/D1/ait_users/staff122/deepfake_project/outputs_deepfake_project/dfdc_subset_77_jpg/test/fake/fake_000840.jpg,1.0,0.0032381308265030384,0
/media/D1/ait_users/staff122/deepfake_project/outputs_deepfake_project/dfdc_subset_77_jpg/test/fake/fake_000841.jpg,1.0,0.0016716954996809363,0
/media/D1/ait_users/staff122/deepfake_project/outputs_deepfake_project/dfdc_subset_77_jpg/test/fake/fake_000842.jpg,1.0,0.001127519179135561,0
/media/D1/ait_users/staff122/deepfake_project/outputs_deepfake_project/dfdc_subset_77_jpg/test/fake/fake_000843.jpg,1.0,0.03225570172071457,0
/media/D1/ait_users/staff122/deepfake_project/outputs_deepfake_project/dfdc_subset_77_jpg/test/fake/fake_000844.jpg,1.0,0.03422538936138153,0
/media/D1/ait_users/staff122/deepfake_project/outputs_deepfake_project/dfdc_subset_77_jpg/test/fake/fake_000845.jpg,1.0,0.0008567520417273045,0
/media/D1/ait_users/staff122/deepfake_project/outputs_deepfake_project/dfdc_subset_77_jpg/test/fake/fake_000846.jpg,1.0,0.06355354189872742,0
/media/D1/ait_users/staff122/deepfake_project/outputs_deepfake_project/dfdc_subset_77_jpg/test/fake/fake_000847.jpg,1.0,0.0005979402922093868,0
/media/D1/ait_users/staff122/deepfake_project/outputs_deepfake_project/dfdc_subset_77_jpg/test/fake/fake_000848.jpg,1.0,0.0023184127639979124,0
/media/D1/ait_users/staff122/deepfake_project/outputs_deepfake_project/dfdc_subset_77_jpg/test/fake/fake_000849.jpg,1.0,0.019807033240795135,0
/media/D1/ait_users/staff122/deepfake_project/outputs_deepfake_project/dfdc_subset_77_jpg/test/fake/fake_000850.jpg,1.0,0.07752463221549988,0
/media/D1/ait_users/staff122/deepfake_project/outputs_deepfake_project/dfdc_subset_77_jpg/test/fake/fake_000851.jpg,1.0,0.09568207710981369,0
/media/D1/ait_users/staff122/deepfake_project/outputs_deepfake_project/dfdc_subset_77_jpg/test/fake/fake_000852.jpg,1.0,0.0016608854057267308,0
/media/D1/ait_users/staff122/deepfake_project/outputs_deepfake_project/dfdc_subset_77_jpg/test/fake/fake_000853.jpg,1.0,0.00048603411414660513,0
/media/D1/ait_users/staff122/deepfake_project/outputs_deepfake_project/dfdc_subset_77_jpg/test/fake/fake_000854.jpg,1.0,0.055170197039842606,0
/media/D1/ait_users/staff122/deepfake_project/outputs_deepfake_project/dfdc_subset_77_jpg/test/fake/fake_000855.jpg,1.0,0.11161665618419647,0
/media/D1/ait_users/staff122/deepfake_project/outputs_deepfake_project/dfdc_subset_77_jpg/test/fake/fake_000856.jpg,1.0,0.14024044573307037,0
/media/D1/ait_users/staff122/deepfake_project/outputs_deepfake_project/dfdc_subset_77_jpg/test/fake/fake_000857.jpg,1.0,0.09551680833101273,0
/media/D1/ait_users/staff122/deepfake_project/outputs_deepfake_project/dfdc_subset_77_jpg/test/fake/fake_000858.jpg,1.0,0.0029917818028479815,0
/media/D1/ait_users/staff122/deepfake_project/outputs_deepfake_project/dfdc_subset_77_jpg/test/fake/fake_000859.jpg,1.0,0.0010121261002495885,0
/media/D1/ait_users/staff122/deepfake_project/outputs_deepfake_project/dfdc_subset_77_jpg/test/fake/fake_000860.jpg,1.0,0.00022931989224161953,0
/media/D1/ait_users/staff122/deepfake_project/outputs_deepfake_project/dfdc_subset_77_jpg/test/fake/fake_000861.jpg,1.0,0.001687414012849331,0
/media/D1/ait_users/staff122/deepfake_project/outputs_deepfake_project/dfdc_subset_77_jpg/test/fake/fake_000862.jpg,1.0,0.04421895742416382,0
/media/D1/ait_users/staff122/deepfake_project/outputs_deepfake_project/dfdc_subset_77_jpg/test/fake/fake_000863.jpg,1.0,0.021550361067056656,0
/media/D1/ait_users/staff122/deepfake_project/outputs_deepfake_project/dfdc_subset_77_jpg/test/fake/fake_000864.jpg,1.0,0.9999414682388306,1
/media/D1/ait_users/staff122/deepfake_project/outputs_deepfake_project/dfdc_subset_77_jpg/test/fake/fake_000865.jpg,1.0,0.9998102784156799,1
/media/D1/ait_users/staff122/deepfake_project/outputs_deepfake_project/dfdc_subset_77_jpg/test/fake/fake_000866.jpg,1.0,0.9999275207519531,1
/media/D1/ait_users/staff122/deepfake_project/outputs_deepfake_project/dfdc_subset_77_jpg/test/fake/fake_000867.jpg,1.0,0.9996911287307739,1
/media/D1/ait_users/staff122/deepfake_project/outputs_deepfake_project/dfdc_subset_77_jpg/test/fake/fake_000868.jpg,1.0,0.692024290561676,1
/media/D1/ait_users/staff122/deepfake_project/outputs_deepfake_project/dfdc_subset_77_jpg/test/fake/fake_000869.jpg,1.0,0.9997183680534363,1
/media/D1/ait_users/staff122/deepfake_project/outputs_deepfake_project/dfdc_subset_77_jpg/test/fake/fake_000870.jpg,1.0,0.9999958276748657,1
/media/D1/ait_users/staff122/deepfake_project/outputs_deepfake_project/dfdc_subset_77_jpg/test/fake/fake_000871.jpg,1.0,0.9999892711639404,1
/media/D1/ait_users/staff122/deepfake_project/outputs_deepfake_project/dfdc_subset_77_jpg/test/fake/fake_000872.jpg,1.0,0.9476481676101685,1
/media/D1/ait_users/staff122/deepfake_project/outputs_deepfake_project/dfdc_subset_77_jpg/test/fake/fake_000873.jpg,1.0,0.936835765838623,1
/media/D1/ait_users/staff122/deepfake_project/outputs_deepfake_project/dfdc_subset_77_jpg/test/fake/fake_000874.jpg,1.0,0.211757093667984,0
/media/D1/ait_users/staff122/deepfake_project/outputs_deepfake_project/dfdc_subset_77_jpg/test/fake/fake_000875.jpg,1.0,0.8326329588890076,1
/media/D1/ait_users/staff122/deepfake_project/outputs_deepfake_project/dfdc_subset_77_jpg/test/fake/fake_000876.jpg,1.0,0.8035990595817566,1
/media/D1/ait_users/staff122/deepfake_project/outputs_deepfake_project/dfdc_subset_77_jpg/test/fake/fake_000877.jpg,1.0,0.9999194145202637,1
/media/D1/ait_users/staff122/deepfake_project/outputs_deepfake_project/dfdc_subset_77_jpg/test/fake/fake_000878.jpg,1.0,0.9995098114013672,1
/media/D1/ait_users/staff122/deepfake_project/outputs_deepfake_project/dfdc_subset_77_jpg/test/fake/fake_000879.jpg,1.0,0.9998931884765625,1
/media/D1/ait_users/staff122/deepfake_project/outputs_deepfake_project/dfdc_subset_77_jpg/test/fake/fake_000880.jpg,1.0,0.8947934508323669,1
/media/D1/ait_users/staff122/deepfake_project/outputs_deepfake_project/dfdc_subset_77_jpg/test/fake/fake_000881.jpg,1.0,0.7632546424865723,1
/media/D1/ait_users/staff122/deepfake_project/outputs_deepfake_project/dfdc_subset_77_jpg/test/fake/fake_000882.jpg,1.0,0.9847446084022522,1
/media/D1/ait_users/staff122/deepfake_project/outputs_deepfake_project/dfdc_subset_77_jpg/test/fake/fake_000883.jpg,1.0,0.31173521280288696,0
/media/D1/ait_users/staff122/deepfake_project/outputs_deepfake_project/dfdc_subset_77_jpg/test/fake/fake_000884.jpg,1.0,0.22026242315769196,0
/media/D1/ait_users/staff122/deepfake_project/outputs_deepfake_project/dfdc_subset_77_jpg/test/fake/fake_000885.jpg,1.0,0.14410069584846497,0
/media/D1/ait_users/staff122/deepfake_project/outputs_deepfake_project/dfdc_subset_77_jpg/test/fake/fake_000886.jpg,1.0,0.9974285960197449,1
/media/D1/ait_users/staff122/deepfake_project/outputs_deepfake_project/dfdc_subset_77_jpg/test/fake/fake_000887.jpg,1.0,0.9999715089797974,1
/media/D1/ait_users/staff122/deepfake_project/outputs_deepfake_project/dfdc_subset_77_jpg/test/fake/fake_000888.jpg,1.0,0.3672180771827698,0
/media/D1/ait_users/staff122/deepfake_project/outputs_deepfake_project/dfdc_subset_77_jpg/test/fake/fake_000889.jpg,1.0,0.9999558925628662,1
/media/D1/ait_users/staff122/deepfake_project/outputs_deepfake_project/dfdc_subset_77_jpg/test/fake/fake_000890.jpg,1.0,0.5739966630935669,1
/media/D1/ait_users/staff122/deepfake_project/outputs_deepfake_project/dfdc_subset_77_jpg/test/fake/fake_000891.jpg,1.0,0.8774006962776184,1
/media/D1/ait_users/staff122/deepfake_project/outputs_deepfake_project/dfdc_subset_77_jpg/test/fake/fake_000892.jpg,1.0,0.9999700784683228,1
/media/D1/ait_users/staff122/deepfake_project/outputs_deepfake_project/dfdc_subset_77_jpg/test/fake/fake_000893.jpg,1.0,0.947096586227417,1
/media/D1/ait_users/staff122/deepfake_project/outputs_deepfake_project/dfdc_subset_77_jpg/test/fake/fake_000894.jpg,1.0,0.9668102264404297,1
/media/D1/ait_users/staff122/deepfake_project/outputs_deepfake_project/dfdc_subset_77_jpg/test/fake/fake_000895.jpg,1.0,0.9991925358772278,1
/media/D1/ait_users/staff122/deepfake_project/outputs_deepfake_project/dfdc_subset_77_jpg/test/fake/fake_000896.jpg,1.0,0.010385069996118546,0
/media/D1/ait_users/staff122/deepfake_project/outputs_deepfake_project/dfdc_subset_77_jpg/test/fake/fake_000897.jpg,1.0,0.5396302342414856,1
/media/D1/ait_users/staff122/deepfake_project/outputs_deepfake_project/dfdc_subset_77_jpg/test/fake/fake_000898.jpg,1.0,0.0011364141246303916,0
/media/D1/ait_users/staff122/deepfake_project/outputs_deepfake_project/dfdc_subset_77_jpg/test/fake/fake_000899.jpg,1.0,0.00023374080774374306,0
/media/D1/ait_users/staff122/deepfake_project/outputs_deepfake_project/dfdc_subset_77_jpg/test/fake/fake_000900.jpg,1.0,0.14460882544517517,0
/media/D1/ait_users/staff122/deepfake_project/outputs_deepfake_project/dfdc_subset_77_jpg/test/fake/fake_000901.jpg,1.0,0.815723717212677,1
/media/D1/ait_users/staff122/deepfake_project/outputs_deepfake_project/dfdc_subset_77_jpg/test/fake/fake_000902.jpg,1.0,0.20921142399311066,0
/media/D1/ait_users/staff122/deepfake_project/outputs_deepfake_project/dfdc_subset_77_jpg/test/fake/fake_000903.jpg,1.0,0.0001153994380729273,0
/media/D1/ait_users/staff122/deepfake_project/outputs_deepfake_project/dfdc_subset_77_jpg/test/fake/fake_000904.jpg,1.0,0.9151990413665771,1
/media/D1/ait_users/staff122/deepfake_project/outputs_deepfake_project/dfdc_subset_77_jpg/test/fake/fake_000905.jpg,1.0,0.1854720264673233,0
/media/D1/ait_users/staff122/deepfake_project/outputs_deepfake_project/dfdc_subset_77_jpg/test/fake/fake_000906.jpg,1.0,0.18507741391658783,0
/media/D1/ait_users/staff122/deepfake_project/outputs_deepfake_project/dfdc_subset_77_jpg/test/fake/fake_000907.jpg,1.0,0.3537430465221405,0
/media/D1/ait_users/staff122/deepfake_project/outputs_deepfake_project/dfdc_subset_77_jpg/test/fake/fake_000908.jpg,1.0,0.006934522185474634,0
/media/D1/ait_users/staff122/deepfake_project/outputs_deepfake_project/dfdc_subset_77_jpg/test/fake/fake_000909.jpg,1.0,0.11611779779195786,0
/media/D1/ait_users/staff122/deepfake_project/outputs_deepfake_project/dfdc_subset_77_jpg/test/fake/fake_000910.jpg,1.0,0.04968368634581566,0
/media/D1/ait_users/staff122/deepfake_project/outputs_deepfake_project/dfdc_subset_77_jpg/test/fake/fake_000911.jpg,1.0,0.6139556765556335,1
/media/D1/ait_users/staff122/deepfake_project/outputs_deepfake_project/dfdc_subset_77_jpg/test/fake/fake_000912.jpg,1.0,0.02389691397547722,0
/media/D1/ait_users/staff122/deepfake_project/outputs_deepfake_project/dfdc_subset_77_jpg/test/fake/fake_000913.jpg,1.0,0.7973938584327698,1
/media/D1/ait_users/staff122/deepfake_project/outputs_deepfake_project/dfdc_subset_77_jpg/test/fake/fake_000914.jpg,1.0,0.00015214149607345462,0
/media/D1/ait_users/staff122/deepfake_project/outputs_deepfake_project/dfdc_subset_77_jpg/test/fake/fake_000915.jpg,1.0,0.0021018933039158583,0
/media/D1/ait_users/staff122/deepfake_project/outputs_deepfake_project/dfdc_subset_77_jpg/test/fake/fake_000916.jpg,1.0,0.0005059738177806139,0
/media/D1/ait_users/staff122/deepfake_project/outputs_deepfake_project/dfdc_subset_77_jpg/test/fake/fake_000917.jpg,1.0,0.0010855585569515824,0
/media/D1/ait_users/staff122/deepfake_project/outputs_deepfake_project/dfdc_subset_77_jpg/test/fake/fake_000918.jpg,1.0,0.006050105206668377,0
/media/D1/ait_users/staff122/deepfake_project/outputs_deepfake_project/dfdc_subset_77_jpg/test/fake/fake_000919.jpg,1.0,0.003259978722780943,0
/media/D1/ait_users/staff122/deepfake_project/outputs_deepfake_project/dfdc_subset_77_jpg/test/fake/fake_000920.jpg,1.0,0.031488265842199326,0
/media/D1/ait_users/staff122/deepfake_project/outputs_deepfake_project/dfdc_subset_77_jpg/test/fake/fake_000921.jpg,1.0,0.00011412728781579062,0
/media/D1/ait_users/staff122/deepfake_project/outputs_deepfake_project/dfdc_subset_77_jpg/test/fake/fake_000922.jpg,1.0,8.273413550341502e-05,0
/media/D1/ait_users/staff122/deepfake_project/outputs_deepfake_project/dfdc_subset_77_jpg/test/fake/fake_000923.jpg,1.0,4.857439489569515e-05,0
/media/D1/ait_users/staff122/deepfake_project/outputs_deepfake_project/dfdc_subset_77_jpg/test/fake/fake_000924.jpg,1.0,0.1100122258067131,0
/media/D1/ait_users/staff122/deepfake_project/outputs_deepfake_project/dfdc_subset_77_jpg/test/fake/fake_000925.jpg,1.0,0.0004210100451018661,0
/media/D1/ait_users/staff122/deepfake_project/outputs_deepfake_project/dfdc_subset_77_jpg/test/fake/fake_000926.jpg,1.0,0.0015997187001630664,0
/media/D1/ait_users/staff122/deepfake_project/outputs_deepfake_project/dfdc_subset_77_jpg/test/fake/fake_000927.jpg,1.0,0.00031748367473483086,0
/media/D1/ait_users/staff122/deepfake_project/outputs_deepfake_project/dfdc_subset_77_jpg/test/fake/fake_000928.jpg,1.0,0.4313865005970001,0
/media/D1/ait_users/staff122/deepfake_project/outputs_deepfake_project/dfdc_subset_77_jpg/test/fake/fake_000929.jpg,1.0,0.6758714914321899,1
/media/D1/ait_users/staff122/deepfake_project/outputs_deepfake_project/dfdc_subset_77_jpg/test/fake/fake_000930.jpg,1.0,0.47813233733177185,0
/media/D1/ait_users/staff122/deepfake_project/outputs_deepfake_project/dfdc_subset_77_jpg/test/fake/fake_000931.jpg,1.0,0.9207263588905334,1
/media/D1/ait_users/staff122/deepfake_project/outputs_deepfake_project/dfdc_subset_77_jpg/test/fake/fake_000932.jpg,1.0,0.7792811989784241,1
/media/D1/ait_users/staff122/deepfake_project/outputs_deepfake_project/dfdc_subset_77_jpg/test/fake/fake_000933.jpg,1.0,0.5731638073921204,1
/media/D1/ait_users/staff122/deepfake_project/outputs_deepfake_project/dfdc_subset_77_jpg/test/fake/fake_000934.jpg,1.0,0.8320482969284058,1
/media/D1/ait_users/staff122/deepfake_project/outputs_deepfake_project/dfdc_subset_77_jpg/test/fake/fake_000935.jpg,1.0,0.7080483436584473,1
/media/D1/ait_users/staff122/deepfake_project/outputs_deepfake_project/dfdc_subset_77_jpg/test/fake/fake_000936.jpg,1.0,0.5389724373817444,1
/media/D1/ait_users/staff122/deepfake_project/outputs_deepfake_project/dfdc_subset_77_jpg/test/fake/fake_000937.jpg,1.0,0.8327587842941284,1
/media/D1/ait_users/staff122/deepfake_project/outputs_deepfake_project/dfdc_subset_77_jpg/test/fake/fake_000938.jpg,1.0,0.6225143074989319,1
/media/D1/ait_users/staff122/deepfake_project/outputs_deepfake_project/dfdc_subset_77_jpg/test/fake/fake_000939.jpg,1.0,0.8525564074516296,1
/media/D1/ait_users/staff122/deepfake_project/outputs_deepfake_project/dfdc_subset_77_jpg/test/fake/fake_000940.jpg,1.0,0.9971729516983032,1
/media/D1/ait_users/staff122/deepfake_project/outputs_deepfake_project/dfdc_subset_77_jpg/test/fake/fake_000941.jpg,1.0,0.9981860518455505,1
/media/D1/ait_users/staff122/deepfake_project/outputs_deepfake_project/dfdc_subset_77_jpg/test/fake/fake_000942.jpg,1.0,0.978029191493988,1
/media/D1/ait_users/staff122/deepfake_project/outputs_deepfake_project/dfdc_subset_77_jpg/test/fake/fake_000943.jpg,1.0,0.7775644659996033,1
/media/D1/ait_users/staff122/deepfake_project/outputs_deepfake_project/dfdc_subset_77_jpg/test/fake/fake_000944.jpg,1.0,0.9979696869850159,1
/media/D1/ait_users/staff122/deepfake_project/outputs_deepfake_project/dfdc_subset_77_jpg/test/fake/fake_000945.jpg,1.0,0.9985059499740601,1
/media/D1/ait_users/staff122/deepfake_project/outputs_deepfake_project/dfdc_subset_77_jpg/test/fake/fake_000946.jpg,1.0,0.9996705055236816,1
/media/D1/ait_users/staff122/deepfake_project/outputs_deepfake_project/dfdc_subset_77_jpg/test/fake/fake_000947.jpg,1.0,0.9955005049705505,1
/media/D1/ait_users/staff122/deepfake_project/outputs_deepfake_project/dfdc_subset_77_jpg/test/fake/fake_000948.jpg,1.0,0.9957350492477417,1
/media/D1/ait_users/staff122/deepfake_project/outputs_deepfake_project/dfdc_subset_77_jpg/test/fake/fake_000949.jpg,1.0,0.9988155364990234,1
/media/D1/ait_users/staff122/deepfake_project/outputs_deepfake_project/dfdc_subset_77_jpg/test/fake/fake_000950.jpg,1.0,0.9983280301094055,1
/media/D1/ait_users/staff122/deepfake_project/outputs_deepfake_project/dfdc_subset_77_jpg/test/fake/fake_000951.jpg,1.0,0.9996579885482788,1
/media/D1/ait_users/staff122/deepfake_project/outputs_deepfake_project/dfdc_subset_77_jpg/test/fake/fake_000952.jpg,1.0,0.9971997737884521,1
/media/D1/ait_users/staff122/deepfake_project/outputs_deepfake_project/dfdc_subset_77_jpg/test/fake/fake_000953.jpg,1.0,0.9962129592895508,1
/media/D1/ait_users/staff122/deepfake_project/outputs_deepfake_project/dfdc_subset_77_jpg/test/fake/fake_000954.jpg,1.0,0.9972348809242249,1
/media/D1/ait_users/staff122/deepfake_project/outputs_deepfake_project/dfdc_subset_77_jpg/test/fake/fake_000955.jpg,1.0,0.9995074272155762,1
/media/D1/ait_users/staff122/deepfake_project/outputs_deepfake_project/dfdc_subset_77_jpg/test/fake/fake_000956.jpg,1.0,0.9988683462142944,1
/media/D1/ait_users/staff122/deepfake_project/outputs_deepfake_project/dfdc_subset_77_jpg/test/fake/fake_000957.jpg,1.0,0.9793148040771484,1
/media/D1/ait_users/staff122/deepfake_project/outputs_deepfake_project/dfdc_subset_77_jpg/test/fake/fake_000958.jpg,1.0,0.9986162185668945,1
/media/D1/ait_users/staff122/deepfake_project/outputs_deepfake_project/dfdc_subset_77_jpg/test/fake/fake_000959.jpg,1.0,0.9997610449790955,1
/media/D1/ait_users/staff122/deepfake_project/outputs_deepfake_project/dfdc_subset_77_jpg/test/fake/fake_000960.jpg,1.0,4.525276744971052e-05,0
/media/D1/ait_users/staff122/deepfake_project/outputs_deepfake_project/dfdc_subset_77_jpg/test/fake/fake_000961.jpg,1.0,0.00023594901722390205,0
/media/D1/ait_users/staff122/deepfake_project/outputs_deepfake_project/dfdc_subset_77_jpg/test/fake/fake_000962.jpg,1.0,0.00374798895791173,0
/media/D1/ait_users/staff122/deepfake_project/outputs_deepfake_project/dfdc_subset_77_jpg/test/fake/fake_000963.jpg,1.0,0.0022850860841572285,0
/media/D1/ait_users/staff122/deepfake_project/outputs_deepfake_project/dfdc_subset_77_jpg/test/fake/fake_000964.jpg,1.0,0.005640474613755941,0
/media/D1/ait_users/staff122/deepfake_project/outputs_deepfake_project/dfdc_subset_77_jpg/test/fake/fake_000965.jpg,1.0,0.00042057959944941103,0
/media/D1/ait_users/staff122/deepfake_project/outputs_deepfake_project/dfdc_subset_77_jpg/test/fake/fake_000966.jpg,1.0,0.03592465817928314,0
/media/D1/ait_users/staff122/deepfake_project/outputs_deepfake_project/dfdc_subset_77_jpg/test/fake/fake_000967.jpg,1.0,0.0020621635485440493,0
/media/D1/ait_users/staff122/deepfake_project/outputs_deepfake_project/dfdc_subset_77_jpg/test/fake/fake_000968.jpg,1.0,0.000591969583183527,0
/media/D1/ait_users/staff122/deepfake_project/outputs_deepfake_project/dfdc_subset_77_jpg/test/fake/fake_000969.jpg,1.0,0.00563464779406786,0
/media/D1/ait_users/staff122/deepfake_project/outputs_deepfake_project/dfdc_subset_77_jpg/test/fake/fake_000970.jpg,1.0,0.007455197162926197,0
/media/D1/ait_users/staff122/deepfake_project/outputs_deepfake_project/dfdc_subset_77_jpg/test/fake/fake_000971.jpg,1.0,0.01293597836047411,0
/media/D1/ait_users/staff122/deepfake_project/outputs_deepfake_project/dfdc_subset_77_jpg/test/fake/fake_000972.jpg,1.0,0.013799835927784443,0
/media/D1/ait_users/staff122/deepfake_project/outputs_deepfake_project/dfdc_subset_77_jpg/test/fake/fake_000973.jpg,1.0,0.0008556405082345009,0
/media/D1/ait_users/staff122/deepfake_project/outputs_deepfake_project/dfdc_subset_77_jpg/test/fake/fake_000974.jpg,1.0,0.15518222749233246,0
/media/D1/ait_users/staff122/deepfake_project/outputs_deepfake_project/dfdc_subset_77_jpg/test/fake/fake_000975.jpg,1.0,0.004058454651385546,0
/media/D1/ait_users/staff122/deepfake_project/outputs_deepfake_project/dfdc_subset_77_jpg/test/fake/fake_000976.jpg,1.0,0.0637408122420311,0
/media/D1/ait_users/staff122/deepfake_project/outputs_deepfake_project/dfdc_subset_77_jpg/test/fake/fake_000977.jpg,1.0,0.0682297796010971,0
/media/D1/ait_users/staff122/deepfake_project/outputs_deepfake_project/dfdc_subset_77_jpg/test/fake/fake_000978.jpg,1.0,0.526954174041748,1
/media/D1/ait_users/staff122/deepfake_project/outputs_deepfake_project/dfdc_subset_77_jpg/test/fake/fake_000979.jpg,1.0,0.06923831254243851,0
/media/D1/ait_users/staff122/deepfake_project/outputs_deepfake_project/dfdc_subset_77_jpg/test/fake/fake_000980.jpg,1.0,0.01916317641735077,0
/media/D1/ait_users/staff122/deepfake_project/outputs_deepfake_project/dfdc_subset_77_jpg/test/fake/fake_000981.jpg,1.0,0.0208181943744421,0
/media/D1/ait_users/staff122/deepfake_project/outputs_deepfake_project/dfdc_subset_77_jpg/test/fake/fake_000982.jpg,1.0,0.589317798614502,1
/media/D1/ait_users/staff122/deepfake_project/outputs_deepfake_project/dfdc_subset_77_jpg/test/fake/fake_000983.jpg,1.0,0.05874752998352051,0
/media/D1/ait_users/staff122/deepfake_project/outputs_deepfake_project/dfdc_subset_77_jpg/test/fake/fake_000984.jpg,1.0,0.487591952085495,0
/media/D1/ait_users/staff122/deepfake_project/outputs_deepfake_project/dfdc_subset_77_jpg/test/fake/fake_000985.jpg,1.0,0.019434835761785507,0
/media/D1/ait_users/staff122/deepfake_project/outputs_deepfake_project/dfdc_subset_77_jpg/test/fake/fake_000986.jpg,1.0,0.003461930900812149,0
/media/D1/ait_users/staff122/deepfake_project/outputs_deepfake_project/dfdc_subset_77_jpg/test/fake/fake_000987.jpg,1.0,0.003458514576777816,0
/media/D1/ait_users/staff122/deepfake_project/outputs_deepfake_project/dfdc_subset_77_jpg/test/fake/fake_000988.jpg,1.0,0.0026786380913108587,0
/media/D1/ait_users/staff122/deepfake_project/outputs_deepfake_project/dfdc_subset_77_jpg/test/fake/fake_000989.jpg,1.0,0.004146123304963112,0
/media/D1/ait_users/staff122/deepfake_project/outputs_deepfake_project/dfdc_subset_77_jpg/test/fake/fake_000990.jpg,1.0,0.0010672899661585689,0
/media/D1/ait_users/staff122/deepfake_project/outputs_deepfake_project/dfdc_subset_77_jpg/test/fake/fake_000991.jpg,1.0,0.0002821289817802608,0
/media/D1/ait_users/staff122/deepfake_project/outputs_deepfake_project/dfdc_subset_77_jpg/test/fake/fake_000992.jpg,1.0,0.999922513961792,1
/media/D1/ait_users/staff122/deepfake_project/outputs_deepfake_project/dfdc_subset_77_jpg/test/fake/fake_000993.jpg,1.0,0.9999934434890747,1
/media/D1/ait_users/staff122/deepfake_project/outputs_deepfake_project/dfdc_subset_77_jpg/test/fake/fake_000994.jpg,1.0,0.999964714050293,1
/media/D1/ait_users/staff122/deepfake_project/outputs_deepfake_project/dfdc_subset_77_jpg/test/fake/fake_000995.jpg,1.0,0.9999986886978149,1
/media/D1/ait_users/staff122/deepfake_project/outputs_deepfake_project/dfdc_subset_77_jpg/test/fake/fake_000996.jpg,1.0,0.9999911785125732,1
/media/D1/ait_users/staff122/deepfake_project/outputs_deepfake_project/dfdc_subset_77_jpg/test/fake/fake_000997.jpg,1.0,0.9999569654464722,1
/media/D1/ait_users/staff122/deepfake_project/outputs_deepfake_project/dfdc_subset_77_jpg/test/fake/fake_000998.jpg,1.0,0.9400508999824524,1
/media/D1/ait_users/staff122/deepfake_project/outputs_deepfake_project/dfdc_subset_77_jpg/test/fake/fake_000999.jpg,1.0,0.9187677502632141,1
/media/D1/ait_users/staff122/deepfake_project/outputs_deepfake_project/dfdc_subset_77_jpg/test/fake/fake_001000.jpg,1.0,0.9936209321022034,1
/media/D1/ait_users/staff122/deepfake_project/outputs_deepfake_project/dfdc_subset_77_jpg/test/fake/fake_001001.jpg,1.0,0.9999798536300659,1
/media/D1/ait_users/staff122/deepfake_project/outputs_deepfake_project/dfdc_subset_77_jpg/test/fake/fake_001002.jpg,1.0,0.9983148574829102,1
/media/D1/ait_users/staff122/deepfake_project/outputs_deepfake_project/dfdc_subset_77_jpg/test/fake/fake_001003.jpg,1.0,0.999998927116394,1
/media/D1/ait_users/staff122/deepfake_project/outputs_deepfake_project/dfdc_subset_77_jpg/test/fake/fake_001004.jpg,1.0,0.9961744546890259,1
/media/D1/ait_users/staff122/deepfake_project/outputs_deepfake_project/dfdc_subset_77_jpg/test/fake/fake_001005.jpg,1.0,0.9997454285621643,1
/media/D1/ait_users/staff122/deepfake_project/outputs_deepfake_project/dfdc_subset_77_jpg/test/fake/fake_001006.jpg,1.0,0.9913928508758545,1
/media/D1/ait_users/staff122/deepfake_project/outputs_deepfake_project/dfdc_subset_77_jpg/test/fake/fake_001007.jpg,1.0,0.34729114174842834,0
/media/D1/ait_users/staff122/deepfake_project/outputs_deepfake_project/dfdc_subset_77_jpg/test/fake/fake_001008.jpg,1.0,0.979931652545929,1
/media/D1/ait_users/staff122/deepfake_project/outputs_deepfake_project/dfdc_subset_77_jpg/test/fake/fake_001009.jpg,1.0,0.9520193338394165,1
/media/D1/ait_users/staff122/deepfake_project/outputs_deepfake_project/dfdc_subset_77_jpg/test/fake/fake_001010.jpg,1.0,0.9976119995117188,1
/media/D1/ait_users/staff122/deepfake_project/outputs_deepfake_project/dfdc_subset_77_jpg/test/fake/fake_001011.jpg,1.0,0.9984594583511353,1
/media/D1/ait_users/staff122/deepfake_project/outputs_deepfake_project/dfdc_subset_77_jpg/test/fake/fake_001012.jpg,1.0,0.9929647445678711,1
/media/D1/ait_users/staff122/deepfake_project/outputs_deepfake_project/dfdc_subset_77_jpg/test/fake/fake_001013.jpg,1.0,0.9871563911437988,1
/media/D1/ait_users/staff122/deepfake_project/outputs_deepfake_project/dfdc_subset_77_jpg/test/fake/fake_001014.jpg,1.0,0.9958387613296509,1
/media/D1/ait_users/staff122/deepfake_project/outputs_deepfake_project/dfdc_subset_77_jpg/test/fake/fake_001015.jpg,1.0,0.9995601773262024,1
/media/D1/ait_users/staff122/deepfake_project/outputs_deepfake_project/dfdc_subset_77_jpg/test/fake/fake_001016.jpg,1.0,0.9864326119422913,1
/media/D1/ait_users/staff122/deepfake_project/outputs_deepfake_project/dfdc_subset_77_jpg/test/fake/fake_001017.jpg,1.0,0.9843767881393433,1
/media/D1/ait_users/staff122/deepfake_project/outputs_deepfake_project/dfdc_subset_77_jpg/test/fake/fake_001018.jpg,1.0,0.99578458070755,1
/media/D1/ait_users/staff122/deepfake_project/outputs_deepfake_project/dfdc_subset_77_jpg/test/fake/fake_001019.jpg,1.0,0.999996542930603,1
/media/D1/ait_users/staff122/deepfake_project/outputs_deepfake_project/dfdc_subset_77_jpg/test/fake/fake_001020.jpg,1.0,0.9835388660430908,1
/media/D1/ait_users/staff122/deepfake_project/outputs_deepfake_project/dfdc_subset_77_jpg/test/fake/fake_001021.jpg,1.0,0.9964094758033752,1
/media/D1/ait_users/staff122/deepfake_project/outputs_deepfake_project/dfdc_subset_77_jpg/test/fake/fake_001022.jpg,1.0,0.9941165447235107,1
/media/D1/ait_users/staff122/deepfake_project/outputs_deepfake_project/dfdc_subset_77_jpg/test/fake/fake_001023.jpg,1.0,0.9860988855361938,1
/media/D1/ait_users/staff122/deepfake_project/outputs_deepfake_project/dfdc_subset_77_jpg/test/fake/fake_001024.jpg,1.0,0.9999997615814209,1
/media/D1/ait_users/staff122/deepfake_project/outputs_deepfake_project/dfdc_subset_77_jpg/test/fake/fake_001025.jpg,1.0,0.9999994039535522,1
/media/D1/ait_users/staff122/deepfake_project/outputs_deepfake_project/dfdc_subset_77_jpg/test/fake/fake_001026.jpg,1.0,0.9999997615814209,1
/media/D1/ait_users/staff122/deepfake_project/outputs_deepfake_project/dfdc_subset_77_jpg/test/fake/fake_001027.jpg,1.0,1.0,1
/media/D1/ait_users/staff122/deepfake_project/outputs_deepfake_project/dfdc_subset_77_jpg/test/fake/fake_001028.jpg,1.0,1.0,1
/media/D1/ait_users/staff122/deepfake_project/outputs_deepfake_project/dfdc_subset_77_jpg/test/fake/fake_001029.jpg,1.0,0.9999986886978149,1
/media/D1/ait_users/staff122/deepfake_project/outputs_deepfake_project/dfdc_subset_77_jpg/test/fake/fake_001030.jpg,1.0,1.0,1
/media/D1/ait_users/staff122/deepfake_project/outputs_deepfake_project/dfdc_subset_77_jpg/test/fake/fake_001031.jpg,1.0,1.0,1
/media/D1/ait_users/staff122/deepfake_project/outputs_deepfake_project/dfdc_subset_77_jpg/test/fake/fake_001032.jpg,1.0,0.9999911785125732,1
/media/D1/ait_users/staff122/deepfake_project/outputs_deepfake_project/dfdc_subset_77_jpg/test/fake/fake_001033.jpg,1.0,0.9999997615814209,1
/media/D1/ait_users/staff122/deepfake_project/outputs_deepfake_project/dfdc_subset_77_jpg/test/fake/fake_001034.jpg,1.0,0.9999954700469971,1
/media/D1/ait_users/staff122/deepfake_project/outputs_deepfake_project/dfdc_subset_77_jpg/test/fake/fake_001035.jpg,1.0,1.0,1
/media/D1/ait_users/staff122/deepfake_project/outputs_deepfake_project/dfdc_subset_77_jpg/test/fake/fake_001036.jpg,1.0,0.9999985694885254,1
/media/D1/ait_users/staff122/deepfake_project/outputs_deepfake_project/dfdc_subset_77_jpg/test/fake/fake_001037.jpg,1.0,0.9999995231628418,1
/media/D1/ait_users/staff122/deepfake_project/outputs_deepfake_project/dfdc_subset_77_jpg/test/fake/fake_001038.jpg,1.0,0.9999995231628418,1
/media/D1/ait_users/staff122/deepfake_project/outputs_deepfake_project/dfdc_subset_77_jpg/test/fake/fake_001039.jpg,1.0,0.9999995231628418,1
/media/D1/ait_users/staff122/deepfake_project/outputs_deepfake_project/dfdc_subset_77_jpg/test/fake/fake_001040.jpg,1.0,1.0,1
/media/D1/ait_users/staff122/deepfake_project/outputs_deepfake_project/dfdc_subset_77_jpg/test/fake/fake_001041.jpg,1.0,1.0,1
/media/D1/ait_users/staff122/deepfake_project/outputs_deepfake_project/dfdc_subset_77_jpg/test/fake/fake_001042.jpg,1.0,1.0,1
/media/D1/ait_users/staff122/deepfake_project/outputs_deepfake_project/dfdc_subset_77_jpg/test/fake/fake_001043.jpg,1.0,0.9999997615814209,1
/media/D1/ait_users/staff122/deepfake_project/outputs_deepfake_project/dfdc_subset_77_jpg/test/fake/fake_001044.jpg,1.0,0.9999988079071045,1
/media/D1/ait_users/staff122/deepfake_project/outputs_deepfake_project/dfdc_subset_77_jpg/test/fake/fake_001045.jpg,1.0,0.9999995231628418,1
/media/D1/ait_users/staff122/deepfake_project/outputs_deepfake_project/dfdc_subset_77_jpg/test/fake/fake_001046.jpg,1.0,0.9999997615814209,1
/media/D1/ait_users/staff122/deepfake_project/outputs_deepfake_project/dfdc_subset_77_jpg/test/fake/fake_001047.jpg,1.0,0.9999998807907104,1
/media/D1/ait_users/staff122/deepfake_project/outputs_deepfake_project/dfdc_subset_77_jpg/test/fake/fake_001048.jpg,1.0,0.9999996423721313,1
/media/D1/ait_users/staff122/deepfake_project/outputs_deepfake_project/dfdc_subset_77_jpg/test/fake/fake_001049.jpg,1.0,0.9999996423721313,1
/media/D1/ait_users/staff122/deepfake_project/outputs_deepfake_project/dfdc_subset_77_jpg/test/fake/fake_001050.jpg,1.0,1.0,1
/media/D1/ait_users/staff122/deepfake_project/outputs_deepfake_project/dfdc_subset_77_jpg/test/fake/fake_001051.jpg,1.0,0.9999998807907104,1
/media/D1/ait_users/staff122/deepfake_project/outputs_deepfake_project/dfdc_subset_77_jpg/test/fake/fake_001052.jpg,1.0,1.0,1
/media/D1/ait_users/staff122/deepfake_project/outputs_deepfake_project/dfdc_subset_77_jpg/test/fake/fake_001053.jpg,1.0,0.9999994039535522,1
/media/D1/ait_users/staff122/deepfake_project/outputs_deepfake_project/dfdc_subset_77_jpg/test/fake/fake_001054.jpg,1.0,0.9999995231628418,1
/media/D1/ait_users/staff122/deepfake_project/outputs_deepfake_project/dfdc_subset_77_jpg/test/fake/fake_001055.jpg,1.0,0.9999998807907104,1
/media/D1/ait_users/staff122/deepfake_project/outputs_deepfake_project/dfdc_subset_77_jpg/test/fake/fake_001056.jpg,1.0,0.9999995231628418,1
/media/D1/ait_users/staff122/deepfake_project/outputs_deepfake_project/dfdc_subset_77_jpg/test/fake/fake_001057.jpg,1.0,0.9999990463256836,1
/media/D1/ait_users/staff122/deepfake_project/outputs_deepfake_project/dfdc_subset_77_jpg/test/fake/fake_001058.jpg,1.0,0.9999994039535522,1
/media/D1/ait_users/staff122/deepfake_project/outputs_deepfake_project/dfdc_subset_77_jpg/test/fake/fake_001059.jpg,1.0,0.9999992847442627,1
/media/D1/ait_users/staff122/deepfake_project/outputs_deepfake_project/dfdc_subset_77_jpg/test/fake/fake_001060.jpg,1.0,0.9999998807907104,1
/media/D1/ait_users/staff122/deepfake_project/outputs_deepfake_project/dfdc_subset_77_jpg/test/fake/fake_001061.jpg,1.0,0.9999998807907104,1
/media/D1/ait_users/staff122/deepfake_project/outputs_deepfake_project/dfdc_subset_77_jpg/test/fake/fake_001062.jpg,1.0,1.0,1
/media/D1/ait_users/staff122/deepfake_project/outputs_deepfake_project/dfdc_subset_77_jpg/test/fake/fake_001063.jpg,1.0,1.0,1
/media/D1/ait_users/staff122/deepfake_project/outputs_deepfake_project/dfdc_subset_77_jpg/test/fake/fake_001064.jpg,1.0,0.9999998807907104,1
/media/D1/ait_users/staff122/deepfake_project/outputs_deepfake_project/dfdc_subset_77_jpg/test/fake/fake_001065.jpg,1.0,0.9999891519546509,1
/media/D1/ait_users/staff122/deepfake_project/outputs_deepfake_project/dfdc_subset_77_jpg/test/fake/fake_001066.jpg,1.0,0.9996812343597412,1
/media/D1/ait_users/staff122/deepfake_project/outputs_deepfake_project/dfdc_subset_77_jpg/test/fake/fake_001067.jpg,1.0,0.9925274848937988,1
/media/D1/ait_users/staff122/deepfake_project/outputs_deepfake_project/dfdc_subset_77_jpg/test/fake/fake_001068.jpg,1.0,0.9989756345748901,1
/media/D1/ait_users/staff122/deepfake_project/outputs_deepfake_project/dfdc_subset_77_jpg/test/fake/fake_001069.jpg,1.0,0.99996018409729,1
/media/D1/ait_users/staff122/deepfake_project/outputs_deepfake_project/dfdc_subset_77_jpg/test/fake/fake_001070.jpg,1.0,0.9990139007568359,1
/media/D1/ait_users/staff122/deepfake_project/outputs_deepfake_project/dfdc_subset_77_jpg/test/fake/fake_001071.jpg,1.0,0.99986732006073,1
/media/D1/ait_users/staff122/deepfake_project/outputs_deepfake_project/dfdc_subset_77_jpg/test/fake/fake_001072.jpg,1.0,1.0,1
/media/D1/ait_users/staff122/deepfake_project/outputs_deepfake_project/dfdc_subset_77_jpg/test/fake/fake_001073.jpg,1.0,0.9846998453140259,1
/media/D1/ait_users/staff122/deepfake_project/outputs_deepfake_project/dfdc_subset_77_jpg/test/fake/fake_001074.jpg,1.0,0.9999089241027832,1
/media/D1/ait_users/staff122/deepfake_project/outputs_deepfake_project/dfdc_subset_77_jpg/test/fake/fake_001075.jpg,1.0,0.9998639822006226,1
/media/D1/ait_users/staff122/deepfake_project/outputs_deepfake_project/dfdc_subset_77_jpg/test/fake/fake_001076.jpg,1.0,0.9999997615814209,1
/media/D1/ait_users/staff122/deepfake_project/outputs_deepfake_project/dfdc_subset_77_jpg/test/fake/fake_001077.jpg,1.0,0.9999938011169434,1
/media/D1/ait_users/staff122/deepfake_project/outputs_deepfake_project/dfdc_subset_77_jpg/test/fake/fake_001078.jpg,1.0,0.9998244643211365,1
/media/D1/ait_users/staff122/deepfake_project/outputs_deepfake_project/dfdc_subset_77_jpg/test/fake/fake_001079.jpg,1.0,0.9999713897705078,1
/media/D1/ait_users/staff122/deepfake_project/outputs_deepfake_project/dfdc_subset_77_jpg/test/fake/fake_001080.jpg,1.0,0.999962568283081,1
/media/D1/ait_users/staff122/deepfake_project/outputs_deepfake_project/dfdc_subset_77_jpg/test/fake/fake_001081.jpg,1.0,0.9982007741928101,1
/media/D1/ait_users/staff122/deepfake_project/outputs_deepfake_project/dfdc_subset_77_jpg/test/fake/fake_001082.jpg,1.0,0.9995810389518738,1
/media/D1/ait_users/staff122/deepfake_project/outputs_deepfake_project/dfdc_subset_77_jpg/test/fake/fake_001083.jpg,1.0,0.9989442229270935,1
/media/D1/ait_users/staff122/deepfake_project/outputs_deepfake_project/dfdc_subset_77_jpg/test/fake/fake_001084.jpg,1.0,0.9999858140945435,1
/media/D1/ait_users/staff122/deepfake_project/outputs_deepfake_project/dfdc_subset_77_jpg/test/fake/fake_001085.jpg,1.0,0.9995239973068237,1
/media/D1/ait_users/staff122/deepfake_project/outputs_deepfake_project/dfdc_subset_77_jpg/test/fake/fake_001086.jpg,1.0,0.9999356269836426,1
/media/D1/ait_users/staff122/deepfake_project/outputs_deepfake_project/dfdc_subset_77_jpg/test/fake/fake_001087.jpg,1.0,0.9981436729431152,1
/media/D1/ait_users/staff122/deepfake_project/outputs_deepfake_project/dfdc_subset_77_jpg/test/fake/fake_001088.jpg,1.0,0.020077994093298912,0
/media/D1/ait_users/staff122/deepfake_project/outputs_deepfake_project/dfdc_subset_77_jpg/test/fake/fake_001089.jpg,1.0,0.0031728921458125114,0
/media/D1/ait_users/staff122/deepfake_project/outputs_deepfake_project/dfdc_subset_77_jpg/test/fake/fake_001090.jpg,1.0,0.20616693794727325,0
/media/D1/ait_users/staff122/deepfake_project/outputs_deepfake_project/dfdc_subset_77_jpg/test/fake/fake_001091.jpg,1.0,0.9165158271789551,1
/media/D1/ait_users/staff122/deepfake_project/outputs_deepfake_project/dfdc_subset_77_jpg/test/fake/fake_001092.jpg,1.0,0.117900550365448,0
/media/D1/ait_users/staff122/deepfake_project/outputs_deepfake_project/dfdc_subset_77_jpg/test/fake/fake_001093.jpg,1.0,0.0012034613173455,0
/media/D1/ait_users/staff122/deepfake_project/outputs_deepfake_project/dfdc_subset_77_jpg/test/fake/fake_001094.jpg,1.0,0.999990701675415,1
/media/D1/ait_users/staff122/deepfake_project/outputs_deepfake_project/dfdc_subset_77_jpg/test/fake/fake_001095.jpg,1.0,0.9999128580093384,1
/media/D1/ait_users/staff122/deepfake_project/outputs_deepfake_project/dfdc_subset_77_jpg/test/fake/fake_001096.jpg,1.0,0.999994158744812,1
/media/D1/ait_users/staff122/deepfake_project/outputs_deepfake_project/dfdc_subset_77_jpg/test/fake/fake_001097.jpg,1.0,0.9560725092887878,1
/media/D1/ait_users/staff122/deepfake_project/outputs_deepfake_project/dfdc_subset_77_jpg/test/fake/fake_001098.jpg,1.0,0.002976806601509452,0
/media/D1/ait_users/staff122/deepfake_project/outputs_deepfake_project/dfdc_subset_77_jpg/test/fake/fake_001099.jpg,1.0,0.002368210582062602,0
/media/D1/ait_users/staff122/deepfake_project/outputs_deepfake_project/dfdc_subset_77_jpg/test/fake/fake_001100.jpg,1.0,0.012641692534089088,0
/media/D1/ait_users/staff122/deepfake_project/outputs_deepfake_project/dfdc_subset_77_jpg/test/fake/fake_001101.jpg,1.0,0.0008500920957885683,0
/media/D1/ait_users/staff122/deepfake_project/outputs_deepfake_project/dfdc_subset_77_jpg/test/fake/fake_001102.jpg,1.0,0.5849133729934692,1
/media/D1/ait_users/staff122/deepfake_project/outputs_deepfake_project/dfdc_subset_77_jpg/test/fake/fake_001103.jpg,1.0,0.9677676558494568,1
/media/D1/ait_users/staff122/deepfake_project/outputs_deepfake_project/dfdc_subset_77_jpg/test/fake/fake_001104.jpg,1.0,0.3960476517677307,0
/media/D1/ait_users/staff122/deepfake_project/outputs_deepfake_project/dfdc_subset_77_jpg/test/fake/fake_001105.jpg,1.0,0.6168760657310486,1
/media/D1/ait_users/staff122/deepfake_project/outputs_deepfake_project/dfdc_subset_77_jpg/test/fake/fake_001106.jpg,1.0,0.07785861939191818,0
/media/D1/ait_users/staff122/deepfake_project/outputs_deepfake_project/dfdc_subset_77_jpg/test/fake/fake_001107.jpg,1.0,0.10647645592689514,0
/media/D1/ait_users/staff122/deepfake_project/outputs_deepfake_project/dfdc_subset_77_jpg/test/fake/fake_001108.jpg,1.0,0.3418896198272705,0
/media/D1/ait_users/staff122/deepfake_project/outputs_deepfake_project/dfdc_subset_77_jpg/test/fake/fake_001109.jpg,1.0,0.004673941060900688,0
/media/D1/ait_users/staff122/deepfake_project/outputs_deepfake_project/dfdc_subset_77_jpg/test/fake/fake_001110.jpg,1.0,0.05486127734184265,0
/media/D1/ait_users/staff122/deepfake_project/outputs_deepfake_project/dfdc_subset_77_jpg/test/fake/fake_001111.jpg,1.0,0.0038700527511537075,0
/media/D1/ait_users/staff122/deepfake_project/outputs_deepfake_project/dfdc_subset_77_jpg/test/fake/fake_001112.jpg,1.0,0.2382967472076416,0
/media/D1/ait_users/staff122/deepfake_project/outputs_deepfake_project/dfdc_subset_77_jpg/test/fake/fake_001113.jpg,1.0,0.03271087631583214,0
/media/D1/ait_users/staff122/deepfake_project/outputs_deepfake_project/dfdc_subset_77_jpg/test/fake/fake_001114.jpg,1.0,0.999651312828064,1
/media/D1/ait_users/staff122/deepfake_project/outputs_deepfake_project/dfdc_subset_77_jpg/test/fake/fake_001115.jpg,1.0,0.007973057217895985,0
/media/D1/ait_users/staff122/deepfake_project/outputs_deepfake_project/dfdc_subset_77_jpg/test/fake/fake_001116.jpg,1.0,0.01908876933157444,0
/media/D1/ait_users/staff122/deepfake_project/outputs_deepfake_project/dfdc_subset_77_jpg/test/fake/fake_001117.jpg,1.0,0.007261309772729874,0
/media/D1/ait_users/staff122/deepfake_project/outputs_deepfake_project/dfdc_subset_77_jpg/test/fake/fake_001118.jpg,1.0,0.8201654553413391,1
/media/D1/ait_users/staff122/deepfake_project/outputs_deepfake_project/dfdc_subset_77_jpg/test/fake/fake_001119.jpg,1.0,0.007485372480005026,0
/media/D1/ait_users/staff122/deepfake_project/outputs_deepfake_project/dfdc_subset_77_jpg/test/fake/fake_001120.jpg,1.0,0.999895453453064,1
/media/D1/ait_users/staff122/deepfake_project/outputs_deepfake_project/dfdc_subset_77_jpg/test/fake/fake_001121.jpg,1.0,0.9997115731239319,1
/media/D1/ait_users/staff122/deepfake_project/outputs_deepfake_project/dfdc_subset_77_jpg/test/fake/fake_001122.jpg,1.0,0.9999977350234985,1
/media/D1/ait_users/staff122/deepfake_project/outputs_deepfake_project/dfdc_subset_77_jpg/test/fake/fake_001123.jpg,1.0,0.9761835932731628,1
/media/D1/ait_users/staff122/deepfake_project/outputs_deepfake_project/dfdc_subset_77_jpg/test/fake/fake_001124.jpg,1.0,0.9999898672103882,1
/media/D1/ait_users/staff122/deepfake_project/outputs_deepfake_project/dfdc_subset_77_jpg/test/fake/fake_001125.jpg,1.0,0.9998182654380798,1
/media/D1/ait_users/staff122/deepfake_project/outputs_deepfake_project/dfdc_subset_77_jpg/test/fake/fake_001126.jpg,1.0,0.9977497458457947,1
/media/D1/ait_users/staff122/deepfake_project/outputs_deepfake_project/dfdc_subset_77_jpg/test/fake/fake_001127.jpg,1.0,0.9922594428062439,1
/media/D1/ait_users/staff122/deepfake_project/outputs_deepfake_project/dfdc_subset_77_jpg/test/fake/fake_001128.jpg,1.0,0.9998310804367065,1
/media/D1/ait_users/staff122/deepfake_project/outputs_deepfake_project/dfdc_subset_77_jpg/test/fake/fake_001129.jpg,1.0,0.9989331364631653,1
/media/D1/ait_users/staff122/deepfake_project/outputs_deepfake_project/dfdc_subset_77_jpg/test/fake/fake_001130.jpg,1.0,0.9979307651519775,1
/media/D1/ait_users/staff122/deepfake_project/outputs_deepfake_project/dfdc_subset_77_jpg/test/fake/fake_001131.jpg,1.0,0.999504804611206,1
/media/D1/ait_users/staff122/deepfake_project/outputs_deepfake_project/dfdc_subset_77_jpg/test/fake/fake_001132.jpg,1.0,0.9992380142211914,1
/media/D1/ait_users/staff122/deepfake_project/outputs_deepfake_project/dfdc_subset_77_jpg/test/fake/fake_001133.jpg,1.0,0.9985253214836121,1
/media/D1/ait_users/staff122/deepfake_project/outputs_deepfake_project/dfdc_subset_77_jpg/test/fake/fake_001134.jpg,1.0,0.9999898672103882,1
/media/D1/ait_users/staff122/deepfake_project/outputs_deepfake_project/dfdc_subset_77_jpg/test/fake/fake_001135.jpg,1.0,0.9999856948852539,1
/media/D1/ait_users/staff122/deepfake_project/outputs_deepfake_project/dfdc_subset_77_jpg/test/fake/fake_001136.jpg,1.0,0.9936169385910034,1
/media/D1/ait_users/staff122/deepfake_project/outputs_deepfake_project/dfdc_subset_77_jpg/test/fake/fake_001137.jpg,1.0,0.9989553689956665,1
/media/D1/ait_users/staff122/deepfake_project/outputs_deepfake_project/dfdc_subset_77_jpg/test/fake/fake_001138.jpg,1.0,0.5624094009399414,1
/media/D1/ait_users/staff122/deepfake_project/outputs_deepfake_project/dfdc_subset_77_jpg/test/fake/fake_001139.jpg,1.0,0.9998459815979004,1
/media/D1/ait_users/staff122/deepfake_project/outputs_deepfake_project/dfdc_subset_77_jpg/test/fake/fake_001140.jpg,1.0,0.9999691247940063,1
/media/D1/ait_users/staff122/deepfake_project/outputs_deepfake_project/dfdc_subset_77_jpg/test/fake/fake_001141.jpg,1.0,0.9999077320098877,1
/media/D1/ait_users/staff122/deepfake_project/outputs_deepfake_project/dfdc_subset_77_jpg/test/fake/fake_001142.jpg,1.0,0.9999977350234985,1
/media/D1/ait_users/staff122/deepfake_project/outputs_deepfake_project/dfdc_subset_77_jpg/test/fake/fake_001143.jpg,1.0,1.0,1
/media/D1/ait_users/staff122/deepfake_project/outputs_deepfake_project/dfdc_subset_77_jpg/test/fake/fake_001144.jpg,1.0,0.9989535808563232,1
/media/D1/ait_users/staff122/deepfake_project/outputs_deepfake_project/dfdc_subset_77_jpg/test/fake/fake_001145.jpg,1.0,0.9997310042381287,1
/media/D1/ait_users/staff122/deepfake_project/outputs_deepfake_project/dfdc_subset_77_jpg/test/fake/fake_001146.jpg,1.0,0.9967953562736511,1
/media/D1/ait_users/staff122/deepfake_project/outputs_deepfake_project/dfdc_subset_77_jpg/test/fake/fake_001147.jpg,1.0,0.9998127818107605,1
/media/D1/ait_users/staff122/deepfake_project/outputs_deepfake_project/dfdc_subset_77_jpg/test/fake/fake_001148.jpg,1.0,0.9991980195045471,1
/media/D1/ait_users/staff122/deepfake_project/outputs_deepfake_project/dfdc_subset_77_jpg/test/fake/fake_001149.jpg,1.0,0.999494194984436,1
/media/D1/ait_users/staff122/deepfake_project/outputs_deepfake_project/dfdc_subset_77_jpg/test/fake/fake_001150.jpg,1.0,0.9993457198143005,1
/media/D1/ait_users/staff122/deepfake_project/outputs_deepfake_project/dfdc_subset_77_jpg/test/fake/fake_001151.jpg,1.0,0.9980798959732056,1
/media/D1/ait_users/staff122/deepfake_project/outputs_deepfake_project/dfdc_subset_77_jpg/test/fake/fake_001152.jpg,1.0,0.9839927554130554,1
/media/D1/ait_users/staff122/deepfake_project/outputs_deepfake_project/dfdc_subset_77_jpg/test/fake/fake_001153.jpg,1.0,0.9974768757820129,1
/media/D1/ait_users/staff122/deepfake_project/outputs_deepfake_project/dfdc_subset_77_jpg/test/fake/fake_001154.jpg,1.0,0.974915623664856,1
/media/D1/ait_users/staff122/deepfake_project/outputs_deepfake_project/dfdc_subset_77_jpg/test/fake/fake_001155.jpg,1.0,0.9235002398490906,1
/media/D1/ait_users/staff122/deepfake_project/outputs_deepfake_project/dfdc_subset_77_jpg/test/fake/fake_001156.jpg,1.0,0.9945359230041504,1
/media/D1/ait_users/staff122/deepfake_project/outputs_deepfake_project/dfdc_subset_77_jpg/test/fake/fake_001157.jpg,1.0,0.9998111128807068,1
/media/D1/ait_users/staff122/deepfake_project/outputs_deepfake_project/dfdc_subset_77_jpg/test/fake/fake_001158.jpg,1.0,0.9998223185539246,1
/media/D1/ait_users/staff122/deepfake_project/outputs_deepfake_project/dfdc_subset_77_jpg/test/fake/fake_001159.jpg,1.0,0.9997965693473816,1
/media/D1/ait_users/staff122/deepfake_project/outputs_deepfake_project/dfdc_subset_77_jpg/test/fake/fake_001160.jpg,1.0,0.9996422529220581,1
/media/D1/ait_users/staff122/deepfake_project/outputs_deepfake_project/dfdc_subset_77_jpg/test/fake/fake_001161.jpg,1.0,0.999951958656311,1
/media/D1/ait_users/staff122/deepfake_project/outputs_deepfake_project/dfdc_subset_77_jpg/test/fake/fake_001162.jpg,1.0,0.9999834299087524,1
/media/D1/ait_users/staff122/deepfake_project/outputs_deepfake_project/dfdc_subset_77_jpg/test/fake/fake_001163.jpg,1.0,0.9999264478683472,1
/media/D1/ait_users/staff122/deepfake_project/outputs_deepfake_project/dfdc_subset_77_jpg/test/fake/fake_001164.jpg,1.0,0.9999079704284668,1
/media/D1/ait_users/staff122/deepfake_project/outputs_deepfake_project/dfdc_subset_77_jpg/test/fake/fake_001165.jpg,1.0,0.9996240139007568,1
/media/D1/ait_users/staff122/deepfake_project/outputs_deepfake_project/dfdc_subset_77_jpg/test/fake/fake_001166.jpg,1.0,0.803769052028656,1
/media/D1/ait_users/staff122/deepfake_project/outputs_deepfake_project/dfdc_subset_77_jpg/test/fake/fake_001167.jpg,1.0,0.923177182674408,1
/media/D1/ait_users/staff122/deepfake_project/outputs_deepfake_project/dfdc_subset_77_jpg/test/fake/fake_001168.jpg,1.0,0.9334729313850403,1
/media/D1/ait_users/staff122/deepfake_project/outputs_deepfake_project/dfdc_subset_77_jpg/test/fake/fake_001169.jpg,1.0,0.9482321739196777,1
/media/D1/ait_users/staff122/deepfake_project/outputs_deepfake_project/dfdc_subset_77_jpg/test/fake/fake_001170.jpg,1.0,0.9394861459732056,1
/media/D1/ait_users/staff122/deepfake_project/outputs_deepfake_project/dfdc_subset_77_jpg/test/fake/fake_001171.jpg,1.0,0.88741135597229,1
/media/D1/ait_users/staff122/deepfake_project/outputs_deepfake_project/dfdc_subset_77_jpg/test/fake/fake_001172.jpg,1.0,0.9871885180473328,1
/media/D1/ait_users/staff122/deepfake_project/outputs_deepfake_project/dfdc_subset_77_jpg/test/fake/fake_001173.jpg,1.0,0.9661146402359009,1
/media/D1/ait_users/staff122/deepfake_project/outputs_deepfake_project/dfdc_subset_77_jpg/test/fake/fake_001174.jpg,1.0,0.9969184398651123,1
/media/D1/ait_users/staff122/deepfake_project/outputs_deepfake_project/dfdc_subset_77_jpg/test/fake/fake_001175.jpg,1.0,0.9713183045387268,1
/media/D1/ait_users/staff122/deepfake_project/outputs_deepfake_project/dfdc_subset_77_jpg/test/fake/fake_001176.jpg,1.0,0.893162190914154,1
/media/D1/ait_users/staff122/deepfake_project/outputs_deepfake_project/dfdc_subset_77_jpg/test/fake/fake_001177.jpg,1.0,0.9957444071769714,1
/media/D1/ait_users/staff122/deepfake_project/outputs_deepfake_project/dfdc_subset_77_jpg/test/fake/fake_001178.jpg,1.0,0.9959025979042053,1
/media/D1/ait_users/staff122/deepfake_project/outputs_deepfake_project/dfdc_subset_77_jpg/test/fake/fake_001179.jpg,1.0,0.9997802376747131,1
/media/D1/ait_users/staff122/deepfake_project/outputs_deepfake_project/dfdc_subset_77_jpg/test/fake/fake_001180.jpg,1.0,0.9998506307601929,1
/media/D1/ait_users/staff122/deepfake_project/outputs_deepfake_project/dfdc_subset_77_jpg/test/fake/fake_001181.jpg,1.0,0.9996669292449951,1
/media/D1/ait_users/staff122/deepfake_project/outputs_deepfake_project/dfdc_subset_77_jpg/test/fake/fake_001182.jpg,1.0,0.8640273213386536,1
/media/D1/ait_users/staff122/deepfake_project/outputs_deepfake_project/dfdc_subset_77_jpg/test/fake/fake_001183.jpg,1.0,0.2619319558143616,0
/media/D1/ait_users/staff122/deepfake_project/outputs_deepfake_project/dfdc_subset_77_jpg/test/fake/fake_001184.jpg,1.0,0.9999974966049194,1
/media/D1/ait_users/staff122/deepfake_project/outputs_deepfake_project/dfdc_subset_77_jpg/test/fake/fake_001185.jpg,1.0,0.9999986886978149,1
/media/D1/ait_users/staff122/deepfake_project/outputs_deepfake_project/dfdc_subset_77_jpg/test/fake/fake_001186.jpg,1.0,0.999997615814209,1
/media/D1/ait_users/staff122/deepfake_project/outputs_deepfake_project/dfdc_subset_77_jpg/test/fake/fake_001187.jpg,1.0,0.9999927282333374,1
/media/D1/ait_users/staff122/deepfake_project/outputs_deepfake_project/dfdc_subset_77_jpg/test/fake/fake_001188.jpg,1.0,0.9999997615814209,1
/media/D1/ait_users/staff122/deepfake_project/outputs_deepfake_project/dfdc_subset_77_jpg/test/fake/fake_001189.jpg,1.0,0.9999996423721313,1
/media/D1/ait_users/staff122/deepfake_project/outputs_deepfake_project/dfdc_subset_77_jpg/test/fake/fake_001190.jpg,1.0,0.9999996423721313,1
/media/D1/ait_users/staff122/deepfake_project/outputs_deepfake_project/dfdc_subset_77_jpg/test/fake/fake_001191.jpg,1.0,0.9999977350234985,1
/media/D1/ait_users/staff122/deepfake_project/outputs_deepfake_project/dfdc_subset_77_jpg/test/fake/fake_001192.jpg,1.0,1.0,1
/media/D1/ait_users/staff122/deepfake_project/outputs_deepfake_project/dfdc_subset_77_jpg/test/fake/fake_001193.jpg,1.0,0.9999997615814209,1
/media/D1/ait_users/staff122/deepfake_project/outputs_deepfake_project/dfdc_subset_77_jpg/test/fake/fake_001194.jpg,1.0,0.9985185265541077,1
/media/D1/ait_users/staff122/deepfake_project/outputs_deepfake_project/dfdc_subset_77_jpg/test/fake/fake_001195.jpg,1.0,0.9999996423721313,1
/media/D1/ait_users/staff122/deepfake_project/outputs_deepfake_project/dfdc_subset_77_jpg/test/fake/fake_001196.jpg,1.0,0.999994158744812,1
/media/D1/ait_users/staff122/deepfake_project/outputs_deepfake_project/dfdc_subset_77_jpg/test/fake/fake_001197.jpg,1.0,0.9999998807907104,1
/media/D1/ait_users/staff122/deepfake_project/outputs_deepfake_project/dfdc_subset_77_jpg/test/fake/fake_001198.jpg,1.0,0.9999920129776001,1
/media/D1/ait_users/staff122/deepfake_project/outputs_deepfake_project/dfdc_subset_77_jpg/test/fake/fake_001199.jpg,1.0,0.9999997615814209,1
/media/D1/ait_users/staff122/deepfake_project/outputs_deepfake_project/dfdc_subset_77_jpg/test/fake/fake_001200.jpg,1.0,0.9999778270721436,1
/media/D1/ait_users/staff122/deepfake_project/outputs_deepfake_project/dfdc_subset_77_jpg/test/fake/fake_001201.jpg,1.0,0.9999959468841553,1
/media/D1/ait_users/staff122/deepfake_project/outputs_deepfake_project/dfdc_subset_77_jpg/test/fake/fake_001202.jpg,1.0,0.9999911785125732,1
/media/D1/ait_users/staff122/deepfake_project/outputs_deepfake_project/dfdc_subset_77_jpg/test/fake/fake_001203.jpg,1.0,0.9937795996665955,1
/media/D1/ait_users/staff122/deepfake_project/outputs_deepfake_project/dfdc_subset_77_jpg/test/fake/fake_001204.jpg,1.0,0.9999996423721313,1
/media/D1/ait_users/staff122/deepfake_project/outputs_deepfake_project/dfdc_subset_77_jpg/test/fake/fake_001205.jpg,1.0,0.996437668800354,1
/media/D1/ait_users/staff122/deepfake_project/outputs_deepfake_project/dfdc_subset_77_jpg/test/fake/fake_001206.jpg,1.0,0.9999977350234985,1
/media/D1/ait_users/staff122/deepfake_project/outputs_deepfake_project/dfdc_subset_77_jpg/test/fake/fake_001207.jpg,1.0,0.9995506405830383,1
/media/D1/ait_users/staff122/deepfake_project/outputs_deepfake_project/dfdc_subset_77_jpg/test/fake/fake_001208.jpg,1.0,0.9975571632385254,1
/media/D1/ait_users/staff122/deepfake_project/outputs_deepfake_project/dfdc_subset_77_jpg/test/fake/fake_001209.jpg,1.0,0.9999971389770508,1
/media/D1/ait_users/staff122/deepfake_project/outputs_deepfake_project/dfdc_subset_77_jpg/test/fake/fake_001210.jpg,1.0,0.9999924898147583,1
/media/D1/ait_users/staff122/deepfake_project/outputs_deepfake_project/dfdc_subset_77_jpg/test/fake/fake_001211.jpg,1.0,0.9999954700469971,1
/media/D1/ait_users/staff122/deepfake_project/outputs_deepfake_project/dfdc_subset_77_jpg/test/fake/fake_001212.jpg,1.0,0.9999873638153076,1
/media/D1/ait_users/staff122/deepfake_project/outputs_deepfake_project/dfdc_subset_77_jpg/test/fake/fake_001213.jpg,1.0,0.9999998807907104,1
/media/D1/ait_users/staff122/deepfake_project/outputs_deepfake_project/dfdc_subset_77_jpg/test/fake/fake_001214.jpg,1.0,0.9999971389770508,1
/media/D1/ait_users/staff122/deepfake_project/outputs_deepfake_project/dfdc_subset_77_jpg/test/fake/fake_001215.jpg,1.0,0.9999966621398926,1
/media/D1/ait_users/staff122/deepfake_project/outputs_deepfake_project/dfdc_subset_77_jpg/test/fake/fake_001216.jpg,1.0,0.9994837045669556,1
/media/D1/ait_users/staff122/deepfake_project/outputs_deepfake_project/dfdc_subset_77_jpg/test/fake/fake_001217.jpg,1.0,0.9999576807022095,1
/media/D1/ait_users/staff122/deepfake_project/outputs_deepfake_project/dfdc_subset_77_jpg/test/fake/fake_001218.jpg,1.0,0.9999901056289673,1
/media/D1/ait_users/staff122/deepfake_project/outputs_deepfake_project/dfdc_subset_77_jpg/test/fake/fake_001219.jpg,1.0,0.9999483823776245,1
/media/D1/ait_users/staff122/deepfake_project/outputs_deepfake_project/dfdc_subset_77_jpg/test/fake/fake_001220.jpg,1.0,0.9947191476821899,1
/media/D1/ait_users/staff122/deepfake_project/outputs_deepfake_project/dfdc_subset_77_jpg/test/fake/fake_001221.jpg,1.0,0.9998633861541748,1
/media/D1/ait_users/staff122/deepfake_project/outputs_deepfake_project/dfdc_subset_77_jpg/test/fake/fake_001222.jpg,1.0,0.9993515610694885,1
/media/D1/ait_users/staff122/deepfake_project/outputs_deepfake_project/dfdc_subset_77_jpg/test/fake/fake_001223.jpg,1.0,0.9999558925628662,1
/media/D1/ait_users/staff122/deepfake_project/outputs_deepfake_project/dfdc_subset_77_jpg/test/fake/fake_001224.jpg,1.0,0.9999920129776001,1
/media/D1/ait_users/staff122/deepfake_project/outputs_deepfake_project/dfdc_subset_77_jpg/test/fake/fake_001225.jpg,1.0,0.9999823570251465,1
/media/D1/ait_users/staff122/deepfake_project/outputs_deepfake_project/dfdc_subset_77_jpg/test/fake/fake_001226.jpg,1.0,0.9934218525886536,1
/media/D1/ait_users/staff122/deepfake_project/outputs_deepfake_project/dfdc_subset_77_jpg/test/fake/fake_001227.jpg,1.0,0.9982505440711975,1
/media/D1/ait_users/staff122/deepfake_project/outputs_deepfake_project/dfdc_subset_77_jpg/test/fake/fake_001228.jpg,1.0,0.9956238865852356,1
/media/D1/ait_users/staff122/deepfake_project/outputs_deepfake_project/dfdc_subset_77_jpg/test/fake/fake_001229.jpg,1.0,0.9982054233551025,1
/media/D1/ait_users/staff122/deepfake_project/outputs_deepfake_project/dfdc_subset_77_jpg/test/fake/fake_001230.jpg,1.0,0.9985566735267639,1
/media/D1/ait_users/staff122/deepfake_project/outputs_deepfake_project/dfdc_subset_77_jpg/test/fake/fake_001231.jpg,1.0,0.9981667995452881,1
/media/D1/ait_users/staff122/deepfake_project/outputs_deepfake_project/dfdc_subset_77_jpg/test/fake/fake_001232.jpg,1.0,0.9966639876365662,1
/media/D1/ait_users/staff122/deepfake_project/outputs_deepfake_project/dfdc_subset_77_jpg/test/fake/fake_001233.jpg,1.0,0.9963807463645935,1
/media/D1/ait_users/staff122/deepfake_project/outputs_deepfake_project/dfdc_subset_77_jpg/test/fake/fake_001234.jpg,1.0,0.9999570846557617,1
/media/D1/ait_users/staff122/deepfake_project/outputs_deepfake_project/dfdc_subset_77_jpg/test/fake/fake_001235.jpg,1.0,0.9998636245727539,1
/media/D1/ait_users/staff122/deepfake_project/outputs_deepfake_project/dfdc_subset_77_jpg/test/fake/fake_001236.jpg,1.0,0.9999889135360718,1
/media/D1/ait_users/staff122/deepfake_project/outputs_deepfake_project/dfdc_subset_77_jpg/test/fake/fake_001237.jpg,1.0,0.9995706677436829,1
/media/D1/ait_users/staff122/deepfake_project/outputs_deepfake_project/dfdc_subset_77_jpg/test/fake/fake_001238.jpg,1.0,0.9993622899055481,1
/media/D1/ait_users/staff122/deepfake_project/outputs_deepfake_project/dfdc_subset_77_jpg/test/fake/fake_001239.jpg,1.0,0.9999955892562866,1
/media/D1/ait_users/staff122/deepfake_project/outputs_deepfake_project/dfdc_subset_77_jpg/test/fake/fake_001240.jpg,1.0,0.9999680519104004,1
/media/D1/ait_users/staff122/deepfake_project/outputs_deepfake_project/dfdc_subset_77_jpg/test/fake/fake_001241.jpg,1.0,0.9999171495437622,1
/media/D1/ait_users/staff122/deepfake_project/outputs_deepfake_project/dfdc_subset_77_jpg/test/fake/fake_001242.jpg,1.0,0.9849788546562195,1
/media/D1/ait_users/staff122/deepfake_project/outputs_deepfake_project/dfdc_subset_77_jpg/test/fake/fake_001243.jpg,1.0,0.9997667670249939,1
/media/D1/ait_users/staff122/deepfake_project/outputs_deepfake_project/dfdc_subset_77_jpg/test/fake/fake_001244.jpg,1.0,0.9999628067016602,1
/media/D1/ait_users/staff122/deepfake_project/outputs_deepfake_project/dfdc_subset_77_jpg/test/fake/fake_001245.jpg,1.0,0.9999880790710449,1
/media/D1/ait_users/staff122/deepfake_project/outputs_deepfake_project/dfdc_subset_77_jpg/test/fake/fake_001246.jpg,1.0,0.999704897403717,1
/media/D1/ait_users/staff122/deepfake_project/outputs_deepfake_project/dfdc_subset_77_jpg/test/fake/fake_001247.jpg,1.0,0.9994762539863586,1
/media/D1/ait_users/staff122/deepfake_project/outputs_deepfake_project/dfdc_subset_77_jpg/test/fake/fake_001248.jpg,1.0,0.27044400572776794,0
/media/D1/ait_users/staff122/deepfake_project/outputs_deepfake_project/dfdc_subset_77_jpg/test/fake/fake_001249.jpg,1.0,0.8990328907966614,1
/media/D1/ait_users/staff122/deepfake_project/outputs_deepfake_project/dfdc_subset_77_jpg/test/fake/fake_001250.jpg,1.0,0.9954286813735962,1
/media/D1/ait_users/staff122/deepfake_project/outputs_deepfake_project/dfdc_subset_77_jpg/test/fake/fake_001251.jpg,1.0,0.7292916774749756,1
/media/D1/ait_users/staff122/deepfake_project/outputs_deepfake_project/dfdc_subset_77_jpg/test/fake/fake_001252.jpg,1.0,0.8933348655700684,1
/media/D1/ait_users/staff122/deepfake_project/outputs_deepfake_project/dfdc_subset_77_jpg/test/fake/fake_001253.jpg,1.0,0.8955234289169312,1
/media/D1/ait_users/staff122/deepfake_project/outputs_deepfake_project/dfdc_subset_77_jpg/test/fake/fake_001254.jpg,1.0,0.31511572003364563,0
/media/D1/ait_users/staff122/deepfake_project/outputs_deepfake_project/dfdc_subset_77_jpg/test/fake/fake_001255.jpg,1.0,0.4150417149066925,0
/media/D1/ait_users/staff122/deepfake_project/outputs_deepfake_project/dfdc_subset_77_jpg/test/fake/fake_001256.jpg,1.0,0.23327863216400146,0
/media/D1/ait_users/staff122/deepfake_project/outputs_deepfake_project/dfdc_subset_77_jpg/test/fake/fake_001257.jpg,1.0,0.0802186131477356,0
/media/D1/ait_users/staff122/deepfake_project/outputs_deepfake_project/dfdc_subset_77_jpg/test/fake/fake_001258.jpg,1.0,0.01993527263402939,0
/media/D1/ait_users/staff122/deepfake_project/outputs_deepfake_project/dfdc_subset_77_jpg/test/fake/fake_001259.jpg,1.0,0.005239144898951054,0
/media/D1/ait_users/staff122/deepfake_project/outputs_deepfake_project/dfdc_subset_77_jpg/test/fake/fake_001260.jpg,1.0,0.17080211639404297,0
/media/D1/ait_users/staff122/deepfake_project/outputs_deepfake_project/dfdc_subset_77_jpg/test/fake/fake_001261.jpg,1.0,0.17929969727993011,0
/media/D1/ait_users/staff122/deepfake_project/outputs_deepfake_project/dfdc_subset_77_jpg/test/fake/fake_001262.jpg,1.0,0.29895511269569397,0
/media/D1/ait_users/staff122/deepfake_project/outputs_deepfake_project/dfdc_subset_77_jpg/test/fake/fake_001263.jpg,1.0,0.2090107500553131,0
/media/D1/ait_users/staff122/deepfake_project/outputs_deepfake_project/dfdc_subset_77_jpg/test/fake/fake_001264.jpg,1.0,0.1473214030265808,0
/media/D1/ait_users/staff122/deepfake_project/outputs_deepfake_project/dfdc_subset_77_jpg/test/fake/fake_001265.jpg,1.0,0.4103778004646301,0
/media/D1/ait_users/staff122/deepfake_project/outputs_deepfake_project/dfdc_subset_77_jpg/test/fake/fake_001266.jpg,1.0,0.05185103416442871,0
/media/D1/ait_users/staff122/deepfake_project/outputs_deepfake_project/dfdc_subset_77_jpg/test/fake/fake_001267.jpg,1.0,0.006264253985136747,0
/media/D1/ait_users/staff122/deepfake_project/outputs_deepfake_project/dfdc_subset_77_jpg/test/fake/fake_001268.jpg,1.0,0.008743338286876678,0
/media/D1/ait_users/staff122/deepfake_project/outputs_deepfake_project/dfdc_subset_77_jpg/test/fake/fake_001269.jpg,1.0,0.031886905431747437,0
/media/D1/ait_users/staff122/deepfake_project/outputs_deepfake_project/dfdc_subset_77_jpg/test/fake/fake_001270.jpg,1.0,0.5158939361572266,1
/media/D1/ait_users/staff122/deepfake_project/outputs_deepfake_project/dfdc_subset_77_jpg/test/fake/fake_001271.jpg,1.0,0.3028392791748047,0
/media/D1/ait_users/staff122/deepfake_project/outputs_deepfake_project/dfdc_subset_77_jpg/test/fake/fake_001272.jpg,1.0,0.22383084893226624,0
/media/D1/ait_users/staff122/deepfake_project/outputs_deepfake_project/dfdc_subset_77_jpg/test/fake/fake_001273.jpg,1.0,0.08140937238931656,0
/media/D1/ait_users/staff122/deepfake_project/outputs_deepfake_project/dfdc_subset_77_jpg/test/fake/fake_001274.jpg,1.0,0.00401162076741457,0
/media/D1/ait_users/staff122/deepfake_project/outputs_deepfake_project/dfdc_subset_77_jpg/test/fake/fake_001275.jpg,1.0,0.023477669805288315,0
/media/D1/ait_users/staff122/deepfake_project/outputs_deepfake_project/dfdc_subset_77_jpg/test/fake/fake_001276.jpg,1.0,0.21414487063884735,0
/media/D1/ait_users/staff122/deepfake_project/outputs_deepfake_project/dfdc_subset_77_jpg/test/fake/fake_001277.jpg,1.0,0.4806060194969177,0
/media/D1/ait_users/staff122/deepfake_project/outputs_deepfake_project/dfdc_subset_77_jpg/test/fake/fake_001278.jpg,1.0,0.04889172688126564,0
/media/D1/ait_users/staff122/deepfake_project/outputs_deepfake_project/dfdc_subset_77_jpg/test/fake/fake_001279.jpg,1.0,0.20950835943222046,0
/media/D1/ait_users/staff122/deepfake_project/outputs_deepfake_project/dfdc_subset_77_jpg/test/fake/fake_001280.jpg,1.0,0.9999608993530273,1
/media/D1/ait_users/staff122/deepfake_project/outputs_deepfake_project/dfdc_subset_77_jpg/test/fake/fake_001281.jpg,1.0,0.9999998807907104,1
/media/D1/ait_users/staff122/deepfake_project/outputs_deepfake_project/dfdc_subset_77_jpg/test/fake/fake_001282.jpg,1.0,0.9999939203262329,1
/media/D1/ait_users/staff122/deepfake_project/outputs_deepfake_project/dfdc_subset_77_jpg/test/fake/fake_001283.jpg,1.0,0.9999985694885254,1
/media/D1/ait_users/staff122/deepfake_project/outputs_deepfake_project/dfdc_subset_77_jpg/test/fake/fake_001284.jpg,1.0,0.9999984502792358,1
/media/D1/ait_users/staff122/deepfake_project/outputs_deepfake_project/dfdc_subset_77_jpg/test/fake/fake_001285.jpg,1.0,0.9999978542327881,1
/media/D1/ait_users/staff122/deepfake_project/outputs_deepfake_project/dfdc_subset_77_jpg/test/fake/fake_001286.jpg,1.0,0.9999988079071045,1
/media/D1/ait_users/staff122/deepfake_project/outputs_deepfake_project/dfdc_subset_77_jpg/test/fake/fake_001287.jpg,1.0,0.9999991655349731,1
/media/D1/ait_users/staff122/deepfake_project/outputs_deepfake_project/dfdc_subset_77_jpg/test/fake/fake_001288.jpg,1.0,0.9999992847442627,1
/media/D1/ait_users/staff122/deepfake_project/outputs_deepfake_project/dfdc_subset_77_jpg/test/fake/fake_001289.jpg,1.0,0.9999970197677612,1
/media/D1/ait_users/staff122/deepfake_project/outputs_deepfake_project/dfdc_subset_77_jpg/test/fake/fake_001290.jpg,1.0,0.9999986886978149,1
/media/D1/ait_users/staff122/deepfake_project/outputs_deepfake_project/dfdc_subset_77_jpg/test/fake/fake_001291.jpg,1.0,0.999996542930603,1
/media/D1/ait_users/staff122/deepfake_project/outputs_deepfake_project/dfdc_subset_77_jpg/test/fake/fake_001292.jpg,1.0,0.999950647354126,1
/media/D1/ait_users/staff122/deepfake_project/outputs_deepfake_project/dfdc_subset_77_jpg/test/fake/fake_001293.jpg,1.0,0.9999879598617554,1
/media/D1/ait_users/staff122/deepfake_project/outputs_deepfake_project/dfdc_subset_77_jpg/test/fake/fake_001294.jpg,1.0,0.9999985694885254,1
/media/D1/ait_users/staff122/deepfake_project/outputs_deepfake_project/dfdc_subset_77_jpg/test/fake/fake_001295.jpg,1.0,0.999956488609314,1
/media/D1/ait_users/staff122/deepfake_project/outputs_deepfake_project/dfdc_subset_77_jpg/test/fake/fake_001296.jpg,1.0,0.9999691247940063,1
/media/D1/ait_users/staff122/deepfake_project/outputs_deepfake_project/dfdc_subset_77_jpg/test/fake/fake_001297.jpg,1.0,0.9999994039535522,1
/media/D1/ait_users/staff122/deepfake_project/outputs_deepfake_project/dfdc_subset_77_jpg/test/fake/fake_001298.jpg,1.0,0.9999991655349731,1
/media/D1/ait_users/staff122/deepfake_project/outputs_deepfake_project/dfdc_subset_77_jpg/test/fake/fake_001299.jpg,1.0,0.9999964237213135,1
/media/D1/ait_users/staff122/deepfake_project/outputs_deepfake_project/dfdc_subset_77_jpg/test/fake/fake_001300.jpg,1.0,0.9999997615814209,1
/media/D1/ait_users/staff122/deepfake_project/outputs_deepfake_project/dfdc_subset_77_jpg/test/fake/fake_001301.jpg,1.0,0.9999940395355225,1
/media/D1/ait_users/staff122/deepfake_project/outputs_deepfake_project/dfdc_subset_77_jpg/test/fake/fake_001302.jpg,1.0,0.9999945163726807,1
/media/D1/ait_users/staff122/deepfake_project/outputs_deepfake_project/dfdc_subset_77_jpg/test/fake/fake_001303.jpg,1.0,0.9999991655349731,1
/media/D1/ait_users/staff122/deepfake_project/outputs_deepfake_project/dfdc_subset_77_jpg/test/fake/fake_001304.jpg,1.0,0.9999575614929199,1
/media/D1/ait_users/staff122/deepfake_project/outputs_deepfake_project/dfdc_subset_77_jpg/test/fake/fake_001305.jpg,1.0,0.9999988079071045,1
/media/D1/ait_users/staff122/deepfake_project/outputs_deepfake_project/dfdc_subset_77_jpg/test/fake/fake_001306.jpg,1.0,0.9999945163726807,1
/media/D1/ait_users/staff122/deepfake_project/outputs_deepfake_project/dfdc_subset_77_jpg/test/fake/fake_001307.jpg,1.0,0.9999998807907104,1
/media/D1/ait_users/staff122/deepfake_project/outputs_deepfake_project/dfdc_subset_77_jpg/test/fake/fake_001308.jpg,1.0,0.9999957084655762,1
/media/D1/ait_users/staff122/deepfake_project/outputs_deepfake_project/dfdc_subset_77_jpg/test/fake/fake_001309.jpg,1.0,0.9999955892562866,1
/media/D1/ait_users/staff122/deepfake_project/outputs_deepfake_project/dfdc_subset_77_jpg/test/fake/fake_001310.jpg,1.0,0.9999921321868896,1
/media/D1/ait_users/staff122/deepfake_project/outputs_deepfake_project/dfdc_subset_77_jpg/test/fake/fake_001311.jpg,1.0,0.999995231628418,1
/media/D1/ait_users/staff122/deepfake_project/outputs_deepfake_project/dfdc_subset_77_jpg/test/fake/fake_001312.jpg,1.0,0.9943000078201294,1
/media/D1/ait_users/staff122/deepfake_project/outputs_deepfake_project/dfdc_subset_77_jpg/test/fake/fake_001313.jpg,1.0,0.9991593360900879,1
/media/D1/ait_users/staff122/deepfake_project/outputs_deepfake_project/dfdc_subset_77_jpg/test/fake/fake_001314.jpg,1.0,0.9988182187080383,1
/media/D1/ait_users/staff122/deepfake_project/outputs_deepfake_project/dfdc_subset_77_jpg/test/fake/fake_001315.jpg,1.0,0.9998419284820557,1
/media/D1/ait_users/staff122/deepfake_project/outputs_deepfake_project/dfdc_subset_77_jpg/test/fake/fake_001316.jpg,1.0,0.9602933526039124,1
/media/D1/ait_users/staff122/deepfake_project/outputs_deepfake_project/dfdc_subset_77_jpg/test/fake/fake_001317.jpg,1.0,0.9998903274536133,1
/media/D1/ait_users/staff122/deepfake_project/outputs_deepfake_project/dfdc_subset_77_jpg/test/fake/fake_001318.jpg,1.0,0.9999769926071167,1
/media/D1/ait_users/staff122/deepfake_project/outputs_deepfake_project/dfdc_subset_77_jpg/test/fake/fake_001319.jpg,1.0,0.9999207258224487,1
/media/D1/ait_users/staff122/deepfake_project/outputs_deepfake_project/dfdc_subset_77_jpg/test/fake/fake_001320.jpg,1.0,0.9999998807907104,1
/media/D1/ait_users/staff122/deepfake_project/outputs_deepfake_project/dfdc_subset_77_jpg/test/fake/fake_001321.jpg,1.0,0.9999986886978149,1
/media/D1/ait_users/staff122/deepfake_project/outputs_deepfake_project/dfdc_subset_77_jpg/test/fake/fake_001322.jpg,1.0,0.9999967813491821,1
/media/D1/ait_users/staff122/deepfake_project/outputs_deepfake_project/dfdc_subset_77_jpg/test/fake/fake_001323.jpg,1.0,0.9999971389770508,1
/media/D1/ait_users/staff122/deepfake_project/outputs_deepfake_project/dfdc_subset_77_jpg/test/fake/fake_001324.jpg,1.0,0.9999996423721313,1
/media/D1/ait_users/staff122/deepfake_project/outputs_deepfake_project/dfdc_subset_77_jpg/test/fake/fake_001325.jpg,1.0,0.9999852180480957,1
/media/D1/ait_users/staff122/deepfake_project/outputs_deepfake_project/dfdc_subset_77_jpg/test/fake/fake_001326.jpg,1.0,0.9999920129776001,1
/media/D1/ait_users/staff122/deepfake_project/outputs_deepfake_project/dfdc_subset_77_jpg/test/fake/fake_001327.jpg,1.0,0.999967098236084,1
/media/D1/ait_users/staff122/deepfake_project/outputs_deepfake_project/dfdc_subset_77_jpg/test/fake/fake_001328.jpg,1.0,0.9998975992202759,1
/media/D1/ait_users/staff122/deepfake_project/outputs_deepfake_project/dfdc_subset_77_jpg/test/fake/fake_001329.jpg,1.0,0.9998648166656494,1
/media/D1/ait_users/staff122/deepfake_project/outputs_deepfake_project/dfdc_subset_77_jpg/test/fake/fake_001330.jpg,1.0,1.0,1
/media/D1/ait_users/staff122/deepfake_project/outputs_deepfake_project/dfdc_subset_77_jpg/test/fake/fake_001331.jpg,1.0,0.9997518658638,1
/media/D1/ait_users/staff122/deepfake_project/outputs_deepfake_project/dfdc_subset_77_jpg/test/fake/fake_001332.jpg,1.0,0.9984520673751831,1
/media/D1/ait_users/staff122/deepfake_project/outputs_deepfake_project/dfdc_subset_77_jpg/test/fake/fake_001333.jpg,1.0,0.9994531273841858,1
/media/D1/ait_users/staff122/deepfake_project/outputs_deepfake_project/dfdc_subset_77_jpg/test/fake/fake_001334.jpg,1.0,0.9925581216812134,1
/media/D1/ait_users/staff122/deepfake_project/outputs_deepfake_project/dfdc_subset_77_jpg/test/fake/fake_001335.jpg,1.0,0.9997178912162781,1
/media/D1/ait_users/staff122/deepfake_project/outputs_deepfake_project/dfdc_subset_77_jpg/test/fake/fake_001336.jpg,1.0,1.0,1
/media/D1/ait_users/staff122/deepfake_project/outputs_deepfake_project/dfdc_subset_77_jpg/test/fake/fake_001337.jpg,1.0,1.0,1
/media/D1/ait_users/staff122/deepfake_project/outputs_deepfake_project/dfdc_subset_77_jpg/test/fake/fake_001338.jpg,1.0,0.9455567598342896,1
/media/D1/ait_users/staff122/deepfake_project/outputs_deepfake_project/dfdc_subset_77_jpg/test/fake/fake_001339.jpg,1.0,0.9987894892692566,1
/media/D1/ait_users/staff122/deepfake_project/outputs_deepfake_project/dfdc_subset_77_jpg/test/fake/fake_001340.jpg,1.0,0.99964439868927,1
/media/D1/ait_users/staff122/deepfake_project/outputs_deepfake_project/dfdc_subset_77_jpg/test/fake/fake_001341.jpg,1.0,0.9999967813491821,1
/media/D1/ait_users/staff122/deepfake_project/outputs_deepfake_project/dfdc_subset_77_jpg/test/fake/fake_001342.jpg,1.0,0.9999986886978149,1
/media/D1/ait_users/staff122/deepfake_project/outputs_deepfake_project/dfdc_subset_77_jpg/test/fake/fake_001343.jpg,1.0,0.999996542930603,1
/media/D1/ait_users/staff122/deepfake_project/outputs_deepfake_project/dfdc_subset_77_jpg/test/fake/fake_001344.jpg,1.0,0.2618764042854309,0
/media/D1/ait_users/staff122/deepfake_project/outputs_deepfake_project/dfdc_subset_77_jpg/test/fake/fake_001345.jpg,1.0,0.4868296682834625,0
/media/D1/ait_users/staff122/deepfake_project/outputs_deepfake_project/dfdc_subset_77_jpg/test/fake/fake_001346.jpg,1.0,0.5875728130340576,1
/media/D1/ait_users/staff122/deepfake_project/outputs_deepfake_project/dfdc_subset_77_jpg/test/fake/fake_001347.jpg,1.0,0.16945813596248627,0
/media/D1/ait_users/staff122/deepfake_project/outputs_deepfake_project/dfdc_subset_77_jpg/test/fake/fake_001348.jpg,1.0,0.9658763408660889,1
/media/D1/ait_users/staff122/deepfake_project/outputs_deepfake_project/dfdc_subset_77_jpg/test/fake/fake_001349.jpg,1.0,0.6494235396385193,1
/media/D1/ait_users/staff122/deepfake_project/outputs_deepfake_project/dfdc_subset_77_jpg/test/fake/fake_001350.jpg,1.0,0.5481255054473877,1
/media/D1/ait_users/staff122/deepfake_project/outputs_deepfake_project/dfdc_subset_77_jpg/test/fake/fake_001351.jpg,1.0,0.9578867554664612,1
/media/D1/ait_users/staff122/deepfake_project/outputs_deepfake_project/dfdc_subset_77_jpg/test/fake/fake_001352.jpg,1.0,0.9264773726463318,1
/media/D1/ait_users/staff122/deepfake_project/outputs_deepfake_project/dfdc_subset_77_jpg/test/fake/fake_001353.jpg,1.0,0.9491730332374573,1
/media/D1/ait_users/staff122/deepfake_project/outputs_deepfake_project/dfdc_subset_77_jpg/test/fake/fake_001354.jpg,1.0,0.8253047466278076,1
/media/D1/ait_users/staff122/deepfake_project/outputs_deepfake_project/dfdc_subset_77_jpg/test/fake/fake_001355.jpg,1.0,0.14995308220386505,0
/media/D1/ait_users/staff122/deepfake_project/outputs_deepfake_project/dfdc_subset_77_jpg/test/fake/fake_001356.jpg,1.0,0.5805832147598267,1
/media/D1/ait_users/staff122/deepfake_project/outputs_deepfake_project/dfdc_subset_77_jpg/test/fake/fake_001357.jpg,1.0,0.02212577313184738,0
/media/D1/ait_users/staff122/deepfake_project/outputs_deepfake_project/dfdc_subset_77_jpg/test/fake/fake_001358.jpg,1.0,0.305418998003006,0
/media/D1/ait_users/staff122/deepfake_project/outputs_deepfake_project/dfdc_subset_77_jpg/test/fake/fake_001359.jpg,1.0,0.027121221646666527,0
/media/D1/ait_users/staff122/deepfake_project/outputs_deepfake_project/dfdc_subset_77_jpg/test/fake/fake_001360.jpg,1.0,0.5961815118789673,1
/media/D1/ait_users/staff122/deepfake_project/outputs_deepfake_project/dfdc_subset_77_jpg/test/fake/fake_001361.jpg,1.0,0.9999955892562866,1
/media/D1/ait_users/staff122/deepfake_project/outputs_deepfake_project/dfdc_subset_77_jpg/test/fake/fake_001362.jpg,1.0,0.9998956918716431,1
/media/D1/ait_users/staff122/deepfake_project/outputs_deepfake_project/dfdc_subset_77_jpg/test/fake/fake_001363.jpg,1.0,0.9998893737792969,1
/media/D1/ait_users/staff122/deepfake_project/outputs_deepfake_project/dfdc_subset_77_jpg/test/fake/fake_001364.jpg,1.0,0.23718883097171783,0
/media/D1/ait_users/staff122/deepfake_project/outputs_deepfake_project/dfdc_subset_77_jpg/test/fake/fake_001365.jpg,1.0,0.11382050067186356,0
/media/D1/ait_users/staff122/deepfake_project/outputs_deepfake_project/dfdc_subset_77_jpg/test/fake/fake_001366.jpg,1.0,0.2840145230293274,0
/media/D1/ait_users/staff122/deepfake_project/outputs_deepfake_project/dfdc_subset_77_jpg/test/fake/fake_001367.jpg,1.0,0.07175315171480179,0
/media/D1/ait_users/staff122/deepfake_project/outputs_deepfake_project/dfdc_subset_77_jpg/test/fake/fake_001368.jpg,1.0,0.10965026915073395,0
/media/D1/ait_users/staff122/deepfake_project/outputs_deepfake_project/dfdc_subset_77_jpg/test/fake/fake_001369.jpg,1.0,0.9842849373817444,1
/media/D1/ait_users/staff122/deepfake_project/outputs_deepfake_project/dfdc_subset_77_jpg/test/fake/fake_001370.jpg,1.0,0.8758006691932678,1
/media/D1/ait_users/staff122/deepfake_project/outputs_deepfake_project/dfdc_subset_77_jpg/test/fake/fake_001371.jpg,1.0,0.944605827331543,1
/media/D1/ait_users/staff122/deepfake_project/outputs_deepfake_project/dfdc_subset_77_jpg/test/fake/fake_001372.jpg,1.0,0.8035626411437988,1
/media/D1/ait_users/staff122/deepfake_project/outputs_deepfake_project/dfdc_subset_77_jpg/test/fake/fake_001373.jpg,1.0,0.9154894948005676,1
/media/D1/ait_users/staff122/deepfake_project/outputs_deepfake_project/dfdc_subset_77_jpg/test/fake/fake_001374.jpg,1.0,0.7273627519607544,1
/media/D1/ait_users/staff122/deepfake_project/outputs_deepfake_project/dfdc_subset_77_jpg/test/fake/fake_001375.jpg,1.0,0.04895449057221413,0
/media/D1/ait_users/staff122/deepfake_project/outputs_deepfake_project/dfdc_subset_77_jpg/test/fake/fake_001376.jpg,1.0,0.999927282333374,1
/media/D1/ait_users/staff122/deepfake_project/outputs_deepfake_project/dfdc_subset_77_jpg/test/fake/fake_001377.jpg,1.0,0.9998565912246704,1
/media/D1/ait_users/staff122/deepfake_project/outputs_deepfake_project/dfdc_subset_77_jpg/test/fake/fake_001378.jpg,1.0,0.999506950378418,1
/media/D1/ait_users/staff122/deepfake_project/outputs_deepfake_project/dfdc_subset_77_jpg/test/fake/fake_001379.jpg,1.0,0.999962329864502,1
/media/D1/ait_users/staff122/deepfake_project/outputs_deepfake_project/dfdc_subset_77_jpg/test/fake/fake_001380.jpg,1.0,0.999381422996521,1
/media/D1/ait_users/staff122/deepfake_project/outputs_deepfake_project/dfdc_subset_77_jpg/test/fake/fake_001381.jpg,1.0,0.9999916553497314,1
/media/D1/ait_users/staff122/deepfake_project/outputs_deepfake_project/dfdc_subset_77_jpg/test/fake/fake_001382.jpg,1.0,0.9976243376731873,1
/media/D1/ait_users/staff122/deepfake_project/outputs_deepfake_project/dfdc_subset_77_jpg/test/fake/fake_001383.jpg,1.0,0.9999325275421143,1
/media/D1/ait_users/staff122/deepfake_project/outputs_deepfake_project/dfdc_subset_77_jpg/test/fake/fake_001384.jpg,1.0,0.8999403119087219,1
/media/D1/ait_users/staff122/deepfake_project/outputs_deepfake_project/dfdc_subset_77_jpg/test/fake/fake_001385.jpg,1.0,1.0,1
/media/D1/ait_users/staff122/deepfake_project/outputs_deepfake_project/dfdc_subset_77_jpg/test/fake/fake_001386.jpg,1.0,0.9868484735488892,1
/media/D1/ait_users/staff122/deepfake_project/outputs_deepfake_project/dfdc_subset_77_jpg/test/fake/fake_001387.jpg,1.0,0.9999948740005493,1
/media/D1/ait_users/staff122/deepfake_project/outputs_deepfake_project/dfdc_subset_77_jpg/test/fake/fake_001388.jpg,1.0,0.9998917579650879,1
/media/D1/ait_users/staff122/deepfake_project/outputs_deepfake_project/dfdc_subset_77_jpg/test/fake/fake_001389.jpg,1.0,0.9999998807907104,1
/media/D1/ait_users/staff122/deepfake_project/outputs_deepfake_project/dfdc_subset_77_jpg/test/fake/fake_001390.jpg,1.0,0.7840666174888611,1
/media/D1/ait_users/staff122/deepfake_project/outputs_deepfake_project/dfdc_subset_77_jpg/test/fake/fake_001391.jpg,1.0,0.9999986886978149,1
/media/D1/ait_users/staff122/deepfake_project/outputs_deepfake_project/dfdc_subset_77_jpg/test/fake/fake_001392.jpg,1.0,0.9999898672103882,1
/media/D1/ait_users/staff122/deepfake_project/outputs_deepfake_project/dfdc_subset_77_jpg/test/fake/fake_001393.jpg,1.0,0.9999765157699585,1
/media/D1/ait_users/staff122/deepfake_project/outputs_deepfake_project/dfdc_subset_77_jpg/test/fake/fake_001394.jpg,1.0,0.9999649524688721,1
/media/D1/ait_users/staff122/deepfake_project/outputs_deepfake_project/dfdc_subset_77_jpg/test/fake/fake_001395.jpg,1.0,0.9999759197235107,1
/media/D1/ait_users/staff122/deepfake_project/outputs_deepfake_project/dfdc_subset_77_jpg/test/fake/fake_001396.jpg,1.0,0.9999918937683105,1
/media/D1/ait_users/staff122/deepfake_project/outputs_deepfake_project/dfdc_subset_77_jpg/test/fake/fake_001397.jpg,1.0,0.9999055862426758,1
/media/D1/ait_users/staff122/deepfake_project/outputs_deepfake_project/dfdc_subset_77_jpg/test/fake/fake_001398.jpg,1.0,1.0,1
/media/D1/ait_users/staff122/deepfake_project/outputs_deepfake_project/dfdc_subset_77_jpg/test/fake/fake_001399.jpg,1.0,0.9953848719596863,1
/media/D1/ait_users/staff122/deepfake_project/outputs_deepfake_project/dfdc_subset_77_jpg/test/fake/fake_001400.jpg,1.0,0.9412114024162292,1
/media/D1/ait_users/staff122/deepfake_project/outputs_deepfake_project/dfdc_subset_77_jpg/test/fake/fake_001401.jpg,1.0,0.9951192140579224,1
/media/D1/ait_users/staff122/deepfake_project/outputs_deepfake_project/dfdc_subset_77_jpg/test/fake/fake_001402.jpg,1.0,0.9997237324714661,1
/media/D1/ait_users/staff122/deepfake_project/outputs_deepfake_project/dfdc_subset_77_jpg/test/fake/fake_001403.jpg,1.0,0.9414020776748657,1
/media/D1/ait_users/staff122/deepfake_project/outputs_deepfake_project/dfdc_subset_77_jpg/test/fake/fake_001404.jpg,1.0,0.9956117272377014,1
/media/D1/ait_users/staff122/deepfake_project/outputs_deepfake_project/dfdc_subset_77_jpg/test/fake/fake_001405.jpg,1.0,0.9879263639450073,1
/media/D1/ait_users/staff122/deepfake_project/outputs_deepfake_project/dfdc_subset_77_jpg/test/fake/fake_001406.jpg,1.0,0.9983599781990051,1
/media/D1/ait_users/staff122/deepfake_project/outputs_deepfake_project/dfdc_subset_77_jpg/test/fake/fake_001407.jpg,1.0,0.8197817206382751,1
/media/D1/ait_users/staff122/deepfake_project/outputs_deepfake_project/dfdc_subset_77_jpg/test/fake/fake_001408.jpg,1.0,0.9350070357322693,1
/media/D1/ait_users/staff122/deepfake_project/outputs_deepfake_project/dfdc_subset_77_jpg/test/fake/fake_001409.jpg,1.0,0.9999090433120728,1
/media/D1/ait_users/staff122/deepfake_project/outputs_deepfake_project/dfdc_subset_77_jpg/test/fake/fake_001410.jpg,1.0,0.9577202796936035,1
/media/D1/ait_users/staff122/deepfake_project/outputs_deepfake_project/dfdc_subset_77_jpg/test/fake/fake_001411.jpg,1.0,0.030259117484092712,0
/media/D1/ait_users/staff122/deepfake_project/outputs_deepfake_project/dfdc_subset_77_jpg/test/fake/fake_001412.jpg,1.0,0.9993497729301453,1
/media/D1/ait_users/staff122/deepfake_project/outputs_deepfake_project/dfdc_subset_77_jpg/test/fake/fake_001413.jpg,1.0,0.9986162185668945,1
/media/D1/ait_users/staff122/deepfake_project/outputs_deepfake_project/dfdc_subset_77_jpg/test/fake/fake_001414.jpg,1.0,0.9999521970748901,1
/media/D1/ait_users/staff122/deepfake_project/outputs_deepfake_project/dfdc_subset_77_jpg/test/fake/fake_001415.jpg,1.0,0.9987136125564575,1
/media/D1/ait_users/staff122/deepfake_project/outputs_deepfake_project/dfdc_subset_77_jpg/test/fake/fake_001416.jpg,1.0,0.9999295473098755,1
/media/D1/ait_users/staff122/deepfake_project/outputs_deepfake_project/dfdc_subset_77_jpg/test/fake/fake_001417.jpg,1.0,0.9998656511306763,1
/media/D1/ait_users/staff122/deepfake_project/outputs_deepfake_project/dfdc_subset_77_jpg/test/fake/fake_001418.jpg,1.0,0.9320376515388489,1
/media/D1/ait_users/staff122/deepfake_project/outputs_deepfake_project/dfdc_subset_77_jpg/test/fake/fake_001419.jpg,1.0,0.9984371066093445,1
/media/D1/ait_users/staff122/deepfake_project/outputs_deepfake_project/dfdc_subset_77_jpg/test/fake/fake_001420.jpg,1.0,0.9995737671852112,1
/media/D1/ait_users/staff122/deepfake_project/outputs_deepfake_project/dfdc_subset_77_jpg/test/fake/fake_001421.jpg,1.0,0.9968191385269165,1
/media/D1/ait_users/staff122/deepfake_project/outputs_deepfake_project/dfdc_subset_77_jpg/test/fake/fake_001422.jpg,1.0,0.9984626770019531,1
/media/D1/ait_users/staff122/deepfake_project/outputs_deepfake_project/dfdc_subset_77_jpg/test/fake/fake_001423.jpg,1.0,0.7916036248207092,1
/media/D1/ait_users/staff122/deepfake_project/outputs_deepfake_project/dfdc_subset_77_jpg/test/fake/fake_001424.jpg,1.0,0.9663614630699158,1
/media/D1/ait_users/staff122/deepfake_project/outputs_deepfake_project/dfdc_subset_77_jpg/test/fake/fake_001425.jpg,1.0,0.9687798023223877,1
/media/D1/ait_users/staff122/deepfake_project/outputs_deepfake_project/dfdc_subset_77_jpg/test/fake/fake_001426.jpg,1.0,0.9953728318214417,1
/media/D1/ait_users/staff122/deepfake_project/outputs_deepfake_project/dfdc_subset_77_jpg/test/fake/fake_001427.jpg,1.0,0.9999662637710571,1
/media/D1/ait_users/staff122/deepfake_project/outputs_deepfake_project/dfdc_subset_77_jpg/test/fake/fake_001428.jpg,1.0,0.9978944659233093,1
/media/D1/ait_users/staff122/deepfake_project/outputs_deepfake_project/dfdc_subset_77_jpg/test/fake/fake_001429.jpg,1.0,0.9996594190597534,1
/media/D1/ait_users/staff122/deepfake_project/outputs_deepfake_project/dfdc_subset_77_jpg/test/fake/fake_001430.jpg,1.0,0.9998751878738403,1
/media/D1/ait_users/staff122/deepfake_project/outputs_deepfake_project/dfdc_subset_77_jpg/test/fake/fake_001431.jpg,1.0,0.9985167384147644,1
/media/D1/ait_users/staff122/deepfake_project/outputs_deepfake_project/dfdc_subset_77_jpg/test/fake/fake_001432.jpg,1.0,0.9999903440475464,1
/media/D1/ait_users/staff122/deepfake_project/outputs_deepfake_project/dfdc_subset_77_jpg/test/fake/fake_001433.jpg,1.0,0.9382244944572449,1
/media/D1/ait_users/staff122/deepfake_project/outputs_deepfake_project/dfdc_subset_77_jpg/test/fake/fake_001434.jpg,1.0,0.6694828867912292,1
/media/D1/ait_users/staff122/deepfake_project/outputs_deepfake_project/dfdc_subset_77_jpg/test/fake/fake_001435.jpg,1.0,0.9985358715057373,1
/media/D1/ait_users/staff122/deepfake_project/outputs_deepfake_project/dfdc_subset_77_jpg/test/fake/fake_001436.jpg,1.0,0.9870492815971375,1
/media/D1/ait_users/staff122/deepfake_project/outputs_deepfake_project/dfdc_subset_77_jpg/test/fake/fake_001437.jpg,1.0,0.9845495223999023,1
/media/D1/ait_users/staff122/deepfake_project/outputs_deepfake_project/dfdc_subset_77_jpg/test/fake/fake_001438.jpg,1.0,0.9735600352287292,1
/media/D1/ait_users/staff122/deepfake_project/outputs_deepfake_project/dfdc_subset_77_jpg/test/fake/fake_001439.jpg,1.0,0.9913980960845947,1
/media/D1/ait_users/staff122/deepfake_project/outputs_deepfake_project/dfdc_subset_77_jpg/test/fake/fake_001440.jpg,1.0,0.9324430227279663,1
/media/D1/ait_users/staff122/deepfake_project/outputs_deepfake_project/dfdc_subset_77_jpg/test/fake/fake_001441.jpg,1.0,0.7902803421020508,1
/media/D1/ait_users/staff122/deepfake_project/outputs_deepfake_project/dfdc_subset_77_jpg/test/fake/fake_001442.jpg,1.0,0.8934706449508667,1
/media/D1/ait_users/staff122/deepfake_project/outputs_deepfake_project/dfdc_subset_77_jpg/test/fake/fake_001443.jpg,1.0,8.797907503321767e-05,0
/media/D1/ait_users/staff122/deepfake_project/outputs_deepfake_project/dfdc_subset_77_jpg/test/fake/fake_001444.jpg,1.0,0.022112788632512093,0
/media/D1/ait_users/staff122/deepfake_project/outputs_deepfake_project/dfdc_subset_77_jpg/test/fake/fake_001445.jpg,1.0,0.13659900426864624,0
/media/D1/ait_users/staff122/deepfake_project/outputs_deepfake_project/dfdc_subset_77_jpg/test/fake/fake_001446.jpg,1.0,0.00022028665989637375,0
/media/D1/ait_users/staff122/deepfake_project/outputs_deepfake_project/dfdc_subset_77_jpg/test/fake/fake_001447.jpg,1.0,0.007818932645022869,0
/media/D1/ait_users/staff122/deepfake_project/outputs_deepfake_project/dfdc_subset_77_jpg/test/fake/fake_001448.jpg,1.0,0.02759990096092224,0
/media/D1/ait_users/staff122/deepfake_project/outputs_deepfake_project/dfdc_subset_77_jpg/test/fake/fake_001449.jpg,1.0,0.011863513849675655,0
/media/D1/ait_users/staff122/deepfake_project/outputs_deepfake_project/dfdc_subset_77_jpg/test/fake/fake_001450.jpg,1.0,0.048984892666339874,0
/media/D1/ait_users/staff122/deepfake_project/outputs_deepfake_project/dfdc_subset_77_jpg/test/fake/fake_001451.jpg,1.0,0.07055488973855972,0
/media/D1/ait_users/staff122/deepfake_project/outputs_deepfake_project/dfdc_subset_77_jpg/test/fake/fake_001452.jpg,1.0,0.017033185809850693,0
/media/D1/ait_users/staff122/deepfake_project/outputs_deepfake_project/dfdc_subset_77_jpg/test/fake/fake_001453.jpg,1.0,0.00024857494281604886,0
/media/D1/ait_users/staff122/deepfake_project/outputs_deepfake_project/dfdc_subset_77_jpg/test/fake/fake_001454.jpg,1.0,0.05626551806926727,0
/media/D1/ait_users/staff122/deepfake_project/outputs_deepfake_project/dfdc_subset_77_jpg/test/fake/fake_001455.jpg,1.0,0.3339199721813202,0
/media/D1/ait_users/staff122/deepfake_project/outputs_deepfake_project/dfdc_subset_77_jpg/test/fake/fake_001456.jpg,1.0,0.3758741617202759,0
/media/D1/ait_users/staff122/deepfake_project/outputs_deepfake_project/dfdc_subset_77_jpg/test/fake/fake_001457.jpg,1.0,0.6925771236419678,1
/media/D1/ait_users/staff122/deepfake_project/outputs_deepfake_project/dfdc_subset_77_jpg/test/fake/fake_001458.jpg,1.0,0.4659639894962311,0
/media/D1/ait_users/staff122/deepfake_project/outputs_deepfake_project/dfdc_subset_77_jpg/test/fake/fake_001459.jpg,1.0,0.44570526480674744,0
/media/D1/ait_users/staff122/deepfake_project/outputs_deepfake_project/dfdc_subset_77_jpg/test/fake/fake_001460.jpg,1.0,0.9944862723350525,1
/media/D1/ait_users/staff122/deepfake_project/outputs_deepfake_project/dfdc_subset_77_jpg/test/fake/fake_001461.jpg,1.0,0.16590534150600433,0
/media/D1/ait_users/staff122/deepfake_project/outputs_deepfake_project/dfdc_subset_77_jpg/test/fake/fake_001462.jpg,1.0,0.00010162198304897174,0
/media/D1/ait_users/staff122/deepfake_project/outputs_deepfake_project/dfdc_subset_77_jpg/test/fake/fake_001463.jpg,1.0,0.8531350493431091,1
/media/D1/ait_users/staff122/deepfake_project/outputs_deepfake_project/dfdc_subset_77_jpg/test/fake/fake_001464.jpg,1.0,0.40419602394104004,0
/media/D1/ait_users/staff122/deepfake_project/outputs_deepfake_project/dfdc_subset_77_jpg/test/fake/fake_001465.jpg,1.0,0.9982060194015503,1
/media/D1/ait_users/staff122/deepfake_project/outputs_deepfake_project/dfdc_subset_77_jpg/test/fake/fake_001466.jpg,1.0,0.00102213304489851,0
/media/D1/ait_users/staff122/deepfake_project/outputs_deepfake_project/dfdc_subset_77_jpg/test/fake/fake_001467.jpg,1.0,0.02558496966958046,0
/media/D1/ait_users/staff122/deepfake_project/outputs_deepfake_project/dfdc_subset_77_jpg/test/fake/fake_001468.jpg,1.0,0.01586105301976204,0
/media/D1/ait_users/staff122/deepfake_project/outputs_deepfake_project/dfdc_subset_77_jpg/test/fake/fake_001469.jpg,1.0,0.5605937242507935,1
/media/D1/ait_users/staff122/deepfake_project/outputs_deepfake_project/dfdc_subset_77_jpg/test/fake/fake_001470.jpg,1.0,0.9000182747840881,1
/media/D1/ait_users/staff122/deepfake_project/outputs_deepfake_project/dfdc_subset_77_jpg/test/fake/fake_001471.jpg,1.0,0.19749337434768677,0
/media/D1/ait_users/staff122/deepfake_project/outputs_deepfake_project/dfdc_subset_77_jpg/test/fake/fake_001472.jpg,1.0,0.0840916782617569,0
/media/D1/ait_users/staff122/deepfake_project/outputs_deepfake_project/dfdc_subset_77_jpg/test/fake/fake_001473.jpg,1.0,0.47509273886680603,0
/media/D1/ait_users/staff122/deepfake_project/outputs_deepfake_project/dfdc_subset_77_jpg/test/fake/fake_001474.jpg,1.0,0.13575004041194916,0
/media/D1/ait_users/staff122/deepfake_project/outputs_deepfake_project/dfdc_subset_77_jpg/test/fake/fake_001475.jpg,1.0,0.04792401194572449,0
/media/D1/ait_users/staff122/deepfake_project/outputs_deepfake_project/dfdc_subset_77_jpg/test/fake/fake_001476.jpg,1.0,0.4270673990249634,0
/media/D1/ait_users/staff122/deepfake_project/outputs_deepfake_project/dfdc_subset_77_jpg/test/fake/fake_001477.jpg,1.0,0.9594094753265381,1
/media/D1/ait_users/staff122/deepfake_project/outputs_deepfake_project/dfdc_subset_77_jpg/test/fake/fake_001478.jpg,1.0,0.8357619643211365,1
/media/D1/ait_users/staff122/deepfake_project/outputs_deepfake_project/dfdc_subset_77_jpg/test/fake/fake_001479.jpg,1.0,0.8211634159088135,1
/media/D1/ait_users/staff122/deepfake_project/outputs_deepfake_project/dfdc_subset_77_jpg/test/fake/fake_001480.jpg,1.0,0.902521014213562,1
/media/D1/ait_users/staff122/deepfake_project/outputs_deepfake_project/dfdc_subset_77_jpg/test/fake/fake_001481.jpg,1.0,0.8824319243431091,1
/media/D1/ait_users/staff122/deepfake_project/outputs_deepfake_project/dfdc_subset_77_jpg/test/fake/fake_001482.jpg,1.0,0.7687204480171204,1
/media/D1/ait_users/staff122/deepfake_project/outputs_deepfake_project/dfdc_subset_77_jpg/test/fake/fake_001483.jpg,1.0,0.6494418382644653,1
/media/D1/ait_users/staff122/deepfake_project/outputs_deepfake_project/dfdc_subset_77_jpg/test/fake/fake_001484.jpg,1.0,0.4796377420425415,0
/media/D1/ait_users/staff122/deepfake_project/outputs_deepfake_project/dfdc_subset_77_jpg/test/fake/fake_001485.jpg,1.0,0.5471900105476379,1
/media/D1/ait_users/staff122/deepfake_project/outputs_deepfake_project/dfdc_subset_77_jpg/test/fake/fake_001486.jpg,1.0,0.9519881010055542,1
/media/D1/ait_users/staff122/deepfake_project/outputs_deepfake_project/dfdc_subset_77_jpg/test/fake/fake_001487.jpg,1.0,0.5845614075660706,1
/media/D1/ait_users/staff122/deepfake_project/outputs_deepfake_project/dfdc_subset_77_jpg/test/fake/fake_001488.jpg,1.0,0.9062342643737793,1
/media/D1/ait_users/staff122/deepfake_project/outputs_deepfake_project/dfdc_subset_77_jpg/test/fake/fake_001489.jpg,1.0,0.41471144556999207,0
/media/D1/ait_users/staff122/deepfake_project/outputs_deepfake_project/dfdc_subset_77_jpg/test/fake/fake_001490.jpg,1.0,0.24378401041030884,0
/media/D1/ait_users/staff122/deepfake_project/outputs_deepfake_project/dfdc_subset_77_jpg/test/fake/fake_001491.jpg,1.0,0.04803789034485817,0
/media/D1/ait_users/staff122/deepfake_project/outputs_deepfake_project/dfdc_subset_77_jpg/test/fake/fake_001492.jpg,1.0,0.28300535678863525,0
/media/D1/ait_users/staff122/deepfake_project/outputs_deepfake_project/dfdc_subset_77_jpg/test/fake/fake_001493.jpg,1.0,0.585181713104248,1
/media/D1/ait_users/staff122/deepfake_project/outputs_deepfake_project/dfdc_subset_77_jpg/test/fake/fake_001494.jpg,1.0,0.5670632719993591,1
/media/D1/ait_users/staff122/deepfake_project/outputs_deepfake_project/dfdc_subset_77_jpg/test/fake/fake_001495.jpg,1.0,0.8380007743835449,1
/media/D1/ait_users/staff122/deepfake_project/outputs_deepfake_project/dfdc_subset_77_jpg/test/fake/fake_001496.jpg,1.0,0.0035412530414760113,0
/media/D1/ait_users/staff122/deepfake_project/outputs_deepfake_project/dfdc_subset_77_jpg/test/fake/fake_001497.jpg,1.0,0.8444265127182007,1
/media/D1/ait_users/staff122/deepfake_project/outputs_deepfake_project/dfdc_subset_77_jpg/test/fake/fake_001498.jpg,1.0,0.9310292601585388,1
/media/D1/ait_users/staff122/deepfake_project/outputs_deepfake_project/dfdc_subset_77_jpg/test/fake/fake_001499.jpg,1.0,0.985453724861145,1
/media/D1/ait_users/staff122/deepfake_project/outputs_deepfake_project/dfdc_subset_77_jpg/test/fake/fake_001500.jpg,1.0,0.9283446669578552,1
/media/D1/ait_users/staff122/deepfake_project/outputs_deepfake_project/dfdc_subset_77_jpg/test/fake/fake_001501.jpg,1.0,0.2405112236738205,0
/media/D1/ait_users/staff122/deepfake_project/outputs_deepfake_project/dfdc_subset_77_jpg/test/fake/fake_001502.jpg,1.0,0.8708315491676331,1
/media/D1/ait_users/staff122/deepfake_project/outputs_deepfake_project/dfdc_subset_77_jpg/test/fake/fake_001503.jpg,1.0,0.32676610350608826,0
/media/D1/ait_users/staff122/deepfake_project/outputs_deepfake_project/dfdc_subset_77_jpg/test/fake/fake_001504.jpg,1.0,0.02502942457795143,0
/media/D1/ait_users/staff122/deepfake_project/outputs_deepfake_project/dfdc_subset_77_jpg/test/fake/fake_001505.jpg,1.0,0.5111352801322937,1
/media/D1/ait_users/staff122/deepfake_project/outputs_deepfake_project/dfdc_subset_77_jpg/test/fake/fake_001506.jpg,1.0,0.2031799554824829,0
/media/D1/ait_users/staff122/deepfake_project/outputs_deepfake_project/dfdc_subset_77_jpg/test/fake/fake_001507.jpg,1.0,0.9308496713638306,1
/media/D1/ait_users/staff122/deepfake_project/outputs_deepfake_project/dfdc_subset_77_jpg/test/fake/fake_001508.jpg,1.0,0.905022382736206,1
/media/D1/ait_users/staff122/deepfake_project/outputs_deepfake_project/dfdc_subset_77_jpg/test/fake/fake_001509.jpg,1.0,0.13756512105464935,0
/media/D1/ait_users/staff122/deepfake_project/outputs_deepfake_project/dfdc_subset_77_jpg/test/fake/fake_001510.jpg,1.0,0.8155015110969543,1
/media/D1/ait_users/staff122/deepfake_project/outputs_deepfake_project/dfdc_subset_77_jpg/test/fake/fake_001511.jpg,1.0,0.8277850151062012,1
/media/D1/ait_users/staff122/deepfake_project/outputs_deepfake_project/dfdc_subset_77_jpg/test/fake/fake_001512.jpg,1.0,0.04150079935789108,0
/media/D1/ait_users/staff122/deepfake_project/outputs_deepfake_project/dfdc_subset_77_jpg/test/fake/fake_001513.jpg,1.0,0.010828254744410515,0
/media/D1/ait_users/staff122/deepfake_project/outputs_deepfake_project/dfdc_subset_77_jpg/test/fake/fake_001514.jpg,1.0,0.0091236662119627,0
/media/D1/ait_users/staff122/deepfake_project/outputs_deepfake_project/dfdc_subset_77_jpg/test/fake/fake_001515.jpg,1.0,0.22956620156764984,0
/media/D1/ait_users/staff122/deepfake_project/outputs_deepfake_project/dfdc_subset_77_jpg/test/fake/fake_001516.jpg,1.0,0.0059891375713050365,0
/media/D1/ait_users/staff122/deepfake_project/outputs_deepfake_project/dfdc_subset_77_jpg/test/fake/fake_001517.jpg,1.0,0.026650546118617058,0
/media/D1/ait_users/staff122/deepfake_project/outputs_deepfake_project/dfdc_subset_77_jpg/test/fake/fake_001518.jpg,1.0,0.01883721351623535,0
/media/D1/ait_users/staff122/deepfake_project/outputs_deepfake_project/dfdc_subset_77_jpg/test/fake/fake_001519.jpg,1.0,0.053567320108413696,0
/media/D1/ait_users/staff122/deepfake_project/outputs_deepfake_project/dfdc_subset_77_jpg/test/fake/fake_001520.jpg,1.0,0.02006232738494873,0
/media/D1/ait_users/staff122/deepfake_project/outputs_deepfake_project/dfdc_subset_77_jpg/test/fake/fake_001521.jpg,1.0,0.016948312520980835,0
/media/D1/ait_users/staff122/deepfake_project/outputs_deepfake_project/dfdc_subset_77_jpg/test/fake/fake_001522.jpg,1.0,0.05811401084065437,0
/media/D1/ait_users/staff122/deepfake_project/outputs_deepfake_project/dfdc_subset_77_jpg/test/fake/fake_001523.jpg,1.0,0.008153312839567661,0
/media/D1/ait_users/staff122/deepfake_project/outputs_deepfake_project/dfdc_subset_77_jpg/test/fake/fake_001524.jpg,1.0,0.1364782601594925,0
/media/D1/ait_users/staff122/deepfake_project/outputs_deepfake_project/dfdc_subset_77_jpg/test/fake/fake_001525.jpg,1.0,0.3623548746109009,0
/media/D1/ait_users/staff122/deepfake_project/outputs_deepfake_project/dfdc_subset_77_jpg/test/fake/fake_001526.jpg,1.0,0.6266559958457947,1
/media/D1/ait_users/staff122/deepfake_project/outputs_deepfake_project/dfdc_subset_77_jpg/test/fake/fake_001527.jpg,1.0,0.864578127861023,1
/media/D1/ait_users/staff122/deepfake_project/outputs_deepfake_project/dfdc_subset_77_jpg/test/fake/fake_001528.jpg,1.0,0.272215873003006,0
/media/D1/ait_users/staff122/deepfake_project/outputs_deepfake_project/dfdc_subset_77_jpg/test/fake/fake_001529.jpg,1.0,0.21958187222480774,0
/media/D1/ait_users/staff122/deepfake_project/outputs_deepfake_project/dfdc_subset_77_jpg/test/fake/fake_001530.jpg,1.0,0.03621404618024826,0
/media/D1/ait_users/staff122/deepfake_project/outputs_deepfake_project/dfdc_subset_77_jpg/test/fake/fake_001531.jpg,1.0,0.03276713937520981,0
/media/D1/ait_users/staff122/deepfake_project/outputs_deepfake_project/dfdc_subset_77_jpg/test/fake/fake_001532.jpg,1.0,0.02040187269449234,0
/media/D1/ait_users/staff122/deepfake_project/outputs_deepfake_project/dfdc_subset_77_jpg/test/fake/fake_001533.jpg,1.0,0.1766471415758133,0
/media/D1/ait_users/staff122/deepfake_project/outputs_deepfake_project/dfdc_subset_77_jpg/test/fake/fake_001534.jpg,1.0,0.2724217474460602,0
/media/D1/ait_users/staff122/deepfake_project/outputs_deepfake_project/dfdc_subset_77_jpg/test/fake/fake_001535.jpg,1.0,0.42789679765701294,0
/media/D1/ait_users/staff122/deepfake_project/outputs_deepfake_project/dfdc_subset_77_jpg/test/fake/fake_001536.jpg,1.0,0.9999979734420776,1
/media/D1/ait_users/staff122/deepfake_project/outputs_deepfake_project/dfdc_subset_77_jpg/test/fake/fake_001537.jpg,1.0,0.9999947547912598,1
/media/D1/ait_users/staff122/deepfake_project/outputs_deepfake_project/dfdc_subset_77_jpg/test/fake/fake_001538.jpg,1.0,0.9999980926513672,1
/media/D1/ait_users/staff122/deepfake_project/outputs_deepfake_project/dfdc_subset_77_jpg/test/fake/fake_001539.jpg,1.0,0.9999973773956299,1
/media/D1/ait_users/staff122/deepfake_project/outputs_deepfake_project/dfdc_subset_77_jpg/test/fake/fake_001540.jpg,1.0,1.0,1
/media/D1/ait_users/staff122/deepfake_project/outputs_deepfake_project/dfdc_subset_77_jpg/test/fake/fake_001541.jpg,1.0,0.9999895095825195,1
/media/D1/ait_users/staff122/deepfake_project/outputs_deepfake_project/dfdc_subset_77_jpg/test/fake/fake_001542.jpg,1.0,0.9999994039535522,1
/media/D1/ait_users/staff122/deepfake_project/outputs_deepfake_project/dfdc_subset_77_jpg/test/fake/fake_001543.jpg,1.0,0.9999868869781494,1
/media/D1/ait_users/staff122/deepfake_project/outputs_deepfake_project/dfdc_subset_77_jpg/test/fake/fake_001544.jpg,1.0,0.999998927116394,1
/media/D1/ait_users/staff122/deepfake_project/outputs_deepfake_project/dfdc_subset_77_jpg/test/fake/fake_001545.jpg,1.0,0.9999996423721313,1
/media/D1/ait_users/staff122/deepfake_project/outputs_deepfake_project/dfdc_subset_77_jpg/test/fake/fake_001546.jpg,1.0,0.9999939203262329,1
/media/D1/ait_users/staff122/deepfake_project/outputs_deepfake_project/dfdc_subset_77_jpg/test/fake/fake_001547.jpg,1.0,0.9999887943267822,1
/media/D1/ait_users/staff122/deepfake_project/outputs_deepfake_project/dfdc_subset_77_jpg/test/fake/fake_001548.jpg,1.0,0.9999964237213135,1
/media/D1/ait_users/staff122/deepfake_project/outputs_deepfake_project/dfdc_subset_77_jpg/test/fake/fake_001549.jpg,1.0,0.9999868869781494,1
/media/D1/ait_users/staff122/deepfake_project/outputs_deepfake_project/dfdc_subset_77_jpg/test/fake/fake_001550.jpg,1.0,0.9999507665634155,1
/media/D1/ait_users/staff122/deepfake_project/outputs_deepfake_project/dfdc_subset_77_jpg/test/fake/fake_001551.jpg,1.0,0.9999995231628418,1
/media/D1/ait_users/staff122/deepfake_project/outputs_deepfake_project/dfdc_subset_77_jpg/test/fake/fake_001552.jpg,1.0,0.9999971389770508,1
/media/D1/ait_users/staff122/deepfake_project/outputs_deepfake_project/dfdc_subset_77_jpg/test/fake/fake_001553.jpg,1.0,0.9999996423721313,1
/media/D1/ait_users/staff122/deepfake_project/outputs_deepfake_project/dfdc_subset_77_jpg/test/fake/fake_001554.jpg,1.0,0.9999998807907104,1
/media/D1/ait_users/staff122/deepfake_project/outputs_deepfake_project/dfdc_subset_77_jpg/test/fake/fake_001555.jpg,1.0,0.9999998807907104,1
/media/D1/ait_users/staff122/deepfake_project/outputs_deepfake_project/dfdc_subset_77_jpg/test/fake/fake_001556.jpg,1.0,0.9999998807907104,1
/media/D1/ait_users/staff122/deepfake_project/outputs_deepfake_project/dfdc_subset_77_jpg/test/fake/fake_001557.jpg,1.0,0.9999847412109375,1
/media/D1/ait_users/staff122/deepfake_project/outputs_deepfake_project/dfdc_subset_77_jpg/test/fake/fake_001558.jpg,1.0,0.9999936819076538,1
/media/D1/ait_users/staff122/deepfake_project/outputs_deepfake_project/dfdc_subset_77_jpg/test/fake/fake_001559.jpg,1.0,0.9999973773956299,1
/media/D1/ait_users/staff122/deepfake_project/outputs_deepfake_project/dfdc_subset_77_jpg/test/fake/fake_001560.jpg,1.0,0.9999866485595703,1
/media/D1/ait_users/staff122/deepfake_project/outputs_deepfake_project/dfdc_subset_77_jpg/test/fake/fake_001561.jpg,1.0,0.9999998807907104,1
/media/D1/ait_users/staff122/deepfake_project/outputs_deepfake_project/dfdc_subset_77_jpg/test/fake/fake_001562.jpg,1.0,0.9999990463256836,1
/media/D1/ait_users/staff122/deepfake_project/outputs_deepfake_project/dfdc_subset_77_jpg/test/fake/fake_001563.jpg,1.0,0.9999240636825562,1
/media/D1/ait_users/staff122/deepfake_project/outputs_deepfake_project/dfdc_subset_77_jpg/test/fake/fake_001564.jpg,1.0,0.9999668598175049,1
/media/D1/ait_users/staff122/deepfake_project/outputs_deepfake_project/dfdc_subset_77_jpg/test/fake/fake_001565.jpg,1.0,0.9999768733978271,1
/media/D1/ait_users/staff122/deepfake_project/outputs_deepfake_project/dfdc_subset_77_jpg/test/fake/fake_001566.jpg,1.0,0.9999963045120239,1
/media/D1/ait_users/staff122/deepfake_project/outputs_deepfake_project/dfdc_subset_77_jpg/test/fake/fake_001567.jpg,1.0,0.9999998807907104,1
/media/D1/ait_users/staff122/deepfake_project/outputs_deepfake_project/dfdc_subset_77_jpg/test/fake/fake_001568.jpg,1.0,1.5195185369520914e-05,0
/media/D1/ait_users/staff122/deepfake_project/outputs_deepfake_project/dfdc_subset_77_jpg/test/fake/fake_001569.jpg,1.0,0.20923751592636108,0
/media/D1/ait_users/staff122/deepfake_project/outputs_deepfake_project/dfdc_subset_77_jpg/test/fake/fake_001570.jpg,1.0,0.011352714151144028,0
/media/D1/ait_users/staff122/deepfake_project/outputs_deepfake_project/dfdc_subset_77_jpg/test/fake/fake_001571.jpg,1.0,0.0047908928245306015,0
/media/D1/ait_users/staff122/deepfake_project/outputs_deepfake_project/dfdc_subset_77_jpg/test/fake/fake_001572.jpg,1.0,0.15564335882663727,0
/media/D1/ait_users/staff122/deepfake_project/outputs_deepfake_project/dfdc_subset_77_jpg/test/fake/fake_001573.jpg,1.0,0.00045185882481746376,0
/media/D1/ait_users/staff122/deepfake_project/outputs_deepfake_project/dfdc_subset_77_jpg/test/fake/fake_001574.jpg,1.0,0.07270796597003937,0
/media/D1/ait_users/staff122/deepfake_project/outputs_deepfake_project/dfdc_subset_77_jpg/test/fake/fake_001575.jpg,1.0,0.006414920557290316,0
/media/D1/ait_users/staff122/deepfake_project/outputs_deepfake_project/dfdc_subset_77_jpg/test/fake/fake_001576.jpg,1.0,0.00048124059685505927,0
/media/D1/ait_users/staff122/deepfake_project/outputs_deepfake_project/dfdc_subset_77_jpg/test/fake/fake_001577.jpg,1.0,0.005305028986185789,0
/media/D1/ait_users/staff122/deepfake_project/outputs_deepfake_project/dfdc_subset_77_jpg/test/fake/fake_001578.jpg,1.0,0.10227872431278229,0
/media/D1/ait_users/staff122/deepfake_project/outputs_deepfake_project/dfdc_subset_77_jpg/test/fake/fake_001579.jpg,1.0,0.28562361001968384,0
/media/D1/ait_users/staff122/deepfake_project/outputs_deepfake_project/dfdc_subset_77_jpg/test/fake/fake_001580.jpg,1.0,0.28836336731910706,0
/media/D1/ait_users/staff122/deepfake_project/outputs_deepfake_project/dfdc_subset_77_jpg/test/fake/fake_001581.jpg,1.0,0.655401349067688,1
/media/D1/ait_users/staff122/deepfake_project/outputs_deepfake_project/dfdc_subset_77_jpg/test/fake/fake_001582.jpg,1.0,0.7052900791168213,1
/media/D1/ait_users/staff122/deepfake_project/outputs_deepfake_project/dfdc_subset_77_jpg/test/fake/fake_001583.jpg,1.0,0.03220551088452339,0
/media/D1/ait_users/staff122/deepfake_project/outputs_deepfake_project/dfdc_subset_77_jpg/test/fake/fake_001584.jpg,1.0,5.251292168395594e-05,0
/media/D1/ait_users/staff122/deepfake_project/outputs_deepfake_project/dfdc_subset_77_jpg/test/fake/fake_001585.jpg,1.0,0.00011112667561974376,0
/media/D1/ait_users/staff122/deepfake_project/outputs_deepfake_project/dfdc_subset_77_jpg/test/fake/fake_001586.jpg,1.0,0.00025210497551597655,0
/media/D1/ait_users/staff122/deepfake_project/outputs_deepfake_project/dfdc_subset_77_jpg/test/fake/fake_001587.jpg,1.0,0.0180283822119236,0
/media/D1/ait_users/staff122/deepfake_project/outputs_deepfake_project/dfdc_subset_77_jpg/test/fake/fake_001588.jpg,1.0,0.0876731127500534,0
/media/D1/ait_users/staff122/deepfake_project/outputs_deepfake_project/dfdc_subset_77_jpg/test/fake/fake_001589.jpg,1.0,0.8970714211463928,1
/media/D1/ait_users/staff122/deepfake_project/outputs_deepfake_project/dfdc_subset_77_jpg/test/fake/fake_001590.jpg,1.0,0.010641676373779774,0
/media/D1/ait_users/staff122/deepfake_project/outputs_deepfake_project/dfdc_subset_77_jpg/test/fake/fake_001591.jpg,1.0,0.00010239912080578506,0
/media/D1/ait_users/staff122/deepfake_project/outputs_deepfake_project/dfdc_subset_77_jpg/test/fake/fake_001592.jpg,1.0,0.04624674469232559,0
/media/D1/ait_users/staff122/deepfake_project/outputs_deepfake_project/dfdc_subset_77_jpg/test/fake/fake_001593.jpg,1.0,0.004753629676997662,0
/media/D1/ait_users/staff122/deepfake_project/outputs_deepfake_project/dfdc_subset_77_jpg/test/fake/fake_001594.jpg,1.0,0.00036078793345950544,0
/media/D1/ait_users/staff122/deepfake_project/outputs_deepfake_project/dfdc_subset_77_jpg/test/fake/fake_001595.jpg,1.0,0.7842331528663635,1
/media/D1/ait_users/staff122/deepfake_project/outputs_deepfake_project/dfdc_subset_77_jpg/test/fake/fake_001596.jpg,1.0,0.0023132171481847763,0
/media/D1/ait_users/staff122/deepfake_project/outputs_deepfake_project/dfdc_subset_77_jpg/test/fake/fake_001597.jpg,1.0,0.00032188670593313873,0
/media/D1/ait_users/staff122/deepfake_project/outputs_deepfake_project/dfdc_subset_77_jpg/test/fake/fake_001598.jpg,1.0,0.01992780715227127,0
/media/D1/ait_users/staff122/deepfake_project/outputs_deepfake_project/dfdc_subset_77_jpg/test/fake/fake_001599.jpg,1.0,3.142947389278561e-05,0
/media/D1/ait_users/staff122/deepfake_project/outputs_deepfake_project/dfdc_subset_77_jpg/test/fake/fake_001600.jpg,1.0,0.999975323677063,1
/media/D1/ait_users/staff122/deepfake_project/outputs_deepfake_project/dfdc_subset_77_jpg/test/fake/fake_001601.jpg,1.0,0.9999957084655762,1
/media/D1/ait_users/staff122/deepfake_project/outputs_deepfake_project/dfdc_subset_77_jpg/test/fake/fake_001602.jpg,1.0,0.9999984502792358,1
/media/D1/ait_users/staff122/deepfake_project/outputs_deepfake_project/dfdc_subset_77_jpg/test/fake/fake_001603.jpg,1.0,0.9999974966049194,1
/media/D1/ait_users/staff122/deepfake_project/outputs_deepfake_project/dfdc_subset_77_jpg/test/fake/fake_001604.jpg,1.0,0.9999997615814209,1
/media/D1/ait_users/staff122/deepfake_project/outputs_deepfake_project/dfdc_subset_77_jpg/test/fake/fake_001605.jpg,1.0,0.9999871253967285,1
/media/D1/ait_users/staff122/deepfake_project/outputs_deepfake_project/dfdc_subset_77_jpg/test/fake/fake_001606.jpg,1.0,0.9999189376831055,1
/media/D1/ait_users/staff122/deepfake_project/outputs_deepfake_project/dfdc_subset_77_jpg/test/fake/fake_001607.jpg,1.0,0.9999954700469971,1
/media/D1/ait_users/staff122/deepfake_project/outputs_deepfake_project/dfdc_subset_77_jpg/test/fake/fake_001608.jpg,1.0,0.9999527931213379,1
/media/D1/ait_users/staff122/deepfake_project/outputs_deepfake_project/dfdc_subset_77_jpg/test/fake/fake_001609.jpg,1.0,0.9999996423721313,1
/media/D1/ait_users/staff122/deepfake_project/outputs_deepfake_project/dfdc_subset_77_jpg/test/fake/fake_001610.jpg,1.0,0.9999833106994629,1
/media/D1/ait_users/staff122/deepfake_project/outputs_deepfake_project/dfdc_subset_77_jpg/test/fake/fake_001611.jpg,1.0,0.9999953508377075,1
/media/D1/ait_users/staff122/deepfake_project/outputs_deepfake_project/dfdc_subset_77_jpg/test/fake/fake_001612.jpg,1.0,0.9999818801879883,1
/media/D1/ait_users/staff122/deepfake_project/outputs_deepfake_project/dfdc_subset_77_jpg/test/fake/fake_001613.jpg,1.0,0.9999591112136841,1
/media/D1/ait_users/staff122/deepfake_project/outputs_deepfake_project/dfdc_subset_77_jpg/test/fake/fake_001614.jpg,1.0,0.9999978542327881,1
/media/D1/ait_users/staff122/deepfake_project/outputs_deepfake_project/dfdc_subset_77_jpg/test/fake/fake_001615.jpg,1.0,0.9999934434890747,1
/media/D1/ait_users/staff122/deepfake_project/outputs_deepfake_project/dfdc_subset_77_jpg/test/fake/fake_001616.jpg,1.0,0.9999969005584717,1
/media/D1/ait_users/staff122/deepfake_project/outputs_deepfake_project/dfdc_subset_77_jpg/test/fake/fake_001617.jpg,1.0,0.9999970197677612,1
/media/D1/ait_users/staff122/deepfake_project/outputs_deepfake_project/dfdc_subset_77_jpg/test/fake/fake_001618.jpg,1.0,0.9999998807907104,1
/media/D1/ait_users/staff122/deepfake_project/outputs_deepfake_project/dfdc_subset_77_jpg/test/fake/fake_001619.jpg,1.0,0.9999997615814209,1
/media/D1/ait_users/staff122/deepfake_project/outputs_deepfake_project/dfdc_subset_77_jpg/test/fake/fake_001620.jpg,1.0,1.0,1
/media/D1/ait_users/staff122/deepfake_project/outputs_deepfake_project/dfdc_subset_77_jpg/test/fake/fake_001621.jpg,1.0,0.9999943971633911,1
/media/D1/ait_users/staff122/deepfake_project/outputs_deepfake_project/dfdc_subset_77_jpg/test/fake/fake_001622.jpg,1.0,0.9999998807907104,1
/media/D1/ait_users/staff122/deepfake_project/outputs_deepfake_project/dfdc_subset_77_jpg/test/fake/fake_001623.jpg,1.0,0.9999992847442627,1
/media/D1/ait_users/staff122/deepfake_project/outputs_deepfake_project/dfdc_subset_77_jpg/test/fake/fake_001624.jpg,1.0,0.9999961853027344,1
/media/D1/ait_users/staff122/deepfake_project/outputs_deepfake_project/dfdc_subset_77_jpg/test/fake/fake_001625.jpg,1.0,0.9999984502792358,1
/media/D1/ait_users/staff122/deepfake_project/outputs_deepfake_project/dfdc_subset_77_jpg/test/fake/fake_001626.jpg,1.0,0.9999995231628418,1
/media/D1/ait_users/staff122/deepfake_project/outputs_deepfake_project/dfdc_subset_77_jpg/test/fake/fake_001627.jpg,1.0,0.9999947547912598,1
/media/D1/ait_users/staff122/deepfake_project/outputs_deepfake_project/dfdc_subset_77_jpg/test/fake/fake_001628.jpg,1.0,0.9999923706054688,1
/media/D1/ait_users/staff122/deepfake_project/outputs_deepfake_project/dfdc_subset_77_jpg/test/fake/fake_001629.jpg,1.0,0.9999970197677612,1
/media/D1/ait_users/staff122/deepfake_project/outputs_deepfake_project/dfdc_subset_77_jpg/test/fake/fake_001630.jpg,1.0,0.9999938011169434,1
/media/D1/ait_users/staff122/deepfake_project/outputs_deepfake_project/dfdc_subset_77_jpg/test/fake/fake_001631.jpg,1.0,0.9999986886978149,1
/media/D1/ait_users/staff122/deepfake_project/outputs_deepfake_project/dfdc_subset_77_jpg/test/fake/fake_001632.jpg,1.0,0.3522157371044159,0
/media/D1/ait_users/staff122/deepfake_project/outputs_deepfake_project/dfdc_subset_77_jpg/test/fake/fake_001633.jpg,1.0,0.8901799321174622,1
/media/D1/ait_users/staff122/deepfake_project/outputs_deepfake_project/dfdc_subset_77_jpg/test/fake/fake_001634.jpg,1.0,0.1829487383365631,0
/media/D1/ait_users/staff122/deepfake_project/outputs_deepfake_project/dfdc_subset_77_jpg/test/fake/fake_001635.jpg,1.0,0.9290544390678406,1
/media/D1/ait_users/staff122/deepfake_project/outputs_deepfake_project/dfdc_subset_77_jpg/test/fake/fake_001636.jpg,1.0,0.9249675273895264,1
/media/D1/ait_users/staff122/deepfake_project/outputs_deepfake_project/dfdc_subset_77_jpg/test/fake/fake_001637.jpg,1.0,0.024519171565771103,0
/media/D1/ait_users/staff122/deepfake_project/outputs_deepfake_project/dfdc_subset_77_jpg/test/fake/fake_001638.jpg,1.0,0.5194487571716309,1
/media/D1/ait_users/staff122/deepfake_project/outputs_deepfake_project/dfdc_subset_77_jpg/test/fake/fake_001639.jpg,1.0,0.1613905280828476,0
/media/D1/ait_users/staff122/deepfake_project/outputs_deepfake_project/dfdc_subset_77_jpg/test/fake/fake_001640.jpg,1.0,0.08172144740819931,0
/media/D1/ait_users/staff122/deepfake_project/outputs_deepfake_project/dfdc_subset_77_jpg/test/fake/fake_001641.jpg,1.0,0.9998646974563599,1
/media/D1/ait_users/staff122/deepfake_project/outputs_deepfake_project/dfdc_subset_77_jpg/test/fake/fake_001642.jpg,1.0,0.09789985418319702,0
/media/D1/ait_users/staff122/deepfake_project/outputs_deepfake_project/dfdc_subset_77_jpg/test/fake/fake_001643.jpg,1.0,0.013968780636787415,0
/media/D1/ait_users/staff122/deepfake_project/outputs_deepfake_project/dfdc_subset_77_jpg/test/fake/fake_001644.jpg,1.0,0.3976929485797882,0
/media/D1/ait_users/staff122/deepfake_project/outputs_deepfake_project/dfdc_subset_77_jpg/test/fake/fake_001645.jpg,1.0,0.09307239204645157,0
/media/D1/ait_users/staff122/deepfake_project/outputs_deepfake_project/dfdc_subset_77_jpg/test/fake/fake_001646.jpg,1.0,0.5406610369682312,1
/media/D1/ait_users/staff122/deepfake_project/outputs_deepfake_project/dfdc_subset_77_jpg/test/fake/fake_001647.jpg,1.0,0.6401209235191345,1
/media/D1/ait_users/staff122/deepfake_project/outputs_deepfake_project/dfdc_subset_77_jpg/test/fake/fake_001648.jpg,1.0,0.05756605789065361,0
/media/D1/ait_users/staff122/deepfake_project/outputs_deepfake_project/dfdc_subset_77_jpg/test/fake/fake_001649.jpg,1.0,0.11950845271348953,0
/media/D1/ait_users/staff122/deepfake_project/outputs_deepfake_project/dfdc_subset_77_jpg/test/fake/fake_001650.jpg,1.0,0.455504834651947,0
/media/D1/ait_users/staff122/deepfake_project/outputs_deepfake_project/dfdc_subset_77_jpg/test/fake/fake_001651.jpg,1.0,0.11428812891244888,0
/media/D1/ait_users/staff122/deepfake_project/outputs_deepfake_project/dfdc_subset_77_jpg/test/fake/fake_001652.jpg,1.0,0.10696256905794144,0
/media/D1/ait_users/staff122/deepfake_project/outputs_deepfake_project/dfdc_subset_77_jpg/test/fake/fake_001653.jpg,1.0,0.36988386511802673,0
/media/D1/ait_users/staff122/deepfake_project/outputs_deepfake_project/dfdc_subset_77_jpg/test/fake/fake_001654.jpg,1.0,0.8084492683410645,1
/media/D1/ait_users/staff122/deepfake_project/outputs_deepfake_project/dfdc_subset_77_jpg/test/fake/fake_001655.jpg,1.0,0.0027196332812309265,0
/media/D1/ait_users/staff122/deepfake_project/outputs_deepfake_project/dfdc_subset_77_jpg/test/fake/fake_001656.jpg,1.0,0.015301245264708996,0
/media/D1/ait_users/staff122/deepfake_project/outputs_deepfake_project/dfdc_subset_77_jpg/test/fake/fake_001657.jpg,1.0,0.44140663743019104,0
/media/D1/ait_users/staff122/deepfake_project/outputs_deepfake_project/dfdc_subset_77_jpg/test/fake/fake_001658.jpg,1.0,0.014889603480696678,0
/media/D1/ait_users/staff122/deepfake_project/outputs_deepfake_project/dfdc_subset_77_jpg/test/fake/fake_001659.jpg,1.0,0.0889919176697731,0
/media/D1/ait_users/staff122/deepfake_project/outputs_deepfake_project/dfdc_subset_77_jpg/test/fake/fake_001660.jpg,1.0,0.8885793089866638,1
/media/D1/ait_users/staff122/deepfake_project/outputs_deepfake_project/dfdc_subset_77_jpg/test/fake/fake_001661.jpg,1.0,0.9078672528266907,1
/media/D1/ait_users/staff122/deepfake_project/outputs_deepfake_project/dfdc_subset_77_jpg/test/fake/fake_001662.jpg,1.0,0.8354635834693909,1
/media/D1/ait_users/staff122/deepfake_project/outputs_deepfake_project/dfdc_subset_77_jpg/test/fake/fake_001663.jpg,1.0,0.006979961879551411,0
/media/D1/ait_users/staff122/deepfake_project/outputs_deepfake_project/dfdc_subset_77_jpg/test/fake/fake_001664.jpg,1.0,0.9336426854133606,1
/media/D1/ait_users/staff122/deepfake_project/outputs_deepfake_project/dfdc_subset_77_jpg/test/fake/fake_001665.jpg,1.0,0.998843789100647,1
/media/D1/ait_users/staff122/deepfake_project/outputs_deepfake_project/dfdc_subset_77_jpg/test/fake/fake_001666.jpg,1.0,0.9996569156646729,1
/media/D1/ait_users/staff122/deepfake_project/outputs_deepfake_project/dfdc_subset_77_jpg/test/fake/fake_001667.jpg,1.0,0.9992623925209045,1
/media/D1/ait_users/staff122/deepfake_project/outputs_deepfake_project/dfdc_subset_77_jpg/test/fake/fake_001668.jpg,1.0,0.999894380569458,1
/media/D1/ait_users/staff122/deepfake_project/outputs_deepfake_project/dfdc_subset_77_jpg/test/fake/fake_001669.jpg,1.0,0.9998761415481567,1
/media/D1/ait_users/staff122/deepfake_project/outputs_deepfake_project/dfdc_subset_77_jpg/test/fake/fake_001670.jpg,1.0,0.9998557567596436,1
/media/D1/ait_users/staff122/deepfake_project/outputs_deepfake_project/dfdc_subset_77_jpg/test/fake/fake_001671.jpg,1.0,0.9991449117660522,1
/media/D1/ait_users/staff122/deepfake_project/outputs_deepfake_project/dfdc_subset_77_jpg/test/fake/fake_001672.jpg,1.0,0.9995124340057373,1
/media/D1/ait_users/staff122/deepfake_project/outputs_deepfake_project/dfdc_subset_77_jpg/test/fake/fake_001673.jpg,1.0,0.9995668530464172,1
/media/D1/ait_users/staff122/deepfake_project/outputs_deepfake_project/dfdc_subset_77_jpg/test/fake/fake_001674.jpg,1.0,0.999890923500061,1
/media/D1/ait_users/staff122/deepfake_project/outputs_deepfake_project/dfdc_subset_77_jpg/test/fake/fake_001675.jpg,1.0,0.9998632669448853,1
/media/D1/ait_users/staff122/deepfake_project/outputs_deepfake_project/dfdc_subset_77_jpg/test/fake/fake_001676.jpg,1.0,0.9999934434890747,1
/media/D1/ait_users/staff122/deepfake_project/outputs_deepfake_project/dfdc_subset_77_jpg/test/fake/fake_001677.jpg,1.0,0.9981476068496704,1
/media/D1/ait_users/staff122/deepfake_project/outputs_deepfake_project/dfdc_subset_77_jpg/test/fake/fake_001678.jpg,1.0,0.9995542168617249,1
/media/D1/ait_users/staff122/deepfake_project/outputs_deepfake_project/dfdc_subset_77_jpg/test/fake/fake_001679.jpg,1.0,0.9997120499610901,1
/media/D1/ait_users/staff122/deepfake_project/outputs_deepfake_project/dfdc_subset_77_jpg/test/fake/fake_001680.jpg,1.0,0.9902132153511047,1
/media/D1/ait_users/staff122/deepfake_project/outputs_deepfake_project/dfdc_subset_77_jpg/test/fake/fake_001681.jpg,1.0,0.995354413986206,1
/media/D1/ait_users/staff122/deepfake_project/outputs_deepfake_project/dfdc_subset_77_jpg/test/fake/fake_001682.jpg,1.0,0.9929726123809814,1
/media/D1/ait_users/staff122/deepfake_project/outputs_deepfake_project/dfdc_subset_77_jpg/test/fake/fake_001683.jpg,1.0,0.8723061680793762,1
/media/D1/ait_users/staff122/deepfake_project/outputs_deepfake_project/dfdc_subset_77_jpg/test/fake/fake_001684.jpg,1.0,0.9880189299583435,1
/media/D1/ait_users/staff122/deepfake_project/outputs_deepfake_project/dfdc_subset_77_jpg/test/fake/fake_001685.jpg,1.0,0.9999943971633911,1
/media/D1/ait_users/staff122/deepfake_project/outputs_deepfake_project/dfdc_subset_77_jpg/test/fake/fake_001686.jpg,1.0,0.993980884552002,1
/media/D1/ait_users/staff122/deepfake_project/outputs_deepfake_project/dfdc_subset_77_jpg/test/fake/fake_001687.jpg,1.0,0.9823774099349976,1
/media/D1/ait_users/staff122/deepfake_project/outputs_deepfake_project/dfdc_subset_77_jpg/test/fake/fake_001688.jpg,1.0,0.970611035823822,1
/media/D1/ait_users/staff122/deepfake_project/outputs_deepfake_project/dfdc_subset_77_jpg/test/fake/fake_001689.jpg,1.0,0.9692246317863464,1
/media/D1/ait_users/staff122/deepfake_project/outputs_deepfake_project/dfdc_subset_77_jpg/test/fake/fake_001690.jpg,1.0,0.10559277981519699,0
/media/D1/ait_users/staff122/deepfake_project/outputs_deepfake_project/dfdc_subset_77_jpg/test/fake/fake_001691.jpg,1.0,0.9344002604484558,1
/media/D1/ait_users/staff122/deepfake_project/outputs_deepfake_project/dfdc_subset_77_jpg/test/fake/fake_001692.jpg,1.0,0.9989563226699829,1
/media/D1/ait_users/staff122/deepfake_project/outputs_deepfake_project/dfdc_subset_77_jpg/test/fake/fake_001693.jpg,1.0,0.9990460276603699,1
/media/D1/ait_users/staff122/deepfake_project/outputs_deepfake_project/dfdc_subset_77_jpg/test/fake/fake_001694.jpg,1.0,0.9789929986000061,1
/media/D1/ait_users/staff122/deepfake_project/outputs_deepfake_project/dfdc_subset_77_jpg/test/fake/fake_001695.jpg,1.0,0.9996614456176758,1
/media/D1/ait_users/staff122/deepfake_project/outputs_deepfake_project/dfdc_subset_77_jpg/test/fake/fake_001696.jpg,1.0,0.7950736284255981,1
/media/D1/ait_users/staff122/deepfake_project/outputs_deepfake_project/dfdc_subset_77_jpg/test/fake/fake_001697.jpg,1.0,0.9999617338180542,1
/media/D1/ait_users/staff122/deepfake_project/outputs_deepfake_project/dfdc_subset_77_jpg/test/fake/fake_001698.jpg,1.0,0.9999908208847046,1
/media/D1/ait_users/staff122/deepfake_project/outputs_deepfake_project/dfdc_subset_77_jpg/test/fake/fake_001699.jpg,1.0,0.9999967813491821,1
/media/D1/ait_users/staff122/deepfake_project/outputs_deepfake_project/dfdc_subset_77_jpg/test/fake/fake_001700.jpg,1.0,0.9871068596839905,1
/media/D1/ait_users/staff122/deepfake_project/outputs_deepfake_project/dfdc_subset_77_jpg/test/fake/fake_001701.jpg,1.0,0.9999995231628418,1
/media/D1/ait_users/staff122/deepfake_project/outputs_deepfake_project/dfdc_subset_77_jpg/test/fake/fake_001702.jpg,1.0,0.9994575381278992,1
/media/D1/ait_users/staff122/deepfake_project/outputs_deepfake_project/dfdc_subset_77_jpg/test/fake/fake_001703.jpg,1.0,0.9995079040527344,1
/media/D1/ait_users/staff122/deepfake_project/outputs_deepfake_project/dfdc_subset_77_jpg/test/fake/fake_001704.jpg,1.0,0.9995433688163757,1
/media/D1/ait_users/staff122/deepfake_project/outputs_deepfake_project/dfdc_subset_77_jpg/test/fake/fake_001705.jpg,1.0,0.9999905824661255,1
/media/D1/ait_users/staff122/deepfake_project/outputs_deepfake_project/dfdc_subset_77_jpg/test/fake/fake_001706.jpg,1.0,0.9999493360519409,1
/media/D1/ait_users/staff122/deepfake_project/outputs_deepfake_project/dfdc_subset_77_jpg/test/fake/fake_001707.jpg,1.0,0.9973219037055969,1
/media/D1/ait_users/staff122/deepfake_project/outputs_deepfake_project/dfdc_subset_77_jpg/test/fake/fake_001708.jpg,1.0,0.9998511075973511,1
/media/D1/ait_users/staff122/deepfake_project/outputs_deepfake_project/dfdc_subset_77_jpg/test/fake/fake_001709.jpg,1.0,0.9999998807907104,1
/media/D1/ait_users/staff122/deepfake_project/outputs_deepfake_project/dfdc_subset_77_jpg/test/fake/fake_001710.jpg,1.0,0.9999734163284302,1
/media/D1/ait_users/staff122/deepfake_project/outputs_deepfake_project/dfdc_subset_77_jpg/test/fake/fake_001711.jpg,1.0,0.9999909400939941,1
/media/D1/ait_users/staff122/deepfake_project/outputs_deepfake_project/dfdc_subset_77_jpg/test/fake/fake_001712.jpg,1.0,0.9889678359031677,1
/media/D1/ait_users/staff122/deepfake_project/outputs_deepfake_project/dfdc_subset_77_jpg/test/fake/fake_001713.jpg,1.0,0.9999997615814209,1
/media/D1/ait_users/staff122/deepfake_project/outputs_deepfake_project/dfdc_subset_77_jpg/test/fake/fake_001714.jpg,1.0,0.9999997615814209,1
/media/D1/ait_users/staff122/deepfake_project/outputs_deepfake_project/dfdc_subset_77_jpg/test/fake/fake_001715.jpg,1.0,0.9993164539337158,1
/media/D1/ait_users/staff122/deepfake_project/outputs_deepfake_project/dfdc_subset_77_jpg/test/fake/fake_001716.jpg,1.0,0.9994208812713623,1
/media/D1/ait_users/staff122/deepfake_project/outputs_deepfake_project/dfdc_subset_77_jpg/test/fake/fake_001717.jpg,1.0,0.9999663829803467,1
/media/D1/ait_users/staff122/deepfake_project/outputs_deepfake_project/dfdc_subset_77_jpg/test/fake/fake_001718.jpg,1.0,0.9999746084213257,1
/media/D1/ait_users/staff122/deepfake_project/outputs_deepfake_project/dfdc_subset_77_jpg/test/fake/fake_001719.jpg,1.0,0.999996542930603,1
/media/D1/ait_users/staff122/deepfake_project/outputs_deepfake_project/dfdc_subset_77_jpg/test/fake/fake_001720.jpg,1.0,0.9999998807907104,1
/media/D1/ait_users/staff122/deepfake_project/outputs_deepfake_project/dfdc_subset_77_jpg/test/fake/fake_001721.jpg,1.0,0.9999998807907104,1
/media/D1/ait_users/staff122/deepfake_project/outputs_deepfake_project/dfdc_subset_77_jpg/test/fake/fake_001722.jpg,1.0,0.01390460878610611,0
/media/D1/ait_users/staff122/deepfake_project/outputs_deepfake_project/dfdc_subset_77_jpg/test/fake/fake_001723.jpg,1.0,0.9846282005310059,1
/media/D1/ait_users/staff122/deepfake_project/outputs_deepfake_project/dfdc_subset_77_jpg/test/fake/fake_001724.jpg,1.0,0.9991693496704102,1
/media/D1/ait_users/staff122/deepfake_project/outputs_deepfake_project/dfdc_subset_77_jpg/test/fake/fake_001725.jpg,1.0,0.9994770884513855,1
/media/D1/ait_users/staff122/deepfake_project/outputs_deepfake_project/dfdc_subset_77_jpg/test/fake/fake_001726.jpg,1.0,0.999996542930603,1
/media/D1/ait_users/staff122/deepfake_project/outputs_deepfake_project/dfdc_subset_77_jpg/test/fake/fake_001727.jpg,1.0,0.9998855590820312,1
/media/D1/ait_users/staff122/deepfake_project/outputs_deepfake_project/dfdc_subset_77_jpg/test/fake/fake_001728.jpg,1.0,0.925645112991333,1
/media/D1/ait_users/staff122/deepfake_project/outputs_deepfake_project/dfdc_subset_77_jpg/test/fake/fake_001729.jpg,1.0,0.9999992847442627,1
/media/D1/ait_users/staff122/deepfake_project/outputs_deepfake_project/dfdc_subset_77_jpg/test/fake/fake_001730.jpg,1.0,0.9999998807907104,1
/media/D1/ait_users/staff122/deepfake_project/outputs_deepfake_project/dfdc_subset_77_jpg/test/fake/fake_001731.jpg,1.0,0.7380458116531372,1
/media/D1/ait_users/staff122/deepfake_project/outputs_deepfake_project/dfdc_subset_77_jpg/test/fake/fake_001732.jpg,1.0,0.9511499404907227,1
/media/D1/ait_users/staff122/deepfake_project/outputs_deepfake_project/dfdc_subset_77_jpg/test/fake/fake_001733.jpg,1.0,0.06052704527974129,0
/media/D1/ait_users/staff122/deepfake_project/outputs_deepfake_project/dfdc_subset_77_jpg/test/fake/fake_001734.jpg,1.0,0.11340642720460892,0
/media/D1/ait_users/staff122/deepfake_project/outputs_deepfake_project/dfdc_subset_77_jpg/test/fake/fake_001735.jpg,1.0,0.10248808562755585,0
/media/D1/ait_users/staff122/deepfake_project/outputs_deepfake_project/dfdc_subset_77_jpg/test/fake/fake_001736.jpg,1.0,0.765569269657135,1
/media/D1/ait_users/staff122/deepfake_project/outputs_deepfake_project/dfdc_subset_77_jpg/test/fake/fake_001737.jpg,1.0,0.5385293960571289,1
/media/D1/ait_users/staff122/deepfake_project/outputs_deepfake_project/dfdc_subset_77_jpg/test/fake/fake_001738.jpg,1.0,0.0005180168082006276,0
/media/D1/ait_users/staff122/deepfake_project/outputs_deepfake_project/dfdc_subset_77_jpg/test/fake/fake_001739.jpg,1.0,0.9983659386634827,1
/media/D1/ait_users/staff122/deepfake_project/outputs_deepfake_project/dfdc_subset_77_jpg/test/fake/fake_001740.jpg,1.0,0.9999996423721313,1
/media/D1/ait_users/staff122/deepfake_project/outputs_deepfake_project/dfdc_subset_77_jpg/test/fake/fake_001741.jpg,1.0,0.9979263544082642,1
/media/D1/ait_users/staff122/deepfake_project/outputs_deepfake_project/dfdc_subset_77_jpg/test/fake/fake_001742.jpg,1.0,0.8459877371788025,1
/media/D1/ait_users/staff122/deepfake_project/outputs_deepfake_project/dfdc_subset_77_jpg/test/fake/fake_001743.jpg,1.0,0.9699302911758423,1
/media/D1/ait_users/staff122/deepfake_project/outputs_deepfake_project/dfdc_subset_77_jpg/test/fake/fake_001744.jpg,1.0,0.03686393052339554,0
/media/D1/ait_users/staff122/deepfake_project/outputs_deepfake_project/dfdc_subset_77_jpg/test/fake/fake_001745.jpg,1.0,0.04877104610204697,0
/media/D1/ait_users/staff122/deepfake_project/outputs_deepfake_project/dfdc_subset_77_jpg/test/fake/fake_001746.jpg,1.0,0.07534762471914291,0
/media/D1/ait_users/staff122/deepfake_project/outputs_deepfake_project/dfdc_subset_77_jpg/test/fake/fake_001747.jpg,1.0,0.06536154448986053,0
/media/D1/ait_users/staff122/deepfake_project/outputs_deepfake_project/dfdc_subset_77_jpg/test/fake/fake_001748.jpg,1.0,0.1263979822397232,0
/media/D1/ait_users/staff122/deepfake_project/outputs_deepfake_project/dfdc_subset_77_jpg/test/fake/fake_001749.jpg,1.0,0.21337588131427765,0
/media/D1/ait_users/staff122/deepfake_project/outputs_deepfake_project/dfdc_subset_77_jpg/test/fake/fake_001750.jpg,1.0,0.1675397902727127,0
/media/D1/ait_users/staff122/deepfake_project/outputs_deepfake_project/dfdc_subset_77_jpg/test/fake/fake_001751.jpg,1.0,0.07336277514696121,0
/media/D1/ait_users/staff122/deepfake_project/outputs_deepfake_project/dfdc_subset_77_jpg/test/fake/fake_001752.jpg,1.0,0.09183579683303833,0
/media/D1/ait_users/staff122/deepfake_project/outputs_deepfake_project/dfdc_subset_77_jpg/test/fake/fake_001753.jpg,1.0,0.161190465092659,0
/media/D1/ait_users/staff122/deepfake_project/outputs_deepfake_project/dfdc_subset_77_jpg/test/fake/fake_001754.jpg,1.0,0.10429423302412033,0
/media/D1/ait_users/staff122/deepfake_project/outputs_deepfake_project/dfdc_subset_77_jpg/test/fake/fake_001755.jpg,1.0,0.0726691409945488,0
/media/D1/ait_users/staff122/deepfake_project/outputs_deepfake_project/dfdc_subset_77_jpg/test/fake/fake_001756.jpg,1.0,0.09760011732578278,0
/media/D1/ait_users/staff122/deepfake_project/outputs_deepfake_project/dfdc_subset_77_jpg/test/fake/fake_001757.jpg,1.0,0.06857383251190186,0
/media/D1/ait_users/staff122/deepfake_project/outputs_deepfake_project/dfdc_subset_77_jpg/test/fake/fake_001758.jpg,1.0,0.9743357300758362,1
/media/D1/ait_users/staff122/deepfake_project/outputs_deepfake_project/dfdc_subset_77_jpg/test/fake/fake_001759.jpg,1.0,0.0838250145316124,0
/media/D1/ait_users/staff122/deepfake_project/outputs_deepfake_project/dfdc_subset_77_jpg/test/fake/fake_001760.jpg,1.0,1.0,1
/media/D1/ait_users/staff122/deepfake_project/outputs_deepfake_project/dfdc_subset_77_jpg/test/fake/fake_001761.jpg,1.0,0.9926504492759705,1
/media/D1/ait_users/staff122/deepfake_project/outputs_deepfake_project/dfdc_subset_77_jpg/test/fake/fake_001762.jpg,1.0,1.0,1
/media/D1/ait_users/staff122/deepfake_project/outputs_deepfake_project/dfdc_subset_77_jpg/test/fake/fake_001763.jpg,1.0,0.9999998807907104,1
/media/D1/ait_users/staff122/deepfake_project/outputs_deepfake_project/dfdc_subset_77_jpg/test/fake/fake_001764.jpg,1.0,0.9999997615814209,1
/media/D1/ait_users/staff122/deepfake_project/outputs_deepfake_project/dfdc_subset_77_jpg/test/fake/fake_001765.jpg,1.0,0.9999991655349731,1
/media/D1/ait_users/staff122/deepfake_project/outputs_deepfake_project/dfdc_subset_77_jpg/test/fake/fake_001766.jpg,1.0,0.9999998807907104,1
/media/D1/ait_users/staff122/deepfake_project/outputs_deepfake_project/dfdc_subset_77_jpg/test/fake/fake_001767.jpg,1.0,1.0,1
/media/D1/ait_users/staff122/deepfake_project/outputs_deepfake_project/dfdc_subset_77_jpg/test/fake/fake_001768.jpg,1.0,0.9999998807907104,1
/media/D1/ait_users/staff122/deepfake_project/outputs_deepfake_project/dfdc_subset_77_jpg/test/fake/fake_001769.jpg,1.0,0.9999998807907104,1
/media/D1/ait_users/staff122/deepfake_project/outputs_deepfake_project/dfdc_subset_77_jpg/test/fake/fake_001770.jpg,1.0,0.999998927116394,1
/media/D1/ait_users/staff122/deepfake_project/outputs_deepfake_project/dfdc_subset_77_jpg/test/fake/fake_001771.jpg,1.0,0.9999969005584717,1
/media/D1/ait_users/staff122/deepfake_project/outputs_deepfake_project/dfdc_subset_77_jpg/test/fake/fake_001772.jpg,1.0,0.9999998807907104,1
/media/D1/ait_users/staff122/deepfake_project/outputs_deepfake_project/dfdc_subset_77_jpg/test/fake/fake_001773.jpg,1.0,0.999984860420227,1
/media/D1/ait_users/staff122/deepfake_project/outputs_deepfake_project/dfdc_subset_77_jpg/test/fake/fake_001774.jpg,1.0,0.9805759787559509,1
/media/D1/ait_users/staff122/deepfake_project/outputs_deepfake_project/dfdc_subset_77_jpg/test/fake/fake_001775.jpg,1.0,0.9189853668212891,1
/media/D1/ait_users/staff122/deepfake_project/outputs_deepfake_project/dfdc_subset_77_jpg/test/fake/fake_001776.jpg,1.0,0.9594448804855347,1
/media/D1/ait_users/staff122/deepfake_project/outputs_deepfake_project/dfdc_subset_77_jpg/test/fake/fake_001777.jpg,1.0,0.999561607837677,1
/media/D1/ait_users/staff122/deepfake_project/outputs_deepfake_project/dfdc_subset_77_jpg/test/fake/fake_001778.jpg,1.0,0.9976373910903931,1
/media/D1/ait_users/staff122/deepfake_project/outputs_deepfake_project/dfdc_subset_77_jpg/test/fake/fake_001779.jpg,1.0,1.0,1
/media/D1/ait_users/staff122/deepfake_project/outputs_deepfake_project/dfdc_subset_77_jpg/test/fake/fake_001780.jpg,1.0,1.0,1
/media/D1/ait_users/staff122/deepfake_project/outputs_deepfake_project/dfdc_subset_77_jpg/test/fake/fake_001781.jpg,1.0,0.9975947737693787,1
/media/D1/ait_users/staff122/deepfake_project/outputs_deepfake_project/dfdc_subset_77_jpg/test/fake/fake_001782.jpg,1.0,1.0,1
/media/D1/ait_users/staff122/deepfake_project/outputs_deepfake_project/dfdc_subset_77_jpg/test/fake/fake_001783.jpg,1.0,0.9999998807907104,1
/media/D1/ait_users/staff122/deepfake_project/outputs_deepfake_project/dfdc_subset_77_jpg/test/fake/fake_001784.jpg,1.0,0.9999997615814209,1
/media/D1/ait_users/staff122/deepfake_project/outputs_deepfake_project/dfdc_subset_77_jpg/test/fake/fake_001785.jpg,1.0,1.0,1
/media/D1/ait_users/staff122/deepfake_project/outputs_deepfake_project/dfdc_subset_77_jpg/test/fake/fake_001786.jpg,1.0,0.9999994039535522,1
/media/D1/ait_users/staff122/deepfake_project/outputs_deepfake_project/dfdc_subset_77_jpg/test/fake/fake_001787.jpg,1.0,0.9999979734420776,1
/media/D1/ait_users/staff122/deepfake_project/outputs_deepfake_project/dfdc_subset_77_jpg/test/fake/fake_001788.jpg,1.0,0.999994158744812,1
/media/D1/ait_users/staff122/deepfake_project/outputs_deepfake_project/dfdc_subset_77_jpg/test/fake/fake_001789.jpg,1.0,0.9985322952270508,1
/media/D1/ait_users/staff122/deepfake_project/outputs_deepfake_project/dfdc_subset_77_jpg/test/fake/fake_001790.jpg,1.0,1.0,1
/media/D1/ait_users/staff122/deepfake_project/outputs_deepfake_project/dfdc_subset_77_jpg/test/fake/fake_001791.jpg,1.0,0.9999605417251587,1
/media/D1/ait_users/staff122/deepfake_project/outputs_deepfake_project/dfdc_subset_77_jpg/test/fake/fake_001792.jpg,1.0,0.999828577041626,1
/media/D1/ait_users/staff122/deepfake_project/outputs_deepfake_project/dfdc_subset_77_jpg/test/fake/fake_001793.jpg,1.0,0.9979181885719299,1
/media/D1/ait_users/staff122/deepfake_project/outputs_deepfake_project/dfdc_subset_77_jpg/test/fake/fake_001794.jpg,1.0,0.999603807926178,1
/media/D1/ait_users/staff122/deepfake_project/outputs_deepfake_project/dfdc_subset_77_jpg/test/fake/fake_001795.jpg,1.0,0.03751498833298683,0
/media/D1/ait_users/staff122/deepfake_project/outputs_deepfake_project/dfdc_subset_77_jpg/test/fake/fake_001796.jpg,1.0,0.9738620519638062,1
/media/D1/ait_users/staff122/deepfake_project/outputs_deepfake_project/dfdc_subset_77_jpg/test/fake/fake_001797.jpg,1.0,0.9996140599250793,1
/media/D1/ait_users/staff122/deepfake_project/outputs_deepfake_project/dfdc_subset_77_jpg/test/fake/fake_001798.jpg,1.0,0.999953031539917,1
/media/D1/ait_users/staff122/deepfake_project/outputs_deepfake_project/dfdc_subset_77_jpg/test/fake/fake_001799.jpg,1.0,0.9999803304672241,1
/media/D1/ait_users/staff122/deepfake_project/outputs_deepfake_project/dfdc_subset_77_jpg/test/fake/fake_001800.jpg,1.0,0.842688262462616,1
/media/D1/ait_users/staff122/deepfake_project/outputs_deepfake_project/dfdc_subset_77_jpg/test/fake/fake_001801.jpg,1.0,0.9999938011169434,1
/media/D1/ait_users/staff122/deepfake_project/outputs_deepfake_project/dfdc_subset_77_jpg/test/fake/fake_001802.jpg,1.0,0.9998862743377686,1
/media/D1/ait_users/staff122/deepfake_project/outputs_deepfake_project/dfdc_subset_77_jpg/test/fake/fake_001803.jpg,1.0,0.9984904527664185,1
/media/D1/ait_users/staff122/deepfake_project/outputs_deepfake_project/dfdc_subset_77_jpg/test/fake/fake_001804.jpg,1.0,0.9996892213821411,1
/media/D1/ait_users/staff122/deepfake_project/outputs_deepfake_project/dfdc_subset_77_jpg/test/fake/fake_001805.jpg,1.0,0.791522204875946,1
/media/D1/ait_users/staff122/deepfake_project/outputs_deepfake_project/dfdc_subset_77_jpg/test/fake/fake_001806.jpg,1.0,0.9660626649856567,1
/media/D1/ait_users/staff122/deepfake_project/outputs_deepfake_project/dfdc_subset_77_jpg/test/fake/fake_001807.jpg,1.0,0.9995606541633606,1
/media/D1/ait_users/staff122/deepfake_project/outputs_deepfake_project/dfdc_subset_77_jpg/test/fake/fake_001808.jpg,1.0,0.9971785545349121,1
/media/D1/ait_users/staff122/deepfake_project/outputs_deepfake_project/dfdc_subset_77_jpg/test/fake/fake_001809.jpg,1.0,0.9935238361358643,1
/media/D1/ait_users/staff122/deepfake_project/outputs_deepfake_project/dfdc_subset_77_jpg/test/fake/fake_001810.jpg,1.0,0.999301552772522,1
/media/D1/ait_users/staff122/deepfake_project/outputs_deepfake_project/dfdc_subset_77_jpg/test/fake/fake_001811.jpg,1.0,0.9993782043457031,1
/media/D1/ait_users/staff122/deepfake_project/outputs_deepfake_project/dfdc_subset_77_jpg/test/fake/fake_001812.jpg,1.0,0.9825575947761536,1
/media/D1/ait_users/staff122/deepfake_project/outputs_deepfake_project/dfdc_subset_77_jpg/test/fake/fake_001813.jpg,1.0,0.9310683012008667,1
/media/D1/ait_users/staff122/deepfake_project/outputs_deepfake_project/dfdc_subset_77_jpg/test/fake/fake_001814.jpg,1.0,0.0005778009071946144,0
/media/D1/ait_users/staff122/deepfake_project/outputs_deepfake_project/dfdc_subset_77_jpg/test/fake/fake_001815.jpg,1.0,0.7919651865959167,1
/media/D1/ait_users/staff122/deepfake_project/outputs_deepfake_project/dfdc_subset_77_jpg/test/fake/fake_001816.jpg,1.0,0.8138337135314941,1
/media/D1/ait_users/staff122/deepfake_project/outputs_deepfake_project/dfdc_subset_77_jpg/test/fake/fake_001817.jpg,1.0,0.021405775099992752,0
/media/D1/ait_users/staff122/deepfake_project/outputs_deepfake_project/dfdc_subset_77_jpg/test/fake/fake_001818.jpg,1.0,0.9596165418624878,1
/media/D1/ait_users/staff122/deepfake_project/outputs_deepfake_project/dfdc_subset_77_jpg/test/fake/fake_001819.jpg,1.0,0.019591225311160088,0
/media/D1/ait_users/staff122/deepfake_project/outputs_deepfake_project/dfdc_subset_77_jpg/test/fake/fake_001820.jpg,1.0,0.9968571662902832,1
/media/D1/ait_users/staff122/deepfake_project/outputs_deepfake_project/dfdc_subset_77_jpg/test/fake/fake_001821.jpg,1.0,0.5199435353279114,1
/media/D1/ait_users/staff122/deepfake_project/outputs_deepfake_project/dfdc_subset_77_jpg/test/fake/fake_001822.jpg,1.0,0.9899202585220337,1
/media/D1/ait_users/staff122/deepfake_project/outputs_deepfake_project/dfdc_subset_77_jpg/test/fake/fake_001823.jpg,1.0,0.9995751976966858,1
/media/D1/ait_users/staff122/deepfake_project/outputs_deepfake_project/dfdc_subset_77_jpg/test/fake/fake_001824.jpg,1.0,0.9309085607528687,1
/media/D1/ait_users/staff122/deepfake_project/outputs_deepfake_project/dfdc_subset_77_jpg/test/fake/fake_001825.jpg,1.0,0.5264835357666016,1
/media/D1/ait_users/staff122/deepfake_project/outputs_deepfake_project/dfdc_subset_77_jpg/test/fake/fake_001826.jpg,1.0,0.9999136924743652,1
/media/D1/ait_users/staff122/deepfake_project/outputs_deepfake_project/dfdc_subset_77_jpg/test/fake/fake_001827.jpg,1.0,0.06247420981526375,0
/media/D1/ait_users/staff122/deepfake_project/outputs_deepfake_project/dfdc_subset_77_jpg/test/fake/fake_001828.jpg,1.0,0.07990095764398575,0
/media/D1/ait_users/staff122/deepfake_project/outputs_deepfake_project/dfdc_subset_77_jpg/test/fake/fake_001829.jpg,1.0,0.2267189621925354,0
/media/D1/ait_users/staff122/deepfake_project/outputs_deepfake_project/dfdc_subset_77_jpg/test/fake/fake_001830.jpg,1.0,0.9263999462127686,1
/media/D1/ait_users/staff122/deepfake_project/outputs_deepfake_project/dfdc_subset_77_jpg/test/fake/fake_001831.jpg,1.0,0.9999666213989258,1
/media/D1/ait_users/staff122/deepfake_project/outputs_deepfake_project/dfdc_subset_77_jpg/test/fake/fake_001832.jpg,1.0,0.9999732971191406,1
/media/D1/ait_users/staff122/deepfake_project/outputs_deepfake_project/dfdc_subset_77_jpg/test/fake/fake_001833.jpg,1.0,0.9988221526145935,1
/media/D1/ait_users/staff122/deepfake_project/outputs_deepfake_project/dfdc_subset_77_jpg/test/fake/fake_001834.jpg,1.0,0.9993926286697388,1
/media/D1/ait_users/staff122/deepfake_project/outputs_deepfake_project/dfdc_subset_77_jpg/test/fake/fake_001835.jpg,1.0,0.9996179342269897,1
/media/D1/ait_users/staff122/deepfake_project/outputs_deepfake_project/dfdc_subset_77_jpg/test/fake/fake_001836.jpg,1.0,0.9999372959136963,1
/media/D1/ait_users/staff122/deepfake_project/outputs_deepfake_project/dfdc_subset_77_jpg/test/fake/fake_001837.jpg,1.0,0.9996503591537476,1
/media/D1/ait_users/staff122/deepfake_project/outputs_deepfake_project/dfdc_subset_77_jpg/test/fake/fake_001838.jpg,1.0,0.865863561630249,1
/media/D1/ait_users/staff122/deepfake_project/outputs_deepfake_project/dfdc_subset_77_jpg/test/fake/fake_001839.jpg,1.0,0.9999361038208008,1
/media/D1/ait_users/staff122/deepfake_project/outputs_deepfake_project/dfdc_subset_77_jpg/test/fake/fake_001840.jpg,1.0,0.4875389039516449,0
/media/D1/ait_users/staff122/deepfake_project/outputs_deepfake_project/dfdc_subset_77_jpg/test/fake/fake_001841.jpg,1.0,0.9998219609260559,1
/media/D1/ait_users/staff122/deepfake_project/outputs_deepfake_project/dfdc_subset_77_jpg/test/fake/fake_001842.jpg,1.0,0.9980787038803101,1
/media/D1/ait_users/staff122/deepfake_project/outputs_deepfake_project/dfdc_subset_77_jpg/test/fake/fake_001843.jpg,1.0,0.44017910957336426,0
/media/D1/ait_users/staff122/deepfake_project/outputs_deepfake_project/dfdc_subset_77_jpg/test/fake/fake_001844.jpg,1.0,0.9997888207435608,1
/media/D1/ait_users/staff122/deepfake_project/outputs_deepfake_project/dfdc_subset_77_jpg/test/fake/fake_001845.jpg,1.0,0.9986233711242676,1
/media/D1/ait_users/staff122/deepfake_project/outputs_deepfake_project/dfdc_subset_77_jpg/test/fake/fake_001846.jpg,1.0,0.9964165687561035,1
/media/D1/ait_users/staff122/deepfake_project/outputs_deepfake_project/dfdc_subset_77_jpg/test/fake/fake_001847.jpg,1.0,0.9990481734275818,1
/media/D1/ait_users/staff122/deepfake_project/outputs_deepfake_project/dfdc_subset_77_jpg/test/fake/fake_001848.jpg,1.0,0.9988569021224976,1
/media/D1/ait_users/staff122/deepfake_project/outputs_deepfake_project/dfdc_subset_77_jpg/test/fake/fake_001849.jpg,1.0,0.9998410940170288,1
/media/D1/ait_users/staff122/deepfake_project/outputs_deepfake_project/dfdc_subset_77_jpg/test/fake/fake_001850.jpg,1.0,0.2694869041442871,0
/media/D1/ait_users/staff122/deepfake_project/outputs_deepfake_project/dfdc_subset_77_jpg/test/fake/fake_001851.jpg,1.0,0.5275015234947205,1
/media/D1/ait_users/staff122/deepfake_project/outputs_deepfake_project/dfdc_subset_77_jpg/test/fake/fake_001852.jpg,1.0,0.7947243452072144,1
/media/D1/ait_users/staff122/deepfake_project/outputs_deepfake_project/dfdc_subset_77_jpg/test/fake/fake_001853.jpg,1.0,0.8862424492835999,1
/media/D1/ait_users/staff122/deepfake_project/outputs_deepfake_project/dfdc_subset_77_jpg/test/fake/fake_001854.jpg,1.0,0.24196326732635498,0
/media/D1/ait_users/staff122/deepfake_project/outputs_deepfake_project/dfdc_subset_77_jpg/test/fake/fake_001855.jpg,1.0,0.09357275068759918,0
/media/D1/ait_users/staff122/deepfake_project/outputs_deepfake_project/dfdc_subset_77_jpg/test/fake/fake_001856.jpg,1.0,0.9999998807907104,1
/media/D1/ait_users/staff122/deepfake_project/outputs_deepfake_project/dfdc_subset_77_jpg/test/fake/fake_001857.jpg,1.0,0.9999995231628418,1
/media/D1/ait_users/staff122/deepfake_project/outputs_deepfake_project/dfdc_subset_77_jpg/test/fake/fake_001858.jpg,1.0,0.9999953508377075,1
/media/D1/ait_users/staff122/deepfake_project/outputs_deepfake_project/dfdc_subset_77_jpg/test/fake/fake_001859.jpg,1.0,0.9999983310699463,1
/media/D1/ait_users/staff122/deepfake_project/outputs_deepfake_project/dfdc_subset_77_jpg/test/fake/fake_001860.jpg,1.0,0.9999077320098877,1
/media/D1/ait_users/staff122/deepfake_project/outputs_deepfake_project/dfdc_subset_77_jpg/test/fake/fake_001861.jpg,1.0,1.0,1
/media/D1/ait_users/staff122/deepfake_project/outputs_deepfake_project/dfdc_subset_77_jpg/test/fake/fake_001862.jpg,1.0,1.0,1
/media/D1/ait_users/staff122/deepfake_project/outputs_deepfake_project/dfdc_subset_77_jpg/test/fake/fake_001863.jpg,1.0,0.9999998807907104,1
/media/D1/ait_users/staff122/deepfake_project/outputs_deepfake_project/dfdc_subset_77_jpg/test/fake/fake_001864.jpg,1.0,0.999998927116394,1
/media/D1/ait_users/staff122/deepfake_project/outputs_deepfake_project/dfdc_subset_77_jpg/test/fake/fake_001865.jpg,1.0,0.9999995231628418,1
/media/D1/ait_users/staff122/deepfake_project/outputs_deepfake_project/dfdc_subset_77_jpg/test/fake/fake_001866.jpg,1.0,1.0,1
/media/D1/ait_users/staff122/deepfake_project/outputs_deepfake_project/dfdc_subset_77_jpg/test/fake/fake_001867.jpg,1.0,1.0,1
/media/D1/ait_users/staff122/deepfake_project/outputs_deepfake_project/dfdc_subset_77_jpg/test/fake/fake_001868.jpg,1.0,0.9999767541885376,1
/media/D1/ait_users/staff122/deepfake_project/outputs_deepfake_project/dfdc_subset_77_jpg/test/fake/fake_001869.jpg,1.0,0.9999996423721313,1
/media/D1/ait_users/staff122/deepfake_project/outputs_deepfake_project/dfdc_subset_77_jpg/test/fake/fake_001870.jpg,1.0,0.9999998807907104,1
/media/D1/ait_users/staff122/deepfake_project/outputs_deepfake_project/dfdc_subset_77_jpg/test/fake/fake_001871.jpg,1.0,0.9999998807907104,1
/media/D1/ait_users/staff122/deepfake_project/outputs_deepfake_project/dfdc_subset_77_jpg/test/fake/fake_001872.jpg,1.0,0.9845840930938721,1
/media/D1/ait_users/staff122/deepfake_project/outputs_deepfake_project/dfdc_subset_77_jpg/test/fake/fake_001873.jpg,1.0,0.9999980926513672,1
/media/D1/ait_users/staff122/deepfake_project/outputs_deepfake_project/dfdc_subset_77_jpg/test/fake/fake_001874.jpg,1.0,0.9999966621398926,1
/media/D1/ait_users/staff122/deepfake_project/outputs_deepfake_project/dfdc_subset_77_jpg/test/fake/fake_001875.jpg,1.0,0.9930395483970642,1
/media/D1/ait_users/staff122/deepfake_project/outputs_deepfake_project/dfdc_subset_77_jpg/test/fake/fake_001876.jpg,1.0,0.9999974966049194,1
/media/D1/ait_users/staff122/deepfake_project/outputs_deepfake_project/dfdc_subset_77_jpg/test/fake/fake_001877.jpg,1.0,0.9999995231628418,1
/media/D1/ait_users/staff122/deepfake_project/outputs_deepfake_project/dfdc_subset_77_jpg/test/fake/fake_001878.jpg,1.0,0.9999997615814209,1
/media/D1/ait_users/staff122/deepfake_project/outputs_deepfake_project/dfdc_subset_77_jpg/test/fake/fake_001879.jpg,1.0,0.9999796152114868,1
/media/D1/ait_users/staff122/deepfake_project/outputs_deepfake_project/dfdc_subset_77_jpg/test/fake/fake_001880.jpg,1.0,0.9999991655349731,1
/media/D1/ait_users/staff122/deepfake_project/outputs_deepfake_project/dfdc_subset_77_jpg/test/fake/fake_001881.jpg,1.0,0.9999998807907104,1
/media/D1/ait_users/staff122/deepfake_project/outputs_deepfake_project/dfdc_subset_77_jpg/test/fake/fake_001882.jpg,1.0,0.9999996423721313,1
/media/D1/ait_users/staff122/deepfake_project/outputs_deepfake_project/dfdc_subset_77_jpg/test/fake/fake_001883.jpg,1.0,1.0,1
/media/D1/ait_users/staff122/deepfake_project/outputs_deepfake_project/dfdc_subset_77_jpg/test/fake/fake_001884.jpg,1.0,0.9999998807907104,1
/media/D1/ait_users/staff122/deepfake_project/outputs_deepfake_project/dfdc_subset_77_jpg/test/fake/fake_001885.jpg,1.0,0.9999998807907104,1
/media/D1/ait_users/staff122/deepfake_project/outputs_deepfake_project/dfdc_subset_77_jpg/test/fake/fake_001886.jpg,1.0,0.9999998807907104,1
/media/D1/ait_users/staff122/deepfake_project/outputs_deepfake_project/dfdc_subset_77_jpg/test/fake/fake_001887.jpg,1.0,0.9999998807907104,1
/media/D1/ait_users/staff122/deepfake_project/outputs_deepfake_project/dfdc_subset_77_jpg/test/fake/fake_001888.jpg,1.0,0.9999492168426514,1
/media/D1/ait_users/staff122/deepfake_project/outputs_deepfake_project/dfdc_subset_77_jpg/test/fake/fake_001889.jpg,1.0,0.9999983310699463,1
/media/D1/ait_users/staff122/deepfake_project/outputs_deepfake_project/dfdc_subset_77_jpg/test/fake/fake_001890.jpg,1.0,0.9996724128723145,1
/media/D1/ait_users/staff122/deepfake_project/outputs_deepfake_project/dfdc_subset_77_jpg/test/fake/fake_001891.jpg,1.0,0.9999808073043823,1
/media/D1/ait_users/staff122/deepfake_project/outputs_deepfake_project/dfdc_subset_77_jpg/test/fake/fake_001892.jpg,1.0,0.9998514652252197,1
/media/D1/ait_users/staff122/deepfake_project/outputs_deepfake_project/dfdc_subset_77_jpg/test/fake/fake_001893.jpg,1.0,0.919680655002594,1
/media/D1/ait_users/staff122/deepfake_project/outputs_deepfake_project/dfdc_subset_77_jpg/test/fake/fake_001894.jpg,1.0,1.0,1
/media/D1/ait_users/staff122/deepfake_project/outputs_deepfake_project/dfdc_subset_77_jpg/test/fake/fake_001895.jpg,1.0,0.9999994039535522,1
/media/D1/ait_users/staff122/deepfake_project/outputs_deepfake_project/dfdc_subset_77_jpg/test/fake/fake_001896.jpg,1.0,0.9862064719200134,1
/media/D1/ait_users/staff122/deepfake_project/outputs_deepfake_project/dfdc_subset_77_jpg/test/fake/fake_001897.jpg,1.0,0.9998237490653992,1
/media/D1/ait_users/staff122/deepfake_project/outputs_deepfake_project/dfdc_subset_77_jpg/test/fake/fake_001898.jpg,1.0,0.3629473149776459,0
/media/D1/ait_users/staff122/deepfake_project/outputs_deepfake_project/dfdc_subset_77_jpg/test/fake/fake_001899.jpg,1.0,0.9921433925628662,1
/media/D1/ait_users/staff122/deepfake_project/outputs_deepfake_project/dfdc_subset_77_jpg/test/fake/fake_001900.jpg,1.0,0.9998438358306885,1
/media/D1/ait_users/staff122/deepfake_project/outputs_deepfake_project/dfdc_subset_77_jpg/test/fake/fake_001901.jpg,1.0,0.9999065399169922,1
/media/D1/ait_users/staff122/deepfake_project/outputs_deepfake_project/dfdc_subset_77_jpg/test/fake/fake_001902.jpg,1.0,0.9990811347961426,1
/media/D1/ait_users/staff122/deepfake_project/outputs_deepfake_project/dfdc_subset_77_jpg/test/fake/fake_001903.jpg,1.0,0.9865903854370117,1
/media/D1/ait_users/staff122/deepfake_project/outputs_deepfake_project/dfdc_subset_77_jpg/test/fake/fake_001904.jpg,1.0,0.011765167117118835,0
/media/D1/ait_users/staff122/deepfake_project/outputs_deepfake_project/dfdc_subset_77_jpg/test/fake/fake_001905.jpg,1.0,0.9972623586654663,1
/media/D1/ait_users/staff122/deepfake_project/outputs_deepfake_project/dfdc_subset_77_jpg/test/fake/fake_001906.jpg,1.0,0.9031909108161926,1
/media/D1/ait_users/staff122/deepfake_project/outputs_deepfake_project/dfdc_subset_77_jpg/test/fake/fake_001907.jpg,1.0,0.983052134513855,1
/media/D1/ait_users/staff122/deepfake_project/outputs_deepfake_project/dfdc_subset_77_jpg/test/fake/fake_001908.jpg,1.0,0.37797051668167114,0
/media/D1/ait_users/staff122/deepfake_project/outputs_deepfake_project/dfdc_subset_77_jpg/test/fake/fake_001909.jpg,1.0,0.999847412109375,1
/media/D1/ait_users/staff122/deepfake_project/outputs_deepfake_project/dfdc_subset_77_jpg/test/fake/fake_001910.jpg,1.0,0.9987640380859375,1
/media/D1/ait_users/staff122/deepfake_project/outputs_deepfake_project/dfdc_subset_77_jpg/test/fake/fake_001911.jpg,1.0,0.9999945163726807,1
/media/D1/ait_users/staff122/deepfake_project/outputs_deepfake_project/dfdc_subset_77_jpg/test/fake/fake_001912.jpg,1.0,0.999968409538269,1
/media/D1/ait_users/staff122/deepfake_project/outputs_deepfake_project/dfdc_subset_77_jpg/test/fake/fake_001913.jpg,1.0,0.9999493360519409,1
/media/D1/ait_users/staff122/deepfake_project/outputs_deepfake_project/dfdc_subset_77_jpg/test/fake/fake_001914.jpg,1.0,0.9993902444839478,1
/media/D1/ait_users/staff122/deepfake_project/outputs_deepfake_project/dfdc_subset_77_jpg/test/fake/fake_001915.jpg,1.0,0.9990882873535156,1
/media/D1/ait_users/staff122/deepfake_project/outputs_deepfake_project/dfdc_subset_77_jpg/test/fake/fake_001916.jpg,1.0,0.8511927723884583,1
/media/D1/ait_users/staff122/deepfake_project/outputs_deepfake_project/dfdc_subset_77_jpg/test/fake/fake_001917.jpg,1.0,0.15233886241912842,0
/media/D1/ait_users/staff122/deepfake_project/outputs_deepfake_project/dfdc_subset_77_jpg/test/fake/fake_001918.jpg,1.0,0.997340977191925,1
/media/D1/ait_users/staff122/deepfake_project/outputs_deepfake_project/dfdc_subset_77_jpg/test/fake/fake_001919.jpg,1.0,0.8488693833351135,1
/media/D1/ait_users/staff122/deepfake_project/outputs_deepfake_project/dfdc_subset_77_jpg/test/fake/fake_001920.jpg,1.0,0.9986572265625,1
/media/D1/ait_users/staff122/deepfake_project/outputs_deepfake_project/dfdc_subset_77_jpg/test/fake/fake_001921.jpg,1.0,0.9999645948410034,1
/media/D1/ait_users/staff122/deepfake_project/outputs_deepfake_project/dfdc_subset_77_jpg/test/fake/fake_001922.jpg,1.0,0.9999856948852539,1
/media/D1/ait_users/staff122/deepfake_project/outputs_deepfake_project/dfdc_subset_77_jpg/test/fake/fake_001923.jpg,1.0,0.9999871253967285,1
/media/D1/ait_users/staff122/deepfake_project/outputs_deepfake_project/dfdc_subset_77_jpg/test/fake/fake_001924.jpg,1.0,0.9999978542327881,1
/media/D1/ait_users/staff122/deepfake_project/outputs_deepfake_project/dfdc_subset_77_jpg/test/fake/fake_001925.jpg,1.0,0.9995915293693542,1
/media/D1/ait_users/staff122/deepfake_project/outputs_deepfake_project/dfdc_subset_77_jpg/test/fake/fake_001926.jpg,1.0,0.9999955892562866,1
/media/D1/ait_users/staff122/deepfake_project/outputs_deepfake_project/dfdc_subset_77_jpg/test/fake/fake_001927.jpg,1.0,0.9999984502792358,1
/media/D1/ait_users/staff122/deepfake_project/outputs_deepfake_project/dfdc_subset_77_jpg/test/fake/fake_001928.jpg,1.0,0.9999370574951172,1
/media/D1/ait_users/staff122/deepfake_project/outputs_deepfake_project/dfdc_subset_77_jpg/test/fake/fake_001929.jpg,1.0,0.9998927116394043,1
/media/D1/ait_users/staff122/deepfake_project/outputs_deepfake_project/dfdc_subset_77_jpg/test/fake/fake_001930.jpg,1.0,0.9999804496765137,1
/media/D1/ait_users/staff122/deepfake_project/outputs_deepfake_project/dfdc_subset_77_jpg/test/fake/fake_001931.jpg,1.0,0.9999969005584717,1
/media/D1/ait_users/staff122/deepfake_project/outputs_deepfake_project/dfdc_subset_77_jpg/test/fake/fake_001932.jpg,1.0,0.9997566342353821,1
/media/D1/ait_users/staff122/deepfake_project/outputs_deepfake_project/dfdc_subset_77_jpg/test/fake/fake_001933.jpg,1.0,0.9999861717224121,1
/media/D1/ait_users/staff122/deepfake_project/outputs_deepfake_project/dfdc_subset_77_jpg/test/fake/fake_001934.jpg,1.0,0.9980952143669128,1
/media/D1/ait_users/staff122/deepfake_project/outputs_deepfake_project/dfdc_subset_77_jpg/test/fake/fake_001935.jpg,1.0,0.9999576807022095,1
/media/D1/ait_users/staff122/deepfake_project/outputs_deepfake_project/dfdc_subset_77_jpg/test/fake/fake_001936.jpg,1.0,0.9999760389328003,1
/media/D1/ait_users/staff122/deepfake_project/outputs_deepfake_project/dfdc_subset_77_jpg/test/fake/fake_001937.jpg,1.0,0.9999268054962158,1
/media/D1/ait_users/staff122/deepfake_project/outputs_deepfake_project/dfdc_subset_77_jpg/test/fake/fake_001938.jpg,1.0,0.9996720552444458,1
/media/D1/ait_users/staff122/deepfake_project/outputs_deepfake_project/dfdc_subset_77_jpg/test/fake/fake_001939.jpg,1.0,0.9997475743293762,1
/media/D1/ait_users/staff122/deepfake_project/outputs_deepfake_project/dfdc_subset_77_jpg/test/fake/fake_001940.jpg,1.0,0.9999661445617676,1
/media/D1/ait_users/staff122/deepfake_project/outputs_deepfake_project/dfdc_subset_77_jpg/test/fake/fake_001941.jpg,1.0,0.9999510049819946,1
/media/D1/ait_users/staff122/deepfake_project/outputs_deepfake_project/dfdc_subset_77_jpg/test/fake/fake_001942.jpg,1.0,0.9999041557312012,1
/media/D1/ait_users/staff122/deepfake_project/outputs_deepfake_project/dfdc_subset_77_jpg/test/fake/fake_001943.jpg,1.0,0.9996412992477417,1
/media/D1/ait_users/staff122/deepfake_project/outputs_deepfake_project/dfdc_subset_77_jpg/test/fake/fake_001944.jpg,1.0,0.9997116923332214,1
/media/D1/ait_users/staff122/deepfake_project/outputs_deepfake_project/dfdc_subset_77_jpg/test/fake/fake_001945.jpg,1.0,0.9998679161071777,1
/media/D1/ait_users/staff122/deepfake_project/outputs_deepfake_project/dfdc_subset_77_jpg/test/fake/fake_001946.jpg,1.0,0.9995989203453064,1
/media/D1/ait_users/staff122/deepfake_project/outputs_deepfake_project/dfdc_subset_77_jpg/test/fake/fake_001947.jpg,1.0,0.9999548196792603,1
/media/D1/ait_users/staff122/deepfake_project/outputs_deepfake_project/dfdc_subset_77_jpg/test/fake/fake_001948.jpg,1.0,0.9993391633033752,1
/media/D1/ait_users/staff122/deepfake_project/outputs_deepfake_project/dfdc_subset_77_jpg/test/fake/fake_001949.jpg,1.0,0.9997720122337341,1
/media/D1/ait_users/staff122/deepfake_project/outputs_deepfake_project/dfdc_subset_77_jpg/test/fake/fake_001950.jpg,1.0,0.999976634979248,1
/media/D1/ait_users/staff122/deepfake_project/outputs_deepfake_project/dfdc_subset_77_jpg/test/fake/fake_001951.jpg,1.0,0.9996501207351685,1
/media/D1/ait_users/staff122/deepfake_project/outputs_deepfake_project/dfdc_subset_77_jpg/test/fake/fake_001952.jpg,1.0,0.4642152786254883,0
/media/D1/ait_users/staff122/deepfake_project/outputs_deepfake_project/dfdc_subset_77_jpg/test/fake/fake_001953.jpg,1.0,0.9882984161376953,1
/media/D1/ait_users/staff122/deepfake_project/outputs_deepfake_project/dfdc_subset_77_jpg/test/fake/fake_001954.jpg,1.0,0.9984967708587646,1
/media/D1/ait_users/staff122/deepfake_project/outputs_deepfake_project/dfdc_subset_77_jpg/test/fake/fake_001955.jpg,1.0,0.873173177242279,1
/media/D1/ait_users/staff122/deepfake_project/outputs_deepfake_project/dfdc_subset_77_jpg/test/fake/fake_001956.jpg,1.0,0.8093107342720032,1
/media/D1/ait_users/staff122/deepfake_project/outputs_deepfake_project/dfdc_subset_77_jpg/test/fake/fake_001957.jpg,1.0,0.9341252446174622,1
/media/D1/ait_users/staff122/deepfake_project/outputs_deepfake_project/dfdc_subset_77_jpg/test/fake/fake_001958.jpg,1.0,0.9943458437919617,1
/media/D1/ait_users/staff122/deepfake_project/outputs_deepfake_project/dfdc_subset_77_jpg/test/fake/fake_001959.jpg,1.0,0.4896772503852844,0
/media/D1/ait_users/staff122/deepfake_project/outputs_deepfake_project/dfdc_subset_77_jpg/test/fake/fake_001960.jpg,1.0,0.5488696694374084,1
/media/D1/ait_users/staff122/deepfake_project/outputs_deepfake_project/dfdc_subset_77_jpg/test/fake/fake_001961.jpg,1.0,0.677003026008606,1
/media/D1/ait_users/staff122/deepfake_project/outputs_deepfake_project/dfdc_subset_77_jpg/test/fake/fake_001962.jpg,1.0,0.9829672574996948,1
/media/D1/ait_users/staff122/deepfake_project/outputs_deepfake_project/dfdc_subset_77_jpg/test/fake/fake_001963.jpg,1.0,0.36246272921562195,0
/media/D1/ait_users/staff122/deepfake_project/outputs_deepfake_project/dfdc_subset_77_jpg/test/fake/fake_001964.jpg,1.0,0.9018986225128174,1
/media/D1/ait_users/staff122/deepfake_project/outputs_deepfake_project/dfdc_subset_77_jpg/test/fake/fake_001965.jpg,1.0,0.7710657119750977,1
/media/D1/ait_users/staff122/deepfake_project/outputs_deepfake_project/dfdc_subset_77_jpg/test/fake/fake_001966.jpg,1.0,0.9846451878547668,1
/media/D1/ait_users/staff122/deepfake_project/outputs_deepfake_project/dfdc_subset_77_jpg/test/fake/fake_001967.jpg,1.0,0.4336799085140228,0
/media/D1/ait_users/staff122/deepfake_project/outputs_deepfake_project/dfdc_subset_77_jpg/test/fake/fake_001968.jpg,1.0,0.7445661425590515,1
/media/D1/ait_users/staff122/deepfake_project/outputs_deepfake_project/dfdc_subset_77_jpg/test/fake/fake_001969.jpg,1.0,0.6881620287895203,1
/media/D1/ait_users/staff122/deepfake_project/outputs_deepfake_project/dfdc_subset_77_jpg/test/fake/fake_001970.jpg,1.0,0.955224335193634,1
/media/D1/ait_users/staff122/deepfake_project/outputs_deepfake_project/dfdc_subset_77_jpg/test/fake/fake_001971.jpg,1.0,0.18995973467826843,0
/media/D1/ait_users/staff122/deepfake_project/outputs_deepfake_project/dfdc_subset_77_jpg/test/fake/fake_001972.jpg,1.0,0.5837048292160034,1
/media/D1/ait_users/staff122/deepfake_project/outputs_deepfake_project/dfdc_subset_77_jpg/test/fake/fake_001973.jpg,1.0,0.07666832208633423,0
/media/D1/ait_users/staff122/deepfake_project/outputs_deepfake_project/dfdc_subset_77_jpg/test/fake/fake_001974.jpg,1.0,0.03394805267453194,0
/media/D1/ait_users/staff122/deepfake_project/outputs_deepfake_project/dfdc_subset_77_jpg/test/fake/fake_001975.jpg,1.0,0.10428120940923691,0
/media/D1/ait_users/staff122/deepfake_project/outputs_deepfake_project/dfdc_subset_77_jpg/test/fake/fake_001976.jpg,1.0,0.18680886924266815,0
/media/D1/ait_users/staff122/deepfake_project/outputs_deepfake_project/dfdc_subset_77_jpg/test/fake/fake_001977.jpg,1.0,0.6099204421043396,1
/media/D1/ait_users/staff122/deepfake_project/outputs_deepfake_project/dfdc_subset_77_jpg/test/fake/fake_001978.jpg,1.0,0.9983648657798767,1
/media/D1/ait_users/staff122/deepfake_project/outputs_deepfake_project/dfdc_subset_77_jpg/test/fake/fake_001979.jpg,1.0,0.5549086332321167,1
/media/D1/ait_users/staff122/deepfake_project/outputs_deepfake_project/dfdc_subset_77_jpg/test/fake/fake_001980.jpg,1.0,0.9076716899871826,1
/media/D1/ait_users/staff122/deepfake_project/outputs_deepfake_project/dfdc_subset_77_jpg/test/fake/fake_001981.jpg,1.0,0.8956634998321533,1
/media/D1/ait_users/staff122/deepfake_project/outputs_deepfake_project/dfdc_subset_77_jpg/test/fake/fake_001982.jpg,1.0,0.29897603392601013,0
/media/D1/ait_users/staff122/deepfake_project/outputs_deepfake_project/dfdc_subset_77_jpg/test/fake/fake_001983.jpg,1.0,0.25996580719947815,0
/media/D1/ait_users/staff122/deepfake_project/outputs_deepfake_project/dfdc_subset_77_jpg/test/fake/fake_001984.jpg,1.0,0.9996745586395264,1
/media/D1/ait_users/staff122/deepfake_project/outputs_deepfake_project/dfdc_subset_77_jpg/test/fake/fake_001985.jpg,1.0,0.9993643164634705,1
/media/D1/ait_users/staff122/deepfake_project/outputs_deepfake_project/dfdc_subset_77_jpg/test/fake/fake_001986.jpg,1.0,0.9996377229690552,1
/media/D1/ait_users/staff122/deepfake_project/outputs_deepfake_project/dfdc_subset_77_jpg/test/fake/fake_001987.jpg,1.0,0.9995334148406982,1
/media/D1/ait_users/staff122/deepfake_project/outputs_deepfake_project/dfdc_subset_77_jpg/test/fake/fake_001988.jpg,1.0,0.999873161315918,1
/media/D1/ait_users/staff122/deepfake_project/outputs_deepfake_project/dfdc_subset_77_jpg/test/fake/fake_001989.jpg,1.0,0.9997085928916931,1
/media/D1/ait_users/staff122/deepfake_project/outputs_deepfake_project/dfdc_subset_77_jpg/test/fake/fake_001990.jpg,1.0,0.9999061822891235,1
/media/D1/ait_users/staff122/deepfake_project/outputs_deepfake_project/dfdc_subset_77_jpg/test/fake/fake_001991.jpg,1.0,0.9999752044677734,1
/media/D1/ait_users/staff122/deepfake_project/outputs_deepfake_project/dfdc_subset_77_jpg/test/fake/fake_001992.jpg,1.0,0.9998660087585449,1
/media/D1/ait_users/staff122/deepfake_project/outputs_deepfake_project/dfdc_subset_77_jpg/test/fake/fake_001993.jpg,1.0,0.9999974966049194,1
/media/D1/ait_users/staff122/deepfake_project/outputs_deepfake_project/dfdc_subset_77_jpg/test/fake/fake_001994.jpg,1.0,0.9967185854911804,1
/media/D1/ait_users/staff122/deepfake_project/outputs_deepfake_project/dfdc_subset_77_jpg/test/fake/fake_001995.jpg,1.0,0.9989377856254578,1
/media/D1/ait_users/staff122/deepfake_project/outputs_deepfake_project/dfdc_subset_77_jpg/test/fake/fake_001996.jpg,1.0,0.980582058429718,1
/media/D1/ait_users/staff122/deepfake_project/outputs_deepfake_project/dfdc_subset_77_jpg/test/fake/fake_001997.jpg,1.0,0.9881835579872131,1
/media/D1/ait_users/staff122/deepfake_project/outputs_deepfake_project/dfdc_subset_77_jpg/test/fake/fake_001998.jpg,1.0,0.9996812343597412,1
/media/D1/ait_users/staff122/deepfake_project/outputs_deepfake_project/dfdc_subset_77_jpg/test/fake/fake_001999.jpg,1.0,0.9998760223388672,1
/media/D1/ait_users/staff122/deepfake_project/outputs_deepfake_project/dfdc_subset_77_jpg/test/fake/fake_002000.jpg,1.0,0.999992847442627,1
/media/D1/ait_users/staff122/deepfake_project/outputs_deepfake_project/dfdc_subset_77_jpg/test/fake/fake_002001.jpg,1.0,0.9999790191650391,1
/media/D1/ait_users/staff122/deepfake_project/outputs_deepfake_project/dfdc_subset_77_jpg/test/fake/fake_002002.jpg,1.0,0.9999583959579468,1
/media/D1/ait_users/staff122/deepfake_project/outputs_deepfake_project/dfdc_subset_77_jpg/test/fake/fake_002003.jpg,1.0,0.9999957084655762,1
/media/D1/ait_users/staff122/deepfake_project/outputs_deepfake_project/dfdc_subset_77_jpg/test/fake/fake_002004.jpg,1.0,0.9999778270721436,1
/media/D1/ait_users/staff122/deepfake_project/outputs_deepfake_project/dfdc_subset_77_jpg/test/fake/fake_002005.jpg,1.0,0.9984946250915527,1
/media/D1/ait_users/staff122/deepfake_project/outputs_deepfake_project/dfdc_subset_77_jpg/test/fake/fake_002006.jpg,1.0,0.999915599822998,1
/media/D1/ait_users/staff122/deepfake_project/outputs_deepfake_project/dfdc_subset_77_jpg/test/fake/fake_002007.jpg,1.0,0.997467041015625,1
/media/D1/ait_users/staff122/deepfake_project/outputs_deepfake_project/dfdc_subset_77_jpg/test/fake/fake_002008.jpg,1.0,0.9999278783798218,1
/media/D1/ait_users/staff122/deepfake_project/outputs_deepfake_project/dfdc_subset_77_jpg/test/fake/fake_002009.jpg,1.0,0.9999973773956299,1
/media/D1/ait_users/staff122/deepfake_project/outputs_deepfake_project/dfdc_subset_77_jpg/test/fake/fake_002010.jpg,1.0,0.9972802400588989,1
/media/D1/ait_users/staff122/deepfake_project/outputs_deepfake_project/dfdc_subset_77_jpg/test/fake/fake_002011.jpg,1.0,0.9998842477798462,1
/media/D1/ait_users/staff122/deepfake_project/outputs_deepfake_project/dfdc_subset_77_jpg/test/fake/fake_002012.jpg,1.0,0.9999898672103882,1
/media/D1/ait_users/staff122/deepfake_project/outputs_deepfake_project/dfdc_subset_77_jpg/test/fake/fake_002013.jpg,1.0,0.999925971031189,1
/media/D1/ait_users/staff122/deepfake_project/outputs_deepfake_project/dfdc_subset_77_jpg/test/fake/fake_002014.jpg,1.0,0.9999167919158936,1
/media/D1/ait_users/staff122/deepfake_project/outputs_deepfake_project/dfdc_subset_77_jpg/test/fake/fake_002015.jpg,1.0,0.9992573857307434,1
/media/D1/ait_users/staff122/deepfake_project/outputs_deepfake_project/dfdc_subset_77_jpg/test/fake/fake_002016.jpg,1.0,0.8816282153129578,1
/media/D1/ait_users/staff122/deepfake_project/outputs_deepfake_project/dfdc_subset_77_jpg/test/fake/fake_002017.jpg,1.0,0.9930685758590698,1
/media/D1/ait_users/staff122/deepfake_project/outputs_deepfake_project/dfdc_subset_77_jpg/test/fake/fake_002018.jpg,1.0,0.9984045624732971,1
/media/D1/ait_users/staff122/deepfake_project/outputs_deepfake_project/dfdc_subset_77_jpg/test/fake/fake_002019.jpg,1.0,0.9983568787574768,1
/media/D1/ait_users/staff122/deepfake_project/outputs_deepfake_project/dfdc_subset_77_jpg/test/fake/fake_002020.jpg,1.0,0.9999769926071167,1
/media/D1/ait_users/staff122/deepfake_project/outputs_deepfake_project/dfdc_subset_77_jpg/test/fake/fake_002021.jpg,1.0,0.6097307205200195,1
/media/D1/ait_users/staff122/deepfake_project/outputs_deepfake_project/dfdc_subset_77_jpg/test/fake/fake_002022.jpg,1.0,0.8777583241462708,1
/media/D1/ait_users/staff122/deepfake_project/outputs_deepfake_project/dfdc_subset_77_jpg/test/fake/fake_002023.jpg,1.0,0.9999182224273682,1
/media/D1/ait_users/staff122/deepfake_project/outputs_deepfake_project/dfdc_subset_77_jpg/test/fake/fake_002024.jpg,1.0,0.9808481931686401,1
/media/D1/ait_users/staff122/deepfake_project/outputs_deepfake_project/dfdc_subset_77_jpg/test/fake/fake_002025.jpg,1.0,0.9983783960342407,1
/media/D1/ait_users/staff122/deepfake_project/outputs_deepfake_project/dfdc_subset_77_jpg/test/fake/fake_002026.jpg,1.0,0.9990648627281189,1
/media/D1/ait_users/staff122/deepfake_project/outputs_deepfake_project/dfdc_subset_77_jpg/test/fake/fake_002027.jpg,1.0,0.9118831157684326,1
/media/D1/ait_users/staff122/deepfake_project/outputs_deepfake_project/dfdc_subset_77_jpg/test/fake/fake_002028.jpg,1.0,0.9701307415962219,1
/media/D1/ait_users/staff122/deepfake_project/outputs_deepfake_project/dfdc_subset_77_jpg/test/fake/fake_002029.jpg,1.0,0.8640449643135071,1
/media/D1/ait_users/staff122/deepfake_project/outputs_deepfake_project/dfdc_subset_77_jpg/test/fake/fake_002030.jpg,1.0,0.7045262455940247,1
/media/D1/ait_users/staff122/deepfake_project/outputs_deepfake_project/dfdc_subset_77_jpg/test/fake/fake_002031.jpg,1.0,0.9772233366966248,1
/media/D1/ait_users/staff122/deepfake_project/outputs_deepfake_project/dfdc_subset_77_jpg/test/fake/fake_002032.jpg,1.0,0.9894675612449646,1
/media/D1/ait_users/staff122/deepfake_project/outputs_deepfake_project/dfdc_subset_77_jpg/test/fake/fake_002033.jpg,1.0,0.9786262512207031,1
/media/D1/ait_users/staff122/deepfake_project/outputs_deepfake_project/dfdc_subset_77_jpg/test/fake/fake_002034.jpg,1.0,0.7659682035446167,1
/media/D1/ait_users/staff122/deepfake_project/outputs_deepfake_project/dfdc_subset_77_jpg/test/fake/fake_002035.jpg,1.0,0.5354782342910767,1
/media/D1/ait_users/staff122/deepfake_project/outputs_deepfake_project/dfdc_subset_77_jpg/test/fake/fake_002036.jpg,1.0,0.9969465136528015,1
/media/D1/ait_users/staff122/deepfake_project/outputs_deepfake_project/dfdc_subset_77_jpg/test/fake/fake_002037.jpg,1.0,0.9963984489440918,1
/media/D1/ait_users/staff122/deepfake_project/outputs_deepfake_project/dfdc_subset_77_jpg/test/fake/fake_002038.jpg,1.0,0.9211493730545044,1
/media/D1/ait_users/staff122/deepfake_project/outputs_deepfake_project/dfdc_subset_77_jpg/test/fake/fake_002039.jpg,1.0,0.999078631401062,1
/media/D1/ait_users/staff122/deepfake_project/outputs_deepfake_project/dfdc_subset_77_jpg/test/fake/fake_002040.jpg,1.0,0.9977624416351318,1
/media/D1/ait_users/staff122/deepfake_project/outputs_deepfake_project/dfdc_subset_77_jpg/test/fake/fake_002041.jpg,1.0,0.9998199343681335,1
/media/D1/ait_users/staff122/deepfake_project/outputs_deepfake_project/dfdc_subset_77_jpg/test/fake/fake_002042.jpg,1.0,0.9953821301460266,1
/media/D1/ait_users/staff122/deepfake_project/outputs_deepfake_project/dfdc_subset_77_jpg/test/fake/fake_002043.jpg,1.0,0.9946240782737732,1
/media/D1/ait_users/staff122/deepfake_project/outputs_deepfake_project/dfdc_subset_77_jpg/test/fake/fake_002044.jpg,1.0,0.988711953163147,1
/media/D1/ait_users/staff122/deepfake_project/outputs_deepfake_project/dfdc_subset_77_jpg/test/fake/fake_002045.jpg,1.0,0.9944362640380859,1
/media/D1/ait_users/staff122/deepfake_project/outputs_deepfake_project/dfdc_subset_77_jpg/test/fake/fake_002046.jpg,1.0,0.9999459981918335,1
/media/D1/ait_users/staff122/deepfake_project/outputs_deepfake_project/dfdc_subset_77_jpg/test/fake/fake_002047.jpg,1.0,0.9933947920799255,1
/media/D1/ait_users/staff122/deepfake_project/outputs_deepfake_project/dfdc_subset_77_jpg/test/fake/fake_002048.jpg,1.0,0.9883076548576355,1
/media/D1/ait_users/staff122/deepfake_project/outputs_deepfake_project/dfdc_subset_77_jpg/test/fake/fake_002049.jpg,1.0,0.9999998807907104,1
/media/D1/ait_users/staff122/deepfake_project/outputs_deepfake_project/dfdc_subset_77_jpg/test/fake/fake_002050.jpg,1.0,0.9998733997344971,1
/media/D1/ait_users/staff122/deepfake_project/outputs_deepfake_project/dfdc_subset_77_jpg/test/fake/fake_002051.jpg,1.0,0.9655144810676575,1
/media/D1/ait_users/staff122/deepfake_project/outputs_deepfake_project/dfdc_subset_77_jpg/test/fake/fake_002052.jpg,1.0,0.9996738433837891,1
/media/D1/ait_users/staff122/deepfake_project/outputs_deepfake_project/dfdc_subset_77_jpg/test/fake/fake_002053.jpg,1.0,0.9962674975395203,1
/media/D1/ait_users/staff122/deepfake_project/outputs_deepfake_project/dfdc_subset_77_jpg/test/fake/fake_002054.jpg,1.0,0.9998766183853149,1
/media/D1/ait_users/staff122/deepfake_project/outputs_deepfake_project/dfdc_subset_77_jpg/test/fake/fake_002055.jpg,1.0,0.9999990463256836,1
/media/D1/ait_users/staff122/deepfake_project/outputs_deepfake_project/dfdc_subset_77_jpg/test/fake/fake_002056.jpg,1.0,0.9999995231628418,1
/media/D1/ait_users/staff122/deepfake_project/outputs_deepfake_project/dfdc_subset_77_jpg/test/fake/fake_002057.jpg,1.0,0.9999996423721313,1
/media/D1/ait_users/staff122/deepfake_project/outputs_deepfake_project/dfdc_subset_77_jpg/test/fake/fake_002058.jpg,1.0,0.9999885559082031,1
/media/D1/ait_users/staff122/deepfake_project/outputs_deepfake_project/dfdc_subset_77_jpg/test/fake/fake_002059.jpg,1.0,0.9996210336685181,1
/media/D1/ait_users/staff122/deepfake_project/outputs_deepfake_project/dfdc_subset_77_jpg/test/fake/fake_002060.jpg,1.0,0.9984197616577148,1
/media/D1/ait_users/staff122/deepfake_project/outputs_deepfake_project/dfdc_subset_77_jpg/test/fake/fake_002061.jpg,1.0,0.9991976618766785,1
/media/D1/ait_users/staff122/deepfake_project/outputs_deepfake_project/dfdc_subset_77_jpg/test/fake/fake_002062.jpg,1.0,0.9998977184295654,1
/media/D1/ait_users/staff122/deepfake_project/outputs_deepfake_project/dfdc_subset_77_jpg/test/fake/fake_002063.jpg,1.0,0.890440821647644,1
/media/D1/ait_users/staff122/deepfake_project/outputs_deepfake_project/dfdc_subset_77_jpg/test/fake/fake_002064.jpg,1.0,0.9983817338943481,1
/media/D1/ait_users/staff122/deepfake_project/outputs_deepfake_project/dfdc_subset_77_jpg/test/fake/fake_002065.jpg,1.0,0.9999632835388184,1
/media/D1/ait_users/staff122/deepfake_project/outputs_deepfake_project/dfdc_subset_77_jpg/test/fake/fake_002066.jpg,1.0,0.961707592010498,1
/media/D1/ait_users/staff122/deepfake_project/outputs_deepfake_project/dfdc_subset_77_jpg/test/fake/fake_002067.jpg,1.0,0.9998307228088379,1
/media/D1/ait_users/staff122/deepfake_project/outputs_deepfake_project/dfdc_subset_77_jpg/test/fake/fake_002068.jpg,1.0,0.9994373917579651,1
/media/D1/ait_users/staff122/deepfake_project/outputs_deepfake_project/dfdc_subset_77_jpg/test/fake/fake_002069.jpg,1.0,0.9995600581169128,1
/media/D1/ait_users/staff122/deepfake_project/outputs_deepfake_project/dfdc_subset_77_jpg/test/fake/fake_002070.jpg,1.0,0.9961408972740173,1
/media/D1/ait_users/staff122/deepfake_project/outputs_deepfake_project/dfdc_subset_77_jpg/test/fake/fake_002071.jpg,1.0,0.9989511966705322,1
/media/D1/ait_users/staff122/deepfake_project/outputs_deepfake_project/dfdc_subset_77_jpg/test/fake/fake_002072.jpg,1.0,0.9994571805000305,1
/media/D1/ait_users/staff122/deepfake_project/outputs_deepfake_project/dfdc_subset_77_jpg/test/fake/fake_002073.jpg,1.0,0.999512791633606,1
/media/D1/ait_users/staff122/deepfake_project/outputs_deepfake_project/dfdc_subset_77_jpg/test/fake/fake_002074.jpg,1.0,0.9517303109169006,1
/media/D1/ait_users/staff122/deepfake_project/outputs_deepfake_project/dfdc_subset_77_jpg/test/fake/fake_002075.jpg,1.0,0.8782694339752197,1
/media/D1/ait_users/staff122/deepfake_project/outputs_deepfake_project/dfdc_subset_77_jpg/test/fake/fake_002076.jpg,1.0,0.3120700418949127,0
/media/D1/ait_users/staff122/deepfake_project/outputs_deepfake_project/dfdc_subset_77_jpg/test/fake/fake_002077.jpg,1.0,0.9953802824020386,1
/media/D1/ait_users/staff122/deepfake_project/outputs_deepfake_project/dfdc_subset_77_jpg/test/fake/fake_002078.jpg,1.0,0.999504566192627,1
/media/D1/ait_users/staff122/deepfake_project/outputs_deepfake_project/dfdc_subset_77_jpg/test/fake/fake_002079.jpg,1.0,0.17673559486865997,0
/media/D1/ait_users/staff122/deepfake_project/outputs_deepfake_project/dfdc_subset_77_jpg/test/fake/fake_002080.jpg,1.0,0.998724639415741,1
/media/D1/ait_users/staff122/deepfake_project/outputs_deepfake_project/dfdc_subset_77_jpg/test/fake/fake_002081.jpg,1.0,0.9994768500328064,1
/media/D1/ait_users/staff122/deepfake_project/outputs_deepfake_project/dfdc_subset_77_jpg/test/fake/fake_002082.jpg,1.0,0.999997615814209,1
/media/D1/ait_users/staff122/deepfake_project/outputs_deepfake_project/dfdc_subset_77_jpg/test/fake/fake_002083.jpg,1.0,0.9999877214431763,1
/media/D1/ait_users/staff122/deepfake_project/outputs_deepfake_project/dfdc_subset_77_jpg/test/fake/fake_002084.jpg,1.0,0.9999991655349731,1
/media/D1/ait_users/staff122/deepfake_project/outputs_deepfake_project/dfdc_subset_77_jpg/test/fake/fake_002085.jpg,1.0,0.9999827146530151,1
/media/D1/ait_users/staff122/deepfake_project/outputs_deepfake_project/dfdc_subset_77_jpg/test/fake/fake_002086.jpg,1.0,0.999998927116394,1
/media/D1/ait_users/staff122/deepfake_project/outputs_deepfake_project/dfdc_subset_77_jpg/test/fake/fake_002087.jpg,1.0,0.9996582269668579,1
/media/D1/ait_users/staff122/deepfake_project/outputs_deepfake_project/dfdc_subset_77_jpg/test/fake/fake_002088.jpg,1.0,0.9999549388885498,1
/media/D1/ait_users/staff122/deepfake_project/outputs_deepfake_project/dfdc_subset_77_jpg/test/fake/fake_002089.jpg,1.0,0.9999581575393677,1
/media/D1/ait_users/staff122/deepfake_project/outputs_deepfake_project/dfdc_subset_77_jpg/test/fake/fake_002090.jpg,1.0,0.9996196031570435,1
/media/D1/ait_users/staff122/deepfake_project/outputs_deepfake_project/dfdc_subset_77_jpg/test/fake/fake_002091.jpg,1.0,0.9998018145561218,1
/media/D1/ait_users/staff122/deepfake_project/outputs_deepfake_project/dfdc_subset_77_jpg/test/fake/fake_002092.jpg,1.0,0.9999990463256836,1
/media/D1/ait_users/staff122/deepfake_project/outputs_deepfake_project/dfdc_subset_77_jpg/test/fake/fake_002093.jpg,1.0,0.9998624324798584,1
/media/D1/ait_users/staff122/deepfake_project/outputs_deepfake_project/dfdc_subset_77_jpg/test/fake/fake_002094.jpg,1.0,0.9999964237213135,1
/media/D1/ait_users/staff122/deepfake_project/outputs_deepfake_project/dfdc_subset_77_jpg/test/fake/fake_002095.jpg,1.0,0.9999982118606567,1
/media/D1/ait_users/staff122/deepfake_project/outputs_deepfake_project/dfdc_subset_77_jpg/test/fake/fake_002096.jpg,1.0,0.9999774694442749,1
/media/D1/ait_users/staff122/deepfake_project/outputs_deepfake_project/dfdc_subset_77_jpg/test/fake/fake_002097.jpg,1.0,0.9999990463256836,1
/media/D1/ait_users/staff122/deepfake_project/outputs_deepfake_project/dfdc_subset_77_jpg/test/fake/fake_002098.jpg,1.0,0.9999194145202637,1
/media/D1/ait_users/staff122/deepfake_project/outputs_deepfake_project/dfdc_subset_77_jpg/test/fake/fake_002099.jpg,1.0,0.9996668100357056,1
/media/D1/ait_users/staff122/deepfake_project/outputs_deepfake_project/dfdc_subset_77_jpg/test/fake/fake_002100.jpg,1.0,0.9999903440475464,1
/media/D1/ait_users/staff122/deepfake_project/outputs_deepfake_project/dfdc_subset_77_jpg/test/fake/fake_002101.jpg,1.0,0.9999977350234985,1
/media/D1/ait_users/staff122/deepfake_project/outputs_deepfake_project/dfdc_subset_77_jpg/test/fake/fake_002102.jpg,1.0,0.9999788999557495,1
/media/D1/ait_users/staff122/deepfake_project/outputs_deepfake_project/dfdc_subset_77_jpg/test/fake/fake_002103.jpg,1.0,0.9999597072601318,1
/media/D1/ait_users/staff122/deepfake_project/outputs_deepfake_project/dfdc_subset_77_jpg/test/fake/fake_002104.jpg,1.0,0.9999393224716187,1
/media/D1/ait_users/staff122/deepfake_project/outputs_deepfake_project/dfdc_subset_77_jpg/test/fake/fake_002105.jpg,1.0,0.9999755620956421,1
/media/D1/ait_users/staff122/deepfake_project/outputs_deepfake_project/dfdc_subset_77_jpg/test/fake/fake_002106.jpg,1.0,0.9982719421386719,1
/media/D1/ait_users/staff122/deepfake_project/outputs_deepfake_project/dfdc_subset_77_jpg/test/fake/fake_002107.jpg,1.0,0.9985596537590027,1
/media/D1/ait_users/staff122/deepfake_project/outputs_deepfake_project/dfdc_subset_77_jpg/test/fake/fake_002108.jpg,1.0,0.9998288154602051,1
/media/D1/ait_users/staff122/deepfake_project/outputs_deepfake_project/dfdc_subset_77_jpg/test/fake/fake_002109.jpg,1.0,0.9999957084655762,1
/media/D1/ait_users/staff122/deepfake_project/outputs_deepfake_project/dfdc_subset_77_jpg/test/fake/fake_002110.jpg,1.0,0.9998972415924072,1
/media/D1/ait_users/staff122/deepfake_project/outputs_deepfake_project/dfdc_subset_77_jpg/test/fake/fake_002111.jpg,1.0,0.9999854564666748,1
/media/D1/ait_users/staff122/deepfake_project/outputs_deepfake_project/dfdc_subset_77_jpg/test/fake/fake_002112.jpg,1.0,0.9991500377655029,1
/media/D1/ait_users/staff122/deepfake_project/outputs_deepfake_project/dfdc_subset_77_jpg/test/fake/fake_002113.jpg,1.0,0.9999984502792358,1
/media/D1/ait_users/staff122/deepfake_project/outputs_deepfake_project/dfdc_subset_77_jpg/test/fake/fake_002114.jpg,1.0,0.9739974141120911,1
/media/D1/ait_users/staff122/deepfake_project/outputs_deepfake_project/dfdc_subset_77_jpg/test/fake/fake_002115.jpg,1.0,0.7373095154762268,1
/media/D1/ait_users/staff122/deepfake_project/outputs_deepfake_project/dfdc_subset_77_jpg/test/fake/fake_002116.jpg,1.0,0.07868173718452454,0
/media/D1/ait_users/staff122/deepfake_project/outputs_deepfake_project/dfdc_subset_77_jpg/test/fake/fake_002117.jpg,1.0,0.8841678500175476,1
/media/D1/ait_users/staff122/deepfake_project/outputs_deepfake_project/dfdc_subset_77_jpg/test/fake/fake_002118.jpg,1.0,0.9999649524688721,1
/media/D1/ait_users/staff122/deepfake_project/outputs_deepfake_project/dfdc_subset_77_jpg/test/fake/fake_002119.jpg,1.0,0.9865624308586121,1
/media/D1/ait_users/staff122/deepfake_project/outputs_deepfake_project/dfdc_subset_77_jpg/test/fake/fake_002120.jpg,1.0,0.9999847412109375,1
/media/D1/ait_users/staff122/deepfake_project/outputs_deepfake_project/dfdc_subset_77_jpg/test/fake/fake_002121.jpg,1.0,0.9979197382926941,1
/media/D1/ait_users/staff122/deepfake_project/outputs_deepfake_project/dfdc_subset_77_jpg/test/fake/fake_002122.jpg,1.0,0.9999325275421143,1
/media/D1/ait_users/staff122/deepfake_project/outputs_deepfake_project/dfdc_subset_77_jpg/test/fake/fake_002123.jpg,1.0,0.9992479681968689,1
/media/D1/ait_users/staff122/deepfake_project/outputs_deepfake_project/dfdc_subset_77_jpg/test/fake/fake_002124.jpg,1.0,0.9999849796295166,1
/media/D1/ait_users/staff122/deepfake_project/outputs_deepfake_project/dfdc_subset_77_jpg/test/fake/fake_002125.jpg,1.0,0.7631414532661438,1
/media/D1/ait_users/staff122/deepfake_project/outputs_deepfake_project/dfdc_subset_77_jpg/test/fake/fake_002126.jpg,1.0,0.999495267868042,1
/media/D1/ait_users/staff122/deepfake_project/outputs_deepfake_project/dfdc_subset_77_jpg/test/fake/fake_002127.jpg,1.0,0.9995192289352417,1
/media/D1/ait_users/staff122/deepfake_project/outputs_deepfake_project/dfdc_subset_77_jpg/test/fake/fake_002128.jpg,1.0,0.9999964237213135,1
/media/D1/ait_users/staff122/deepfake_project/outputs_deepfake_project/dfdc_subset_77_jpg/test/fake/fake_002129.jpg,1.0,0.9999055862426758,1
/media/D1/ait_users/staff122/deepfake_project/outputs_deepfake_project/dfdc_subset_77_jpg/test/fake/fake_002130.jpg,1.0,0.9998266100883484,1
/media/D1/ait_users/staff122/deepfake_project/outputs_deepfake_project/dfdc_subset_77_jpg/test/fake/fake_002131.jpg,1.0,0.9999995231628418,1
/media/D1/ait_users/staff122/deepfake_project/outputs_deepfake_project/dfdc_subset_77_jpg/test/fake/fake_002132.jpg,1.0,0.9991579055786133,1
/media/D1/ait_users/staff122/deepfake_project/outputs_deepfake_project/dfdc_subset_77_jpg/test/fake/fake_002133.jpg,1.0,0.9997263550758362,1
/media/D1/ait_users/staff122/deepfake_project/outputs_deepfake_project/dfdc_subset_77_jpg/test/fake/fake_002134.jpg,1.0,0.9421986937522888,1
/media/D1/ait_users/staff122/deepfake_project/outputs_deepfake_project/dfdc_subset_77_jpg/test/fake/fake_002135.jpg,1.0,0.9996755123138428,1
/media/D1/ait_users/staff122/deepfake_project/outputs_deepfake_project/dfdc_subset_77_jpg/test/fake/fake_002136.jpg,1.0,0.9999998807907104,1
/media/D1/ait_users/staff122/deepfake_project/outputs_deepfake_project/dfdc_subset_77_jpg/test/fake/fake_002137.jpg,1.0,0.9999699592590332,1
/media/D1/ait_users/staff122/deepfake_project/outputs_deepfake_project/dfdc_subset_77_jpg/test/fake/fake_002138.jpg,1.0,0.9999109506607056,1
/media/D1/ait_users/staff122/deepfake_project/outputs_deepfake_project/dfdc_subset_77_jpg/test/fake/fake_002139.jpg,1.0,0.9999994039535522,1
/media/D1/ait_users/staff122/deepfake_project/outputs_deepfake_project/dfdc_subset_77_jpg/test/fake/fake_002140.jpg,1.0,0.9999997615814209,1
/media/D1/ait_users/staff122/deepfake_project/outputs_deepfake_project/dfdc_subset_77_jpg/test/fake/fake_002141.jpg,1.0,0.999985933303833,1
/media/D1/ait_users/staff122/deepfake_project/outputs_deepfake_project/dfdc_subset_77_jpg/test/fake/fake_002142.jpg,1.0,0.9987107515335083,1
/media/D1/ait_users/staff122/deepfake_project/outputs_deepfake_project/dfdc_subset_77_jpg/test/fake/fake_002143.jpg,1.0,0.9998862743377686,1
/media/D1/ait_users/staff122/deepfake_project/outputs_deepfake_project/dfdc_subset_77_jpg/test/fake/fake_002144.jpg,1.0,0.9998264908790588,1
/media/D1/ait_users/staff122/deepfake_project/outputs_deepfake_project/dfdc_subset_77_jpg/test/fake/fake_002145.jpg,1.0,0.9996463060379028,1
/media/D1/ait_users/staff122/deepfake_project/outputs_deepfake_project/dfdc_subset_77_jpg/test/fake/fake_002146.jpg,1.0,0.9995251893997192,1
/media/D1/ait_users/staff122/deepfake_project/outputs_deepfake_project/dfdc_subset_77_jpg/test/fake/fake_002147.jpg,1.0,0.9989894032478333,1
/media/D1/ait_users/staff122/deepfake_project/outputs_deepfake_project/dfdc_subset_77_jpg/test/fake/fake_002148.jpg,1.0,0.9084832072257996,1
/media/D1/ait_users/staff122/deepfake_project/outputs_deepfake_project/dfdc_subset_77_jpg/test/fake/fake_002149.jpg,1.0,0.9931127429008484,1
/media/D1/ait_users/staff122/deepfake_project/outputs_deepfake_project/dfdc_subset_77_jpg/test/fake/fake_002150.jpg,1.0,0.9924351572990417,1
/media/D1/ait_users/staff122/deepfake_project/outputs_deepfake_project/dfdc_subset_77_jpg/test/fake/fake_002151.jpg,1.0,0.9989699125289917,1
/media/D1/ait_users/staff122/deepfake_project/outputs_deepfake_project/dfdc_subset_77_jpg/test/fake/fake_002152.jpg,1.0,0.9890276193618774,1
/media/D1/ait_users/staff122/deepfake_project/outputs_deepfake_project/dfdc_subset_77_jpg/test/fake/fake_002153.jpg,1.0,0.9115716814994812,1
/media/D1/ait_users/staff122/deepfake_project/outputs_deepfake_project/dfdc_subset_77_jpg/test/fake/fake_002154.jpg,1.0,0.9834659099578857,1
/media/D1/ait_users/staff122/deepfake_project/outputs_deepfake_project/dfdc_subset_77_jpg/test/fake/fake_002155.jpg,1.0,0.9637085795402527,1
/media/D1/ait_users/staff122/deepfake_project/outputs_deepfake_project/dfdc_subset_77_jpg/test/fake/fake_002156.jpg,1.0,0.9983955025672913,1
/media/D1/ait_users/staff122/deepfake_project/outputs_deepfake_project/dfdc_subset_77_jpg/test/fake/fake_002157.jpg,1.0,0.9999734163284302,1
/media/D1/ait_users/staff122/deepfake_project/outputs_deepfake_project/dfdc_subset_77_jpg/test/fake/fake_002158.jpg,1.0,0.835139811038971,1
/media/D1/ait_users/staff122/deepfake_project/outputs_deepfake_project/dfdc_subset_77_jpg/test/fake/fake_002159.jpg,1.0,0.8981870412826538,1
/media/D1/ait_users/staff122/deepfake_project/outputs_deepfake_project/dfdc_subset_77_jpg/test/fake/fake_002160.jpg,1.0,0.9985008239746094,1
/media/D1/ait_users/staff122/deepfake_project/outputs_deepfake_project/dfdc_subset_77_jpg/test/fake/fake_002161.jpg,1.0,0.9993076324462891,1
/media/D1/ait_users/staff122/deepfake_project/outputs_deepfake_project/dfdc_subset_77_jpg/test/fake/fake_002162.jpg,1.0,0.9925048351287842,1
/media/D1/ait_users/staff122/deepfake_project/outputs_deepfake_project/dfdc_subset_77_jpg/test/fake/fake_002163.jpg,1.0,0.9976246953010559,1
/media/D1/ait_users/staff122/deepfake_project/outputs_deepfake_project/dfdc_subset_77_jpg/test/fake/fake_002164.jpg,1.0,0.9925643801689148,1
/media/D1/ait_users/staff122/deepfake_project/outputs_deepfake_project/dfdc_subset_77_jpg/test/fake/fake_002165.jpg,1.0,0.9974026083946228,1
/media/D1/ait_users/staff122/deepfake_project/outputs_deepfake_project/dfdc_subset_77_jpg/test/fake/fake_002166.jpg,1.0,0.9980331063270569,1
/media/D1/ait_users/staff122/deepfake_project/outputs_deepfake_project/dfdc_subset_77_jpg/test/fake/fake_002167.jpg,1.0,0.9998514652252197,1
/media/D1/ait_users/staff122/deepfake_project/outputs_deepfake_project/dfdc_subset_77_jpg/test/fake/fake_002168.jpg,1.0,0.9990370273590088,1
/media/D1/ait_users/staff122/deepfake_project/outputs_deepfake_project/dfdc_subset_77_jpg/test/fake/fake_002169.jpg,1.0,0.9891037940979004,1
/media/D1/ait_users/staff122/deepfake_project/outputs_deepfake_project/dfdc_subset_77_jpg/test/fake/fake_002170.jpg,1.0,0.9586824178695679,1
/media/D1/ait_users/staff122/deepfake_project/outputs_deepfake_project/dfdc_subset_77_jpg/test/fake/fake_002171.jpg,1.0,0.999858021736145,1
/media/D1/ait_users/staff122/deepfake_project/outputs_deepfake_project/dfdc_subset_77_jpg/test/fake/fake_002172.jpg,1.0,0.9247270822525024,1
/media/D1/ait_users/staff122/deepfake_project/outputs_deepfake_project/dfdc_subset_77_jpg/test/fake/fake_002173.jpg,1.0,0.8969646692276001,1
/media/D1/ait_users/staff122/deepfake_project/outputs_deepfake_project/dfdc_subset_77_jpg/test/fake/fake_002174.jpg,1.0,0.9998897314071655,1
/media/D1/ait_users/staff122/deepfake_project/outputs_deepfake_project/dfdc_subset_77_jpg/test/fake/fake_002175.jpg,1.0,0.9999983310699463,1
/media/D1/ait_users/staff122/deepfake_project/outputs_deepfake_project/dfdc_subset_77_jpg/test/fake/fake_002176.jpg,1.0,0.9486456513404846,1
/media/D1/ait_users/staff122/deepfake_project/outputs_deepfake_project/dfdc_subset_77_jpg/test/fake/fake_002177.jpg,1.0,0.9914293885231018,1
/media/D1/ait_users/staff122/deepfake_project/outputs_deepfake_project/dfdc_subset_77_jpg/test/fake/fake_002178.jpg,1.0,0.9864857196807861,1
/media/D1/ait_users/staff122/deepfake_project/outputs_deepfake_project/dfdc_subset_77_jpg/test/fake/fake_002179.jpg,1.0,0.992460310459137,1
/media/D1/ait_users/staff122/deepfake_project/outputs_deepfake_project/dfdc_subset_77_jpg/test/fake/fake_002180.jpg,1.0,0.9972742199897766,1
/media/D1/ait_users/staff122/deepfake_project/outputs_deepfake_project/dfdc_subset_77_jpg/test/fake/fake_002181.jpg,1.0,0.9246092438697815,1
/media/D1/ait_users/staff122/deepfake_project/outputs_deepfake_project/dfdc_subset_77_jpg/test/fake/fake_002182.jpg,1.0,0.9880442023277283,1
/media/D1/ait_users/staff122/deepfake_project/outputs_deepfake_project/dfdc_subset_77_jpg/test/fake/fake_002183.jpg,1.0,0.9939826130867004,1
/media/D1/ait_users/staff122/deepfake_project/outputs_deepfake_project/dfdc_subset_77_jpg/test/fake/fake_002184.jpg,1.0,0.9144062995910645,1
/media/D1/ait_users/staff122/deepfake_project/outputs_deepfake_project/dfdc_subset_77_jpg/test/fake/fake_002185.jpg,1.0,0.962114691734314,1
/media/D1/ait_users/staff122/deepfake_project/outputs_deepfake_project/dfdc_subset_77_jpg/test/fake/fake_002186.jpg,1.0,0.9961102604866028,1
/media/D1/ait_users/staff122/deepfake_project/outputs_deepfake_project/dfdc_subset_77_jpg/test/fake/fake_002187.jpg,1.0,0.9999977350234985,1
/media/D1/ait_users/staff122/deepfake_project/outputs_deepfake_project/dfdc_subset_77_jpg/test/fake/fake_002188.jpg,1.0,0.9999963045120239,1
/media/D1/ait_users/staff122/deepfake_project/outputs_deepfake_project/dfdc_subset_77_jpg/test/fake/fake_002189.jpg,1.0,0.9854373335838318,1
/media/D1/ait_users/staff122/deepfake_project/outputs_deepfake_project/dfdc_subset_77_jpg/test/fake/fake_002190.jpg,1.0,0.9999935626983643,1
/media/D1/ait_users/staff122/deepfake_project/outputs_deepfake_project/dfdc_subset_77_jpg/test/fake/fake_002191.jpg,1.0,0.9932774901390076,1
/media/D1/ait_users/staff122/deepfake_project/outputs_deepfake_project/dfdc_subset_77_jpg/test/fake/fake_002192.jpg,1.0,0.9999924898147583,1
/media/D1/ait_users/staff122/deepfake_project/outputs_deepfake_project/dfdc_subset_77_jpg/test/fake/fake_002193.jpg,1.0,0.9887034296989441,1
/media/D1/ait_users/staff122/deepfake_project/outputs_deepfake_project/dfdc_subset_77_jpg/test/fake/fake_002194.jpg,1.0,0.9999794960021973,1
/media/D1/ait_users/staff122/deepfake_project/outputs_deepfake_project/dfdc_subset_77_jpg/test/fake/fake_002195.jpg,1.0,0.9999922513961792,1
/media/D1/ait_users/staff122/deepfake_project/outputs_deepfake_project/dfdc_subset_77_jpg/test/fake/fake_002196.jpg,1.0,0.9999947547912598,1
/media/D1/ait_users/staff122/deepfake_project/outputs_deepfake_project/dfdc_subset_77_jpg/test/fake/fake_002197.jpg,1.0,0.9580126404762268,1
/media/D1/ait_users/staff122/deepfake_project/outputs_deepfake_project/dfdc_subset_77_jpg/test/fake/fake_002198.jpg,1.0,0.9999961853027344,1
/media/D1/ait_users/staff122/deepfake_project/outputs_deepfake_project/dfdc_subset_77_jpg/test/fake/fake_002199.jpg,1.0,0.9552225470542908,1
/media/D1/ait_users/staff122/deepfake_project/outputs_deepfake_project/dfdc_subset_77_jpg/test/fake/fake_002200.jpg,1.0,0.9999966621398926,1
/media/D1/ait_users/staff122/deepfake_project/outputs_deepfake_project/dfdc_subset_77_jpg/test/fake/fake_002201.jpg,1.0,0.9999947547912598,1
/media/D1/ait_users/staff122/deepfake_project/outputs_deepfake_project/dfdc_subset_77_jpg/test/fake/fake_002202.jpg,1.0,0.9688565731048584,1
/media/D1/ait_users/staff122/deepfake_project/outputs_deepfake_project/dfdc_subset_77_jpg/test/fake/fake_002203.jpg,1.0,0.999997615814209,1
/media/D1/ait_users/staff122/deepfake_project/outputs_deepfake_project/dfdc_subset_77_jpg/test/fake/fake_002204.jpg,1.0,0.9999957084655762,1
/media/D1/ait_users/staff122/deepfake_project/outputs_deepfake_project/dfdc_subset_77_jpg/test/fake/fake_002205.jpg,1.0,0.9999940395355225,1
/media/D1/ait_users/staff122/deepfake_project/outputs_deepfake_project/dfdc_subset_77_jpg/test/fake/fake_002206.jpg,1.0,0.9999667406082153,1
/media/D1/ait_users/staff122/deepfake_project/outputs_deepfake_project/dfdc_subset_77_jpg/test/fake/fake_002207.jpg,1.0,0.9999948740005493,1
/media/D1/ait_users/staff122/deepfake_project/outputs_deepfake_project/dfdc_subset_77_jpg/test/fake/fake_002208.jpg,1.0,0.9999997615814209,1
/media/D1/ait_users/staff122/deepfake_project/outputs_deepfake_project/dfdc_subset_77_jpg/test/fake/fake_002209.jpg,1.0,0.9999998807907104,1
/media/D1/ait_users/staff122/deepfake_project/outputs_deepfake_project/dfdc_subset_77_jpg/test/fake/fake_002210.jpg,1.0,0.9999997615814209,1
/media/D1/ait_users/staff122/deepfake_project/outputs_deepfake_project/dfdc_subset_77_jpg/test/fake/fake_002211.jpg,1.0,0.9999998807907104,1
/media/D1/ait_users/staff122/deepfake_project/outputs_deepfake_project/dfdc_subset_77_jpg/test/fake/fake_002212.jpg,1.0,0.9999996423721313,1
/media/D1/ait_users/staff122/deepfake_project/outputs_deepfake_project/dfdc_subset_77_jpg/test/fake/fake_002213.jpg,1.0,0.9999997615814209,1
/media/D1/ait_users/staff122/deepfake_project/outputs_deepfake_project/dfdc_subset_77_jpg/test/fake/fake_002214.jpg,1.0,0.9999998807907104,1
/media/D1/ait_users/staff122/deepfake_project/outputs_deepfake_project/dfdc_subset_77_jpg/test/fake/fake_002215.jpg,1.0,0.9999998807907104,1
/media/D1/ait_users/staff122/deepfake_project/outputs_deepfake_project/dfdc_subset_77_jpg/test/fake/fake_002216.jpg,1.0,0.9999998807907104,1
/media/D1/ait_users/staff122/deepfake_project/outputs_deepfake_project/dfdc_subset_77_jpg/test/fake/fake_002217.jpg,1.0,1.0,1
/media/D1/ait_users/staff122/deepfake_project/outputs_deepfake_project/dfdc_subset_77_jpg/test/fake/fake_002218.jpg,1.0,1.0,1
/media/D1/ait_users/staff122/deepfake_project/outputs_deepfake_project/dfdc_subset_77_jpg/test/fake/fake_002219.jpg,1.0,1.0,1
/media/D1/ait_users/staff122/deepfake_project/outputs_deepfake_project/dfdc_subset_77_jpg/test/fake/fake_002220.jpg,1.0,1.0,1
/media/D1/ait_users/staff122/deepfake_project/outputs_deepfake_project/dfdc_subset_77_jpg/test/fake/fake_002221.jpg,1.0,0.9999998807907104,1
/media/D1/ait_users/staff122/deepfake_project/outputs_deepfake_project/dfdc_subset_77_jpg/test/fake/fake_002222.jpg,1.0,0.9999982118606567,1
/media/D1/ait_users/staff122/deepfake_project/outputs_deepfake_project/dfdc_subset_77_jpg/test/fake/fake_002223.jpg,1.0,0.9999904632568359,1
/media/D1/ait_users/staff122/deepfake_project/outputs_deepfake_project/dfdc_subset_77_jpg/test/fake/fake_002224.jpg,1.0,0.9999998807907104,1
/media/D1/ait_users/staff122/deepfake_project/outputs_deepfake_project/dfdc_subset_77_jpg/test/fake/fake_002225.jpg,1.0,0.9999995231628418,1
/media/D1/ait_users/staff122/deepfake_project/outputs_deepfake_project/dfdc_subset_77_jpg/test/fake/fake_002226.jpg,1.0,0.9999995231628418,1
/media/D1/ait_users/staff122/deepfake_project/outputs_deepfake_project/dfdc_subset_77_jpg/test/fake/fake_002227.jpg,1.0,1.0,1
/media/D1/ait_users/staff122/deepfake_project/outputs_deepfake_project/dfdc_subset_77_jpg/test/fake/fake_002228.jpg,1.0,1.0,1
/media/D1/ait_users/staff122/deepfake_project/outputs_deepfake_project/dfdc_subset_77_jpg/test/fake/fake_002229.jpg,1.0,0.9999998807907104,1
/media/D1/ait_users/staff122/deepfake_project/outputs_deepfake_project/dfdc_subset_77_jpg/test/fake/fake_002230.jpg,1.0,0.9999998807907104,1
/media/D1/ait_users/staff122/deepfake_project/outputs_deepfake_project/dfdc_subset_77_jpg/test/fake/fake_002231.jpg,1.0,0.9999994039535522,1
/media/D1/ait_users/staff122/deepfake_project/outputs_deepfake_project/dfdc_subset_77_jpg/test/fake/fake_002232.jpg,1.0,0.9999995231628418,1
/media/D1/ait_users/staff122/deepfake_project/outputs_deepfake_project/dfdc_subset_77_jpg/test/fake/fake_002233.jpg,1.0,0.9999998807907104,1
/media/D1/ait_users/staff122/deepfake_project/outputs_deepfake_project/dfdc_subset_77_jpg/test/fake/fake_002234.jpg,1.0,0.9999996423721313,1
/media/D1/ait_users/staff122/deepfake_project/outputs_deepfake_project/dfdc_subset_77_jpg/test/fake/fake_002235.jpg,1.0,0.9999997615814209,1
/media/D1/ait_users/staff122/deepfake_project/outputs_deepfake_project/dfdc_subset_77_jpg/test/fake/fake_002236.jpg,1.0,0.9999998807907104,1
/media/D1/ait_users/staff122/deepfake_project/outputs_deepfake_project/dfdc_subset_77_jpg/test/fake/fake_002237.jpg,1.0,0.9999997615814209,1
/media/D1/ait_users/staff122/deepfake_project/outputs_deepfake_project/dfdc_subset_77_jpg/test/fake/fake_002238.jpg,1.0,0.9999942779541016,1
/media/D1/ait_users/staff122/deepfake_project/outputs_deepfake_project/dfdc_subset_77_jpg/test/fake/fake_002239.jpg,1.0,0.9999756813049316,1
/media/D1/ait_users/staff122/deepfake_project/outputs_deepfake_project/dfdc_subset_77_jpg/test/fake/fake_002240.jpg,1.0,0.9928796887397766,1
/media/D1/ait_users/staff122/deepfake_project/outputs_deepfake_project/dfdc_subset_77_jpg/test/fake/fake_002241.jpg,1.0,0.998035728931427,1
/media/D1/ait_users/staff122/deepfake_project/outputs_deepfake_project/dfdc_subset_77_jpg/test/fake/fake_002242.jpg,1.0,0.9976401329040527,1
/media/D1/ait_users/staff122/deepfake_project/outputs_deepfake_project/dfdc_subset_77_jpg/test/fake/fake_002243.jpg,1.0,0.9976773858070374,1
/media/D1/ait_users/staff122/deepfake_project/outputs_deepfake_project/dfdc_subset_77_jpg/test/fake/fake_002244.jpg,1.0,0.999524712562561,1
/media/D1/ait_users/staff122/deepfake_project/outputs_deepfake_project/dfdc_subset_77_jpg/test/fake/fake_002245.jpg,1.0,0.9995831847190857,1
/media/D1/ait_users/staff122/deepfake_project/outputs_deepfake_project/dfdc_subset_77_jpg/test/fake/fake_002246.jpg,1.0,0.998085618019104,1
/media/D1/ait_users/staff122/deepfake_project/outputs_deepfake_project/dfdc_subset_77_jpg/test/fake/fake_002247.jpg,1.0,0.9995507597923279,1
/media/D1/ait_users/staff122/deepfake_project/outputs_deepfake_project/dfdc_subset_77_jpg/test/fake/fake_002248.jpg,1.0,0.9985468983650208,1
/media/D1/ait_users/staff122/deepfake_project/outputs_deepfake_project/dfdc_subset_77_jpg/test/fake/fake_002249.jpg,1.0,0.9989514350891113,1
/media/D1/ait_users/staff122/deepfake_project/outputs_deepfake_project/dfdc_subset_77_jpg/test/fake/fake_002250.jpg,1.0,0.9989462494850159,1
/media/D1/ait_users/staff122/deepfake_project/outputs_deepfake_project/dfdc_subset_77_jpg/test/fake/fake_002251.jpg,1.0,0.9970108270645142,1
/media/D1/ait_users/staff122/deepfake_project/outputs_deepfake_project/dfdc_subset_77_jpg/test/fake/fake_002252.jpg,1.0,0.9976906776428223,1
/media/D1/ait_users/staff122/deepfake_project/outputs_deepfake_project/dfdc_subset_77_jpg/test/fake/fake_002253.jpg,1.0,0.992271900177002,1
/media/D1/ait_users/staff122/deepfake_project/outputs_deepfake_project/dfdc_subset_77_jpg/test/fake/fake_002254.jpg,1.0,0.995049774646759,1
/media/D1/ait_users/staff122/deepfake_project/outputs_deepfake_project/dfdc_subset_77_jpg/test/fake/fake_002255.jpg,1.0,0.9976143836975098,1
/media/D1/ait_users/staff122/deepfake_project/outputs_deepfake_project/dfdc_subset_77_jpg/test/fake/fake_002256.jpg,1.0,0.9930904507637024,1
/media/D1/ait_users/staff122/deepfake_project/outputs_deepfake_project/dfdc_subset_77_jpg/test/fake/fake_002257.jpg,1.0,0.9991353154182434,1
/media/D1/ait_users/staff122/deepfake_project/outputs_deepfake_project/dfdc_subset_77_jpg/test/fake/fake_002258.jpg,1.0,0.999038815498352,1
/media/D1/ait_users/staff122/deepfake_project/outputs_deepfake_project/dfdc_subset_77_jpg/test/fake/fake_002259.jpg,1.0,0.9995488524436951,1
/media/D1/ait_users/staff122/deepfake_project/outputs_deepfake_project/dfdc_subset_77_jpg/test/fake/fake_002260.jpg,1.0,0.9971242547035217,1
/media/D1/ait_users/staff122/deepfake_project/outputs_deepfake_project/dfdc_subset_77_jpg/test/fake/fake_002261.jpg,1.0,0.9948174357414246,1
/media/D1/ait_users/staff122/deepfake_project/outputs_deepfake_project/dfdc_subset_77_jpg/test/fake/fake_002262.jpg,1.0,0.9967963099479675,1
/media/D1/ait_users/staff122/deepfake_project/outputs_deepfake_project/dfdc_subset_77_jpg/test/fake/fake_002263.jpg,1.0,0.9982612729072571,1
/media/D1/ait_users/staff122/deepfake_project/outputs_deepfake_project/dfdc_subset_77_jpg/test/fake/fake_002264.jpg,1.0,0.9968425035476685,1
/media/D1/ait_users/staff122/deepfake_project/outputs_deepfake_project/dfdc_subset_77_jpg/test/fake/fake_002265.jpg,1.0,0.9941198825836182,1
/media/D1/ait_users/staff122/deepfake_project/outputs_deepfake_project/dfdc_subset_77_jpg/test/fake/fake_002266.jpg,1.0,0.9978651404380798,1
/media/D1/ait_users/staff122/deepfake_project/outputs_deepfake_project/dfdc_subset_77_jpg/test/fake/fake_002267.jpg,1.0,0.9939854741096497,1
/media/D1/ait_users/staff122/deepfake_project/outputs_deepfake_project/dfdc_subset_77_jpg/test/fake/fake_002268.jpg,1.0,0.9961434602737427,1
/media/D1/ait_users/staff122/deepfake_project/outputs_deepfake_project/dfdc_subset_77_jpg/test/fake/fake_002269.jpg,1.0,0.9968603849411011,1
/media/D1/ait_users/staff122/deepfake_project/outputs_deepfake_project/dfdc_subset_77_jpg/test/fake/fake_002270.jpg,1.0,0.993036687374115,1
/media/D1/ait_users/staff122/deepfake_project/outputs_deepfake_project/dfdc_subset_77_jpg/test/fake/fake_002271.jpg,1.0,0.9945774078369141,1
/media/D1/ait_users/staff122/deepfake_project/outputs_deepfake_project/dfdc_subset_77_jpg/test/fake/fake_002272.jpg,1.0,0.9999134540557861,1
/media/D1/ait_users/staff122/deepfake_project/outputs_deepfake_project/dfdc_subset_77_jpg/test/fake/fake_002273.jpg,1.0,0.9999996423721313,1
/media/D1/ait_users/staff122/deepfake_project/outputs_deepfake_project/dfdc_subset_77_jpg/test/fake/fake_002274.jpg,1.0,0.9999938011169434,1
/media/D1/ait_users/staff122/deepfake_project/outputs_deepfake_project/dfdc_subset_77_jpg/test/fake/fake_002275.jpg,1.0,0.9999996423721313,1
/media/D1/ait_users/staff122/deepfake_project/outputs_deepfake_project/dfdc_subset_77_jpg/test/fake/fake_002276.jpg,1.0,0.9999985694885254,1
/media/D1/ait_users/staff122/deepfake_project/outputs_deepfake_project/dfdc_subset_77_jpg/test/fake/fake_002277.jpg,1.0,0.9999971389770508,1
/media/D1/ait_users/staff122/deepfake_project/outputs_deepfake_project/dfdc_subset_77_jpg/test/fake/fake_002278.jpg,1.0,0.9999985694885254,1
/media/D1/ait_users/staff122/deepfake_project/outputs_deepfake_project/dfdc_subset_77_jpg/test/fake/fake_002279.jpg,1.0,0.9999984502792358,1
/media/D1/ait_users/staff122/deepfake_project/outputs_deepfake_project/dfdc_subset_77_jpg/test/fake/fake_002280.jpg,1.0,0.9999969005584717,1
/media/D1/ait_users/staff122/deepfake_project/outputs_deepfake_project/dfdc_subset_77_jpg/test/fake/fake_002281.jpg,1.0,1.0,1
/media/D1/ait_users/staff122/deepfake_project/outputs_deepfake_project/dfdc_subset_77_jpg/test/fake/fake_002282.jpg,1.0,0.9999849796295166,1
/media/D1/ait_users/staff122/deepfake_project/outputs_deepfake_project/dfdc_subset_77_jpg/test/fake/fake_002283.jpg,1.0,0.9999995231628418,1
/media/D1/ait_users/staff122/deepfake_project/outputs_deepfake_project/dfdc_subset_77_jpg/test/fake/fake_002284.jpg,1.0,0.9999997615814209,1
/media/D1/ait_users/staff122/deepfake_project/outputs_deepfake_project/dfdc_subset_77_jpg/test/fake/fake_002285.jpg,1.0,0.9999997615814209,1
/media/D1/ait_users/staff122/deepfake_project/outputs_deepfake_project/dfdc_subset_77_jpg/test/fake/fake_002286.jpg,1.0,0.9999970197677612,1
/media/D1/ait_users/staff122/deepfake_project/outputs_deepfake_project/dfdc_subset_77_jpg/test/fake/fake_002287.jpg,1.0,0.9999994039535522,1
/media/D1/ait_users/staff122/deepfake_project/outputs_deepfake_project/dfdc_subset_77_jpg/test/fake/fake_002288.jpg,1.0,0.9998539686203003,1
/media/D1/ait_users/staff122/deepfake_project/outputs_deepfake_project/dfdc_subset_77_jpg/test/fake/fake_002289.jpg,1.0,0.9997252821922302,1
/media/D1/ait_users/staff122/deepfake_project/outputs_deepfake_project/dfdc_subset_77_jpg/test/fake/fake_002290.jpg,1.0,0.9999997615814209,1
/media/D1/ait_users/staff122/deepfake_project/outputs_deepfake_project/dfdc_subset_77_jpg/test/fake/fake_002291.jpg,1.0,0.9999996423721313,1
/media/D1/ait_users/staff122/deepfake_project/outputs_deepfake_project/dfdc_subset_77_jpg/test/fake/fake_002292.jpg,1.0,0.9999992847442627,1
/media/D1/ait_users/staff122/deepfake_project/outputs_deepfake_project/dfdc_subset_77_jpg/test/fake/fake_002293.jpg,1.0,0.9999995231628418,1
/media/D1/ait_users/staff122/deepfake_project/outputs_deepfake_project/dfdc_subset_77_jpg/test/fake/fake_002294.jpg,1.0,0.9999996423721313,1
/media/D1/ait_users/staff122/deepfake_project/outputs_deepfake_project/dfdc_subset_77_jpg/test/fake/fake_002295.jpg,1.0,0.9999693632125854,1
/media/D1/ait_users/staff122/deepfake_project/outputs_deepfake_project/dfdc_subset_77_jpg/test/fake/fake_002296.jpg,1.0,0.9999994039535522,1
/media/D1/ait_users/staff122/deepfake_project/outputs_deepfake_project/dfdc_subset_77_jpg/test/fake/fake_002297.jpg,1.0,0.9999994039535522,1
/media/D1/ait_users/staff122/deepfake_project/outputs_deepfake_project/dfdc_subset_77_jpg/test/fake/fake_002298.jpg,1.0,0.9999287128448486,1
/media/D1/ait_users/staff122/deepfake_project/outputs_deepfake_project/dfdc_subset_77_jpg/test/fake/fake_002299.jpg,1.0,1.0,1
/media/D1/ait_users/staff122/deepfake_project/outputs_deepfake_project/dfdc_subset_77_jpg/test/fake/fake_002300.jpg,1.0,1.0,1
/media/D1/ait_users/staff122/deepfake_project/outputs_deepfake_project/dfdc_subset_77_jpg/test/fake/fake_002301.jpg,1.0,0.9999983310699463,1
/media/D1/ait_users/staff122/deepfake_project/outputs_deepfake_project/dfdc_subset_77_jpg/test/fake/fake_002302.jpg,1.0,0.9999996423721313,1
/media/D1/ait_users/staff122/deepfake_project/outputs_deepfake_project/dfdc_subset_77_jpg/test/fake/fake_002303.jpg,1.0,0.9999998807907104,1
/media/D1/ait_users/staff122/deepfake_project/outputs_deepfake_project/dfdc_subset_77_jpg/test/fake/fake_002304.jpg,1.0,0.9992654919624329,1
/media/D1/ait_users/staff122/deepfake_project/outputs_deepfake_project/dfdc_subset_77_jpg/test/fake/fake_002305.jpg,1.0,0.9999017715454102,1
/media/D1/ait_users/staff122/deepfake_project/outputs_deepfake_project/dfdc_subset_77_jpg/test/fake/fake_002306.jpg,1.0,0.9989001750946045,1
/media/D1/ait_users/staff122/deepfake_project/outputs_deepfake_project/dfdc_subset_77_jpg/test/fake/fake_002307.jpg,1.0,0.9982695579528809,1
/media/D1/ait_users/staff122/deepfake_project/outputs_deepfake_project/dfdc_subset_77_jpg/test/fake/fake_002308.jpg,1.0,0.9994656443595886,1
/media/D1/ait_users/staff122/deepfake_project/outputs_deepfake_project/dfdc_subset_77_jpg/test/fake/fake_002309.jpg,1.0,0.9888814091682434,1
/media/D1/ait_users/staff122/deepfake_project/outputs_deepfake_project/dfdc_subset_77_jpg/test/fake/fake_002310.jpg,1.0,0.997678816318512,1
/media/D1/ait_users/staff122/deepfake_project/outputs_deepfake_project/dfdc_subset_77_jpg/test/fake/fake_002311.jpg,1.0,0.9927626252174377,1
/media/D1/ait_users/staff122/deepfake_project/outputs_deepfake_project/dfdc_subset_77_jpg/test/fake/fake_002312.jpg,1.0,0.9997575879096985,1
/media/D1/ait_users/staff122/deepfake_project/outputs_deepfake_project/dfdc_subset_77_jpg/test/fake/fake_002313.jpg,1.0,0.9958581328392029,1
/media/D1/ait_users/staff122/deepfake_project/outputs_deepfake_project/dfdc_subset_77_jpg/test/fake/fake_002314.jpg,1.0,0.9893993735313416,1
/media/D1/ait_users/staff122/deepfake_project/outputs_deepfake_project/dfdc_subset_77_jpg/test/fake/fake_002315.jpg,1.0,0.9839984178543091,1
/media/D1/ait_users/staff122/deepfake_project/outputs_deepfake_project/dfdc_subset_77_jpg/test/fake/fake_002316.jpg,1.0,0.9924123883247375,1
/media/D1/ait_users/staff122/deepfake_project/outputs_deepfake_project/dfdc_subset_77_jpg/test/fake/fake_002317.jpg,1.0,0.9984918832778931,1
/media/D1/ait_users/staff122/deepfake_project/outputs_deepfake_project/dfdc_subset_77_jpg/test/fake/fake_002318.jpg,1.0,0.9995508790016174,1
/media/D1/ait_users/staff122/deepfake_project/outputs_deepfake_project/dfdc_subset_77_jpg/test/fake/fake_002319.jpg,1.0,0.9919081330299377,1
/media/D1/ait_users/staff122/deepfake_project/outputs_deepfake_project/dfdc_subset_77_jpg/test/fake/fake_002320.jpg,1.0,0.9971492886543274,1
/media/D1/ait_users/staff122/deepfake_project/outputs_deepfake_project/dfdc_subset_77_jpg/test/fake/fake_002321.jpg,1.0,0.9909303784370422,1
/media/D1/ait_users/staff122/deepfake_project/outputs_deepfake_project/dfdc_subset_77_jpg/test/fake/fake_002322.jpg,1.0,0.999004065990448,1
/media/D1/ait_users/staff122/deepfake_project/outputs_deepfake_project/dfdc_subset_77_jpg/test/fake/fake_002323.jpg,1.0,0.9998409748077393,1
/media/D1/ait_users/staff122/deepfake_project/outputs_deepfake_project/dfdc_subset_77_jpg/test/fake/fake_002324.jpg,1.0,0.9981037378311157,1
/media/D1/ait_users/staff122/deepfake_project/outputs_deepfake_project/dfdc_subset_77_jpg/test/fake/fake_002325.jpg,1.0,0.9997231364250183,1
/media/D1/ait_users/staff122/deepfake_project/outputs_deepfake_project/dfdc_subset_77_jpg/test/fake/fake_002326.jpg,1.0,0.9985195994377136,1
/media/D1/ait_users/staff122/deepfake_project/outputs_deepfake_project/dfdc_subset_77_jpg/test/fake/fake_002327.jpg,1.0,0.9999065399169922,1
/media/D1/ait_users/staff122/deepfake_project/outputs_deepfake_project/dfdc_subset_77_jpg/test/fake/fake_002328.jpg,1.0,0.9966639876365662,1
/media/D1/ait_users/staff122/deepfake_project/outputs_deepfake_project/dfdc_subset_77_jpg/test/fake/fake_002329.jpg,1.0,0.9999256134033203,1
/media/D1/ait_users/staff122/deepfake_project/outputs_deepfake_project/dfdc_subset_77_jpg/test/fake/fake_002330.jpg,1.0,0.9984387755393982,1
/media/D1/ait_users/staff122/deepfake_project/outputs_deepfake_project/dfdc_subset_77_jpg/test/fake/fake_002331.jpg,1.0,0.9920763969421387,1
/media/D1/ait_users/staff122/deepfake_project/outputs_deepfake_project/dfdc_subset_77_jpg/test/fake/fake_002332.jpg,1.0,0.9745568037033081,1
/media/D1/ait_users/staff122/deepfake_project/outputs_deepfake_project/dfdc_subset_77_jpg/test/fake/fake_002333.jpg,1.0,0.9953110814094543,1
/media/D1/ait_users/staff122/deepfake_project/outputs_deepfake_project/dfdc_subset_77_jpg/test/fake/fake_002334.jpg,1.0,0.9935804605484009,1
/media/D1/ait_users/staff122/deepfake_project/outputs_deepfake_project/dfdc_subset_77_jpg/test/fake/fake_002335.jpg,1.0,0.9943724870681763,1
/media/D1/ait_users/staff122/deepfake_project/outputs_deepfake_project/dfdc_subset_77_jpg/test/fake/fake_002336.jpg,1.0,0.0012878916459158063,0
/media/D1/ait_users/staff122/deepfake_project/outputs_deepfake_project/dfdc_subset_77_jpg/test/fake/fake_002337.jpg,1.0,0.9042132496833801,1
/media/D1/ait_users/staff122/deepfake_project/outputs_deepfake_project/dfdc_subset_77_jpg/test/fake/fake_002338.jpg,1.0,0.9924530386924744,1
/media/D1/ait_users/staff122/deepfake_project/outputs_deepfake_project/dfdc_subset_77_jpg/test/fake/fake_002339.jpg,1.0,0.5439653396606445,1
/media/D1/ait_users/staff122/deepfake_project/outputs_deepfake_project/dfdc_subset_77_jpg/test/fake/fake_002340.jpg,1.0,0.9990881681442261,1
/media/D1/ait_users/staff122/deepfake_project/outputs_deepfake_project/dfdc_subset_77_jpg/test/fake/fake_002341.jpg,1.0,0.9999992847442627,1
/media/D1/ait_users/staff122/deepfake_project/outputs_deepfake_project/dfdc_subset_77_jpg/test/fake/fake_002342.jpg,1.0,0.9986990690231323,1
/media/D1/ait_users/staff122/deepfake_project/outputs_deepfake_project/dfdc_subset_77_jpg/test/fake/fake_002343.jpg,1.0,0.3965669572353363,0
/media/D1/ait_users/staff122/deepfake_project/outputs_deepfake_project/dfdc_subset_77_jpg/test/fake/fake_002344.jpg,1.0,0.9800286293029785,1
/media/D1/ait_users/staff122/deepfake_project/outputs_deepfake_project/dfdc_subset_77_jpg/test/fake/fake_002345.jpg,1.0,0.4744070768356323,0
/media/D1/ait_users/staff122/deepfake_project/outputs_deepfake_project/dfdc_subset_77_jpg/test/fake/fake_002346.jpg,1.0,0.9919019341468811,1
/media/D1/ait_users/staff122/deepfake_project/outputs_deepfake_project/dfdc_subset_77_jpg/test/fake/fake_002347.jpg,1.0,0.9999959468841553,1
/media/D1/ait_users/staff122/deepfake_project/outputs_deepfake_project/dfdc_subset_77_jpg/test/fake/fake_002348.jpg,1.0,0.999778687953949,1
/media/D1/ait_users/staff122/deepfake_project/outputs_deepfake_project/dfdc_subset_77_jpg/test/fake/fake_002349.jpg,1.0,0.9999994039535522,1
/media/D1/ait_users/staff122/deepfake_project/outputs_deepfake_project/dfdc_subset_77_jpg/test/fake/fake_002350.jpg,1.0,0.9979050159454346,1
/media/D1/ait_users/staff122/deepfake_project/outputs_deepfake_project/dfdc_subset_77_jpg/test/fake/fake_002351.jpg,1.0,0.8692797422409058,1
/media/D1/ait_users/staff122/deepfake_project/outputs_deepfake_project/dfdc_subset_77_jpg/test/fake/fake_002352.jpg,1.0,0.9999027252197266,1
/media/D1/ait_users/staff122/deepfake_project/outputs_deepfake_project/dfdc_subset_77_jpg/test/fake/fake_002353.jpg,1.0,0.9900776147842407,1
/media/D1/ait_users/staff122/deepfake_project/outputs_deepfake_project/dfdc_subset_77_jpg/test/fake/fake_002354.jpg,1.0,0.9995861649513245,1
/media/D1/ait_users/staff122/deepfake_project/outputs_deepfake_project/dfdc_subset_77_jpg/test/fake/fake_002355.jpg,1.0,0.999971866607666,1
/media/D1/ait_users/staff122/deepfake_project/outputs_deepfake_project/dfdc_subset_77_jpg/test/fake/fake_002356.jpg,1.0,0.9998416900634766,1
/media/D1/ait_users/staff122/deepfake_project/outputs_deepfake_project/dfdc_subset_77_jpg/test/fake/fake_002357.jpg,1.0,0.8827924132347107,1
/media/D1/ait_users/staff122/deepfake_project/outputs_deepfake_project/dfdc_subset_77_jpg/test/fake/fake_002358.jpg,1.0,0.02777901105582714,0
/media/D1/ait_users/staff122/deepfake_project/outputs_deepfake_project/dfdc_subset_77_jpg/test/fake/fake_002359.jpg,1.0,0.9999929666519165,1
/media/D1/ait_users/staff122/deepfake_project/outputs_deepfake_project/dfdc_subset_77_jpg/test/fake/fake_002360.jpg,1.0,0.995372474193573,1
/media/D1/ait_users/staff122/deepfake_project/outputs_deepfake_project/dfdc_subset_77_jpg/test/fake/fake_002361.jpg,1.0,0.9293851256370544,1
/media/D1/ait_users/staff122/deepfake_project/outputs_deepfake_project/dfdc_subset_77_jpg/test/fake/fake_002362.jpg,1.0,0.999572217464447,1
/media/D1/ait_users/staff122/deepfake_project/outputs_deepfake_project/dfdc_subset_77_jpg/test/fake/fake_002363.jpg,1.0,0.1007271558046341,0
/media/D1/ait_users/staff122/deepfake_project/outputs_deepfake_project/dfdc_subset_77_jpg/test/fake/fake_002364.jpg,1.0,0.9974398612976074,1
/media/D1/ait_users/staff122/deepfake_project/outputs_deepfake_project/dfdc_subset_77_jpg/test/fake/fake_002365.jpg,1.0,0.9706884622573853,1
/media/D1/ait_users/staff122/deepfake_project/outputs_deepfake_project/dfdc_subset_77_jpg/test/fake/fake_002366.jpg,1.0,0.999784529209137,1
/media/D1/ait_users/staff122/deepfake_project/outputs_deepfake_project/dfdc_subset_77_jpg/test/fake/fake_002367.jpg,1.0,0.8850266337394714,1
/media/D1/ait_users/staff122/deepfake_project/outputs_deepfake_project/dfdc_subset_77_jpg/test/fake/fake_002368.jpg,1.0,0.9990910291671753,1
/media/D1/ait_users/staff122/deepfake_project/outputs_deepfake_project/dfdc_subset_77_jpg/test/fake/fake_002369.jpg,1.0,0.9999998807907104,1
/media/D1/ait_users/staff122/deepfake_project/outputs_deepfake_project/dfdc_subset_77_jpg/test/fake/fake_002370.jpg,1.0,0.9999982118606567,1
/media/D1/ait_users/staff122/deepfake_project/outputs_deepfake_project/dfdc_subset_77_jpg/test/fake/fake_002371.jpg,1.0,0.9999978542327881,1
/media/D1/ait_users/staff122/deepfake_project/outputs_deepfake_project/dfdc_subset_77_jpg/test/fake/fake_002372.jpg,1.0,0.9999939203262329,1
/media/D1/ait_users/staff122/deepfake_project/outputs_deepfake_project/dfdc_subset_77_jpg/test/fake/fake_002373.jpg,1.0,0.9999972581863403,1
/media/D1/ait_users/staff122/deepfake_project/outputs_deepfake_project/dfdc_subset_77_jpg/test/fake/fake_002374.jpg,1.0,0.9999910593032837,1
/media/D1/ait_users/staff122/deepfake_project/outputs_deepfake_project/dfdc_subset_77_jpg/test/fake/fake_002375.jpg,1.0,0.9997701048851013,1
/media/D1/ait_users/staff122/deepfake_project/outputs_deepfake_project/dfdc_subset_77_jpg/test/fake/fake_002376.jpg,1.0,0.9999997615814209,1
/media/D1/ait_users/staff122/deepfake_project/outputs_deepfake_project/dfdc_subset_77_jpg/test/fake/fake_002377.jpg,1.0,1.0,1
/media/D1/ait_users/staff122/deepfake_project/outputs_deepfake_project/dfdc_subset_77_jpg/test/fake/fake_002378.jpg,1.0,0.9999982118606567,1
/media/D1/ait_users/staff122/deepfake_project/outputs_deepfake_project/dfdc_subset_77_jpg/test/fake/fake_002379.jpg,1.0,0.999927282333374,1
/media/D1/ait_users/staff122/deepfake_project/outputs_deepfake_project/dfdc_subset_77_jpg/test/fake/fake_002380.jpg,1.0,0.9999586343765259,1
/media/D1/ait_users/staff122/deepfake_project/outputs_deepfake_project/dfdc_subset_77_jpg/test/fake/fake_002381.jpg,1.0,0.9989277720451355,1
/media/D1/ait_users/staff122/deepfake_project/outputs_deepfake_project/dfdc_subset_77_jpg/test/fake/fake_002382.jpg,1.0,0.9964839220046997,1
/media/D1/ait_users/staff122/deepfake_project/outputs_deepfake_project/dfdc_subset_77_jpg/test/fake/fake_002383.jpg,1.0,0.999808132648468,1
/media/D1/ait_users/staff122/deepfake_project/outputs_deepfake_project/dfdc_subset_77_jpg/test/fake/fake_002384.jpg,1.0,0.9996732473373413,1
/media/D1/ait_users/staff122/deepfake_project/outputs_deepfake_project/dfdc_subset_77_jpg/test/fake/fake_002385.jpg,1.0,0.9935550093650818,1
/media/D1/ait_users/staff122/deepfake_project/outputs_deepfake_project/dfdc_subset_77_jpg/test/fake/fake_002386.jpg,1.0,0.9951777458190918,1
/media/D1/ait_users/staff122/deepfake_project/outputs_deepfake_project/dfdc_subset_77_jpg/test/fake/fake_002387.jpg,1.0,0.9991855025291443,1
/media/D1/ait_users/staff122/deepfake_project/outputs_deepfake_project/dfdc_subset_77_jpg/test/fake/fake_002388.jpg,1.0,0.5883615016937256,1
/media/D1/ait_users/staff122/deepfake_project/outputs_deepfake_project/dfdc_subset_77_jpg/test/fake/fake_002389.jpg,1.0,0.9880517721176147,1
/media/D1/ait_users/staff122/deepfake_project/outputs_deepfake_project/dfdc_subset_77_jpg/test/fake/fake_002390.jpg,1.0,0.5626850128173828,1
/media/D1/ait_users/staff122/deepfake_project/outputs_deepfake_project/dfdc_subset_77_jpg/test/fake/fake_002391.jpg,1.0,0.9968947172164917,1
/media/D1/ait_users/staff122/deepfake_project/outputs_deepfake_project/dfdc_subset_77_jpg/test/fake/fake_002392.jpg,1.0,0.999416708946228,1
/media/D1/ait_users/staff122/deepfake_project/outputs_deepfake_project/dfdc_subset_77_jpg/test/fake/fake_002393.jpg,1.0,0.9998218417167664,1
/media/D1/ait_users/staff122/deepfake_project/outputs_deepfake_project/dfdc_subset_77_jpg/test/fake/fake_002394.jpg,1.0,0.99440598487854,1
/media/D1/ait_users/staff122/deepfake_project/outputs_deepfake_project/dfdc_subset_77_jpg/test/fake/fake_002395.jpg,1.0,0.9890525937080383,1
/media/D1/ait_users/staff122/deepfake_project/outputs_deepfake_project/dfdc_subset_77_jpg/test/fake/fake_002396.jpg,1.0,0.9358795881271362,1
/media/D1/ait_users/staff122/deepfake_project/outputs_deepfake_project/dfdc_subset_77_jpg/test/fake/fake_002397.jpg,1.0,0.9999964237213135,1
/media/D1/ait_users/staff122/deepfake_project/outputs_deepfake_project/dfdc_subset_77_jpg/test/fake/fake_002398.jpg,1.0,0.9999299049377441,1
/media/D1/ait_users/staff122/deepfake_project/outputs_deepfake_project/dfdc_subset_77_jpg/test/fake/fake_002399.jpg,1.0,0.9982938170433044,1
/media/D1/ait_users/staff122/deepfake_project/outputs_deepfake_project/dfdc_subset_77_jpg/test/fake/fake_002400.jpg,1.0,0.9999998807907104,1
/media/D1/ait_users/staff122/deepfake_project/outputs_deepfake_project/dfdc_subset_77_jpg/test/fake/fake_002401.jpg,1.0,0.9999997615814209,1
/media/D1/ait_users/staff122/deepfake_project/outputs_deepfake_project/dfdc_subset_77_jpg/test/fake/fake_002402.jpg,1.0,0.9999973773956299,1
/media/D1/ait_users/staff122/deepfake_project/outputs_deepfake_project/dfdc_subset_77_jpg/test/fake/fake_002403.jpg,1.0,0.9999979734420776,1
/media/D1/ait_users/staff122/deepfake_project/outputs_deepfake_project/dfdc_subset_77_jpg/test/fake/fake_002404.jpg,1.0,0.9900807738304138,1
/media/D1/ait_users/staff122/deepfake_project/outputs_deepfake_project/dfdc_subset_77_jpg/test/fake/fake_002405.jpg,1.0,1.0,1
/media/D1/ait_users/staff122/deepfake_project/outputs_deepfake_project/dfdc_subset_77_jpg/test/fake/fake_002406.jpg,1.0,1.0,1
/media/D1/ait_users/staff122/deepfake_project/outputs_deepfake_project/dfdc_subset_77_jpg/test/fake/fake_002407.jpg,1.0,1.0,1
/media/D1/ait_users/staff122/deepfake_project/outputs_deepfake_project/dfdc_subset_77_jpg/test/fake/fake_002408.jpg,1.0,0.9999878406524658,1
/media/D1/ait_users/staff122/deepfake_project/outputs_deepfake_project/dfdc_subset_77_jpg/test/fake/fake_002409.jpg,1.0,0.9999980926513672,1
/media/D1/ait_users/staff122/deepfake_project/outputs_deepfake_project/dfdc_subset_77_jpg/test/fake/fake_002410.jpg,1.0,0.9999997615814209,1
/media/D1/ait_users/staff122/deepfake_project/outputs_deepfake_project/dfdc_subset_77_jpg/test/fake/fake_002411.jpg,1.0,1.0,1
/media/D1/ait_users/staff122/deepfake_project/outputs_deepfake_project/dfdc_subset_77_jpg/test/fake/fake_002412.jpg,1.0,0.9999961853027344,1
/media/D1/ait_users/staff122/deepfake_project/outputs_deepfake_project/dfdc_subset_77_jpg/test/fake/fake_002413.jpg,1.0,1.0,1
/media/D1/ait_users/staff122/deepfake_project/outputs_deepfake_project/dfdc_subset_77_jpg/test/fake/fake_002414.jpg,1.0,0.9999992847442627,1
/media/D1/ait_users/staff122/deepfake_project/outputs_deepfake_project/dfdc_subset_77_jpg/test/fake/fake_002415.jpg,1.0,0.9999998807907104,1
/media/D1/ait_users/staff122/deepfake_project/outputs_deepfake_project/dfdc_subset_77_jpg/test/fake/fake_002416.jpg,1.0,0.9999982118606567,1
/media/D1/ait_users/staff122/deepfake_project/outputs_deepfake_project/dfdc_subset_77_jpg/test/fake/fake_002417.jpg,1.0,0.9999945163726807,1
/media/D1/ait_users/staff122/deepfake_project/outputs_deepfake_project/dfdc_subset_77_jpg/test/fake/fake_002418.jpg,1.0,0.9999990463256836,1
/media/D1/ait_users/staff122/deepfake_project/outputs_deepfake_project/dfdc_subset_77_jpg/test/fake/fake_002419.jpg,1.0,0.9999959468841553,1
/media/D1/ait_users/staff122/deepfake_project/outputs_deepfake_project/dfdc_subset_77_jpg/test/fake/fake_002420.jpg,1.0,0.999998927116394,1
/media/D1/ait_users/staff122/deepfake_project/outputs_deepfake_project/dfdc_subset_77_jpg/test/fake/fake_002421.jpg,1.0,0.9999998807907104,1
/media/D1/ait_users/staff122/deepfake_project/outputs_deepfake_project/dfdc_subset_77_jpg/test/fake/fake_002422.jpg,1.0,0.999998927116394,1
/media/D1/ait_users/staff122/deepfake_project/outputs_deepfake_project/dfdc_subset_77_jpg/test/fake/fake_002423.jpg,1.0,0.9999983310699463,1
/media/D1/ait_users/staff122/deepfake_project/outputs_deepfake_project/dfdc_subset_77_jpg/test/fake/fake_002424.jpg,1.0,0.9999994039535522,1
/media/D1/ait_users/staff122/deepfake_project/outputs_deepfake_project/dfdc_subset_77_jpg/test/fake/fake_002425.jpg,1.0,0.9999983310699463,1
/media/D1/ait_users/staff122/deepfake_project/outputs_deepfake_project/dfdc_subset_77_jpg/test/fake/fake_002426.jpg,1.0,0.9999995231628418,1
/media/D1/ait_users/staff122/deepfake_project/outputs_deepfake_project/dfdc_subset_77_jpg/test/fake/fake_002427.jpg,1.0,1.0,1
/media/D1/ait_users/staff122/deepfake_project/outputs_deepfake_project/dfdc_subset_77_jpg/test/fake/fake_002428.jpg,1.0,0.9999998807907104,1
/media/D1/ait_users/staff122/deepfake_project/outputs_deepfake_project/dfdc_subset_77_jpg/test/fake/fake_002429.jpg,1.0,1.0,1
/media/D1/ait_users/staff122/deepfake_project/outputs_deepfake_project/dfdc_subset_77_jpg/test/fake/fake_002430.jpg,1.0,0.9999995231628418,1
/media/D1/ait_users/staff122/deepfake_project/outputs_deepfake_project/dfdc_subset_77_jpg/test/fake/fake_002431.jpg,1.0,0.9999996423721313,1
/media/D1/ait_users/staff122/deepfake_project/outputs_deepfake_project/dfdc_subset_77_jpg/test/fake/fake_002432.jpg,1.0,1.0,1
/media/D1/ait_users/staff122/deepfake_project/outputs_deepfake_project/dfdc_subset_77_jpg/test/fake/fake_002433.jpg,1.0,0.9999979734420776,1
/media/D1/ait_users/staff122/deepfake_project/outputs_deepfake_project/dfdc_subset_77_jpg/test/fake/fake_002434.jpg,1.0,0.9999841451644897,1
/media/D1/ait_users/staff122/deepfake_project/outputs_deepfake_project/dfdc_subset_77_jpg/test/fake/fake_002435.jpg,1.0,0.9999728202819824,1
/media/D1/ait_users/staff122/deepfake_project/outputs_deepfake_project/dfdc_subset_77_jpg/test/fake/fake_002436.jpg,1.0,0.9999982118606567,1
/media/D1/ait_users/staff122/deepfake_project/outputs_deepfake_project/dfdc_subset_77_jpg/test/fake/fake_002437.jpg,1.0,0.9999853372573853,1
/media/D1/ait_users/staff122/deepfake_project/outputs_deepfake_project/dfdc_subset_77_jpg/test/fake/fake_002438.jpg,1.0,0.9999988079071045,1
/media/D1/ait_users/staff122/deepfake_project/outputs_deepfake_project/dfdc_subset_77_jpg/test/fake/fake_002439.jpg,1.0,0.9999984502792358,1
/media/D1/ait_users/staff122/deepfake_project/outputs_deepfake_project/dfdc_subset_77_jpg/test/fake/fake_002440.jpg,1.0,0.9999994039535522,1
/media/D1/ait_users/staff122/deepfake_project/outputs_deepfake_project/dfdc_subset_77_jpg/test/fake/fake_002441.jpg,1.0,0.9999898672103882,1
/media/D1/ait_users/staff122/deepfake_project/outputs_deepfake_project/dfdc_subset_77_jpg/test/fake/fake_002442.jpg,1.0,0.9999979734420776,1
/media/D1/ait_users/staff122/deepfake_project/outputs_deepfake_project/dfdc_subset_77_jpg/test/fake/fake_002443.jpg,1.0,0.9999884366989136,1
/media/D1/ait_users/staff122/deepfake_project/outputs_deepfake_project/dfdc_subset_77_jpg/test/fake/fake_002444.jpg,1.0,0.9999762773513794,1
/media/D1/ait_users/staff122/deepfake_project/outputs_deepfake_project/dfdc_subset_77_jpg/test/fake/fake_002445.jpg,1.0,0.9999608993530273,1
/media/D1/ait_users/staff122/deepfake_project/outputs_deepfake_project/dfdc_subset_77_jpg/test/fake/fake_002446.jpg,1.0,0.9999977350234985,1
/media/D1/ait_users/staff122/deepfake_project/outputs_deepfake_project/dfdc_subset_77_jpg/test/fake/fake_002447.jpg,1.0,0.9911853671073914,1
/media/D1/ait_users/staff122/deepfake_project/outputs_deepfake_project/dfdc_subset_77_jpg/test/fake/fake_002448.jpg,1.0,0.9998711347579956,1
/media/D1/ait_users/staff122/deepfake_project/outputs_deepfake_project/dfdc_subset_77_jpg/test/fake/fake_002449.jpg,1.0,0.6045505404472351,1
/media/D1/ait_users/staff122/deepfake_project/outputs_deepfake_project/dfdc_subset_77_jpg/test/fake/fake_002450.jpg,1.0,0.9999884366989136,1
/media/D1/ait_users/staff122/deepfake_project/outputs_deepfake_project/dfdc_subset_77_jpg/test/fake/fake_002451.jpg,1.0,0.9192136526107788,1
/media/D1/ait_users/staff122/deepfake_project/outputs_deepfake_project/dfdc_subset_77_jpg/test/fake/fake_002452.jpg,1.0,0.4053362011909485,0
/media/D1/ait_users/staff122/deepfake_project/outputs_deepfake_project/dfdc_subset_77_jpg/test/fake/fake_002453.jpg,1.0,0.9998199343681335,1
/media/D1/ait_users/staff122/deepfake_project/outputs_deepfake_project/dfdc_subset_77_jpg/test/fake/fake_002454.jpg,1.0,0.9994872808456421,1
/media/D1/ait_users/staff122/deepfake_project/outputs_deepfake_project/dfdc_subset_77_jpg/test/fake/fake_002455.jpg,1.0,0.9365878701210022,1
/media/D1/ait_users/staff122/deepfake_project/outputs_deepfake_project/dfdc_subset_77_jpg/test/fake/fake_002456.jpg,1.0,0.8937831521034241,1
/media/D1/ait_users/staff122/deepfake_project/outputs_deepfake_project/dfdc_subset_77_jpg/test/fake/fake_002457.jpg,1.0,0.9993208646774292,1
/media/D1/ait_users/staff122/deepfake_project/outputs_deepfake_project/dfdc_subset_77_jpg/test/fake/fake_002458.jpg,1.0,0.7121171951293945,1
/media/D1/ait_users/staff122/deepfake_project/outputs_deepfake_project/dfdc_subset_77_jpg/test/fake/fake_002459.jpg,1.0,0.9977867603302002,1
/media/D1/ait_users/staff122/deepfake_project/outputs_deepfake_project/dfdc_subset_77_jpg/test/fake/fake_002460.jpg,1.0,0.9998828172683716,1
/media/D1/ait_users/staff122/deepfake_project/outputs_deepfake_project/dfdc_subset_77_jpg/test/fake/fake_002461.jpg,1.0,0.9999786615371704,1
/media/D1/ait_users/staff122/deepfake_project/outputs_deepfake_project/dfdc_subset_77_jpg/test/fake/fake_002462.jpg,1.0,0.9757238030433655,1
/media/D1/ait_users/staff122/deepfake_project/outputs_deepfake_project/dfdc_subset_77_jpg/test/fake/fake_002463.jpg,1.0,0.9768622517585754,1
