image_path,label,fake_probability,prediction
/media/D1/ait_users/staff122/deepfake_project/outputs_deepfake_project/dfdc_subset_77_jpg/test/real/real_000000.jpg,0.0,0.998715877532959,1
/media/D1/ait_users/staff122/deepfake_project/outputs_deepfake_project/dfdc_subset_77_jpg/test/real/real_000001.jpg,0.0,0.9983437061309814,1
/media/D1/ait_users/staff122/deepfake_project/outputs_deepfake_project/dfdc_subset_77_jpg/test/real/real_000002.jpg,0.0,0.9984633922576904,1
/media/D1/ait_users/staff122/deepfake_project/outputs_deepfake_project/dfdc_subset_77_jpg/test/real/real_000003.jpg,0.0,0.21102847158908844,0
/media/D1/ait_users/staff122/deepfake_project/outputs_deepfake_project/dfdc_subset_77_jpg/test/real/real_000004.jpg,0.0,0.5311957597732544,1
/media/D1/ait_users/staff122/deepfake_project/outputs_deepfake_project/dfdc_subset_77_jpg/test/real/real_000005.jpg,0.0,0.9641127586364746,1
/media/D1/ait_users/staff122/deepfake_project/outputs_deepfake_project/dfdc_subset_77_jpg/test/real/real_000006.jpg,0.0,0.9335417151451111,1
/media/D1/ait_users/staff122/deepfake_project/outputs_deepfake_project/dfdc_subset_77_jpg/test/real/real_000007.jpg,0.0,0.8733473420143127,1
/media/D1/ait_users/staff122/deepfake_project/outputs_deepfake_project/dfdc_subset_77_jpg/test/real/real_000008.jpg,0.0,0.32900673151016235,0
/media/D1/ait_users/staff122/deepfake_project/outputs_deepfake_project/dfdc_subset_77_jpg/test/real/real_000009.jpg,0.0,0.08665744960308075,0
/media/D1/ait_users/staff122/deepfake_project/outputs_deepfake_project/dfdc_subset_77_jpg/test/real/real_000010.jpg,0.0,0.13048534095287323,0
/media/D1/ait_users/staff122/deepfake_project/outputs_deepfake_project/dfdc_subset_77_jpg/test/real/real_000011.jpg,0.0,0.5102230906486511,1
/media/D1/ait_users/staff122/deepfake_project/outputs_deepfake_project/dfdc_subset_77_jpg/test/real/real_000012.jpg,0.0,0.05451706051826477,0
/media/D1/ait_users/staff122/deepfake_project/outputs_deepfake_project/dfdc_subset_77_jpg/test/real/real_000013.jpg,0.0,0.06411107629537582,0
/media/D1/ait_users/staff122/deepfake_project/outputs_deepfake_project/dfdc_subset_77_jpg/test/real/real_000014.jpg,0.0,0.9659788012504578,1
/media/D1/ait_users/staff122/deepfake_project/outputs_deepfake_project/dfdc_subset_77_jpg/test/real/real_000015.jpg,0.0,0.2659061849117279,0
/media/D1/ait_users/staff122/deepfake_project/outputs_deepfake_project/dfdc_subset_77_jpg/test/real/real_000016.jpg,0.0,0.7335162162780762,1
/media/D1/ait_users/staff122/deepfake_project/outputs_deepfake_project/dfdc_subset_77_jpg/test/real/real_000017.jpg,0.0,0.9956023693084717,1
/media/D1/ait_users/staff122/deepfake_project/outputs_deepfake_project/dfdc_subset_77_jpg/test/real/real_000018.jpg,0.0,0.8467839956283569,1
/media/D1/ait_users/staff122/deepfake_project/outputs_deepfake_project/dfdc_subset_77_jpg/test/real/real_000019.jpg,0.0,0.928765058517456,1
/media/D1/ait_users/staff122/deepfake_project/outputs_deepfake_project/dfdc_subset_77_jpg/test/real/real_000020.jpg,0.0,0.6561140418052673,1
/media/D1/ait_users/staff122/deepfake_project/outputs_deepfake_project/dfdc_subset_77_jpg/test/real/real_000021.jpg,0.0,0.18296529352664948,0
/media/D1/ait_users/staff122/deepfake_project/outputs_deepfake_project/dfdc_subset_77_jpg/test/real/real_000022.jpg,0.0,0.9150252938270569,1
/media/D1/ait_users/staff122/deepfake_project/outputs_deepfake_project/dfdc_subset_77_jpg/test/real/real_000023.jpg,0.0,0.6425281167030334,1
/media/D1/ait_users/staff122/deepfake_project/outputs_deepfake_project/dfdc_subset_77_jpg/test/real/real_000024.jpg,0.0,0.01534692756831646,0
/media/D1/ait_users/staff122/deepfake_project/outputs_deepfake_project/dfdc_subset_77_jpg/test/real/real_000025.jpg,0.0,0.043073058128356934,0
/media/D1/ait_users/staff122/deepfake_project/outputs_deepfake_project/dfdc_subset_77_jpg/test/real/real_000026.jpg,0.0,0.10737695544958115,0
/media/D1/ait_users/staff122/deepfake_project/outputs_deepfake_project/dfdc_subset_77_jpg/test/real/real_000027.jpg,0.0,0.601172924041748,1
/media/D1/ait_users/staff122/deepfake_project/outputs_deepfake_project/dfdc_subset_77_jpg/test/real/real_000028.jpg,0.0,0.7700629234313965,1
/media/D1/ait_users/staff122/deepfake_project/outputs_deepfake_project/dfdc_subset_77_jpg/test/real/real_000029.jpg,0.0,0.5229827761650085,1
/media/D1/ait_users/staff122/deepfake_project/outputs_deepfake_project/dfdc_subset_77_jpg/test/real/real_000030.jpg,0.0,0.9328258633613586,1
/media/D1/ait_users/staff122/deepfake_project/outputs_deepfake_project/dfdc_subset_77_jpg/test/real/real_000031.jpg,0.0,0.9906472563743591,1
/media/D1/ait_users/staff122/deepfake_project/outputs_deepfake_project/dfdc_subset_77_jpg/test/real/real_000032.jpg,0.0,0.0010929586132988334,0
/media/D1/ait_users/staff122/deepfake_project/outputs_deepfake_project/dfdc_subset_77_jpg/test/real/real_000033.jpg,0.0,0.0034648373257368803,0
/media/D1/ait_users/staff122/deepfake_project/outputs_deepfake_project/dfdc_subset_77_jpg/test/real/real_000034.jpg,0.0,0.0003448694769758731,0
/media/D1/ait_users/staff122/deepfake_project/outputs_deepfake_project/dfdc_subset_77_jpg/test/real/real_000035.jpg,0.0,0.007964590564370155,0
/media/D1/ait_users/staff122/deepfake_project/outputs_deepfake_project/dfdc_subset_77_jpg/test/real/real_000036.jpg,0.0,0.0011801965301856399,0
/media/D1/ait_users/staff122/deepfake_project/outputs_deepfake_project/dfdc_subset_77_jpg/test/real/real_000037.jpg,0.0,0.0023271036334335804,0
/media/D1/ait_users/staff122/deepfake_project/outputs_deepfake_project/dfdc_subset_77_jpg/test/real/real_000038.jpg,0.0,0.0018937077838927507,0
/media/D1/ait_users/staff122/deepfake_project/outputs_deepfake_project/dfdc_subset_77_jpg/test/real/real_000039.jpg,0.0,0.002296863589435816,0
/media/D1/ait_users/staff122/deepfake_project/outputs_deepfake_project/dfdc_subset_77_jpg/test/real/real_000040.jpg,0.0,0.004173653665930033,0
/media/D1/ait_users/staff122/deepfake_project/outputs_deepfake_project/dfdc_subset_77_jpg/test/real/real_000041.jpg,0.0,0.0043720374815166,0
/media/D1/ait_users/staff122/deepfake_project/outputs_deepfake_project/dfdc_subset_77_jpg/test/real/real_000042.jpg,0.0,0.0036778326611965895,0
/media/D1/ait_users/staff122/deepfake_project/outputs_deepfake_project/dfdc_subset_77_jpg/test/real/real_000043.jpg,0.0,0.0013361138990148902,0
/media/D1/ait_users/staff122/deepfake_project/outputs_deepfake_project/dfdc_subset_77_jpg/test/real/real_000044.jpg,0.0,0.0003511721733957529,0
/media/D1/ait_users/staff122/deepfake_project/outputs_deepfake_project/dfdc_subset_77_jpg/test/real/real_000045.jpg,0.0,0.00035416209721006453,0
/media/D1/ait_users/staff122/deepfake_project/outputs_deepfake_project/dfdc_subset_77_jpg/test/real/real_000046.jpg,0.0,0.0010916849132627249,0
/media/D1/ait_users/staff122/deepfake_project/outputs_deepfake_project/dfdc_subset_77_jpg/test/real/real_000047.jpg,0.0,0.0006055239937268198,0
/media/D1/ait_users/staff122/deepfake_project/outputs_deepfake_project/dfdc_subset_77_jpg/test/real/real_000048.jpg,0.0,0.0004707225598394871,0
/media/D1/ait_users/staff122/deepfake_project/outputs_deepfake_project/dfdc_subset_77_jpg/test/real/real_000049.jpg,0.0,0.0006899911677464843,0
/media/D1/ait_users/staff122/deepfake_project/outputs_deepfake_project/dfdc_subset_77_jpg/test/real/real_000050.jpg,0.0,0.00047965007252059877,0
/media/D1/ait_users/staff122/deepfake_project/outputs_deepfake_project/dfdc_subset_77_jpg/test/real/real_000051.jpg,0.0,0.25330761075019836,0
/media/D1/ait_users/staff122/deepfake_project/outputs_deepfake_project/dfdc_subset_77_jpg/test/real/real_000052.jpg,0.0,0.0025657168589532375,0
/media/D1/ait_users/staff122/deepfake_project/outputs_deepfake_project/dfdc_subset_77_jpg/test/real/real_000053.jpg,0.0,0.004926268011331558,0
/media/D1/ait_users/staff122/deepfake_project/outputs_deepfake_project/dfdc_subset_77_jpg/test/real/real_000054.jpg,0.0,0.010777411982417107,0
/media/D1/ait_users/staff122/deepfake_project/outputs_deepfake_project/dfdc_subset_77_jpg/test/real/real_000055.jpg,0.0,0.005429259967058897,0
/media/D1/ait_users/staff122/deepfake_project/outputs_deepfake_project/dfdc_subset_77_jpg/test/real/real_000056.jpg,0.0,0.00284934020601213,0
/media/D1/ait_users/staff122/deepfake_project/outputs_deepfake_project/dfdc_subset_77_jpg/test/real/real_000057.jpg,0.0,0.005650306586176157,0
/media/D1/ait_users/staff122/deepfake_project/outputs_deepfake_project/dfdc_subset_77_jpg/test/real/real_000058.jpg,0.0,0.0022501132916659117,0
/media/D1/ait_users/staff122/deepfake_project/outputs_deepfake_project/dfdc_subset_77_jpg/test/real/real_000059.jpg,0.0,0.0073018064722418785,0
/media/D1/ait_users/staff122/deepfake_project/outputs_deepfake_project/dfdc_subset_77_jpg/test/real/real_000060.jpg,0.0,0.0016423622146248817,0
/media/D1/ait_users/staff122/deepfake_project/outputs_deepfake_project/dfdc_subset_77_jpg/test/real/real_000061.jpg,0.0,0.0009541418985463679,0
/media/D1/ait_users/staff122/deepfake_project/outputs_deepfake_project/dfdc_subset_77_jpg/test/real/real_000062.jpg,0.0,0.002138919662684202,0
/media/D1/ait_users/staff122/deepfake_project/outputs_deepfake_project/dfdc_subset_77_jpg/test/real/real_000063.jpg,0.0,0.02478848211467266,0
/media/D1/ait_users/staff122/deepfake_project/outputs_deepfake_project/dfdc_subset_77_jpg/test/real/real_000064.jpg,0.0,0.11421842873096466,0
/media/D1/ait_users/staff122/deepfake_project/outputs_deepfake_project/dfdc_subset_77_jpg/test/real/real_000065.jpg,0.0,0.03567657619714737,0
/media/D1/ait_users/staff122/deepfake_project/outputs_deepfake_project/dfdc_subset_77_jpg/test/real/real_000066.jpg,0.0,0.08877173811197281,0
/media/D1/ait_users/staff122/deepfake_project/outputs_deepfake_project/dfdc_subset_77_jpg/test/real/real_000067.jpg,0.0,0.10594054311513901,0
/media/D1/ait_users/staff122/deepfake_project/outputs_deepfake_project/dfdc_subset_77_jpg/test/real/real_000068.jpg,0.0,0.12661412358283997,0
/media/D1/ait_users/staff122/deepfake_project/outputs_deepfake_project/dfdc_subset_77_jpg/test/real/real_000069.jpg,0.0,0.01456510927528143,0
/media/D1/ait_users/staff122/deepfake_project/outputs_deepfake_project/dfdc_subset_77_jpg/test/real/real_000070.jpg,0.0,0.12052414566278458,0
/media/D1/ait_users/staff122/deepfake_project/outputs_deepfake_project/dfdc_subset_77_jpg/test/real/real_000071.jpg,0.0,0.7210487127304077,1
/media/D1/ait_users/staff122/deepfake_project/outputs_deepfake_project/dfdc_subset_77_jpg/test/real/real_000072.jpg,0.0,0.11485157161951065,0
/media/D1/ait_users/staff122/deepfake_project/outputs_deepfake_project/dfdc_subset_77_jpg/test/real/real_000073.jpg,0.0,0.057826388627290726,0
/media/D1/ait_users/staff122/deepfake_project/outputs_deepfake_project/dfdc_subset_77_jpg/test/real/real_000074.jpg,0.0,0.16771739721298218,0
/media/D1/ait_users/staff122/deepfake_project/outputs_deepfake_project/dfdc_subset_77_jpg/test/real/real_000075.jpg,0.0,0.11497019231319427,0
/media/D1/ait_users/staff122/deepfake_project/outputs_deepfake_project/dfdc_subset_77_jpg/test/real/real_000076.jpg,0.0,0.30625033378601074,0
/media/D1/ait_users/staff122/deepfake_project/outputs_deepfake_project/dfdc_subset_77_jpg/test/real/real_000077.jpg,0.0,0.04108173027634621,0
/media/D1/ait_users/staff122/deepfake_project/outputs_deepfake_project/dfdc_subset_77_jpg/test/real/real_000078.jpg,0.0,0.036909010261297226,0
/media/D1/ait_users/staff122/deepfake_project/outputs_deepfake_project/dfdc_subset_77_jpg/test/real/real_000079.jpg,0.0,0.3918752372264862,0
/media/D1/ait_users/staff122/deepfake_project/outputs_deepfake_project/dfdc_subset_77_jpg/test/real/real_000080.jpg,0.0,0.3603174686431885,0
/media/D1/ait_users/staff122/deepfake_project/outputs_deepfake_project/dfdc_subset_77_jpg/test/real/real_000081.jpg,0.0,0.15617163479328156,0
/media/D1/ait_users/staff122/deepfake_project/outputs_deepfake_project/dfdc_subset_77_jpg/test/real/real_000082.jpg,0.0,0.029284825548529625,0
/media/D1/ait_users/staff122/deepfake_project/outputs_deepfake_project/dfdc_subset_77_jpg/test/real/real_000083.jpg,0.0,0.11569684743881226,0
/media/D1/ait_users/staff122/deepfake_project/outputs_deepfake_project/dfdc_subset_77_jpg/test/real/real_000084.jpg,0.0,0.04081982746720314,0
/media/D1/ait_users/staff122/deepfake_project/outputs_deepfake_project/dfdc_subset_77_jpg/test/real/real_000085.jpg,0.0,0.19025534391403198,0
/media/D1/ait_users/staff122/deepfake_project/outputs_deepfake_project/dfdc_subset_77_jpg/test/real/real_000086.jpg,0.0,0.06753665208816528,0
/media/D1/ait_users/staff122/deepfake_project/outputs_deepfake_project/dfdc_subset_77_jpg/test/real/real_000087.jpg,0.0,0.1990365833044052,0
/media/D1/ait_users/staff122/deepfake_project/outputs_deepfake_project/dfdc_subset_77_jpg/test/real/real_000088.jpg,0.0,0.048206549137830734,0
/media/D1/ait_users/staff122/deepfake_project/outputs_deepfake_project/dfdc_subset_77_jpg/test/real/real_000089.jpg,0.0,0.09895682334899902,0
/media/D1/ait_users/staff122/deepfake_project/outputs_deepfake_project/dfdc_subset_77_jpg/test/real/real_000090.jpg,0.0,0.0823335126042366,0
/media/D1/ait_users/staff122/deepfake_project/outputs_deepfake_project/dfdc_subset_77_jpg/test/real/real_000091.jpg,0.0,0.09784737974405289,0
/media/D1/ait_users/staff122/deepfake_project/outputs_deepfake_project/dfdc_subset_77_jpg/test/real/real_000092.jpg,0.0,0.7877318859100342,1
/media/D1/ait_users/staff122/deepfake_project/outputs_deepfake_project/dfdc_subset_77_jpg/test/real/real_000093.jpg,0.0,0.5096518397331238,1
/media/D1/ait_users/staff122/deepfake_project/outputs_deepfake_project/dfdc_subset_77_jpg/test/real/real_000094.jpg,0.0,0.4030594527721405,0
/media/D1/ait_users/staff122/deepfake_project/outputs_deepfake_project/dfdc_subset_77_jpg/test/real/real_000095.jpg,0.0,0.1970556229352951,0
/media/D1/ait_users/staff122/deepfake_project/outputs_deepfake_project/dfdc_subset_77_jpg/test/real/real_000096.jpg,0.0,0.9809850454330444,1
/media/D1/ait_users/staff122/deepfake_project/outputs_deepfake_project/dfdc_subset_77_jpg/test/real/real_000097.jpg,0.0,0.13724689185619354,0
/media/D1/ait_users/staff122/deepfake_project/outputs_deepfake_project/dfdc_subset_77_jpg/test/real/real_000098.jpg,0.0,0.5099377632141113,1
/media/D1/ait_users/staff122/deepfake_project/outputs_deepfake_project/dfdc_subset_77_jpg/test/real/real_000099.jpg,0.0,0.020534371957182884,0
/media/D1/ait_users/staff122/deepfake_project/outputs_deepfake_project/dfdc_subset_77_jpg/test/real/real_000100.jpg,0.0,0.21935658156871796,0
/media/D1/ait_users/staff122/deepfake_project/outputs_deepfake_project/dfdc_subset_77_jpg/test/real/real_000101.jpg,0.0,0.06218274310231209,0
/media/D1/ait_users/staff122/deepfake_project/outputs_deepfake_project/dfdc_subset_77_jpg/test/real/real_000102.jpg,0.0,0.9976048469543457,1
/media/D1/ait_users/staff122/deepfake_project/outputs_deepfake_project/dfdc_subset_77_jpg/test/real/real_000103.jpg,0.0,0.014712734147906303,0
/media/D1/ait_users/staff122/deepfake_project/outputs_deepfake_project/dfdc_subset_77_jpg/test/real/real_000104.jpg,0.0,0.9983615279197693,1
/media/D1/ait_users/staff122/deepfake_project/outputs_deepfake_project/dfdc_subset_77_jpg/test/real/real_000105.jpg,0.0,0.16860482096672058,0
/media/D1/ait_users/staff122/deepfake_project/outputs_deepfake_project/dfdc_subset_77_jpg/test/real/real_000106.jpg,0.0,0.030034059658646584,0
/media/D1/ait_users/staff122/deepfake_project/outputs_deepfake_project/dfdc_subset_77_jpg/test/real/real_000107.jpg,0.0,0.9993127584457397,1
/media/D1/ait_users/staff122/deepfake_project/outputs_deepfake_project/dfdc_subset_77_jpg/test/real/real_000108.jpg,0.0,0.9992250204086304,1
/media/D1/ait_users/staff122/deepfake_project/outputs_deepfake_project/dfdc_subset_77_jpg/test/real/real_000109.jpg,0.0,0.9991279244422913,1
/media/D1/ait_users/staff122/deepfake_project/outputs_deepfake_project/dfdc_subset_77_jpg/test/real/real_000110.jpg,0.0,0.9994733929634094,1
/media/D1/ait_users/staff122/deepfake_project/outputs_deepfake_project/dfdc_subset_77_jpg/test/real/real_000111.jpg,0.0,0.6191591024398804,1
/media/D1/ait_users/staff122/deepfake_project/outputs_deepfake_project/dfdc_subset_77_jpg/test/real/real_000112.jpg,0.0,0.047786563634872437,0
/media/D1/ait_users/staff122/deepfake_project/outputs_deepfake_project/dfdc_subset_77_jpg/test/real/real_000113.jpg,0.0,0.40941375494003296,0
/media/D1/ait_users/staff122/deepfake_project/outputs_deepfake_project/dfdc_subset_77_jpg/test/real/real_000114.jpg,0.0,0.042895086109638214,0
/media/D1/ait_users/staff122/deepfake_project/outputs_deepfake_project/dfdc_subset_77_jpg/test/real/real_000115.jpg,0.0,0.07635592669248581,0
/media/D1/ait_users/staff122/deepfake_project/outputs_deepfake_project/dfdc_subset_77_jpg/test/real/real_000116.jpg,0.0,0.06620603799819946,0
/media/D1/ait_users/staff122/deepfake_project/outputs_deepfake_project/dfdc_subset_77_jpg/test/real/real_000117.jpg,0.0,0.07187880575656891,0
/media/D1/ait_users/staff122/deepfake_project/outputs_deepfake_project/dfdc_subset_77_jpg/test/real/real_000118.jpg,0.0,0.007569324690848589,0
/media/D1/ait_users/staff122/deepfake_project/outputs_deepfake_project/dfdc_subset_77_jpg/test/real/real_000119.jpg,0.0,0.00605322839692235,0
/media/D1/ait_users/staff122/deepfake_project/outputs_deepfake_project/dfdc_subset_77_jpg/test/real/real_000120.jpg,0.0,0.011520376428961754,0
/media/D1/ait_users/staff122/deepfake_project/outputs_deepfake_project/dfdc_subset_77_jpg/test/real/real_000121.jpg,0.0,0.005396330263465643,0
/media/D1/ait_users/staff122/deepfake_project/outputs_deepfake_project/dfdc_subset_77_jpg/test/real/real_000122.jpg,0.0,0.027853038161993027,0
/media/D1/ait_users/staff122/deepfake_project/outputs_deepfake_project/dfdc_subset_77_jpg/test/real/real_000123.jpg,0.0,0.016799503937363625,0
/media/D1/ait_users/staff122/deepfake_project/outputs_deepfake_project/dfdc_subset_77_jpg/test/real/real_000124.jpg,0.0,0.0112278051674366,0
/media/D1/ait_users/staff122/deepfake_project/outputs_deepfake_project/dfdc_subset_77_jpg/test/real/real_000125.jpg,0.0,0.014316923916339874,0
/media/D1/ait_users/staff122/deepfake_project/outputs_deepfake_project/dfdc_subset_77_jpg/test/real/real_000126.jpg,0.0,0.008784276433289051,0
/media/D1/ait_users/staff122/deepfake_project/outputs_deepfake_project/dfdc_subset_77_jpg/test/real/real_000127.jpg,0.0,0.9977228045463562,1
/media/D1/ait_users/staff122/deepfake_project/outputs_deepfake_project/dfdc_subset_77_jpg/test/real/real_000128.jpg,0.0,0.0248173326253891,0
/media/D1/ait_users/staff122/deepfake_project/outputs_deepfake_project/dfdc_subset_77_jpg/test/real/real_000129.jpg,0.0,0.006111272610723972,0
/media/D1/ait_users/staff122/deepfake_project/outputs_deepfake_project/dfdc_subset_77_jpg/test/real/real_000130.jpg,0.0,0.019497795030474663,0
/media/D1/ait_users/staff122/deepfake_project/outputs_deepfake_project/dfdc_subset_77_jpg/test/real/real_000131.jpg,0.0,0.4259999096393585,0
/media/D1/ait_users/staff122/deepfake_project/outputs_deepfake_project/dfdc_subset_77_jpg/test/real/real_000132.jpg,0.0,0.0527711845934391,0
/media/D1/ait_users/staff122/deepfake_project/outputs_deepfake_project/dfdc_subset_77_jpg/test/real/real_000133.jpg,0.0,0.041496314108371735,0
/media/D1/ait_users/staff122/deepfake_project/outputs_deepfake_project/dfdc_subset_77_jpg/test/real/real_000134.jpg,0.0,0.05312702804803848,0
/media/D1/ait_users/staff122/deepfake_project/outputs_deepfake_project/dfdc_subset_77_jpg/test/real/real_000135.jpg,0.0,0.014921081252396107,0
/media/D1/ait_users/staff122/deepfake_project/outputs_deepfake_project/dfdc_subset_77_jpg/test/real/real_000136.jpg,0.0,0.007390081882476807,0
/media/D1/ait_users/staff122/deepfake_project/outputs_deepfake_project/dfdc_subset_77_jpg/test/real/real_000137.jpg,0.0,0.10014409571886063,0
/media/D1/ait_users/staff122/deepfake_project/outputs_deepfake_project/dfdc_subset_77_jpg/test/real/real_000138.jpg,0.0,0.001678231987170875,0
/media/D1/ait_users/staff122/deepfake_project/outputs_deepfake_project/dfdc_subset_77_jpg/test/real/real_000139.jpg,0.0,0.0016666061710566282,0
/media/D1/ait_users/staff122/deepfake_project/outputs_deepfake_project/dfdc_subset_77_jpg/test/real/real_000140.jpg,0.0,0.0022565037943422794,0
/media/D1/ait_users/staff122/deepfake_project/outputs_deepfake_project/dfdc_subset_77_jpg/test/real/real_000141.jpg,0.0,0.0065424381755292416,0
/media/D1/ait_users/staff122/deepfake_project/outputs_deepfake_project/dfdc_subset_77_jpg/test/real/real_000142.jpg,0.0,0.08088084310293198,0
/media/D1/ait_users/staff122/deepfake_project/outputs_deepfake_project/dfdc_subset_77_jpg/test/real/real_000143.jpg,0.0,0.006717138923704624,0
/media/D1/ait_users/staff122/deepfake_project/outputs_deepfake_project/dfdc_subset_77_jpg/test/real/real_000144.jpg,0.0,0.03994143754243851,0
/media/D1/ait_users/staff122/deepfake_project/outputs_deepfake_project/dfdc_subset_77_jpg/test/real/real_000145.jpg,0.0,0.1820390373468399,0
/media/D1/ait_users/staff122/deepfake_project/outputs_deepfake_project/dfdc_subset_77_jpg/test/real/real_000146.jpg,0.0,0.006269341334700584,0
/media/D1/ait_users/staff122/deepfake_project/outputs_deepfake_project/dfdc_subset_77_jpg/test/real/real_000147.jpg,0.0,0.37284624576568604,0
/media/D1/ait_users/staff122/deepfake_project/outputs_deepfake_project/dfdc_subset_77_jpg/test/real/real_000148.jpg,0.0,0.004969342146068811,0
/media/D1/ait_users/staff122/deepfake_project/outputs_deepfake_project/dfdc_subset_77_jpg/test/real/real_000149.jpg,0.0,0.015618366189301014,0
/media/D1/ait_users/staff122/deepfake_project/outputs_deepfake_project/dfdc_subset_77_jpg/test/real/real_000150.jpg,0.0,0.01313033327460289,0
/media/D1/ait_users/staff122/deepfake_project/outputs_deepfake_project/dfdc_subset_77_jpg/test/real/real_000151.jpg,0.0,0.010697325691580772,0
/media/D1/ait_users/staff122/deepfake_project/outputs_deepfake_project/dfdc_subset_77_jpg/test/real/real_000152.jpg,0.0,0.0019982848316431046,0
/media/D1/ait_users/staff122/deepfake_project/outputs_deepfake_project/dfdc_subset_77_jpg/test/real/real_000153.jpg,0.0,0.006447910331189632,0
/media/D1/ait_users/staff122/deepfake_project/outputs_deepfake_project/dfdc_subset_77_jpg/test/real/real_000154.jpg,0.0,0.13447050750255585,0
/media/D1/ait_users/staff122/deepfake_project/outputs_deepfake_project/dfdc_subset_77_jpg/test/real/real_000155.jpg,0.0,0.0074989283457398415,0
/media/D1/ait_users/staff122/deepfake_project/outputs_deepfake_project/dfdc_subset_77_jpg/test/real/real_000156.jpg,0.0,0.027921805158257484,0
/media/D1/ait_users/staff122/deepfake_project/outputs_deepfake_project/dfdc_subset_77_jpg/test/real/real_000157.jpg,0.0,0.0178802702575922,0
/media/D1/ait_users/staff122/deepfake_project/outputs_deepfake_project/dfdc_subset_77_jpg/test/real/real_000158.jpg,0.0,0.18667809665203094,0
/media/D1/ait_users/staff122/deepfake_project/outputs_deepfake_project/dfdc_subset_77_jpg/test/real/real_000159.jpg,0.0,0.1796971708536148,0
/media/D1/ait_users/staff122/deepfake_project/outputs_deepfake_project/dfdc_subset_77_jpg/test/real/real_000160.jpg,0.0,0.0009663793607614934,0
/media/D1/ait_users/staff122/deepfake_project/outputs_deepfake_project/dfdc_subset_77_jpg/test/real/real_000161.jpg,0.0,0.1593642383813858,0
/media/D1/ait_users/staff122/deepfake_project/outputs_deepfake_project/dfdc_subset_77_jpg/test/real/real_000162.jpg,0.0,0.9969647526741028,1
/media/D1/ait_users/staff122/deepfake_project/outputs_deepfake_project/dfdc_subset_77_jpg/test/real/real_000163.jpg,0.0,0.9957098960876465,1
/media/D1/ait_users/staff122/deepfake_project/outputs_deepfake_project/dfdc_subset_77_jpg/test/real/real_000164.jpg,0.0,0.9950424432754517,1
/media/D1/ait_users/staff122/deepfake_project/outputs_deepfake_project/dfdc_subset_77_jpg/test/real/real_000165.jpg,0.0,0.35803815722465515,0
/media/D1/ait_users/staff122/deepfake_project/outputs_deepfake_project/dfdc_subset_77_jpg/test/real/real_000166.jpg,0.0,0.9834328889846802,1
/media/D1/ait_users/staff122/deepfake_project/outputs_deepfake_project/dfdc_subset_77_jpg/test/real/real_000167.jpg,0.0,0.9993417859077454,1
/media/D1/ait_users/staff122/deepfake_project/outputs_deepfake_project/dfdc_subset_77_jpg/test/real/real_000168.jpg,0.0,0.9995657801628113,1
/media/D1/ait_users/staff122/deepfake_project/outputs_deepfake_project/dfdc_subset_77_jpg/test/real/real_000169.jpg,0.0,0.999768078327179,1
/media/D1/ait_users/staff122/deepfake_project/outputs_deepfake_project/dfdc_subset_77_jpg/test/real/real_000170.jpg,0.0,0.999092698097229,1
/media/D1/ait_users/staff122/deepfake_project/outputs_deepfake_project/dfdc_subset_77_jpg/test/real/real_000171.jpg,0.0,0.0008945870213210583,0
/media/D1/ait_users/staff122/deepfake_project/outputs_deepfake_project/dfdc_subset_77_jpg/test/real/real_000172.jpg,0.0,0.9797616004943848,1
/media/D1/ait_users/staff122/deepfake_project/outputs_deepfake_project/dfdc_subset_77_jpg/test/real/real_000173.jpg,0.0,0.9648114442825317,1
/media/D1/ait_users/staff122/deepfake_project/outputs_deepfake_project/dfdc_subset_77_jpg/test/real/real_000174.jpg,0.0,0.9989049434661865,1
/media/D1/ait_users/staff122/deepfake_project/outputs_deepfake_project/dfdc_subset_77_jpg/test/real/real_000175.jpg,0.0,0.0009829819900915027,0
/media/D1/ait_users/staff122/deepfake_project/outputs_deepfake_project/dfdc_subset_77_jpg/test/real/real_000176.jpg,0.0,0.0037378999404609203,0
/media/D1/ait_users/staff122/deepfake_project/outputs_deepfake_project/dfdc_subset_77_jpg/test/real/real_000177.jpg,0.0,0.9996601343154907,1
/media/D1/ait_users/staff122/deepfake_project/outputs_deepfake_project/dfdc_subset_77_jpg/test/real/real_000178.jpg,0.0,0.976195752620697,1
/media/D1/ait_users/staff122/deepfake_project/outputs_deepfake_project/dfdc_subset_77_jpg/test/real/real_000179.jpg,0.0,0.9980502128601074,1
/media/D1/ait_users/staff122/deepfake_project/outputs_deepfake_project/dfdc_subset_77_jpg/test/real/real_000180.jpg,0.0,0.000560878892429173,0
/media/D1/ait_users/staff122/deepfake_project/outputs_deepfake_project/dfdc_subset_77_jpg/test/real/real_000181.jpg,0.0,0.0014114434598013759,0
/media/D1/ait_users/staff122/deepfake_project/outputs_deepfake_project/dfdc_subset_77_jpg/test/real/real_000182.jpg,0.0,0.001281921984627843,0
/media/D1/ait_users/staff122/deepfake_project/outputs_deepfake_project/dfdc_subset_77_jpg/test/real/real_000183.jpg,0.0,0.06816524267196655,0
/media/D1/ait_users/staff122/deepfake_project/outputs_deepfake_project/dfdc_subset_77_jpg/test/real/real_000184.jpg,0.0,0.05041082948446274,0
/media/D1/ait_users/staff122/deepfake_project/outputs_deepfake_project/dfdc_subset_77_jpg/test/real/real_000185.jpg,0.0,0.005622869823127985,0
/media/D1/ait_users/staff122/deepfake_project/outputs_deepfake_project/dfdc_subset_77_jpg/test/real/real_000186.jpg,0.0,0.9951039552688599,1
/media/D1/ait_users/staff122/deepfake_project/outputs_deepfake_project/dfdc_subset_77_jpg/test/real/real_000187.jpg,0.0,0.9938083291053772,1
/media/D1/ait_users/staff122/deepfake_project/outputs_deepfake_project/dfdc_subset_77_jpg/test/real/real_000188.jpg,0.0,0.9921481013298035,1
/media/D1/ait_users/staff122/deepfake_project/outputs_deepfake_project/dfdc_subset_77_jpg/test/real/real_000189.jpg,0.0,0.8849678635597229,1
/media/D1/ait_users/staff122/deepfake_project/outputs_deepfake_project/dfdc_subset_77_jpg/test/real/real_000190.jpg,0.0,0.0052672442980110645,0
/media/D1/ait_users/staff122/deepfake_project/outputs_deepfake_project/dfdc_subset_77_jpg/test/real/real_000191.jpg,0.0,0.9979959726333618,1
/media/D1/ait_users/staff122/deepfake_project/outputs_deepfake_project/dfdc_subset_77_jpg/test/real/real_000192.jpg,0.0,0.9182157516479492,1
/media/D1/ait_users/staff122/deepfake_project/outputs_deepfake_project/dfdc_subset_77_jpg/test/real/real_000193.jpg,0.0,0.3312549591064453,0
/media/D1/ait_users/staff122/deepfake_project/outputs_deepfake_project/dfdc_subset_77_jpg/test/real/real_000194.jpg,0.0,0.9851823449134827,1
/media/D1/ait_users/staff122/deepfake_project/outputs_deepfake_project/dfdc_subset_77_jpg/test/real/real_000195.jpg,0.0,0.06531451642513275,0
/media/D1/ait_users/staff122/deepfake_project/outputs_deepfake_project/dfdc_subset_77_jpg/test/real/real_000196.jpg,0.0,0.6895958185195923,1
/media/D1/ait_users/staff122/deepfake_project/outputs_deepfake_project/dfdc_subset_77_jpg/test/real/real_000197.jpg,0.0,0.9929378628730774,1
/media/D1/ait_users/staff122/deepfake_project/outputs_deepfake_project/dfdc_subset_77_jpg/test/real/real_000198.jpg,0.0,0.9913552403450012,1
/media/D1/ait_users/staff122/deepfake_project/outputs_deepfake_project/dfdc_subset_77_jpg/test/real/real_000199.jpg,0.0,0.9907634854316711,1
/media/D1/ait_users/staff122/deepfake_project/outputs_deepfake_project/dfdc_subset_77_jpg/test/real/real_000200.jpg,0.0,0.9970616698265076,1
/media/D1/ait_users/staff122/deepfake_project/outputs_deepfake_project/dfdc_subset_77_jpg/test/real/real_000201.jpg,0.0,0.9975677132606506,1
/media/D1/ait_users/staff122/deepfake_project/outputs_deepfake_project/dfdc_subset_77_jpg/test/real/real_000202.jpg,0.0,0.9905713796615601,1
/media/D1/ait_users/staff122/deepfake_project/outputs_deepfake_project/dfdc_subset_77_jpg/test/real/real_000203.jpg,0.0,0.7723802328109741,1
/media/D1/ait_users/staff122/deepfake_project/outputs_deepfake_project/dfdc_subset_77_jpg/test/real/real_000204.jpg,0.0,0.6727558970451355,1
/media/D1/ait_users/staff122/deepfake_project/outputs_deepfake_project/dfdc_subset_77_jpg/test/real/real_000205.jpg,0.0,0.9984211921691895,1
/media/D1/ait_users/staff122/deepfake_project/outputs_deepfake_project/dfdc_subset_77_jpg/test/real/real_000206.jpg,0.0,0.9988841414451599,1
/media/D1/ait_users/staff122/deepfake_project/outputs_deepfake_project/dfdc_subset_77_jpg/test/real/real_000207.jpg,0.0,0.9492025375366211,1
/media/D1/ait_users/staff122/deepfake_project/outputs_deepfake_project/dfdc_subset_77_jpg/test/real/real_000208.jpg,0.0,0.9952471852302551,1
/media/D1/ait_users/staff122/deepfake_project/outputs_deepfake_project/dfdc_subset_77_jpg/test/real/real_000209.jpg,0.0,0.9891897439956665,1
/media/D1/ait_users/staff122/deepfake_project/outputs_deepfake_project/dfdc_subset_77_jpg/test/real/real_000210.jpg,0.0,0.9327912926673889,1
/media/D1/ait_users/staff122/deepfake_project/outputs_deepfake_project/dfdc_subset_77_jpg/test/real/real_000211.jpg,0.0,0.7433019280433655,1
/media/D1/ait_users/staff122/deepfake_project/outputs_deepfake_project/dfdc_subset_77_jpg/test/real/real_000212.jpg,0.0,0.9883091449737549,1
/media/D1/ait_users/staff122/deepfake_project/outputs_deepfake_project/dfdc_subset_77_jpg/test/real/real_000213.jpg,0.0,0.8563482761383057,1
/media/D1/ait_users/staff122/deepfake_project/outputs_deepfake_project/dfdc_subset_77_jpg/test/real/real_000214.jpg,0.0,0.9661402106285095,1
/media/D1/ait_users/staff122/deepfake_project/outputs_deepfake_project/dfdc_subset_77_jpg/test/real/real_000215.jpg,0.0,0.9062986373901367,1
/media/D1/ait_users/staff122/deepfake_project/outputs_deepfake_project/dfdc_subset_77_jpg/test/real/real_000216.jpg,0.0,0.9962068796157837,1
/media/D1/ait_users/staff122/deepfake_project/outputs_deepfake_project/dfdc_subset_77_jpg/test/real/real_000217.jpg,0.0,0.8513178825378418,1
/media/D1/ait_users/staff122/deepfake_project/outputs_deepfake_project/dfdc_subset_77_jpg/test/real/real_000218.jpg,0.0,0.8883747458457947,1
/media/D1/ait_users/staff122/deepfake_project/outputs_deepfake_project/dfdc_subset_77_jpg/test/real/real_000219.jpg,0.0,0.6985968351364136,1
/media/D1/ait_users/staff122/deepfake_project/outputs_deepfake_project/dfdc_subset_77_jpg/test/real/real_000220.jpg,0.0,0.9894633293151855,1
/media/D1/ait_users/staff122/deepfake_project/outputs_deepfake_project/dfdc_subset_77_jpg/test/real/real_000221.jpg,0.0,0.9980545043945312,1
/media/D1/ait_users/staff122/deepfake_project/outputs_deepfake_project/dfdc_subset_77_jpg/test/real/real_000222.jpg,0.0,0.7802736163139343,1
/media/D1/ait_users/staff122/deepfake_project/outputs_deepfake_project/dfdc_subset_77_jpg/test/real/real_000223.jpg,0.0,0.47327589988708496,0
/media/D1/ait_users/staff122/deepfake_project/outputs_deepfake_project/dfdc_subset_77_jpg/test/real/real_000224.jpg,0.0,0.8910455107688904,1
/media/D1/ait_users/staff122/deepfake_project/outputs_deepfake_project/dfdc_subset_77_jpg/test/real/real_000225.jpg,0.0,0.8881101608276367,1
/media/D1/ait_users/staff122/deepfake_project/outputs_deepfake_project/dfdc_subset_77_jpg/test/real/real_000226.jpg,0.0,0.985660195350647,1
/media/D1/ait_users/staff122/deepfake_project/outputs_deepfake_project/dfdc_subset_77_jpg/test/real/real_000227.jpg,0.0,0.9207577705383301,1
/media/D1/ait_users/staff122/deepfake_project/outputs_deepfake_project/dfdc_subset_77_jpg/test/real/real_000228.jpg,0.0,0.4654911160469055,0
/media/D1/ait_users/staff122/deepfake_project/outputs_deepfake_project/dfdc_subset_77_jpg/test/real/real_000229.jpg,0.0,0.6417149901390076,1
/media/D1/ait_users/staff122/deepfake_project/outputs_deepfake_project/dfdc_subset_77_jpg/test/real/real_000230.jpg,0.0,0.9844085574150085,1
/media/D1/ait_users/staff122/deepfake_project/outputs_deepfake_project/dfdc_subset_77_jpg/test/real/real_000231.jpg,0.0,0.9907434582710266,1
/media/D1/ait_users/staff122/deepfake_project/outputs_deepfake_project/dfdc_subset_77_jpg/test/real/real_000232.jpg,0.0,0.3728896677494049,0
/media/D1/ait_users/staff122/deepfake_project/outputs_deepfake_project/dfdc_subset_77_jpg/test/real/real_000233.jpg,0.0,0.8420475125312805,1
/media/D1/ait_users/staff122/deepfake_project/outputs_deepfake_project/dfdc_subset_77_jpg/test/real/real_000234.jpg,0.0,0.5397930145263672,1
/media/D1/ait_users/staff122/deepfake_project/outputs_deepfake_project/dfdc_subset_77_jpg/test/real/real_000235.jpg,0.0,0.6610182523727417,1
/media/D1/ait_users/staff122/deepfake_project/outputs_deepfake_project/dfdc_subset_77_jpg/test/real/real_000236.jpg,0.0,0.6839021444320679,1
/media/D1/ait_users/staff122/deepfake_project/outputs_deepfake_project/dfdc_subset_77_jpg/test/real/real_000237.jpg,0.0,0.9975730776786804,1
/media/D1/ait_users/staff122/deepfake_project/outputs_deepfake_project/dfdc_subset_77_jpg/test/real/real_000238.jpg,0.0,0.8578682541847229,1
/media/D1/ait_users/staff122/deepfake_project/outputs_deepfake_project/dfdc_subset_77_jpg/test/real/real_000239.jpg,0.0,0.637793242931366,1
/media/D1/ait_users/staff122/deepfake_project/outputs_deepfake_project/dfdc_subset_77_jpg/test/real/real_000240.jpg,0.0,0.8446346521377563,1
/media/D1/ait_users/staff122/deepfake_project/outputs_deepfake_project/dfdc_subset_77_jpg/test/real/real_000241.jpg,0.0,0.7678725123405457,1
/media/D1/ait_users/staff122/deepfake_project/outputs_deepfake_project/dfdc_subset_77_jpg/test/real/real_000242.jpg,0.0,0.869866132736206,1
/media/D1/ait_users/staff122/deepfake_project/outputs_deepfake_project/dfdc_subset_77_jpg/test/real/real_000243.jpg,0.0,0.9638145565986633,1
/media/D1/ait_users/staff122/deepfake_project/outputs_deepfake_project/dfdc_subset_77_jpg/test/real/real_000244.jpg,0.0,0.5182344913482666,1
/media/D1/ait_users/staff122/deepfake_project/outputs_deepfake_project/dfdc_subset_77_jpg/test/real/real_000245.jpg,0.0,0.8768763542175293,1
/media/D1/ait_users/staff122/deepfake_project/outputs_deepfake_project/dfdc_subset_77_jpg/test/real/real_000246.jpg,0.0,0.799618124961853,1
/media/D1/ait_users/staff122/deepfake_project/outputs_deepfake_project/dfdc_subset_77_jpg/test/real/real_000247.jpg,0.0,0.988944947719574,1
/media/D1/ait_users/staff122/deepfake_project/outputs_deepfake_project/dfdc_subset_77_jpg/test/real/real_000248.jpg,0.0,0.5748607516288757,1
/media/D1/ait_users/staff122/deepfake_project/outputs_deepfake_project/dfdc_subset_77_jpg/test/real/real_000249.jpg,0.0,0.6835408806800842,1
/media/D1/ait_users/staff122/deepfake_project/outputs_deepfake_project/dfdc_subset_77_jpg/test/real/real_000250.jpg,0.0,0.9419302940368652,1
/media/D1/ait_users/staff122/deepfake_project/outputs_deepfake_project/dfdc_subset_77_jpg/test/real/real_000251.jpg,0.0,0.9699109196662903,1
/media/D1/ait_users/staff122/deepfake_project/outputs_deepfake_project/dfdc_subset_77_jpg/test/real/real_000252.jpg,0.0,0.6621588468551636,1
/media/D1/ait_users/staff122/deepfake_project/outputs_deepfake_project/dfdc_subset_77_jpg/test/real/real_000253.jpg,0.0,0.9972625970840454,1
/media/D1/ait_users/staff122/deepfake_project/outputs_deepfake_project/dfdc_subset_77_jpg/test/real/real_000254.jpg,0.0,0.9988685846328735,1
/media/D1/ait_users/staff122/deepfake_project/outputs_deepfake_project/dfdc_subset_77_jpg/test/real/real_000255.jpg,0.0,0.9489731788635254,1
/media/D1/ait_users/staff122/deepfake_project/outputs_deepfake_project/dfdc_subset_77_jpg/test/real/real_000256.jpg,0.0,0.1468883901834488,0
/media/D1/ait_users/staff122/deepfake_project/outputs_deepfake_project/dfdc_subset_77_jpg/test/real/real_000257.jpg,0.0,0.8311092853546143,1
/media/D1/ait_users/staff122/deepfake_project/outputs_deepfake_project/dfdc_subset_77_jpg/test/real/real_000258.jpg,0.0,0.6420695781707764,1
/media/D1/ait_users/staff122/deepfake_project/outputs_deepfake_project/dfdc_subset_77_jpg/test/real/real_000259.jpg,0.0,0.1289895623922348,0
/media/D1/ait_users/staff122/deepfake_project/outputs_deepfake_project/dfdc_subset_77_jpg/test/real/real_000260.jpg,0.0,0.05836371332406998,0
/media/D1/ait_users/staff122/deepfake_project/outputs_deepfake_project/dfdc_subset_77_jpg/test/real/real_000261.jpg,0.0,0.006479996722191572,0
/media/D1/ait_users/staff122/deepfake_project/outputs_deepfake_project/dfdc_subset_77_jpg/test/real/real_000262.jpg,0.0,0.0379025861620903,0
/media/D1/ait_users/staff122/deepfake_project/outputs_deepfake_project/dfdc_subset_77_jpg/test/real/real_000263.jpg,0.0,0.42506298422813416,0
/media/D1/ait_users/staff122/deepfake_project/outputs_deepfake_project/dfdc_subset_77_jpg/test/real/real_000264.jpg,0.0,0.054264675825834274,0
/media/D1/ait_users/staff122/deepfake_project/outputs_deepfake_project/dfdc_subset_77_jpg/test/real/real_000265.jpg,0.0,0.01311680767685175,0
/media/D1/ait_users/staff122/deepfake_project/outputs_deepfake_project/dfdc_subset_77_jpg/test/real/real_000266.jpg,0.0,0.005207341630011797,0
/media/D1/ait_users/staff122/deepfake_project/outputs_deepfake_project/dfdc_subset_77_jpg/test/real/real_000267.jpg,0.0,0.0016976180486381054,0
/media/D1/ait_users/staff122/deepfake_project/outputs_deepfake_project/dfdc_subset_77_jpg/test/real/real_000268.jpg,0.0,0.008082891814410686,0
/media/D1/ait_users/staff122/deepfake_project/outputs_deepfake_project/dfdc_subset_77_jpg/test/real/real_000269.jpg,0.0,0.003605408128350973,0
/media/D1/ait_users/staff122/deepfake_project/outputs_deepfake_project/dfdc_subset_77_jpg/test/real/real_000270.jpg,0.0,0.02983488142490387,0
/media/D1/ait_users/staff122/deepfake_project/outputs_deepfake_project/dfdc_subset_77_jpg/test/real/real_000271.jpg,0.0,0.007091688923537731,0
/media/D1/ait_users/staff122/deepfake_project/outputs_deepfake_project/dfdc_subset_77_jpg/test/real/real_000272.jpg,0.0,0.005718332715332508,0
/media/D1/ait_users/staff122/deepfake_project/outputs_deepfake_project/dfdc_subset_77_jpg/test/real/real_000273.jpg,0.0,0.002786151831969619,0
/media/D1/ait_users/staff122/deepfake_project/outputs_deepfake_project/dfdc_subset_77_jpg/test/real/real_000274.jpg,0.0,0.13356395065784454,0
/media/D1/ait_users/staff122/deepfake_project/outputs_deepfake_project/dfdc_subset_77_jpg/test/real/real_000275.jpg,0.0,0.012672750279307365,0
/media/D1/ait_users/staff122/deepfake_project/outputs_deepfake_project/dfdc_subset_77_jpg/test/real/real_000276.jpg,0.0,0.007692038547247648,0
/media/D1/ait_users/staff122/deepfake_project/outputs_deepfake_project/dfdc_subset_77_jpg/test/real/real_000277.jpg,0.0,0.011456558480858803,0
/media/D1/ait_users/staff122/deepfake_project/outputs_deepfake_project/dfdc_subset_77_jpg/test/real/real_000278.jpg,0.0,0.012496965937316418,0
/media/D1/ait_users/staff122/deepfake_project/outputs_deepfake_project/dfdc_subset_77_jpg/test/real/real_000279.jpg,0.0,0.3264757990837097,0
/media/D1/ait_users/staff122/deepfake_project/outputs_deepfake_project/dfdc_subset_77_jpg/test/real/real_000280.jpg,0.0,0.0031499641481786966,0
/media/D1/ait_users/staff122/deepfake_project/outputs_deepfake_project/dfdc_subset_77_jpg/test/real/real_000281.jpg,0.0,0.0023210623767226934,0
/media/D1/ait_users/staff122/deepfake_project/outputs_deepfake_project/dfdc_subset_77_jpg/test/real/real_000282.jpg,0.0,0.6571135520935059,1
/media/D1/ait_users/staff122/deepfake_project/outputs_deepfake_project/dfdc_subset_77_jpg/test/real/real_000283.jpg,0.0,0.013652564026415348,0
/media/D1/ait_users/staff122/deepfake_project/outputs_deepfake_project/dfdc_subset_77_jpg/test/real/real_000284.jpg,0.0,0.037392087280750275,0
/media/D1/ait_users/staff122/deepfake_project/outputs_deepfake_project/dfdc_subset_77_jpg/test/real/real_000285.jpg,0.0,0.0024618778843432665,0
/media/D1/ait_users/staff122/deepfake_project/outputs_deepfake_project/dfdc_subset_77_jpg/test/real/real_000286.jpg,0.0,0.10815569013357162,0
/media/D1/ait_users/staff122/deepfake_project/outputs_deepfake_project/dfdc_subset_77_jpg/test/real/real_000287.jpg,0.0,0.004566239193081856,0
/media/D1/ait_users/staff122/deepfake_project/outputs_deepfake_project/dfdc_subset_77_jpg/test/real/real_000288.jpg,0.0,0.9968653321266174,1
/media/D1/ait_users/staff122/deepfake_project/outputs_deepfake_project/dfdc_subset_77_jpg/test/real/real_000289.jpg,0.0,0.9976359605789185,1
/media/D1/ait_users/staff122/deepfake_project/outputs_deepfake_project/dfdc_subset_77_jpg/test/real/real_000290.jpg,0.0,0.9958037734031677,1
/media/D1/ait_users/staff122/deepfake_project/outputs_deepfake_project/dfdc_subset_77_jpg/test/real/real_000291.jpg,0.0,0.9976176619529724,1
/media/D1/ait_users/staff122/deepfake_project/outputs_deepfake_project/dfdc_subset_77_jpg/test/real/real_000292.jpg,0.0,0.9968771934509277,1
/media/D1/ait_users/staff122/deepfake_project/outputs_deepfake_project/dfdc_subset_77_jpg/test/real/real_000293.jpg,0.0,0.9971373081207275,1
/media/D1/ait_users/staff122/deepfake_project/outputs_deepfake_project/dfdc_subset_77_jpg/test/real/real_000294.jpg,0.0,0.9983606934547424,1
/media/D1/ait_users/staff122/deepfake_project/outputs_deepfake_project/dfdc_subset_77_jpg/test/real/real_000295.jpg,0.0,0.9975419044494629,1
/media/D1/ait_users/staff122/deepfake_project/outputs_deepfake_project/dfdc_subset_77_jpg/test/real/real_000296.jpg,0.0,0.9949063062667847,1
/media/D1/ait_users/staff122/deepfake_project/outputs_deepfake_project/dfdc_subset_77_jpg/test/real/real_000297.jpg,0.0,0.9943653345108032,1
/media/D1/ait_users/staff122/deepfake_project/outputs_deepfake_project/dfdc_subset_77_jpg/test/real/real_000298.jpg,0.0,0.9944292306900024,1
/media/D1/ait_users/staff122/deepfake_project/outputs_deepfake_project/dfdc_subset_77_jpg/test/real/real_000299.jpg,0.0,0.996049702167511,1
/media/D1/ait_users/staff122/deepfake_project/outputs_deepfake_project/dfdc_subset_77_jpg/test/real/real_000300.jpg,0.0,0.9967513084411621,1
/media/D1/ait_users/staff122/deepfake_project/outputs_deepfake_project/dfdc_subset_77_jpg/test/real/real_000301.jpg,0.0,0.997183620929718,1
/media/D1/ait_users/staff122/deepfake_project/outputs_deepfake_project/dfdc_subset_77_jpg/test/real/real_000302.jpg,0.0,0.9974645376205444,1
/media/D1/ait_users/staff122/deepfake_project/outputs_deepfake_project/dfdc_subset_77_jpg/test/real/real_000303.jpg,0.0,0.9963268637657166,1
/media/D1/ait_users/staff122/deepfake_project/outputs_deepfake_project/dfdc_subset_77_jpg/test/real/real_000304.jpg,0.0,0.9985265731811523,1
/media/D1/ait_users/staff122/deepfake_project/outputs_deepfake_project/dfdc_subset_77_jpg/test/real/real_000305.jpg,0.0,0.9979749321937561,1
/media/D1/ait_users/staff122/deepfake_project/outputs_deepfake_project/dfdc_subset_77_jpg/test/real/real_000306.jpg,0.0,0.9977349042892456,1
/media/D1/ait_users/staff122/deepfake_project/outputs_deepfake_project/dfdc_subset_77_jpg/test/real/real_000307.jpg,0.0,0.9966373443603516,1
/media/D1/ait_users/staff122/deepfake_project/outputs_deepfake_project/dfdc_subset_77_jpg/test/real/real_000308.jpg,0.0,0.9974347949028015,1
/media/D1/ait_users/staff122/deepfake_project/outputs_deepfake_project/dfdc_subset_77_jpg/test/real/real_000309.jpg,0.0,0.995609700679779,1
/media/D1/ait_users/staff122/deepfake_project/outputs_deepfake_project/dfdc_subset_77_jpg/test/real/real_000310.jpg,0.0,0.9971866011619568,1
/media/D1/ait_users/staff122/deepfake_project/outputs_deepfake_project/dfdc_subset_77_jpg/test/real/real_000311.jpg,0.0,0.9974961876869202,1
/media/D1/ait_users/staff122/deepfake_project/outputs_deepfake_project/dfdc_subset_77_jpg/test/real/real_000312.jpg,0.0,0.9972854852676392,1
/media/D1/ait_users/staff122/deepfake_project/outputs_deepfake_project/dfdc_subset_77_jpg/test/real/real_000313.jpg,0.0,0.9978012442588806,1
/media/D1/ait_users/staff122/deepfake_project/outputs_deepfake_project/dfdc_subset_77_jpg/test/real/real_000314.jpg,0.0,0.9981258511543274,1
/media/D1/ait_users/staff122/deepfake_project/outputs_deepfake_project/dfdc_subset_77_jpg/test/real/real_000315.jpg,0.0,0.9975806474685669,1
/media/D1/ait_users/staff122/deepfake_project/outputs_deepfake_project/dfdc_subset_77_jpg/test/real/real_000316.jpg,0.0,0.9969449639320374,1
/media/D1/ait_users/staff122/deepfake_project/outputs_deepfake_project/dfdc_subset_77_jpg/test/real/real_000317.jpg,0.0,0.9954516291618347,1
/media/D1/ait_users/staff122/deepfake_project/outputs_deepfake_project/dfdc_subset_77_jpg/test/real/real_000318.jpg,0.0,0.998412013053894,1
/media/D1/ait_users/staff122/deepfake_project/outputs_deepfake_project/dfdc_subset_77_jpg/test/real/real_000319.jpg,0.0,0.9977349042892456,1
/media/D1/ait_users/staff122/deepfake_project/outputs_deepfake_project/dfdc_subset_77_jpg/test/real/real_000320.jpg,0.0,0.002488879719749093,0
/media/D1/ait_users/staff122/deepfake_project/outputs_deepfake_project/dfdc_subset_77_jpg/test/real/real_000321.jpg,0.0,0.001217778422869742,0
/media/D1/ait_users/staff122/deepfake_project/outputs_deepfake_project/dfdc_subset_77_jpg/test/real/real_000322.jpg,0.0,0.013646164909005165,0
/media/D1/ait_users/staff122/deepfake_project/outputs_deepfake_project/dfdc_subset_77_jpg/test/real/real_000323.jpg,0.0,0.0032744714990258217,0
/media/D1/ait_users/staff122/deepfake_project/outputs_deepfake_project/dfdc_subset_77_jpg/test/real/real_000324.jpg,0.0,0.001916570239700377,0
/media/D1/ait_users/staff122/deepfake_project/outputs_deepfake_project/dfdc_subset_77_jpg/test/real/real_000325.jpg,0.0,0.0031823806930333376,0
/media/D1/ait_users/staff122/deepfake_project/outputs_deepfake_project/dfdc_subset_77_jpg/test/real/real_000326.jpg,0.0,0.0027780476957559586,0
/media/D1/ait_users/staff122/deepfake_project/outputs_deepfake_project/dfdc_subset_77_jpg/test/real/real_000327.jpg,0.0,0.003018842078745365,0
/media/D1/ait_users/staff122/deepfake_project/outputs_deepfake_project/dfdc_subset_77_jpg/test/real/real_000328.jpg,0.0,0.001360189402475953,0
/media/D1/ait_users/staff122/deepfake_project/outputs_deepfake_project/dfdc_subset_77_jpg/test/real/real_000329.jpg,0.0,0.00437163095921278,0
/media/D1/ait_users/staff122/deepfake_project/outputs_deepfake_project/dfdc_subset_77_jpg/test/real/real_000330.jpg,0.0,0.008738474920392036,0
/media/D1/ait_users/staff122/deepfake_project/outputs_deepfake_project/dfdc_subset_77_jpg/test/real/real_000331.jpg,0.0,0.9668698310852051,1
/media/D1/ait_users/staff122/deepfake_project/outputs_deepfake_project/dfdc_subset_77_jpg/test/real/real_000332.jpg,0.0,0.14019784331321716,0
/media/D1/ait_users/staff122/deepfake_project/outputs_deepfake_project/dfdc_subset_77_jpg/test/real/real_000333.jpg,0.0,0.0009238225175067782,0
/media/D1/ait_users/staff122/deepfake_project/outputs_deepfake_project/dfdc_subset_77_jpg/test/real/real_000334.jpg,0.0,0.0020951698534190655,0
/media/D1/ait_users/staff122/deepfake_project/outputs_deepfake_project/dfdc_subset_77_jpg/test/real/real_000335.jpg,0.0,0.0028885314241051674,0
/media/D1/ait_users/staff122/deepfake_project/outputs_deepfake_project/dfdc_subset_77_jpg/test/real/real_000336.jpg,0.0,0.005563658196479082,0
/media/D1/ait_users/staff122/deepfake_project/outputs_deepfake_project/dfdc_subset_77_jpg/test/real/real_000337.jpg,0.0,0.007373178377747536,0
/media/D1/ait_users/staff122/deepfake_project/outputs_deepfake_project/dfdc_subset_77_jpg/test/real/real_000338.jpg,0.0,0.0032281260937452316,0
/media/D1/ait_users/staff122/deepfake_project/outputs_deepfake_project/dfdc_subset_77_jpg/test/real/real_000339.jpg,0.0,0.003230747301131487,0
/media/D1/ait_users/staff122/deepfake_project/outputs_deepfake_project/dfdc_subset_77_jpg/test/real/real_000340.jpg,0.0,0.0039861565455794334,0
/media/D1/ait_users/staff122/deepfake_project/outputs_deepfake_project/dfdc_subset_77_jpg/test/real/real_000341.jpg,0.0,0.0020728842355310917,0
/media/D1/ait_users/staff122/deepfake_project/outputs_deepfake_project/dfdc_subset_77_jpg/test/real/real_000342.jpg,0.0,0.04329347610473633,0
/media/D1/ait_users/staff122/deepfake_project/outputs_deepfake_project/dfdc_subset_77_jpg/test/real/real_000343.jpg,0.0,0.0011417544446885586,0
/media/D1/ait_users/staff122/deepfake_project/outputs_deepfake_project/dfdc_subset_77_jpg/test/real/real_000344.jpg,0.0,0.0038424325175583363,0
/media/D1/ait_users/staff122/deepfake_project/outputs_deepfake_project/dfdc_subset_77_jpg/test/real/real_000345.jpg,0.0,0.038268350064754486,0
/media/D1/ait_users/staff122/deepfake_project/outputs_deepfake_project/dfdc_subset_77_jpg/test/real/real_000346.jpg,0.0,0.9510586261749268,1
/media/D1/ait_users/staff122/deepfake_project/outputs_deepfake_project/dfdc_subset_77_jpg/test/real/real_000347.jpg,0.0,0.0008701169863343239,0
/media/D1/ait_users/staff122/deepfake_project/outputs_deepfake_project/dfdc_subset_77_jpg/test/real/real_000348.jpg,0.0,0.0030366149730980396,0
/media/D1/ait_users/staff122/deepfake_project/outputs_deepfake_project/dfdc_subset_77_jpg/test/real/real_000349.jpg,0.0,0.005774904973804951,0
/media/D1/ait_users/staff122/deepfake_project/outputs_deepfake_project/dfdc_subset_77_jpg/test/real/real_000350.jpg,0.0,0.013785851188004017,0
/media/D1/ait_users/staff122/deepfake_project/outputs_deepfake_project/dfdc_subset_77_jpg/test/real/real_000351.jpg,0.0,0.19811980426311493,0
/media/D1/ait_users/staff122/deepfake_project/outputs_deepfake_project/dfdc_subset_77_jpg/test/real/real_000352.jpg,0.0,0.8569594621658325,1
/media/D1/ait_users/staff122/deepfake_project/outputs_deepfake_project/dfdc_subset_77_jpg/test/real/real_000353.jpg,0.0,0.9645795822143555,1
/media/D1/ait_users/staff122/deepfake_project/outputs_deepfake_project/dfdc_subset_77_jpg/test/real/real_000354.jpg,0.0,0.8742883801460266,1
/media/D1/ait_users/staff122/deepfake_project/outputs_deepfake_project/dfdc_subset_77_jpg/test/real/real_000355.jpg,0.0,0.9421114921569824,1
/media/D1/ait_users/staff122/deepfake_project/outputs_deepfake_project/dfdc_subset_77_jpg/test/real/real_000356.jpg,0.0,0.5859074592590332,1
/media/D1/ait_users/staff122/deepfake_project/outputs_deepfake_project/dfdc_subset_77_jpg/test/real/real_000357.jpg,0.0,0.6016595959663391,1
/media/D1/ait_users/staff122/deepfake_project/outputs_deepfake_project/dfdc_subset_77_jpg/test/real/real_000358.jpg,0.0,0.6750662326812744,1
/media/D1/ait_users/staff122/deepfake_project/outputs_deepfake_project/dfdc_subset_77_jpg/test/real/real_000359.jpg,0.0,0.7088207006454468,1
/media/D1/ait_users/staff122/deepfake_project/outputs_deepfake_project/dfdc_subset_77_jpg/test/real/real_000360.jpg,0.0,0.47901028394699097,0
/media/D1/ait_users/staff122/deepfake_project/outputs_deepfake_project/dfdc_subset_77_jpg/test/real/real_000361.jpg,0.0,0.7200821042060852,1
/media/D1/ait_users/staff122/deepfake_project/outputs_deepfake_project/dfdc_subset_77_jpg/test/real/real_000362.jpg,0.0,0.8075965046882629,1
/media/D1/ait_users/staff122/deepfake_project/outputs_deepfake_project/dfdc_subset_77_jpg/test/real/real_000363.jpg,0.0,0.32791072130203247,0
/media/D1/ait_users/staff122/deepfake_project/outputs_deepfake_project/dfdc_subset_77_jpg/test/real/real_000364.jpg,0.0,0.9549886584281921,1
/media/D1/ait_users/staff122/deepfake_project/outputs_deepfake_project/dfdc_subset_77_jpg/test/real/real_000365.jpg,0.0,0.5096828937530518,1
/media/D1/ait_users/staff122/deepfake_project/outputs_deepfake_project/dfdc_subset_77_jpg/test/real/real_000366.jpg,0.0,0.39550191164016724,0
/media/D1/ait_users/staff122/deepfake_project/outputs_deepfake_project/dfdc_subset_77_jpg/test/real/real_000367.jpg,0.0,0.6859380602836609,1
/media/D1/ait_users/staff122/deepfake_project/outputs_deepfake_project/dfdc_subset_77_jpg/test/real/real_000368.jpg,0.0,0.15064921975135803,0
/media/D1/ait_users/staff122/deepfake_project/outputs_deepfake_project/dfdc_subset_77_jpg/test/real/real_000369.jpg,0.0,0.8412765860557556,1
/media/D1/ait_users/staff122/deepfake_project/outputs_deepfake_project/dfdc_subset_77_jpg/test/real/real_000370.jpg,0.0,0.9025439620018005,1
/media/D1/ait_users/staff122/deepfake_project/outputs_deepfake_project/dfdc_subset_77_jpg/test/real/real_000371.jpg,0.0,0.43324020504951477,0
/media/D1/ait_users/staff122/deepfake_project/outputs_deepfake_project/dfdc_subset_77_jpg/test/real/real_000372.jpg,0.0,0.5940790176391602,1
/media/D1/ait_users/staff122/deepfake_project/outputs_deepfake_project/dfdc_subset_77_jpg/test/real/real_000373.jpg,0.0,0.5853106379508972,1
/media/D1/ait_users/staff122/deepfake_project/outputs_deepfake_project/dfdc_subset_77_jpg/test/real/real_000374.jpg,0.0,0.06556564569473267,0
/media/D1/ait_users/staff122/deepfake_project/outputs_deepfake_project/dfdc_subset_77_jpg/test/real/real_000375.jpg,0.0,0.7732075452804565,1
/media/D1/ait_users/staff122/deepfake_project/outputs_deepfake_project/dfdc_subset_77_jpg/test/real/real_000376.jpg,0.0,0.3803570866584778,0
/media/D1/ait_users/staff122/deepfake_project/outputs_deepfake_project/dfdc_subset_77_jpg/test/real/real_000377.jpg,0.0,0.14591313898563385,0
/media/D1/ait_users/staff122/deepfake_project/outputs_deepfake_project/dfdc_subset_77_jpg/test/real/real_000378.jpg,0.0,0.4290701448917389,0
/media/D1/ait_users/staff122/deepfake_project/outputs_deepfake_project/dfdc_subset_77_jpg/test/real/real_000379.jpg,0.0,0.0713067501783371,0
/media/D1/ait_users/staff122/deepfake_project/outputs_deepfake_project/dfdc_subset_77_jpg/test/real/real_000380.jpg,0.0,0.04704359546303749,0
/media/D1/ait_users/staff122/deepfake_project/outputs_deepfake_project/dfdc_subset_77_jpg/test/real/real_000381.jpg,0.0,0.9285068511962891,1
/media/D1/ait_users/staff122/deepfake_project/outputs_deepfake_project/dfdc_subset_77_jpg/test/real/real_000382.jpg,0.0,0.7667906284332275,1
/media/D1/ait_users/staff122/deepfake_project/outputs_deepfake_project/dfdc_subset_77_jpg/test/real/real_000383.jpg,0.0,0.07500883936882019,0
/media/D1/ait_users/staff122/deepfake_project/outputs_deepfake_project/dfdc_subset_77_jpg/test/real/real_000384.jpg,0.0,0.05281667038798332,0
/media/D1/ait_users/staff122/deepfake_project/outputs_deepfake_project/dfdc_subset_77_jpg/test/real/real_000385.jpg,0.0,0.006583990529179573,0
/media/D1/ait_users/staff122/deepfake_project/outputs_deepfake_project/dfdc_subset_77_jpg/test/real/real_000386.jpg,0.0,0.004358974285423756,0
/media/D1/ait_users/staff122/deepfake_project/outputs_deepfake_project/dfdc_subset_77_jpg/test/real/real_000387.jpg,0.0,0.0014056105865165591,0
/media/D1/ait_users/staff122/deepfake_project/outputs_deepfake_project/dfdc_subset_77_jpg/test/real/real_000388.jpg,0.0,0.0019399214070290327,0
/media/D1/ait_users/staff122/deepfake_project/outputs_deepfake_project/dfdc_subset_77_jpg/test/real/real_000389.jpg,0.0,0.0018853339133784175,0
/media/D1/ait_users/staff122/deepfake_project/outputs_deepfake_project/dfdc_subset_77_jpg/test/real/real_000390.jpg,0.0,0.007916963659226894,0
/media/D1/ait_users/staff122/deepfake_project/outputs_deepfake_project/dfdc_subset_77_jpg/test/real/real_000391.jpg,0.0,0.0035255702678114176,0
/media/D1/ait_users/staff122/deepfake_project/outputs_deepfake_project/dfdc_subset_77_jpg/test/real/real_000392.jpg,0.0,0.013537706807255745,0
/media/D1/ait_users/staff122/deepfake_project/outputs_deepfake_project/dfdc_subset_77_jpg/test/real/real_000393.jpg,0.0,0.0030583429615944624,0
/media/D1/ait_users/staff122/deepfake_project/outputs_deepfake_project/dfdc_subset_77_jpg/test/real/real_000394.jpg,0.0,0.0011837115744128823,0
/media/D1/ait_users/staff122/deepfake_project/outputs_deepfake_project/dfdc_subset_77_jpg/test/real/real_000395.jpg,0.0,0.0023131808266043663,0
/media/D1/ait_users/staff122/deepfake_project/outputs_deepfake_project/dfdc_subset_77_jpg/test/real/real_000396.jpg,0.0,0.015020144172012806,0
/media/D1/ait_users/staff122/deepfake_project/outputs_deepfake_project/dfdc_subset_77_jpg/test/real/real_000397.jpg,0.0,0.05294116586446762,0
/media/D1/ait_users/staff122/deepfake_project/outputs_deepfake_project/dfdc_subset_77_jpg/test/real/real_000398.jpg,0.0,0.014658129774034023,0
/media/D1/ait_users/staff122/deepfake_project/outputs_deepfake_project/dfdc_subset_77_jpg/test/real/real_000399.jpg,0.0,0.0013368406798690557,0
/media/D1/ait_users/staff122/deepfake_project/outputs_deepfake_project/dfdc_subset_77_jpg/test/real/real_000400.jpg,0.0,0.004989560227841139,0
/media/D1/ait_users/staff122/deepfake_project/outputs_deepfake_project/dfdc_subset_77_jpg/test/real/real_000401.jpg,0.0,0.010348677635192871,0
/media/D1/ait_users/staff122/deepfake_project/outputs_deepfake_project/dfdc_subset_77_jpg/test/real/real_000402.jpg,0.0,0.03305112570524216,0
/media/D1/ait_users/staff122/deepfake_project/outputs_deepfake_project/dfdc_subset_77_jpg/test/real/real_000403.jpg,0.0,0.008188571780920029,0
/media/D1/ait_users/staff122/deepfake_project/outputs_deepfake_project/dfdc_subset_77_jpg/test/real/real_000404.jpg,0.0,0.023414509370923042,0
/media/D1/ait_users/staff122/deepfake_project/outputs_deepfake_project/dfdc_subset_77_jpg/test/real/real_000405.jpg,0.0,0.0076635717414319515,0
/media/D1/ait_users/staff122/deepfake_project/outputs_deepfake_project/dfdc_subset_77_jpg/test/real/real_000406.jpg,0.0,0.8915674090385437,1
/media/D1/ait_users/staff122/deepfake_project/outputs_deepfake_project/dfdc_subset_77_jpg/test/real/real_000407.jpg,0.0,0.0037427383940666914,0
/media/D1/ait_users/staff122/deepfake_project/outputs_deepfake_project/dfdc_subset_77_jpg/test/real/real_000408.jpg,0.0,0.0014414251782000065,0
/media/D1/ait_users/staff122/deepfake_project/outputs_deepfake_project/dfdc_subset_77_jpg/test/real/real_000409.jpg,0.0,0.001308645005337894,0
/media/D1/ait_users/staff122/deepfake_project/outputs_deepfake_project/dfdc_subset_77_jpg/test/real/real_000410.jpg,0.0,0.0023902615066617727,0
/media/D1/ait_users/staff122/deepfake_project/outputs_deepfake_project/dfdc_subset_77_jpg/test/real/real_000411.jpg,0.0,0.0020860526710748672,0
/media/D1/ait_users/staff122/deepfake_project/outputs_deepfake_project/dfdc_subset_77_jpg/test/real/real_000412.jpg,0.0,0.0034209166187793016,0
/media/D1/ait_users/staff122/deepfake_project/outputs_deepfake_project/dfdc_subset_77_jpg/test/real/real_000413.jpg,0.0,0.003432592609897256,0
/media/D1/ait_users/staff122/deepfake_project/outputs_deepfake_project/dfdc_subset_77_jpg/test/real/real_000414.jpg,0.0,0.0011828509159386158,0
/media/D1/ait_users/staff122/deepfake_project/outputs_deepfake_project/dfdc_subset_77_jpg/test/real/real_000415.jpg,0.0,0.001701272209174931,0
/media/D1/ait_users/staff122/deepfake_project/outputs_deepfake_project/dfdc_subset_77_jpg/test/real/real_000416.jpg,0.0,0.9961095452308655,1
/media/D1/ait_users/staff122/deepfake_project/outputs_deepfake_project/dfdc_subset_77_jpg/test/real/real_000417.jpg,0.0,0.9942341446876526,1
/media/D1/ait_users/staff122/deepfake_project/outputs_deepfake_project/dfdc_subset_77_jpg/test/real/real_000418.jpg,0.0,0.9810692667961121,1
/media/D1/ait_users/staff122/deepfake_project/outputs_deepfake_project/dfdc_subset_77_jpg/test/real/real_000419.jpg,0.0,0.9663723707199097,1
/media/D1/ait_users/staff122/deepfake_project/outputs_deepfake_project/dfdc_subset_77_jpg/test/real/real_000420.jpg,0.0,0.9857322573661804,1
/media/D1/ait_users/staff122/deepfake_project/outputs_deepfake_project/dfdc_subset_77_jpg/test/real/real_000421.jpg,0.0,0.8420719504356384,1
/media/D1/ait_users/staff122/deepfake_project/outputs_deepfake_project/dfdc_subset_77_jpg/test/real/real_000422.jpg,0.0,0.8325051069259644,1
/media/D1/ait_users/staff122/deepfake_project/outputs_deepfake_project/dfdc_subset_77_jpg/test/real/real_000423.jpg,0.0,0.9545755982398987,1
/media/D1/ait_users/staff122/deepfake_project/outputs_deepfake_project/dfdc_subset_77_jpg/test/real/real_000424.jpg,0.0,0.9203013181686401,1
/media/D1/ait_users/staff122/deepfake_project/outputs_deepfake_project/dfdc_subset_77_jpg/test/real/real_000425.jpg,0.0,0.9952604174613953,1
/media/D1/ait_users/staff122/deepfake_project/outputs_deepfake_project/dfdc_subset_77_jpg/test/real/real_000426.jpg,0.0,0.9671716094017029,1
/media/D1/ait_users/staff122/deepfake_project/outputs_deepfake_project/dfdc_subset_77_jpg/test/real/real_000427.jpg,0.0,0.7782545685768127,1
/media/D1/ait_users/staff122/deepfake_project/outputs_deepfake_project/dfdc_subset_77_jpg/test/real/real_000428.jpg,0.0,0.9421690702438354,1
/media/D1/ait_users/staff122/deepfake_project/outputs_deepfake_project/dfdc_subset_77_jpg/test/real/real_000429.jpg,0.0,0.9955653548240662,1
/media/D1/ait_users/staff122/deepfake_project/outputs_deepfake_project/dfdc_subset_77_jpg/test/real/real_000430.jpg,0.0,0.7968034148216248,1
/media/D1/ait_users/staff122/deepfake_project/outputs_deepfake_project/dfdc_subset_77_jpg/test/real/real_000431.jpg,0.0,0.6999706625938416,1
/media/D1/ait_users/staff122/deepfake_project/outputs_deepfake_project/dfdc_subset_77_jpg/test/real/real_000432.jpg,0.0,0.6983901858329773,1
/media/D1/ait_users/staff122/deepfake_project/outputs_deepfake_project/dfdc_subset_77_jpg/test/real/real_000433.jpg,0.0,0.6536433696746826,1
/media/D1/ait_users/staff122/deepfake_project/outputs_deepfake_project/dfdc_subset_77_jpg/test/real/real_000434.jpg,0.0,0.6240184903144836,1
/media/D1/ait_users/staff122/deepfake_project/outputs_deepfake_project/dfdc_subset_77_jpg/test/real/real_000435.jpg,0.0,0.7876793146133423,1
/media/D1/ait_users/staff122/deepfake_project/outputs_deepfake_project/dfdc_subset_77_jpg/test/real/real_000436.jpg,0.0,0.9088299870491028,1
/media/D1/ait_users/staff122/deepfake_project/outputs_deepfake_project/dfdc_subset_77_jpg/test/real/real_000437.jpg,0.0,0.8929479718208313,1
/media/D1/ait_users/staff122/deepfake_project/outputs_deepfake_project/dfdc_subset_77_jpg/test/real/real_000438.jpg,0.0,0.985052227973938,1
/media/D1/ait_users/staff122/deepfake_project/outputs_deepfake_project/dfdc_subset_77_jpg/test/real/real_000439.jpg,0.0,0.9050243496894836,1
/media/D1/ait_users/staff122/deepfake_project/outputs_deepfake_project/dfdc_subset_77_jpg/test/real/real_000440.jpg,0.0,0.9714314937591553,1
/media/D1/ait_users/staff122/deepfake_project/outputs_deepfake_project/dfdc_subset_77_jpg/test/real/real_000441.jpg,0.0,0.9323770999908447,1
/media/D1/ait_users/staff122/deepfake_project/outputs_deepfake_project/dfdc_subset_77_jpg/test/real/real_000442.jpg,0.0,0.9723362326622009,1
/media/D1/ait_users/staff122/deepfake_project/outputs_deepfake_project/dfdc_subset_77_jpg/test/real/real_000443.jpg,0.0,0.9599714875221252,1
/media/D1/ait_users/staff122/deepfake_project/outputs_deepfake_project/dfdc_subset_77_jpg/test/real/real_000444.jpg,0.0,0.7653082609176636,1
/media/D1/ait_users/staff122/deepfake_project/outputs_deepfake_project/dfdc_subset_77_jpg/test/real/real_000445.jpg,0.0,0.947501003742218,1
/media/D1/ait_users/staff122/deepfake_project/outputs_deepfake_project/dfdc_subset_77_jpg/test/real/real_000446.jpg,0.0,0.9886885285377502,1
/media/D1/ait_users/staff122/deepfake_project/outputs_deepfake_project/dfdc_subset_77_jpg/test/real/real_000447.jpg,0.0,0.10009807348251343,0
/media/D1/ait_users/staff122/deepfake_project/outputs_deepfake_project/dfdc_subset_77_jpg/test/real/real_000448.jpg,0.0,0.6646612882614136,1
/media/D1/ait_users/staff122/deepfake_project/outputs_deepfake_project/dfdc_subset_77_jpg/test/real/real_000449.jpg,0.0,0.9726380109786987,1
/media/D1/ait_users/staff122/deepfake_project/outputs_deepfake_project/dfdc_subset_77_jpg/test/real/real_000450.jpg,0.0,0.9930908679962158,1
/media/D1/ait_users/staff122/deepfake_project/outputs_deepfake_project/dfdc_subset_77_jpg/test/real/real_000451.jpg,0.0,0.9504569172859192,1
/media/D1/ait_users/staff122/deepfake_project/outputs_deepfake_project/dfdc_subset_77_jpg/test/real/real_000452.jpg,0.0,0.9930794835090637,1
/media/D1/ait_users/staff122/deepfake_project/outputs_deepfake_project/dfdc_subset_77_jpg/test/real/real_000453.jpg,0.0,0.8837775588035583,1
/media/D1/ait_users/staff122/deepfake_project/outputs_deepfake_project/dfdc_subset_77_jpg/test/real/real_000454.jpg,0.0,0.9247487783432007,1
/media/D1/ait_users/staff122/deepfake_project/outputs_deepfake_project/dfdc_subset_77_jpg/test/real/real_000455.jpg,0.0,0.9687396287918091,1
/media/D1/ait_users/staff122/deepfake_project/outputs_deepfake_project/dfdc_subset_77_jpg/test/real/real_000456.jpg,0.0,0.9084004163742065,1
/media/D1/ait_users/staff122/deepfake_project/outputs_deepfake_project/dfdc_subset_77_jpg/test/real/real_000457.jpg,0.0,0.9498105645179749,1
/media/D1/ait_users/staff122/deepfake_project/outputs_deepfake_project/dfdc_subset_77_jpg/test/real/real_000458.jpg,0.0,0.9778189659118652,1
/media/D1/ait_users/staff122/deepfake_project/outputs_deepfake_project/dfdc_subset_77_jpg/test/real/real_000459.jpg,0.0,0.9916298985481262,1
/media/D1/ait_users/staff122/deepfake_project/outputs_deepfake_project/dfdc_subset_77_jpg/test/real/real_000460.jpg,0.0,0.9807425737380981,1
/media/D1/ait_users/staff122/deepfake_project/outputs_deepfake_project/dfdc_subset_77_jpg/test/real/real_000461.jpg,0.0,0.983616828918457,1
/media/D1/ait_users/staff122/deepfake_project/outputs_deepfake_project/dfdc_subset_77_jpg/test/real/real_000462.jpg,0.0,0.9995962977409363,1
/media/D1/ait_users/staff122/deepfake_project/outputs_deepfake_project/dfdc_subset_77_jpg/test/real/real_000463.jpg,0.0,0.9995666146278381,1
/media/D1/ait_users/staff122/deepfake_project/outputs_deepfake_project/dfdc_subset_77_jpg/test/real/real_000464.jpg,0.0,0.9878304600715637,1
/media/D1/ait_users/staff122/deepfake_project/outputs_deepfake_project/dfdc_subset_77_jpg/test/real/real_000465.jpg,0.0,0.9997662901878357,1
/media/D1/ait_users/staff122/deepfake_project/outputs_deepfake_project/dfdc_subset_77_jpg/test/real/real_000466.jpg,0.0,0.9996182918548584,1
/media/D1/ait_users/staff122/deepfake_project/outputs_deepfake_project/dfdc_subset_77_jpg/test/real/real_000467.jpg,0.0,0.9707157611846924,1
/media/D1/ait_users/staff122/deepfake_project/outputs_deepfake_project/dfdc_subset_77_jpg/test/real/real_000468.jpg,0.0,0.7032758593559265,1
/media/D1/ait_users/staff122/deepfake_project/outputs_deepfake_project/dfdc_subset_77_jpg/test/real/real_000469.jpg,0.0,0.9518253207206726,1
/media/D1/ait_users/staff122/deepfake_project/outputs_deepfake_project/dfdc_subset_77_jpg/test/real/real_000470.jpg,0.0,0.8980412483215332,1
/media/D1/ait_users/staff122/deepfake_project/outputs_deepfake_project/dfdc_subset_77_jpg/test/real/real_000471.jpg,0.0,0.9080897569656372,1
/media/D1/ait_users/staff122/deepfake_project/outputs_deepfake_project/dfdc_subset_77_jpg/test/real/real_000472.jpg,0.0,0.7217409014701843,1
/media/D1/ait_users/staff122/deepfake_project/outputs_deepfake_project/dfdc_subset_77_jpg/test/real/real_000473.jpg,0.0,0.7403658628463745,1
/media/D1/ait_users/staff122/deepfake_project/outputs_deepfake_project/dfdc_subset_77_jpg/test/real/real_000474.jpg,0.0,0.5116721391677856,1
/media/D1/ait_users/staff122/deepfake_project/outputs_deepfake_project/dfdc_subset_77_jpg/test/real/real_000475.jpg,0.0,0.6781112551689148,1
/media/D1/ait_users/staff122/deepfake_project/outputs_deepfake_project/dfdc_subset_77_jpg/test/real/real_000476.jpg,0.0,0.7632497549057007,1
/media/D1/ait_users/staff122/deepfake_project/outputs_deepfake_project/dfdc_subset_77_jpg/test/real/real_000477.jpg,0.0,0.9790992140769958,1
/media/D1/ait_users/staff122/deepfake_project/outputs_deepfake_project/dfdc_subset_77_jpg/test/real/real_000478.jpg,0.0,0.9717298746109009,1
/media/D1/ait_users/staff122/deepfake_project/outputs_deepfake_project/dfdc_subset_77_jpg/test/real/real_000479.jpg,0.0,0.8135755062103271,1
/media/D1/ait_users/staff122/deepfake_project/outputs_deepfake_project/dfdc_subset_77_jpg/test/real/real_000480.jpg,0.0,0.6475532650947571,1
/media/D1/ait_users/staff122/deepfake_project/outputs_deepfake_project/dfdc_subset_77_jpg/test/real/real_000481.jpg,0.0,0.9084174036979675,1
/media/D1/ait_users/staff122/deepfake_project/outputs_deepfake_project/dfdc_subset_77_jpg/test/real/real_000482.jpg,0.0,0.7982209920883179,1
/media/D1/ait_users/staff122/deepfake_project/outputs_deepfake_project/dfdc_subset_77_jpg/test/real/real_000483.jpg,0.0,0.47991275787353516,0
/media/D1/ait_users/staff122/deepfake_project/outputs_deepfake_project/dfdc_subset_77_jpg/test/real/real_000484.jpg,0.0,0.17400765419006348,0
/media/D1/ait_users/staff122/deepfake_project/outputs_deepfake_project/dfdc_subset_77_jpg/test/real/real_000485.jpg,0.0,0.012785354629158974,0
/media/D1/ait_users/staff122/deepfake_project/outputs_deepfake_project/dfdc_subset_77_jpg/test/real/real_000486.jpg,0.0,0.24971547722816467,0
/media/D1/ait_users/staff122/deepfake_project/outputs_deepfake_project/dfdc_subset_77_jpg/test/real/real_000487.jpg,0.0,0.11703886091709137,0
/media/D1/ait_users/staff122/deepfake_project/outputs_deepfake_project/dfdc_subset_77_jpg/test/real/real_000488.jpg,0.0,0.1448141634464264,0
/media/D1/ait_users/staff122/deepfake_project/outputs_deepfake_project/dfdc_subset_77_jpg/test/real/real_000489.jpg,0.0,0.15653561055660248,0
/media/D1/ait_users/staff122/deepfake_project/outputs_deepfake_project/dfdc_subset_77_jpg/test/real/real_000490.jpg,0.0,0.05942993238568306,0
/media/D1/ait_users/staff122/deepfake_project/outputs_deepfake_project/dfdc_subset_77_jpg/test/real/real_000491.jpg,0.0,0.0028114509768784046,0
/media/D1/ait_users/staff122/deepfake_project/outputs_deepfake_project/dfdc_subset_77_jpg/test/real/real_000492.jpg,0.0,0.02931281365454197,0
/media/D1/ait_users/staff122/deepfake_project/outputs_deepfake_project/dfdc_subset_77_jpg/test/real/real_000493.jpg,0.0,0.09634139388799667,0
/media/D1/ait_users/staff122/deepfake_project/outputs_deepfake_project/dfdc_subset_77_jpg/test/real/real_000494.jpg,0.0,0.215580016374588,0
/media/D1/ait_users/staff122/deepfake_project/outputs_deepfake_project/dfdc_subset_77_jpg/test/real/real_000495.jpg,0.0,0.7417033314704895,1
/media/D1/ait_users/staff122/deepfake_project/outputs_deepfake_project/dfdc_subset_77_jpg/test/real/real_000496.jpg,0.0,0.3646591007709503,0
/media/D1/ait_users/staff122/deepfake_project/outputs_deepfake_project/dfdc_subset_77_jpg/test/real/real_000497.jpg,0.0,0.4080151915550232,0
/media/D1/ait_users/staff122/deepfake_project/outputs_deepfake_project/dfdc_subset_77_jpg/test/real/real_000498.jpg,0.0,0.2605268955230713,0
/media/D1/ait_users/staff122/deepfake_project/outputs_deepfake_project/dfdc_subset_77_jpg/test/real/real_000499.jpg,0.0,0.6931251883506775,1
/media/D1/ait_users/staff122/deepfake_project/outputs_deepfake_project/dfdc_subset_77_jpg/test/real/real_000500.jpg,0.0,0.8222330212593079,1
/media/D1/ait_users/staff122/deepfake_project/outputs_deepfake_project/dfdc_subset_77_jpg/test/real/real_000501.jpg,0.0,0.18309670686721802,0
/media/D1/ait_users/staff122/deepfake_project/outputs_deepfake_project/dfdc_subset_77_jpg/test/real/real_000502.jpg,0.0,0.015712792053818703,0
/media/D1/ait_users/staff122/deepfake_project/outputs_deepfake_project/dfdc_subset_77_jpg/test/real/real_000503.jpg,0.0,0.19272980093955994,0
/media/D1/ait_users/staff122/deepfake_project/outputs_deepfake_project/dfdc_subset_77_jpg/test/real/real_000504.jpg,0.0,0.005638742353767157,0
/media/D1/ait_users/staff122/deepfake_project/outputs_deepfake_project/dfdc_subset_77_jpg/test/real/real_000505.jpg,0.0,0.02079125866293907,0
/media/D1/ait_users/staff122/deepfake_project/outputs_deepfake_project/dfdc_subset_77_jpg/test/real/real_000506.jpg,0.0,0.10639911144971848,0
/media/D1/ait_users/staff122/deepfake_project/outputs_deepfake_project/dfdc_subset_77_jpg/test/real/real_000507.jpg,0.0,0.1325170248746872,0
/media/D1/ait_users/staff122/deepfake_project/outputs_deepfake_project/dfdc_subset_77_jpg/test/real/real_000508.jpg,0.0,0.039648205041885376,0
/media/D1/ait_users/staff122/deepfake_project/outputs_deepfake_project/dfdc_subset_77_jpg/test/real/real_000509.jpg,0.0,0.27315711975097656,0
/media/D1/ait_users/staff122/deepfake_project/outputs_deepfake_project/dfdc_subset_77_jpg/test/real/real_000510.jpg,0.0,0.23021475970745087,0
/media/D1/ait_users/staff122/deepfake_project/outputs_deepfake_project/dfdc_subset_77_jpg/test/real/real_000511.jpg,0.0,0.013203524053096771,0
/media/D1/ait_users/staff122/deepfake_project/outputs_deepfake_project/dfdc_subset_77_jpg/test/real/real_000512.jpg,0.0,0.015169824473559856,0
/media/D1/ait_users/staff122/deepfake_project/outputs_deepfake_project/dfdc_subset_77_jpg/test/real/real_000513.jpg,0.0,0.06966765969991684,0
/media/D1/ait_users/staff122/deepfake_project/outputs_deepfake_project/dfdc_subset_77_jpg/test/real/real_000514.jpg,0.0,0.19601500034332275,0
/media/D1/ait_users/staff122/deepfake_project/outputs_deepfake_project/dfdc_subset_77_jpg/test/real/real_000515.jpg,0.0,0.17896857857704163,0
/media/D1/ait_users/staff122/deepfake_project/outputs_deepfake_project/dfdc_subset_77_jpg/test/real/real_000516.jpg,0.0,0.026772718876600266,0
/media/D1/ait_users/staff122/deepfake_project/outputs_deepfake_project/dfdc_subset_77_jpg/test/real/real_000517.jpg,0.0,0.01558897364884615,0
/media/D1/ait_users/staff122/deepfake_project/outputs_deepfake_project/dfdc_subset_77_jpg/test/real/real_000518.jpg,0.0,0.004334215074777603,0
/media/D1/ait_users/staff122/deepfake_project/outputs_deepfake_project/dfdc_subset_77_jpg/test/real/real_000519.jpg,0.0,0.17528918385505676,0
/media/D1/ait_users/staff122/deepfake_project/outputs_deepfake_project/dfdc_subset_77_jpg/test/real/real_000520.jpg,0.0,0.00634749373421073,0
/media/D1/ait_users/staff122/deepfake_project/outputs_deepfake_project/dfdc_subset_77_jpg/test/real/real_000521.jpg,0.0,0.0016022735508158803,0
/media/D1/ait_users/staff122/deepfake_project/outputs_deepfake_project/dfdc_subset_77_jpg/test/real/real_000522.jpg,0.0,0.007062079850584269,0
/media/D1/ait_users/staff122/deepfake_project/outputs_deepfake_project/dfdc_subset_77_jpg/test/real/real_000523.jpg,0.0,0.012995750643312931,0
/media/D1/ait_users/staff122/deepfake_project/outputs_deepfake_project/dfdc_subset_77_jpg/test/real/real_000524.jpg,0.0,0.21981476247310638,0
/media/D1/ait_users/staff122/deepfake_project/outputs_deepfake_project/dfdc_subset_77_jpg/test/real/real_000525.jpg,0.0,0.10171269625425339,0
/media/D1/ait_users/staff122/deepfake_project/outputs_deepfake_project/dfdc_subset_77_jpg/test/real/real_000526.jpg,0.0,0.008433523587882519,0
/media/D1/ait_users/staff122/deepfake_project/outputs_deepfake_project/dfdc_subset_77_jpg/test/real/real_000527.jpg,0.0,0.06655345857143402,0
/media/D1/ait_users/staff122/deepfake_project/outputs_deepfake_project/dfdc_subset_77_jpg/test/real/real_000528.jpg,0.0,0.032777246087789536,0
/media/D1/ait_users/staff122/deepfake_project/outputs_deepfake_project/dfdc_subset_77_jpg/test/real/real_000529.jpg,0.0,0.007462567649781704,0
/media/D1/ait_users/staff122/deepfake_project/outputs_deepfake_project/dfdc_subset_77_jpg/test/real/real_000530.jpg,0.0,0.019444292411208153,0
/media/D1/ait_users/staff122/deepfake_project/outputs_deepfake_project/dfdc_subset_77_jpg/test/real/real_000531.jpg,0.0,0.42918890714645386,0
/media/D1/ait_users/staff122/deepfake_project/outputs_deepfake_project/dfdc_subset_77_jpg/test/real/real_000532.jpg,0.0,0.015197118744254112,0
/media/D1/ait_users/staff122/deepfake_project/outputs_deepfake_project/dfdc_subset_77_jpg/test/real/real_000533.jpg,0.0,0.7765046954154968,1
/media/D1/ait_users/staff122/deepfake_project/outputs_deepfake_project/dfdc_subset_77_jpg/test/real/real_000534.jpg,0.0,0.7479010820388794,1
/media/D1/ait_users/staff122/deepfake_project/outputs_deepfake_project/dfdc_subset_77_jpg/test/real/real_000535.jpg,0.0,0.49806901812553406,0
/media/D1/ait_users/staff122/deepfake_project/outputs_deepfake_project/dfdc_subset_77_jpg/test/real/real_000536.jpg,0.0,0.008665407076478004,0
/media/D1/ait_users/staff122/deepfake_project/outputs_deepfake_project/dfdc_subset_77_jpg/test/real/real_000537.jpg,0.0,0.02676333673298359,0
/media/D1/ait_users/staff122/deepfake_project/outputs_deepfake_project/dfdc_subset_77_jpg/test/real/real_000538.jpg,0.0,0.2523137629032135,0
/media/D1/ait_users/staff122/deepfake_project/outputs_deepfake_project/dfdc_subset_77_jpg/test/real/real_000539.jpg,0.0,0.012742368504405022,0
/media/D1/ait_users/staff122/deepfake_project/outputs_deepfake_project/dfdc_subset_77_jpg/test/real/real_000540.jpg,0.0,0.7618603110313416,1
/media/D1/ait_users/staff122/deepfake_project/outputs_deepfake_project/dfdc_subset_77_jpg/test/real/real_000541.jpg,0.0,0.0396697074174881,0
/media/D1/ait_users/staff122/deepfake_project/outputs_deepfake_project/dfdc_subset_77_jpg/test/real/real_000542.jpg,0.0,0.013137650676071644,0
/media/D1/ait_users/staff122/deepfake_project/outputs_deepfake_project/dfdc_subset_77_jpg/test/real/real_000543.jpg,0.0,0.07155627757310867,0
/media/D1/ait_users/staff122/deepfake_project/outputs_deepfake_project/dfdc_subset_77_jpg/test/real/real_000544.jpg,0.0,0.07631602138280869,0
/media/D1/ait_users/staff122/deepfake_project/outputs_deepfake_project/dfdc_subset_77_jpg/test/real/real_000545.jpg,0.0,0.0007973447791300714,0
/media/D1/ait_users/staff122/deepfake_project/outputs_deepfake_project/dfdc_subset_77_jpg/test/real/real_000546.jpg,0.0,0.002911593997851014,0
/media/D1/ait_users/staff122/deepfake_project/outputs_deepfake_project/dfdc_subset_77_jpg/test/real/real_000547.jpg,0.0,0.0013515989994630218,0
/media/D1/ait_users/staff122/deepfake_project/outputs_deepfake_project/dfdc_subset_77_jpg/test/real/real_000548.jpg,0.0,0.009069317951798439,0
/media/D1/ait_users/staff122/deepfake_project/outputs_deepfake_project/dfdc_subset_77_jpg/test/real/real_000549.jpg,0.0,0.022200893610715866,0
/media/D1/ait_users/staff122/deepfake_project/outputs_deepfake_project/dfdc_subset_77_jpg/test/real/real_000550.jpg,0.0,0.007696670014411211,0
/media/D1/ait_users/staff122/deepfake_project/outputs_deepfake_project/dfdc_subset_77_jpg/test/real/real_000551.jpg,0.0,0.013251012191176414,0
/media/D1/ait_users/staff122/deepfake_project/outputs_deepfake_project/dfdc_subset_77_jpg/test/real/real_000552.jpg,0.0,0.006494099739938974,0
/media/D1/ait_users/staff122/deepfake_project/outputs_deepfake_project/dfdc_subset_77_jpg/test/real/real_000553.jpg,0.0,0.013818414881825447,0
/media/D1/ait_users/staff122/deepfake_project/outputs_deepfake_project/dfdc_subset_77_jpg/test/real/real_000554.jpg,0.0,0.004187157843261957,0
/media/D1/ait_users/staff122/deepfake_project/outputs_deepfake_project/dfdc_subset_77_jpg/test/real/real_000555.jpg,0.0,0.004712230991572142,0
/media/D1/ait_users/staff122/deepfake_project/outputs_deepfake_project/dfdc_subset_77_jpg/test/real/real_000556.jpg,0.0,0.08492864668369293,0
/media/D1/ait_users/staff122/deepfake_project/outputs_deepfake_project/dfdc_subset_77_jpg/test/real/real_000557.jpg,0.0,0.0032699599396437407,0
/media/D1/ait_users/staff122/deepfake_project/outputs_deepfake_project/dfdc_subset_77_jpg/test/real/real_000558.jpg,0.0,0.003631612053140998,0
/media/D1/ait_users/staff122/deepfake_project/outputs_deepfake_project/dfdc_subset_77_jpg/test/real/real_000559.jpg,0.0,0.004788919817656279,0
/media/D1/ait_users/staff122/deepfake_project/outputs_deepfake_project/dfdc_subset_77_jpg/test/real/real_000560.jpg,0.0,0.004819808062165976,0
/media/D1/ait_users/staff122/deepfake_project/outputs_deepfake_project/dfdc_subset_77_jpg/test/real/real_000561.jpg,0.0,0.023159239441156387,0
/media/D1/ait_users/staff122/deepfake_project/outputs_deepfake_project/dfdc_subset_77_jpg/test/real/real_000562.jpg,0.0,0.010536625050008297,0
/media/D1/ait_users/staff122/deepfake_project/outputs_deepfake_project/dfdc_subset_77_jpg/test/real/real_000563.jpg,0.0,0.034458622336387634,0
/media/D1/ait_users/staff122/deepfake_project/outputs_deepfake_project/dfdc_subset_77_jpg/test/real/real_000564.jpg,0.0,0.03476988524198532,0
/media/D1/ait_users/staff122/deepfake_project/outputs_deepfake_project/dfdc_subset_77_jpg/test/real/real_000565.jpg,0.0,0.014204693026840687,0
/media/D1/ait_users/staff122/deepfake_project/outputs_deepfake_project/dfdc_subset_77_jpg/test/real/real_000566.jpg,0.0,0.05992323160171509,0
/media/D1/ait_users/staff122/deepfake_project/outputs_deepfake_project/dfdc_subset_77_jpg/test/real/real_000567.jpg,0.0,0.038764532655477524,0
/media/D1/ait_users/staff122/deepfake_project/outputs_deepfake_project/dfdc_subset_77_jpg/test/real/real_000568.jpg,0.0,0.5428158640861511,1
/media/D1/ait_users/staff122/deepfake_project/outputs_deepfake_project/dfdc_subset_77_jpg/test/real/real_000569.jpg,0.0,0.10458536446094513,0
/media/D1/ait_users/staff122/deepfake_project/outputs_deepfake_project/dfdc_subset_77_jpg/test/real/real_000570.jpg,0.0,0.021339135244488716,0
/media/D1/ait_users/staff122/deepfake_project/outputs_deepfake_project/dfdc_subset_77_jpg/test/real/real_000571.jpg,0.0,0.008761524222791195,0
/media/D1/ait_users/staff122/deepfake_project/outputs_deepfake_project/dfdc_subset_77_jpg/test/real/real_000572.jpg,0.0,0.010252022184431553,0
/media/D1/ait_users/staff122/deepfake_project/outputs_deepfake_project/dfdc_subset_77_jpg/test/real/real_000573.jpg,0.0,0.006833520717918873,0
/media/D1/ait_users/staff122/deepfake_project/outputs_deepfake_project/dfdc_subset_77_jpg/test/real/real_000574.jpg,0.0,0.01911936327815056,0
/media/D1/ait_users/staff122/deepfake_project/outputs_deepfake_project/dfdc_subset_77_jpg/test/real/real_000575.jpg,0.0,0.009858915582299232,0
/media/D1/ait_users/staff122/deepfake_project/outputs_deepfake_project/dfdc_subset_77_jpg/test/real/real_000576.jpg,0.0,0.9883484244346619,1
/media/D1/ait_users/staff122/deepfake_project/outputs_deepfake_project/dfdc_subset_77_jpg/test/real/real_000577.jpg,0.0,0.963454008102417,1
/media/D1/ait_users/staff122/deepfake_project/outputs_deepfake_project/dfdc_subset_77_jpg/test/real/real_000578.jpg,0.0,0.9570345878601074,1
/media/D1/ait_users/staff122/deepfake_project/outputs_deepfake_project/dfdc_subset_77_jpg/test/real/real_000579.jpg,0.0,0.9353430271148682,1
/media/D1/ait_users/staff122/deepfake_project/outputs_deepfake_project/dfdc_subset_77_jpg/test/real/real_000580.jpg,0.0,0.9138769507408142,1
/media/D1/ait_users/staff122/deepfake_project/outputs_deepfake_project/dfdc_subset_77_jpg/test/real/real_000581.jpg,0.0,0.5895609259605408,1
/media/D1/ait_users/staff122/deepfake_project/outputs_deepfake_project/dfdc_subset_77_jpg/test/real/real_000582.jpg,0.0,0.9738360047340393,1
/media/D1/ait_users/staff122/deepfake_project/outputs_deepfake_project/dfdc_subset_77_jpg/test/real/real_000583.jpg,0.0,0.8701262474060059,1
/media/D1/ait_users/staff122/deepfake_project/outputs_deepfake_project/dfdc_subset_77_jpg/test/real/real_000584.jpg,0.0,0.8222906589508057,1
/media/D1/ait_users/staff122/deepfake_project/outputs_deepfake_project/dfdc_subset_77_jpg/test/real/real_000585.jpg,0.0,0.6321528553962708,1
/media/D1/ait_users/staff122/deepfake_project/outputs_deepfake_project/dfdc_subset_77_jpg/test/real/real_000586.jpg,0.0,0.9620851278305054,1
/media/D1/ait_users/staff122/deepfake_project/outputs_deepfake_project/dfdc_subset_77_jpg/test/real/real_000587.jpg,0.0,0.5990551710128784,1
/media/D1/ait_users/staff122/deepfake_project/outputs_deepfake_project/dfdc_subset_77_jpg/test/real/real_000588.jpg,0.0,0.9605168104171753,1
/media/D1/ait_users/staff122/deepfake_project/outputs_deepfake_project/dfdc_subset_77_jpg/test/real/real_000589.jpg,0.0,0.971501350402832,1
/media/D1/ait_users/staff122/deepfake_project/outputs_deepfake_project/dfdc_subset_77_jpg/test/real/real_000590.jpg,0.0,0.831028163433075,1
/media/D1/ait_users/staff122/deepfake_project/outputs_deepfake_project/dfdc_subset_77_jpg/test/real/real_000591.jpg,0.0,0.9854182004928589,1
/media/D1/ait_users/staff122/deepfake_project/outputs_deepfake_project/dfdc_subset_77_jpg/test/real/real_000592.jpg,0.0,0.940890371799469,1
/media/D1/ait_users/staff122/deepfake_project/outputs_deepfake_project/dfdc_subset_77_jpg/test/real/real_000593.jpg,0.0,0.9991255402565002,1
/media/D1/ait_users/staff122/deepfake_project/outputs_deepfake_project/dfdc_subset_77_jpg/test/real/real_000594.jpg,0.0,0.8738829493522644,1
/media/D1/ait_users/staff122/deepfake_project/outputs_deepfake_project/dfdc_subset_77_jpg/test/real/real_000595.jpg,0.0,0.9457215666770935,1
/media/D1/ait_users/staff122/deepfake_project/outputs_deepfake_project/dfdc_subset_77_jpg/test/real/real_000596.jpg,0.0,0.9713380932807922,1
/media/D1/ait_users/staff122/deepfake_project/outputs_deepfake_project/dfdc_subset_77_jpg/test/real/real_000597.jpg,0.0,0.9788782596588135,1
/media/D1/ait_users/staff122/deepfake_project/outputs_deepfake_project/dfdc_subset_77_jpg/test/real/real_000598.jpg,0.0,0.18626943230628967,0
/media/D1/ait_users/staff122/deepfake_project/outputs_deepfake_project/dfdc_subset_77_jpg/test/real/real_000599.jpg,0.0,0.9750100374221802,1
/media/D1/ait_users/staff122/deepfake_project/outputs_deepfake_project/dfdc_subset_77_jpg/test/real/real_000600.jpg,0.0,0.18896383047103882,0
/media/D1/ait_users/staff122/deepfake_project/outputs_deepfake_project/dfdc_subset_77_jpg/test/real/real_000601.jpg,0.0,0.9494038820266724,1
/media/D1/ait_users/staff122/deepfake_project/outputs_deepfake_project/dfdc_subset_77_jpg/test/real/real_000602.jpg,0.0,0.9220080375671387,1
/media/D1/ait_users/staff122/deepfake_project/outputs_deepfake_project/dfdc_subset_77_jpg/test/real/real_000603.jpg,0.0,0.9595230221748352,1
/media/D1/ait_users/staff122/deepfake_project/outputs_deepfake_project/dfdc_subset_77_jpg/test/real/real_000604.jpg,0.0,0.9986874461174011,1
/media/D1/ait_users/staff122/deepfake_project/outputs_deepfake_project/dfdc_subset_77_jpg/test/real/real_000605.jpg,0.0,0.9275785088539124,1
/media/D1/ait_users/staff122/deepfake_project/outputs_deepfake_project/dfdc_subset_77_jpg/test/real/real_000606.jpg,0.0,0.9351781606674194,1
/media/D1/ait_users/staff122/deepfake_project/outputs_deepfake_project/dfdc_subset_77_jpg/test/real/real_000607.jpg,0.0,0.9731868505477905,1
/media/D1/ait_users/staff122/deepfake_project/outputs_deepfake_project/dfdc_subset_77_jpg/test/real/real_000608.jpg,0.0,0.033383239060640335,0
/media/D1/ait_users/staff122/deepfake_project/outputs_deepfake_project/dfdc_subset_77_jpg/test/real/real_000609.jpg,0.0,0.08609901368618011,0
/media/D1/ait_users/staff122/deepfake_project/outputs_deepfake_project/dfdc_subset_77_jpg/test/real/real_000610.jpg,0.0,0.019061492756009102,0
/media/D1/ait_users/staff122/deepfake_project/outputs_deepfake_project/dfdc_subset_77_jpg/test/real/real_000611.jpg,0.0,0.015838954597711563,0
/media/D1/ait_users/staff122/deepfake_project/outputs_deepfake_project/dfdc_subset_77_jpg/test/real/real_000612.jpg,0.0,0.24586041271686554,0
/media/D1/ait_users/staff122/deepfake_project/outputs_deepfake_project/dfdc_subset_77_jpg/test/real/real_000613.jpg,0.0,0.008115114644169807,0
/media/D1/ait_users/staff122/deepfake_project/outputs_deepfake_project/dfdc_subset_77_jpg/test/real/real_000614.jpg,0.0,0.7400933504104614,1
/media/D1/ait_users/staff122/deepfake_project/outputs_deepfake_project/dfdc_subset_77_jpg/test/real/real_000615.jpg,0.0,0.2224002480506897,0
/media/D1/ait_users/staff122/deepfake_project/outputs_deepfake_project/dfdc_subset_77_jpg/test/real/real_000616.jpg,0.0,0.018690895289182663,0
/media/D1/ait_users/staff122/deepfake_project/outputs_deepfake_project/dfdc_subset_77_jpg/test/real/real_000617.jpg,0.0,0.01663384400308132,0
/media/D1/ait_users/staff122/deepfake_project/outputs_deepfake_project/dfdc_subset_77_jpg/test/real/real_000618.jpg,0.0,0.025772850960493088,0
/media/D1/ait_users/staff122/deepfake_project/outputs_deepfake_project/dfdc_subset_77_jpg/test/real/real_000619.jpg,0.0,0.045136693865060806,0
/media/D1/ait_users/staff122/deepfake_project/outputs_deepfake_project/dfdc_subset_77_jpg/test/real/real_000620.jpg,0.0,0.13788191974163055,0
/media/D1/ait_users/staff122/deepfake_project/outputs_deepfake_project/dfdc_subset_77_jpg/test/real/real_000621.jpg,0.0,0.007564081810414791,0
/media/D1/ait_users/staff122/deepfake_project/outputs_deepfake_project/dfdc_subset_77_jpg/test/real/real_000622.jpg,0.0,0.006701634265482426,0
/media/D1/ait_users/staff122/deepfake_project/outputs_deepfake_project/dfdc_subset_77_jpg/test/real/real_000623.jpg,0.0,0.0030785612761974335,0
/media/D1/ait_users/staff122/deepfake_project/outputs_deepfake_project/dfdc_subset_77_jpg/test/real/real_000624.jpg,0.0,0.00782996416091919,0
/media/D1/ait_users/staff122/deepfake_project/outputs_deepfake_project/dfdc_subset_77_jpg/test/real/real_000625.jpg,0.0,0.010348482057452202,0
/media/D1/ait_users/staff122/deepfake_project/outputs_deepfake_project/dfdc_subset_77_jpg/test/real/real_000626.jpg,0.0,0.08730388432741165,0
/media/D1/ait_users/staff122/deepfake_project/outputs_deepfake_project/dfdc_subset_77_jpg/test/real/real_000627.jpg,0.0,0.789872944355011,1
/media/D1/ait_users/staff122/deepfake_project/outputs_deepfake_project/dfdc_subset_77_jpg/test/real/real_000628.jpg,0.0,0.17052799463272095,0
/media/D1/ait_users/staff122/deepfake_project/outputs_deepfake_project/dfdc_subset_77_jpg/test/real/real_000629.jpg,0.0,0.0837332159280777,0
/media/D1/ait_users/staff122/deepfake_project/outputs_deepfake_project/dfdc_subset_77_jpg/test/real/real_000630.jpg,0.0,0.13413138687610626,0
/media/D1/ait_users/staff122/deepfake_project/outputs_deepfake_project/dfdc_subset_77_jpg/test/real/real_000631.jpg,0.0,0.421799898147583,0
/media/D1/ait_users/staff122/deepfake_project/outputs_deepfake_project/dfdc_subset_77_jpg/test/real/real_000632.jpg,0.0,0.03760167211294174,0
/media/D1/ait_users/staff122/deepfake_project/outputs_deepfake_project/dfdc_subset_77_jpg/test/real/real_000633.jpg,0.0,0.05514516308903694,0
/media/D1/ait_users/staff122/deepfake_project/outputs_deepfake_project/dfdc_subset_77_jpg/test/real/real_000634.jpg,0.0,0.01905321143567562,0
/media/D1/ait_users/staff122/deepfake_project/outputs_deepfake_project/dfdc_subset_77_jpg/test/real/real_000635.jpg,0.0,0.5759555101394653,1
/media/D1/ait_users/staff122/deepfake_project/outputs_deepfake_project/dfdc_subset_77_jpg/test/real/real_000636.jpg,0.0,0.01600780338048935,0
/media/D1/ait_users/staff122/deepfake_project/outputs_deepfake_project/dfdc_subset_77_jpg/test/real/real_000637.jpg,0.0,0.03257047012448311,0
/media/D1/ait_users/staff122/deepfake_project/outputs_deepfake_project/dfdc_subset_77_jpg/test/real/real_000638.jpg,0.0,0.05373820289969444,0
/media/D1/ait_users/staff122/deepfake_project/outputs_deepfake_project/dfdc_subset_77_jpg/test/real/real_000639.jpg,0.0,0.008862785063683987,0
/media/D1/ait_users/staff122/deepfake_project/outputs_deepfake_project/dfdc_subset_77_jpg/test/real/real_000640.jpg,0.0,0.008587324060499668,0
/media/D1/ait_users/staff122/deepfake_project/outputs_deepfake_project/dfdc_subset_77_jpg/test/real/real_000641.jpg,0.0,0.015246802009642124,0
/media/D1/ait_users/staff122/deepfake_project/outputs_deepfake_project/dfdc_subset_77_jpg/test/real/real_000642.jpg,0.0,0.06392168998718262,0
/media/D1/ait_users/staff122/deepfake_project/outputs_deepfake_project/dfdc_subset_77_jpg/test/real/real_000643.jpg,0.0,0.014285323210060596,0
/media/D1/ait_users/staff122/deepfake_project/outputs_deepfake_project/dfdc_subset_77_jpg/test/real/real_000644.jpg,0.0,0.03750059753656387,0
/media/D1/ait_users/staff122/deepfake_project/outputs_deepfake_project/dfdc_subset_77_jpg/test/real/real_000645.jpg,0.0,0.05992408096790314,0
/media/D1/ait_users/staff122/deepfake_project/outputs_deepfake_project/dfdc_subset_77_jpg/test/real/real_000646.jpg,0.0,0.46036142110824585,0
/media/D1/ait_users/staff122/deepfake_project/outputs_deepfake_project/dfdc_subset_77_jpg/test/real/real_000647.jpg,0.0,0.016959939152002335,0
/media/D1/ait_users/staff122/deepfake_project/outputs_deepfake_project/dfdc_subset_77_jpg/test/real/real_000648.jpg,0.0,0.3566489815711975,0
/media/D1/ait_users/staff122/deepfake_project/outputs_deepfake_project/dfdc_subset_77_jpg/test/real/real_000649.jpg,0.0,0.01390840020030737,0
/media/D1/ait_users/staff122/deepfake_project/outputs_deepfake_project/dfdc_subset_77_jpg/test/real/real_000650.jpg,0.0,0.008582831360399723,0
/media/D1/ait_users/staff122/deepfake_project/outputs_deepfake_project/dfdc_subset_77_jpg/test/real/real_000651.jpg,0.0,0.02356148324906826,0
/media/D1/ait_users/staff122/deepfake_project/outputs_deepfake_project/dfdc_subset_77_jpg/test/real/real_000652.jpg,0.0,0.7508809566497803,1
/media/D1/ait_users/staff122/deepfake_project/outputs_deepfake_project/dfdc_subset_77_jpg/test/real/real_000653.jpg,0.0,0.2360449731349945,0
/media/D1/ait_users/staff122/deepfake_project/outputs_deepfake_project/dfdc_subset_77_jpg/test/real/real_000654.jpg,0.0,0.698763370513916,1
/media/D1/ait_users/staff122/deepfake_project/outputs_deepfake_project/dfdc_subset_77_jpg/test/real/real_000655.jpg,0.0,0.16870318353176117,0
/media/D1/ait_users/staff122/deepfake_project/outputs_deepfake_project/dfdc_subset_77_jpg/test/real/real_000656.jpg,0.0,0.9834469556808472,1
/media/D1/ait_users/staff122/deepfake_project/outputs_deepfake_project/dfdc_subset_77_jpg/test/real/real_000657.jpg,0.0,0.6406446099281311,1
/media/D1/ait_users/staff122/deepfake_project/outputs_deepfake_project/dfdc_subset_77_jpg/test/real/real_000658.jpg,0.0,0.332684725522995,0
/media/D1/ait_users/staff122/deepfake_project/outputs_deepfake_project/dfdc_subset_77_jpg/test/real/real_000659.jpg,0.0,0.06159376725554466,0
/media/D1/ait_users/staff122/deepfake_project/outputs_deepfake_project/dfdc_subset_77_jpg/test/real/real_000660.jpg,0.0,0.020911898463964462,0
/media/D1/ait_users/staff122/deepfake_project/outputs_deepfake_project/dfdc_subset_77_jpg/test/real/real_000661.jpg,0.0,0.00929423701018095,0
/media/D1/ait_users/staff122/deepfake_project/outputs_deepfake_project/dfdc_subset_77_jpg/test/real/real_000662.jpg,0.0,0.6761089563369751,1
/media/D1/ait_users/staff122/deepfake_project/outputs_deepfake_project/dfdc_subset_77_jpg/test/real/real_000663.jpg,0.0,0.5088348984718323,1
/media/D1/ait_users/staff122/deepfake_project/outputs_deepfake_project/dfdc_subset_77_jpg/test/real/real_000664.jpg,0.0,0.7484369277954102,1
/media/D1/ait_users/staff122/deepfake_project/outputs_deepfake_project/dfdc_subset_77_jpg/test/real/real_000665.jpg,0.0,0.6787437796592712,1
/media/D1/ait_users/staff122/deepfake_project/outputs_deepfake_project/dfdc_subset_77_jpg/test/real/real_000666.jpg,0.0,0.3210820257663727,0
/media/D1/ait_users/staff122/deepfake_project/outputs_deepfake_project/dfdc_subset_77_jpg/test/real/real_000667.jpg,0.0,0.018684301525354385,0
/media/D1/ait_users/staff122/deepfake_project/outputs_deepfake_project/dfdc_subset_77_jpg/test/real/real_000668.jpg,0.0,0.028781866654753685,0
/media/D1/ait_users/staff122/deepfake_project/outputs_deepfake_project/dfdc_subset_77_jpg/test/real/real_000669.jpg,0.0,0.2727475166320801,0
/media/D1/ait_users/staff122/deepfake_project/outputs_deepfake_project/dfdc_subset_77_jpg/test/real/real_000670.jpg,0.0,0.045646291226148605,0
/media/D1/ait_users/staff122/deepfake_project/outputs_deepfake_project/dfdc_subset_77_jpg/test/real/real_000671.jpg,0.0,0.02198190987110138,0
/media/D1/ait_users/staff122/deepfake_project/outputs_deepfake_project/dfdc_subset_77_jpg/test/real/real_000672.jpg,0.0,0.9979127049446106,1
/media/D1/ait_users/staff122/deepfake_project/outputs_deepfake_project/dfdc_subset_77_jpg/test/real/real_000673.jpg,0.0,0.9954696893692017,1
/media/D1/ait_users/staff122/deepfake_project/outputs_deepfake_project/dfdc_subset_77_jpg/test/real/real_000674.jpg,0.0,0.9946544170379639,1
/media/D1/ait_users/staff122/deepfake_project/outputs_deepfake_project/dfdc_subset_77_jpg/test/real/real_000675.jpg,0.0,0.9929952025413513,1
/media/D1/ait_users/staff122/deepfake_project/outputs_deepfake_project/dfdc_subset_77_jpg/test/real/real_000676.jpg,0.0,0.28652679920196533,0
/media/D1/ait_users/staff122/deepfake_project/outputs_deepfake_project/dfdc_subset_77_jpg/test/real/real_000677.jpg,0.0,0.027933500707149506,0
/media/D1/ait_users/staff122/deepfake_project/outputs_deepfake_project/dfdc_subset_77_jpg/test/real/real_000678.jpg,0.0,0.06504624336957932,0
/media/D1/ait_users/staff122/deepfake_project/outputs_deepfake_project/dfdc_subset_77_jpg/test/real/real_000679.jpg,0.0,0.9980023503303528,1
/media/D1/ait_users/staff122/deepfake_project/outputs_deepfake_project/dfdc_subset_77_jpg/test/real/real_000680.jpg,0.0,0.9857137203216553,1
/media/D1/ait_users/staff122/deepfake_project/outputs_deepfake_project/dfdc_subset_77_jpg/test/real/real_000681.jpg,0.0,0.9959614872932434,1
/media/D1/ait_users/staff122/deepfake_project/outputs_deepfake_project/dfdc_subset_77_jpg/test/real/real_000682.jpg,0.0,0.995966911315918,1
/media/D1/ait_users/staff122/deepfake_project/outputs_deepfake_project/dfdc_subset_77_jpg/test/real/real_000683.jpg,0.0,0.9959166646003723,1
/media/D1/ait_users/staff122/deepfake_project/outputs_deepfake_project/dfdc_subset_77_jpg/test/real/real_000684.jpg,0.0,0.9961546063423157,1
/media/D1/ait_users/staff122/deepfake_project/outputs_deepfake_project/dfdc_subset_77_jpg/test/real/real_000685.jpg,0.0,0.9959163069725037,1
/media/D1/ait_users/staff122/deepfake_project/outputs_deepfake_project/dfdc_subset_77_jpg/test/real/real_000686.jpg,0.0,0.9970007538795471,1
/media/D1/ait_users/staff122/deepfake_project/outputs_deepfake_project/dfdc_subset_77_jpg/test/real/real_000687.jpg,0.0,0.9982649683952332,1
/media/D1/ait_users/staff122/deepfake_project/outputs_deepfake_project/dfdc_subset_77_jpg/test/real/real_000688.jpg,0.0,0.9951857924461365,1
/media/D1/ait_users/staff122/deepfake_project/outputs_deepfake_project/dfdc_subset_77_jpg/test/real/real_000689.jpg,0.0,0.9994493126869202,1
/media/D1/ait_users/staff122/deepfake_project/outputs_deepfake_project/dfdc_subset_77_jpg/test/real/real_000690.jpg,0.0,0.771060049533844,1
/media/D1/ait_users/staff122/deepfake_project/outputs_deepfake_project/dfdc_subset_77_jpg/test/real/real_000691.jpg,0.0,0.36730921268463135,0
/media/D1/ait_users/staff122/deepfake_project/outputs_deepfake_project/dfdc_subset_77_jpg/test/real/real_000692.jpg,0.0,0.9993208646774292,1
/media/D1/ait_users/staff122/deepfake_project/outputs_deepfake_project/dfdc_subset_77_jpg/test/real/real_000693.jpg,0.0,0.999758780002594,1
/media/D1/ait_users/staff122/deepfake_project/outputs_deepfake_project/dfdc_subset_77_jpg/test/real/real_000694.jpg,0.0,0.9988170862197876,1
/media/D1/ait_users/staff122/deepfake_project/outputs_deepfake_project/dfdc_subset_77_jpg/test/real/real_000695.jpg,0.0,0.994958221912384,1
/media/D1/ait_users/staff122/deepfake_project/outputs_deepfake_project/dfdc_subset_77_jpg/test/real/real_000696.jpg,0.0,0.9986955523490906,1
/media/D1/ait_users/staff122/deepfake_project/outputs_deepfake_project/dfdc_subset_77_jpg/test/real/real_000697.jpg,0.0,0.9985803365707397,1
/media/D1/ait_users/staff122/deepfake_project/outputs_deepfake_project/dfdc_subset_77_jpg/test/real/real_000698.jpg,0.0,0.9987074136734009,1
/media/D1/ait_users/staff122/deepfake_project/outputs_deepfake_project/dfdc_subset_77_jpg/test/real/real_000699.jpg,0.0,0.9994267225265503,1
/media/D1/ait_users/staff122/deepfake_project/outputs_deepfake_project/dfdc_subset_77_jpg/test/real/real_000700.jpg,0.0,0.9980335831642151,1
/media/D1/ait_users/staff122/deepfake_project/outputs_deepfake_project/dfdc_subset_77_jpg/test/real/real_000701.jpg,0.0,0.9992251396179199,1
/media/D1/ait_users/staff122/deepfake_project/outputs_deepfake_project/dfdc_subset_77_jpg/test/real/real_000702.jpg,0.0,0.9968209266662598,1
/media/D1/ait_users/staff122/deepfake_project/outputs_deepfake_project/dfdc_subset_77_jpg/test/real/real_000703.jpg,0.0,0.0014333921717479825,0
/media/D1/ait_users/staff122/deepfake_project/outputs_deepfake_project/dfdc_subset_77_jpg/test/real/real_000704.jpg,0.0,0.9983844757080078,1
/media/D1/ait_users/staff122/deepfake_project/outputs_deepfake_project/dfdc_subset_77_jpg/test/real/real_000705.jpg,0.0,0.0461907684803009,0
/media/D1/ait_users/staff122/deepfake_project/outputs_deepfake_project/dfdc_subset_77_jpg/test/real/real_000706.jpg,0.0,0.3203963041305542,0
/media/D1/ait_users/staff122/deepfake_project/outputs_deepfake_project/dfdc_subset_77_jpg/test/real/real_000707.jpg,0.0,0.11536499857902527,0
/media/D1/ait_users/staff122/deepfake_project/outputs_deepfake_project/dfdc_subset_77_jpg/test/real/real_000708.jpg,0.0,0.6469466686248779,1
/media/D1/ait_users/staff122/deepfake_project/outputs_deepfake_project/dfdc_subset_77_jpg/test/real/real_000709.jpg,0.0,0.47679266333580017,0
/media/D1/ait_users/staff122/deepfake_project/outputs_deepfake_project/dfdc_subset_77_jpg/test/real/real_000710.jpg,0.0,0.926430344581604,1
/media/D1/ait_users/staff122/deepfake_project/outputs_deepfake_project/dfdc_subset_77_jpg/test/real/real_000711.jpg,0.0,0.07383392006158829,0
/media/D1/ait_users/staff122/deepfake_project/outputs_deepfake_project/dfdc_subset_77_jpg/test/real/real_000712.jpg,0.0,0.1633937507867813,0
/media/D1/ait_users/staff122/deepfake_project/outputs_deepfake_project/dfdc_subset_77_jpg/test/real/real_000713.jpg,0.0,0.5084416270256042,1
/media/D1/ait_users/staff122/deepfake_project/outputs_deepfake_project/dfdc_subset_77_jpg/test/real/real_000714.jpg,0.0,0.6452060341835022,1
/media/D1/ait_users/staff122/deepfake_project/outputs_deepfake_project/dfdc_subset_77_jpg/test/real/real_000715.jpg,0.0,0.8721266984939575,1
/media/D1/ait_users/staff122/deepfake_project/outputs_deepfake_project/dfdc_subset_77_jpg/test/real/real_000716.jpg,0.0,0.8545308709144592,1
/media/D1/ait_users/staff122/deepfake_project/outputs_deepfake_project/dfdc_subset_77_jpg/test/real/real_000717.jpg,0.0,0.9980169534683228,1
/media/D1/ait_users/staff122/deepfake_project/outputs_deepfake_project/dfdc_subset_77_jpg/test/real/real_000718.jpg,0.0,0.6017595529556274,1
/media/D1/ait_users/staff122/deepfake_project/outputs_deepfake_project/dfdc_subset_77_jpg/test/real/real_000719.jpg,0.0,0.6497762799263,1
/media/D1/ait_users/staff122/deepfake_project/outputs_deepfake_project/dfdc_subset_77_jpg/test/real/real_000720.jpg,0.0,0.1745792031288147,0
/media/D1/ait_users/staff122/deepfake_project/outputs_deepfake_project/dfdc_subset_77_jpg/test/real/real_000721.jpg,0.0,0.4192311763763428,0
/media/D1/ait_users/staff122/deepfake_project/outputs_deepfake_project/dfdc_subset_77_jpg/test/real/real_000722.jpg,0.0,0.9971787929534912,1
/media/D1/ait_users/staff122/deepfake_project/outputs_deepfake_project/dfdc_subset_77_jpg/test/real/real_000723.jpg,0.0,0.20021572709083557,0
/media/D1/ait_users/staff122/deepfake_project/outputs_deepfake_project/dfdc_subset_77_jpg/test/real/real_000724.jpg,0.0,0.9878437519073486,1
/media/D1/ait_users/staff122/deepfake_project/outputs_deepfake_project/dfdc_subset_77_jpg/test/real/real_000725.jpg,0.0,0.3852970004081726,0
/media/D1/ait_users/staff122/deepfake_project/outputs_deepfake_project/dfdc_subset_77_jpg/test/real/real_000726.jpg,0.0,0.6928949356079102,1
/media/D1/ait_users/staff122/deepfake_project/outputs_deepfake_project/dfdc_subset_77_jpg/test/real/real_000727.jpg,0.0,0.1346333622932434,0
/media/D1/ait_users/staff122/deepfake_project/outputs_deepfake_project/dfdc_subset_77_jpg/test/real/real_000728.jpg,0.0,0.4253728985786438,0
/media/D1/ait_users/staff122/deepfake_project/outputs_deepfake_project/dfdc_subset_77_jpg/test/real/real_000729.jpg,0.0,0.35082924365997314,0
/media/D1/ait_users/staff122/deepfake_project/outputs_deepfake_project/dfdc_subset_77_jpg/test/real/real_000730.jpg,0.0,0.03474481403827667,0
/media/D1/ait_users/staff122/deepfake_project/outputs_deepfake_project/dfdc_subset_77_jpg/test/real/real_000731.jpg,0.0,0.9956672191619873,1
/media/D1/ait_users/staff122/deepfake_project/outputs_deepfake_project/dfdc_subset_77_jpg/test/real/real_000732.jpg,0.0,0.021833296865224838,0
/media/D1/ait_users/staff122/deepfake_project/outputs_deepfake_project/dfdc_subset_77_jpg/test/real/real_000733.jpg,0.0,0.836345911026001,1
/media/D1/ait_users/staff122/deepfake_project/outputs_deepfake_project/dfdc_subset_77_jpg/test/real/real_000734.jpg,0.0,0.0448889285326004,0
/media/D1/ait_users/staff122/deepfake_project/outputs_deepfake_project/dfdc_subset_77_jpg/test/real/real_000735.jpg,0.0,0.4511348605155945,0
/media/D1/ait_users/staff122/deepfake_project/outputs_deepfake_project/dfdc_subset_77_jpg/test/real/real_000736.jpg,0.0,0.7590939402580261,1
/media/D1/ait_users/staff122/deepfake_project/outputs_deepfake_project/dfdc_subset_77_jpg/test/real/real_000737.jpg,0.0,0.12985827028751373,0
/media/D1/ait_users/staff122/deepfake_project/outputs_deepfake_project/dfdc_subset_77_jpg/test/real/real_000738.jpg,0.0,0.02256089262664318,0
/media/D1/ait_users/staff122/deepfake_project/outputs_deepfake_project/dfdc_subset_77_jpg/test/real/real_000739.jpg,0.0,0.000972712179645896,0
/media/D1/ait_users/staff122/deepfake_project/outputs_deepfake_project/dfdc_subset_77_jpg/test/real/real_000740.jpg,0.0,0.1000920832157135,0
/media/D1/ait_users/staff122/deepfake_project/outputs_deepfake_project/dfdc_subset_77_jpg/test/real/real_000741.jpg,0.0,0.011630450375378132,0
/media/D1/ait_users/staff122/deepfake_project/outputs_deepfake_project/dfdc_subset_77_jpg/test/real/real_000742.jpg,0.0,0.004076435696333647,0
/media/D1/ait_users/staff122/deepfake_project/outputs_deepfake_project/dfdc_subset_77_jpg/test/real/real_000743.jpg,0.0,0.000880062289070338,0
/media/D1/ait_users/staff122/deepfake_project/outputs_deepfake_project/dfdc_subset_77_jpg/test/real/real_000744.jpg,0.0,0.6232150793075562,1
/media/D1/ait_users/staff122/deepfake_project/outputs_deepfake_project/dfdc_subset_77_jpg/test/real/real_000745.jpg,0.0,0.08714248239994049,0
/media/D1/ait_users/staff122/deepfake_project/outputs_deepfake_project/dfdc_subset_77_jpg/test/real/real_000746.jpg,0.0,0.008147126995027065,0
/media/D1/ait_users/staff122/deepfake_project/outputs_deepfake_project/dfdc_subset_77_jpg/test/real/real_000747.jpg,0.0,0.030076663941144943,0
/media/D1/ait_users/staff122/deepfake_project/outputs_deepfake_project/dfdc_subset_77_jpg/test/real/real_000748.jpg,0.0,0.0012578665046021342,0
/media/D1/ait_users/staff122/deepfake_project/outputs_deepfake_project/dfdc_subset_77_jpg/test/real/real_000749.jpg,0.0,0.2598872482776642,0
/media/D1/ait_users/staff122/deepfake_project/outputs_deepfake_project/dfdc_subset_77_jpg/test/real/real_000750.jpg,0.0,0.10005204379558563,0
/media/D1/ait_users/staff122/deepfake_project/outputs_deepfake_project/dfdc_subset_77_jpg/test/real/real_000751.jpg,0.0,0.05785838142037392,0
/media/D1/ait_users/staff122/deepfake_project/outputs_deepfake_project/dfdc_subset_77_jpg/test/real/real_000752.jpg,0.0,0.1431194245815277,0
/media/D1/ait_users/staff122/deepfake_project/outputs_deepfake_project/dfdc_subset_77_jpg/test/real/real_000753.jpg,0.0,0.04182925820350647,0
/media/D1/ait_users/staff122/deepfake_project/outputs_deepfake_project/dfdc_subset_77_jpg/test/real/real_000754.jpg,0.0,0.05735529214143753,0
/media/D1/ait_users/staff122/deepfake_project/outputs_deepfake_project/dfdc_subset_77_jpg/test/real/real_000755.jpg,0.0,0.00336635485291481,0
/media/D1/ait_users/staff122/deepfake_project/outputs_deepfake_project/dfdc_subset_77_jpg/test/real/real_000756.jpg,0.0,0.006090778391808271,0
/media/D1/ait_users/staff122/deepfake_project/outputs_deepfake_project/dfdc_subset_77_jpg/test/real/real_000757.jpg,0.0,0.033483222126960754,0
/media/D1/ait_users/staff122/deepfake_project/outputs_deepfake_project/dfdc_subset_77_jpg/test/real/real_000758.jpg,0.0,0.008567746728658676,0
/media/D1/ait_users/staff122/deepfake_project/outputs_deepfake_project/dfdc_subset_77_jpg/test/real/real_000759.jpg,0.0,0.06899615377187729,0
/media/D1/ait_users/staff122/deepfake_project/outputs_deepfake_project/dfdc_subset_77_jpg/test/real/real_000760.jpg,0.0,0.0006719512166455388,0
/media/D1/ait_users/staff122/deepfake_project/outputs_deepfake_project/dfdc_subset_77_jpg/test/real/real_000761.jpg,0.0,0.0014026298886165023,0
/media/D1/ait_users/staff122/deepfake_project/outputs_deepfake_project/dfdc_subset_77_jpg/test/real/real_000762.jpg,0.0,0.030463051050901413,0
/media/D1/ait_users/staff122/deepfake_project/outputs_deepfake_project/dfdc_subset_77_jpg/test/real/real_000763.jpg,0.0,0.0010673144133761525,0
/media/D1/ait_users/staff122/deepfake_project/outputs_deepfake_project/dfdc_subset_77_jpg/test/real/real_000764.jpg,0.0,0.009578303433954716,0
/media/D1/ait_users/staff122/deepfake_project/outputs_deepfake_project/dfdc_subset_77_jpg/test/real/real_000765.jpg,0.0,0.025451768189668655,0
/media/D1/ait_users/staff122/deepfake_project/outputs_deepfake_project/dfdc_subset_77_jpg/test/real/real_000766.jpg,0.0,0.003729754826053977,0
/media/D1/ait_users/staff122/deepfake_project/outputs_deepfake_project/dfdc_subset_77_jpg/test/real/real_000767.jpg,0.0,0.0004570786259137094,0
/media/D1/ait_users/staff122/deepfake_project/outputs_deepfake_project/dfdc_subset_77_jpg/test/real/real_000768.jpg,0.0,0.10179312527179718,0
/media/D1/ait_users/staff122/deepfake_project/outputs_deepfake_project/dfdc_subset_77_jpg/test/real/real_000769.jpg,0.0,0.7583611011505127,1
/media/D1/ait_users/staff122/deepfake_project/outputs_deepfake_project/dfdc_subset_77_jpg/test/real/real_000770.jpg,0.0,0.14459939301013947,0
/media/D1/ait_users/staff122/deepfake_project/outputs_deepfake_project/dfdc_subset_77_jpg/test/real/real_000771.jpg,0.0,0.18651777505874634,0
/media/D1/ait_users/staff122/deepfake_project/outputs_deepfake_project/dfdc_subset_77_jpg/test/real/real_000772.jpg,0.0,0.502422034740448,1
/media/D1/ait_users/staff122/deepfake_project/outputs_deepfake_project/dfdc_subset_77_jpg/test/real/real_000773.jpg,0.0,0.9021812677383423,1
/media/D1/ait_users/staff122/deepfake_project/outputs_deepfake_project/dfdc_subset_77_jpg/test/real/real_000774.jpg,0.0,0.7778668403625488,1
/media/D1/ait_users/staff122/deepfake_project/outputs_deepfake_project/dfdc_subset_77_jpg/test/real/real_000775.jpg,0.0,0.7477555871009827,1
/media/D1/ait_users/staff122/deepfake_project/outputs_deepfake_project/dfdc_subset_77_jpg/test/real/real_000776.jpg,0.0,0.34074148535728455,0
/media/D1/ait_users/staff122/deepfake_project/outputs_deepfake_project/dfdc_subset_77_jpg/test/real/real_000777.jpg,0.0,0.6687135696411133,1
/media/D1/ait_users/staff122/deepfake_project/outputs_deepfake_project/dfdc_subset_77_jpg/test/real/real_000778.jpg,0.0,0.5306004285812378,1
/media/D1/ait_users/staff122/deepfake_project/outputs_deepfake_project/dfdc_subset_77_jpg/test/real/real_000779.jpg,0.0,0.2346721589565277,0
/media/D1/ait_users/staff122/deepfake_project/outputs_deepfake_project/dfdc_subset_77_jpg/test/real/real_000780.jpg,0.0,0.34985578060150146,0
/media/D1/ait_users/staff122/deepfake_project/outputs_deepfake_project/dfdc_subset_77_jpg/test/real/real_000781.jpg,0.0,0.9834244847297668,1
/media/D1/ait_users/staff122/deepfake_project/outputs_deepfake_project/dfdc_subset_77_jpg/test/real/real_000782.jpg,0.0,0.09965334087610245,0
/media/D1/ait_users/staff122/deepfake_project/outputs_deepfake_project/dfdc_subset_77_jpg/test/real/real_000783.jpg,0.0,0.32132911682128906,0
/media/D1/ait_users/staff122/deepfake_project/outputs_deepfake_project/dfdc_subset_77_jpg/test/real/real_000784.jpg,0.0,0.30525678396224976,0
/media/D1/ait_users/staff122/deepfake_project/outputs_deepfake_project/dfdc_subset_77_jpg/test/real/real_000785.jpg,0.0,0.08981913328170776,0
/media/D1/ait_users/staff122/deepfake_project/outputs_deepfake_project/dfdc_subset_77_jpg/test/real/real_000786.jpg,0.0,0.7938647270202637,1
/media/D1/ait_users/staff122/deepfake_project/outputs_deepfake_project/dfdc_subset_77_jpg/test/real/real_000787.jpg,0.0,0.6586708426475525,1
/media/D1/ait_users/staff122/deepfake_project/outputs_deepfake_project/dfdc_subset_77_jpg/test/real/real_000788.jpg,0.0,0.1798505187034607,0
/media/D1/ait_users/staff122/deepfake_project/outputs_deepfake_project/dfdc_subset_77_jpg/test/real/real_000789.jpg,0.0,0.020638609305024147,0
/media/D1/ait_users/staff122/deepfake_project/outputs_deepfake_project/dfdc_subset_77_jpg/test/real/real_000790.jpg,0.0,0.7021611928939819,1
/media/D1/ait_users/staff122/deepfake_project/outputs_deepfake_project/dfdc_subset_77_jpg/test/real/real_000791.jpg,0.0,0.6154024004936218,1
/media/D1/ait_users/staff122/deepfake_project/outputs_deepfake_project/dfdc_subset_77_jpg/test/real/real_000792.jpg,0.0,0.5317950248718262,1
/media/D1/ait_users/staff122/deepfake_project/outputs_deepfake_project/dfdc_subset_77_jpg/test/real/real_000793.jpg,0.0,0.4243253469467163,0
/media/D1/ait_users/staff122/deepfake_project/outputs_deepfake_project/dfdc_subset_77_jpg/test/real/real_000794.jpg,0.0,0.19856329262256622,0
/media/D1/ait_users/staff122/deepfake_project/outputs_deepfake_project/dfdc_subset_77_jpg/test/real/real_000795.jpg,0.0,0.47410714626312256,0
/media/D1/ait_users/staff122/deepfake_project/outputs_deepfake_project/dfdc_subset_77_jpg/test/real/real_000796.jpg,0.0,0.4636343717575073,0
/media/D1/ait_users/staff122/deepfake_project/outputs_deepfake_project/dfdc_subset_77_jpg/test/real/real_000797.jpg,0.0,0.328227162361145,0
/media/D1/ait_users/staff122/deepfake_project/outputs_deepfake_project/dfdc_subset_77_jpg/test/real/real_000798.jpg,0.0,0.1611139476299286,0
/media/D1/ait_users/staff122/deepfake_project/outputs_deepfake_project/dfdc_subset_77_jpg/test/real/real_000799.jpg,0.0,0.744168758392334,1
/media/D1/ait_users/staff122/deepfake_project/outputs_deepfake_project/dfdc_subset_77_jpg/test/real/real_000800.jpg,0.0,0.995891809463501,1
/media/D1/ait_users/staff122/deepfake_project/outputs_deepfake_project/dfdc_subset_77_jpg/test/real/real_000801.jpg,0.0,0.9503728151321411,1
/media/D1/ait_users/staff122/deepfake_project/outputs_deepfake_project/dfdc_subset_77_jpg/test/real/real_000802.jpg,0.0,0.9931395649909973,1
/media/D1/ait_users/staff122/deepfake_project/outputs_deepfake_project/dfdc_subset_77_jpg/test/real/real_000803.jpg,0.0,0.8348982334136963,1
/media/D1/ait_users/staff122/deepfake_project/outputs_deepfake_project/dfdc_subset_77_jpg/test/real/real_000804.jpg,0.0,0.9910644292831421,1
/media/D1/ait_users/staff122/deepfake_project/outputs_deepfake_project/dfdc_subset_77_jpg/test/real/real_000805.jpg,0.0,0.9959009289741516,1
/media/D1/ait_users/staff122/deepfake_project/outputs_deepfake_project/dfdc_subset_77_jpg/test/real/real_000806.jpg,0.0,0.9752715229988098,1
/media/D1/ait_users/staff122/deepfake_project/outputs_deepfake_project/dfdc_subset_77_jpg/test/real/real_000807.jpg,0.0,0.9675503373146057,1
/media/D1/ait_users/staff122/deepfake_project/outputs_deepfake_project/dfdc_subset_77_jpg/test/real/real_000808.jpg,0.0,0.8926361203193665,1
/media/D1/ait_users/staff122/deepfake_project/outputs_deepfake_project/dfdc_subset_77_jpg/test/real/real_000809.jpg,0.0,0.9924728870391846,1
/media/D1/ait_users/staff122/deepfake_project/outputs_deepfake_project/dfdc_subset_77_jpg/test/real/real_000810.jpg,0.0,0.9369595050811768,1
/media/D1/ait_users/staff122/deepfake_project/outputs_deepfake_project/dfdc_subset_77_jpg/test/real/real_000811.jpg,0.0,0.9498745203018188,1
/media/D1/ait_users/staff122/deepfake_project/outputs_deepfake_project/dfdc_subset_77_jpg/test/real/real_000812.jpg,0.0,0.9952516555786133,1
/media/D1/ait_users/staff122/deepfake_project/outputs_deepfake_project/dfdc_subset_77_jpg/test/real/real_000813.jpg,0.0,0.9543274641036987,1
/media/D1/ait_users/staff122/deepfake_project/outputs_deepfake_project/dfdc_subset_77_jpg/test/real/real_000814.jpg,0.0,0.9430123567581177,1
/media/D1/ait_users/staff122/deepfake_project/outputs_deepfake_project/dfdc_subset_77_jpg/test/real/real_000815.jpg,0.0,0.96622633934021,1
/media/D1/ait_users/staff122/deepfake_project/outputs_deepfake_project/dfdc_subset_77_jpg/test/real/real_000816.jpg,0.0,0.9602550864219666,1
/media/D1/ait_users/staff122/deepfake_project/outputs_deepfake_project/dfdc_subset_77_jpg/test/real/real_000817.jpg,0.0,0.926628053188324,1
/media/D1/ait_users/staff122/deepfake_project/outputs_deepfake_project/dfdc_subset_77_jpg/test/real/real_000818.jpg,0.0,0.9421917200088501,1
/media/D1/ait_users/staff122/deepfake_project/outputs_deepfake_project/dfdc_subset_77_jpg/test/real/real_000819.jpg,0.0,0.9519568681716919,1
/media/D1/ait_users/staff122/deepfake_project/outputs_deepfake_project/dfdc_subset_77_jpg/test/real/real_000820.jpg,0.0,0.9320672154426575,1
/media/D1/ait_users/staff122/deepfake_project/outputs_deepfake_project/dfdc_subset_77_jpg/test/real/real_000821.jpg,0.0,0.9428062438964844,1
/media/D1/ait_users/staff122/deepfake_project/outputs_deepfake_project/dfdc_subset_77_jpg/test/real/real_000822.jpg,0.0,0.9989268183708191,1
/media/D1/ait_users/staff122/deepfake_project/outputs_deepfake_project/dfdc_subset_77_jpg/test/real/real_000823.jpg,0.0,0.9633632898330688,1
/media/D1/ait_users/staff122/deepfake_project/outputs_deepfake_project/dfdc_subset_77_jpg/test/real/real_000824.jpg,0.0,0.9447394609451294,1
/media/D1/ait_users/staff122/deepfake_project/outputs_deepfake_project/dfdc_subset_77_jpg/test/real/real_000825.jpg,0.0,0.7363617420196533,1
/media/D1/ait_users/staff122/deepfake_project/outputs_deepfake_project/dfdc_subset_77_jpg/test/real/real_000826.jpg,0.0,0.9693425297737122,1
/media/D1/ait_users/staff122/deepfake_project/outputs_deepfake_project/dfdc_subset_77_jpg/test/real/real_000827.jpg,0.0,0.6846396923065186,1
/media/D1/ait_users/staff122/deepfake_project/outputs_deepfake_project/dfdc_subset_77_jpg/test/real/real_000828.jpg,0.0,0.9870014190673828,1
/media/D1/ait_users/staff122/deepfake_project/outputs_deepfake_project/dfdc_subset_77_jpg/test/real/real_000829.jpg,0.0,0.9929335117340088,1
/media/D1/ait_users/staff122/deepfake_project/outputs_deepfake_project/dfdc_subset_77_jpg/test/real/real_000830.jpg,0.0,0.990998387336731,1
/media/D1/ait_users/staff122/deepfake_project/outputs_deepfake_project/dfdc_subset_77_jpg/test/real/real_000831.jpg,0.0,0.9155411124229431,1
/media/D1/ait_users/staff122/deepfake_project/outputs_deepfake_project/dfdc_subset_77_jpg/test/real/real_000832.jpg,0.0,0.9997280240058899,1
/media/D1/ait_users/staff122/deepfake_project/outputs_deepfake_project/dfdc_subset_77_jpg/test/real/real_000833.jpg,0.0,0.9997889399528503,1
/media/D1/ait_users/staff122/deepfake_project/outputs_deepfake_project/dfdc_subset_77_jpg/test/real/real_000834.jpg,0.0,0.9997690320014954,1
/media/D1/ait_users/staff122/deepfake_project/outputs_deepfake_project/dfdc_subset_77_jpg/test/real/real_000835.jpg,0.0,0.9933515191078186,1
/media/D1/ait_users/staff122/deepfake_project/outputs_deepfake_project/dfdc_subset_77_jpg/test/real/real_000836.jpg,0.0,0.9618384838104248,1
/media/D1/ait_users/staff122/deepfake_project/outputs_deepfake_project/dfdc_subset_77_jpg/test/real/real_000837.jpg,0.0,0.13122707605361938,0
/media/D1/ait_users/staff122/deepfake_project/outputs_deepfake_project/dfdc_subset_77_jpg/test/real/real_000838.jpg,0.0,0.7557896971702576,1
/media/D1/ait_users/staff122/deepfake_project/outputs_deepfake_project/dfdc_subset_77_jpg/test/real/real_000839.jpg,0.0,0.9979004859924316,1
/media/D1/ait_users/staff122/deepfake_project/outputs_deepfake_project/dfdc_subset_77_jpg/test/real/real_000840.jpg,0.0,0.9997681975364685,1
/media/D1/ait_users/staff122/deepfake_project/outputs_deepfake_project/dfdc_subset_77_jpg/test/real/real_000841.jpg,0.0,0.9935925602912903,1
/media/D1/ait_users/staff122/deepfake_project/outputs_deepfake_project/dfdc_subset_77_jpg/test/real/real_000842.jpg,0.0,0.0827629566192627,0
/media/D1/ait_users/staff122/deepfake_project/outputs_deepfake_project/dfdc_subset_77_jpg/test/real/real_000843.jpg,0.0,0.001523330807685852,0
/media/D1/ait_users/staff122/deepfake_project/outputs_deepfake_project/dfdc_subset_77_jpg/test/real/real_000844.jpg,0.0,0.0015846927417442203,0
/media/D1/ait_users/staff122/deepfake_project/outputs_deepfake_project/dfdc_subset_77_jpg/test/real/real_000845.jpg,0.0,0.08325071632862091,0
/media/D1/ait_users/staff122/deepfake_project/outputs_deepfake_project/dfdc_subset_77_jpg/test/real/real_000846.jpg,0.0,0.8226500749588013,1
/media/D1/ait_users/staff122/deepfake_project/outputs_deepfake_project/dfdc_subset_77_jpg/test/real/real_000847.jpg,0.0,0.7935027480125427,1
/media/D1/ait_users/staff122/deepfake_project/outputs_deepfake_project/dfdc_subset_77_jpg/test/real/real_000848.jpg,0.0,0.9986448884010315,1
/media/D1/ait_users/staff122/deepfake_project/outputs_deepfake_project/dfdc_subset_77_jpg/test/real/real_000849.jpg,0.0,0.5710705518722534,1
/media/D1/ait_users/staff122/deepfake_project/outputs_deepfake_project/dfdc_subset_77_jpg/test/real/real_000850.jpg,0.0,0.6627566814422607,1
/media/D1/ait_users/staff122/deepfake_project/outputs_deepfake_project/dfdc_subset_77_jpg/test/real/real_000851.jpg,0.0,0.6884408593177795,1
/media/D1/ait_users/staff122/deepfake_project/outputs_deepfake_project/dfdc_subset_77_jpg/test/real/real_000852.jpg,0.0,0.49982529878616333,0
/media/D1/ait_users/staff122/deepfake_project/outputs_deepfake_project/dfdc_subset_77_jpg/test/real/real_000853.jpg,0.0,0.37542033195495605,0
/media/D1/ait_users/staff122/deepfake_project/outputs_deepfake_project/dfdc_subset_77_jpg/test/real/real_000854.jpg,0.0,0.04884476214647293,0
/media/D1/ait_users/staff122/deepfake_project/outputs_deepfake_project/dfdc_subset_77_jpg/test/real/real_000855.jpg,0.0,0.13071852922439575,0
/media/D1/ait_users/staff122/deepfake_project/outputs_deepfake_project/dfdc_subset_77_jpg/test/real/real_000856.jpg,0.0,0.29181355237960815,0
/media/D1/ait_users/staff122/deepfake_project/outputs_deepfake_project/dfdc_subset_77_jpg/test/real/real_000857.jpg,0.0,0.037102773785591125,0
/media/D1/ait_users/staff122/deepfake_project/outputs_deepfake_project/dfdc_subset_77_jpg/test/real/real_000858.jpg,0.0,0.9738824963569641,1
/media/D1/ait_users/staff122/deepfake_project/outputs_deepfake_project/dfdc_subset_77_jpg/test/real/real_000859.jpg,0.0,0.6076478362083435,1
/media/D1/ait_users/staff122/deepfake_project/outputs_deepfake_project/dfdc_subset_77_jpg/test/real/real_000860.jpg,0.0,0.2542341947555542,0
/media/D1/ait_users/staff122/deepfake_project/outputs_deepfake_project/dfdc_subset_77_jpg/test/real/real_000861.jpg,0.0,0.015126600861549377,0
/media/D1/ait_users/staff122/deepfake_project/outputs_deepfake_project/dfdc_subset_77_jpg/test/real/real_000862.jpg,0.0,0.9995996356010437,1
/media/D1/ait_users/staff122/deepfake_project/outputs_deepfake_project/dfdc_subset_77_jpg/test/real/real_000863.jpg,0.0,0.9167871475219727,1
/media/D1/ait_users/staff122/deepfake_project/outputs_deepfake_project/dfdc_subset_77_jpg/test/real/real_000864.jpg,0.0,0.004521047230809927,0
/media/D1/ait_users/staff122/deepfake_project/outputs_deepfake_project/dfdc_subset_77_jpg/test/real/real_000865.jpg,0.0,0.00031397183192893863,0
/media/D1/ait_users/staff122/deepfake_project/outputs_deepfake_project/dfdc_subset_77_jpg/test/real/real_000866.jpg,0.0,0.0015956113347783685,0
/media/D1/ait_users/staff122/deepfake_project/outputs_deepfake_project/dfdc_subset_77_jpg/test/real/real_000867.jpg,0.0,0.0037873713299632072,0
/media/D1/ait_users/staff122/deepfake_project/outputs_deepfake_project/dfdc_subset_77_jpg/test/real/real_000868.jpg,0.0,0.002724733902141452,0
/media/D1/ait_users/staff122/deepfake_project/outputs_deepfake_project/dfdc_subset_77_jpg/test/real/real_000869.jpg,0.0,0.020964598283171654,0
/media/D1/ait_users/staff122/deepfake_project/outputs_deepfake_project/dfdc_subset_77_jpg/test/real/real_000870.jpg,0.0,0.00966236088424921,0
/media/D1/ait_users/staff122/deepfake_project/outputs_deepfake_project/dfdc_subset_77_jpg/test/real/real_000871.jpg,0.0,0.002306003589183092,0
/media/D1/ait_users/staff122/deepfake_project/outputs_deepfake_project/dfdc_subset_77_jpg/test/real/real_000872.jpg,0.0,0.02008051611483097,0
/media/D1/ait_users/staff122/deepfake_project/outputs_deepfake_project/dfdc_subset_77_jpg/test/real/real_000873.jpg,0.0,0.47552505135536194,0
/media/D1/ait_users/staff122/deepfake_project/outputs_deepfake_project/dfdc_subset_77_jpg/test/real/real_000874.jpg,0.0,0.16642379760742188,0
/media/D1/ait_users/staff122/deepfake_project/outputs_deepfake_project/dfdc_subset_77_jpg/test/real/real_000875.jpg,0.0,0.02216215990483761,0
/media/D1/ait_users/staff122/deepfake_project/outputs_deepfake_project/dfdc_subset_77_jpg/test/real/real_000876.jpg,0.0,0.0008173492969945073,0
/media/D1/ait_users/staff122/deepfake_project/outputs_deepfake_project/dfdc_subset_77_jpg/test/real/real_000877.jpg,0.0,0.0008615522528998554,0
/media/D1/ait_users/staff122/deepfake_project/outputs_deepfake_project/dfdc_subset_77_jpg/test/real/real_000878.jpg,0.0,0.0020730451215058565,0
/media/D1/ait_users/staff122/deepfake_project/outputs_deepfake_project/dfdc_subset_77_jpg/test/real/real_000879.jpg,0.0,0.01767720654606819,0
/media/D1/ait_users/staff122/deepfake_project/outputs_deepfake_project/dfdc_subset_77_jpg/test/real/real_000880.jpg,0.0,0.004050183109939098,0
/media/D1/ait_users/staff122/deepfake_project/outputs_deepfake_project/dfdc_subset_77_jpg/test/real/real_000881.jpg,0.0,0.007798354607075453,0
/media/D1/ait_users/staff122/deepfake_project/outputs_deepfake_project/dfdc_subset_77_jpg/test/real/real_000882.jpg,0.0,0.0026290633250027895,0
/media/D1/ait_users/staff122/deepfake_project/outputs_deepfake_project/dfdc_subset_77_jpg/test/real/real_000883.jpg,0.0,0.003635523607954383,0
/media/D1/ait_users/staff122/deepfake_project/outputs_deepfake_project/dfdc_subset_77_jpg/test/real/real_000884.jpg,0.0,0.0157717727124691,0
/media/D1/ait_users/staff122/deepfake_project/outputs_deepfake_project/dfdc_subset_77_jpg/test/real/real_000885.jpg,0.0,0.012462628073990345,0
/media/D1/ait_users/staff122/deepfake_project/outputs_deepfake_project/dfdc_subset_77_jpg/test/real/real_000886.jpg,0.0,0.006013334728777409,0
/media/D1/ait_users/staff122/deepfake_project/outputs_deepfake_project/dfdc_subset_77_jpg/test/real/real_000887.jpg,0.0,0.003471727715805173,0
/media/D1/ait_users/staff122/deepfake_project/outputs_deepfake_project/dfdc_subset_77_jpg/test/real/real_000888.jpg,0.0,0.004117840901017189,0
/media/D1/ait_users/staff122/deepfake_project/outputs_deepfake_project/dfdc_subset_77_jpg/test/real/real_000889.jpg,0.0,0.9324318170547485,1
/media/D1/ait_users/staff122/deepfake_project/outputs_deepfake_project/dfdc_subset_77_jpg/test/real/real_000890.jpg,0.0,0.020356478169560432,0
/media/D1/ait_users/staff122/deepfake_project/outputs_deepfake_project/dfdc_subset_77_jpg/test/real/real_000891.jpg,0.0,0.09678292274475098,0
/media/D1/ait_users/staff122/deepfake_project/outputs_deepfake_project/dfdc_subset_77_jpg/test/real/real_000892.jpg,0.0,0.008722339756786823,0
/media/D1/ait_users/staff122/deepfake_project/outputs_deepfake_project/dfdc_subset_77_jpg/test/real/real_000893.jpg,0.0,0.0005748793482780457,0
/media/D1/ait_users/staff122/deepfake_project/outputs_deepfake_project/dfdc_subset_77_jpg/test/real/real_000894.jpg,0.0,0.015337440185248852,0
/media/D1/ait_users/staff122/deepfake_project/outputs_deepfake_project/dfdc_subset_77_jpg/test/real/real_000895.jpg,0.0,0.016860952600836754,0
/media/D1/ait_users/staff122/deepfake_project/outputs_deepfake_project/dfdc_subset_77_jpg/test/real/real_000896.jpg,0.0,0.9194728136062622,1
/media/D1/ait_users/staff122/deepfake_project/outputs_deepfake_project/dfdc_subset_77_jpg/test/real/real_000897.jpg,0.0,0.23988094925880432,0
/media/D1/ait_users/staff122/deepfake_project/outputs_deepfake_project/dfdc_subset_77_jpg/test/real/real_000898.jpg,0.0,0.0830192044377327,0
/media/D1/ait_users/staff122/deepfake_project/outputs_deepfake_project/dfdc_subset_77_jpg/test/real/real_000899.jpg,0.0,0.4498656988143921,0
/media/D1/ait_users/staff122/deepfake_project/outputs_deepfake_project/dfdc_subset_77_jpg/test/real/real_000900.jpg,0.0,0.8836207985877991,1
/media/D1/ait_users/staff122/deepfake_project/outputs_deepfake_project/dfdc_subset_77_jpg/test/real/real_000901.jpg,0.0,0.8446393013000488,1
/media/D1/ait_users/staff122/deepfake_project/outputs_deepfake_project/dfdc_subset_77_jpg/test/real/real_000902.jpg,0.0,0.9652862548828125,1
/media/D1/ait_users/staff122/deepfake_project/outputs_deepfake_project/dfdc_subset_77_jpg/test/real/real_000903.jpg,0.0,0.7899946570396423,1
/media/D1/ait_users/staff122/deepfake_project/outputs_deepfake_project/dfdc_subset_77_jpg/test/real/real_000904.jpg,0.0,0.9903505444526672,1
/media/D1/ait_users/staff122/deepfake_project/outputs_deepfake_project/dfdc_subset_77_jpg/test/real/real_000905.jpg,0.0,0.845719575881958,1
/media/D1/ait_users/staff122/deepfake_project/outputs_deepfake_project/dfdc_subset_77_jpg/test/real/real_000906.jpg,0.0,0.06432820111513138,0
/media/D1/ait_users/staff122/deepfake_project/outputs_deepfake_project/dfdc_subset_77_jpg/test/real/real_000907.jpg,0.0,0.8470684885978699,1
/media/D1/ait_users/staff122/deepfake_project/outputs_deepfake_project/dfdc_subset_77_jpg/test/real/real_000908.jpg,0.0,0.9264512062072754,1
/media/D1/ait_users/staff122/deepfake_project/outputs_deepfake_project/dfdc_subset_77_jpg/test/real/real_000909.jpg,0.0,0.862583577632904,1
/media/D1/ait_users/staff122/deepfake_project/outputs_deepfake_project/dfdc_subset_77_jpg/test/real/real_000910.jpg,0.0,0.47693243622779846,0
/media/D1/ait_users/staff122/deepfake_project/outputs_deepfake_project/dfdc_subset_77_jpg/test/real/real_000911.jpg,0.0,0.24865567684173584,0
/media/D1/ait_users/staff122/deepfake_project/outputs_deepfake_project/dfdc_subset_77_jpg/test/real/real_000912.jpg,0.0,0.5579378604888916,1
/media/D1/ait_users/staff122/deepfake_project/outputs_deepfake_project/dfdc_subset_77_jpg/test/real/real_000913.jpg,0.0,0.43937402963638306,0
/media/D1/ait_users/staff122/deepfake_project/outputs_deepfake_project/dfdc_subset_77_jpg/test/real/real_000914.jpg,0.0,0.8244549632072449,1
/media/D1/ait_users/staff122/deepfake_project/outputs_deepfake_project/dfdc_subset_77_jpg/test/real/real_000915.jpg,0.0,0.8571754097938538,1
/media/D1/ait_users/staff122/deepfake_project/outputs_deepfake_project/dfdc_subset_77_jpg/test/real/real_000916.jpg,0.0,0.3878246545791626,0
/media/D1/ait_users/staff122/deepfake_project/outputs_deepfake_project/dfdc_subset_77_jpg/test/real/real_000917.jpg,0.0,0.7460978627204895,1
/media/D1/ait_users/staff122/deepfake_project/outputs_deepfake_project/dfdc_subset_77_jpg/test/real/real_000918.jpg,0.0,0.7065838575363159,1
/media/D1/ait_users/staff122/deepfake_project/outputs_deepfake_project/dfdc_subset_77_jpg/test/real/real_000919.jpg,0.0,0.9864565134048462,1
/media/D1/ait_users/staff122/deepfake_project/outputs_deepfake_project/dfdc_subset_77_jpg/test/real/real_000920.jpg,0.0,0.41483038663864136,0
/media/D1/ait_users/staff122/deepfake_project/outputs_deepfake_project/dfdc_subset_77_jpg/test/real/real_000921.jpg,0.0,0.9644886255264282,1
/media/D1/ait_users/staff122/deepfake_project/outputs_deepfake_project/dfdc_subset_77_jpg/test/real/real_000922.jpg,0.0,0.9927747249603271,1
/media/D1/ait_users/staff122/deepfake_project/outputs_deepfake_project/dfdc_subset_77_jpg/test/real/real_000923.jpg,0.0,0.8897296786308289,1
/media/D1/ait_users/staff122/deepfake_project/outputs_deepfake_project/dfdc_subset_77_jpg/test/real/real_000924.jpg,0.0,0.32109391689300537,0
/media/D1/ait_users/staff122/deepfake_project/outputs_deepfake_project/dfdc_subset_77_jpg/test/real/real_000925.jpg,0.0,0.8810014128684998,1
/media/D1/ait_users/staff122/deepfake_project/outputs_deepfake_project/dfdc_subset_77_jpg/test/real/real_000926.jpg,0.0,0.7288901805877686,1
/media/D1/ait_users/staff122/deepfake_project/outputs_deepfake_project/dfdc_subset_77_jpg/test/real/real_000927.jpg,0.0,0.08168525993824005,0
/media/D1/ait_users/staff122/deepfake_project/outputs_deepfake_project/dfdc_subset_77_jpg/test/real/real_000928.jpg,0.0,0.9996053576469421,1
/media/D1/ait_users/staff122/deepfake_project/outputs_deepfake_project/dfdc_subset_77_jpg/test/real/real_000929.jpg,0.0,0.9994434714317322,1
/media/D1/ait_users/staff122/deepfake_project/outputs_deepfake_project/dfdc_subset_77_jpg/test/real/real_000930.jpg,0.0,0.9995377063751221,1
/media/D1/ait_users/staff122/deepfake_project/outputs_deepfake_project/dfdc_subset_77_jpg/test/real/real_000931.jpg,0.0,0.17805802822113037,0
/media/D1/ait_users/staff122/deepfake_project/outputs_deepfake_project/dfdc_subset_77_jpg/test/real/real_000932.jpg,0.0,0.9995288848876953,1
/media/D1/ait_users/staff122/deepfake_project/outputs_deepfake_project/dfdc_subset_77_jpg/test/real/real_000933.jpg,0.0,0.26186105608940125,0
/media/D1/ait_users/staff122/deepfake_project/outputs_deepfake_project/dfdc_subset_77_jpg/test/real/real_000934.jpg,0.0,0.9995359182357788,1
/media/D1/ait_users/staff122/deepfake_project/outputs_deepfake_project/dfdc_subset_77_jpg/test/real/real_000935.jpg,0.0,0.16843000054359436,0
/media/D1/ait_users/staff122/deepfake_project/outputs_deepfake_project/dfdc_subset_77_jpg/test/real/real_000936.jpg,0.0,0.9996010661125183,1
/media/D1/ait_users/staff122/deepfake_project/outputs_deepfake_project/dfdc_subset_77_jpg/test/real/real_000937.jpg,0.0,0.9997723698616028,1
/media/D1/ait_users/staff122/deepfake_project/outputs_deepfake_project/dfdc_subset_77_jpg/test/real/real_000938.jpg,0.0,0.008141372352838516,0
/media/D1/ait_users/staff122/deepfake_project/outputs_deepfake_project/dfdc_subset_77_jpg/test/real/real_000939.jpg,0.0,0.005753840319812298,0
/media/D1/ait_users/staff122/deepfake_project/outputs_deepfake_project/dfdc_subset_77_jpg/test/real/real_000940.jpg,0.0,0.04879562929272652,0
/media/D1/ait_users/staff122/deepfake_project/outputs_deepfake_project/dfdc_subset_77_jpg/test/real/real_000941.jpg,0.0,0.9993414282798767,1
/media/D1/ait_users/staff122/deepfake_project/outputs_deepfake_project/dfdc_subset_77_jpg/test/real/real_000942.jpg,0.0,0.9993971586227417,1
/media/D1/ait_users/staff122/deepfake_project/outputs_deepfake_project/dfdc_subset_77_jpg/test/real/real_000943.jpg,0.0,0.9369379878044128,1
/media/D1/ait_users/staff122/deepfake_project/outputs_deepfake_project/dfdc_subset_77_jpg/test/real/real_000944.jpg,0.0,0.9995457530021667,1
/media/D1/ait_users/staff122/deepfake_project/outputs_deepfake_project/dfdc_subset_77_jpg/test/real/real_000945.jpg,0.0,0.9993932247161865,1
/media/D1/ait_users/staff122/deepfake_project/outputs_deepfake_project/dfdc_subset_77_jpg/test/real/real_000946.jpg,0.0,0.012776179239153862,0
/media/D1/ait_users/staff122/deepfake_project/outputs_deepfake_project/dfdc_subset_77_jpg/test/real/real_000947.jpg,0.0,0.21452216804027557,0
/media/D1/ait_users/staff122/deepfake_project/outputs_deepfake_project/dfdc_subset_77_jpg/test/real/real_000948.jpg,0.0,0.9994407296180725,1
/media/D1/ait_users/staff122/deepfake_project/outputs_deepfake_project/dfdc_subset_77_jpg/test/real/real_000949.jpg,0.0,0.019454533234238625,0
/media/D1/ait_users/staff122/deepfake_project/outputs_deepfake_project/dfdc_subset_77_jpg/test/real/real_000950.jpg,0.0,0.01862277463078499,0
/media/D1/ait_users/staff122/deepfake_project/outputs_deepfake_project/dfdc_subset_77_jpg/test/real/real_000951.jpg,0.0,0.3860816955566406,0
/media/D1/ait_users/staff122/deepfake_project/outputs_deepfake_project/dfdc_subset_77_jpg/test/real/real_000952.jpg,0.0,0.11760441213846207,0
/media/D1/ait_users/staff122/deepfake_project/outputs_deepfake_project/dfdc_subset_77_jpg/test/real/real_000953.jpg,0.0,0.9996575117111206,1
/media/D1/ait_users/staff122/deepfake_project/outputs_deepfake_project/dfdc_subset_77_jpg/test/real/real_000954.jpg,0.0,0.01038898155093193,0
/media/D1/ait_users/staff122/deepfake_project/outputs_deepfake_project/dfdc_subset_77_jpg/test/real/real_000955.jpg,0.0,0.22246181964874268,0
/media/D1/ait_users/staff122/deepfake_project/outputs_deepfake_project/dfdc_subset_77_jpg/test/real/real_000956.jpg,0.0,0.9996192455291748,1
/media/D1/ait_users/staff122/deepfake_project/outputs_deepfake_project/dfdc_subset_77_jpg/test/real/real_000957.jpg,0.0,0.44931045174598694,0
/media/D1/ait_users/staff122/deepfake_project/outputs_deepfake_project/dfdc_subset_77_jpg/test/real/real_000958.jpg,0.0,0.9248505234718323,1
/media/D1/ait_users/staff122/deepfake_project/outputs_deepfake_project/dfdc_subset_77_jpg/test/real/real_000959.jpg,0.0,0.9994004964828491,1
/media/D1/ait_users/staff122/deepfake_project/outputs_deepfake_project/dfdc_subset_77_jpg/test/real/real_000960.jpg,0.0,0.007446888368576765,0
/media/D1/ait_users/staff122/deepfake_project/outputs_deepfake_project/dfdc_subset_77_jpg/test/real/real_000961.jpg,0.0,0.07828518003225327,0
/media/D1/ait_users/staff122/deepfake_project/outputs_deepfake_project/dfdc_subset_77_jpg/test/real/real_000962.jpg,0.0,0.334563285112381,0
/media/D1/ait_users/staff122/deepfake_project/outputs_deepfake_project/dfdc_subset_77_jpg/test/real/real_000963.jpg,0.0,0.01601187326014042,0
/media/D1/ait_users/staff122/deepfake_project/outputs_deepfake_project/dfdc_subset_77_jpg/test/real/real_000964.jpg,0.0,0.38952210545539856,0
/media/D1/ait_users/staff122/deepfake_project/outputs_deepfake_project/dfdc_subset_77_jpg/test/real/real_000965.jpg,0.0,0.01569005660712719,0
/media/D1/ait_users/staff122/deepfake_project/outputs_deepfake_project/dfdc_subset_77_jpg/test/real/real_000966.jpg,0.0,0.19066999852657318,0
/media/D1/ait_users/staff122/deepfake_project/outputs_deepfake_project/dfdc_subset_77_jpg/test/real/real_000967.jpg,0.0,0.010386970825493336,0
/media/D1/ait_users/staff122/deepfake_project/outputs_deepfake_project/dfdc_subset_77_jpg/test/real/real_000968.jpg,0.0,0.30677276849746704,0
/media/D1/ait_users/staff122/deepfake_project/outputs_deepfake_project/dfdc_subset_77_jpg/test/real/real_000969.jpg,0.0,0.04413449391722679,0
/media/D1/ait_users/staff122/deepfake_project/outputs_deepfake_project/dfdc_subset_77_jpg/test/real/real_000970.jpg,0.0,0.003754430916160345,0
/media/D1/ait_users/staff122/deepfake_project/outputs_deepfake_project/dfdc_subset_77_jpg/test/real/real_000971.jpg,0.0,0.3384949266910553,0
/media/D1/ait_users/staff122/deepfake_project/outputs_deepfake_project/dfdc_subset_77_jpg/test/real/real_000972.jpg,0.0,0.02462579682469368,0
/media/D1/ait_users/staff122/deepfake_project/outputs_deepfake_project/dfdc_subset_77_jpg/test/real/real_000973.jpg,0.0,0.049412600696086884,0
/media/D1/ait_users/staff122/deepfake_project/outputs_deepfake_project/dfdc_subset_77_jpg/test/real/real_000974.jpg,0.0,0.008808577433228493,0
/media/D1/ait_users/staff122/deepfake_project/outputs_deepfake_project/dfdc_subset_77_jpg/test/real/real_000975.jpg,0.0,0.02054174803197384,0
/media/D1/ait_users/staff122/deepfake_project/outputs_deepfake_project/dfdc_subset_77_jpg/test/real/real_000976.jpg,0.0,0.03335530310869217,0
/media/D1/ait_users/staff122/deepfake_project/outputs_deepfake_project/dfdc_subset_77_jpg/test/real/real_000977.jpg,0.0,0.004871992394328117,0
/media/D1/ait_users/staff122/deepfake_project/outputs_deepfake_project/dfdc_subset_77_jpg/test/real/real_000978.jpg,0.0,0.00888875499367714,0
/media/D1/ait_users/staff122/deepfake_project/outputs_deepfake_project/dfdc_subset_77_jpg/test/real/real_000979.jpg,0.0,0.007719038054347038,0
/media/D1/ait_users/staff122/deepfake_project/outputs_deepfake_project/dfdc_subset_77_jpg/test/real/real_000980.jpg,0.0,0.0010007760720327497,0
/media/D1/ait_users/staff122/deepfake_project/outputs_deepfake_project/dfdc_subset_77_jpg/test/real/real_000981.jpg,0.0,0.002833282807841897,0
/media/D1/ait_users/staff122/deepfake_project/outputs_deepfake_project/dfdc_subset_77_jpg/test/real/real_000982.jpg,0.0,0.005524211563169956,0
/media/D1/ait_users/staff122/deepfake_project/outputs_deepfake_project/dfdc_subset_77_jpg/test/real/real_000983.jpg,0.0,0.0014848135178908706,0
/media/D1/ait_users/staff122/deepfake_project/outputs_deepfake_project/dfdc_subset_77_jpg/test/real/real_000984.jpg,0.0,0.034163281321525574,0
/media/D1/ait_users/staff122/deepfake_project/outputs_deepfake_project/dfdc_subset_77_jpg/test/real/real_000985.jpg,0.0,0.0031845716293901205,0
/media/D1/ait_users/staff122/deepfake_project/outputs_deepfake_project/dfdc_subset_77_jpg/test/real/real_000986.jpg,0.0,0.006256147287786007,0
/media/D1/ait_users/staff122/deepfake_project/outputs_deepfake_project/dfdc_subset_77_jpg/test/real/real_000987.jpg,0.0,0.001618754817172885,0
/media/D1/ait_users/staff122/deepfake_project/outputs_deepfake_project/dfdc_subset_77_jpg/test/real/real_000988.jpg,0.0,0.059931978583335876,0
/media/D1/ait_users/staff122/deepfake_project/outputs_deepfake_project/dfdc_subset_77_jpg/test/real/real_000989.jpg,0.0,0.00297815864905715,0
/media/D1/ait_users/staff122/deepfake_project/outputs_deepfake_project/dfdc_subset_77_jpg/test/real/real_000990.jpg,0.0,0.005550045520067215,0
/media/D1/ait_users/staff122/deepfake_project/outputs_deepfake_project/dfdc_subset_77_jpg/test/real/real_000991.jpg,0.0,0.001155372359789908,0
/media/D1/ait_users/staff122/deepfake_project/outputs_deepfake_project/dfdc_subset_77_jpg/test/real/real_000992.jpg,0.0,0.9587522745132446,1
/media/D1/ait_users/staff122/deepfake_project/outputs_deepfake_project/dfdc_subset_77_jpg/test/real/real_000993.jpg,0.0,0.9283432364463806,1
/media/D1/ait_users/staff122/deepfake_project/outputs_deepfake_project/dfdc_subset_77_jpg/test/real/real_000994.jpg,0.0,0.8994477987289429,1
/media/D1/ait_users/staff122/deepfake_project/outputs_deepfake_project/dfdc_subset_77_jpg/test/real/real_000995.jpg,0.0,0.9623051881790161,1
/media/D1/ait_users/staff122/deepfake_project/outputs_deepfake_project/dfdc_subset_77_jpg/test/real/real_000996.jpg,0.0,0.9660970568656921,1
/media/D1/ait_users/staff122/deepfake_project/outputs_deepfake_project/dfdc_subset_77_jpg/test/real/real_000997.jpg,0.0,0.9589893817901611,1
/media/D1/ait_users/staff122/deepfake_project/outputs_deepfake_project/dfdc_subset_77_jpg/test/real/real_000998.jpg,0.0,0.9544001221656799,1
/media/D1/ait_users/staff122/deepfake_project/outputs_deepfake_project/dfdc_subset_77_jpg/test/real/real_000999.jpg,0.0,0.9775952696800232,1
/media/D1/ait_users/staff122/deepfake_project/outputs_deepfake_project/dfdc_subset_77_jpg/test/real/real_001000.jpg,0.0,0.9341752529144287,1
/media/D1/ait_users/staff122/deepfake_project/outputs_deepfake_project/dfdc_subset_77_jpg/test/real/real_001001.jpg,0.0,0.9636387228965759,1
/media/D1/ait_users/staff122/deepfake_project/outputs_deepfake_project/dfdc_subset_77_jpg/test/real/real_001002.jpg,0.0,0.9455465078353882,1
/media/D1/ait_users/staff122/deepfake_project/outputs_deepfake_project/dfdc_subset_77_jpg/test/real/real_001003.jpg,0.0,0.9501452445983887,1
/media/D1/ait_users/staff122/deepfake_project/outputs_deepfake_project/dfdc_subset_77_jpg/test/real/real_001004.jpg,0.0,0.9802533388137817,1
/media/D1/ait_users/staff122/deepfake_project/outputs_deepfake_project/dfdc_subset_77_jpg/test/real/real_001005.jpg,0.0,0.9344611167907715,1
/media/D1/ait_users/staff122/deepfake_project/outputs_deepfake_project/dfdc_subset_77_jpg/test/real/real_001006.jpg,0.0,0.9244166612625122,1
/media/D1/ait_users/staff122/deepfake_project/outputs_deepfake_project/dfdc_subset_77_jpg/test/real/real_001007.jpg,0.0,0.9439905881881714,1
/media/D1/ait_users/staff122/deepfake_project/outputs_deepfake_project/dfdc_subset_77_jpg/test/real/real_001008.jpg,0.0,0.9467915296554565,1
/media/D1/ait_users/staff122/deepfake_project/outputs_deepfake_project/dfdc_subset_77_jpg/test/real/real_001009.jpg,0.0,0.7310065627098083,1
/media/D1/ait_users/staff122/deepfake_project/outputs_deepfake_project/dfdc_subset_77_jpg/test/real/real_001010.jpg,0.0,0.8426532745361328,1
/media/D1/ait_users/staff122/deepfake_project/outputs_deepfake_project/dfdc_subset_77_jpg/test/real/real_001011.jpg,0.0,0.9945560693740845,1
/media/D1/ait_users/staff122/deepfake_project/outputs_deepfake_project/dfdc_subset_77_jpg/test/real/real_001012.jpg,0.0,0.8707985281944275,1
/media/D1/ait_users/staff122/deepfake_project/outputs_deepfake_project/dfdc_subset_77_jpg/test/real/real_001013.jpg,0.0,0.9457838535308838,1
/media/D1/ait_users/staff122/deepfake_project/outputs_deepfake_project/dfdc_subset_77_jpg/test/real/real_001014.jpg,0.0,0.9979389309883118,1
/media/D1/ait_users/staff122/deepfake_project/outputs_deepfake_project/dfdc_subset_77_jpg/test/real/real_001015.jpg,0.0,0.9502188563346863,1
/media/D1/ait_users/staff122/deepfake_project/outputs_deepfake_project/dfdc_subset_77_jpg/test/real/real_001016.jpg,0.0,0.9889296889305115,1
/media/D1/ait_users/staff122/deepfake_project/outputs_deepfake_project/dfdc_subset_77_jpg/test/real/real_001017.jpg,0.0,0.9547146558761597,1
/media/D1/ait_users/staff122/deepfake_project/outputs_deepfake_project/dfdc_subset_77_jpg/test/real/real_001018.jpg,0.0,0.9374397397041321,1
/media/D1/ait_users/staff122/deepfake_project/outputs_deepfake_project/dfdc_subset_77_jpg/test/real/real_001019.jpg,0.0,0.9697914719581604,1
/media/D1/ait_users/staff122/deepfake_project/outputs_deepfake_project/dfdc_subset_77_jpg/test/real/real_001020.jpg,0.0,0.9888324737548828,1
/media/D1/ait_users/staff122/deepfake_project/outputs_deepfake_project/dfdc_subset_77_jpg/test/real/real_001021.jpg,0.0,0.9169312715530396,1
/media/D1/ait_users/staff122/deepfake_project/outputs_deepfake_project/dfdc_subset_77_jpg/test/real/real_001022.jpg,0.0,0.9481676816940308,1
/media/D1/ait_users/staff122/deepfake_project/outputs_deepfake_project/dfdc_subset_77_jpg/test/real/real_001023.jpg,0.0,0.9911908507347107,1
/media/D1/ait_users/staff122/deepfake_project/outputs_deepfake_project/dfdc_subset_77_jpg/test/real/real_001024.jpg,0.0,0.009102551266551018,0
/media/D1/ait_users/staff122/deepfake_project/outputs_deepfake_project/dfdc_subset_77_jpg/test/real/real_001025.jpg,0.0,0.00419988390058279,0
/media/D1/ait_users/staff122/deepfake_project/outputs_deepfake_project/dfdc_subset_77_jpg/test/real/real_001026.jpg,0.0,0.9944846034049988,1
/media/D1/ait_users/staff122/deepfake_project/outputs_deepfake_project/dfdc_subset_77_jpg/test/real/real_001027.jpg,0.0,0.002448257990181446,0
/media/D1/ait_users/staff122/deepfake_project/outputs_deepfake_project/dfdc_subset_77_jpg/test/real/real_001028.jpg,0.0,0.0021569097880274057,0
/media/D1/ait_users/staff122/deepfake_project/outputs_deepfake_project/dfdc_subset_77_jpg/test/real/real_001029.jpg,0.0,0.004615419544279575,0
/media/D1/ait_users/staff122/deepfake_project/outputs_deepfake_project/dfdc_subset_77_jpg/test/real/real_001030.jpg,0.0,0.01361999660730362,0
/media/D1/ait_users/staff122/deepfake_project/outputs_deepfake_project/dfdc_subset_77_jpg/test/real/real_001031.jpg,0.0,0.013110538013279438,0
/media/D1/ait_users/staff122/deepfake_project/outputs_deepfake_project/dfdc_subset_77_jpg/test/real/real_001032.jpg,0.0,0.01418233010917902,0
/media/D1/ait_users/staff122/deepfake_project/outputs_deepfake_project/dfdc_subset_77_jpg/test/real/real_001033.jpg,0.0,0.0010444963118061423,0
/media/D1/ait_users/staff122/deepfake_project/outputs_deepfake_project/dfdc_subset_77_jpg/test/real/real_001034.jpg,0.0,0.010503849014639854,0
/media/D1/ait_users/staff122/deepfake_project/outputs_deepfake_project/dfdc_subset_77_jpg/test/real/real_001035.jpg,0.0,0.029114773496985435,0
/media/D1/ait_users/staff122/deepfake_project/outputs_deepfake_project/dfdc_subset_77_jpg/test/real/real_001036.jpg,0.0,0.9952861666679382,1
/media/D1/ait_users/staff122/deepfake_project/outputs_deepfake_project/dfdc_subset_77_jpg/test/real/real_001037.jpg,0.0,0.003559691831469536,0
/media/D1/ait_users/staff122/deepfake_project/outputs_deepfake_project/dfdc_subset_77_jpg/test/real/real_001038.jpg,0.0,0.9950903654098511,1
/media/D1/ait_users/staff122/deepfake_project/outputs_deepfake_project/dfdc_subset_77_jpg/test/real/real_001039.jpg,0.0,0.009677466005086899,0
/media/D1/ait_users/staff122/deepfake_project/outputs_deepfake_project/dfdc_subset_77_jpg/test/real/real_001040.jpg,0.0,0.002576882252469659,0
/media/D1/ait_users/staff122/deepfake_project/outputs_deepfake_project/dfdc_subset_77_jpg/test/real/real_001041.jpg,0.0,0.011302830651402473,0
/media/D1/ait_users/staff122/deepfake_project/outputs_deepfake_project/dfdc_subset_77_jpg/test/real/real_001042.jpg,0.0,0.024367598816752434,0
/media/D1/ait_users/staff122/deepfake_project/outputs_deepfake_project/dfdc_subset_77_jpg/test/real/real_001043.jpg,0.0,0.004544756840914488,0
/media/D1/ait_users/staff122/deepfake_project/outputs_deepfake_project/dfdc_subset_77_jpg/test/real/real_001044.jpg,0.0,0.02162315510213375,0
/media/D1/ait_users/staff122/deepfake_project/outputs_deepfake_project/dfdc_subset_77_jpg/test/real/real_001045.jpg,0.0,0.0425453819334507,0
/media/D1/ait_users/staff122/deepfake_project/outputs_deepfake_project/dfdc_subset_77_jpg/test/real/real_001046.jpg,0.0,0.25400155782699585,0
/media/D1/ait_users/staff122/deepfake_project/outputs_deepfake_project/dfdc_subset_77_jpg/test/real/real_001047.jpg,0.0,0.014863147400319576,0
/media/D1/ait_users/staff122/deepfake_project/outputs_deepfake_project/dfdc_subset_77_jpg/test/real/real_001048.jpg,0.0,0.005748243071138859,0
/media/D1/ait_users/staff122/deepfake_project/outputs_deepfake_project/dfdc_subset_77_jpg/test/real/real_001049.jpg,0.0,0.006572055630385876,0
/media/D1/ait_users/staff122/deepfake_project/outputs_deepfake_project/dfdc_subset_77_jpg/test/real/real_001050.jpg,0.0,0.9951285123825073,1
/media/D1/ait_users/staff122/deepfake_project/outputs_deepfake_project/dfdc_subset_77_jpg/test/real/real_001051.jpg,0.0,0.11381398886442184,0
/media/D1/ait_users/staff122/deepfake_project/outputs_deepfake_project/dfdc_subset_77_jpg/test/real/real_001052.jpg,0.0,0.3225775361061096,0
/media/D1/ait_users/staff122/deepfake_project/outputs_deepfake_project/dfdc_subset_77_jpg/test/real/real_001053.jpg,0.0,0.011716833338141441,0
/media/D1/ait_users/staff122/deepfake_project/outputs_deepfake_project/dfdc_subset_77_jpg/test/real/real_001054.jpg,0.0,0.04955273121595383,0
/media/D1/ait_users/staff122/deepfake_project/outputs_deepfake_project/dfdc_subset_77_jpg/test/real/real_001055.jpg,0.0,0.0015769446035847068,0
/media/D1/ait_users/staff122/deepfake_project/outputs_deepfake_project/dfdc_subset_77_jpg/test/real/real_001056.jpg,0.0,0.9707022309303284,1
/media/D1/ait_users/staff122/deepfake_project/outputs_deepfake_project/dfdc_subset_77_jpg/test/real/real_001057.jpg,0.0,0.987023115158081,1
/media/D1/ait_users/staff122/deepfake_project/outputs_deepfake_project/dfdc_subset_77_jpg/test/real/real_001058.jpg,0.0,0.9183617234230042,1
/media/D1/ait_users/staff122/deepfake_project/outputs_deepfake_project/dfdc_subset_77_jpg/test/real/real_001059.jpg,0.0,0.9993354678153992,1
/media/D1/ait_users/staff122/deepfake_project/outputs_deepfake_project/dfdc_subset_77_jpg/test/real/real_001060.jpg,0.0,0.9690572023391724,1
/media/D1/ait_users/staff122/deepfake_project/outputs_deepfake_project/dfdc_subset_77_jpg/test/real/real_001061.jpg,0.0,0.9723097085952759,1
/media/D1/ait_users/staff122/deepfake_project/outputs_deepfake_project/dfdc_subset_77_jpg/test/real/real_001062.jpg,0.0,0.9973568916320801,1
/media/D1/ait_users/staff122/deepfake_project/outputs_deepfake_project/dfdc_subset_77_jpg/test/real/real_001063.jpg,0.0,0.9614782333374023,1
/media/D1/ait_users/staff122/deepfake_project/outputs_deepfake_project/dfdc_subset_77_jpg/test/real/real_001064.jpg,0.0,0.9773476123809814,1
/media/D1/ait_users/staff122/deepfake_project/outputs_deepfake_project/dfdc_subset_77_jpg/test/real/real_001065.jpg,0.0,0.9906902313232422,1
/media/D1/ait_users/staff122/deepfake_project/outputs_deepfake_project/dfdc_subset_77_jpg/test/real/real_001066.jpg,0.0,0.9374629855155945,1
/media/D1/ait_users/staff122/deepfake_project/outputs_deepfake_project/dfdc_subset_77_jpg/test/real/real_001067.jpg,0.0,0.9943631887435913,1
/media/D1/ait_users/staff122/deepfake_project/outputs_deepfake_project/dfdc_subset_77_jpg/test/real/real_001068.jpg,0.0,0.9958444237709045,1
/media/D1/ait_users/staff122/deepfake_project/outputs_deepfake_project/dfdc_subset_77_jpg/test/real/real_001069.jpg,0.0,0.9709195494651794,1
/media/D1/ait_users/staff122/deepfake_project/outputs_deepfake_project/dfdc_subset_77_jpg/test/real/real_001070.jpg,0.0,0.94287109375,1
/media/D1/ait_users/staff122/deepfake_project/outputs_deepfake_project/dfdc_subset_77_jpg/test/real/real_001071.jpg,0.0,0.9847566485404968,1
/media/D1/ait_users/staff122/deepfake_project/outputs_deepfake_project/dfdc_subset_77_jpg/test/real/real_001072.jpg,0.0,0.98493492603302,1
/media/D1/ait_users/staff122/deepfake_project/outputs_deepfake_project/dfdc_subset_77_jpg/test/real/real_001073.jpg,0.0,0.939249575138092,1
/media/D1/ait_users/staff122/deepfake_project/outputs_deepfake_project/dfdc_subset_77_jpg/test/real/real_001074.jpg,0.0,0.9851991534233093,1
/media/D1/ait_users/staff122/deepfake_project/outputs_deepfake_project/dfdc_subset_77_jpg/test/real/real_001075.jpg,0.0,0.9404393434524536,1
/media/D1/ait_users/staff122/deepfake_project/outputs_deepfake_project/dfdc_subset_77_jpg/test/real/real_001076.jpg,0.0,0.9098463654518127,1
/media/D1/ait_users/staff122/deepfake_project/outputs_deepfake_project/dfdc_subset_77_jpg/test/real/real_001077.jpg,0.0,0.9416950345039368,1
/media/D1/ait_users/staff122/deepfake_project/outputs_deepfake_project/dfdc_subset_77_jpg/test/real/real_001078.jpg,0.0,0.9034969806671143,1
/media/D1/ait_users/staff122/deepfake_project/outputs_deepfake_project/dfdc_subset_77_jpg/test/real/real_001079.jpg,0.0,0.9691162109375,1
/media/D1/ait_users/staff122/deepfake_project/outputs_deepfake_project/dfdc_subset_77_jpg/test/real/real_001080.jpg,0.0,0.9550688862800598,1
/media/D1/ait_users/staff122/deepfake_project/outputs_deepfake_project/dfdc_subset_77_jpg/test/real/real_001081.jpg,0.0,0.9625276923179626,1
/media/D1/ait_users/staff122/deepfake_project/outputs_deepfake_project/dfdc_subset_77_jpg/test/real/real_001082.jpg,0.0,0.9496592283248901,1
/media/D1/ait_users/staff122/deepfake_project/outputs_deepfake_project/dfdc_subset_77_jpg/test/real/real_001083.jpg,0.0,0.9644723534584045,1
/media/D1/ait_users/staff122/deepfake_project/outputs_deepfake_project/dfdc_subset_77_jpg/test/real/real_001084.jpg,0.0,0.9772432446479797,1
/media/D1/ait_users/staff122/deepfake_project/outputs_deepfake_project/dfdc_subset_77_jpg/test/real/real_001085.jpg,0.0,0.904951274394989,1
/media/D1/ait_users/staff122/deepfake_project/outputs_deepfake_project/dfdc_subset_77_jpg/test/real/real_001086.jpg,0.0,0.9706705808639526,1
/media/D1/ait_users/staff122/deepfake_project/outputs_deepfake_project/dfdc_subset_77_jpg/test/real/real_001087.jpg,0.0,0.9765327572822571,1
/media/D1/ait_users/staff122/deepfake_project/outputs_deepfake_project/dfdc_subset_77_jpg/test/real/real_001088.jpg,0.0,0.9998449087142944,1
/media/D1/ait_users/staff122/deepfake_project/outputs_deepfake_project/dfdc_subset_77_jpg/test/real/real_001089.jpg,0.0,0.004685705993324518,0
/media/D1/ait_users/staff122/deepfake_project/outputs_deepfake_project/dfdc_subset_77_jpg/test/real/real_001090.jpg,0.0,0.9944644570350647,1
/media/D1/ait_users/staff122/deepfake_project/outputs_deepfake_project/dfdc_subset_77_jpg/test/real/real_001091.jpg,0.0,0.0040111178532242775,0
/media/D1/ait_users/staff122/deepfake_project/outputs_deepfake_project/dfdc_subset_77_jpg/test/real/real_001092.jpg,0.0,0.9948287606239319,1
/media/D1/ait_users/staff122/deepfake_project/outputs_deepfake_project/dfdc_subset_77_jpg/test/real/real_001093.jpg,0.0,0.0004712055961135775,0
/media/D1/ait_users/staff122/deepfake_project/outputs_deepfake_project/dfdc_subset_77_jpg/test/real/real_001094.jpg,0.0,0.0026854427997022867,0
/media/D1/ait_users/staff122/deepfake_project/outputs_deepfake_project/dfdc_subset_77_jpg/test/real/real_001095.jpg,0.0,0.06257577240467072,0
/media/D1/ait_users/staff122/deepfake_project/outputs_deepfake_project/dfdc_subset_77_jpg/test/real/real_001096.jpg,0.0,0.9810061454772949,1
/media/D1/ait_users/staff122/deepfake_project/outputs_deepfake_project/dfdc_subset_77_jpg/test/real/real_001097.jpg,0.0,0.9898356795310974,1
/media/D1/ait_users/staff122/deepfake_project/outputs_deepfake_project/dfdc_subset_77_jpg/test/real/real_001098.jpg,0.0,0.004228235222399235,0
/media/D1/ait_users/staff122/deepfake_project/outputs_deepfake_project/dfdc_subset_77_jpg/test/real/real_001099.jpg,0.0,0.04373924061655998,0
/media/D1/ait_users/staff122/deepfake_project/outputs_deepfake_project/dfdc_subset_77_jpg/test/real/real_001100.jpg,0.0,0.00047726184129714966,0
/media/D1/ait_users/staff122/deepfake_project/outputs_deepfake_project/dfdc_subset_77_jpg/test/real/real_001101.jpg,0.0,0.0010836641304194927,0
/media/D1/ait_users/staff122/deepfake_project/outputs_deepfake_project/dfdc_subset_77_jpg/test/real/real_001102.jpg,0.0,0.05562783032655716,0
/media/D1/ait_users/staff122/deepfake_project/outputs_deepfake_project/dfdc_subset_77_jpg/test/real/real_001103.jpg,0.0,0.02426428161561489,0
/media/D1/ait_users/staff122/deepfake_project/outputs_deepfake_project/dfdc_subset_77_jpg/test/real/real_001104.jpg,0.0,0.22913843393325806,0
/media/D1/ait_users/staff122/deepfake_project/outputs_deepfake_project/dfdc_subset_77_jpg/test/real/real_001105.jpg,0.0,0.0016654887003824115,0
/media/D1/ait_users/staff122/deepfake_project/outputs_deepfake_project/dfdc_subset_77_jpg/test/real/real_001106.jpg,0.0,0.0010430719703435898,0
/media/D1/ait_users/staff122/deepfake_project/outputs_deepfake_project/dfdc_subset_77_jpg/test/real/real_001107.jpg,0.0,0.0011294144205749035,0
/media/D1/ait_users/staff122/deepfake_project/outputs_deepfake_project/dfdc_subset_77_jpg/test/real/real_001108.jpg,0.0,0.00628577871248126,0
/media/D1/ait_users/staff122/deepfake_project/outputs_deepfake_project/dfdc_subset_77_jpg/test/real/real_001109.jpg,0.0,0.02706807292997837,0
/media/D1/ait_users/staff122/deepfake_project/outputs_deepfake_project/dfdc_subset_77_jpg/test/real/real_001110.jpg,0.0,0.04636911675333977,0
/media/D1/ait_users/staff122/deepfake_project/outputs_deepfake_project/dfdc_subset_77_jpg/test/real/real_001111.jpg,0.0,0.9995481371879578,1
/media/D1/ait_users/staff122/deepfake_project/outputs_deepfake_project/dfdc_subset_77_jpg/test/real/real_001112.jpg,0.0,0.007811740972101688,0
/media/D1/ait_users/staff122/deepfake_project/outputs_deepfake_project/dfdc_subset_77_jpg/test/real/real_001113.jpg,0.0,0.4015711545944214,0
/media/D1/ait_users/staff122/deepfake_project/outputs_deepfake_project/dfdc_subset_77_jpg/test/real/real_001114.jpg,0.0,0.990955650806427,1
/media/D1/ait_users/staff122/deepfake_project/outputs_deepfake_project/dfdc_subset_77_jpg/test/real/real_001115.jpg,0.0,0.9865661263465881,1
/media/D1/ait_users/staff122/deepfake_project/outputs_deepfake_project/dfdc_subset_77_jpg/test/real/real_001116.jpg,0.0,0.9997429251670837,1
/media/D1/ait_users/staff122/deepfake_project/outputs_deepfake_project/dfdc_subset_77_jpg/test/real/real_001117.jpg,0.0,0.9175546169281006,1
/media/D1/ait_users/staff122/deepfake_project/outputs_deepfake_project/dfdc_subset_77_jpg/test/real/real_001118.jpg,0.0,0.5693747401237488,1
/media/D1/ait_users/staff122/deepfake_project/outputs_deepfake_project/dfdc_subset_77_jpg/test/real/real_001119.jpg,0.0,0.9991095662117004,1
/media/D1/ait_users/staff122/deepfake_project/outputs_deepfake_project/dfdc_subset_77_jpg/test/real/real_001120.jpg,0.0,0.0010757539421319962,0
/media/D1/ait_users/staff122/deepfake_project/outputs_deepfake_project/dfdc_subset_77_jpg/test/real/real_001121.jpg,0.0,0.0007902676588855684,0
/media/D1/ait_users/staff122/deepfake_project/outputs_deepfake_project/dfdc_subset_77_jpg/test/real/real_001122.jpg,0.0,0.0038286224007606506,0
/media/D1/ait_users/staff122/deepfake_project/outputs_deepfake_project/dfdc_subset_77_jpg/test/real/real_001123.jpg,0.0,0.003040617797523737,0
/media/D1/ait_users/staff122/deepfake_project/outputs_deepfake_project/dfdc_subset_77_jpg/test/real/real_001124.jpg,0.0,0.0006313009071163833,0
/media/D1/ait_users/staff122/deepfake_project/outputs_deepfake_project/dfdc_subset_77_jpg/test/real/real_001125.jpg,0.0,0.0014101582346484065,0
/media/D1/ait_users/staff122/deepfake_project/outputs_deepfake_project/dfdc_subset_77_jpg/test/real/real_001126.jpg,0.0,0.0031664182897657156,0
/media/D1/ait_users/staff122/deepfake_project/outputs_deepfake_project/dfdc_subset_77_jpg/test/real/real_001127.jpg,0.0,0.002295055892318487,0
/media/D1/ait_users/staff122/deepfake_project/outputs_deepfake_project/dfdc_subset_77_jpg/test/real/real_001128.jpg,0.0,0.0005293064168654382,0
/media/D1/ait_users/staff122/deepfake_project/outputs_deepfake_project/dfdc_subset_77_jpg/test/real/real_001129.jpg,0.0,0.000681294419337064,0
/media/D1/ait_users/staff122/deepfake_project/outputs_deepfake_project/dfdc_subset_77_jpg/test/real/real_001130.jpg,0.0,0.0015282073291018605,0
/media/D1/ait_users/staff122/deepfake_project/outputs_deepfake_project/dfdc_subset_77_jpg/test/real/real_001131.jpg,0.0,0.0015812809579074383,0
/media/D1/ait_users/staff122/deepfake_project/outputs_deepfake_project/dfdc_subset_77_jpg/test/real/real_001132.jpg,0.0,0.0013636668445542455,0
/media/D1/ait_users/staff122/deepfake_project/outputs_deepfake_project/dfdc_subset_77_jpg/test/real/real_001133.jpg,0.0,0.0005554407252930105,0
/media/D1/ait_users/staff122/deepfake_project/outputs_deepfake_project/dfdc_subset_77_jpg/test/real/real_001134.jpg,0.0,0.0004711411602329463,0
/media/D1/ait_users/staff122/deepfake_project/outputs_deepfake_project/dfdc_subset_77_jpg/test/real/real_001135.jpg,0.0,0.0009512953693047166,0
/media/D1/ait_users/staff122/deepfake_project/outputs_deepfake_project/dfdc_subset_77_jpg/test/real/real_001136.jpg,0.0,0.0006190873682498932,0
/media/D1/ait_users/staff122/deepfake_project/outputs_deepfake_project/dfdc_subset_77_jpg/test/real/real_001137.jpg,0.0,0.0011627698550000787,0
/media/D1/ait_users/staff122/deepfake_project/outputs_deepfake_project/dfdc_subset_77_jpg/test/real/real_001138.jpg,0.0,0.0014448713045567274,0
/media/D1/ait_users/staff122/deepfake_project/outputs_deepfake_project/dfdc_subset_77_jpg/test/real/real_001139.jpg,0.0,0.0025578299537301064,0
/media/D1/ait_users/staff122/deepfake_project/outputs_deepfake_project/dfdc_subset_77_jpg/test/real/real_001140.jpg,0.0,0.000730062136426568,0
/media/D1/ait_users/staff122/deepfake_project/outputs_deepfake_project/dfdc_subset_77_jpg/test/real/real_001141.jpg,0.0,0.0017331624403595924,0
/media/D1/ait_users/staff122/deepfake_project/outputs_deepfake_project/dfdc_subset_77_jpg/test/real/real_001142.jpg,0.0,0.00045891726040281355,0
/media/D1/ait_users/staff122/deepfake_project/outputs_deepfake_project/dfdc_subset_77_jpg/test/real/real_001143.jpg,0.0,0.0020069326274096966,0
/media/D1/ait_users/staff122/deepfake_project/outputs_deepfake_project/dfdc_subset_77_jpg/test/real/real_001144.jpg,0.0,0.0019884402863681316,0
/media/D1/ait_users/staff122/deepfake_project/outputs_deepfake_project/dfdc_subset_77_jpg/test/real/real_001145.jpg,0.0,0.0038103614933788776,0
/media/D1/ait_users/staff122/deepfake_project/outputs_deepfake_project/dfdc_subset_77_jpg/test/real/real_001146.jpg,0.0,0.0027097021229565144,0
/media/D1/ait_users/staff122/deepfake_project/outputs_deepfake_project/dfdc_subset_77_jpg/test/real/real_001147.jpg,0.0,0.001372921047732234,0
/media/D1/ait_users/staff122/deepfake_project/outputs_deepfake_project/dfdc_subset_77_jpg/test/real/real_001148.jpg,0.0,0.0015666987746953964,0
/media/D1/ait_users/staff122/deepfake_project/outputs_deepfake_project/dfdc_subset_77_jpg/test/real/real_001149.jpg,0.0,0.0010866542579606175,0
/media/D1/ait_users/staff122/deepfake_project/outputs_deepfake_project/dfdc_subset_77_jpg/test/real/real_001150.jpg,0.0,0.00040003503090701997,0
/media/D1/ait_users/staff122/deepfake_project/outputs_deepfake_project/dfdc_subset_77_jpg/test/real/real_001151.jpg,0.0,0.000526182062458247,0
/media/D1/ait_users/staff122/deepfake_project/outputs_deepfake_project/dfdc_subset_77_jpg/test/real/real_001152.jpg,0.0,0.999212384223938,1
/media/D1/ait_users/staff122/deepfake_project/outputs_deepfake_project/dfdc_subset_77_jpg/test/real/real_001153.jpg,0.0,0.995640754699707,1
/media/D1/ait_users/staff122/deepfake_project/outputs_deepfake_project/dfdc_subset_77_jpg/test/real/real_001154.jpg,0.0,0.9777546525001526,1
/media/D1/ait_users/staff122/deepfake_project/outputs_deepfake_project/dfdc_subset_77_jpg/test/real/real_001155.jpg,0.0,0.9698208570480347,1
/media/D1/ait_users/staff122/deepfake_project/outputs_deepfake_project/dfdc_subset_77_jpg/test/real/real_001156.jpg,0.0,0.9933817386627197,1
/media/D1/ait_users/staff122/deepfake_project/outputs_deepfake_project/dfdc_subset_77_jpg/test/real/real_001157.jpg,0.0,0.9895849823951721,1
/media/D1/ait_users/staff122/deepfake_project/outputs_deepfake_project/dfdc_subset_77_jpg/test/real/real_001158.jpg,0.0,0.9753634929656982,1
/media/D1/ait_users/staff122/deepfake_project/outputs_deepfake_project/dfdc_subset_77_jpg/test/real/real_001159.jpg,0.0,0.9947793483734131,1
/media/D1/ait_users/staff122/deepfake_project/outputs_deepfake_project/dfdc_subset_77_jpg/test/real/real_001160.jpg,0.0,0.999077558517456,1
/media/D1/ait_users/staff122/deepfake_project/outputs_deepfake_project/dfdc_subset_77_jpg/test/real/real_001161.jpg,0.0,0.8790267705917358,1
/media/D1/ait_users/staff122/deepfake_project/outputs_deepfake_project/dfdc_subset_77_jpg/test/real/real_001162.jpg,0.0,0.8006627559661865,1
/media/D1/ait_users/staff122/deepfake_project/outputs_deepfake_project/dfdc_subset_77_jpg/test/real/real_001163.jpg,0.0,0.9967620372772217,1
/media/D1/ait_users/staff122/deepfake_project/outputs_deepfake_project/dfdc_subset_77_jpg/test/real/real_001164.jpg,0.0,0.993403971195221,1
/media/D1/ait_users/staff122/deepfake_project/outputs_deepfake_project/dfdc_subset_77_jpg/test/real/real_001165.jpg,0.0,0.9953719973564148,1
/media/D1/ait_users/staff122/deepfake_project/outputs_deepfake_project/dfdc_subset_77_jpg/test/real/real_001166.jpg,0.0,0.9842337965965271,1
/media/D1/ait_users/staff122/deepfake_project/outputs_deepfake_project/dfdc_subset_77_jpg/test/real/real_001167.jpg,0.0,0.9978652596473694,1
/media/D1/ait_users/staff122/deepfake_project/outputs_deepfake_project/dfdc_subset_77_jpg/test/real/real_001168.jpg,0.0,0.7177342176437378,1
/media/D1/ait_users/staff122/deepfake_project/outputs_deepfake_project/dfdc_subset_77_jpg/test/real/real_001169.jpg,0.0,0.9994383454322815,1
/media/D1/ait_users/staff122/deepfake_project/outputs_deepfake_project/dfdc_subset_77_jpg/test/real/real_001170.jpg,0.0,0.9856889247894287,1
/media/D1/ait_users/staff122/deepfake_project/outputs_deepfake_project/dfdc_subset_77_jpg/test/real/real_001171.jpg,0.0,0.7050848603248596,1
/media/D1/ait_users/staff122/deepfake_project/outputs_deepfake_project/dfdc_subset_77_jpg/test/real/real_001172.jpg,0.0,0.7583510875701904,1
/media/D1/ait_users/staff122/deepfake_project/outputs_deepfake_project/dfdc_subset_77_jpg/test/real/real_001173.jpg,0.0,0.8752008676528931,1
/media/D1/ait_users/staff122/deepfake_project/outputs_deepfake_project/dfdc_subset_77_jpg/test/real/real_001174.jpg,0.0,0.8690833449363708,1
/media/D1/ait_users/staff122/deepfake_project/outputs_deepfake_project/dfdc_subset_77_jpg/test/real/real_001175.jpg,0.0,0.8616237640380859,1
/media/D1/ait_users/staff122/deepfake_project/outputs_deepfake_project/dfdc_subset_77_jpg/test/real/real_001176.jpg,0.0,0.8510347008705139,1
/media/D1/ait_users/staff122/deepfake_project/outputs_deepfake_project/dfdc_subset_77_jpg/test/real/real_001177.jpg,0.0,0.9637264013290405,1
/media/D1/ait_users/staff122/deepfake_project/outputs_deepfake_project/dfdc_subset_77_jpg/test/real/real_001178.jpg,0.0,0.984451413154602,1
/media/D1/ait_users/staff122/deepfake_project/outputs_deepfake_project/dfdc_subset_77_jpg/test/real/real_001179.jpg,0.0,0.9421845078468323,1
/media/D1/ait_users/staff122/deepfake_project/outputs_deepfake_project/dfdc_subset_77_jpg/test/real/real_001180.jpg,0.0,0.8375359177589417,1
/media/D1/ait_users/staff122/deepfake_project/outputs_deepfake_project/dfdc_subset_77_jpg/test/real/real_001181.jpg,0.0,0.9719107151031494,1
/media/D1/ait_users/staff122/deepfake_project/outputs_deepfake_project/dfdc_subset_77_jpg/test/real/real_001182.jpg,0.0,0.9720529317855835,1
/media/D1/ait_users/staff122/deepfake_project/outputs_deepfake_project/dfdc_subset_77_jpg/test/real/real_001183.jpg,0.0,0.6382749676704407,1
/media/D1/ait_users/staff122/deepfake_project/outputs_deepfake_project/dfdc_subset_77_jpg/test/real/real_001184.jpg,0.0,0.0064202407374978065,0
/media/D1/ait_users/staff122/deepfake_project/outputs_deepfake_project/dfdc_subset_77_jpg/test/real/real_001185.jpg,0.0,0.058430109173059464,0
/media/D1/ait_users/staff122/deepfake_project/outputs_deepfake_project/dfdc_subset_77_jpg/test/real/real_001186.jpg,0.0,0.01550341583788395,0
/media/D1/ait_users/staff122/deepfake_project/outputs_deepfake_project/dfdc_subset_77_jpg/test/real/real_001187.jpg,0.0,0.0036757958587259054,0
/media/D1/ait_users/staff122/deepfake_project/outputs_deepfake_project/dfdc_subset_77_jpg/test/real/real_001188.jpg,0.0,0.008270209655165672,0
/media/D1/ait_users/staff122/deepfake_project/outputs_deepfake_project/dfdc_subset_77_jpg/test/real/real_001189.jpg,0.0,0.04624079167842865,0
/media/D1/ait_users/staff122/deepfake_project/outputs_deepfake_project/dfdc_subset_77_jpg/test/real/real_001190.jpg,0.0,0.13962997496128082,0
/media/D1/ait_users/staff122/deepfake_project/outputs_deepfake_project/dfdc_subset_77_jpg/test/real/real_001191.jpg,0.0,0.045506034046411514,0
/media/D1/ait_users/staff122/deepfake_project/outputs_deepfake_project/dfdc_subset_77_jpg/test/real/real_001192.jpg,0.0,0.09334497898817062,0
/media/D1/ait_users/staff122/deepfake_project/outputs_deepfake_project/dfdc_subset_77_jpg/test/real/real_001193.jpg,0.0,0.02809494361281395,0
/media/D1/ait_users/staff122/deepfake_project/outputs_deepfake_project/dfdc_subset_77_jpg/test/real/real_001194.jpg,0.0,0.024735363200306892,0
/media/D1/ait_users/staff122/deepfake_project/outputs_deepfake_project/dfdc_subset_77_jpg/test/real/real_001195.jpg,0.0,0.22515548765659332,0
/media/D1/ait_users/staff122/deepfake_project/outputs_deepfake_project/dfdc_subset_77_jpg/test/real/real_001196.jpg,0.0,0.010424568317830563,0
/media/D1/ait_users/staff122/deepfake_project/outputs_deepfake_project/dfdc_subset_77_jpg/test/real/real_001197.jpg,0.0,0.011201049201190472,0
/media/D1/ait_users/staff122/deepfake_project/outputs_deepfake_project/dfdc_subset_77_jpg/test/real/real_001198.jpg,0.0,0.004602008033543825,0
/media/D1/ait_users/staff122/deepfake_project/outputs_deepfake_project/dfdc_subset_77_jpg/test/real/real_001199.jpg,0.0,0.009499279782176018,0
/media/D1/ait_users/staff122/deepfake_project/outputs_deepfake_project/dfdc_subset_77_jpg/test/real/real_001200.jpg,0.0,0.006839578505605459,0
/media/D1/ait_users/staff122/deepfake_project/outputs_deepfake_project/dfdc_subset_77_jpg/test/real/real_001201.jpg,0.0,0.06363674253225327,0
/media/D1/ait_users/staff122/deepfake_project/outputs_deepfake_project/dfdc_subset_77_jpg/test/real/real_001202.jpg,0.0,0.9121822714805603,1
/media/D1/ait_users/staff122/deepfake_project/outputs_deepfake_project/dfdc_subset_77_jpg/test/real/real_001203.jpg,0.0,0.35332950949668884,0
/media/D1/ait_users/staff122/deepfake_project/outputs_deepfake_project/dfdc_subset_77_jpg/test/real/real_001204.jpg,0.0,0.1040056049823761,0
/media/D1/ait_users/staff122/deepfake_project/outputs_deepfake_project/dfdc_subset_77_jpg/test/real/real_001205.jpg,0.0,0.152215376496315,0
/media/D1/ait_users/staff122/deepfake_project/outputs_deepfake_project/dfdc_subset_77_jpg/test/real/real_001206.jpg,0.0,0.32014140486717224,0
/media/D1/ait_users/staff122/deepfake_project/outputs_deepfake_project/dfdc_subset_77_jpg/test/real/real_001207.jpg,0.0,0.07145457714796066,0
/media/D1/ait_users/staff122/deepfake_project/outputs_deepfake_project/dfdc_subset_77_jpg/test/real/real_001208.jpg,0.0,0.01712668500840664,0
/media/D1/ait_users/staff122/deepfake_project/outputs_deepfake_project/dfdc_subset_77_jpg/test/real/real_001209.jpg,0.0,0.012488681823015213,0
/media/D1/ait_users/staff122/deepfake_project/outputs_deepfake_project/dfdc_subset_77_jpg/test/real/real_001210.jpg,0.0,0.003960770554840565,0
/media/D1/ait_users/staff122/deepfake_project/outputs_deepfake_project/dfdc_subset_77_jpg/test/real/real_001211.jpg,0.0,0.19020743668079376,0
/media/D1/ait_users/staff122/deepfake_project/outputs_deepfake_project/dfdc_subset_77_jpg/test/real/real_001212.jpg,0.0,0.9982833862304688,1
/media/D1/ait_users/staff122/deepfake_project/outputs_deepfake_project/dfdc_subset_77_jpg/test/real/real_001213.jpg,0.0,0.31412652134895325,0
/media/D1/ait_users/staff122/deepfake_project/outputs_deepfake_project/dfdc_subset_77_jpg/test/real/real_001214.jpg,0.0,0.47162961959838867,0
/media/D1/ait_users/staff122/deepfake_project/outputs_deepfake_project/dfdc_subset_77_jpg/test/real/real_001215.jpg,0.0,0.9973166584968567,1
/media/D1/ait_users/staff122/deepfake_project/outputs_deepfake_project/dfdc_subset_77_jpg/test/real/real_001216.jpg,0.0,0.2847830057144165,0
/media/D1/ait_users/staff122/deepfake_project/outputs_deepfake_project/dfdc_subset_77_jpg/test/real/real_001217.jpg,0.0,0.8032971620559692,1
/media/D1/ait_users/staff122/deepfake_project/outputs_deepfake_project/dfdc_subset_77_jpg/test/real/real_001218.jpg,0.0,0.8453728556632996,1
/media/D1/ait_users/staff122/deepfake_project/outputs_deepfake_project/dfdc_subset_77_jpg/test/real/real_001219.jpg,0.0,0.7939276695251465,1
/media/D1/ait_users/staff122/deepfake_project/outputs_deepfake_project/dfdc_subset_77_jpg/test/real/real_001220.jpg,0.0,0.3850783407688141,0
/media/D1/ait_users/staff122/deepfake_project/outputs_deepfake_project/dfdc_subset_77_jpg/test/real/real_001221.jpg,0.0,0.44494250416755676,0
/media/D1/ait_users/staff122/deepfake_project/outputs_deepfake_project/dfdc_subset_77_jpg/test/real/real_001222.jpg,0.0,0.6351965665817261,1
/media/D1/ait_users/staff122/deepfake_project/outputs_deepfake_project/dfdc_subset_77_jpg/test/real/real_001223.jpg,0.0,0.4219292402267456,0
/media/D1/ait_users/staff122/deepfake_project/outputs_deepfake_project/dfdc_subset_77_jpg/test/real/real_001224.jpg,0.0,0.28050854802131653,0
/media/D1/ait_users/staff122/deepfake_project/outputs_deepfake_project/dfdc_subset_77_jpg/test/real/real_001225.jpg,0.0,0.48174962401390076,0
/media/D1/ait_users/staff122/deepfake_project/outputs_deepfake_project/dfdc_subset_77_jpg/test/real/real_001226.jpg,0.0,0.30328306555747986,0
/media/D1/ait_users/staff122/deepfake_project/outputs_deepfake_project/dfdc_subset_77_jpg/test/real/real_001227.jpg,0.0,0.5233566761016846,1
/media/D1/ait_users/staff122/deepfake_project/outputs_deepfake_project/dfdc_subset_77_jpg/test/real/real_001228.jpg,0.0,0.5088639259338379,1
/media/D1/ait_users/staff122/deepfake_project/outputs_deepfake_project/dfdc_subset_77_jpg/test/real/real_001229.jpg,0.0,0.5808828473091125,1
/media/D1/ait_users/staff122/deepfake_project/outputs_deepfake_project/dfdc_subset_77_jpg/test/real/real_001230.jpg,0.0,0.3701480031013489,0
/media/D1/ait_users/staff122/deepfake_project/outputs_deepfake_project/dfdc_subset_77_jpg/test/real/real_001231.jpg,0.0,0.25558969378471375,0
/media/D1/ait_users/staff122/deepfake_project/outputs_deepfake_project/dfdc_subset_77_jpg/test/real/real_001232.jpg,0.0,0.7365280985832214,1
/media/D1/ait_users/staff122/deepfake_project/outputs_deepfake_project/dfdc_subset_77_jpg/test/real/real_001233.jpg,0.0,0.054538410156965256,0
/media/D1/ait_users/staff122/deepfake_project/outputs_deepfake_project/dfdc_subset_77_jpg/test/real/real_001234.jpg,0.0,0.03050132468342781,0
/media/D1/ait_users/staff122/deepfake_project/outputs_deepfake_project/dfdc_subset_77_jpg/test/real/real_001235.jpg,0.0,0.46182262897491455,0
/media/D1/ait_users/staff122/deepfake_project/outputs_deepfake_project/dfdc_subset_77_jpg/test/real/real_001236.jpg,0.0,0.6075252890586853,1
/media/D1/ait_users/staff122/deepfake_project/outputs_deepfake_project/dfdc_subset_77_jpg/test/real/real_001237.jpg,0.0,0.36899569630622864,0
/media/D1/ait_users/staff122/deepfake_project/outputs_deepfake_project/dfdc_subset_77_jpg/test/real/real_001238.jpg,0.0,0.9282810091972351,1
/media/D1/ait_users/staff122/deepfake_project/outputs_deepfake_project/dfdc_subset_77_jpg/test/real/real_001239.jpg,0.0,0.9082470536231995,1
/media/D1/ait_users/staff122/deepfake_project/outputs_deepfake_project/dfdc_subset_77_jpg/test/real/real_001240.jpg,0.0,0.9912362098693848,1
/media/D1/ait_users/staff122/deepfake_project/outputs_deepfake_project/dfdc_subset_77_jpg/test/real/real_001241.jpg,0.0,0.8010239005088806,1
/media/D1/ait_users/staff122/deepfake_project/outputs_deepfake_project/dfdc_subset_77_jpg/test/real/real_001242.jpg,0.0,0.6337946057319641,1
/media/D1/ait_users/staff122/deepfake_project/outputs_deepfake_project/dfdc_subset_77_jpg/test/real/real_001243.jpg,0.0,0.8505461812019348,1
/media/D1/ait_users/staff122/deepfake_project/outputs_deepfake_project/dfdc_subset_77_jpg/test/real/real_001244.jpg,0.0,0.027719056233763695,0
/media/D1/ait_users/staff122/deepfake_project/outputs_deepfake_project/dfdc_subset_77_jpg/test/real/real_001245.jpg,0.0,0.012050498276948929,0
/media/D1/ait_users/staff122/deepfake_project/outputs_deepfake_project/dfdc_subset_77_jpg/test/real/real_001246.jpg,0.0,0.10159323364496231,0
/media/D1/ait_users/staff122/deepfake_project/outputs_deepfake_project/dfdc_subset_77_jpg/test/real/real_001247.jpg,0.0,0.18526169657707214,0
/media/D1/ait_users/staff122/deepfake_project/outputs_deepfake_project/dfdc_subset_77_jpg/test/real/real_001248.jpg,0.0,0.9774079918861389,1
/media/D1/ait_users/staff122/deepfake_project/outputs_deepfake_project/dfdc_subset_77_jpg/test/real/real_001249.jpg,0.0,0.9935548901557922,1
/media/D1/ait_users/staff122/deepfake_project/outputs_deepfake_project/dfdc_subset_77_jpg/test/real/real_001250.jpg,0.0,0.9820438623428345,1
/media/D1/ait_users/staff122/deepfake_project/outputs_deepfake_project/dfdc_subset_77_jpg/test/real/real_001251.jpg,0.0,0.992883563041687,1
/media/D1/ait_users/staff122/deepfake_project/outputs_deepfake_project/dfdc_subset_77_jpg/test/real/real_001252.jpg,0.0,0.9763314723968506,1
/media/D1/ait_users/staff122/deepfake_project/outputs_deepfake_project/dfdc_subset_77_jpg/test/real/real_001253.jpg,0.0,0.9944287538528442,1
/media/D1/ait_users/staff122/deepfake_project/outputs_deepfake_project/dfdc_subset_77_jpg/test/real/real_001254.jpg,0.0,0.9918620586395264,1
/media/D1/ait_users/staff122/deepfake_project/outputs_deepfake_project/dfdc_subset_77_jpg/test/real/real_001255.jpg,0.0,0.9915239810943604,1
/media/D1/ait_users/staff122/deepfake_project/outputs_deepfake_project/dfdc_subset_77_jpg/test/real/real_001256.jpg,0.0,0.9862558245658875,1
/media/D1/ait_users/staff122/deepfake_project/outputs_deepfake_project/dfdc_subset_77_jpg/test/real/real_001257.jpg,0.0,0.9941697120666504,1
/media/D1/ait_users/staff122/deepfake_project/outputs_deepfake_project/dfdc_subset_77_jpg/test/real/real_001258.jpg,0.0,0.9653523564338684,1
/media/D1/ait_users/staff122/deepfake_project/outputs_deepfake_project/dfdc_subset_77_jpg/test/real/real_001259.jpg,0.0,0.9833410382270813,1
/media/D1/ait_users/staff122/deepfake_project/outputs_deepfake_project/dfdc_subset_77_jpg/test/real/real_001260.jpg,0.0,0.9770370721817017,1
/media/D1/ait_users/staff122/deepfake_project/outputs_deepfake_project/dfdc_subset_77_jpg/test/real/real_001261.jpg,0.0,0.9827858805656433,1
/media/D1/ait_users/staff122/deepfake_project/outputs_deepfake_project/dfdc_subset_77_jpg/test/real/real_001262.jpg,0.0,0.9841516017913818,1
/media/D1/ait_users/staff122/deepfake_project/outputs_deepfake_project/dfdc_subset_77_jpg/test/real/real_001263.jpg,0.0,0.9751874208450317,1
/media/D1/ait_users/staff122/deepfake_project/outputs_deepfake_project/dfdc_subset_77_jpg/test/real/real_001264.jpg,0.0,0.9864785075187683,1
/media/D1/ait_users/staff122/deepfake_project/outputs_deepfake_project/dfdc_subset_77_jpg/test/real/real_001265.jpg,0.0,0.9942828416824341,1
/media/D1/ait_users/staff122/deepfake_project/outputs_deepfake_project/dfdc_subset_77_jpg/test/real/real_001266.jpg,0.0,0.997700035572052,1
/media/D1/ait_users/staff122/deepfake_project/outputs_deepfake_project/dfdc_subset_77_jpg/test/real/real_001267.jpg,0.0,0.9568896889686584,1
/media/D1/ait_users/staff122/deepfake_project/outputs_deepfake_project/dfdc_subset_77_jpg/test/real/real_001268.jpg,0.0,0.9073161482810974,1
/media/D1/ait_users/staff122/deepfake_project/outputs_deepfake_project/dfdc_subset_77_jpg/test/real/real_001269.jpg,0.0,0.9002475142478943,1
/media/D1/ait_users/staff122/deepfake_project/outputs_deepfake_project/dfdc_subset_77_jpg/test/real/real_001270.jpg,0.0,0.9870663285255432,1
/media/D1/ait_users/staff122/deepfake_project/outputs_deepfake_project/dfdc_subset_77_jpg/test/real/real_001271.jpg,0.0,0.9941956400871277,1
/media/D1/ait_users/staff122/deepfake_project/outputs_deepfake_project/dfdc_subset_77_jpg/test/real/real_001272.jpg,0.0,0.9929560422897339,1
/media/D1/ait_users/staff122/deepfake_project/outputs_deepfake_project/dfdc_subset_77_jpg/test/real/real_001273.jpg,0.0,0.9956205487251282,1
/media/D1/ait_users/staff122/deepfake_project/outputs_deepfake_project/dfdc_subset_77_jpg/test/real/real_001274.jpg,0.0,0.9906505346298218,1
/media/D1/ait_users/staff122/deepfake_project/outputs_deepfake_project/dfdc_subset_77_jpg/test/real/real_001275.jpg,0.0,0.9772799015045166,1
/media/D1/ait_users/staff122/deepfake_project/outputs_deepfake_project/dfdc_subset_77_jpg/test/real/real_001276.jpg,0.0,0.9920067191123962,1
/media/D1/ait_users/staff122/deepfake_project/outputs_deepfake_project/dfdc_subset_77_jpg/test/real/real_001277.jpg,0.0,0.9945333003997803,1
/media/D1/ait_users/staff122/deepfake_project/outputs_deepfake_project/dfdc_subset_77_jpg/test/real/real_001278.jpg,0.0,0.9882910847663879,1
/media/D1/ait_users/staff122/deepfake_project/outputs_deepfake_project/dfdc_subset_77_jpg/test/real/real_001279.jpg,0.0,0.9972200393676758,1
/media/D1/ait_users/staff122/deepfake_project/outputs_deepfake_project/dfdc_subset_77_jpg/test/real/real_001280.jpg,0.0,0.9976990818977356,1
/media/D1/ait_users/staff122/deepfake_project/outputs_deepfake_project/dfdc_subset_77_jpg/test/real/real_001281.jpg,0.0,0.9994046688079834,1
/media/D1/ait_users/staff122/deepfake_project/outputs_deepfake_project/dfdc_subset_77_jpg/test/real/real_001282.jpg,0.0,0.9875923991203308,1
/media/D1/ait_users/staff122/deepfake_project/outputs_deepfake_project/dfdc_subset_77_jpg/test/real/real_001283.jpg,0.0,0.9654967188835144,1
/media/D1/ait_users/staff122/deepfake_project/outputs_deepfake_project/dfdc_subset_77_jpg/test/real/real_001284.jpg,0.0,0.031591352075338364,0
/media/D1/ait_users/staff122/deepfake_project/outputs_deepfake_project/dfdc_subset_77_jpg/test/real/real_001285.jpg,0.0,0.3466363549232483,0
/media/D1/ait_users/staff122/deepfake_project/outputs_deepfake_project/dfdc_subset_77_jpg/test/real/real_001286.jpg,0.0,0.12309007346630096,0
/media/D1/ait_users/staff122/deepfake_project/outputs_deepfake_project/dfdc_subset_77_jpg/test/real/real_001287.jpg,0.0,0.6717492938041687,1
/media/D1/ait_users/staff122/deepfake_project/outputs_deepfake_project/dfdc_subset_77_jpg/test/real/real_001288.jpg,0.0,0.6257692575454712,1
/media/D1/ait_users/staff122/deepfake_project/outputs_deepfake_project/dfdc_subset_77_jpg/test/real/real_001289.jpg,0.0,0.7678667306900024,1
/media/D1/ait_users/staff122/deepfake_project/outputs_deepfake_project/dfdc_subset_77_jpg/test/real/real_001290.jpg,0.0,0.12393693625926971,0
/media/D1/ait_users/staff122/deepfake_project/outputs_deepfake_project/dfdc_subset_77_jpg/test/real/real_001291.jpg,0.0,0.0778544619679451,0
/media/D1/ait_users/staff122/deepfake_project/outputs_deepfake_project/dfdc_subset_77_jpg/test/real/real_001292.jpg,0.0,0.20917698740959167,0
/media/D1/ait_users/staff122/deepfake_project/outputs_deepfake_project/dfdc_subset_77_jpg/test/real/real_001293.jpg,0.0,0.7943035364151001,1
/media/D1/ait_users/staff122/deepfake_project/outputs_deepfake_project/dfdc_subset_77_jpg/test/real/real_001294.jpg,0.0,0.21289032697677612,0
/media/D1/ait_users/staff122/deepfake_project/outputs_deepfake_project/dfdc_subset_77_jpg/test/real/real_001295.jpg,0.0,0.9795188307762146,1
/media/D1/ait_users/staff122/deepfake_project/outputs_deepfake_project/dfdc_subset_77_jpg/test/real/real_001296.jpg,0.0,0.9996168613433838,1
/media/D1/ait_users/staff122/deepfake_project/outputs_deepfake_project/dfdc_subset_77_jpg/test/real/real_001297.jpg,0.0,0.16159072518348694,0
/media/D1/ait_users/staff122/deepfake_project/outputs_deepfake_project/dfdc_subset_77_jpg/test/real/real_001298.jpg,0.0,0.8808826208114624,1
/media/D1/ait_users/staff122/deepfake_project/outputs_deepfake_project/dfdc_subset_77_jpg/test/real/real_001299.jpg,0.0,0.14259767532348633,0
/media/D1/ait_users/staff122/deepfake_project/outputs_deepfake_project/dfdc_subset_77_jpg/test/real/real_001300.jpg,0.0,0.904700756072998,1
/media/D1/ait_users/staff122/deepfake_project/outputs_deepfake_project/dfdc_subset_77_jpg/test/real/real_001301.jpg,0.0,0.882926881313324,1
/media/D1/ait_users/staff122/deepfake_project/outputs_deepfake_project/dfdc_subset_77_jpg/test/real/real_001302.jpg,0.0,0.8097808361053467,1
/media/D1/ait_users/staff122/deepfake_project/outputs_deepfake_project/dfdc_subset_77_jpg/test/real/real_001303.jpg,0.0,0.13042360544204712,0
/media/D1/ait_users/staff122/deepfake_project/outputs_deepfake_project/dfdc_subset_77_jpg/test/real/real_001304.jpg,0.0,0.9290969967842102,1
/media/D1/ait_users/staff122/deepfake_project/outputs_deepfake_project/dfdc_subset_77_jpg/test/real/real_001305.jpg,0.0,0.9677249789237976,1
/media/D1/ait_users/staff122/deepfake_project/outputs_deepfake_project/dfdc_subset_77_jpg/test/real/real_001306.jpg,0.0,0.9941256046295166,1
/media/D1/ait_users/staff122/deepfake_project/outputs_deepfake_project/dfdc_subset_77_jpg/test/real/real_001307.jpg,0.0,0.9995847344398499,1
/media/D1/ait_users/staff122/deepfake_project/outputs_deepfake_project/dfdc_subset_77_jpg/test/real/real_001308.jpg,0.0,0.9960674047470093,1
/media/D1/ait_users/staff122/deepfake_project/outputs_deepfake_project/dfdc_subset_77_jpg/test/real/real_001309.jpg,0.0,0.9824152588844299,1
/media/D1/ait_users/staff122/deepfake_project/outputs_deepfake_project/dfdc_subset_77_jpg/test/real/real_001310.jpg,0.0,0.9891489148139954,1
/media/D1/ait_users/staff122/deepfake_project/outputs_deepfake_project/dfdc_subset_77_jpg/test/real/real_001311.jpg,0.0,0.028894474729895592,0
/media/D1/ait_users/staff122/deepfake_project/outputs_deepfake_project/dfdc_subset_77_jpg/test/real/real_001312.jpg,0.0,0.14912652969360352,0
/media/D1/ait_users/staff122/deepfake_project/outputs_deepfake_project/dfdc_subset_77_jpg/test/real/real_001313.jpg,0.0,0.43217289447784424,0
/media/D1/ait_users/staff122/deepfake_project/outputs_deepfake_project/dfdc_subset_77_jpg/test/real/real_001314.jpg,0.0,0.2778765559196472,0
/media/D1/ait_users/staff122/deepfake_project/outputs_deepfake_project/dfdc_subset_77_jpg/test/real/real_001315.jpg,0.0,0.2581656277179718,0
/media/D1/ait_users/staff122/deepfake_project/outputs_deepfake_project/dfdc_subset_77_jpg/test/real/real_001316.jpg,0.0,0.9901330471038818,1
/media/D1/ait_users/staff122/deepfake_project/outputs_deepfake_project/dfdc_subset_77_jpg/test/real/real_001317.jpg,0.0,0.12982197105884552,0
/media/D1/ait_users/staff122/deepfake_project/outputs_deepfake_project/dfdc_subset_77_jpg/test/real/real_001318.jpg,0.0,0.43305814266204834,0
/media/D1/ait_users/staff122/deepfake_project/outputs_deepfake_project/dfdc_subset_77_jpg/test/real/real_001319.jpg,0.0,0.7329210042953491,1
/media/D1/ait_users/staff122/deepfake_project/outputs_deepfake_project/dfdc_subset_77_jpg/test/real/real_001320.jpg,0.0,0.8180850148200989,1
/media/D1/ait_users/staff122/deepfake_project/outputs_deepfake_project/dfdc_subset_77_jpg/test/real/real_001321.jpg,0.0,0.16713297367095947,0
/media/D1/ait_users/staff122/deepfake_project/outputs_deepfake_project/dfdc_subset_77_jpg/test/real/real_001322.jpg,0.0,0.046711187809705734,0
/media/D1/ait_users/staff122/deepfake_project/outputs_deepfake_project/dfdc_subset_77_jpg/test/real/real_001323.jpg,0.0,0.9380807280540466,1
/media/D1/ait_users/staff122/deepfake_project/outputs_deepfake_project/dfdc_subset_77_jpg/test/real/real_001324.jpg,0.0,0.9483984708786011,1
/media/D1/ait_users/staff122/deepfake_project/outputs_deepfake_project/dfdc_subset_77_jpg/test/real/real_001325.jpg,0.0,0.8832619190216064,1
/media/D1/ait_users/staff122/deepfake_project/outputs_deepfake_project/dfdc_subset_77_jpg/test/real/real_001326.jpg,0.0,0.8987368941307068,1
/media/D1/ait_users/staff122/deepfake_project/outputs_deepfake_project/dfdc_subset_77_jpg/test/real/real_001327.jpg,0.0,0.027235692366957664,0
/media/D1/ait_users/staff122/deepfake_project/outputs_deepfake_project/dfdc_subset_77_jpg/test/real/real_001328.jpg,0.0,0.8040931820869446,1
/media/D1/ait_users/staff122/deepfake_project/outputs_deepfake_project/dfdc_subset_77_jpg/test/real/real_001329.jpg,0.0,0.07130659371614456,0
/media/D1/ait_users/staff122/deepfake_project/outputs_deepfake_project/dfdc_subset_77_jpg/test/real/real_001330.jpg,0.0,0.5738338232040405,1
/media/D1/ait_users/staff122/deepfake_project/outputs_deepfake_project/dfdc_subset_77_jpg/test/real/real_001331.jpg,0.0,0.029634734615683556,0
/media/D1/ait_users/staff122/deepfake_project/outputs_deepfake_project/dfdc_subset_77_jpg/test/real/real_001332.jpg,0.0,0.9906829595565796,1
/media/D1/ait_users/staff122/deepfake_project/outputs_deepfake_project/dfdc_subset_77_jpg/test/real/real_001333.jpg,0.0,0.9892465472221375,1
/media/D1/ait_users/staff122/deepfake_project/outputs_deepfake_project/dfdc_subset_77_jpg/test/real/real_001334.jpg,0.0,0.9673281908035278,1
/media/D1/ait_users/staff122/deepfake_project/outputs_deepfake_project/dfdc_subset_77_jpg/test/real/real_001335.jpg,0.0,0.02626459114253521,0
/media/D1/ait_users/staff122/deepfake_project/outputs_deepfake_project/dfdc_subset_77_jpg/test/real/real_001336.jpg,0.0,0.6853724122047424,1
/media/D1/ait_users/staff122/deepfake_project/outputs_deepfake_project/dfdc_subset_77_jpg/test/real/real_001337.jpg,0.0,0.22983460128307343,0
/media/D1/ait_users/staff122/deepfake_project/outputs_deepfake_project/dfdc_subset_77_jpg/test/real/real_001338.jpg,0.0,0.03689754381775856,0
/media/D1/ait_users/staff122/deepfake_project/outputs_deepfake_project/dfdc_subset_77_jpg/test/real/real_001339.jpg,0.0,0.7786228656768799,1
/media/D1/ait_users/staff122/deepfake_project/outputs_deepfake_project/dfdc_subset_77_jpg/test/real/real_001340.jpg,0.0,0.9725516438484192,1
/media/D1/ait_users/staff122/deepfake_project/outputs_deepfake_project/dfdc_subset_77_jpg/test/real/real_001341.jpg,0.0,0.9315015077590942,1
/media/D1/ait_users/staff122/deepfake_project/outputs_deepfake_project/dfdc_subset_77_jpg/test/real/real_001342.jpg,0.0,0.508021354675293,1
/media/D1/ait_users/staff122/deepfake_project/outputs_deepfake_project/dfdc_subset_77_jpg/test/real/real_001343.jpg,0.0,0.19984562695026398,0
/media/D1/ait_users/staff122/deepfake_project/outputs_deepfake_project/dfdc_subset_77_jpg/test/real/real_001344.jpg,0.0,0.13992971181869507,0
/media/D1/ait_users/staff122/deepfake_project/outputs_deepfake_project/dfdc_subset_77_jpg/test/real/real_001345.jpg,0.0,0.0736873522400856,0
/media/D1/ait_users/staff122/deepfake_project/outputs_deepfake_project/dfdc_subset_77_jpg/test/real/real_001346.jpg,0.0,0.0013284239685162902,0
/media/D1/ait_users/staff122/deepfake_project/outputs_deepfake_project/dfdc_subset_77_jpg/test/real/real_001347.jpg,0.0,0.6863254904747009,1
/media/D1/ait_users/staff122/deepfake_project/outputs_deepfake_project/dfdc_subset_77_jpg/test/real/real_001348.jpg,0.0,0.007107850164175034,0
/media/D1/ait_users/staff122/deepfake_project/outputs_deepfake_project/dfdc_subset_77_jpg/test/real/real_001349.jpg,0.0,0.0002494531509000808,0
/media/D1/ait_users/staff122/deepfake_project/outputs_deepfake_project/dfdc_subset_77_jpg/test/real/real_001350.jpg,0.0,0.0016496966127306223,0
/media/D1/ait_users/staff122/deepfake_project/outputs_deepfake_project/dfdc_subset_77_jpg/test/real/real_001351.jpg,0.0,0.00010609639866743237,0
/media/D1/ait_users/staff122/deepfake_project/outputs_deepfake_project/dfdc_subset_77_jpg/test/real/real_001352.jpg,0.0,0.001827956992201507,0
/media/D1/ait_users/staff122/deepfake_project/outputs_deepfake_project/dfdc_subset_77_jpg/test/real/real_001353.jpg,0.0,0.00412091426551342,0
/media/D1/ait_users/staff122/deepfake_project/outputs_deepfake_project/dfdc_subset_77_jpg/test/real/real_001354.jpg,0.0,0.2910160720348358,0
/media/D1/ait_users/staff122/deepfake_project/outputs_deepfake_project/dfdc_subset_77_jpg/test/real/real_001355.jpg,0.0,0.23765701055526733,0
/media/D1/ait_users/staff122/deepfake_project/outputs_deepfake_project/dfdc_subset_77_jpg/test/real/real_001356.jpg,0.0,0.0013058623299002647,0
/media/D1/ait_users/staff122/deepfake_project/outputs_deepfake_project/dfdc_subset_77_jpg/test/real/real_001357.jpg,0.0,0.013086737133562565,0
/media/D1/ait_users/staff122/deepfake_project/outputs_deepfake_project/dfdc_subset_77_jpg/test/real/real_001358.jpg,0.0,0.001051407540217042,0
/media/D1/ait_users/staff122/deepfake_project/outputs_deepfake_project/dfdc_subset_77_jpg/test/real/real_001359.jpg,0.0,0.00018884119344875216,0
/media/D1/ait_users/staff122/deepfake_project/outputs_deepfake_project/dfdc_subset_77_jpg/test/real/real_001360.jpg,0.0,0.0008873646729625762,0
/media/D1/ait_users/staff122/deepfake_project/outputs_deepfake_project/dfdc_subset_77_jpg/test/real/real_001361.jpg,0.0,0.00026705520576797426,0
/media/D1/ait_users/staff122/deepfake_project/outputs_deepfake_project/dfdc_subset_77_jpg/test/real/real_001362.jpg,0.0,0.0005434911581687629,0
/media/D1/ait_users/staff122/deepfake_project/outputs_deepfake_project/dfdc_subset_77_jpg/test/real/real_001363.jpg,0.0,0.00030415476066991687,0
/media/D1/ait_users/staff122/deepfake_project/outputs_deepfake_project/dfdc_subset_77_jpg/test/real/real_001364.jpg,0.0,0.3399398922920227,0
/media/D1/ait_users/staff122/deepfake_project/outputs_deepfake_project/dfdc_subset_77_jpg/test/real/real_001365.jpg,0.0,0.8267268538475037,1
/media/D1/ait_users/staff122/deepfake_project/outputs_deepfake_project/dfdc_subset_77_jpg/test/real/real_001366.jpg,0.0,0.001095494837500155,0
/media/D1/ait_users/staff122/deepfake_project/outputs_deepfake_project/dfdc_subset_77_jpg/test/real/real_001367.jpg,0.0,0.00047398306196555495,0
/media/D1/ait_users/staff122/deepfake_project/outputs_deepfake_project/dfdc_subset_77_jpg/test/real/real_001368.jpg,0.0,0.001303093507885933,0
/media/D1/ait_users/staff122/deepfake_project/outputs_deepfake_project/dfdc_subset_77_jpg/test/real/real_001369.jpg,0.0,0.0017236951971426606,0
/media/D1/ait_users/staff122/deepfake_project/outputs_deepfake_project/dfdc_subset_77_jpg/test/real/real_001370.jpg,0.0,0.014489831402897835,0
/media/D1/ait_users/staff122/deepfake_project/outputs_deepfake_project/dfdc_subset_77_jpg/test/real/real_001371.jpg,0.0,0.005689769051969051,0
/media/D1/ait_users/staff122/deepfake_project/outputs_deepfake_project/dfdc_subset_77_jpg/test/real/real_001372.jpg,0.0,0.0005175325786694884,0
/media/D1/ait_users/staff122/deepfake_project/outputs_deepfake_project/dfdc_subset_77_jpg/test/real/real_001373.jpg,0.0,0.0002758347545750439,0
/media/D1/ait_users/staff122/deepfake_project/outputs_deepfake_project/dfdc_subset_77_jpg/test/real/real_001374.jpg,0.0,0.002912783296778798,0
/media/D1/ait_users/staff122/deepfake_project/outputs_deepfake_project/dfdc_subset_77_jpg/test/real/real_001375.jpg,0.0,0.9445050954818726,1
/media/D1/ait_users/staff122/deepfake_project/outputs_deepfake_project/dfdc_subset_77_jpg/test/real/real_001376.jpg,0.0,0.0008774167508818209,0
/media/D1/ait_users/staff122/deepfake_project/outputs_deepfake_project/dfdc_subset_77_jpg/test/real/real_001377.jpg,0.0,0.0006249171565286815,0
/media/D1/ait_users/staff122/deepfake_project/outputs_deepfake_project/dfdc_subset_77_jpg/test/real/real_001378.jpg,0.0,0.00534462695941329,0
/media/D1/ait_users/staff122/deepfake_project/outputs_deepfake_project/dfdc_subset_77_jpg/test/real/real_001379.jpg,0.0,0.8802588582038879,1
/media/D1/ait_users/staff122/deepfake_project/outputs_deepfake_project/dfdc_subset_77_jpg/test/real/real_001380.jpg,0.0,0.03519737720489502,0
/media/D1/ait_users/staff122/deepfake_project/outputs_deepfake_project/dfdc_subset_77_jpg/test/real/real_001381.jpg,0.0,0.0059338584542274475,0
/media/D1/ait_users/staff122/deepfake_project/outputs_deepfake_project/dfdc_subset_77_jpg/test/real/real_001382.jpg,0.0,0.25133663415908813,0
/media/D1/ait_users/staff122/deepfake_project/outputs_deepfake_project/dfdc_subset_77_jpg/test/real/real_001383.jpg,0.0,0.15198178589344025,0
/media/D1/ait_users/staff122/deepfake_project/outputs_deepfake_project/dfdc_subset_77_jpg/test/real/real_001384.jpg,0.0,0.006238284520804882,0
/media/D1/ait_users/staff122/deepfake_project/outputs_deepfake_project/dfdc_subset_77_jpg/test/real/real_001385.jpg,0.0,0.009275652468204498,0
/media/D1/ait_users/staff122/deepfake_project/outputs_deepfake_project/dfdc_subset_77_jpg/test/real/real_001386.jpg,0.0,0.1530861258506775,0
/media/D1/ait_users/staff122/deepfake_project/outputs_deepfake_project/dfdc_subset_77_jpg/test/real/real_001387.jpg,0.0,0.004920275881886482,0
/media/D1/ait_users/staff122/deepfake_project/outputs_deepfake_project/dfdc_subset_77_jpg/test/real/real_001388.jpg,0.0,0.5183515548706055,1
/media/D1/ait_users/staff122/deepfake_project/outputs_deepfake_project/dfdc_subset_77_jpg/test/real/real_001389.jpg,0.0,0.010749811306595802,0
/media/D1/ait_users/staff122/deepfake_project/outputs_deepfake_project/dfdc_subset_77_jpg/test/real/real_001390.jpg,0.0,0.0006180220516398549,0
/media/D1/ait_users/staff122/deepfake_project/outputs_deepfake_project/dfdc_subset_77_jpg/test/real/real_001391.jpg,0.0,0.004141687881201506,0
/media/D1/ait_users/staff122/deepfake_project/outputs_deepfake_project/dfdc_subset_77_jpg/test/real/real_001392.jpg,0.0,0.0014319466426968575,0
/media/D1/ait_users/staff122/deepfake_project/outputs_deepfake_project/dfdc_subset_77_jpg/test/real/real_001393.jpg,0.0,0.0020711824763566256,0
/media/D1/ait_users/staff122/deepfake_project/outputs_deepfake_project/dfdc_subset_77_jpg/test/real/real_001394.jpg,0.0,0.020108385011553764,0
/media/D1/ait_users/staff122/deepfake_project/outputs_deepfake_project/dfdc_subset_77_jpg/test/real/real_001395.jpg,0.0,0.060161735862493515,0
/media/D1/ait_users/staff122/deepfake_project/outputs_deepfake_project/dfdc_subset_77_jpg/test/real/real_001396.jpg,0.0,0.29715752601623535,0
/media/D1/ait_users/staff122/deepfake_project/outputs_deepfake_project/dfdc_subset_77_jpg/test/real/real_001397.jpg,0.0,0.02906663902103901,0
/media/D1/ait_users/staff122/deepfake_project/outputs_deepfake_project/dfdc_subset_77_jpg/test/real/real_001398.jpg,0.0,0.48642176389694214,0
/media/D1/ait_users/staff122/deepfake_project/outputs_deepfake_project/dfdc_subset_77_jpg/test/real/real_001399.jpg,0.0,0.6749661564826965,1
/media/D1/ait_users/staff122/deepfake_project/outputs_deepfake_project/dfdc_subset_77_jpg/test/real/real_001400.jpg,0.0,0.004777924157679081,0
/media/D1/ait_users/staff122/deepfake_project/outputs_deepfake_project/dfdc_subset_77_jpg/test/real/real_001401.jpg,0.0,0.9889494180679321,1
/media/D1/ait_users/staff122/deepfake_project/outputs_deepfake_project/dfdc_subset_77_jpg/test/real/real_001402.jpg,0.0,0.9839969277381897,1
/media/D1/ait_users/staff122/deepfake_project/outputs_deepfake_project/dfdc_subset_77_jpg/test/real/real_001403.jpg,0.0,0.11163940280675888,0
/media/D1/ait_users/staff122/deepfake_project/outputs_deepfake_project/dfdc_subset_77_jpg/test/real/real_001404.jpg,0.0,0.12008272111415863,0
/media/D1/ait_users/staff122/deepfake_project/outputs_deepfake_project/dfdc_subset_77_jpg/test/real/real_001405.jpg,0.0,0.004510878119617701,0
/media/D1/ait_users/staff122/deepfake_project/outputs_deepfake_project/dfdc_subset_77_jpg/test/real/real_001406.jpg,0.0,0.04717947170138359,0
/media/D1/ait_users/staff122/deepfake_project/outputs_deepfake_project/dfdc_subset_77_jpg/test/real/real_001407.jpg,0.0,0.05580049008131027,0
/media/D1/ait_users/staff122/deepfake_project/outputs_deepfake_project/dfdc_subset_77_jpg/test/real/real_001408.jpg,0.0,0.6713794469833374,1
/media/D1/ait_users/staff122/deepfake_project/outputs_deepfake_project/dfdc_subset_77_jpg/test/real/real_001409.jpg,0.0,0.07655148953199387,0
/media/D1/ait_users/staff122/deepfake_project/outputs_deepfake_project/dfdc_subset_77_jpg/test/real/real_001410.jpg,0.0,0.004133149050176144,0
/media/D1/ait_users/staff122/deepfake_project/outputs_deepfake_project/dfdc_subset_77_jpg/test/real/real_001411.jpg,0.0,0.0016666750889271498,0
/media/D1/ait_users/staff122/deepfake_project/outputs_deepfake_project/dfdc_subset_77_jpg/test/real/real_001412.jpg,0.0,0.5533714294433594,1
/media/D1/ait_users/staff122/deepfake_project/outputs_deepfake_project/dfdc_subset_77_jpg/test/real/real_001413.jpg,0.0,0.06837119907140732,0
/media/D1/ait_users/staff122/deepfake_project/outputs_deepfake_project/dfdc_subset_77_jpg/test/real/real_001414.jpg,0.0,0.0015444925520569086,0
/media/D1/ait_users/staff122/deepfake_project/outputs_deepfake_project/dfdc_subset_77_jpg/test/real/real_001415.jpg,0.0,0.03712299466133118,0
/media/D1/ait_users/staff122/deepfake_project/outputs_deepfake_project/dfdc_subset_77_jpg/test/real/real_001416.jpg,0.0,0.00165722391102463,0
/media/D1/ait_users/staff122/deepfake_project/outputs_deepfake_project/dfdc_subset_77_jpg/test/real/real_001417.jpg,0.0,0.016790928319096565,0
/media/D1/ait_users/staff122/deepfake_project/outputs_deepfake_project/dfdc_subset_77_jpg/test/real/real_001418.jpg,0.0,0.24528729915618896,0
/media/D1/ait_users/staff122/deepfake_project/outputs_deepfake_project/dfdc_subset_77_jpg/test/real/real_001419.jpg,0.0,0.05176704749464989,0
/media/D1/ait_users/staff122/deepfake_project/outputs_deepfake_project/dfdc_subset_77_jpg/test/real/real_001420.jpg,0.0,0.010891287587583065,0
/media/D1/ait_users/staff122/deepfake_project/outputs_deepfake_project/dfdc_subset_77_jpg/test/real/real_001421.jpg,0.0,0.018942544236779213,0
/media/D1/ait_users/staff122/deepfake_project/outputs_deepfake_project/dfdc_subset_77_jpg/test/real/real_001422.jpg,0.0,0.0009486244525760412,0
/media/D1/ait_users/staff122/deepfake_project/outputs_deepfake_project/dfdc_subset_77_jpg/test/real/real_001423.jpg,0.0,0.0007329596555791795,0
/media/D1/ait_users/staff122/deepfake_project/outputs_deepfake_project/dfdc_subset_77_jpg/test/real/real_001424.jpg,0.0,0.000687797088176012,0
/media/D1/ait_users/staff122/deepfake_project/outputs_deepfake_project/dfdc_subset_77_jpg/test/real/real_001425.jpg,0.0,0.0018235259922221303,0
/media/D1/ait_users/staff122/deepfake_project/outputs_deepfake_project/dfdc_subset_77_jpg/test/real/real_001426.jpg,0.0,0.001714652986265719,0
/media/D1/ait_users/staff122/deepfake_project/outputs_deepfake_project/dfdc_subset_77_jpg/test/real/real_001427.jpg,0.0,0.0140435341745615,0
/media/D1/ait_users/staff122/deepfake_project/outputs_deepfake_project/dfdc_subset_77_jpg/test/real/real_001428.jpg,0.0,0.001993922982364893,0
/media/D1/ait_users/staff122/deepfake_project/outputs_deepfake_project/dfdc_subset_77_jpg/test/real/real_001429.jpg,0.0,0.35275617241859436,0
/media/D1/ait_users/staff122/deepfake_project/outputs_deepfake_project/dfdc_subset_77_jpg/test/real/real_001430.jpg,0.0,0.9947868585586548,1
/media/D1/ait_users/staff122/deepfake_project/outputs_deepfake_project/dfdc_subset_77_jpg/test/real/real_001431.jpg,0.0,0.09331011772155762,0
/media/D1/ait_users/staff122/deepfake_project/outputs_deepfake_project/dfdc_subset_77_jpg/test/real/real_001432.jpg,0.0,0.003629031591117382,0
/media/D1/ait_users/staff122/deepfake_project/outputs_deepfake_project/dfdc_subset_77_jpg/test/real/real_001433.jpg,0.0,0.27991175651550293,0
/media/D1/ait_users/staff122/deepfake_project/outputs_deepfake_project/dfdc_subset_77_jpg/test/real/real_001434.jpg,0.0,0.1590944528579712,0
/media/D1/ait_users/staff122/deepfake_project/outputs_deepfake_project/dfdc_subset_77_jpg/test/real/real_001435.jpg,0.0,0.0068281120620667934,0
/media/D1/ait_users/staff122/deepfake_project/outputs_deepfake_project/dfdc_subset_77_jpg/test/real/real_001436.jpg,0.0,0.020675498992204666,0
/media/D1/ait_users/staff122/deepfake_project/outputs_deepfake_project/dfdc_subset_77_jpg/test/real/real_001437.jpg,0.0,0.09477900713682175,0
/media/D1/ait_users/staff122/deepfake_project/outputs_deepfake_project/dfdc_subset_77_jpg/test/real/real_001438.jpg,0.0,0.577917218208313,1
/media/D1/ait_users/staff122/deepfake_project/outputs_deepfake_project/dfdc_subset_77_jpg/test/real/real_001439.jpg,0.0,0.04308825358748436,0
/media/D1/ait_users/staff122/deepfake_project/outputs_deepfake_project/dfdc_subset_77_jpg/test/real/real_001440.jpg,0.0,0.0006404506275430322,0
/media/D1/ait_users/staff122/deepfake_project/outputs_deepfake_project/dfdc_subset_77_jpg/test/real/real_001441.jpg,0.0,0.00277587678283453,0
/media/D1/ait_users/staff122/deepfake_project/outputs_deepfake_project/dfdc_subset_77_jpg/test/real/real_001442.jpg,0.0,0.015027947723865509,0
/media/D1/ait_users/staff122/deepfake_project/outputs_deepfake_project/dfdc_subset_77_jpg/test/real/real_001443.jpg,0.0,0.9959426522254944,1
/media/D1/ait_users/staff122/deepfake_project/outputs_deepfake_project/dfdc_subset_77_jpg/test/real/real_001444.jpg,0.0,0.9983536005020142,1
/media/D1/ait_users/staff122/deepfake_project/outputs_deepfake_project/dfdc_subset_77_jpg/test/real/real_001445.jpg,0.0,0.9947127103805542,1
/media/D1/ait_users/staff122/deepfake_project/outputs_deepfake_project/dfdc_subset_77_jpg/test/real/real_001446.jpg,0.0,0.9617824554443359,1
/media/D1/ait_users/staff122/deepfake_project/outputs_deepfake_project/dfdc_subset_77_jpg/test/real/real_001447.jpg,0.0,0.9979023933410645,1
/media/D1/ait_users/staff122/deepfake_project/outputs_deepfake_project/dfdc_subset_77_jpg/test/real/real_001448.jpg,0.0,0.9979217648506165,1
/media/D1/ait_users/staff122/deepfake_project/outputs_deepfake_project/dfdc_subset_77_jpg/test/real/real_001449.jpg,0.0,0.9974508881568909,1
/media/D1/ait_users/staff122/deepfake_project/outputs_deepfake_project/dfdc_subset_77_jpg/test/real/real_001450.jpg,0.0,0.9924253225326538,1
/media/D1/ait_users/staff122/deepfake_project/outputs_deepfake_project/dfdc_subset_77_jpg/test/real/real_001451.jpg,0.0,0.014126744121313095,0
/media/D1/ait_users/staff122/deepfake_project/outputs_deepfake_project/dfdc_subset_77_jpg/test/real/real_001452.jpg,0.0,0.044131115078926086,0
/media/D1/ait_users/staff122/deepfake_project/outputs_deepfake_project/dfdc_subset_77_jpg/test/real/real_001453.jpg,0.0,0.027154868468642235,0
/media/D1/ait_users/staff122/deepfake_project/outputs_deepfake_project/dfdc_subset_77_jpg/test/real/real_001454.jpg,0.0,0.0021800354588776827,0
/media/D1/ait_users/staff122/deepfake_project/outputs_deepfake_project/dfdc_subset_77_jpg/test/real/real_001455.jpg,0.0,0.058734361082315445,0
/media/D1/ait_users/staff122/deepfake_project/outputs_deepfake_project/dfdc_subset_77_jpg/test/real/real_001456.jpg,0.0,0.14279352128505707,0
/media/D1/ait_users/staff122/deepfake_project/outputs_deepfake_project/dfdc_subset_77_jpg/test/real/real_001457.jpg,0.0,0.9967266321182251,1
/media/D1/ait_users/staff122/deepfake_project/outputs_deepfake_project/dfdc_subset_77_jpg/test/real/real_001458.jpg,0.0,0.9944832921028137,1
/media/D1/ait_users/staff122/deepfake_project/outputs_deepfake_project/dfdc_subset_77_jpg/test/real/real_001459.jpg,0.0,0.0051258462481200695,0
/media/D1/ait_users/staff122/deepfake_project/outputs_deepfake_project/dfdc_subset_77_jpg/test/real/real_001460.jpg,0.0,0.0007180909742601216,0
/media/D1/ait_users/staff122/deepfake_project/outputs_deepfake_project/dfdc_subset_77_jpg/test/real/real_001461.jpg,0.0,0.0017527437303215265,0
/media/D1/ait_users/staff122/deepfake_project/outputs_deepfake_project/dfdc_subset_77_jpg/test/real/real_001462.jpg,0.0,0.0018854746595025063,0
/media/D1/ait_users/staff122/deepfake_project/outputs_deepfake_project/dfdc_subset_77_jpg/test/real/real_001463.jpg,0.0,0.026731815189123154,0
/media/D1/ait_users/staff122/deepfake_project/outputs_deepfake_project/dfdc_subset_77_jpg/test/real/real_001464.jpg,0.0,0.007901012897491455,0
/media/D1/ait_users/staff122/deepfake_project/outputs_deepfake_project/dfdc_subset_77_jpg/test/real/real_001465.jpg,0.0,0.004492012318223715,0
/media/D1/ait_users/staff122/deepfake_project/outputs_deepfake_project/dfdc_subset_77_jpg/test/real/real_001466.jpg,0.0,0.0009627439430914819,0
/media/D1/ait_users/staff122/deepfake_project/outputs_deepfake_project/dfdc_subset_77_jpg/test/real/real_001467.jpg,0.0,0.23073995113372803,0
/media/D1/ait_users/staff122/deepfake_project/outputs_deepfake_project/dfdc_subset_77_jpg/test/real/real_001468.jpg,0.0,0.012435837648808956,0
/media/D1/ait_users/staff122/deepfake_project/outputs_deepfake_project/dfdc_subset_77_jpg/test/real/real_001469.jpg,0.0,0.0008178981370292604,0
/media/D1/ait_users/staff122/deepfake_project/outputs_deepfake_project/dfdc_subset_77_jpg/test/real/real_001470.jpg,0.0,0.001804686151444912,0
/media/D1/ait_users/staff122/deepfake_project/outputs_deepfake_project/dfdc_subset_77_jpg/test/real/real_001471.jpg,0.0,0.0008728530374355614,0
/media/D1/ait_users/staff122/deepfake_project/outputs_deepfake_project/dfdc_subset_77_jpg/test/real/real_001472.jpg,0.0,0.49125492572784424,0
/media/D1/ait_users/staff122/deepfake_project/outputs_deepfake_project/dfdc_subset_77_jpg/test/real/real_001473.jpg,0.0,0.8213698863983154,1
/media/D1/ait_users/staff122/deepfake_project/outputs_deepfake_project/dfdc_subset_77_jpg/test/real/real_001474.jpg,0.0,0.3649444580078125,0
/media/D1/ait_users/staff122/deepfake_project/outputs_deepfake_project/dfdc_subset_77_jpg/test/real/real_001475.jpg,0.0,0.6307331919670105,1
/media/D1/ait_users/staff122/deepfake_project/outputs_deepfake_project/dfdc_subset_77_jpg/test/real/real_001476.jpg,0.0,0.7039322853088379,1
/media/D1/ait_users/staff122/deepfake_project/outputs_deepfake_project/dfdc_subset_77_jpg/test/real/real_001477.jpg,0.0,0.6246222853660583,1
/media/D1/ait_users/staff122/deepfake_project/outputs_deepfake_project/dfdc_subset_77_jpg/test/real/real_001478.jpg,0.0,0.7799654603004456,1
/media/D1/ait_users/staff122/deepfake_project/outputs_deepfake_project/dfdc_subset_77_jpg/test/real/real_001479.jpg,0.0,0.15596714615821838,0
/media/D1/ait_users/staff122/deepfake_project/outputs_deepfake_project/dfdc_subset_77_jpg/test/real/real_001480.jpg,0.0,0.9242528080940247,1
/media/D1/ait_users/staff122/deepfake_project/outputs_deepfake_project/dfdc_subset_77_jpg/test/real/real_001481.jpg,0.0,0.5710470676422119,1
/media/D1/ait_users/staff122/deepfake_project/outputs_deepfake_project/dfdc_subset_77_jpg/test/real/real_001482.jpg,0.0,0.053781650960445404,0
/media/D1/ait_users/staff122/deepfake_project/outputs_deepfake_project/dfdc_subset_77_jpg/test/real/real_001483.jpg,0.0,0.35840943455696106,0
/media/D1/ait_users/staff122/deepfake_project/outputs_deepfake_project/dfdc_subset_77_jpg/test/real/real_001484.jpg,0.0,0.3574938178062439,0
/media/D1/ait_users/staff122/deepfake_project/outputs_deepfake_project/dfdc_subset_77_jpg/test/real/real_001485.jpg,0.0,0.5327001214027405,1
/media/D1/ait_users/staff122/deepfake_project/outputs_deepfake_project/dfdc_subset_77_jpg/test/real/real_001486.jpg,0.0,0.9349772930145264,1
/media/D1/ait_users/staff122/deepfake_project/outputs_deepfake_project/dfdc_subset_77_jpg/test/real/real_001487.jpg,0.0,0.6061547994613647,1
/media/D1/ait_users/staff122/deepfake_project/outputs_deepfake_project/dfdc_subset_77_jpg/test/real/real_001488.jpg,0.0,0.7878224849700928,1
/media/D1/ait_users/staff122/deepfake_project/outputs_deepfake_project/dfdc_subset_77_jpg/test/real/real_001489.jpg,0.0,0.9768696427345276,1
/media/D1/ait_users/staff122/deepfake_project/outputs_deepfake_project/dfdc_subset_77_jpg/test/real/real_001490.jpg,0.0,0.9764724373817444,1
/media/D1/ait_users/staff122/deepfake_project/outputs_deepfake_project/dfdc_subset_77_jpg/test/real/real_001491.jpg,0.0,0.9899184107780457,1
/media/D1/ait_users/staff122/deepfake_project/outputs_deepfake_project/dfdc_subset_77_jpg/test/real/real_001492.jpg,0.0,0.28834301233291626,0
/media/D1/ait_users/staff122/deepfake_project/outputs_deepfake_project/dfdc_subset_77_jpg/test/real/real_001493.jpg,0.0,0.5590527057647705,1
/media/D1/ait_users/staff122/deepfake_project/outputs_deepfake_project/dfdc_subset_77_jpg/test/real/real_001494.jpg,0.0,0.4938707947731018,0
/media/D1/ait_users/staff122/deepfake_project/outputs_deepfake_project/dfdc_subset_77_jpg/test/real/real_001495.jpg,0.0,0.4361187517642975,0
/media/D1/ait_users/staff122/deepfake_project/outputs_deepfake_project/dfdc_subset_77_jpg/test/real/real_001496.jpg,0.0,0.9977158308029175,1
/media/D1/ait_users/staff122/deepfake_project/outputs_deepfake_project/dfdc_subset_77_jpg/test/real/real_001497.jpg,0.0,0.6223087906837463,1
/media/D1/ait_users/staff122/deepfake_project/outputs_deepfake_project/dfdc_subset_77_jpg/test/real/real_001498.jpg,0.0,0.7290493249893188,1
/media/D1/ait_users/staff122/deepfake_project/outputs_deepfake_project/dfdc_subset_77_jpg/test/real/real_001499.jpg,0.0,0.7683975100517273,1
/media/D1/ait_users/staff122/deepfake_project/outputs_deepfake_project/dfdc_subset_77_jpg/test/real/real_001500.jpg,0.0,0.5063333511352539,1
/media/D1/ait_users/staff122/deepfake_project/outputs_deepfake_project/dfdc_subset_77_jpg/test/real/real_001501.jpg,0.0,0.1692400872707367,0
/media/D1/ait_users/staff122/deepfake_project/outputs_deepfake_project/dfdc_subset_77_jpg/test/real/real_001502.jpg,0.0,0.4605286121368408,0
/media/D1/ait_users/staff122/deepfake_project/outputs_deepfake_project/dfdc_subset_77_jpg/test/real/real_001503.jpg,0.0,0.573868453502655,1
/media/D1/ait_users/staff122/deepfake_project/outputs_deepfake_project/dfdc_subset_77_jpg/test/real/real_001504.jpg,0.0,0.009226340800523758,0
/media/D1/ait_users/staff122/deepfake_project/outputs_deepfake_project/dfdc_subset_77_jpg/test/real/real_001505.jpg,0.0,0.005070650950074196,0
/media/D1/ait_users/staff122/deepfake_project/outputs_deepfake_project/dfdc_subset_77_jpg/test/real/real_001506.jpg,0.0,0.22527769207954407,0
/media/D1/ait_users/staff122/deepfake_project/outputs_deepfake_project/dfdc_subset_77_jpg/test/real/real_001507.jpg,0.0,0.03752799332141876,0
/media/D1/ait_users/staff122/deepfake_project/outputs_deepfake_project/dfdc_subset_77_jpg/test/real/real_001508.jpg,0.0,0.13121642172336578,0
/media/D1/ait_users/staff122/deepfake_project/outputs_deepfake_project/dfdc_subset_77_jpg/test/real/real_001509.jpg,0.0,0.028888927772641182,0
/media/D1/ait_users/staff122/deepfake_project/outputs_deepfake_project/dfdc_subset_77_jpg/test/real/real_001510.jpg,0.0,0.5740777850151062,1
/media/D1/ait_users/staff122/deepfake_project/outputs_deepfake_project/dfdc_subset_77_jpg/test/real/real_001511.jpg,0.0,0.3649221360683441,0
/media/D1/ait_users/staff122/deepfake_project/outputs_deepfake_project/dfdc_subset_77_jpg/test/real/real_001512.jpg,0.0,0.8957759737968445,1
/media/D1/ait_users/staff122/deepfake_project/outputs_deepfake_project/dfdc_subset_77_jpg/test/real/real_001513.jpg,0.0,0.8139097690582275,1
/media/D1/ait_users/staff122/deepfake_project/outputs_deepfake_project/dfdc_subset_77_jpg/test/real/real_001514.jpg,0.0,0.699192225933075,1
/media/D1/ait_users/staff122/deepfake_project/outputs_deepfake_project/dfdc_subset_77_jpg/test/real/real_001515.jpg,0.0,0.016235360875725746,0
/media/D1/ait_users/staff122/deepfake_project/outputs_deepfake_project/dfdc_subset_77_jpg/test/real/real_001516.jpg,0.0,0.6700444221496582,1
/media/D1/ait_users/staff122/deepfake_project/outputs_deepfake_project/dfdc_subset_77_jpg/test/real/real_001517.jpg,0.0,0.2475055605173111,0
/media/D1/ait_users/staff122/deepfake_project/outputs_deepfake_project/dfdc_subset_77_jpg/test/real/real_001518.jpg,0.0,0.20202875137329102,0
/media/D1/ait_users/staff122/deepfake_project/outputs_deepfake_project/dfdc_subset_77_jpg/test/real/real_001519.jpg,0.0,0.17105795443058014,0
/media/D1/ait_users/staff122/deepfake_project/outputs_deepfake_project/dfdc_subset_77_jpg/test/real/real_001520.jpg,0.0,0.023279983550310135,0
/media/D1/ait_users/staff122/deepfake_project/outputs_deepfake_project/dfdc_subset_77_jpg/test/real/real_001521.jpg,0.0,0.14071595668792725,0
/media/D1/ait_users/staff122/deepfake_project/outputs_deepfake_project/dfdc_subset_77_jpg/test/real/real_001522.jpg,0.0,0.601205587387085,1
/media/D1/ait_users/staff122/deepfake_project/outputs_deepfake_project/dfdc_subset_77_jpg/test/real/real_001523.jpg,0.0,0.41026607155799866,0
/media/D1/ait_users/staff122/deepfake_project/outputs_deepfake_project/dfdc_subset_77_jpg/test/real/real_001524.jpg,0.0,0.011170533485710621,0
/media/D1/ait_users/staff122/deepfake_project/outputs_deepfake_project/dfdc_subset_77_jpg/test/real/real_001525.jpg,0.0,0.016541242599487305,0
/media/D1/ait_users/staff122/deepfake_project/outputs_deepfake_project/dfdc_subset_77_jpg/test/real/real_001526.jpg,0.0,0.992833137512207,1
/media/D1/ait_users/staff122/deepfake_project/outputs_deepfake_project/dfdc_subset_77_jpg/test/real/real_001527.jpg,0.0,0.9836351871490479,1
/media/D1/ait_users/staff122/deepfake_project/outputs_deepfake_project/dfdc_subset_77_jpg/test/real/real_001528.jpg,0.0,0.07976021617650986,0
/media/D1/ait_users/staff122/deepfake_project/outputs_deepfake_project/dfdc_subset_77_jpg/test/real/real_001529.jpg,0.0,0.24500377476215363,0
/media/D1/ait_users/staff122/deepfake_project/outputs_deepfake_project/dfdc_subset_77_jpg/test/real/real_001530.jpg,0.0,0.08335556834936142,0
/media/D1/ait_users/staff122/deepfake_project/outputs_deepfake_project/dfdc_subset_77_jpg/test/real/real_001531.jpg,0.0,0.03102116286754608,0
/media/D1/ait_users/staff122/deepfake_project/outputs_deepfake_project/dfdc_subset_77_jpg/test/real/real_001532.jpg,0.0,0.4940713942050934,0
/media/D1/ait_users/staff122/deepfake_project/outputs_deepfake_project/dfdc_subset_77_jpg/test/real/real_001533.jpg,0.0,0.9240972399711609,1
/media/D1/ait_users/staff122/deepfake_project/outputs_deepfake_project/dfdc_subset_77_jpg/test/real/real_001534.jpg,0.0,0.9334022998809814,1
/media/D1/ait_users/staff122/deepfake_project/outputs_deepfake_project/dfdc_subset_77_jpg/test/real/real_001535.jpg,0.0,0.6280760765075684,1
/media/D1/ait_users/staff122/deepfake_project/outputs_deepfake_project/dfdc_subset_77_jpg/test/real/real_001536.jpg,0.0,0.9519214630126953,1
/media/D1/ait_users/staff122/deepfake_project/outputs_deepfake_project/dfdc_subset_77_jpg/test/real/real_001537.jpg,0.0,0.8829315304756165,1
/media/D1/ait_users/staff122/deepfake_project/outputs_deepfake_project/dfdc_subset_77_jpg/test/real/real_001538.jpg,0.0,0.862883985042572,1
/media/D1/ait_users/staff122/deepfake_project/outputs_deepfake_project/dfdc_subset_77_jpg/test/real/real_001539.jpg,0.0,0.7825417518615723,1
/media/D1/ait_users/staff122/deepfake_project/outputs_deepfake_project/dfdc_subset_77_jpg/test/real/real_001540.jpg,0.0,0.7407215237617493,1
/media/D1/ait_users/staff122/deepfake_project/outputs_deepfake_project/dfdc_subset_77_jpg/test/real/real_001541.jpg,0.0,0.5823525190353394,1
/media/D1/ait_users/staff122/deepfake_project/outputs_deepfake_project/dfdc_subset_77_jpg/test/real/real_001542.jpg,0.0,0.8585746884346008,1
/media/D1/ait_users/staff122/deepfake_project/outputs_deepfake_project/dfdc_subset_77_jpg/test/real/real_001543.jpg,0.0,0.849713146686554,1
/media/D1/ait_users/staff122/deepfake_project/outputs_deepfake_project/dfdc_subset_77_jpg/test/real/real_001544.jpg,0.0,0.6594120860099792,1
/media/D1/ait_users/staff122/deepfake_project/outputs_deepfake_project/dfdc_subset_77_jpg/test/real/real_001545.jpg,0.0,0.6251731514930725,1
/media/D1/ait_users/staff122/deepfake_project/outputs_deepfake_project/dfdc_subset_77_jpg/test/real/real_001546.jpg,0.0,0.9299386143684387,1
/media/D1/ait_users/staff122/deepfake_project/outputs_deepfake_project/dfdc_subset_77_jpg/test/real/real_001547.jpg,0.0,0.7306111454963684,1
/media/D1/ait_users/staff122/deepfake_project/outputs_deepfake_project/dfdc_subset_77_jpg/test/real/real_001548.jpg,0.0,0.5136051177978516,1
/media/D1/ait_users/staff122/deepfake_project/outputs_deepfake_project/dfdc_subset_77_jpg/test/real/real_001549.jpg,0.0,0.6512643098831177,1
/media/D1/ait_users/staff122/deepfake_project/outputs_deepfake_project/dfdc_subset_77_jpg/test/real/real_001550.jpg,0.0,0.8901299834251404,1
/media/D1/ait_users/staff122/deepfake_project/outputs_deepfake_project/dfdc_subset_77_jpg/test/real/real_001551.jpg,0.0,0.8572720289230347,1
/media/D1/ait_users/staff122/deepfake_project/outputs_deepfake_project/dfdc_subset_77_jpg/test/real/real_001552.jpg,0.0,0.8299471735954285,1
/media/D1/ait_users/staff122/deepfake_project/outputs_deepfake_project/dfdc_subset_77_jpg/test/real/real_001553.jpg,0.0,0.7411495447158813,1
/media/D1/ait_users/staff122/deepfake_project/outputs_deepfake_project/dfdc_subset_77_jpg/test/real/real_001554.jpg,0.0,0.9921924471855164,1
/media/D1/ait_users/staff122/deepfake_project/outputs_deepfake_project/dfdc_subset_77_jpg/test/real/real_001555.jpg,0.0,0.9927971959114075,1
/media/D1/ait_users/staff122/deepfake_project/outputs_deepfake_project/dfdc_subset_77_jpg/test/real/real_001556.jpg,0.0,0.7269105911254883,1
/media/D1/ait_users/staff122/deepfake_project/outputs_deepfake_project/dfdc_subset_77_jpg/test/real/real_001557.jpg,0.0,0.5883936882019043,1
/media/D1/ait_users/staff122/deepfake_project/outputs_deepfake_project/dfdc_subset_77_jpg/test/real/real_001558.jpg,0.0,0.34832650423049927,0
/media/D1/ait_users/staff122/deepfake_project/outputs_deepfake_project/dfdc_subset_77_jpg/test/real/real_001559.jpg,0.0,0.47434020042419434,0
/media/D1/ait_users/staff122/deepfake_project/outputs_deepfake_project/dfdc_subset_77_jpg/test/real/real_001560.jpg,0.0,0.7555117607116699,1
/media/D1/ait_users/staff122/deepfake_project/outputs_deepfake_project/dfdc_subset_77_jpg/test/real/real_001561.jpg,0.0,0.6597312092781067,1
/media/D1/ait_users/staff122/deepfake_project/outputs_deepfake_project/dfdc_subset_77_jpg/test/real/real_001562.jpg,0.0,0.6683481931686401,1
/media/D1/ait_users/staff122/deepfake_project/outputs_deepfake_project/dfdc_subset_77_jpg/test/real/real_001563.jpg,0.0,0.8184065222740173,1
/media/D1/ait_users/staff122/deepfake_project/outputs_deepfake_project/dfdc_subset_77_jpg/test/real/real_001564.jpg,0.0,0.7016586065292358,1
/media/D1/ait_users/staff122/deepfake_project/outputs_deepfake_project/dfdc_subset_77_jpg/test/real/real_001565.jpg,0.0,0.837620198726654,1
/media/D1/ait_users/staff122/deepfake_project/outputs_deepfake_project/dfdc_subset_77_jpg/test/real/real_001566.jpg,0.0,0.5436318516731262,1
/media/D1/ait_users/staff122/deepfake_project/outputs_deepfake_project/dfdc_subset_77_jpg/test/real/real_001567.jpg,0.0,0.2827581763267517,0
/media/D1/ait_users/staff122/deepfake_project/outputs_deepfake_project/dfdc_subset_77_jpg/test/real/real_001568.jpg,0.0,0.26435160636901855,0
/media/D1/ait_users/staff122/deepfake_project/outputs_deepfake_project/dfdc_subset_77_jpg/test/real/real_001569.jpg,0.0,0.3828504979610443,0
/media/D1/ait_users/staff122/deepfake_project/outputs_deepfake_project/dfdc_subset_77_jpg/test/real/real_001570.jpg,0.0,0.3592776358127594,0
/media/D1/ait_users/staff122/deepfake_project/outputs_deepfake_project/dfdc_subset_77_jpg/test/real/real_001571.jpg,0.0,0.007287193555384874,0
/media/D1/ait_users/staff122/deepfake_project/outputs_deepfake_project/dfdc_subset_77_jpg/test/real/real_001572.jpg,0.0,0.8660880327224731,1
/media/D1/ait_users/staff122/deepfake_project/outputs_deepfake_project/dfdc_subset_77_jpg/test/real/real_001573.jpg,0.0,0.08668462187051773,0
/media/D1/ait_users/staff122/deepfake_project/outputs_deepfake_project/dfdc_subset_77_jpg/test/real/real_001574.jpg,0.0,0.07718614488840103,0
/media/D1/ait_users/staff122/deepfake_project/outputs_deepfake_project/dfdc_subset_77_jpg/test/real/real_001575.jpg,0.0,0.8649988174438477,1
/media/D1/ait_users/staff122/deepfake_project/outputs_deepfake_project/dfdc_subset_77_jpg/test/real/real_001576.jpg,0.0,0.12032748013734818,0
/media/D1/ait_users/staff122/deepfake_project/outputs_deepfake_project/dfdc_subset_77_jpg/test/real/real_001577.jpg,0.0,0.8367784023284912,1
/media/D1/ait_users/staff122/deepfake_project/outputs_deepfake_project/dfdc_subset_77_jpg/test/real/real_001578.jpg,0.0,0.02213827334344387,0
/media/D1/ait_users/staff122/deepfake_project/outputs_deepfake_project/dfdc_subset_77_jpg/test/real/real_001579.jpg,0.0,0.4927065670490265,0
/media/D1/ait_users/staff122/deepfake_project/outputs_deepfake_project/dfdc_subset_77_jpg/test/real/real_001580.jpg,0.0,0.6213986277580261,1
/media/D1/ait_users/staff122/deepfake_project/outputs_deepfake_project/dfdc_subset_77_jpg/test/real/real_001581.jpg,0.0,0.5260289311408997,1
/media/D1/ait_users/staff122/deepfake_project/outputs_deepfake_project/dfdc_subset_77_jpg/test/real/real_001582.jpg,0.0,0.020955253392457962,0
/media/D1/ait_users/staff122/deepfake_project/outputs_deepfake_project/dfdc_subset_77_jpg/test/real/real_001583.jpg,0.0,0.2600247859954834,0
/media/D1/ait_users/staff122/deepfake_project/outputs_deepfake_project/dfdc_subset_77_jpg/test/real/real_001584.jpg,0.0,0.1224818006157875,0
/media/D1/ait_users/staff122/deepfake_project/outputs_deepfake_project/dfdc_subset_77_jpg/test/real/real_001585.jpg,0.0,0.008467469364404678,0
/media/D1/ait_users/staff122/deepfake_project/outputs_deepfake_project/dfdc_subset_77_jpg/test/real/real_001586.jpg,0.0,0.00414638314396143,0
/media/D1/ait_users/staff122/deepfake_project/outputs_deepfake_project/dfdc_subset_77_jpg/test/real/real_001587.jpg,0.0,0.8238562345504761,1
/media/D1/ait_users/staff122/deepfake_project/outputs_deepfake_project/dfdc_subset_77_jpg/test/real/real_001588.jpg,0.0,0.07222265750169754,0
/media/D1/ait_users/staff122/deepfake_project/outputs_deepfake_project/dfdc_subset_77_jpg/test/real/real_001589.jpg,0.0,0.33553245663642883,0
/media/D1/ait_users/staff122/deepfake_project/outputs_deepfake_project/dfdc_subset_77_jpg/test/real/real_001590.jpg,0.0,0.014779621735215187,0
/media/D1/ait_users/staff122/deepfake_project/outputs_deepfake_project/dfdc_subset_77_jpg/test/real/real_001591.jpg,0.0,0.8402709364891052,1
/media/D1/ait_users/staff122/deepfake_project/outputs_deepfake_project/dfdc_subset_77_jpg/test/real/real_001592.jpg,0.0,0.9931210875511169,1
/media/D1/ait_users/staff122/deepfake_project/outputs_deepfake_project/dfdc_subset_77_jpg/test/real/real_001593.jpg,0.0,0.9857065081596375,1
/media/D1/ait_users/staff122/deepfake_project/outputs_deepfake_project/dfdc_subset_77_jpg/test/real/real_001594.jpg,0.0,0.4071619212627411,0
/media/D1/ait_users/staff122/deepfake_project/outputs_deepfake_project/dfdc_subset_77_jpg/test/real/real_001595.jpg,0.0,0.6751652359962463,1
/media/D1/ait_users/staff122/deepfake_project/outputs_deepfake_project/dfdc_subset_77_jpg/test/real/real_001596.jpg,0.0,0.9971799850463867,1
/media/D1/ait_users/staff122/deepfake_project/outputs_deepfake_project/dfdc_subset_77_jpg/test/real/real_001597.jpg,0.0,0.5319161415100098,1
/media/D1/ait_users/staff122/deepfake_project/outputs_deepfake_project/dfdc_subset_77_jpg/test/real/real_001598.jpg,0.0,0.02963191084563732,0
/media/D1/ait_users/staff122/deepfake_project/outputs_deepfake_project/dfdc_subset_77_jpg/test/real/real_001599.jpg,0.0,0.6159870624542236,1
/media/D1/ait_users/staff122/deepfake_project/outputs_deepfake_project/dfdc_subset_77_jpg/test/real/real_001600.jpg,0.0,0.9702585339546204,1
/media/D1/ait_users/staff122/deepfake_project/outputs_deepfake_project/dfdc_subset_77_jpg/test/real/real_001601.jpg,0.0,0.9832350015640259,1
/media/D1/ait_users/staff122/deepfake_project/outputs_deepfake_project/dfdc_subset_77_jpg/test/real/real_001602.jpg,0.0,0.833102822303772,1
/media/D1/ait_users/staff122/deepfake_project/outputs_deepfake_project/dfdc_subset_77_jpg/test/real/real_001603.jpg,0.0,0.9258784651756287,1
/media/D1/ait_users/staff122/deepfake_project/outputs_deepfake_project/dfdc_subset_77_jpg/test/real/real_001604.jpg,0.0,0.943487286567688,1
/media/D1/ait_users/staff122/deepfake_project/outputs_deepfake_project/dfdc_subset_77_jpg/test/real/real_001605.jpg,0.0,0.454041987657547,0
/media/D1/ait_users/staff122/deepfake_project/outputs_deepfake_project/dfdc_subset_77_jpg/test/real/real_001606.jpg,0.0,0.8850787281990051,1
/media/D1/ait_users/staff122/deepfake_project/outputs_deepfake_project/dfdc_subset_77_jpg/test/real/real_001607.jpg,0.0,0.9544653296470642,1
/media/D1/ait_users/staff122/deepfake_project/outputs_deepfake_project/dfdc_subset_77_jpg/test/real/real_001608.jpg,0.0,0.5267565250396729,1
/media/D1/ait_users/staff122/deepfake_project/outputs_deepfake_project/dfdc_subset_77_jpg/test/real/real_001609.jpg,0.0,0.8441427946090698,1
/media/D1/ait_users/staff122/deepfake_project/outputs_deepfake_project/dfdc_subset_77_jpg/test/real/real_001610.jpg,0.0,0.6874321103096008,1
/media/D1/ait_users/staff122/deepfake_project/outputs_deepfake_project/dfdc_subset_77_jpg/test/real/real_001611.jpg,0.0,0.8394195437431335,1
/media/D1/ait_users/staff122/deepfake_project/outputs_deepfake_project/dfdc_subset_77_jpg/test/real/real_001612.jpg,0.0,0.6473326683044434,1
/media/D1/ait_users/staff122/deepfake_project/outputs_deepfake_project/dfdc_subset_77_jpg/test/real/real_001613.jpg,0.0,0.5441827774047852,1
/media/D1/ait_users/staff122/deepfake_project/outputs_deepfake_project/dfdc_subset_77_jpg/test/real/real_001614.jpg,0.0,0.9275092482566833,1
/media/D1/ait_users/staff122/deepfake_project/outputs_deepfake_project/dfdc_subset_77_jpg/test/real/real_001615.jpg,0.0,0.6193417906761169,1
/media/D1/ait_users/staff122/deepfake_project/outputs_deepfake_project/dfdc_subset_77_jpg/test/real/real_001616.jpg,0.0,0.6466706395149231,1
/media/D1/ait_users/staff122/deepfake_project/outputs_deepfake_project/dfdc_subset_77_jpg/test/real/real_001617.jpg,0.0,0.9553558230400085,1
/media/D1/ait_users/staff122/deepfake_project/outputs_deepfake_project/dfdc_subset_77_jpg/test/real/real_001618.jpg,0.0,0.921416699886322,1
/media/D1/ait_users/staff122/deepfake_project/outputs_deepfake_project/dfdc_subset_77_jpg/test/real/real_001619.jpg,0.0,0.624541163444519,1
/media/D1/ait_users/staff122/deepfake_project/outputs_deepfake_project/dfdc_subset_77_jpg/test/real/real_001620.jpg,0.0,0.8715998530387878,1
/media/D1/ait_users/staff122/deepfake_project/outputs_deepfake_project/dfdc_subset_77_jpg/test/real/real_001621.jpg,0.0,0.9171592593193054,1
/media/D1/ait_users/staff122/deepfake_project/outputs_deepfake_project/dfdc_subset_77_jpg/test/real/real_001622.jpg,0.0,0.9711878895759583,1
/media/D1/ait_users/staff122/deepfake_project/outputs_deepfake_project/dfdc_subset_77_jpg/test/real/real_001623.jpg,0.0,0.9203442335128784,1
/media/D1/ait_users/staff122/deepfake_project/outputs_deepfake_project/dfdc_subset_77_jpg/test/real/real_001624.jpg,0.0,0.9743196964263916,1
/media/D1/ait_users/staff122/deepfake_project/outputs_deepfake_project/dfdc_subset_77_jpg/test/real/real_001625.jpg,0.0,0.8360050320625305,1
/media/D1/ait_users/staff122/deepfake_project/outputs_deepfake_project/dfdc_subset_77_jpg/test/real/real_001626.jpg,0.0,0.6130932569503784,1
/media/D1/ait_users/staff122/deepfake_project/outputs_deepfake_project/dfdc_subset_77_jpg/test/real/real_001627.jpg,0.0,0.7753884792327881,1
/media/D1/ait_users/staff122/deepfake_project/outputs_deepfake_project/dfdc_subset_77_jpg/test/real/real_001628.jpg,0.0,0.9679310321807861,1
/media/D1/ait_users/staff122/deepfake_project/outputs_deepfake_project/dfdc_subset_77_jpg/test/real/real_001629.jpg,0.0,0.9676493406295776,1
/media/D1/ait_users/staff122/deepfake_project/outputs_deepfake_project/dfdc_subset_77_jpg/test/real/real_001630.jpg,0.0,0.9415185451507568,1
/media/D1/ait_users/staff122/deepfake_project/outputs_deepfake_project/dfdc_subset_77_jpg/test/real/real_001631.jpg,0.0,0.9305518865585327,1
/media/D1/ait_users/staff122/deepfake_project/outputs_deepfake_project/dfdc_subset_77_jpg/test/real/real_001632.jpg,0.0,0.9682635068893433,1
/media/D1/ait_users/staff122/deepfake_project/outputs_deepfake_project/dfdc_subset_77_jpg/test/real/real_001633.jpg,0.0,0.9703070521354675,1
/media/D1/ait_users/staff122/deepfake_project/outputs_deepfake_project/dfdc_subset_77_jpg/test/real/real_001634.jpg,0.0,0.9860120415687561,1
/media/D1/ait_users/staff122/deepfake_project/outputs_deepfake_project/dfdc_subset_77_jpg/test/real/real_001635.jpg,0.0,0.9602692723274231,1
/media/D1/ait_users/staff122/deepfake_project/outputs_deepfake_project/dfdc_subset_77_jpg/test/real/real_001636.jpg,0.0,0.894310474395752,1
/media/D1/ait_users/staff122/deepfake_project/outputs_deepfake_project/dfdc_subset_77_jpg/test/real/real_001637.jpg,0.0,0.891349732875824,1
/media/D1/ait_users/staff122/deepfake_project/outputs_deepfake_project/dfdc_subset_77_jpg/test/real/real_001638.jpg,0.0,0.9094656109809875,1
/media/D1/ait_users/staff122/deepfake_project/outputs_deepfake_project/dfdc_subset_77_jpg/test/real/real_001639.jpg,0.0,0.6389833688735962,1
/media/D1/ait_users/staff122/deepfake_project/outputs_deepfake_project/dfdc_subset_77_jpg/test/real/real_001640.jpg,0.0,0.9761473536491394,1
/media/D1/ait_users/staff122/deepfake_project/outputs_deepfake_project/dfdc_subset_77_jpg/test/real/real_001641.jpg,0.0,0.98773592710495,1
/media/D1/ait_users/staff122/deepfake_project/outputs_deepfake_project/dfdc_subset_77_jpg/test/real/real_001642.jpg,0.0,0.9931172132492065,1
/media/D1/ait_users/staff122/deepfake_project/outputs_deepfake_project/dfdc_subset_77_jpg/test/real/real_001643.jpg,0.0,0.9927271604537964,1
/media/D1/ait_users/staff122/deepfake_project/outputs_deepfake_project/dfdc_subset_77_jpg/test/real/real_001644.jpg,0.0,0.9926435351371765,1
/media/D1/ait_users/staff122/deepfake_project/outputs_deepfake_project/dfdc_subset_77_jpg/test/real/real_001645.jpg,0.0,0.7244527339935303,1
/media/D1/ait_users/staff122/deepfake_project/outputs_deepfake_project/dfdc_subset_77_jpg/test/real/real_001646.jpg,0.0,0.9130254983901978,1
/media/D1/ait_users/staff122/deepfake_project/outputs_deepfake_project/dfdc_subset_77_jpg/test/real/real_001647.jpg,0.0,0.9835995435714722,1
/media/D1/ait_users/staff122/deepfake_project/outputs_deepfake_project/dfdc_subset_77_jpg/test/real/real_001648.jpg,0.0,0.9472876191139221,1
/media/D1/ait_users/staff122/deepfake_project/outputs_deepfake_project/dfdc_subset_77_jpg/test/real/real_001649.jpg,0.0,0.9826846718788147,1
/media/D1/ait_users/staff122/deepfake_project/outputs_deepfake_project/dfdc_subset_77_jpg/test/real/real_001650.jpg,0.0,0.9522978663444519,1
/media/D1/ait_users/staff122/deepfake_project/outputs_deepfake_project/dfdc_subset_77_jpg/test/real/real_001651.jpg,0.0,0.9647822380065918,1
/media/D1/ait_users/staff122/deepfake_project/outputs_deepfake_project/dfdc_subset_77_jpg/test/real/real_001652.jpg,0.0,0.8830977082252502,1
/media/D1/ait_users/staff122/deepfake_project/outputs_deepfake_project/dfdc_subset_77_jpg/test/real/real_001653.jpg,0.0,0.9821956753730774,1
/media/D1/ait_users/staff122/deepfake_project/outputs_deepfake_project/dfdc_subset_77_jpg/test/real/real_001654.jpg,0.0,0.9566910862922668,1
/media/D1/ait_users/staff122/deepfake_project/outputs_deepfake_project/dfdc_subset_77_jpg/test/real/real_001655.jpg,0.0,0.9516714811325073,1
/media/D1/ait_users/staff122/deepfake_project/outputs_deepfake_project/dfdc_subset_77_jpg/test/real/real_001656.jpg,0.0,0.6968939304351807,1
/media/D1/ait_users/staff122/deepfake_project/outputs_deepfake_project/dfdc_subset_77_jpg/test/real/real_001657.jpg,0.0,0.9808430075645447,1
/media/D1/ait_users/staff122/deepfake_project/outputs_deepfake_project/dfdc_subset_77_jpg/test/real/real_001658.jpg,0.0,0.9913459420204163,1
/media/D1/ait_users/staff122/deepfake_project/outputs_deepfake_project/dfdc_subset_77_jpg/test/real/real_001659.jpg,0.0,0.9360793828964233,1
/media/D1/ait_users/staff122/deepfake_project/outputs_deepfake_project/dfdc_subset_77_jpg/test/real/real_001660.jpg,0.0,0.6460022330284119,1
/media/D1/ait_users/staff122/deepfake_project/outputs_deepfake_project/dfdc_subset_77_jpg/test/real/real_001661.jpg,0.0,0.7036070227622986,1
/media/D1/ait_users/staff122/deepfake_project/outputs_deepfake_project/dfdc_subset_77_jpg/test/real/real_001662.jpg,0.0,0.9507442116737366,1
/media/D1/ait_users/staff122/deepfake_project/outputs_deepfake_project/dfdc_subset_77_jpg/test/real/real_001663.jpg,0.0,0.9658359885215759,1
/media/D1/ait_users/staff122/deepfake_project/outputs_deepfake_project/dfdc_subset_77_jpg/test/real/real_001664.jpg,0.0,0.006542955059558153,0
/media/D1/ait_users/staff122/deepfake_project/outputs_deepfake_project/dfdc_subset_77_jpg/test/real/real_001665.jpg,0.0,0.0014613813254982233,0
/media/D1/ait_users/staff122/deepfake_project/outputs_deepfake_project/dfdc_subset_77_jpg/test/real/real_001666.jpg,0.0,0.0008388814167119563,0
/media/D1/ait_users/staff122/deepfake_project/outputs_deepfake_project/dfdc_subset_77_jpg/test/real/real_001667.jpg,0.0,0.0008165073813870549,0
/media/D1/ait_users/staff122/deepfake_project/outputs_deepfake_project/dfdc_subset_77_jpg/test/real/real_001668.jpg,0.0,0.002119547687470913,0
/media/D1/ait_users/staff122/deepfake_project/outputs_deepfake_project/dfdc_subset_77_jpg/test/real/real_001669.jpg,0.0,0.10340065509080887,0
/media/D1/ait_users/staff122/deepfake_project/outputs_deepfake_project/dfdc_subset_77_jpg/test/real/real_001670.jpg,0.0,0.1476769894361496,0
/media/D1/ait_users/staff122/deepfake_project/outputs_deepfake_project/dfdc_subset_77_jpg/test/real/real_001671.jpg,0.0,0.008225452154874802,0
/media/D1/ait_users/staff122/deepfake_project/outputs_deepfake_project/dfdc_subset_77_jpg/test/real/real_001672.jpg,0.0,0.011495165526866913,0
/media/D1/ait_users/staff122/deepfake_project/outputs_deepfake_project/dfdc_subset_77_jpg/test/real/real_001673.jpg,0.0,0.027205010876059532,0
/media/D1/ait_users/staff122/deepfake_project/outputs_deepfake_project/dfdc_subset_77_jpg/test/real/real_001674.jpg,0.0,0.017449742183089256,0
/media/D1/ait_users/staff122/deepfake_project/outputs_deepfake_project/dfdc_subset_77_jpg/test/real/real_001675.jpg,0.0,0.04787587746977806,0
/media/D1/ait_users/staff122/deepfake_project/outputs_deepfake_project/dfdc_subset_77_jpg/test/real/real_001676.jpg,0.0,0.015647077932953835,0
/media/D1/ait_users/staff122/deepfake_project/outputs_deepfake_project/dfdc_subset_77_jpg/test/real/real_001677.jpg,0.0,0.0977003276348114,0
/media/D1/ait_users/staff122/deepfake_project/outputs_deepfake_project/dfdc_subset_77_jpg/test/real/real_001678.jpg,0.0,0.005963784642517567,0
/media/D1/ait_users/staff122/deepfake_project/outputs_deepfake_project/dfdc_subset_77_jpg/test/real/real_001679.jpg,0.0,0.0020516240037977695,0
/media/D1/ait_users/staff122/deepfake_project/outputs_deepfake_project/dfdc_subset_77_jpg/test/real/real_001680.jpg,0.0,0.09863130748271942,0
/media/D1/ait_users/staff122/deepfake_project/outputs_deepfake_project/dfdc_subset_77_jpg/test/real/real_001681.jpg,0.0,0.03682319074869156,0
/media/D1/ait_users/staff122/deepfake_project/outputs_deepfake_project/dfdc_subset_77_jpg/test/real/real_001682.jpg,0.0,0.04319532960653305,0
/media/D1/ait_users/staff122/deepfake_project/outputs_deepfake_project/dfdc_subset_77_jpg/test/real/real_001683.jpg,0.0,0.017440352588891983,0
/media/D1/ait_users/staff122/deepfake_project/outputs_deepfake_project/dfdc_subset_77_jpg/test/real/real_001684.jpg,0.0,0.9911797642707825,1
/media/D1/ait_users/staff122/deepfake_project/outputs_deepfake_project/dfdc_subset_77_jpg/test/real/real_001685.jpg,0.0,0.039781149476766586,0
/media/D1/ait_users/staff122/deepfake_project/outputs_deepfake_project/dfdc_subset_77_jpg/test/real/real_001686.jpg,0.0,0.013891074806451797,0
/media/D1/ait_users/staff122/deepfake_project/outputs_deepfake_project/dfdc_subset_77_jpg/test/real/real_001687.jpg,0.0,0.006753910798579454,0
/media/D1/ait_users/staff122/deepfake_project/outputs_deepfake_project/dfdc_subset_77_jpg/test/real/real_001688.jpg,0.0,0.0004089524154551327,0
/media/D1/ait_users/staff122/deepfake_project/outputs_deepfake_project/dfdc_subset_77_jpg/test/real/real_001689.jpg,0.0,0.0008854580228216946,0
/media/D1/ait_users/staff122/deepfake_project/outputs_deepfake_project/dfdc_subset_77_jpg/test/real/real_001690.jpg,0.0,0.006632348522543907,0
/media/D1/ait_users/staff122/deepfake_project/outputs_deepfake_project/dfdc_subset_77_jpg/test/real/real_001691.jpg,0.0,0.052830055356025696,0
/media/D1/ait_users/staff122/deepfake_project/outputs_deepfake_project/dfdc_subset_77_jpg/test/real/real_001692.jpg,0.0,0.012218388728797436,0
/media/D1/ait_users/staff122/deepfake_project/outputs_deepfake_project/dfdc_subset_77_jpg/test/real/real_001693.jpg,0.0,0.06798424571752548,0
/media/D1/ait_users/staff122/deepfake_project/outputs_deepfake_project/dfdc_subset_77_jpg/test/real/real_001694.jpg,0.0,0.07385261356830597,0
/media/D1/ait_users/staff122/deepfake_project/outputs_deepfake_project/dfdc_subset_77_jpg/test/real/real_001695.jpg,0.0,0.1561114639043808,0
/media/D1/ait_users/staff122/deepfake_project/outputs_deepfake_project/dfdc_subset_77_jpg/test/real/real_001696.jpg,0.0,0.9976187348365784,1
/media/D1/ait_users/staff122/deepfake_project/outputs_deepfake_project/dfdc_subset_77_jpg/test/real/real_001697.jpg,0.0,0.7040885090827942,1
/media/D1/ait_users/staff122/deepfake_project/outputs_deepfake_project/dfdc_subset_77_jpg/test/real/real_001698.jpg,0.0,0.987848162651062,1
/media/D1/ait_users/staff122/deepfake_project/outputs_deepfake_project/dfdc_subset_77_jpg/test/real/real_001699.jpg,0.0,0.9931065440177917,1
/media/D1/ait_users/staff122/deepfake_project/outputs_deepfake_project/dfdc_subset_77_jpg/test/real/real_001700.jpg,0.0,0.781679093837738,1
/media/D1/ait_users/staff122/deepfake_project/outputs_deepfake_project/dfdc_subset_77_jpg/test/real/real_001701.jpg,0.0,0.8609141707420349,1
/media/D1/ait_users/staff122/deepfake_project/outputs_deepfake_project/dfdc_subset_77_jpg/test/real/real_001702.jpg,0.0,0.7834187150001526,1
/media/D1/ait_users/staff122/deepfake_project/outputs_deepfake_project/dfdc_subset_77_jpg/test/real/real_001703.jpg,0.0,0.9950006604194641,1
/media/D1/ait_users/staff122/deepfake_project/outputs_deepfake_project/dfdc_subset_77_jpg/test/real/real_001704.jpg,0.0,0.9687147736549377,1
/media/D1/ait_users/staff122/deepfake_project/outputs_deepfake_project/dfdc_subset_77_jpg/test/real/real_001705.jpg,0.0,0.9714192152023315,1
/media/D1/ait_users/staff122/deepfake_project/outputs_deepfake_project/dfdc_subset_77_jpg/test/real/real_001706.jpg,0.0,0.9887076616287231,1
/media/D1/ait_users/staff122/deepfake_project/outputs_deepfake_project/dfdc_subset_77_jpg/test/real/real_001707.jpg,0.0,0.9952366352081299,1
/media/D1/ait_users/staff122/deepfake_project/outputs_deepfake_project/dfdc_subset_77_jpg/test/real/real_001708.jpg,0.0,0.6368743777275085,1
/media/D1/ait_users/staff122/deepfake_project/outputs_deepfake_project/dfdc_subset_77_jpg/test/real/real_001709.jpg,0.0,0.5722695589065552,1
/media/D1/ait_users/staff122/deepfake_project/outputs_deepfake_project/dfdc_subset_77_jpg/test/real/real_001710.jpg,0.0,0.9858647584915161,1
/media/D1/ait_users/staff122/deepfake_project/outputs_deepfake_project/dfdc_subset_77_jpg/test/real/real_001711.jpg,0.0,0.9975025057792664,1
/media/D1/ait_users/staff122/deepfake_project/outputs_deepfake_project/dfdc_subset_77_jpg/test/real/real_001712.jpg,0.0,0.46232372522354126,0
/media/D1/ait_users/staff122/deepfake_project/outputs_deepfake_project/dfdc_subset_77_jpg/test/real/real_001713.jpg,0.0,0.9990299940109253,1
/media/D1/ait_users/staff122/deepfake_project/outputs_deepfake_project/dfdc_subset_77_jpg/test/real/real_001714.jpg,0.0,0.6009434461593628,1
/media/D1/ait_users/staff122/deepfake_project/outputs_deepfake_project/dfdc_subset_77_jpg/test/real/real_001715.jpg,0.0,0.7390614748001099,1
/media/D1/ait_users/staff122/deepfake_project/outputs_deepfake_project/dfdc_subset_77_jpg/test/real/real_001716.jpg,0.0,0.5967581868171692,1
/media/D1/ait_users/staff122/deepfake_project/outputs_deepfake_project/dfdc_subset_77_jpg/test/real/real_001717.jpg,0.0,0.662848949432373,1
/media/D1/ait_users/staff122/deepfake_project/outputs_deepfake_project/dfdc_subset_77_jpg/test/real/real_001718.jpg,0.0,0.8802652955055237,1
/media/D1/ait_users/staff122/deepfake_project/outputs_deepfake_project/dfdc_subset_77_jpg/test/real/real_001719.jpg,0.0,0.5091675519943237,1
/media/D1/ait_users/staff122/deepfake_project/outputs_deepfake_project/dfdc_subset_77_jpg/test/real/real_001720.jpg,0.0,0.5114590525627136,1
/media/D1/ait_users/staff122/deepfake_project/outputs_deepfake_project/dfdc_subset_77_jpg/test/real/real_001721.jpg,0.0,0.9857106804847717,1
/media/D1/ait_users/staff122/deepfake_project/outputs_deepfake_project/dfdc_subset_77_jpg/test/real/real_001722.jpg,0.0,0.5427007079124451,1
/media/D1/ait_users/staff122/deepfake_project/outputs_deepfake_project/dfdc_subset_77_jpg/test/real/real_001723.jpg,0.0,0.9925363063812256,1
/media/D1/ait_users/staff122/deepfake_project/outputs_deepfake_project/dfdc_subset_77_jpg/test/real/real_001724.jpg,0.0,0.8162263035774231,1
/media/D1/ait_users/staff122/deepfake_project/outputs_deepfake_project/dfdc_subset_77_jpg/test/real/real_001725.jpg,0.0,0.6457986831665039,1
/media/D1/ait_users/staff122/deepfake_project/outputs_deepfake_project/dfdc_subset_77_jpg/test/real/real_001726.jpg,0.0,0.6485311985015869,1
/media/D1/ait_users/staff122/deepfake_project/outputs_deepfake_project/dfdc_subset_77_jpg/test/real/real_001727.jpg,0.0,0.5168477892875671,1
/media/D1/ait_users/staff122/deepfake_project/outputs_deepfake_project/dfdc_subset_77_jpg/test/real/real_001728.jpg,0.0,0.058950889855623245,0
/media/D1/ait_users/staff122/deepfake_project/outputs_deepfake_project/dfdc_subset_77_jpg/test/real/real_001729.jpg,0.0,0.00453102495521307,0
/media/D1/ait_users/staff122/deepfake_project/outputs_deepfake_project/dfdc_subset_77_jpg/test/real/real_001730.jpg,0.0,0.02959957718849182,0
/media/D1/ait_users/staff122/deepfake_project/outputs_deepfake_project/dfdc_subset_77_jpg/test/real/real_001731.jpg,0.0,0.002516710665076971,0
/media/D1/ait_users/staff122/deepfake_project/outputs_deepfake_project/dfdc_subset_77_jpg/test/real/real_001732.jpg,0.0,0.002267541131004691,0
/media/D1/ait_users/staff122/deepfake_project/outputs_deepfake_project/dfdc_subset_77_jpg/test/real/real_001733.jpg,0.0,0.0030837287195026875,0
/media/D1/ait_users/staff122/deepfake_project/outputs_deepfake_project/dfdc_subset_77_jpg/test/real/real_001734.jpg,0.0,0.44411134719848633,0
/media/D1/ait_users/staff122/deepfake_project/outputs_deepfake_project/dfdc_subset_77_jpg/test/real/real_001735.jpg,0.0,0.0018655528547242284,0
/media/D1/ait_users/staff122/deepfake_project/outputs_deepfake_project/dfdc_subset_77_jpg/test/real/real_001736.jpg,0.0,0.0026668848004192114,0
/media/D1/ait_users/staff122/deepfake_project/outputs_deepfake_project/dfdc_subset_77_jpg/test/real/real_001737.jpg,0.0,0.2982352375984192,0
/media/D1/ait_users/staff122/deepfake_project/outputs_deepfake_project/dfdc_subset_77_jpg/test/real/real_001738.jpg,0.0,0.37402477860450745,0
/media/D1/ait_users/staff122/deepfake_project/outputs_deepfake_project/dfdc_subset_77_jpg/test/real/real_001739.jpg,0.0,0.07888999581336975,0
/media/D1/ait_users/staff122/deepfake_project/outputs_deepfake_project/dfdc_subset_77_jpg/test/real/real_001740.jpg,0.0,0.48756757378578186,0
/media/D1/ait_users/staff122/deepfake_project/outputs_deepfake_project/dfdc_subset_77_jpg/test/real/real_001741.jpg,0.0,0.017912747338414192,0
/media/D1/ait_users/staff122/deepfake_project/outputs_deepfake_project/dfdc_subset_77_jpg/test/real/real_001742.jpg,0.0,0.07113949209451675,0
/media/D1/ait_users/staff122/deepfake_project/outputs_deepfake_project/dfdc_subset_77_jpg/test/real/real_001743.jpg,0.0,0.0893326997756958,0
/media/D1/ait_users/staff122/deepfake_project/outputs_deepfake_project/dfdc_subset_77_jpg/test/real/real_001744.jpg,0.0,0.004081733990460634,0
/media/D1/ait_users/staff122/deepfake_project/outputs_deepfake_project/dfdc_subset_77_jpg/test/real/real_001745.jpg,0.0,0.013038517907261848,0
/media/D1/ait_users/staff122/deepfake_project/outputs_deepfake_project/dfdc_subset_77_jpg/test/real/real_001746.jpg,0.0,0.022681431844830513,0
/media/D1/ait_users/staff122/deepfake_project/outputs_deepfake_project/dfdc_subset_77_jpg/test/real/real_001747.jpg,0.0,0.06267668306827545,0
/media/D1/ait_users/staff122/deepfake_project/outputs_deepfake_project/dfdc_subset_77_jpg/test/real/real_001748.jpg,0.0,0.07135158777236938,0
/media/D1/ait_users/staff122/deepfake_project/outputs_deepfake_project/dfdc_subset_77_jpg/test/real/real_001749.jpg,0.0,0.057126305997371674,0
/media/D1/ait_users/staff122/deepfake_project/outputs_deepfake_project/dfdc_subset_77_jpg/test/real/real_001750.jpg,0.0,0.0911882072687149,0
/media/D1/ait_users/staff122/deepfake_project/outputs_deepfake_project/dfdc_subset_77_jpg/test/real/real_001751.jpg,0.0,0.32217735052108765,0
/media/D1/ait_users/staff122/deepfake_project/outputs_deepfake_project/dfdc_subset_77_jpg/test/real/real_001752.jpg,0.0,0.16612271964550018,0
/media/D1/ait_users/staff122/deepfake_project/outputs_deepfake_project/dfdc_subset_77_jpg/test/real/real_001753.jpg,0.0,0.05664048343896866,0
/media/D1/ait_users/staff122/deepfake_project/outputs_deepfake_project/dfdc_subset_77_jpg/test/real/real_001754.jpg,0.0,0.0909043401479721,0
/media/D1/ait_users/staff122/deepfake_project/outputs_deepfake_project/dfdc_subset_77_jpg/test/real/real_001755.jpg,0.0,0.23056906461715698,0
/media/D1/ait_users/staff122/deepfake_project/outputs_deepfake_project/dfdc_subset_77_jpg/test/real/real_001756.jpg,0.0,0.9975888729095459,1
/media/D1/ait_users/staff122/deepfake_project/outputs_deepfake_project/dfdc_subset_77_jpg/test/real/real_001757.jpg,0.0,0.10535577684640884,0
/media/D1/ait_users/staff122/deepfake_project/outputs_deepfake_project/dfdc_subset_77_jpg/test/real/real_001758.jpg,0.0,0.36586353182792664,0
/media/D1/ait_users/staff122/deepfake_project/outputs_deepfake_project/dfdc_subset_77_jpg/test/real/real_001759.jpg,0.0,0.2457677572965622,0
/media/D1/ait_users/staff122/deepfake_project/outputs_deepfake_project/dfdc_subset_77_jpg/test/real/real_001760.jpg,0.0,0.938453733921051,1
/media/D1/ait_users/staff122/deepfake_project/outputs_deepfake_project/dfdc_subset_77_jpg/test/real/real_001761.jpg,0.0,0.8571633696556091,1
/media/D1/ait_users/staff122/deepfake_project/outputs_deepfake_project/dfdc_subset_77_jpg/test/real/real_001762.jpg,0.0,0.9136164784431458,1
/media/D1/ait_users/staff122/deepfake_project/outputs_deepfake_project/dfdc_subset_77_jpg/test/real/real_001763.jpg,0.0,0.623312771320343,1
/media/D1/ait_users/staff122/deepfake_project/outputs_deepfake_project/dfdc_subset_77_jpg/test/real/real_001764.jpg,0.0,0.9267842769622803,1
/media/D1/ait_users/staff122/deepfake_project/outputs_deepfake_project/dfdc_subset_77_jpg/test/real/real_001765.jpg,0.0,0.5679107308387756,1
/media/D1/ait_users/staff122/deepfake_project/outputs_deepfake_project/dfdc_subset_77_jpg/test/real/real_001766.jpg,0.0,0.7973837852478027,1
/media/D1/ait_users/staff122/deepfake_project/outputs_deepfake_project/dfdc_subset_77_jpg/test/real/real_001767.jpg,0.0,0.9296533465385437,1
/media/D1/ait_users/staff122/deepfake_project/outputs_deepfake_project/dfdc_subset_77_jpg/test/real/real_001768.jpg,0.0,0.8602599501609802,1
/media/D1/ait_users/staff122/deepfake_project/outputs_deepfake_project/dfdc_subset_77_jpg/test/real/real_001769.jpg,0.0,0.6554189324378967,1
/media/D1/ait_users/staff122/deepfake_project/outputs_deepfake_project/dfdc_subset_77_jpg/test/real/real_001770.jpg,0.0,0.8530755043029785,1
/media/D1/ait_users/staff122/deepfake_project/outputs_deepfake_project/dfdc_subset_77_jpg/test/real/real_001771.jpg,0.0,0.7516419291496277,1
/media/D1/ait_users/staff122/deepfake_project/outputs_deepfake_project/dfdc_subset_77_jpg/test/real/real_001772.jpg,0.0,0.09304460138082504,0
/media/D1/ait_users/staff122/deepfake_project/outputs_deepfake_project/dfdc_subset_77_jpg/test/real/real_001773.jpg,0.0,0.7746957540512085,1
/media/D1/ait_users/staff122/deepfake_project/outputs_deepfake_project/dfdc_subset_77_jpg/test/real/real_001774.jpg,0.0,0.4184640049934387,0
/media/D1/ait_users/staff122/deepfake_project/outputs_deepfake_project/dfdc_subset_77_jpg/test/real/real_001775.jpg,0.0,0.5383807420730591,1
/media/D1/ait_users/staff122/deepfake_project/outputs_deepfake_project/dfdc_subset_77_jpg/test/real/real_001776.jpg,0.0,0.4079664647579193,0
/media/D1/ait_users/staff122/deepfake_project/outputs_deepfake_project/dfdc_subset_77_jpg/test/real/real_001777.jpg,0.0,0.25062575936317444,0
/media/D1/ait_users/staff122/deepfake_project/outputs_deepfake_project/dfdc_subset_77_jpg/test/real/real_001778.jpg,0.0,0.2870654761791229,0
/media/D1/ait_users/staff122/deepfake_project/outputs_deepfake_project/dfdc_subset_77_jpg/test/real/real_001779.jpg,0.0,0.474893718957901,0
/media/D1/ait_users/staff122/deepfake_project/outputs_deepfake_project/dfdc_subset_77_jpg/test/real/real_001780.jpg,0.0,0.7754665613174438,1
/media/D1/ait_users/staff122/deepfake_project/outputs_deepfake_project/dfdc_subset_77_jpg/test/real/real_001781.jpg,0.0,0.7861864566802979,1
/media/D1/ait_users/staff122/deepfake_project/outputs_deepfake_project/dfdc_subset_77_jpg/test/real/real_001782.jpg,0.0,0.07440808415412903,0
/media/D1/ait_users/staff122/deepfake_project/outputs_deepfake_project/dfdc_subset_77_jpg/test/real/real_001783.jpg,0.0,0.03368273377418518,0
/media/D1/ait_users/staff122/deepfake_project/outputs_deepfake_project/dfdc_subset_77_jpg/test/real/real_001784.jpg,0.0,0.549612283706665,1
/media/D1/ait_users/staff122/deepfake_project/outputs_deepfake_project/dfdc_subset_77_jpg/test/real/real_001785.jpg,0.0,0.7388665080070496,1
/media/D1/ait_users/staff122/deepfake_project/outputs_deepfake_project/dfdc_subset_77_jpg/test/real/real_001786.jpg,0.0,0.8140140175819397,1
/media/D1/ait_users/staff122/deepfake_project/outputs_deepfake_project/dfdc_subset_77_jpg/test/real/real_001787.jpg,0.0,0.2232854664325714,0
/media/D1/ait_users/staff122/deepfake_project/outputs_deepfake_project/dfdc_subset_77_jpg/test/real/real_001788.jpg,0.0,0.5431896448135376,1
/media/D1/ait_users/staff122/deepfake_project/outputs_deepfake_project/dfdc_subset_77_jpg/test/real/real_001789.jpg,0.0,0.3476492166519165,0
/media/D1/ait_users/staff122/deepfake_project/outputs_deepfake_project/dfdc_subset_77_jpg/test/real/real_001790.jpg,0.0,0.5199676156044006,1
/media/D1/ait_users/staff122/deepfake_project/outputs_deepfake_project/dfdc_subset_77_jpg/test/real/real_001791.jpg,0.0,0.461112380027771,0
/media/D1/ait_users/staff122/deepfake_project/outputs_deepfake_project/dfdc_subset_77_jpg/test/real/real_001792.jpg,0.0,0.0004908412811346352,0
/media/D1/ait_users/staff122/deepfake_project/outputs_deepfake_project/dfdc_subset_77_jpg/test/real/real_001793.jpg,0.0,0.0002862252003978938,0
/media/D1/ait_users/staff122/deepfake_project/outputs_deepfake_project/dfdc_subset_77_jpg/test/real/real_001794.jpg,0.0,0.000756364781409502,0
/media/D1/ait_users/staff122/deepfake_project/outputs_deepfake_project/dfdc_subset_77_jpg/test/real/real_001795.jpg,0.0,0.00423298217356205,0
/media/D1/ait_users/staff122/deepfake_project/outputs_deepfake_project/dfdc_subset_77_jpg/test/real/real_001796.jpg,0.0,0.002231955761089921,0
/media/D1/ait_users/staff122/deepfake_project/outputs_deepfake_project/dfdc_subset_77_jpg/test/real/real_001797.jpg,0.0,0.008273041807115078,0
/media/D1/ait_users/staff122/deepfake_project/outputs_deepfake_project/dfdc_subset_77_jpg/test/real/real_001798.jpg,0.0,0.0019392070826143026,0
/media/D1/ait_users/staff122/deepfake_project/outputs_deepfake_project/dfdc_subset_77_jpg/test/real/real_001799.jpg,0.0,0.0035909211728721857,0
/media/D1/ait_users/staff122/deepfake_project/outputs_deepfake_project/dfdc_subset_77_jpg/test/real/real_001800.jpg,0.0,0.0009224802488461137,0
/media/D1/ait_users/staff122/deepfake_project/outputs_deepfake_project/dfdc_subset_77_jpg/test/real/real_001801.jpg,0.0,0.0006660989602096379,0
/media/D1/ait_users/staff122/deepfake_project/outputs_deepfake_project/dfdc_subset_77_jpg/test/real/real_001802.jpg,0.0,0.003338767448440194,0
/media/D1/ait_users/staff122/deepfake_project/outputs_deepfake_project/dfdc_subset_77_jpg/test/real/real_001803.jpg,0.0,0.010286509059369564,0
/media/D1/ait_users/staff122/deepfake_project/outputs_deepfake_project/dfdc_subset_77_jpg/test/real/real_001804.jpg,0.0,0.027891406789422035,0
/media/D1/ait_users/staff122/deepfake_project/outputs_deepfake_project/dfdc_subset_77_jpg/test/real/real_001805.jpg,0.0,0.0026363302022218704,0
/media/D1/ait_users/staff122/deepfake_project/outputs_deepfake_project/dfdc_subset_77_jpg/test/real/real_001806.jpg,0.0,0.004122834652662277,0
/media/D1/ait_users/staff122/deepfake_project/outputs_deepfake_project/dfdc_subset_77_jpg/test/real/real_001807.jpg,0.0,0.004625950939953327,0
/media/D1/ait_users/staff122/deepfake_project/outputs_deepfake_project/dfdc_subset_77_jpg/test/real/real_001808.jpg,0.0,0.003451500553637743,0
/media/D1/ait_users/staff122/deepfake_project/outputs_deepfake_project/dfdc_subset_77_jpg/test/real/real_001809.jpg,0.0,0.0033755521290004253,0
/media/D1/ait_users/staff122/deepfake_project/outputs_deepfake_project/dfdc_subset_77_jpg/test/real/real_001810.jpg,0.0,0.001640237751416862,0
/media/D1/ait_users/staff122/deepfake_project/outputs_deepfake_project/dfdc_subset_77_jpg/test/real/real_001811.jpg,0.0,0.002234075218439102,0
/media/D1/ait_users/staff122/deepfake_project/outputs_deepfake_project/dfdc_subset_77_jpg/test/real/real_001812.jpg,0.0,0.0009666690602898598,0
/media/D1/ait_users/staff122/deepfake_project/outputs_deepfake_project/dfdc_subset_77_jpg/test/real/real_001813.jpg,0.0,0.0009206508402712643,0
/media/D1/ait_users/staff122/deepfake_project/outputs_deepfake_project/dfdc_subset_77_jpg/test/real/real_001814.jpg,0.0,0.0005482565611600876,0
/media/D1/ait_users/staff122/deepfake_project/outputs_deepfake_project/dfdc_subset_77_jpg/test/real/real_001815.jpg,0.0,0.0009524867055006325,0
/media/D1/ait_users/staff122/deepfake_project/outputs_deepfake_project/dfdc_subset_77_jpg/test/real/real_001816.jpg,0.0,0.0010266100289300084,0
/media/D1/ait_users/staff122/deepfake_project/outputs_deepfake_project/dfdc_subset_77_jpg/test/real/real_001817.jpg,0.0,0.0003329179889988154,0
/media/D1/ait_users/staff122/deepfake_project/outputs_deepfake_project/dfdc_subset_77_jpg/test/real/real_001818.jpg,0.0,0.013430793769657612,0
/media/D1/ait_users/staff122/deepfake_project/outputs_deepfake_project/dfdc_subset_77_jpg/test/real/real_001819.jpg,0.0,0.002081683836877346,0
/media/D1/ait_users/staff122/deepfake_project/outputs_deepfake_project/dfdc_subset_77_jpg/test/real/real_001820.jpg,0.0,0.0014465667773038149,0
/media/D1/ait_users/staff122/deepfake_project/outputs_deepfake_project/dfdc_subset_77_jpg/test/real/real_001821.jpg,0.0,0.0012894768733531237,0
/media/D1/ait_users/staff122/deepfake_project/outputs_deepfake_project/dfdc_subset_77_jpg/test/real/real_001822.jpg,0.0,0.012012465856969357,0
/media/D1/ait_users/staff122/deepfake_project/outputs_deepfake_project/dfdc_subset_77_jpg/test/real/real_001823.jpg,0.0,0.002095344476401806,0
/media/D1/ait_users/staff122/deepfake_project/outputs_deepfake_project/dfdc_subset_77_jpg/test/real/real_001824.jpg,0.0,0.007139756344258785,0
/media/D1/ait_users/staff122/deepfake_project/outputs_deepfake_project/dfdc_subset_77_jpg/test/real/real_001825.jpg,0.0,0.0048363241367042065,0
/media/D1/ait_users/staff122/deepfake_project/outputs_deepfake_project/dfdc_subset_77_jpg/test/real/real_001826.jpg,0.0,0.043047189712524414,0
/media/D1/ait_users/staff122/deepfake_project/outputs_deepfake_project/dfdc_subset_77_jpg/test/real/real_001827.jpg,0.0,0.022085698321461678,0
/media/D1/ait_users/staff122/deepfake_project/outputs_deepfake_project/dfdc_subset_77_jpg/test/real/real_001828.jpg,0.0,0.5203750133514404,1
/media/D1/ait_users/staff122/deepfake_project/outputs_deepfake_project/dfdc_subset_77_jpg/test/real/real_001829.jpg,0.0,0.8084420561790466,1
/media/D1/ait_users/staff122/deepfake_project/outputs_deepfake_project/dfdc_subset_77_jpg/test/real/real_001830.jpg,0.0,0.14331603050231934,0
/media/D1/ait_users/staff122/deepfake_project/outputs_deepfake_project/dfdc_subset_77_jpg/test/real/real_001831.jpg,0.0,0.04540930688381195,0
/media/D1/ait_users/staff122/deepfake_project/outputs_deepfake_project/dfdc_subset_77_jpg/test/real/real_001832.jpg,0.0,0.08141529560089111,0
/media/D1/ait_users/staff122/deepfake_project/outputs_deepfake_project/dfdc_subset_77_jpg/test/real/real_001833.jpg,0.0,0.1530972123146057,0
/media/D1/ait_users/staff122/deepfake_project/outputs_deepfake_project/dfdc_subset_77_jpg/test/real/real_001834.jpg,0.0,0.6465598344802856,1
/media/D1/ait_users/staff122/deepfake_project/outputs_deepfake_project/dfdc_subset_77_jpg/test/real/real_001835.jpg,0.0,0.6707125902175903,1
/media/D1/ait_users/staff122/deepfake_project/outputs_deepfake_project/dfdc_subset_77_jpg/test/real/real_001836.jpg,0.0,0.09256897121667862,0
/media/D1/ait_users/staff122/deepfake_project/outputs_deepfake_project/dfdc_subset_77_jpg/test/real/real_001837.jpg,0.0,0.013377068564295769,0
/media/D1/ait_users/staff122/deepfake_project/outputs_deepfake_project/dfdc_subset_77_jpg/test/real/real_001838.jpg,0.0,0.06236199289560318,0
/media/D1/ait_users/staff122/deepfake_project/outputs_deepfake_project/dfdc_subset_77_jpg/test/real/real_001839.jpg,0.0,0.011315129697322845,0
/media/D1/ait_users/staff122/deepfake_project/outputs_deepfake_project/dfdc_subset_77_jpg/test/real/real_001840.jpg,0.0,0.003874940099194646,0
/media/D1/ait_users/staff122/deepfake_project/outputs_deepfake_project/dfdc_subset_77_jpg/test/real/real_001841.jpg,0.0,0.5142351388931274,1
/media/D1/ait_users/staff122/deepfake_project/outputs_deepfake_project/dfdc_subset_77_jpg/test/real/real_001842.jpg,0.0,0.688771665096283,1
/media/D1/ait_users/staff122/deepfake_project/outputs_deepfake_project/dfdc_subset_77_jpg/test/real/real_001843.jpg,0.0,0.6716952323913574,1
/media/D1/ait_users/staff122/deepfake_project/outputs_deepfake_project/dfdc_subset_77_jpg/test/real/real_001844.jpg,0.0,0.23522602021694183,0
/media/D1/ait_users/staff122/deepfake_project/outputs_deepfake_project/dfdc_subset_77_jpg/test/real/real_001845.jpg,0.0,0.00990314967930317,0
/media/D1/ait_users/staff122/deepfake_project/outputs_deepfake_project/dfdc_subset_77_jpg/test/real/real_001846.jpg,0.0,0.725722074508667,1
/media/D1/ait_users/staff122/deepfake_project/outputs_deepfake_project/dfdc_subset_77_jpg/test/real/real_001847.jpg,0.0,0.4452032148838043,0
/media/D1/ait_users/staff122/deepfake_project/outputs_deepfake_project/dfdc_subset_77_jpg/test/real/real_001848.jpg,0.0,0.04289517551660538,0
/media/D1/ait_users/staff122/deepfake_project/outputs_deepfake_project/dfdc_subset_77_jpg/test/real/real_001849.jpg,0.0,0.030262304469943047,0
/media/D1/ait_users/staff122/deepfake_project/outputs_deepfake_project/dfdc_subset_77_jpg/test/real/real_001850.jpg,0.0,0.03911956399679184,0
/media/D1/ait_users/staff122/deepfake_project/outputs_deepfake_project/dfdc_subset_77_jpg/test/real/real_001851.jpg,0.0,0.05442197248339653,0
/media/D1/ait_users/staff122/deepfake_project/outputs_deepfake_project/dfdc_subset_77_jpg/test/real/real_001852.jpg,0.0,0.020339101552963257,0
/media/D1/ait_users/staff122/deepfake_project/outputs_deepfake_project/dfdc_subset_77_jpg/test/real/real_001853.jpg,0.0,0.1813734769821167,0
/media/D1/ait_users/staff122/deepfake_project/outputs_deepfake_project/dfdc_subset_77_jpg/test/real/real_001854.jpg,0.0,0.30251049995422363,0
/media/D1/ait_users/staff122/deepfake_project/outputs_deepfake_project/dfdc_subset_77_jpg/test/real/real_001855.jpg,0.0,0.07457789033651352,0
/media/D1/ait_users/staff122/deepfake_project/outputs_deepfake_project/dfdc_subset_77_jpg/test/real/real_001856.jpg,0.0,0.9667341113090515,1
/media/D1/ait_users/staff122/deepfake_project/outputs_deepfake_project/dfdc_subset_77_jpg/test/real/real_001857.jpg,0.0,0.7751675844192505,1
/media/D1/ait_users/staff122/deepfake_project/outputs_deepfake_project/dfdc_subset_77_jpg/test/real/real_001858.jpg,0.0,0.9602161049842834,1
/media/D1/ait_users/staff122/deepfake_project/outputs_deepfake_project/dfdc_subset_77_jpg/test/real/real_001859.jpg,0.0,0.7556868195533752,1
/media/D1/ait_users/staff122/deepfake_project/outputs_deepfake_project/dfdc_subset_77_jpg/test/real/real_001860.jpg,0.0,0.9438221454620361,1
/media/D1/ait_users/staff122/deepfake_project/outputs_deepfake_project/dfdc_subset_77_jpg/test/real/real_001861.jpg,0.0,0.9614112377166748,1
/media/D1/ait_users/staff122/deepfake_project/outputs_deepfake_project/dfdc_subset_77_jpg/test/real/real_001862.jpg,0.0,0.9034079313278198,1
/media/D1/ait_users/staff122/deepfake_project/outputs_deepfake_project/dfdc_subset_77_jpg/test/real/real_001863.jpg,0.0,0.9435877203941345,1
/media/D1/ait_users/staff122/deepfake_project/outputs_deepfake_project/dfdc_subset_77_jpg/test/real/real_001864.jpg,0.0,0.682522177696228,1
/media/D1/ait_users/staff122/deepfake_project/outputs_deepfake_project/dfdc_subset_77_jpg/test/real/real_001865.jpg,0.0,0.7749342322349548,1
/media/D1/ait_users/staff122/deepfake_project/outputs_deepfake_project/dfdc_subset_77_jpg/test/real/real_001866.jpg,0.0,0.9035077691078186,1
/media/D1/ait_users/staff122/deepfake_project/outputs_deepfake_project/dfdc_subset_77_jpg/test/real/real_001867.jpg,0.0,0.9010236859321594,1
/media/D1/ait_users/staff122/deepfake_project/outputs_deepfake_project/dfdc_subset_77_jpg/test/real/real_001868.jpg,0.0,0.8766536116600037,1
/media/D1/ait_users/staff122/deepfake_project/outputs_deepfake_project/dfdc_subset_77_jpg/test/real/real_001869.jpg,0.0,0.8751053810119629,1
/media/D1/ait_users/staff122/deepfake_project/outputs_deepfake_project/dfdc_subset_77_jpg/test/real/real_001870.jpg,0.0,0.7099406719207764,1
/media/D1/ait_users/staff122/deepfake_project/outputs_deepfake_project/dfdc_subset_77_jpg/test/real/real_001871.jpg,0.0,0.8755428791046143,1
/media/D1/ait_users/staff122/deepfake_project/outputs_deepfake_project/dfdc_subset_77_jpg/test/real/real_001872.jpg,0.0,0.9088155031204224,1
/media/D1/ait_users/staff122/deepfake_project/outputs_deepfake_project/dfdc_subset_77_jpg/test/real/real_001873.jpg,0.0,0.9139873385429382,1
/media/D1/ait_users/staff122/deepfake_project/outputs_deepfake_project/dfdc_subset_77_jpg/test/real/real_001874.jpg,0.0,0.9551526308059692,1
/media/D1/ait_users/staff122/deepfake_project/outputs_deepfake_project/dfdc_subset_77_jpg/test/real/real_001875.jpg,0.0,0.9984885454177856,1
/media/D1/ait_users/staff122/deepfake_project/outputs_deepfake_project/dfdc_subset_77_jpg/test/real/real_001876.jpg,0.0,0.9389467239379883,1
/media/D1/ait_users/staff122/deepfake_project/outputs_deepfake_project/dfdc_subset_77_jpg/test/real/real_001877.jpg,0.0,0.9897488951683044,1
/media/D1/ait_users/staff122/deepfake_project/outputs_deepfake_project/dfdc_subset_77_jpg/test/real/real_001878.jpg,0.0,0.9200958013534546,1
/media/D1/ait_users/staff122/deepfake_project/outputs_deepfake_project/dfdc_subset_77_jpg/test/real/real_001879.jpg,0.0,0.986170768737793,1
/media/D1/ait_users/staff122/deepfake_project/outputs_deepfake_project/dfdc_subset_77_jpg/test/real/real_001880.jpg,0.0,0.7148844003677368,1
/media/D1/ait_users/staff122/deepfake_project/outputs_deepfake_project/dfdc_subset_77_jpg/test/real/real_001881.jpg,0.0,0.9641873240470886,1
/media/D1/ait_users/staff122/deepfake_project/outputs_deepfake_project/dfdc_subset_77_jpg/test/real/real_001882.jpg,0.0,0.9684690833091736,1
/media/D1/ait_users/staff122/deepfake_project/outputs_deepfake_project/dfdc_subset_77_jpg/test/real/real_001883.jpg,0.0,0.6363366842269897,1
/media/D1/ait_users/staff122/deepfake_project/outputs_deepfake_project/dfdc_subset_77_jpg/test/real/real_001884.jpg,0.0,0.9075189828872681,1
/media/D1/ait_users/staff122/deepfake_project/outputs_deepfake_project/dfdc_subset_77_jpg/test/real/real_001885.jpg,0.0,0.8978404998779297,1
/media/D1/ait_users/staff122/deepfake_project/outputs_deepfake_project/dfdc_subset_77_jpg/test/real/real_001886.jpg,0.0,0.8985562920570374,1
/media/D1/ait_users/staff122/deepfake_project/outputs_deepfake_project/dfdc_subset_77_jpg/test/real/real_001887.jpg,0.0,0.9097511768341064,1
/media/D1/ait_users/staff122/deepfake_project/outputs_deepfake_project/dfdc_subset_77_jpg/test/real/real_001888.jpg,0.0,0.8896259665489197,1
/media/D1/ait_users/staff122/deepfake_project/outputs_deepfake_project/dfdc_subset_77_jpg/test/real/real_001889.jpg,0.0,0.16658392548561096,0
/media/D1/ait_users/staff122/deepfake_project/outputs_deepfake_project/dfdc_subset_77_jpg/test/real/real_001890.jpg,0.0,0.0478515587747097,0
/media/D1/ait_users/staff122/deepfake_project/outputs_deepfake_project/dfdc_subset_77_jpg/test/real/real_001891.jpg,0.0,0.06202353164553642,0
/media/D1/ait_users/staff122/deepfake_project/outputs_deepfake_project/dfdc_subset_77_jpg/test/real/real_001892.jpg,0.0,0.24134178459644318,0
/media/D1/ait_users/staff122/deepfake_project/outputs_deepfake_project/dfdc_subset_77_jpg/test/real/real_001893.jpg,0.0,0.7192785739898682,1
/media/D1/ait_users/staff122/deepfake_project/outputs_deepfake_project/dfdc_subset_77_jpg/test/real/real_001894.jpg,0.0,0.02038848027586937,0
/media/D1/ait_users/staff122/deepfake_project/outputs_deepfake_project/dfdc_subset_77_jpg/test/real/real_001895.jpg,0.0,0.09788758307695389,0
/media/D1/ait_users/staff122/deepfake_project/outputs_deepfake_project/dfdc_subset_77_jpg/test/real/real_001896.jpg,0.0,0.31197717785835266,0
/media/D1/ait_users/staff122/deepfake_project/outputs_deepfake_project/dfdc_subset_77_jpg/test/real/real_001897.jpg,0.0,0.035943079739809036,0
/media/D1/ait_users/staff122/deepfake_project/outputs_deepfake_project/dfdc_subset_77_jpg/test/real/real_001898.jpg,0.0,0.037947483360767365,0
/media/D1/ait_users/staff122/deepfake_project/outputs_deepfake_project/dfdc_subset_77_jpg/test/real/real_001899.jpg,0.0,0.8137081265449524,1
/media/D1/ait_users/staff122/deepfake_project/outputs_deepfake_project/dfdc_subset_77_jpg/test/real/real_001900.jpg,0.0,0.4448128342628479,0
/media/D1/ait_users/staff122/deepfake_project/outputs_deepfake_project/dfdc_subset_77_jpg/test/real/real_001901.jpg,0.0,0.6247069835662842,1
/media/D1/ait_users/staff122/deepfake_project/outputs_deepfake_project/dfdc_subset_77_jpg/test/real/real_001902.jpg,0.0,0.6394799947738647,1
/media/D1/ait_users/staff122/deepfake_project/outputs_deepfake_project/dfdc_subset_77_jpg/test/real/real_001903.jpg,0.0,0.3884139060974121,0
/media/D1/ait_users/staff122/deepfake_project/outputs_deepfake_project/dfdc_subset_77_jpg/test/real/real_001904.jpg,0.0,0.5115115642547607,1
/media/D1/ait_users/staff122/deepfake_project/outputs_deepfake_project/dfdc_subset_77_jpg/test/real/real_001905.jpg,0.0,0.02260865829885006,0
/media/D1/ait_users/staff122/deepfake_project/outputs_deepfake_project/dfdc_subset_77_jpg/test/real/real_001906.jpg,0.0,0.010688518173992634,0
/media/D1/ait_users/staff122/deepfake_project/outputs_deepfake_project/dfdc_subset_77_jpg/test/real/real_001907.jpg,0.0,0.007410969119518995,0
/media/D1/ait_users/staff122/deepfake_project/outputs_deepfake_project/dfdc_subset_77_jpg/test/real/real_001908.jpg,0.0,0.8719786405563354,1
/media/D1/ait_users/staff122/deepfake_project/outputs_deepfake_project/dfdc_subset_77_jpg/test/real/real_001909.jpg,0.0,0.6705671548843384,1
/media/D1/ait_users/staff122/deepfake_project/outputs_deepfake_project/dfdc_subset_77_jpg/test/real/real_001910.jpg,0.0,0.37239113450050354,0
/media/D1/ait_users/staff122/deepfake_project/outputs_deepfake_project/dfdc_subset_77_jpg/test/real/real_001911.jpg,0.0,0.08448605984449387,0
/media/D1/ait_users/staff122/deepfake_project/outputs_deepfake_project/dfdc_subset_77_jpg/test/real/real_001912.jpg,0.0,0.17814259231090546,0
/media/D1/ait_users/staff122/deepfake_project/outputs_deepfake_project/dfdc_subset_77_jpg/test/real/real_001913.jpg,0.0,0.1264130175113678,0
/media/D1/ait_users/staff122/deepfake_project/outputs_deepfake_project/dfdc_subset_77_jpg/test/real/real_001914.jpg,0.0,0.6953798532485962,1
/media/D1/ait_users/staff122/deepfake_project/outputs_deepfake_project/dfdc_subset_77_jpg/test/real/real_001915.jpg,0.0,0.03716740384697914,0
/media/D1/ait_users/staff122/deepfake_project/outputs_deepfake_project/dfdc_subset_77_jpg/test/real/real_001916.jpg,0.0,0.024485396221280098,0
/media/D1/ait_users/staff122/deepfake_project/outputs_deepfake_project/dfdc_subset_77_jpg/test/real/real_001917.jpg,0.0,0.8408947587013245,1
/media/D1/ait_users/staff122/deepfake_project/outputs_deepfake_project/dfdc_subset_77_jpg/test/real/real_001918.jpg,0.0,0.6088241934776306,1
/media/D1/ait_users/staff122/deepfake_project/outputs_deepfake_project/dfdc_subset_77_jpg/test/real/real_001919.jpg,0.0,0.557357132434845,1
/media/D1/ait_users/staff122/deepfake_project/outputs_deepfake_project/dfdc_subset_77_jpg/test/real/real_001920.jpg,0.0,0.0009989123791456223,0
/media/D1/ait_users/staff122/deepfake_project/outputs_deepfake_project/dfdc_subset_77_jpg/test/real/real_001921.jpg,0.0,0.001540796714834869,0
/media/D1/ait_users/staff122/deepfake_project/outputs_deepfake_project/dfdc_subset_77_jpg/test/real/real_001922.jpg,0.0,0.001116050872951746,0
/media/D1/ait_users/staff122/deepfake_project/outputs_deepfake_project/dfdc_subset_77_jpg/test/real/real_001923.jpg,0.0,0.9784958958625793,1
/media/D1/ait_users/staff122/deepfake_project/outputs_deepfake_project/dfdc_subset_77_jpg/test/real/real_001924.jpg,0.0,0.0020692988764494658,0
/media/D1/ait_users/staff122/deepfake_project/outputs_deepfake_project/dfdc_subset_77_jpg/test/real/real_001925.jpg,0.0,0.001118763699196279,0
/media/D1/ait_users/staff122/deepfake_project/outputs_deepfake_project/dfdc_subset_77_jpg/test/real/real_001926.jpg,0.0,0.0011243043700233102,0
/media/D1/ait_users/staff122/deepfake_project/outputs_deepfake_project/dfdc_subset_77_jpg/test/real/real_001927.jpg,0.0,0.0016316367546096444,0
/media/D1/ait_users/staff122/deepfake_project/outputs_deepfake_project/dfdc_subset_77_jpg/test/real/real_001928.jpg,0.0,0.0051777176558971405,0
/media/D1/ait_users/staff122/deepfake_project/outputs_deepfake_project/dfdc_subset_77_jpg/test/real/real_001929.jpg,0.0,0.0027928357012569904,0
/media/D1/ait_users/staff122/deepfake_project/outputs_deepfake_project/dfdc_subset_77_jpg/test/real/real_001930.jpg,0.0,0.014578405767679214,0
/media/D1/ait_users/staff122/deepfake_project/outputs_deepfake_project/dfdc_subset_77_jpg/test/real/real_001931.jpg,0.0,0.0013913667062297463,0
/media/D1/ait_users/staff122/deepfake_project/outputs_deepfake_project/dfdc_subset_77_jpg/test/real/real_001932.jpg,0.0,0.002172653330489993,0
/media/D1/ait_users/staff122/deepfake_project/outputs_deepfake_project/dfdc_subset_77_jpg/test/real/real_001933.jpg,0.0,0.002113159978762269,0
/media/D1/ait_users/staff122/deepfake_project/outputs_deepfake_project/dfdc_subset_77_jpg/test/real/real_001934.jpg,0.0,0.0038233939558267593,0
/media/D1/ait_users/staff122/deepfake_project/outputs_deepfake_project/dfdc_subset_77_jpg/test/real/real_001935.jpg,0.0,0.005783132743090391,0
/media/D1/ait_users/staff122/deepfake_project/outputs_deepfake_project/dfdc_subset_77_jpg/test/real/real_001936.jpg,0.0,0.001743640168569982,0
/media/D1/ait_users/staff122/deepfake_project/outputs_deepfake_project/dfdc_subset_77_jpg/test/real/real_001937.jpg,0.0,0.23181957006454468,0
/media/D1/ait_users/staff122/deepfake_project/outputs_deepfake_project/dfdc_subset_77_jpg/test/real/real_001938.jpg,0.0,0.10122286528348923,0
/media/D1/ait_users/staff122/deepfake_project/outputs_deepfake_project/dfdc_subset_77_jpg/test/real/real_001939.jpg,0.0,0.73542720079422,1
/media/D1/ait_users/staff122/deepfake_project/outputs_deepfake_project/dfdc_subset_77_jpg/test/real/real_001940.jpg,0.0,0.9626886248588562,1
/media/D1/ait_users/staff122/deepfake_project/outputs_deepfake_project/dfdc_subset_77_jpg/test/real/real_001941.jpg,0.0,0.9654437899589539,1
/media/D1/ait_users/staff122/deepfake_project/outputs_deepfake_project/dfdc_subset_77_jpg/test/real/real_001942.jpg,0.0,0.5153148770332336,1
/media/D1/ait_users/staff122/deepfake_project/outputs_deepfake_project/dfdc_subset_77_jpg/test/real/real_001943.jpg,0.0,0.9680681824684143,1
/media/D1/ait_users/staff122/deepfake_project/outputs_deepfake_project/dfdc_subset_77_jpg/test/real/real_001944.jpg,0.0,0.028891457244753838,0
/media/D1/ait_users/staff122/deepfake_project/outputs_deepfake_project/dfdc_subset_77_jpg/test/real/real_001945.jpg,0.0,0.10350625216960907,0
/media/D1/ait_users/staff122/deepfake_project/outputs_deepfake_project/dfdc_subset_77_jpg/test/real/real_001946.jpg,0.0,0.026496395468711853,0
/media/D1/ait_users/staff122/deepfake_project/outputs_deepfake_project/dfdc_subset_77_jpg/test/real/real_001947.jpg,0.0,0.9562914967536926,1
/media/D1/ait_users/staff122/deepfake_project/outputs_deepfake_project/dfdc_subset_77_jpg/test/real/real_001948.jpg,0.0,0.004493063781410456,0
/media/D1/ait_users/staff122/deepfake_project/outputs_deepfake_project/dfdc_subset_77_jpg/test/real/real_001949.jpg,0.0,0.9530289173126221,1
/media/D1/ait_users/staff122/deepfake_project/outputs_deepfake_project/dfdc_subset_77_jpg/test/real/real_001950.jpg,0.0,0.9598877429962158,1
/media/D1/ait_users/staff122/deepfake_project/outputs_deepfake_project/dfdc_subset_77_jpg/test/real/real_001951.jpg,0.0,0.9584403038024902,1
/media/D1/ait_users/staff122/deepfake_project/outputs_deepfake_project/dfdc_subset_77_jpg/test/real/real_001952.jpg,0.0,0.6306064128875732,1
/media/D1/ait_users/staff122/deepfake_project/outputs_deepfake_project/dfdc_subset_77_jpg/test/real/real_001953.jpg,0.0,0.004710218869149685,0
/media/D1/ait_users/staff122/deepfake_project/outputs_deepfake_project/dfdc_subset_77_jpg/test/real/real_001954.jpg,0.0,0.0015865042805671692,0
/media/D1/ait_users/staff122/deepfake_project/outputs_deepfake_project/dfdc_subset_77_jpg/test/real/real_001955.jpg,0.0,0.0018612116109579802,0
/media/D1/ait_users/staff122/deepfake_project/outputs_deepfake_project/dfdc_subset_77_jpg/test/real/real_001956.jpg,0.0,0.9943627119064331,1
/media/D1/ait_users/staff122/deepfake_project/outputs_deepfake_project/dfdc_subset_77_jpg/test/real/real_001957.jpg,0.0,0.9820826053619385,1
/media/D1/ait_users/staff122/deepfake_project/outputs_deepfake_project/dfdc_subset_77_jpg/test/real/real_001958.jpg,0.0,0.02150300331413746,0
/media/D1/ait_users/staff122/deepfake_project/outputs_deepfake_project/dfdc_subset_77_jpg/test/real/real_001959.jpg,0.0,0.7254576683044434,1
/media/D1/ait_users/staff122/deepfake_project/outputs_deepfake_project/dfdc_subset_77_jpg/test/real/real_001960.jpg,0.0,0.0016277520917356014,0
/media/D1/ait_users/staff122/deepfake_project/outputs_deepfake_project/dfdc_subset_77_jpg/test/real/real_001961.jpg,0.0,0.13852353394031525,0
/media/D1/ait_users/staff122/deepfake_project/outputs_deepfake_project/dfdc_subset_77_jpg/test/real/real_001962.jpg,0.0,0.03721136599779129,0
/media/D1/ait_users/staff122/deepfake_project/outputs_deepfake_project/dfdc_subset_77_jpg/test/real/real_001963.jpg,0.0,0.014903458766639233,0
/media/D1/ait_users/staff122/deepfake_project/outputs_deepfake_project/dfdc_subset_77_jpg/test/real/real_001964.jpg,0.0,0.9526566863059998,1
/media/D1/ait_users/staff122/deepfake_project/outputs_deepfake_project/dfdc_subset_77_jpg/test/real/real_001965.jpg,0.0,0.766516923904419,1
/media/D1/ait_users/staff122/deepfake_project/outputs_deepfake_project/dfdc_subset_77_jpg/test/real/real_001966.jpg,0.0,0.9968255758285522,1
/media/D1/ait_users/staff122/deepfake_project/outputs_deepfake_project/dfdc_subset_77_jpg/test/real/real_001967.jpg,0.0,0.009319227188825607,0
/media/D1/ait_users/staff122/deepfake_project/outputs_deepfake_project/dfdc_subset_77_jpg/test/real/real_001968.jpg,0.0,0.9934684038162231,1
/media/D1/ait_users/staff122/deepfake_project/outputs_deepfake_project/dfdc_subset_77_jpg/test/real/real_001969.jpg,0.0,0.9910196661949158,1
/media/D1/ait_users/staff122/deepfake_project/outputs_deepfake_project/dfdc_subset_77_jpg/test/real/real_001970.jpg,0.0,0.996898889541626,1
/media/D1/ait_users/staff122/deepfake_project/outputs_deepfake_project/dfdc_subset_77_jpg/test/real/real_001971.jpg,0.0,0.6755730509757996,1
/media/D1/ait_users/staff122/deepfake_project/outputs_deepfake_project/dfdc_subset_77_jpg/test/real/real_001972.jpg,0.0,0.020909957587718964,0
/media/D1/ait_users/staff122/deepfake_project/outputs_deepfake_project/dfdc_subset_77_jpg/test/real/real_001973.jpg,0.0,0.0616631805896759,0
/media/D1/ait_users/staff122/deepfake_project/outputs_deepfake_project/dfdc_subset_77_jpg/test/real/real_001974.jpg,0.0,0.9994875192642212,1
/media/D1/ait_users/staff122/deepfake_project/outputs_deepfake_project/dfdc_subset_77_jpg/test/real/real_001975.jpg,0.0,0.001699489657767117,0
/media/D1/ait_users/staff122/deepfake_project/outputs_deepfake_project/dfdc_subset_77_jpg/test/real/real_001976.jpg,0.0,0.9996541738510132,1
/media/D1/ait_users/staff122/deepfake_project/outputs_deepfake_project/dfdc_subset_77_jpg/test/real/real_001977.jpg,0.0,0.002901838393881917,0
/media/D1/ait_users/staff122/deepfake_project/outputs_deepfake_project/dfdc_subset_77_jpg/test/real/real_001978.jpg,0.0,0.9994763731956482,1
/media/D1/ait_users/staff122/deepfake_project/outputs_deepfake_project/dfdc_subset_77_jpg/test/real/real_001979.jpg,0.0,0.9996564388275146,1
/media/D1/ait_users/staff122/deepfake_project/outputs_deepfake_project/dfdc_subset_77_jpg/test/real/real_001980.jpg,0.0,0.997345507144928,1
/media/D1/ait_users/staff122/deepfake_project/outputs_deepfake_project/dfdc_subset_77_jpg/test/real/real_001981.jpg,0.0,0.0029894488397985697,0
/media/D1/ait_users/staff122/deepfake_project/outputs_deepfake_project/dfdc_subset_77_jpg/test/real/real_001982.jpg,0.0,0.9992863535881042,1
/media/D1/ait_users/staff122/deepfake_project/outputs_deepfake_project/dfdc_subset_77_jpg/test/real/real_001983.jpg,0.0,0.0010129831498488784,0
/media/D1/ait_users/staff122/deepfake_project/outputs_deepfake_project/dfdc_subset_77_jpg/test/real/real_001984.jpg,0.0,0.7779296040534973,1
/media/D1/ait_users/staff122/deepfake_project/outputs_deepfake_project/dfdc_subset_77_jpg/test/real/real_001985.jpg,0.0,0.9898743629455566,1
/media/D1/ait_users/staff122/deepfake_project/outputs_deepfake_project/dfdc_subset_77_jpg/test/real/real_001986.jpg,0.0,0.9991593360900879,1
/media/D1/ait_users/staff122/deepfake_project/outputs_deepfake_project/dfdc_subset_77_jpg/test/real/real_001987.jpg,0.0,0.9992503523826599,1
/media/D1/ait_users/staff122/deepfake_project/outputs_deepfake_project/dfdc_subset_77_jpg/test/real/real_001988.jpg,0.0,0.9882617592811584,1
/media/D1/ait_users/staff122/deepfake_project/outputs_deepfake_project/dfdc_subset_77_jpg/test/real/real_001989.jpg,0.0,0.9937549829483032,1
/media/D1/ait_users/staff122/deepfake_project/outputs_deepfake_project/dfdc_subset_77_jpg/test/real/real_001990.jpg,0.0,0.9910282492637634,1
/media/D1/ait_users/staff122/deepfake_project/outputs_deepfake_project/dfdc_subset_77_jpg/test/real/real_001991.jpg,0.0,0.9988499879837036,1
/media/D1/ait_users/staff122/deepfake_project/outputs_deepfake_project/dfdc_subset_77_jpg/test/real/real_001992.jpg,0.0,0.9975973963737488,1
/media/D1/ait_users/staff122/deepfake_project/outputs_deepfake_project/dfdc_subset_77_jpg/test/real/real_001993.jpg,0.0,0.9696144461631775,1
/media/D1/ait_users/staff122/deepfake_project/outputs_deepfake_project/dfdc_subset_77_jpg/test/real/real_001994.jpg,0.0,0.9711743593215942,1
/media/D1/ait_users/staff122/deepfake_project/outputs_deepfake_project/dfdc_subset_77_jpg/test/real/real_001995.jpg,0.0,0.9992972612380981,1
/media/D1/ait_users/staff122/deepfake_project/outputs_deepfake_project/dfdc_subset_77_jpg/test/real/real_001996.jpg,0.0,0.9951245188713074,1
/media/D1/ait_users/staff122/deepfake_project/outputs_deepfake_project/dfdc_subset_77_jpg/test/real/real_001997.jpg,0.0,0.35925960540771484,0
/media/D1/ait_users/staff122/deepfake_project/outputs_deepfake_project/dfdc_subset_77_jpg/test/real/real_001998.jpg,0.0,0.594219446182251,1
/media/D1/ait_users/staff122/deepfake_project/outputs_deepfake_project/dfdc_subset_77_jpg/test/real/real_001999.jpg,0.0,0.987043559551239,1
/media/D1/ait_users/staff122/deepfake_project/outputs_deepfake_project/dfdc_subset_77_jpg/test/real/real_002000.jpg,0.0,0.69683837890625,1
/media/D1/ait_users/staff122/deepfake_project/outputs_deepfake_project/dfdc_subset_77_jpg/test/real/real_002001.jpg,0.0,0.9693775177001953,1
/media/D1/ait_users/staff122/deepfake_project/outputs_deepfake_project/dfdc_subset_77_jpg/test/real/real_002002.jpg,0.0,0.9911791682243347,1
/media/D1/ait_users/staff122/deepfake_project/outputs_deepfake_project/dfdc_subset_77_jpg/test/real/real_002003.jpg,0.0,0.6631180047988892,1
/media/D1/ait_users/staff122/deepfake_project/outputs_deepfake_project/dfdc_subset_77_jpg/test/real/real_002004.jpg,0.0,0.5803280472755432,1
/media/D1/ait_users/staff122/deepfake_project/outputs_deepfake_project/dfdc_subset_77_jpg/test/real/real_002005.jpg,0.0,0.9980165958404541,1
/media/D1/ait_users/staff122/deepfake_project/outputs_deepfake_project/dfdc_subset_77_jpg/test/real/real_002006.jpg,0.0,0.9975676536560059,1
/media/D1/ait_users/staff122/deepfake_project/outputs_deepfake_project/dfdc_subset_77_jpg/test/real/real_002007.jpg,0.0,0.9752647280693054,1
/media/D1/ait_users/staff122/deepfake_project/outputs_deepfake_project/dfdc_subset_77_jpg/test/real/real_002008.jpg,0.0,0.9993975162506104,1
/media/D1/ait_users/staff122/deepfake_project/outputs_deepfake_project/dfdc_subset_77_jpg/test/real/real_002009.jpg,0.0,0.6840552091598511,1
/media/D1/ait_users/staff122/deepfake_project/outputs_deepfake_project/dfdc_subset_77_jpg/test/real/real_002010.jpg,0.0,0.7002865672111511,1
/media/D1/ait_users/staff122/deepfake_project/outputs_deepfake_project/dfdc_subset_77_jpg/test/real/real_002011.jpg,0.0,0.9489697813987732,1
/media/D1/ait_users/staff122/deepfake_project/outputs_deepfake_project/dfdc_subset_77_jpg/test/real/real_002012.jpg,0.0,0.3757229149341583,0
/media/D1/ait_users/staff122/deepfake_project/outputs_deepfake_project/dfdc_subset_77_jpg/test/real/real_002013.jpg,0.0,0.4243594706058502,0
/media/D1/ait_users/staff122/deepfake_project/outputs_deepfake_project/dfdc_subset_77_jpg/test/real/real_002014.jpg,0.0,0.5060584545135498,1
/media/D1/ait_users/staff122/deepfake_project/outputs_deepfake_project/dfdc_subset_77_jpg/test/real/real_002015.jpg,0.0,0.9982472658157349,1
/media/D1/ait_users/staff122/deepfake_project/outputs_deepfake_project/dfdc_subset_77_jpg/test/real/real_002016.jpg,0.0,0.994901180267334,1
/media/D1/ait_users/staff122/deepfake_project/outputs_deepfake_project/dfdc_subset_77_jpg/test/real/real_002017.jpg,0.0,0.9974127411842346,1
/media/D1/ait_users/staff122/deepfake_project/outputs_deepfake_project/dfdc_subset_77_jpg/test/real/real_002018.jpg,0.0,0.996757447719574,1
/media/D1/ait_users/staff122/deepfake_project/outputs_deepfake_project/dfdc_subset_77_jpg/test/real/real_002019.jpg,0.0,0.999300479888916,1
/media/D1/ait_users/staff122/deepfake_project/outputs_deepfake_project/dfdc_subset_77_jpg/test/real/real_002020.jpg,0.0,0.9977534413337708,1
/media/D1/ait_users/staff122/deepfake_project/outputs_deepfake_project/dfdc_subset_77_jpg/test/real/real_002021.jpg,0.0,0.9992781281471252,1
/media/D1/ait_users/staff122/deepfake_project/outputs_deepfake_project/dfdc_subset_77_jpg/test/real/real_002022.jpg,0.0,0.9976449608802795,1
/media/D1/ait_users/staff122/deepfake_project/outputs_deepfake_project/dfdc_subset_77_jpg/test/real/real_002023.jpg,0.0,0.9932094216346741,1
/media/D1/ait_users/staff122/deepfake_project/outputs_deepfake_project/dfdc_subset_77_jpg/test/real/real_002024.jpg,0.0,0.9968140721321106,1
/media/D1/ait_users/staff122/deepfake_project/outputs_deepfake_project/dfdc_subset_77_jpg/test/real/real_002025.jpg,0.0,0.9955267310142517,1
/media/D1/ait_users/staff122/deepfake_project/outputs_deepfake_project/dfdc_subset_77_jpg/test/real/real_002026.jpg,0.0,0.9951392412185669,1
/media/D1/ait_users/staff122/deepfake_project/outputs_deepfake_project/dfdc_subset_77_jpg/test/real/real_002027.jpg,0.0,0.9890087246894836,1
/media/D1/ait_users/staff122/deepfake_project/outputs_deepfake_project/dfdc_subset_77_jpg/test/real/real_002028.jpg,0.0,0.987417459487915,1
/media/D1/ait_users/staff122/deepfake_project/outputs_deepfake_project/dfdc_subset_77_jpg/test/real/real_002029.jpg,0.0,0.9927638173103333,1
/media/D1/ait_users/staff122/deepfake_project/outputs_deepfake_project/dfdc_subset_77_jpg/test/real/real_002030.jpg,0.0,0.9953829646110535,1
/media/D1/ait_users/staff122/deepfake_project/outputs_deepfake_project/dfdc_subset_77_jpg/test/real/real_002031.jpg,0.0,0.9976473450660706,1
/media/D1/ait_users/staff122/deepfake_project/outputs_deepfake_project/dfdc_subset_77_jpg/test/real/real_002032.jpg,0.0,0.9973177313804626,1
/media/D1/ait_users/staff122/deepfake_project/outputs_deepfake_project/dfdc_subset_77_jpg/test/real/real_002033.jpg,0.0,0.9980360865592957,1
/media/D1/ait_users/staff122/deepfake_project/outputs_deepfake_project/dfdc_subset_77_jpg/test/real/real_002034.jpg,0.0,0.9953994154930115,1
/media/D1/ait_users/staff122/deepfake_project/outputs_deepfake_project/dfdc_subset_77_jpg/test/real/real_002035.jpg,0.0,0.9943918585777283,1
/media/D1/ait_users/staff122/deepfake_project/outputs_deepfake_project/dfdc_subset_77_jpg/test/real/real_002036.jpg,0.0,0.995516836643219,1
/media/D1/ait_users/staff122/deepfake_project/outputs_deepfake_project/dfdc_subset_77_jpg/test/real/real_002037.jpg,0.0,0.995254635810852,1
/media/D1/ait_users/staff122/deepfake_project/outputs_deepfake_project/dfdc_subset_77_jpg/test/real/real_002038.jpg,0.0,0.9974120259284973,1
/media/D1/ait_users/staff122/deepfake_project/outputs_deepfake_project/dfdc_subset_77_jpg/test/real/real_002039.jpg,0.0,0.9976650476455688,1
/media/D1/ait_users/staff122/deepfake_project/outputs_deepfake_project/dfdc_subset_77_jpg/test/real/real_002040.jpg,0.0,0.98990797996521,1
/media/D1/ait_users/staff122/deepfake_project/outputs_deepfake_project/dfdc_subset_77_jpg/test/real/real_002041.jpg,0.0,0.9876328706741333,1
/media/D1/ait_users/staff122/deepfake_project/outputs_deepfake_project/dfdc_subset_77_jpg/test/real/real_002042.jpg,0.0,0.9981046915054321,1
/media/D1/ait_users/staff122/deepfake_project/outputs_deepfake_project/dfdc_subset_77_jpg/test/real/real_002043.jpg,0.0,0.9961795806884766,1
/media/D1/ait_users/staff122/deepfake_project/outputs_deepfake_project/dfdc_subset_77_jpg/test/real/real_002044.jpg,0.0,0.9970118999481201,1
/media/D1/ait_users/staff122/deepfake_project/outputs_deepfake_project/dfdc_subset_77_jpg/test/real/real_002045.jpg,0.0,0.9932118654251099,1
/media/D1/ait_users/staff122/deepfake_project/outputs_deepfake_project/dfdc_subset_77_jpg/test/real/real_002046.jpg,0.0,0.9818804264068604,1
/media/D1/ait_users/staff122/deepfake_project/outputs_deepfake_project/dfdc_subset_77_jpg/test/real/real_002047.jpg,0.0,0.9885976314544678,1
/media/D1/ait_users/staff122/deepfake_project/outputs_deepfake_project/dfdc_subset_77_jpg/test/real/real_002048.jpg,0.0,0.6778466701507568,1
/media/D1/ait_users/staff122/deepfake_project/outputs_deepfake_project/dfdc_subset_77_jpg/test/real/real_002049.jpg,0.0,0.9003860950469971,1
/media/D1/ait_users/staff122/deepfake_project/outputs_deepfake_project/dfdc_subset_77_jpg/test/real/real_002050.jpg,0.0,0.06399063766002655,0
/media/D1/ait_users/staff122/deepfake_project/outputs_deepfake_project/dfdc_subset_77_jpg/test/real/real_002051.jpg,0.0,0.04372948780655861,0
/media/D1/ait_users/staff122/deepfake_project/outputs_deepfake_project/dfdc_subset_77_jpg/test/real/real_002052.jpg,0.0,0.6563991904258728,1
/media/D1/ait_users/staff122/deepfake_project/outputs_deepfake_project/dfdc_subset_77_jpg/test/real/real_002053.jpg,0.0,0.016068732365965843,0
/media/D1/ait_users/staff122/deepfake_project/outputs_deepfake_project/dfdc_subset_77_jpg/test/real/real_002054.jpg,0.0,0.15190471708774567,0
/media/D1/ait_users/staff122/deepfake_project/outputs_deepfake_project/dfdc_subset_77_jpg/test/real/real_002055.jpg,0.0,0.52921462059021,1
/media/D1/ait_users/staff122/deepfake_project/outputs_deepfake_project/dfdc_subset_77_jpg/test/real/real_002056.jpg,0.0,0.20437680184841156,0
/media/D1/ait_users/staff122/deepfake_project/outputs_deepfake_project/dfdc_subset_77_jpg/test/real/real_002057.jpg,0.0,0.01638280227780342,0
/media/D1/ait_users/staff122/deepfake_project/outputs_deepfake_project/dfdc_subset_77_jpg/test/real/real_002058.jpg,0.0,0.13089440762996674,0
/media/D1/ait_users/staff122/deepfake_project/outputs_deepfake_project/dfdc_subset_77_jpg/test/real/real_002059.jpg,0.0,0.9556127786636353,1
/media/D1/ait_users/staff122/deepfake_project/outputs_deepfake_project/dfdc_subset_77_jpg/test/real/real_002060.jpg,0.0,0.7771367430686951,1
/media/D1/ait_users/staff122/deepfake_project/outputs_deepfake_project/dfdc_subset_77_jpg/test/real/real_002061.jpg,0.0,0.042934514582157135,0
/media/D1/ait_users/staff122/deepfake_project/outputs_deepfake_project/dfdc_subset_77_jpg/test/real/real_002062.jpg,0.0,0.07057943940162659,0
/media/D1/ait_users/staff122/deepfake_project/outputs_deepfake_project/dfdc_subset_77_jpg/test/real/real_002063.jpg,0.0,0.18185855448246002,0
/media/D1/ait_users/staff122/deepfake_project/outputs_deepfake_project/dfdc_subset_77_jpg/test/real/real_002064.jpg,0.0,0.3910403251647949,0
/media/D1/ait_users/staff122/deepfake_project/outputs_deepfake_project/dfdc_subset_77_jpg/test/real/real_002065.jpg,0.0,0.01933121867477894,0
/media/D1/ait_users/staff122/deepfake_project/outputs_deepfake_project/dfdc_subset_77_jpg/test/real/real_002066.jpg,0.0,0.911823570728302,1
/media/D1/ait_users/staff122/deepfake_project/outputs_deepfake_project/dfdc_subset_77_jpg/test/real/real_002067.jpg,0.0,0.9874733686447144,1
/media/D1/ait_users/staff122/deepfake_project/outputs_deepfake_project/dfdc_subset_77_jpg/test/real/real_002068.jpg,0.0,0.8607802987098694,1
/media/D1/ait_users/staff122/deepfake_project/outputs_deepfake_project/dfdc_subset_77_jpg/test/real/real_002069.jpg,0.0,0.27379855513572693,0
/media/D1/ait_users/staff122/deepfake_project/outputs_deepfake_project/dfdc_subset_77_jpg/test/real/real_002070.jpg,0.0,0.031086057424545288,0
/media/D1/ait_users/staff122/deepfake_project/outputs_deepfake_project/dfdc_subset_77_jpg/test/real/real_002071.jpg,0.0,0.04994584247469902,0
/media/D1/ait_users/staff122/deepfake_project/outputs_deepfake_project/dfdc_subset_77_jpg/test/real/real_002072.jpg,0.0,0.16926170885562897,0
/media/D1/ait_users/staff122/deepfake_project/outputs_deepfake_project/dfdc_subset_77_jpg/test/real/real_002073.jpg,0.0,0.86643385887146,1
/media/D1/ait_users/staff122/deepfake_project/outputs_deepfake_project/dfdc_subset_77_jpg/test/real/real_002074.jpg,0.0,0.985503077507019,1
/media/D1/ait_users/staff122/deepfake_project/outputs_deepfake_project/dfdc_subset_77_jpg/test/real/real_002075.jpg,0.0,0.8355953693389893,1
/media/D1/ait_users/staff122/deepfake_project/outputs_deepfake_project/dfdc_subset_77_jpg/test/real/real_002076.jpg,0.0,0.7445783615112305,1
/media/D1/ait_users/staff122/deepfake_project/outputs_deepfake_project/dfdc_subset_77_jpg/test/real/real_002077.jpg,0.0,0.1750972718000412,0
/media/D1/ait_users/staff122/deepfake_project/outputs_deepfake_project/dfdc_subset_77_jpg/test/real/real_002078.jpg,0.0,0.4907436966896057,0
/media/D1/ait_users/staff122/deepfake_project/outputs_deepfake_project/dfdc_subset_77_jpg/test/real/real_002079.jpg,0.0,0.3291013836860657,0
/media/D1/ait_users/staff122/deepfake_project/outputs_deepfake_project/dfdc_subset_77_jpg/test/real/real_002080.jpg,0.0,0.9291474223136902,1
/media/D1/ait_users/staff122/deepfake_project/outputs_deepfake_project/dfdc_subset_77_jpg/test/real/real_002081.jpg,0.0,0.49862489104270935,0
/media/D1/ait_users/staff122/deepfake_project/outputs_deepfake_project/dfdc_subset_77_jpg/test/real/real_002082.jpg,0.0,0.7605509757995605,1
/media/D1/ait_users/staff122/deepfake_project/outputs_deepfake_project/dfdc_subset_77_jpg/test/real/real_002083.jpg,0.0,0.4571101665496826,0
/media/D1/ait_users/staff122/deepfake_project/outputs_deepfake_project/dfdc_subset_77_jpg/test/real/real_002084.jpg,0.0,0.8191325068473816,1
/media/D1/ait_users/staff122/deepfake_project/outputs_deepfake_project/dfdc_subset_77_jpg/test/real/real_002085.jpg,0.0,0.21731393039226532,0
/media/D1/ait_users/staff122/deepfake_project/outputs_deepfake_project/dfdc_subset_77_jpg/test/real/real_002086.jpg,0.0,0.672254741191864,1
/media/D1/ait_users/staff122/deepfake_project/outputs_deepfake_project/dfdc_subset_77_jpg/test/real/real_002087.jpg,0.0,0.9921356439590454,1
/media/D1/ait_users/staff122/deepfake_project/outputs_deepfake_project/dfdc_subset_77_jpg/test/real/real_002088.jpg,0.0,0.983052134513855,1
/media/D1/ait_users/staff122/deepfake_project/outputs_deepfake_project/dfdc_subset_77_jpg/test/real/real_002089.jpg,0.0,0.7522627711296082,1
/media/D1/ait_users/staff122/deepfake_project/outputs_deepfake_project/dfdc_subset_77_jpg/test/real/real_002090.jpg,0.0,0.8029019236564636,1
/media/D1/ait_users/staff122/deepfake_project/outputs_deepfake_project/dfdc_subset_77_jpg/test/real/real_002091.jpg,0.0,0.8317230939865112,1
/media/D1/ait_users/staff122/deepfake_project/outputs_deepfake_project/dfdc_subset_77_jpg/test/real/real_002092.jpg,0.0,0.9956258535385132,1
/media/D1/ait_users/staff122/deepfake_project/outputs_deepfake_project/dfdc_subset_77_jpg/test/real/real_002093.jpg,0.0,0.9696441888809204,1
/media/D1/ait_users/staff122/deepfake_project/outputs_deepfake_project/dfdc_subset_77_jpg/test/real/real_002094.jpg,0.0,0.8135645389556885,1
/media/D1/ait_users/staff122/deepfake_project/outputs_deepfake_project/dfdc_subset_77_jpg/test/real/real_002095.jpg,0.0,0.640863835811615,1
/media/D1/ait_users/staff122/deepfake_project/outputs_deepfake_project/dfdc_subset_77_jpg/test/real/real_002096.jpg,0.0,0.4307878613471985,0
/media/D1/ait_users/staff122/deepfake_project/outputs_deepfake_project/dfdc_subset_77_jpg/test/real/real_002097.jpg,0.0,0.9848402142524719,1
/media/D1/ait_users/staff122/deepfake_project/outputs_deepfake_project/dfdc_subset_77_jpg/test/real/real_002098.jpg,0.0,0.32444608211517334,0
/media/D1/ait_users/staff122/deepfake_project/outputs_deepfake_project/dfdc_subset_77_jpg/test/real/real_002099.jpg,0.0,0.42413124442100525,0
/media/D1/ait_users/staff122/deepfake_project/outputs_deepfake_project/dfdc_subset_77_jpg/test/real/real_002100.jpg,0.0,0.8655509948730469,1
/media/D1/ait_users/staff122/deepfake_project/outputs_deepfake_project/dfdc_subset_77_jpg/test/real/real_002101.jpg,0.0,0.9643340706825256,1
/media/D1/ait_users/staff122/deepfake_project/outputs_deepfake_project/dfdc_subset_77_jpg/test/real/real_002102.jpg,0.0,0.9203678369522095,1
/media/D1/ait_users/staff122/deepfake_project/outputs_deepfake_project/dfdc_subset_77_jpg/test/real/real_002103.jpg,0.0,0.8391700387001038,1
/media/D1/ait_users/staff122/deepfake_project/outputs_deepfake_project/dfdc_subset_77_jpg/test/real/real_002104.jpg,0.0,0.9368491172790527,1
/media/D1/ait_users/staff122/deepfake_project/outputs_deepfake_project/dfdc_subset_77_jpg/test/real/real_002105.jpg,0.0,0.8934019804000854,1
/media/D1/ait_users/staff122/deepfake_project/outputs_deepfake_project/dfdc_subset_77_jpg/test/real/real_002106.jpg,0.0,0.4988299608230591,0
/media/D1/ait_users/staff122/deepfake_project/outputs_deepfake_project/dfdc_subset_77_jpg/test/real/real_002107.jpg,0.0,0.744477391242981,1
/media/D1/ait_users/staff122/deepfake_project/outputs_deepfake_project/dfdc_subset_77_jpg/test/real/real_002108.jpg,0.0,0.9780259728431702,1
/media/D1/ait_users/staff122/deepfake_project/outputs_deepfake_project/dfdc_subset_77_jpg/test/real/real_002109.jpg,0.0,0.9925774931907654,1
/media/D1/ait_users/staff122/deepfake_project/outputs_deepfake_project/dfdc_subset_77_jpg/test/real/real_002110.jpg,0.0,0.9904710054397583,1
/media/D1/ait_users/staff122/deepfake_project/outputs_deepfake_project/dfdc_subset_77_jpg/test/real/real_002111.jpg,0.0,0.5201157927513123,1
/media/D1/ait_users/staff122/deepfake_project/outputs_deepfake_project/dfdc_subset_77_jpg/test/real/real_002112.jpg,0.0,0.9691658020019531,1
/media/D1/ait_users/staff122/deepfake_project/outputs_deepfake_project/dfdc_subset_77_jpg/test/real/real_002113.jpg,0.0,0.9746537804603577,1
/media/D1/ait_users/staff122/deepfake_project/outputs_deepfake_project/dfdc_subset_77_jpg/test/real/real_002114.jpg,0.0,0.9840340614318848,1
/media/D1/ait_users/staff122/deepfake_project/outputs_deepfake_project/dfdc_subset_77_jpg/test/real/real_002115.jpg,0.0,0.5240028500556946,1
/media/D1/ait_users/staff122/deepfake_project/outputs_deepfake_project/dfdc_subset_77_jpg/test/real/real_002116.jpg,0.0,0.9809278845787048,1
/media/D1/ait_users/staff122/deepfake_project/outputs_deepfake_project/dfdc_subset_77_jpg/test/real/real_002117.jpg,0.0,0.7526766061782837,1
/media/D1/ait_users/staff122/deepfake_project/outputs_deepfake_project/dfdc_subset_77_jpg/test/real/real_002118.jpg,0.0,0.6549816727638245,1
/media/D1/ait_users/staff122/deepfake_project/outputs_deepfake_project/dfdc_subset_77_jpg/test/real/real_002119.jpg,0.0,0.9930185675621033,1
/media/D1/ait_users/staff122/deepfake_project/outputs_deepfake_project/dfdc_subset_77_jpg/test/real/real_002120.jpg,0.0,0.9470342993736267,1
/media/D1/ait_users/staff122/deepfake_project/outputs_deepfake_project/dfdc_subset_77_jpg/test/real/real_002121.jpg,0.0,0.5609315037727356,1
/media/D1/ait_users/staff122/deepfake_project/outputs_deepfake_project/dfdc_subset_77_jpg/test/real/real_002122.jpg,0.0,0.9839529395103455,1
/media/D1/ait_users/staff122/deepfake_project/outputs_deepfake_project/dfdc_subset_77_jpg/test/real/real_002123.jpg,0.0,0.9766298532485962,1
/media/D1/ait_users/staff122/deepfake_project/outputs_deepfake_project/dfdc_subset_77_jpg/test/real/real_002124.jpg,0.0,0.7902325987815857,1
/media/D1/ait_users/staff122/deepfake_project/outputs_deepfake_project/dfdc_subset_77_jpg/test/real/real_002125.jpg,0.0,0.9967257976531982,1
/media/D1/ait_users/staff122/deepfake_project/outputs_deepfake_project/dfdc_subset_77_jpg/test/real/real_002126.jpg,0.0,0.6394743323326111,1
/media/D1/ait_users/staff122/deepfake_project/outputs_deepfake_project/dfdc_subset_77_jpg/test/real/real_002127.jpg,0.0,0.5640870332717896,1
/media/D1/ait_users/staff122/deepfake_project/outputs_deepfake_project/dfdc_subset_77_jpg/test/real/real_002128.jpg,0.0,0.9287331700325012,1
/media/D1/ait_users/staff122/deepfake_project/outputs_deepfake_project/dfdc_subset_77_jpg/test/real/real_002129.jpg,0.0,0.8813955187797546,1
/media/D1/ait_users/staff122/deepfake_project/outputs_deepfake_project/dfdc_subset_77_jpg/test/real/real_002130.jpg,0.0,0.9784284234046936,1
/media/D1/ait_users/staff122/deepfake_project/outputs_deepfake_project/dfdc_subset_77_jpg/test/real/real_002131.jpg,0.0,0.9983460903167725,1
/media/D1/ait_users/staff122/deepfake_project/outputs_deepfake_project/dfdc_subset_77_jpg/test/real/real_002132.jpg,0.0,0.9853894114494324,1
/media/D1/ait_users/staff122/deepfake_project/outputs_deepfake_project/dfdc_subset_77_jpg/test/real/real_002133.jpg,0.0,0.9822516441345215,1
/media/D1/ait_users/staff122/deepfake_project/outputs_deepfake_project/dfdc_subset_77_jpg/test/real/real_002134.jpg,0.0,0.4692888557910919,0
/media/D1/ait_users/staff122/deepfake_project/outputs_deepfake_project/dfdc_subset_77_jpg/test/real/real_002135.jpg,0.0,0.7942075133323669,1
/media/D1/ait_users/staff122/deepfake_project/outputs_deepfake_project/dfdc_subset_77_jpg/test/real/real_002136.jpg,0.0,0.5862423777580261,1
/media/D1/ait_users/staff122/deepfake_project/outputs_deepfake_project/dfdc_subset_77_jpg/test/real/real_002137.jpg,0.0,0.708420991897583,1
/media/D1/ait_users/staff122/deepfake_project/outputs_deepfake_project/dfdc_subset_77_jpg/test/real/real_002138.jpg,0.0,0.9095042943954468,1
/media/D1/ait_users/staff122/deepfake_project/outputs_deepfake_project/dfdc_subset_77_jpg/test/real/real_002139.jpg,0.0,0.7499716281890869,1
/media/D1/ait_users/staff122/deepfake_project/outputs_deepfake_project/dfdc_subset_77_jpg/test/real/real_002140.jpg,0.0,0.7206725478172302,1
/media/D1/ait_users/staff122/deepfake_project/outputs_deepfake_project/dfdc_subset_77_jpg/test/real/real_002141.jpg,0.0,0.9827657341957092,1
/media/D1/ait_users/staff122/deepfake_project/outputs_deepfake_project/dfdc_subset_77_jpg/test/real/real_002142.jpg,0.0,0.5420598387718201,1
/media/D1/ait_users/staff122/deepfake_project/outputs_deepfake_project/dfdc_subset_77_jpg/test/real/real_002143.jpg,0.0,0.9630606770515442,1
/media/D1/ait_users/staff122/deepfake_project/outputs_deepfake_project/dfdc_subset_77_jpg/test/real/real_002144.jpg,0.0,0.7519941926002502,1
/media/D1/ait_users/staff122/deepfake_project/outputs_deepfake_project/dfdc_subset_77_jpg/test/real/real_002145.jpg,0.0,0.06566476821899414,0
/media/D1/ait_users/staff122/deepfake_project/outputs_deepfake_project/dfdc_subset_77_jpg/test/real/real_002146.jpg,0.0,0.3873318135738373,0
/media/D1/ait_users/staff122/deepfake_project/outputs_deepfake_project/dfdc_subset_77_jpg/test/real/real_002147.jpg,0.0,0.6149008870124817,1
/media/D1/ait_users/staff122/deepfake_project/outputs_deepfake_project/dfdc_subset_77_jpg/test/real/real_002148.jpg,0.0,0.46304598450660706,0
/media/D1/ait_users/staff122/deepfake_project/outputs_deepfake_project/dfdc_subset_77_jpg/test/real/real_002149.jpg,0.0,0.2895297110080719,0
/media/D1/ait_users/staff122/deepfake_project/outputs_deepfake_project/dfdc_subset_77_jpg/test/real/real_002150.jpg,0.0,0.9434881806373596,1
/media/D1/ait_users/staff122/deepfake_project/outputs_deepfake_project/dfdc_subset_77_jpg/test/real/real_002151.jpg,0.0,0.020565899088978767,0
/media/D1/ait_users/staff122/deepfake_project/outputs_deepfake_project/dfdc_subset_77_jpg/test/real/real_002152.jpg,0.0,0.7544378638267517,1
/media/D1/ait_users/staff122/deepfake_project/outputs_deepfake_project/dfdc_subset_77_jpg/test/real/real_002153.jpg,0.0,0.2431769073009491,0
/media/D1/ait_users/staff122/deepfake_project/outputs_deepfake_project/dfdc_subset_77_jpg/test/real/real_002154.jpg,0.0,0.4904429018497467,0
/media/D1/ait_users/staff122/deepfake_project/outputs_deepfake_project/dfdc_subset_77_jpg/test/real/real_002155.jpg,0.0,0.1482706367969513,0
/media/D1/ait_users/staff122/deepfake_project/outputs_deepfake_project/dfdc_subset_77_jpg/test/real/real_002156.jpg,0.0,0.009000697173178196,0
/media/D1/ait_users/staff122/deepfake_project/outputs_deepfake_project/dfdc_subset_77_jpg/test/real/real_002157.jpg,0.0,0.005984571762382984,0
/media/D1/ait_users/staff122/deepfake_project/outputs_deepfake_project/dfdc_subset_77_jpg/test/real/real_002158.jpg,0.0,0.9679779410362244,1
/media/D1/ait_users/staff122/deepfake_project/outputs_deepfake_project/dfdc_subset_77_jpg/test/real/real_002159.jpg,0.0,0.20781004428863525,0
/media/D1/ait_users/staff122/deepfake_project/outputs_deepfake_project/dfdc_subset_77_jpg/test/real/real_002160.jpg,0.0,0.8893324732780457,1
/media/D1/ait_users/staff122/deepfake_project/outputs_deepfake_project/dfdc_subset_77_jpg/test/real/real_002161.jpg,0.0,0.14312148094177246,0
/media/D1/ait_users/staff122/deepfake_project/outputs_deepfake_project/dfdc_subset_77_jpg/test/real/real_002162.jpg,0.0,0.04112472012639046,0
/media/D1/ait_users/staff122/deepfake_project/outputs_deepfake_project/dfdc_subset_77_jpg/test/real/real_002163.jpg,0.0,0.8705372214317322,1
/media/D1/ait_users/staff122/deepfake_project/outputs_deepfake_project/dfdc_subset_77_jpg/test/real/real_002164.jpg,0.0,0.9278732538223267,1
/media/D1/ait_users/staff122/deepfake_project/outputs_deepfake_project/dfdc_subset_77_jpg/test/real/real_002165.jpg,0.0,0.08331608027219772,0
/media/D1/ait_users/staff122/deepfake_project/outputs_deepfake_project/dfdc_subset_77_jpg/test/real/real_002166.jpg,0.0,0.4320520758628845,0
/media/D1/ait_users/staff122/deepfake_project/outputs_deepfake_project/dfdc_subset_77_jpg/test/real/real_002167.jpg,0.0,0.8233346939086914,1
/media/D1/ait_users/staff122/deepfake_project/outputs_deepfake_project/dfdc_subset_77_jpg/test/real/real_002168.jpg,0.0,0.13113746047019958,0
/media/D1/ait_users/staff122/deepfake_project/outputs_deepfake_project/dfdc_subset_77_jpg/test/real/real_002169.jpg,0.0,0.810563325881958,1
/media/D1/ait_users/staff122/deepfake_project/outputs_deepfake_project/dfdc_subset_77_jpg/test/real/real_002170.jpg,0.0,0.5847808718681335,1
/media/D1/ait_users/staff122/deepfake_project/outputs_deepfake_project/dfdc_subset_77_jpg/test/real/real_002171.jpg,0.0,0.6781453490257263,1
/media/D1/ait_users/staff122/deepfake_project/outputs_deepfake_project/dfdc_subset_77_jpg/test/real/real_002172.jpg,0.0,0.08052530884742737,0
/media/D1/ait_users/staff122/deepfake_project/outputs_deepfake_project/dfdc_subset_77_jpg/test/real/real_002173.jpg,0.0,0.42377185821533203,0
/media/D1/ait_users/staff122/deepfake_project/outputs_deepfake_project/dfdc_subset_77_jpg/test/real/real_002174.jpg,0.0,0.14126144349575043,0
/media/D1/ait_users/staff122/deepfake_project/outputs_deepfake_project/dfdc_subset_77_jpg/test/real/real_002175.jpg,0.0,0.3201950490474701,0
/media/D1/ait_users/staff122/deepfake_project/outputs_deepfake_project/dfdc_subset_77_jpg/test/real/real_002176.jpg,0.0,0.9688321352005005,1
/media/D1/ait_users/staff122/deepfake_project/outputs_deepfake_project/dfdc_subset_77_jpg/test/real/real_002177.jpg,0.0,0.6146513223648071,1
/media/D1/ait_users/staff122/deepfake_project/outputs_deepfake_project/dfdc_subset_77_jpg/test/real/real_002178.jpg,0.0,0.9570355415344238,1
/media/D1/ait_users/staff122/deepfake_project/outputs_deepfake_project/dfdc_subset_77_jpg/test/real/real_002179.jpg,0.0,0.9939374923706055,1
/media/D1/ait_users/staff122/deepfake_project/outputs_deepfake_project/dfdc_subset_77_jpg/test/real/real_002180.jpg,0.0,0.9453772902488708,1
/media/D1/ait_users/staff122/deepfake_project/outputs_deepfake_project/dfdc_subset_77_jpg/test/real/real_002181.jpg,0.0,0.7930698990821838,1
/media/D1/ait_users/staff122/deepfake_project/outputs_deepfake_project/dfdc_subset_77_jpg/test/real/real_002182.jpg,0.0,0.5713859796524048,1
/media/D1/ait_users/staff122/deepfake_project/outputs_deepfake_project/dfdc_subset_77_jpg/test/real/real_002183.jpg,0.0,0.9991814494132996,1
/media/D1/ait_users/staff122/deepfake_project/outputs_deepfake_project/dfdc_subset_77_jpg/test/real/real_002184.jpg,0.0,0.9757516384124756,1
/media/D1/ait_users/staff122/deepfake_project/outputs_deepfake_project/dfdc_subset_77_jpg/test/real/real_002185.jpg,0.0,0.9635159969329834,1
/media/D1/ait_users/staff122/deepfake_project/outputs_deepfake_project/dfdc_subset_77_jpg/test/real/real_002186.jpg,0.0,0.9681531190872192,1
/media/D1/ait_users/staff122/deepfake_project/outputs_deepfake_project/dfdc_subset_77_jpg/test/real/real_002187.jpg,0.0,0.6896887421607971,1
/media/D1/ait_users/staff122/deepfake_project/outputs_deepfake_project/dfdc_subset_77_jpg/test/real/real_002188.jpg,0.0,0.9680283069610596,1
/media/D1/ait_users/staff122/deepfake_project/outputs_deepfake_project/dfdc_subset_77_jpg/test/real/real_002189.jpg,0.0,0.5790178775787354,1
/media/D1/ait_users/staff122/deepfake_project/outputs_deepfake_project/dfdc_subset_77_jpg/test/real/real_002190.jpg,0.0,0.7074206471443176,1
/media/D1/ait_users/staff122/deepfake_project/outputs_deepfake_project/dfdc_subset_77_jpg/test/real/real_002191.jpg,0.0,0.96844881772995,1
/media/D1/ait_users/staff122/deepfake_project/outputs_deepfake_project/dfdc_subset_77_jpg/test/real/real_002192.jpg,0.0,0.7369517683982849,1
/media/D1/ait_users/staff122/deepfake_project/outputs_deepfake_project/dfdc_subset_77_jpg/test/real/real_002193.jpg,0.0,0.6678985357284546,1
/media/D1/ait_users/staff122/deepfake_project/outputs_deepfake_project/dfdc_subset_77_jpg/test/real/real_002194.jpg,0.0,0.7602342963218689,1
/media/D1/ait_users/staff122/deepfake_project/outputs_deepfake_project/dfdc_subset_77_jpg/test/real/real_002195.jpg,0.0,0.9804850816726685,1
/media/D1/ait_users/staff122/deepfake_project/outputs_deepfake_project/dfdc_subset_77_jpg/test/real/real_002196.jpg,0.0,0.9976370334625244,1
/media/D1/ait_users/staff122/deepfake_project/outputs_deepfake_project/dfdc_subset_77_jpg/test/real/real_002197.jpg,0.0,0.7723451852798462,1
/media/D1/ait_users/staff122/deepfake_project/outputs_deepfake_project/dfdc_subset_77_jpg/test/real/real_002198.jpg,0.0,0.9243502616882324,1
/media/D1/ait_users/staff122/deepfake_project/outputs_deepfake_project/dfdc_subset_77_jpg/test/real/real_002199.jpg,0.0,0.9893396496772766,1
/media/D1/ait_users/staff122/deepfake_project/outputs_deepfake_project/dfdc_subset_77_jpg/test/real/real_002200.jpg,0.0,0.9841077327728271,1
/media/D1/ait_users/staff122/deepfake_project/outputs_deepfake_project/dfdc_subset_77_jpg/test/real/real_002201.jpg,0.0,0.9742162823677063,1
/media/D1/ait_users/staff122/deepfake_project/outputs_deepfake_project/dfdc_subset_77_jpg/test/real/real_002202.jpg,0.0,0.8062220215797424,1
/media/D1/ait_users/staff122/deepfake_project/outputs_deepfake_project/dfdc_subset_77_jpg/test/real/real_002203.jpg,0.0,0.6863127946853638,1
/media/D1/ait_users/staff122/deepfake_project/outputs_deepfake_project/dfdc_subset_77_jpg/test/real/real_002204.jpg,0.0,0.9961109757423401,1
/media/D1/ait_users/staff122/deepfake_project/outputs_deepfake_project/dfdc_subset_77_jpg/test/real/real_002205.jpg,0.0,0.6172493100166321,1
/media/D1/ait_users/staff122/deepfake_project/outputs_deepfake_project/dfdc_subset_77_jpg/test/real/real_002206.jpg,0.0,0.9966793060302734,1
/media/D1/ait_users/staff122/deepfake_project/outputs_deepfake_project/dfdc_subset_77_jpg/test/real/real_002207.jpg,0.0,0.9485341310501099,1
/media/D1/ait_users/staff122/deepfake_project/outputs_deepfake_project/dfdc_subset_77_jpg/test/real/real_002208.jpg,0.0,0.3811953663825989,0
/media/D1/ait_users/staff122/deepfake_project/outputs_deepfake_project/dfdc_subset_77_jpg/test/real/real_002209.jpg,0.0,0.31062859296798706,0
/media/D1/ait_users/staff122/deepfake_project/outputs_deepfake_project/dfdc_subset_77_jpg/test/real/real_002210.jpg,0.0,0.550764799118042,1
/media/D1/ait_users/staff122/deepfake_project/outputs_deepfake_project/dfdc_subset_77_jpg/test/real/real_002211.jpg,0.0,0.012985039502382278,0
/media/D1/ait_users/staff122/deepfake_project/outputs_deepfake_project/dfdc_subset_77_jpg/test/real/real_002212.jpg,0.0,0.23777735233306885,0
/media/D1/ait_users/staff122/deepfake_project/outputs_deepfake_project/dfdc_subset_77_jpg/test/real/real_002213.jpg,0.0,0.14081622660160065,0
/media/D1/ait_users/staff122/deepfake_project/outputs_deepfake_project/dfdc_subset_77_jpg/test/real/real_002214.jpg,0.0,0.9994077682495117,1
/media/D1/ait_users/staff122/deepfake_project/outputs_deepfake_project/dfdc_subset_77_jpg/test/real/real_002215.jpg,0.0,0.9865857362747192,1
/media/D1/ait_users/staff122/deepfake_project/outputs_deepfake_project/dfdc_subset_77_jpg/test/real/real_002216.jpg,0.0,0.045213840901851654,0
/media/D1/ait_users/staff122/deepfake_project/outputs_deepfake_project/dfdc_subset_77_jpg/test/real/real_002217.jpg,0.0,0.0032791639678180218,0
/media/D1/ait_users/staff122/deepfake_project/outputs_deepfake_project/dfdc_subset_77_jpg/test/real/real_002218.jpg,0.0,0.11892026662826538,0
/media/D1/ait_users/staff122/deepfake_project/outputs_deepfake_project/dfdc_subset_77_jpg/test/real/real_002219.jpg,0.0,0.0016589368460699916,0
/media/D1/ait_users/staff122/deepfake_project/outputs_deepfake_project/dfdc_subset_77_jpg/test/real/real_002220.jpg,0.0,0.0010331434896215796,0
/media/D1/ait_users/staff122/deepfake_project/outputs_deepfake_project/dfdc_subset_77_jpg/test/real/real_002221.jpg,0.0,0.0014062357367947698,0
/media/D1/ait_users/staff122/deepfake_project/outputs_deepfake_project/dfdc_subset_77_jpg/test/real/real_002222.jpg,0.0,0.0012414432130753994,0
/media/D1/ait_users/staff122/deepfake_project/outputs_deepfake_project/dfdc_subset_77_jpg/test/real/real_002223.jpg,0.0,0.00444458844140172,0
/media/D1/ait_users/staff122/deepfake_project/outputs_deepfake_project/dfdc_subset_77_jpg/test/real/real_002224.jpg,0.0,0.9621071219444275,1
/media/D1/ait_users/staff122/deepfake_project/outputs_deepfake_project/dfdc_subset_77_jpg/test/real/real_002225.jpg,0.0,0.001738760038278997,0
/media/D1/ait_users/staff122/deepfake_project/outputs_deepfake_project/dfdc_subset_77_jpg/test/real/real_002226.jpg,0.0,0.0016748057678341866,0
/media/D1/ait_users/staff122/deepfake_project/outputs_deepfake_project/dfdc_subset_77_jpg/test/real/real_002227.jpg,0.0,0.0014723031781613827,0
/media/D1/ait_users/staff122/deepfake_project/outputs_deepfake_project/dfdc_subset_77_jpg/test/real/real_002228.jpg,0.0,0.0010865735821425915,0
/media/D1/ait_users/staff122/deepfake_project/outputs_deepfake_project/dfdc_subset_77_jpg/test/real/real_002229.jpg,0.0,0.0021561854518949986,0
/media/D1/ait_users/staff122/deepfake_project/outputs_deepfake_project/dfdc_subset_77_jpg/test/real/real_002230.jpg,0.0,0.002978050848469138,0
/media/D1/ait_users/staff122/deepfake_project/outputs_deepfake_project/dfdc_subset_77_jpg/test/real/real_002231.jpg,0.0,0.0016796138370409608,0
/media/D1/ait_users/staff122/deepfake_project/outputs_deepfake_project/dfdc_subset_77_jpg/test/real/real_002232.jpg,0.0,0.040278419852256775,0
/media/D1/ait_users/staff122/deepfake_project/outputs_deepfake_project/dfdc_subset_77_jpg/test/real/real_002233.jpg,0.0,0.007047045975923538,0
/media/D1/ait_users/staff122/deepfake_project/outputs_deepfake_project/dfdc_subset_77_jpg/test/real/real_002234.jpg,0.0,0.004051837604492903,0
/media/D1/ait_users/staff122/deepfake_project/outputs_deepfake_project/dfdc_subset_77_jpg/test/real/real_002235.jpg,0.0,0.07180432230234146,0
/media/D1/ait_users/staff122/deepfake_project/outputs_deepfake_project/dfdc_subset_77_jpg/test/real/real_002236.jpg,0.0,0.1697590947151184,0
/media/D1/ait_users/staff122/deepfake_project/outputs_deepfake_project/dfdc_subset_77_jpg/test/real/real_002237.jpg,0.0,0.0018330822931602597,0
/media/D1/ait_users/staff122/deepfake_project/outputs_deepfake_project/dfdc_subset_77_jpg/test/real/real_002238.jpg,0.0,0.4552399516105652,0
/media/D1/ait_users/staff122/deepfake_project/outputs_deepfake_project/dfdc_subset_77_jpg/test/real/real_002239.jpg,0.0,0.9383584260940552,1
/media/D1/ait_users/staff122/deepfake_project/outputs_deepfake_project/dfdc_subset_77_jpg/test/real/real_002240.jpg,0.0,0.9177154898643494,1
/media/D1/ait_users/staff122/deepfake_project/outputs_deepfake_project/dfdc_subset_77_jpg/test/real/real_002241.jpg,0.0,0.960473358631134,1
/media/D1/ait_users/staff122/deepfake_project/outputs_deepfake_project/dfdc_subset_77_jpg/test/real/real_002242.jpg,0.0,0.9867966175079346,1
/media/D1/ait_users/staff122/deepfake_project/outputs_deepfake_project/dfdc_subset_77_jpg/test/real/real_002243.jpg,0.0,0.6881582736968994,1
/media/D1/ait_users/staff122/deepfake_project/outputs_deepfake_project/dfdc_subset_77_jpg/test/real/real_002244.jpg,0.0,0.9975034594535828,1
/media/D1/ait_users/staff122/deepfake_project/outputs_deepfake_project/dfdc_subset_77_jpg/test/real/real_002245.jpg,0.0,0.9913849830627441,1
/media/D1/ait_users/staff122/deepfake_project/outputs_deepfake_project/dfdc_subset_77_jpg/test/real/real_002246.jpg,0.0,0.9535215497016907,1
/media/D1/ait_users/staff122/deepfake_project/outputs_deepfake_project/dfdc_subset_77_jpg/test/real/real_002247.jpg,0.0,0.9843941330909729,1
/media/D1/ait_users/staff122/deepfake_project/outputs_deepfake_project/dfdc_subset_77_jpg/test/real/real_002248.jpg,0.0,0.8799572587013245,1
/media/D1/ait_users/staff122/deepfake_project/outputs_deepfake_project/dfdc_subset_77_jpg/test/real/real_002249.jpg,0.0,0.9995282888412476,1
/media/D1/ait_users/staff122/deepfake_project/outputs_deepfake_project/dfdc_subset_77_jpg/test/real/real_002250.jpg,0.0,0.27981773018836975,0
/media/D1/ait_users/staff122/deepfake_project/outputs_deepfake_project/dfdc_subset_77_jpg/test/real/real_002251.jpg,0.0,0.9975237250328064,1
/media/D1/ait_users/staff122/deepfake_project/outputs_deepfake_project/dfdc_subset_77_jpg/test/real/real_002252.jpg,0.0,0.8659630417823792,1
/media/D1/ait_users/staff122/deepfake_project/outputs_deepfake_project/dfdc_subset_77_jpg/test/real/real_002253.jpg,0.0,0.993267297744751,1
/media/D1/ait_users/staff122/deepfake_project/outputs_deepfake_project/dfdc_subset_77_jpg/test/real/real_002254.jpg,0.0,0.9773222208023071,1
/media/D1/ait_users/staff122/deepfake_project/outputs_deepfake_project/dfdc_subset_77_jpg/test/real/real_002255.jpg,0.0,0.8984020352363586,1
/media/D1/ait_users/staff122/deepfake_project/outputs_deepfake_project/dfdc_subset_77_jpg/test/real/real_002256.jpg,0.0,0.9204084277153015,1
/media/D1/ait_users/staff122/deepfake_project/outputs_deepfake_project/dfdc_subset_77_jpg/test/real/real_002257.jpg,0.0,0.9274141788482666,1
/media/D1/ait_users/staff122/deepfake_project/outputs_deepfake_project/dfdc_subset_77_jpg/test/real/real_002258.jpg,0.0,0.8875826001167297,1
/media/D1/ait_users/staff122/deepfake_project/outputs_deepfake_project/dfdc_subset_77_jpg/test/real/real_002259.jpg,0.0,0.9971530437469482,1
/media/D1/ait_users/staff122/deepfake_project/outputs_deepfake_project/dfdc_subset_77_jpg/test/real/real_002260.jpg,0.0,0.9979301691055298,1
/media/D1/ait_users/staff122/deepfake_project/outputs_deepfake_project/dfdc_subset_77_jpg/test/real/real_002261.jpg,0.0,0.916925847530365,1
/media/D1/ait_users/staff122/deepfake_project/outputs_deepfake_project/dfdc_subset_77_jpg/test/real/real_002262.jpg,0.0,0.9517356753349304,1
/media/D1/ait_users/staff122/deepfake_project/outputs_deepfake_project/dfdc_subset_77_jpg/test/real/real_002263.jpg,0.0,0.9978274703025818,1
/media/D1/ait_users/staff122/deepfake_project/outputs_deepfake_project/dfdc_subset_77_jpg/test/real/real_002264.jpg,0.0,0.9939987659454346,1
/media/D1/ait_users/staff122/deepfake_project/outputs_deepfake_project/dfdc_subset_77_jpg/test/real/real_002265.jpg,0.0,0.9996531009674072,1
/media/D1/ait_users/staff122/deepfake_project/outputs_deepfake_project/dfdc_subset_77_jpg/test/real/real_002266.jpg,0.0,0.9583878517150879,1
/media/D1/ait_users/staff122/deepfake_project/outputs_deepfake_project/dfdc_subset_77_jpg/test/real/real_002267.jpg,0.0,0.815064013004303,1
/media/D1/ait_users/staff122/deepfake_project/outputs_deepfake_project/dfdc_subset_77_jpg/test/real/real_002268.jpg,0.0,0.980695903301239,1
/media/D1/ait_users/staff122/deepfake_project/outputs_deepfake_project/dfdc_subset_77_jpg/test/real/real_002269.jpg,0.0,0.9251202344894409,1
/media/D1/ait_users/staff122/deepfake_project/outputs_deepfake_project/dfdc_subset_77_jpg/test/real/real_002270.jpg,0.0,0.9838547110557556,1
/media/D1/ait_users/staff122/deepfake_project/outputs_deepfake_project/dfdc_subset_77_jpg/test/real/real_002271.jpg,0.0,0.9758830666542053,1
/media/D1/ait_users/staff122/deepfake_project/outputs_deepfake_project/dfdc_subset_77_jpg/test/real/real_002272.jpg,0.0,0.9835913777351379,1
/media/D1/ait_users/staff122/deepfake_project/outputs_deepfake_project/dfdc_subset_77_jpg/test/real/real_002273.jpg,0.0,0.9883877635002136,1
/media/D1/ait_users/staff122/deepfake_project/outputs_deepfake_project/dfdc_subset_77_jpg/test/real/real_002274.jpg,0.0,0.9793980717658997,1
/media/D1/ait_users/staff122/deepfake_project/outputs_deepfake_project/dfdc_subset_77_jpg/test/real/real_002275.jpg,0.0,0.957831621170044,1
/media/D1/ait_users/staff122/deepfake_project/outputs_deepfake_project/dfdc_subset_77_jpg/test/real/real_002276.jpg,0.0,0.8964253067970276,1
/media/D1/ait_users/staff122/deepfake_project/outputs_deepfake_project/dfdc_subset_77_jpg/test/real/real_002277.jpg,0.0,0.8048714995384216,1
/media/D1/ait_users/staff122/deepfake_project/outputs_deepfake_project/dfdc_subset_77_jpg/test/real/real_002278.jpg,0.0,0.8789791464805603,1
/media/D1/ait_users/staff122/deepfake_project/outputs_deepfake_project/dfdc_subset_77_jpg/test/real/real_002279.jpg,0.0,0.58452969789505,1
/media/D1/ait_users/staff122/deepfake_project/outputs_deepfake_project/dfdc_subset_77_jpg/test/real/real_002280.jpg,0.0,0.7929195165634155,1
/media/D1/ait_users/staff122/deepfake_project/outputs_deepfake_project/dfdc_subset_77_jpg/test/real/real_002281.jpg,0.0,0.9944638609886169,1
/media/D1/ait_users/staff122/deepfake_project/outputs_deepfake_project/dfdc_subset_77_jpg/test/real/real_002282.jpg,0.0,0.9836875200271606,1
/media/D1/ait_users/staff122/deepfake_project/outputs_deepfake_project/dfdc_subset_77_jpg/test/real/real_002283.jpg,0.0,0.82725590467453,1
/media/D1/ait_users/staff122/deepfake_project/outputs_deepfake_project/dfdc_subset_77_jpg/test/real/real_002284.jpg,0.0,0.9861723780632019,1
/media/D1/ait_users/staff122/deepfake_project/outputs_deepfake_project/dfdc_subset_77_jpg/test/real/real_002285.jpg,0.0,0.9959511756896973,1
/media/D1/ait_users/staff122/deepfake_project/outputs_deepfake_project/dfdc_subset_77_jpg/test/real/real_002286.jpg,0.0,0.5054435729980469,1
/media/D1/ait_users/staff122/deepfake_project/outputs_deepfake_project/dfdc_subset_77_jpg/test/real/real_002287.jpg,0.0,0.996192216873169,1
/media/D1/ait_users/staff122/deepfake_project/outputs_deepfake_project/dfdc_subset_77_jpg/test/real/real_002288.jpg,0.0,0.6972270607948303,1
/media/D1/ait_users/staff122/deepfake_project/outputs_deepfake_project/dfdc_subset_77_jpg/test/real/real_002289.jpg,0.0,0.4071338176727295,0
/media/D1/ait_users/staff122/deepfake_project/outputs_deepfake_project/dfdc_subset_77_jpg/test/real/real_002290.jpg,0.0,0.9121230840682983,1
/media/D1/ait_users/staff122/deepfake_project/outputs_deepfake_project/dfdc_subset_77_jpg/test/real/real_002291.jpg,0.0,0.9826646447181702,1
/media/D1/ait_users/staff122/deepfake_project/outputs_deepfake_project/dfdc_subset_77_jpg/test/real/real_002292.jpg,0.0,0.8957647681236267,1
/media/D1/ait_users/staff122/deepfake_project/outputs_deepfake_project/dfdc_subset_77_jpg/test/real/real_002293.jpg,0.0,0.9953206181526184,1
/media/D1/ait_users/staff122/deepfake_project/outputs_deepfake_project/dfdc_subset_77_jpg/test/real/real_002294.jpg,0.0,0.9894307851791382,1
/media/D1/ait_users/staff122/deepfake_project/outputs_deepfake_project/dfdc_subset_77_jpg/test/real/real_002295.jpg,0.0,0.9886677861213684,1
/media/D1/ait_users/staff122/deepfake_project/outputs_deepfake_project/dfdc_subset_77_jpg/test/real/real_002296.jpg,0.0,0.46124815940856934,0
/media/D1/ait_users/staff122/deepfake_project/outputs_deepfake_project/dfdc_subset_77_jpg/test/real/real_002297.jpg,0.0,0.7412523031234741,1
/media/D1/ait_users/staff122/deepfake_project/outputs_deepfake_project/dfdc_subset_77_jpg/test/real/real_002298.jpg,0.0,0.70955491065979,1
/media/D1/ait_users/staff122/deepfake_project/outputs_deepfake_project/dfdc_subset_77_jpg/test/real/real_002299.jpg,0.0,0.7765804529190063,1
/media/D1/ait_users/staff122/deepfake_project/outputs_deepfake_project/dfdc_subset_77_jpg/test/real/real_002300.jpg,0.0,0.9347110986709595,1
/media/D1/ait_users/staff122/deepfake_project/outputs_deepfake_project/dfdc_subset_77_jpg/test/real/real_002301.jpg,0.0,0.8661431074142456,1
/media/D1/ait_users/staff122/deepfake_project/outputs_deepfake_project/dfdc_subset_77_jpg/test/real/real_002302.jpg,0.0,0.7282253503799438,1
/media/D1/ait_users/staff122/deepfake_project/outputs_deepfake_project/dfdc_subset_77_jpg/test/real/real_002303.jpg,0.0,0.8949375748634338,1
/media/D1/ait_users/staff122/deepfake_project/outputs_deepfake_project/dfdc_subset_77_jpg/test/real/real_002304.jpg,0.0,0.9827266931533813,1
/media/D1/ait_users/staff122/deepfake_project/outputs_deepfake_project/dfdc_subset_77_jpg/test/real/real_002305.jpg,0.0,0.9995194673538208,1
/media/D1/ait_users/staff122/deepfake_project/outputs_deepfake_project/dfdc_subset_77_jpg/test/real/real_002306.jpg,0.0,0.0019435087451711297,0
/media/D1/ait_users/staff122/deepfake_project/outputs_deepfake_project/dfdc_subset_77_jpg/test/real/real_002307.jpg,0.0,0.01088513620197773,0
/media/D1/ait_users/staff122/deepfake_project/outputs_deepfake_project/dfdc_subset_77_jpg/test/real/real_002308.jpg,0.0,0.9884923696517944,1
/media/D1/ait_users/staff122/deepfake_project/outputs_deepfake_project/dfdc_subset_77_jpg/test/real/real_002309.jpg,0.0,0.9975495934486389,1
/media/D1/ait_users/staff122/deepfake_project/outputs_deepfake_project/dfdc_subset_77_jpg/test/real/real_002310.jpg,0.0,0.9963952898979187,1
/media/D1/ait_users/staff122/deepfake_project/outputs_deepfake_project/dfdc_subset_77_jpg/test/real/real_002311.jpg,0.0,0.9792625904083252,1
/media/D1/ait_users/staff122/deepfake_project/outputs_deepfake_project/dfdc_subset_77_jpg/test/real/real_002312.jpg,0.0,0.9967323541641235,1
/media/D1/ait_users/staff122/deepfake_project/outputs_deepfake_project/dfdc_subset_77_jpg/test/real/real_002313.jpg,0.0,0.995776355266571,1
/media/D1/ait_users/staff122/deepfake_project/outputs_deepfake_project/dfdc_subset_77_jpg/test/real/real_002314.jpg,0.0,0.9970232844352722,1
/media/D1/ait_users/staff122/deepfake_project/outputs_deepfake_project/dfdc_subset_77_jpg/test/real/real_002315.jpg,0.0,0.9960289001464844,1
/media/D1/ait_users/staff122/deepfake_project/outputs_deepfake_project/dfdc_subset_77_jpg/test/real/real_002316.jpg,0.0,0.9976859092712402,1
/media/D1/ait_users/staff122/deepfake_project/outputs_deepfake_project/dfdc_subset_77_jpg/test/real/real_002317.jpg,0.0,0.9978184700012207,1
/media/D1/ait_users/staff122/deepfake_project/outputs_deepfake_project/dfdc_subset_77_jpg/test/real/real_002318.jpg,0.0,0.9976891279220581,1
/media/D1/ait_users/staff122/deepfake_project/outputs_deepfake_project/dfdc_subset_77_jpg/test/real/real_002319.jpg,0.0,0.9977675676345825,1
/media/D1/ait_users/staff122/deepfake_project/outputs_deepfake_project/dfdc_subset_77_jpg/test/real/real_002320.jpg,0.0,0.9463068246841431,1
/media/D1/ait_users/staff122/deepfake_project/outputs_deepfake_project/dfdc_subset_77_jpg/test/real/real_002321.jpg,0.0,0.03986909240484238,0
/media/D1/ait_users/staff122/deepfake_project/outputs_deepfake_project/dfdc_subset_77_jpg/test/real/real_002322.jpg,0.0,0.04017133265733719,0
/media/D1/ait_users/staff122/deepfake_project/outputs_deepfake_project/dfdc_subset_77_jpg/test/real/real_002323.jpg,0.0,0.9834185242652893,1
/media/D1/ait_users/staff122/deepfake_project/outputs_deepfake_project/dfdc_subset_77_jpg/test/real/real_002324.jpg,0.0,0.9966312050819397,1
/media/D1/ait_users/staff122/deepfake_project/outputs_deepfake_project/dfdc_subset_77_jpg/test/real/real_002325.jpg,0.0,0.9680953025817871,1
/media/D1/ait_users/staff122/deepfake_project/outputs_deepfake_project/dfdc_subset_77_jpg/test/real/real_002326.jpg,0.0,0.9994369149208069,1
/media/D1/ait_users/staff122/deepfake_project/outputs_deepfake_project/dfdc_subset_77_jpg/test/real/real_002327.jpg,0.0,0.9993417859077454,1
/media/D1/ait_users/staff122/deepfake_project/outputs_deepfake_project/dfdc_subset_77_jpg/test/real/real_002328.jpg,0.0,0.985174834728241,1
/media/D1/ait_users/staff122/deepfake_project/outputs_deepfake_project/dfdc_subset_77_jpg/test/real/real_002329.jpg,0.0,0.9722131490707397,1
/media/D1/ait_users/staff122/deepfake_project/outputs_deepfake_project/dfdc_subset_77_jpg/test/real/real_002330.jpg,0.0,0.08913780748844147,0
/media/D1/ait_users/staff122/deepfake_project/outputs_deepfake_project/dfdc_subset_77_jpg/test/real/real_002331.jpg,0.0,0.9981861710548401,1
/media/D1/ait_users/staff122/deepfake_project/outputs_deepfake_project/dfdc_subset_77_jpg/test/real/real_002332.jpg,0.0,0.9964154958724976,1
/media/D1/ait_users/staff122/deepfake_project/outputs_deepfake_project/dfdc_subset_77_jpg/test/real/real_002333.jpg,0.0,0.99787437915802,1
/media/D1/ait_users/staff122/deepfake_project/outputs_deepfake_project/dfdc_subset_77_jpg/test/real/real_002334.jpg,0.0,0.9998346567153931,1
/media/D1/ait_users/staff122/deepfake_project/outputs_deepfake_project/dfdc_subset_77_jpg/test/real/real_002335.jpg,0.0,0.9985724687576294,1
/media/D1/ait_users/staff122/deepfake_project/outputs_deepfake_project/dfdc_subset_77_jpg/test/real/real_002336.jpg,0.0,0.7450752854347229,1
/media/D1/ait_users/staff122/deepfake_project/outputs_deepfake_project/dfdc_subset_77_jpg/test/real/real_002337.jpg,0.0,0.8588950634002686,1
/media/D1/ait_users/staff122/deepfake_project/outputs_deepfake_project/dfdc_subset_77_jpg/test/real/real_002338.jpg,0.0,0.752666711807251,1
/media/D1/ait_users/staff122/deepfake_project/outputs_deepfake_project/dfdc_subset_77_jpg/test/real/real_002339.jpg,0.0,0.2906928062438965,0
/media/D1/ait_users/staff122/deepfake_project/outputs_deepfake_project/dfdc_subset_77_jpg/test/real/real_002340.jpg,0.0,0.8041946887969971,1
/media/D1/ait_users/staff122/deepfake_project/outputs_deepfake_project/dfdc_subset_77_jpg/test/real/real_002341.jpg,0.0,0.2716161608695984,0
/media/D1/ait_users/staff122/deepfake_project/outputs_deepfake_project/dfdc_subset_77_jpg/test/real/real_002342.jpg,0.0,0.9937210083007812,1
/media/D1/ait_users/staff122/deepfake_project/outputs_deepfake_project/dfdc_subset_77_jpg/test/real/real_002343.jpg,0.0,0.24998363852500916,0
/media/D1/ait_users/staff122/deepfake_project/outputs_deepfake_project/dfdc_subset_77_jpg/test/real/real_002344.jpg,0.0,0.48183363676071167,0
/media/D1/ait_users/staff122/deepfake_project/outputs_deepfake_project/dfdc_subset_77_jpg/test/real/real_002345.jpg,0.0,0.8408618569374084,1
/media/D1/ait_users/staff122/deepfake_project/outputs_deepfake_project/dfdc_subset_77_jpg/test/real/real_002346.jpg,0.0,0.04179063066840172,0
/media/D1/ait_users/staff122/deepfake_project/outputs_deepfake_project/dfdc_subset_77_jpg/test/real/real_002347.jpg,0.0,0.24734783172607422,0
/media/D1/ait_users/staff122/deepfake_project/outputs_deepfake_project/dfdc_subset_77_jpg/test/real/real_002348.jpg,0.0,0.776199460029602,1
/media/D1/ait_users/staff122/deepfake_project/outputs_deepfake_project/dfdc_subset_77_jpg/test/real/real_002349.jpg,0.0,0.966654896736145,1
/media/D1/ait_users/staff122/deepfake_project/outputs_deepfake_project/dfdc_subset_77_jpg/test/real/real_002350.jpg,0.0,0.19873838126659393,0
/media/D1/ait_users/staff122/deepfake_project/outputs_deepfake_project/dfdc_subset_77_jpg/test/real/real_002351.jpg,0.0,0.9959554672241211,1
/media/D1/ait_users/staff122/deepfake_project/outputs_deepfake_project/dfdc_subset_77_jpg/test/real/real_002352.jpg,0.0,0.9468026161193848,1
/media/D1/ait_users/staff122/deepfake_project/outputs_deepfake_project/dfdc_subset_77_jpg/test/real/real_002353.jpg,0.0,0.6229705214500427,1
/media/D1/ait_users/staff122/deepfake_project/outputs_deepfake_project/dfdc_subset_77_jpg/test/real/real_002354.jpg,0.0,0.61733478307724,1
/media/D1/ait_users/staff122/deepfake_project/outputs_deepfake_project/dfdc_subset_77_jpg/test/real/real_002355.jpg,0.0,0.09653037041425705,0
/media/D1/ait_users/staff122/deepfake_project/outputs_deepfake_project/dfdc_subset_77_jpg/test/real/real_002356.jpg,0.0,0.8501816391944885,1
/media/D1/ait_users/staff122/deepfake_project/outputs_deepfake_project/dfdc_subset_77_jpg/test/real/real_002357.jpg,0.0,0.8868324160575867,1
/media/D1/ait_users/staff122/deepfake_project/outputs_deepfake_project/dfdc_subset_77_jpg/test/real/real_002358.jpg,0.0,0.8574262857437134,1
/media/D1/ait_users/staff122/deepfake_project/outputs_deepfake_project/dfdc_subset_77_jpg/test/real/real_002359.jpg,0.0,0.5832858085632324,1
/media/D1/ait_users/staff122/deepfake_project/outputs_deepfake_project/dfdc_subset_77_jpg/test/real/real_002360.jpg,0.0,0.5488675236701965,1
/media/D1/ait_users/staff122/deepfake_project/outputs_deepfake_project/dfdc_subset_77_jpg/test/real/real_002361.jpg,0.0,0.6135742664337158,1
/media/D1/ait_users/staff122/deepfake_project/outputs_deepfake_project/dfdc_subset_77_jpg/test/real/real_002362.jpg,0.0,0.456952303647995,0
/media/D1/ait_users/staff122/deepfake_project/outputs_deepfake_project/dfdc_subset_77_jpg/test/real/real_002363.jpg,0.0,0.6447424292564392,1
/media/D1/ait_users/staff122/deepfake_project/outputs_deepfake_project/dfdc_subset_77_jpg/test/real/real_002364.jpg,0.0,0.9855866432189941,1
/media/D1/ait_users/staff122/deepfake_project/outputs_deepfake_project/dfdc_subset_77_jpg/test/real/real_002365.jpg,0.0,0.16462410986423492,0
/media/D1/ait_users/staff122/deepfake_project/outputs_deepfake_project/dfdc_subset_77_jpg/test/real/real_002366.jpg,0.0,0.4826945662498474,0
/media/D1/ait_users/staff122/deepfake_project/outputs_deepfake_project/dfdc_subset_77_jpg/test/real/real_002367.jpg,0.0,0.544679582118988,1
/media/D1/ait_users/staff122/deepfake_project/outputs_deepfake_project/dfdc_subset_77_jpg/test/real/real_002368.jpg,0.0,0.48467540740966797,0
/media/D1/ait_users/staff122/deepfake_project/outputs_deepfake_project/dfdc_subset_77_jpg/test/real/real_002369.jpg,0.0,0.9310452938079834,1
/media/D1/ait_users/staff122/deepfake_project/outputs_deepfake_project/dfdc_subset_77_jpg/test/real/real_002370.jpg,0.0,0.2835920751094818,0
/media/D1/ait_users/staff122/deepfake_project/outputs_deepfake_project/dfdc_subset_77_jpg/test/real/real_002371.jpg,0.0,0.4167485535144806,0
/media/D1/ait_users/staff122/deepfake_project/outputs_deepfake_project/dfdc_subset_77_jpg/test/real/real_002372.jpg,0.0,0.5771604180335999,1
/media/D1/ait_users/staff122/deepfake_project/outputs_deepfake_project/dfdc_subset_77_jpg/test/real/real_002373.jpg,0.0,0.1307002305984497,0
/media/D1/ait_users/staff122/deepfake_project/outputs_deepfake_project/dfdc_subset_77_jpg/test/real/real_002374.jpg,0.0,0.09672892093658447,0
/media/D1/ait_users/staff122/deepfake_project/outputs_deepfake_project/dfdc_subset_77_jpg/test/real/real_002375.jpg,0.0,0.27368828654289246,0
/media/D1/ait_users/staff122/deepfake_project/outputs_deepfake_project/dfdc_subset_77_jpg/test/real/real_002376.jpg,0.0,0.02681059017777443,0
/media/D1/ait_users/staff122/deepfake_project/outputs_deepfake_project/dfdc_subset_77_jpg/test/real/real_002377.jpg,0.0,0.6985916495323181,1
/media/D1/ait_users/staff122/deepfake_project/outputs_deepfake_project/dfdc_subset_77_jpg/test/real/real_002378.jpg,0.0,0.9612811207771301,1
/media/D1/ait_users/staff122/deepfake_project/outputs_deepfake_project/dfdc_subset_77_jpg/test/real/real_002379.jpg,0.0,0.04455181583762169,0
/media/D1/ait_users/staff122/deepfake_project/outputs_deepfake_project/dfdc_subset_77_jpg/test/real/real_002380.jpg,0.0,0.9403738975524902,1
/media/D1/ait_users/staff122/deepfake_project/outputs_deepfake_project/dfdc_subset_77_jpg/test/real/real_002381.jpg,0.0,0.9590720534324646,1
/media/D1/ait_users/staff122/deepfake_project/outputs_deepfake_project/dfdc_subset_77_jpg/test/real/real_002382.jpg,0.0,0.951836109161377,1
/media/D1/ait_users/staff122/deepfake_project/outputs_deepfake_project/dfdc_subset_77_jpg/test/real/real_002383.jpg,0.0,0.5225288271903992,1
/media/D1/ait_users/staff122/deepfake_project/outputs_deepfake_project/dfdc_subset_77_jpg/test/real/real_002384.jpg,0.0,0.8887954354286194,1
/media/D1/ait_users/staff122/deepfake_project/outputs_deepfake_project/dfdc_subset_77_jpg/test/real/real_002385.jpg,0.0,0.46545174717903137,0
/media/D1/ait_users/staff122/deepfake_project/outputs_deepfake_project/dfdc_subset_77_jpg/test/real/real_002386.jpg,0.0,0.8743013739585876,1
/media/D1/ait_users/staff122/deepfake_project/outputs_deepfake_project/dfdc_subset_77_jpg/test/real/real_002387.jpg,0.0,0.8908172845840454,1
/media/D1/ait_users/staff122/deepfake_project/outputs_deepfake_project/dfdc_subset_77_jpg/test/real/real_002388.jpg,0.0,0.992912232875824,1
/media/D1/ait_users/staff122/deepfake_project/outputs_deepfake_project/dfdc_subset_77_jpg/test/real/real_002389.jpg,0.0,0.7900508046150208,1
/media/D1/ait_users/staff122/deepfake_project/outputs_deepfake_project/dfdc_subset_77_jpg/test/real/real_002390.jpg,0.0,0.7113811373710632,1
/media/D1/ait_users/staff122/deepfake_project/outputs_deepfake_project/dfdc_subset_77_jpg/test/real/real_002391.jpg,0.0,0.905546247959137,1
/media/D1/ait_users/staff122/deepfake_project/outputs_deepfake_project/dfdc_subset_77_jpg/test/real/real_002392.jpg,0.0,0.598052978515625,1
/media/D1/ait_users/staff122/deepfake_project/outputs_deepfake_project/dfdc_subset_77_jpg/test/real/real_002393.jpg,0.0,0.9592334628105164,1
/media/D1/ait_users/staff122/deepfake_project/outputs_deepfake_project/dfdc_subset_77_jpg/test/real/real_002394.jpg,0.0,0.5818201303482056,1
/media/D1/ait_users/staff122/deepfake_project/outputs_deepfake_project/dfdc_subset_77_jpg/test/real/real_002395.jpg,0.0,0.5613967180252075,1
/media/D1/ait_users/staff122/deepfake_project/outputs_deepfake_project/dfdc_subset_77_jpg/test/real/real_002396.jpg,0.0,0.709432065486908,1
/media/D1/ait_users/staff122/deepfake_project/outputs_deepfake_project/dfdc_subset_77_jpg/test/real/real_002397.jpg,0.0,0.37179240584373474,0
/media/D1/ait_users/staff122/deepfake_project/outputs_deepfake_project/dfdc_subset_77_jpg/test/real/real_002398.jpg,0.0,0.6010364890098572,1
/media/D1/ait_users/staff122/deepfake_project/outputs_deepfake_project/dfdc_subset_77_jpg/test/real/real_002399.jpg,0.0,0.39040854573249817,0
/media/D1/ait_users/staff122/deepfake_project/outputs_deepfake_project/dfdc_subset_77_jpg/test/real/real_002400.jpg,0.0,0.38891473412513733,0
/media/D1/ait_users/staff122/deepfake_project/outputs_deepfake_project/dfdc_subset_77_jpg/test/real/real_002401.jpg,0.0,0.9734566807746887,1
/media/D1/ait_users/staff122/deepfake_project/outputs_deepfake_project/dfdc_subset_77_jpg/test/real/real_002402.jpg,0.0,0.002617850201204419,0
/media/D1/ait_users/staff122/deepfake_project/outputs_deepfake_project/dfdc_subset_77_jpg/test/real/real_002403.jpg,0.0,0.9993434548377991,1
/media/D1/ait_users/staff122/deepfake_project/outputs_deepfake_project/dfdc_subset_77_jpg/test/real/real_002404.jpg,0.0,0.9970723390579224,1
/media/D1/ait_users/staff122/deepfake_project/outputs_deepfake_project/dfdc_subset_77_jpg/test/real/real_002405.jpg,0.0,0.3083930015563965,0
/media/D1/ait_users/staff122/deepfake_project/outputs_deepfake_project/dfdc_subset_77_jpg/test/real/real_002406.jpg,0.0,0.9956182241439819,1
/media/D1/ait_users/staff122/deepfake_project/outputs_deepfake_project/dfdc_subset_77_jpg/test/real/real_002407.jpg,0.0,0.05031165853142738,0
/media/D1/ait_users/staff122/deepfake_project/outputs_deepfake_project/dfdc_subset_77_jpg/test/real/real_002408.jpg,0.0,0.0028913908172398806,0
/media/D1/ait_users/staff122/deepfake_project/outputs_deepfake_project/dfdc_subset_77_jpg/test/real/real_002409.jpg,0.0,0.0014386537950485945,0
/media/D1/ait_users/staff122/deepfake_project/outputs_deepfake_project/dfdc_subset_77_jpg/test/real/real_002410.jpg,0.0,0.01930200681090355,0
/media/D1/ait_users/staff122/deepfake_project/outputs_deepfake_project/dfdc_subset_77_jpg/test/real/real_002411.jpg,0.0,0.003411437850445509,0
/media/D1/ait_users/staff122/deepfake_project/outputs_deepfake_project/dfdc_subset_77_jpg/test/real/real_002412.jpg,0.0,0.0004133862385060638,0
/media/D1/ait_users/staff122/deepfake_project/outputs_deepfake_project/dfdc_subset_77_jpg/test/real/real_002413.jpg,0.0,0.001092224381864071,0
/media/D1/ait_users/staff122/deepfake_project/outputs_deepfake_project/dfdc_subset_77_jpg/test/real/real_002414.jpg,0.0,0.9927934408187866,1
/media/D1/ait_users/staff122/deepfake_project/outputs_deepfake_project/dfdc_subset_77_jpg/test/real/real_002415.jpg,0.0,0.9963197708129883,1
/media/D1/ait_users/staff122/deepfake_project/outputs_deepfake_project/dfdc_subset_77_jpg/test/real/real_002416.jpg,0.0,0.9938086867332458,1
/media/D1/ait_users/staff122/deepfake_project/outputs_deepfake_project/dfdc_subset_77_jpg/test/real/real_002417.jpg,0.0,0.9859946966171265,1
/media/D1/ait_users/staff122/deepfake_project/outputs_deepfake_project/dfdc_subset_77_jpg/test/real/real_002418.jpg,0.0,0.9767313003540039,1
/media/D1/ait_users/staff122/deepfake_project/outputs_deepfake_project/dfdc_subset_77_jpg/test/real/real_002419.jpg,0.0,0.4210347831249237,0
/media/D1/ait_users/staff122/deepfake_project/outputs_deepfake_project/dfdc_subset_77_jpg/test/real/real_002420.jpg,0.0,0.001827334868721664,0
/media/D1/ait_users/staff122/deepfake_project/outputs_deepfake_project/dfdc_subset_77_jpg/test/real/real_002421.jpg,0.0,0.002374419244006276,0
/media/D1/ait_users/staff122/deepfake_project/outputs_deepfake_project/dfdc_subset_77_jpg/test/real/real_002422.jpg,0.0,0.00986455474048853,0
/media/D1/ait_users/staff122/deepfake_project/outputs_deepfake_project/dfdc_subset_77_jpg/test/real/real_002423.jpg,0.0,0.056590430438518524,0
/media/D1/ait_users/staff122/deepfake_project/outputs_deepfake_project/dfdc_subset_77_jpg/test/real/real_002424.jpg,0.0,0.0008176386472769082,0
/media/D1/ait_users/staff122/deepfake_project/outputs_deepfake_project/dfdc_subset_77_jpg/test/real/real_002425.jpg,0.0,0.052982691675424576,0
/media/D1/ait_users/staff122/deepfake_project/outputs_deepfake_project/dfdc_subset_77_jpg/test/real/real_002426.jpg,0.0,0.5507022142410278,1
/media/D1/ait_users/staff122/deepfake_project/outputs_deepfake_project/dfdc_subset_77_jpg/test/real/real_002427.jpg,0.0,0.0004574811609927565,0
/media/D1/ait_users/staff122/deepfake_project/outputs_deepfake_project/dfdc_subset_77_jpg/test/real/real_002428.jpg,0.0,0.0006757192313671112,0
/media/D1/ait_users/staff122/deepfake_project/outputs_deepfake_project/dfdc_subset_77_jpg/test/real/real_002429.jpg,0.0,0.002015122678130865,0
/media/D1/ait_users/staff122/deepfake_project/outputs_deepfake_project/dfdc_subset_77_jpg/test/real/real_002430.jpg,0.0,0.0019163633696734905,0
/media/D1/ait_users/staff122/deepfake_project/outputs_deepfake_project/dfdc_subset_77_jpg/test/real/real_002431.jpg,0.0,0.0004165790742263198,0
/media/D1/ait_users/staff122/deepfake_project/outputs_deepfake_project/dfdc_subset_77_jpg/test/real/real_002432.jpg,0.0,0.9810701608657837,1
/media/D1/ait_users/staff122/deepfake_project/outputs_deepfake_project/dfdc_subset_77_jpg/test/real/real_002433.jpg,0.0,0.8664301037788391,1
/media/D1/ait_users/staff122/deepfake_project/outputs_deepfake_project/dfdc_subset_77_jpg/test/real/real_002434.jpg,0.0,0.8203983902931213,1
/media/D1/ait_users/staff122/deepfake_project/outputs_deepfake_project/dfdc_subset_77_jpg/test/real/real_002435.jpg,0.0,0.6384823322296143,1
/media/D1/ait_users/staff122/deepfake_project/outputs_deepfake_project/dfdc_subset_77_jpg/test/real/real_002436.jpg,0.0,0.9898532032966614,1
/media/D1/ait_users/staff122/deepfake_project/outputs_deepfake_project/dfdc_subset_77_jpg/test/real/real_002437.jpg,0.0,0.9265379905700684,1
/media/D1/ait_users/staff122/deepfake_project/outputs_deepfake_project/dfdc_subset_77_jpg/test/real/real_002438.jpg,0.0,0.5892088413238525,1
/media/D1/ait_users/staff122/deepfake_project/outputs_deepfake_project/dfdc_subset_77_jpg/test/real/real_002439.jpg,0.0,0.9038846492767334,1
/media/D1/ait_users/staff122/deepfake_project/outputs_deepfake_project/dfdc_subset_77_jpg/test/real/real_002440.jpg,0.0,0.7153366208076477,1
/media/D1/ait_users/staff122/deepfake_project/outputs_deepfake_project/dfdc_subset_77_jpg/test/real/real_002441.jpg,0.0,0.8240057229995728,1
/media/D1/ait_users/staff122/deepfake_project/outputs_deepfake_project/dfdc_subset_77_jpg/test/real/real_002442.jpg,0.0,0.8069208264350891,1
/media/D1/ait_users/staff122/deepfake_project/outputs_deepfake_project/dfdc_subset_77_jpg/test/real/real_002443.jpg,0.0,0.9989076852798462,1
/media/D1/ait_users/staff122/deepfake_project/outputs_deepfake_project/dfdc_subset_77_jpg/test/real/real_002444.jpg,0.0,0.9979541301727295,1
/media/D1/ait_users/staff122/deepfake_project/outputs_deepfake_project/dfdc_subset_77_jpg/test/real/real_002445.jpg,0.0,0.9924198985099792,1
/media/D1/ait_users/staff122/deepfake_project/outputs_deepfake_project/dfdc_subset_77_jpg/test/real/real_002446.jpg,0.0,0.674317479133606,1
/media/D1/ait_users/staff122/deepfake_project/outputs_deepfake_project/dfdc_subset_77_jpg/test/real/real_002447.jpg,0.0,0.9837888479232788,1
/media/D1/ait_users/staff122/deepfake_project/outputs_deepfake_project/dfdc_subset_77_jpg/test/real/real_002448.jpg,0.0,0.9957981705665588,1
/media/D1/ait_users/staff122/deepfake_project/outputs_deepfake_project/dfdc_subset_77_jpg/test/real/real_002449.jpg,0.0,0.9905253052711487,1
/media/D1/ait_users/staff122/deepfake_project/outputs_deepfake_project/dfdc_subset_77_jpg/test/real/real_002450.jpg,0.0,0.9924166202545166,1
/media/D1/ait_users/staff122/deepfake_project/outputs_deepfake_project/dfdc_subset_77_jpg/test/real/real_002451.jpg,0.0,0.2396552860736847,0
/media/D1/ait_users/staff122/deepfake_project/outputs_deepfake_project/dfdc_subset_77_jpg/test/real/real_002452.jpg,0.0,0.5698781609535217,1
/media/D1/ait_users/staff122/deepfake_project/outputs_deepfake_project/dfdc_subset_77_jpg/test/real/real_002453.jpg,0.0,0.9764693379402161,1
/media/D1/ait_users/staff122/deepfake_project/outputs_deepfake_project/dfdc_subset_77_jpg/test/real/real_002454.jpg,0.0,0.9695171117782593,1
/media/D1/ait_users/staff122/deepfake_project/outputs_deepfake_project/dfdc_subset_77_jpg/test/real/real_002455.jpg,0.0,0.9742844700813293,1
/media/D1/ait_users/staff122/deepfake_project/outputs_deepfake_project/dfdc_subset_77_jpg/test/real/real_002456.jpg,0.0,0.9925909042358398,1
/media/D1/ait_users/staff122/deepfake_project/outputs_deepfake_project/dfdc_subset_77_jpg/test/real/real_002457.jpg,0.0,0.9839966893196106,1
/media/D1/ait_users/staff122/deepfake_project/outputs_deepfake_project/dfdc_subset_77_jpg/test/real/real_002458.jpg,0.0,0.9096856713294983,1
/media/D1/ait_users/staff122/deepfake_project/outputs_deepfake_project/dfdc_subset_77_jpg/test/real/real_002459.jpg,0.0,0.5528932213783264,1
/media/D1/ait_users/staff122/deepfake_project/outputs_deepfake_project/dfdc_subset_77_jpg/test/real/real_002460.jpg,0.0,0.9798797965049744,1
/media/D1/ait_users/staff122/deepfake_project/outputs_deepfake_project/dfdc_subset_77_jpg/test/real/real_002461.jpg,0.0,0.9734795689582825,1
/media/D1/ait_users/staff122/deepfake_project/outputs_deepfake_project/dfdc_subset_77_jpg/test/real/real_002462.jpg,0.0,0.9748046398162842,1
/media/D1/ait_users/staff122/deepfake_project/outputs_deepfake_project/dfdc_subset_77_jpg/test/real/real_002463.jpg,0.0,0.9787147045135498,1
/media/D1/ait_users/staff122/deepfake_project/outputs_deepfake_project/dfdc_subset_77_jpg/test/fake/fake_000000.jpg,1.0,0.25407201051712036,0
/media/D1/ait_users/staff122/deepfake_project/outputs_deepfake_project/dfdc_subset_77_jpg/test/fake/fake_000001.jpg,1.0,0.8305066227912903,1
/media/D1/ait_users/staff122/deepfake_project/outputs_deepfake_project/dfdc_subset_77_jpg/test/fake/fake_000002.jpg,1.0,0.372970312833786,0
/media/D1/ait_users/staff122/deepfake_project/outputs_deepfake_project/dfdc_subset_77_jpg/test/fake/fake_000003.jpg,1.0,0.05535053461790085,0
/media/D1/ait_users/staff122/deepfake_project/outputs_deepfake_project/dfdc_subset_77_jpg/test/fake/fake_000004.jpg,1.0,0.5888187885284424,1
/media/D1/ait_users/staff122/deepfake_project/outputs_deepfake_project/dfdc_subset_77_jpg/test/fake/fake_000005.jpg,1.0,0.033380620181560516,0
/media/D1/ait_users/staff122/deepfake_project/outputs_deepfake_project/dfdc_subset_77_jpg/test/fake/fake_000006.jpg,1.0,0.8283930420875549,1
/media/D1/ait_users/staff122/deepfake_project/outputs_deepfake_project/dfdc_subset_77_jpg/test/fake/fake_000007.jpg,1.0,0.03201715648174286,0
/media/D1/ait_users/staff122/deepfake_project/outputs_deepfake_project/dfdc_subset_77_jpg/test/fake/fake_000008.jpg,1.0,0.9837912321090698,1
/media/D1/ait_users/staff122/deepfake_project/outputs_deepfake_project/dfdc_subset_77_jpg/test/fake/fake_000009.jpg,1.0,0.6125199794769287,1
/media/D1/ait_users/staff122/deepfake_project/outputs_deepfake_project/dfdc_subset_77_jpg/test/fake/fake_000010.jpg,1.0,0.8865699768066406,1
/media/D1/ait_users/staff122/deepfake_project/outputs_deepfake_project/dfdc_subset_77_jpg/test/fake/fake_000011.jpg,1.0,0.8916007876396179,1
/media/D1/ait_users/staff122/deepfake_project/outputs_deepfake_project/dfdc_subset_77_jpg/test/fake/fake_000012.jpg,1.0,0.6128509640693665,1
/media/D1/ait_users/staff122/deepfake_project/outputs_deepfake_project/dfdc_subset_77_jpg/test/fake/fake_000013.jpg,1.0,0.9162001609802246,1
/media/D1/ait_users/staff122/deepfake_project/outputs_deepfake_project/dfdc_subset_77_jpg/test/fake/fake_000014.jpg,1.0,0.9416905045509338,1
/media/D1/ait_users/staff122/deepfake_project/outputs_deepfake_project/dfdc_subset_77_jpg/test/fake/fake_000015.jpg,1.0,0.13866810500621796,0
/media/D1/ait_users/staff122/deepfake_project/outputs_deepfake_project/dfdc_subset_77_jpg/test/fake/fake_000016.jpg,1.0,0.9585852026939392,1
/media/D1/ait_users/staff122/deepfake_project/outputs_deepfake_project/dfdc_subset_77_jpg/test/fake/fake_000017.jpg,1.0,0.06195446103811264,0
/media/D1/ait_users/staff122/deepfake_project/outputs_deepfake_project/dfdc_subset_77_jpg/test/fake/fake_000018.jpg,1.0,0.6340453624725342,1
/media/D1/ait_users/staff122/deepfake_project/outputs_deepfake_project/dfdc_subset_77_jpg/test/fake/fake_000019.jpg,1.0,0.9244834184646606,1
/media/D1/ait_users/staff122/deepfake_project/outputs_deepfake_project/dfdc_subset_77_jpg/test/fake/fake_000020.jpg,1.0,0.8549206852912903,1
/media/D1/ait_users/staff122/deepfake_project/outputs_deepfake_project/dfdc_subset_77_jpg/test/fake/fake_000021.jpg,1.0,0.3878769874572754,0
/media/D1/ait_users/staff122/deepfake_project/outputs_deepfake_project/dfdc_subset_77_jpg/test/fake/fake_000022.jpg,1.0,0.7864515781402588,1
/media/D1/ait_users/staff122/deepfake_project/outputs_deepfake_project/dfdc_subset_77_jpg/test/fake/fake_000023.jpg,1.0,0.6556186676025391,1
/media/D1/ait_users/staff122/deepfake_project/outputs_deepfake_project/dfdc_subset_77_jpg/test/fake/fake_000024.jpg,1.0,0.9577317833900452,1
/media/D1/ait_users/staff122/deepfake_project/outputs_deepfake_project/dfdc_subset_77_jpg/test/fake/fake_000025.jpg,1.0,0.5309624075889587,1
/media/D1/ait_users/staff122/deepfake_project/outputs_deepfake_project/dfdc_subset_77_jpg/test/fake/fake_000026.jpg,1.0,0.7961273193359375,1
/media/D1/ait_users/staff122/deepfake_project/outputs_deepfake_project/dfdc_subset_77_jpg/test/fake/fake_000027.jpg,1.0,0.9091071486473083,1
/media/D1/ait_users/staff122/deepfake_project/outputs_deepfake_project/dfdc_subset_77_jpg/test/fake/fake_000028.jpg,1.0,0.3527751564979553,0
/media/D1/ait_users/staff122/deepfake_project/outputs_deepfake_project/dfdc_subset_77_jpg/test/fake/fake_000029.jpg,1.0,0.775848925113678,1
/media/D1/ait_users/staff122/deepfake_project/outputs_deepfake_project/dfdc_subset_77_jpg/test/fake/fake_000030.jpg,1.0,0.07284551858901978,0
/media/D1/ait_users/staff122/deepfake_project/outputs_deepfake_project/dfdc_subset_77_jpg/test/fake/fake_000031.jpg,1.0,0.21233735978603363,0
/media/D1/ait_users/staff122/deepfake_project/outputs_deepfake_project/dfdc_subset_77_jpg/test/fake/fake_000032.jpg,1.0,0.9969421029090881,1
/media/D1/ait_users/staff122/deepfake_project/outputs_deepfake_project/dfdc_subset_77_jpg/test/fake/fake_000033.jpg,1.0,0.9779672622680664,1
/media/D1/ait_users/staff122/deepfake_project/outputs_deepfake_project/dfdc_subset_77_jpg/test/fake/fake_000034.jpg,1.0,0.8755874633789062,1
/media/D1/ait_users/staff122/deepfake_project/outputs_deepfake_project/dfdc_subset_77_jpg/test/fake/fake_000035.jpg,1.0,0.9897156357765198,1
/media/D1/ait_users/staff122/deepfake_project/outputs_deepfake_project/dfdc_subset_77_jpg/test/fake/fake_000036.jpg,1.0,0.998053789138794,1
/media/D1/ait_users/staff122/deepfake_project/outputs_deepfake_project/dfdc_subset_77_jpg/test/fake/fake_000037.jpg,1.0,0.9995213747024536,1
/media/D1/ait_users/staff122/deepfake_project/outputs_deepfake_project/dfdc_subset_77_jpg/test/fake/fake_000038.jpg,1.0,0.9944274425506592,1
/media/D1/ait_users/staff122/deepfake_project/outputs_deepfake_project/dfdc_subset_77_jpg/test/fake/fake_000039.jpg,1.0,0.9990435242652893,1
/media/D1/ait_users/staff122/deepfake_project/outputs_deepfake_project/dfdc_subset_77_jpg/test/fake/fake_000040.jpg,1.0,0.9997265934944153,1
/media/D1/ait_users/staff122/deepfake_project/outputs_deepfake_project/dfdc_subset_77_jpg/test/fake/fake_000041.jpg,1.0,0.9982864260673523,1
/media/D1/ait_users/staff122/deepfake_project/outputs_deepfake_project/dfdc_subset_77_jpg/test/fake/fake_000042.jpg,1.0,0.9994810223579407,1
/media/D1/ait_users/staff122/deepfake_project/outputs_deepfake_project/dfdc_subset_77_jpg/test/fake/fake_000043.jpg,1.0,0.9989668130874634,1
/media/D1/ait_users/staff122/deepfake_project/outputs_deepfake_project/dfdc_subset_77_jpg/test/fake/fake_000044.jpg,1.0,0.9669713377952576,1
/media/D1/ait_users/staff122/deepfake_project/outputs_deepfake_project/dfdc_subset_77_jpg/test/fake/fake_000045.jpg,1.0,0.99442458152771,1
/media/D1/ait_users/staff122/deepfake_project/outputs_deepfake_project/dfdc_subset_77_jpg/test/fake/fake_000046.jpg,1.0,0.996614396572113,1
/media/D1/ait_users/staff122/deepfake_project/outputs_deepfake_project/dfdc_subset_77_jpg/test/fake/fake_000047.jpg,1.0,0.9547616839408875,1
/media/D1/ait_users/staff122/deepfake_project/outputs_deepfake_project/dfdc_subset_77_jpg/test/fake/fake_000048.jpg,1.0,0.9951935410499573,1
/media/D1/ait_users/staff122/deepfake_project/outputs_deepfake_project/dfdc_subset_77_jpg/test/fake/fake_000049.jpg,1.0,0.9996234178543091,1
/media/D1/ait_users/staff122/deepfake_project/outputs_deepfake_project/dfdc_subset_77_jpg/test/fake/fake_000050.jpg,1.0,0.9854233264923096,1
/media/D1/ait_users/staff122/deepfake_project/outputs_deepfake_project/dfdc_subset_77_jpg/test/fake/fake_000051.jpg,1.0,0.9974952936172485,1
/media/D1/ait_users/staff122/deepfake_project/outputs_deepfake_project/dfdc_subset_77_jpg/test/fake/fake_000052.jpg,1.0,0.9965781569480896,1
/media/D1/ait_users/staff122/deepfake_project/outputs_deepfake_project/dfdc_subset_77_jpg/test/fake/fake_000053.jpg,1.0,0.9965158700942993,1
/media/D1/ait_users/staff122/deepfake_project/outputs_deepfake_project/dfdc_subset_77_jpg/test/fake/fake_000054.jpg,1.0,0.9633551836013794,1
/media/D1/ait_users/staff122/deepfake_project/outputs_deepfake_project/dfdc_subset_77_jpg/test/fake/fake_000055.jpg,1.0,0.9956230521202087,1
/media/D1/ait_users/staff122/deepfake_project/outputs_deepfake_project/dfdc_subset_77_jpg/test/fake/fake_000056.jpg,1.0,0.9617188572883606,1
/media/D1/ait_users/staff122/deepfake_project/outputs_deepfake_project/dfdc_subset_77_jpg/test/fake/fake_000057.jpg,1.0,0.9956794381141663,1
/media/D1/ait_users/staff122/deepfake_project/outputs_deepfake_project/dfdc_subset_77_jpg/test/fake/fake_000058.jpg,1.0,0.9994909763336182,1
/media/D1/ait_users/staff122/deepfake_project/outputs_deepfake_project/dfdc_subset_77_jpg/test/fake/fake_000059.jpg,1.0,0.9627821445465088,1
/media/D1/ait_users/staff122/deepfake_project/outputs_deepfake_project/dfdc_subset_77_jpg/test/fake/fake_000060.jpg,1.0,0.9971574544906616,1
/media/D1/ait_users/staff122/deepfake_project/outputs_deepfake_project/dfdc_subset_77_jpg/test/fake/fake_000061.jpg,1.0,0.9983003735542297,1
/media/D1/ait_users/staff122/deepfake_project/outputs_deepfake_project/dfdc_subset_77_jpg/test/fake/fake_000062.jpg,1.0,0.9994574189186096,1
/media/D1/ait_users/staff122/deepfake_project/outputs_deepfake_project/dfdc_subset_77_jpg/test/fake/fake_000063.jpg,1.0,0.9973267316818237,1
/media/D1/ait_users/staff122/deepfake_project/outputs_deepfake_project/dfdc_subset_77_jpg/test/fake/fake_000064.jpg,1.0,0.9754365682601929,1
/media/D1/ait_users/staff122/deepfake_project/outputs_deepfake_project/dfdc_subset_77_jpg/test/fake/fake_000065.jpg,1.0,0.970146894454956,1
/media/D1/ait_users/staff122/deepfake_project/outputs_deepfake_project/dfdc_subset_77_jpg/test/fake/fake_000066.jpg,1.0,0.9843536615371704,1
/media/D1/ait_users/staff122/deepfake_project/outputs_deepfake_project/dfdc_subset_77_jpg/test/fake/fake_000067.jpg,1.0,0.4495459198951721,0
/media/D1/ait_users/staff122/deepfake_project/outputs_deepfake_project/dfdc_subset_77_jpg/test/fake/fake_000068.jpg,1.0,0.7952800393104553,1
/media/D1/ait_users/staff122/deepfake_project/outputs_deepfake_project/dfdc_subset_77_jpg/test/fake/fake_000069.jpg,1.0,0.9599214792251587,1
/media/D1/ait_users/staff122/deepfake_project/outputs_deepfake_project/dfdc_subset_77_jpg/test/fake/fake_000070.jpg,1.0,0.7121078968048096,1
/media/D1/ait_users/staff122/deepfake_project/outputs_deepfake_project/dfdc_subset_77_jpg/test/fake/fake_000071.jpg,1.0,0.9688295722007751,1
/media/D1/ait_users/staff122/deepfake_project/outputs_deepfake_project/dfdc_subset_77_jpg/test/fake/fake_000072.jpg,1.0,0.9495310187339783,1
/media/D1/ait_users/staff122/deepfake_project/outputs_deepfake_project/dfdc_subset_77_jpg/test/fake/fake_000073.jpg,1.0,0.7957030534744263,1
/media/D1/ait_users/staff122/deepfake_project/outputs_deepfake_project/dfdc_subset_77_jpg/test/fake/fake_000074.jpg,1.0,0.28358376026153564,0
/media/D1/ait_users/staff122/deepfake_project/outputs_deepfake_project/dfdc_subset_77_jpg/test/fake/fake_000075.jpg,1.0,0.9879541397094727,1
/media/D1/ait_users/staff122/deepfake_project/outputs_deepfake_project/dfdc_subset_77_jpg/test/fake/fake_000076.jpg,1.0,0.9116544723510742,1
/media/D1/ait_users/staff122/deepfake_project/outputs_deepfake_project/dfdc_subset_77_jpg/test/fake/fake_000077.jpg,1.0,0.9247322678565979,1
/media/D1/ait_users/staff122/deepfake_project/outputs_deepfake_project/dfdc_subset_77_jpg/test/fake/fake_000078.jpg,1.0,0.7572750449180603,1
/media/D1/ait_users/staff122/deepfake_project/outputs_deepfake_project/dfdc_subset_77_jpg/test/fake/fake_000079.jpg,1.0,0.9389392137527466,1
/media/D1/ait_users/staff122/deepfake_project/outputs_deepfake_project/dfdc_subset_77_jpg/test/fake/fake_000080.jpg,1.0,0.9331458806991577,1
/media/D1/ait_users/staff122/deepfake_project/outputs_deepfake_project/dfdc_subset_77_jpg/test/fake/fake_000081.jpg,1.0,0.5339473485946655,1
/media/D1/ait_users/staff122/deepfake_project/outputs_deepfake_project/dfdc_subset_77_jpg/test/fake/fake_000082.jpg,1.0,0.9845123291015625,1
/media/D1/ait_users/staff122/deepfake_project/outputs_deepfake_project/dfdc_subset_77_jpg/test/fake/fake_000083.jpg,1.0,0.918860673904419,1
/media/D1/ait_users/staff122/deepfake_project/outputs_deepfake_project/dfdc_subset_77_jpg/test/fake/fake_000084.jpg,1.0,0.9533502459526062,1
/media/D1/ait_users/staff122/deepfake_project/outputs_deepfake_project/dfdc_subset_77_jpg/test/fake/fake_000085.jpg,1.0,0.9272463917732239,1
/media/D1/ait_users/staff122/deepfake_project/outputs_deepfake_project/dfdc_subset_77_jpg/test/fake/fake_000086.jpg,1.0,0.97416752576828,1
/media/D1/ait_users/staff122/deepfake_project/outputs_deepfake_project/dfdc_subset_77_jpg/test/fake/fake_000087.jpg,1.0,0.9962825179100037,1
/media/D1/ait_users/staff122/deepfake_project/outputs_deepfake_project/dfdc_subset_77_jpg/test/fake/fake_000088.jpg,1.0,0.9945500493049622,1
/media/D1/ait_users/staff122/deepfake_project/outputs_deepfake_project/dfdc_subset_77_jpg/test/fake/fake_000089.jpg,1.0,0.9787615537643433,1
/media/D1/ait_users/staff122/deepfake_project/outputs_deepfake_project/dfdc_subset_77_jpg/test/fake/fake_000090.jpg,1.0,0.8231571912765503,1
/media/D1/ait_users/staff122/deepfake_project/outputs_deepfake_project/dfdc_subset_77_jpg/test/fake/fake_000091.jpg,1.0,0.9944342970848083,1
/media/D1/ait_users/staff122/deepfake_project/outputs_deepfake_project/dfdc_subset_77_jpg/test/fake/fake_000092.jpg,1.0,0.8162452578544617,1
/media/D1/ait_users/staff122/deepfake_project/outputs_deepfake_project/dfdc_subset_77_jpg/test/fake/fake_000093.jpg,1.0,0.9105452299118042,1
/media/D1/ait_users/staff122/deepfake_project/outputs_deepfake_project/dfdc_subset_77_jpg/test/fake/fake_000094.jpg,1.0,0.9906986355781555,1
/media/D1/ait_users/staff122/deepfake_project/outputs_deepfake_project/dfdc_subset_77_jpg/test/fake/fake_000095.jpg,1.0,0.9957503080368042,1
/media/D1/ait_users/staff122/deepfake_project/outputs_deepfake_project/dfdc_subset_77_jpg/test/fake/fake_000096.jpg,1.0,0.9461745023727417,1
/media/D1/ait_users/staff122/deepfake_project/outputs_deepfake_project/dfdc_subset_77_jpg/test/fake/fake_000097.jpg,1.0,0.9642974734306335,1
/media/D1/ait_users/staff122/deepfake_project/outputs_deepfake_project/dfdc_subset_77_jpg/test/fake/fake_000098.jpg,1.0,0.9495636820793152,1
/media/D1/ait_users/staff122/deepfake_project/outputs_deepfake_project/dfdc_subset_77_jpg/test/fake/fake_000099.jpg,1.0,0.9350038766860962,1
/media/D1/ait_users/staff122/deepfake_project/outputs_deepfake_project/dfdc_subset_77_jpg/test/fake/fake_000100.jpg,1.0,0.38250064849853516,0
/media/D1/ait_users/staff122/deepfake_project/outputs_deepfake_project/dfdc_subset_77_jpg/test/fake/fake_000101.jpg,1.0,0.9991029500961304,1
/media/D1/ait_users/staff122/deepfake_project/outputs_deepfake_project/dfdc_subset_77_jpg/test/fake/fake_000102.jpg,1.0,0.9985337257385254,1
/media/D1/ait_users/staff122/deepfake_project/outputs_deepfake_project/dfdc_subset_77_jpg/test/fake/fake_000103.jpg,1.0,0.9988402724266052,1
/media/D1/ait_users/staff122/deepfake_project/outputs_deepfake_project/dfdc_subset_77_jpg/test/fake/fake_000104.jpg,1.0,0.999017596244812,1
/media/D1/ait_users/staff122/deepfake_project/outputs_deepfake_project/dfdc_subset_77_jpg/test/fake/fake_000105.jpg,1.0,0.9990966320037842,1
/media/D1/ait_users/staff122/deepfake_project/outputs_deepfake_project/dfdc_subset_77_jpg/test/fake/fake_000106.jpg,1.0,0.9991850256919861,1
/media/D1/ait_users/staff122/deepfake_project/outputs_deepfake_project/dfdc_subset_77_jpg/test/fake/fake_000107.jpg,1.0,0.9993624091148376,1
/media/D1/ait_users/staff122/deepfake_project/outputs_deepfake_project/dfdc_subset_77_jpg/test/fake/fake_000108.jpg,1.0,0.9991093277931213,1
/media/D1/ait_users/staff122/deepfake_project/outputs_deepfake_project/dfdc_subset_77_jpg/test/fake/fake_000109.jpg,1.0,0.9962859153747559,1
/media/D1/ait_users/staff122/deepfake_project/outputs_deepfake_project/dfdc_subset_77_jpg/test/fake/fake_000110.jpg,1.0,0.9934027791023254,1
/media/D1/ait_users/staff122/deepfake_project/outputs_deepfake_project/dfdc_subset_77_jpg/test/fake/fake_000111.jpg,1.0,0.9925143122673035,1
/media/D1/ait_users/staff122/deepfake_project/outputs_deepfake_project/dfdc_subset_77_jpg/test/fake/fake_000112.jpg,1.0,0.9928568601608276,1
/media/D1/ait_users/staff122/deepfake_project/outputs_deepfake_project/dfdc_subset_77_jpg/test/fake/fake_000113.jpg,1.0,0.9754940867424011,1
/media/D1/ait_users/staff122/deepfake_project/outputs_deepfake_project/dfdc_subset_77_jpg/test/fake/fake_000114.jpg,1.0,0.928368091583252,1
/media/D1/ait_users/staff122/deepfake_project/outputs_deepfake_project/dfdc_subset_77_jpg/test/fake/fake_000115.jpg,1.0,0.9700964093208313,1
/media/D1/ait_users/staff122/deepfake_project/outputs_deepfake_project/dfdc_subset_77_jpg/test/fake/fake_000116.jpg,1.0,0.9352191686630249,1
/media/D1/ait_users/staff122/deepfake_project/outputs_deepfake_project/dfdc_subset_77_jpg/test/fake/fake_000117.jpg,1.0,0.9754220247268677,1
/media/D1/ait_users/staff122/deepfake_project/outputs_deepfake_project/dfdc_subset_77_jpg/test/fake/fake_000118.jpg,1.0,0.9930965304374695,1
/media/D1/ait_users/staff122/deepfake_project/outputs_deepfake_project/dfdc_subset_77_jpg/test/fake/fake_000119.jpg,1.0,0.9966055154800415,1
/media/D1/ait_users/staff122/deepfake_project/outputs_deepfake_project/dfdc_subset_77_jpg/test/fake/fake_000120.jpg,1.0,0.9969522953033447,1
/media/D1/ait_users/staff122/deepfake_project/outputs_deepfake_project/dfdc_subset_77_jpg/test/fake/fake_000121.jpg,1.0,0.9791741967201233,1
/media/D1/ait_users/staff122/deepfake_project/outputs_deepfake_project/dfdc_subset_77_jpg/test/fake/fake_000122.jpg,1.0,0.9986007809638977,1
/media/D1/ait_users/staff122/deepfake_project/outputs_deepfake_project/dfdc_subset_77_jpg/test/fake/fake_000123.jpg,1.0,0.9978086352348328,1
/media/D1/ait_users/staff122/deepfake_project/outputs_deepfake_project/dfdc_subset_77_jpg/test/fake/fake_000124.jpg,1.0,0.9990875720977783,1
/media/D1/ait_users/staff122/deepfake_project/outputs_deepfake_project/dfdc_subset_77_jpg/test/fake/fake_000125.jpg,1.0,0.9992732405662537,1
/media/D1/ait_users/staff122/deepfake_project/outputs_deepfake_project/dfdc_subset_77_jpg/test/fake/fake_000126.jpg,1.0,0.9982749223709106,1
/media/D1/ait_users/staff122/deepfake_project/outputs_deepfake_project/dfdc_subset_77_jpg/test/fake/fake_000127.jpg,1.0,0.9955906867980957,1
/media/D1/ait_users/staff122/deepfake_project/outputs_deepfake_project/dfdc_subset_77_jpg/test/fake/fake_000128.jpg,1.0,0.9996019005775452,1
/media/D1/ait_users/staff122/deepfake_project/outputs_deepfake_project/dfdc_subset_77_jpg/test/fake/fake_000129.jpg,1.0,0.9994288086891174,1
/media/D1/ait_users/staff122/deepfake_project/outputs_deepfake_project/dfdc_subset_77_jpg/test/fake/fake_000130.jpg,1.0,0.9992133378982544,1
/media/D1/ait_users/staff122/deepfake_project/outputs_deepfake_project/dfdc_subset_77_jpg/test/fake/fake_000131.jpg,1.0,0.9991113543510437,1
/media/D1/ait_users/staff122/deepfake_project/outputs_deepfake_project/dfdc_subset_77_jpg/test/fake/fake_000132.jpg,1.0,0.9996702671051025,1
/media/D1/ait_users/staff122/deepfake_project/outputs_deepfake_project/dfdc_subset_77_jpg/test/fake/fake_000133.jpg,1.0,0.9996286630630493,1
/media/D1/ait_users/staff122/deepfake_project/outputs_deepfake_project/dfdc_subset_77_jpg/test/fake/fake_000134.jpg,1.0,0.999538779258728,1
/media/D1/ait_users/staff122/deepfake_project/outputs_deepfake_project/dfdc_subset_77_jpg/test/fake/fake_000135.jpg,1.0,0.9972698092460632,1
/media/D1/ait_users/staff122/deepfake_project/outputs_deepfake_project/dfdc_subset_77_jpg/test/fake/fake_000136.jpg,1.0,0.9934032559394836,1
/media/D1/ait_users/staff122/deepfake_project/outputs_deepfake_project/dfdc_subset_77_jpg/test/fake/fake_000137.jpg,1.0,0.9949120879173279,1
/media/D1/ait_users/staff122/deepfake_project/outputs_deepfake_project/dfdc_subset_77_jpg/test/fake/fake_000138.jpg,1.0,0.9944533705711365,1
/media/D1/ait_users/staff122/deepfake_project/outputs_deepfake_project/dfdc_subset_77_jpg/test/fake/fake_000139.jpg,1.0,0.9810328483581543,1
/media/D1/ait_users/staff122/deepfake_project/outputs_deepfake_project/dfdc_subset_77_jpg/test/fake/fake_000140.jpg,1.0,0.9995954632759094,1
/media/D1/ait_users/staff122/deepfake_project/outputs_deepfake_project/dfdc_subset_77_jpg/test/fake/fake_000141.jpg,1.0,0.9944049119949341,1
/media/D1/ait_users/staff122/deepfake_project/outputs_deepfake_project/dfdc_subset_77_jpg/test/fake/fake_000142.jpg,1.0,0.9995774626731873,1
/media/D1/ait_users/staff122/deepfake_project/outputs_deepfake_project/dfdc_subset_77_jpg/test/fake/fake_000143.jpg,1.0,0.9976270794868469,1
/media/D1/ait_users/staff122/deepfake_project/outputs_deepfake_project/dfdc_subset_77_jpg/test/fake/fake_000144.jpg,1.0,0.9877574443817139,1
/media/D1/ait_users/staff122/deepfake_project/outputs_deepfake_project/dfdc_subset_77_jpg/test/fake/fake_000145.jpg,1.0,0.9996310472488403,1
/media/D1/ait_users/staff122/deepfake_project/outputs_deepfake_project/dfdc_subset_77_jpg/test/fake/fake_000146.jpg,1.0,0.9993657469749451,1
/media/D1/ait_users/staff122/deepfake_project/outputs_deepfake_project/dfdc_subset_77_jpg/test/fake/fake_000147.jpg,1.0,0.9948204755783081,1
/media/D1/ait_users/staff122/deepfake_project/outputs_deepfake_project/dfdc_subset_77_jpg/test/fake/fake_000148.jpg,1.0,0.9849799275398254,1
/media/D1/ait_users/staff122/deepfake_project/outputs_deepfake_project/dfdc_subset_77_jpg/test/fake/fake_000149.jpg,1.0,0.9984851479530334,1
/media/D1/ait_users/staff122/deepfake_project/outputs_deepfake_project/dfdc_subset_77_jpg/test/fake/fake_000150.jpg,1.0,0.9520093202590942,1
/media/D1/ait_users/staff122/deepfake_project/outputs_deepfake_project/dfdc_subset_77_jpg/test/fake/fake_000151.jpg,1.0,0.9878042936325073,1
/media/D1/ait_users/staff122/deepfake_project/outputs_deepfake_project/dfdc_subset_77_jpg/test/fake/fake_000152.jpg,1.0,0.9710148572921753,1
/media/D1/ait_users/staff122/deepfake_project/outputs_deepfake_project/dfdc_subset_77_jpg/test/fake/fake_000153.jpg,1.0,0.9973857998847961,1
/media/D1/ait_users/staff122/deepfake_project/outputs_deepfake_project/dfdc_subset_77_jpg/test/fake/fake_000154.jpg,1.0,0.914802074432373,1
/media/D1/ait_users/staff122/deepfake_project/outputs_deepfake_project/dfdc_subset_77_jpg/test/fake/fake_000155.jpg,1.0,0.9971862435340881,1
/media/D1/ait_users/staff122/deepfake_project/outputs_deepfake_project/dfdc_subset_77_jpg/test/fake/fake_000156.jpg,1.0,0.9986070990562439,1
/media/D1/ait_users/staff122/deepfake_project/outputs_deepfake_project/dfdc_subset_77_jpg/test/fake/fake_000157.jpg,1.0,0.9883936047554016,1
/media/D1/ait_users/staff122/deepfake_project/outputs_deepfake_project/dfdc_subset_77_jpg/test/fake/fake_000158.jpg,1.0,0.9988815188407898,1
/media/D1/ait_users/staff122/deepfake_project/outputs_deepfake_project/dfdc_subset_77_jpg/test/fake/fake_000159.jpg,1.0,0.9981233477592468,1
/media/D1/ait_users/staff122/deepfake_project/outputs_deepfake_project/dfdc_subset_77_jpg/test/fake/fake_000160.jpg,1.0,0.9831772446632385,1
/media/D1/ait_users/staff122/deepfake_project/outputs_deepfake_project/dfdc_subset_77_jpg/test/fake/fake_000161.jpg,1.0,0.9182076454162598,1
/media/D1/ait_users/staff122/deepfake_project/outputs_deepfake_project/dfdc_subset_77_jpg/test/fake/fake_000162.jpg,1.0,0.9895024299621582,1
/media/D1/ait_users/staff122/deepfake_project/outputs_deepfake_project/dfdc_subset_77_jpg/test/fake/fake_000163.jpg,1.0,0.9279102087020874,1
/media/D1/ait_users/staff122/deepfake_project/outputs_deepfake_project/dfdc_subset_77_jpg/test/fake/fake_000164.jpg,1.0,0.8961536884307861,1
/media/D1/ait_users/staff122/deepfake_project/outputs_deepfake_project/dfdc_subset_77_jpg/test/fake/fake_000165.jpg,1.0,0.9801339507102966,1
/media/D1/ait_users/staff122/deepfake_project/outputs_deepfake_project/dfdc_subset_77_jpg/test/fake/fake_000166.jpg,1.0,0.9552309513092041,1
/media/D1/ait_users/staff122/deepfake_project/outputs_deepfake_project/dfdc_subset_77_jpg/test/fake/fake_000167.jpg,1.0,0.9922566413879395,1
/media/D1/ait_users/staff122/deepfake_project/outputs_deepfake_project/dfdc_subset_77_jpg/test/fake/fake_000168.jpg,1.0,0.9961716532707214,1
/media/D1/ait_users/staff122/deepfake_project/outputs_deepfake_project/dfdc_subset_77_jpg/test/fake/fake_000169.jpg,1.0,0.9985789060592651,1
/media/D1/ait_users/staff122/deepfake_project/outputs_deepfake_project/dfdc_subset_77_jpg/test/fake/fake_000170.jpg,1.0,0.9980753660202026,1
/media/D1/ait_users/staff122/deepfake_project/outputs_deepfake_project/dfdc_subset_77_jpg/test/fake/fake_000171.jpg,1.0,0.9987584352493286,1
/media/D1/ait_users/staff122/deepfake_project/outputs_deepfake_project/dfdc_subset_77_jpg/test/fake/fake_000172.jpg,1.0,0.8955221772193909,1
/media/D1/ait_users/staff122/deepfake_project/outputs_deepfake_project/dfdc_subset_77_jpg/test/fake/fake_000173.jpg,1.0,0.9967921376228333,1
/media/D1/ait_users/staff122/deepfake_project/outputs_deepfake_project/dfdc_subset_77_jpg/test/fake/fake_000174.jpg,1.0,0.9954647421836853,1
/media/D1/ait_users/staff122/deepfake_project/outputs_deepfake_project/dfdc_subset_77_jpg/test/fake/fake_000175.jpg,1.0,0.9956700801849365,1
/media/D1/ait_users/staff122/deepfake_project/outputs_deepfake_project/dfdc_subset_77_jpg/test/fake/fake_000176.jpg,1.0,0.9977090358734131,1
/media/D1/ait_users/staff122/deepfake_project/outputs_deepfake_project/dfdc_subset_77_jpg/test/fake/fake_000177.jpg,1.0,0.9847373366355896,1
/media/D1/ait_users/staff122/deepfake_project/outputs_deepfake_project/dfdc_subset_77_jpg/test/fake/fake_000178.jpg,1.0,0.9737165570259094,1
/media/D1/ait_users/staff122/deepfake_project/outputs_deepfake_project/dfdc_subset_77_jpg/test/fake/fake_000179.jpg,1.0,0.9829189777374268,1
/media/D1/ait_users/staff122/deepfake_project/outputs_deepfake_project/dfdc_subset_77_jpg/test/fake/fake_000180.jpg,1.0,0.9718317985534668,1
/media/D1/ait_users/staff122/deepfake_project/outputs_deepfake_project/dfdc_subset_77_jpg/test/fake/fake_000181.jpg,1.0,0.8763623833656311,1
/media/D1/ait_users/staff122/deepfake_project/outputs_deepfake_project/dfdc_subset_77_jpg/test/fake/fake_000182.jpg,1.0,0.745329737663269,1
/media/D1/ait_users/staff122/deepfake_project/outputs_deepfake_project/dfdc_subset_77_jpg/test/fake/fake_000183.jpg,1.0,0.6788864731788635,1
/media/D1/ait_users/staff122/deepfake_project/outputs_deepfake_project/dfdc_subset_77_jpg/test/fake/fake_000184.jpg,1.0,0.8999851942062378,1
/media/D1/ait_users/staff122/deepfake_project/outputs_deepfake_project/dfdc_subset_77_jpg/test/fake/fake_000185.jpg,1.0,0.8485232591629028,1
/media/D1/ait_users/staff122/deepfake_project/outputs_deepfake_project/dfdc_subset_77_jpg/test/fake/fake_000186.jpg,1.0,0.7343917489051819,1
/media/D1/ait_users/staff122/deepfake_project/outputs_deepfake_project/dfdc_subset_77_jpg/test/fake/fake_000187.jpg,1.0,0.7437039017677307,1
/media/D1/ait_users/staff122/deepfake_project/outputs_deepfake_project/dfdc_subset_77_jpg/test/fake/fake_000188.jpg,1.0,0.9426364898681641,1
/media/D1/ait_users/staff122/deepfake_project/outputs_deepfake_project/dfdc_subset_77_jpg/test/fake/fake_000189.jpg,1.0,0.9347346425056458,1
/media/D1/ait_users/staff122/deepfake_project/outputs_deepfake_project/dfdc_subset_77_jpg/test/fake/fake_000190.jpg,1.0,0.9215677380561829,1
/media/D1/ait_users/staff122/deepfake_project/outputs_deepfake_project/dfdc_subset_77_jpg/test/fake/fake_000191.jpg,1.0,0.9179087281227112,1
/media/D1/ait_users/staff122/deepfake_project/outputs_deepfake_project/dfdc_subset_77_jpg/test/fake/fake_000192.jpg,1.0,0.9909458160400391,1
/media/D1/ait_users/staff122/deepfake_project/outputs_deepfake_project/dfdc_subset_77_jpg/test/fake/fake_000193.jpg,1.0,0.9978277087211609,1
/media/D1/ait_users/staff122/deepfake_project/outputs_deepfake_project/dfdc_subset_77_jpg/test/fake/fake_000194.jpg,1.0,0.9980065226554871,1
/media/D1/ait_users/staff122/deepfake_project/outputs_deepfake_project/dfdc_subset_77_jpg/test/fake/fake_000195.jpg,1.0,0.9981630444526672,1
/media/D1/ait_users/staff122/deepfake_project/outputs_deepfake_project/dfdc_subset_77_jpg/test/fake/fake_000196.jpg,1.0,0.9969925880432129,1
/media/D1/ait_users/staff122/deepfake_project/outputs_deepfake_project/dfdc_subset_77_jpg/test/fake/fake_000197.jpg,1.0,0.9977776408195496,1
/media/D1/ait_users/staff122/deepfake_project/outputs_deepfake_project/dfdc_subset_77_jpg/test/fake/fake_000198.jpg,1.0,0.9925387501716614,1
/media/D1/ait_users/staff122/deepfake_project/outputs_deepfake_project/dfdc_subset_77_jpg/test/fake/fake_000199.jpg,1.0,0.998329222202301,1
/media/D1/ait_users/staff122/deepfake_project/outputs_deepfake_project/dfdc_subset_77_jpg/test/fake/fake_000200.jpg,1.0,0.9978318810462952,1
/media/D1/ait_users/staff122/deepfake_project/outputs_deepfake_project/dfdc_subset_77_jpg/test/fake/fake_000201.jpg,1.0,0.9948586225509644,1
/media/D1/ait_users/staff122/deepfake_project/outputs_deepfake_project/dfdc_subset_77_jpg/test/fake/fake_000202.jpg,1.0,0.9952818751335144,1
/media/D1/ait_users/staff122/deepfake_project/outputs_deepfake_project/dfdc_subset_77_jpg/test/fake/fake_000203.jpg,1.0,0.9987891316413879,1
/media/D1/ait_users/staff122/deepfake_project/outputs_deepfake_project/dfdc_subset_77_jpg/test/fake/fake_000204.jpg,1.0,0.9985758066177368,1
/media/D1/ait_users/staff122/deepfake_project/outputs_deepfake_project/dfdc_subset_77_jpg/test/fake/fake_000205.jpg,1.0,0.9990692734718323,1
/media/D1/ait_users/staff122/deepfake_project/outputs_deepfake_project/dfdc_subset_77_jpg/test/fake/fake_000206.jpg,1.0,0.9847571849822998,1
/media/D1/ait_users/staff122/deepfake_project/outputs_deepfake_project/dfdc_subset_77_jpg/test/fake/fake_000207.jpg,1.0,0.9970501661300659,1
/media/D1/ait_users/staff122/deepfake_project/outputs_deepfake_project/dfdc_subset_77_jpg/test/fake/fake_000208.jpg,1.0,0.9910667538642883,1
/media/D1/ait_users/staff122/deepfake_project/outputs_deepfake_project/dfdc_subset_77_jpg/test/fake/fake_000209.jpg,1.0,0.9171856045722961,1
/media/D1/ait_users/staff122/deepfake_project/outputs_deepfake_project/dfdc_subset_77_jpg/test/fake/fake_000210.jpg,1.0,0.997816801071167,1
/media/D1/ait_users/staff122/deepfake_project/outputs_deepfake_project/dfdc_subset_77_jpg/test/fake/fake_000211.jpg,1.0,0.9992111921310425,1
/media/D1/ait_users/staff122/deepfake_project/outputs_deepfake_project/dfdc_subset_77_jpg/test/fake/fake_000212.jpg,1.0,0.9992623925209045,1
/media/D1/ait_users/staff122/deepfake_project/outputs_deepfake_project/dfdc_subset_77_jpg/test/fake/fake_000213.jpg,1.0,0.997994065284729,1
/media/D1/ait_users/staff122/deepfake_project/outputs_deepfake_project/dfdc_subset_77_jpg/test/fake/fake_000214.jpg,1.0,0.9929446578025818,1
/media/D1/ait_users/staff122/deepfake_project/outputs_deepfake_project/dfdc_subset_77_jpg/test/fake/fake_000215.jpg,1.0,0.993269145488739,1
/media/D1/ait_users/staff122/deepfake_project/outputs_deepfake_project/dfdc_subset_77_jpg/test/fake/fake_000216.jpg,1.0,0.958042323589325,1
/media/D1/ait_users/staff122/deepfake_project/outputs_deepfake_project/dfdc_subset_77_jpg/test/fake/fake_000217.jpg,1.0,0.996410071849823,1
/media/D1/ait_users/staff122/deepfake_project/outputs_deepfake_project/dfdc_subset_77_jpg/test/fake/fake_000218.jpg,1.0,0.9970030188560486,1
/media/D1/ait_users/staff122/deepfake_project/outputs_deepfake_project/dfdc_subset_77_jpg/test/fake/fake_000219.jpg,1.0,0.9988009929656982,1
/media/D1/ait_users/staff122/deepfake_project/outputs_deepfake_project/dfdc_subset_77_jpg/test/fake/fake_000220.jpg,1.0,0.9985581040382385,1
/media/D1/ait_users/staff122/deepfake_project/outputs_deepfake_project/dfdc_subset_77_jpg/test/fake/fake_000221.jpg,1.0,0.8953064680099487,1
/media/D1/ait_users/staff122/deepfake_project/outputs_deepfake_project/dfdc_subset_77_jpg/test/fake/fake_000222.jpg,1.0,0.998475968837738,1
/media/D1/ait_users/staff122/deepfake_project/outputs_deepfake_project/dfdc_subset_77_jpg/test/fake/fake_000223.jpg,1.0,0.822432816028595,1
/media/D1/ait_users/staff122/deepfake_project/outputs_deepfake_project/dfdc_subset_77_jpg/test/fake/fake_000224.jpg,1.0,0.002844580914825201,0
/media/D1/ait_users/staff122/deepfake_project/outputs_deepfake_project/dfdc_subset_77_jpg/test/fake/fake_000225.jpg,1.0,0.8775339126586914,1
/media/D1/ait_users/staff122/deepfake_project/outputs_deepfake_project/dfdc_subset_77_jpg/test/fake/fake_000226.jpg,1.0,0.166453018784523,0
/media/D1/ait_users/staff122/deepfake_project/outputs_deepfake_project/dfdc_subset_77_jpg/test/fake/fake_000227.jpg,1.0,0.9978193044662476,1
/media/D1/ait_users/staff122/deepfake_project/outputs_deepfake_project/dfdc_subset_77_jpg/test/fake/fake_000228.jpg,1.0,0.20746108889579773,0
/media/D1/ait_users/staff122/deepfake_project/outputs_deepfake_project/dfdc_subset_77_jpg/test/fake/fake_000229.jpg,1.0,0.7281931042671204,1
/media/D1/ait_users/staff122/deepfake_project/outputs_deepfake_project/dfdc_subset_77_jpg/test/fake/fake_000230.jpg,1.0,0.6344394683837891,1
/media/D1/ait_users/staff122/deepfake_project/outputs_deepfake_project/dfdc_subset_77_jpg/test/fake/fake_000231.jpg,1.0,0.7747520208358765,1
/media/D1/ait_users/staff122/deepfake_project/outputs_deepfake_project/dfdc_subset_77_jpg/test/fake/fake_000232.jpg,1.0,0.5732609629631042,1
/media/D1/ait_users/staff122/deepfake_project/outputs_deepfake_project/dfdc_subset_77_jpg/test/fake/fake_000233.jpg,1.0,0.19618597626686096,0
/media/D1/ait_users/staff122/deepfake_project/outputs_deepfake_project/dfdc_subset_77_jpg/test/fake/fake_000234.jpg,1.0,0.76808762550354,1
/media/D1/ait_users/staff122/deepfake_project/outputs_deepfake_project/dfdc_subset_77_jpg/test/fake/fake_000235.jpg,1.0,0.8743758201599121,1
/media/D1/ait_users/staff122/deepfake_project/outputs_deepfake_project/dfdc_subset_77_jpg/test/fake/fake_000236.jpg,1.0,0.9834080338478088,1
/media/D1/ait_users/staff122/deepfake_project/outputs_deepfake_project/dfdc_subset_77_jpg/test/fake/fake_000237.jpg,1.0,0.6652083992958069,1
/media/D1/ait_users/staff122/deepfake_project/outputs_deepfake_project/dfdc_subset_77_jpg/test/fake/fake_000238.jpg,1.0,0.9540395140647888,1
/media/D1/ait_users/staff122/deepfake_project/outputs_deepfake_project/dfdc_subset_77_jpg/test/fake/fake_000239.jpg,1.0,0.9948951601982117,1
/media/D1/ait_users/staff122/deepfake_project/outputs_deepfake_project/dfdc_subset_77_jpg/test/fake/fake_000240.jpg,1.0,0.9665288329124451,1
/media/D1/ait_users/staff122/deepfake_project/outputs_deepfake_project/dfdc_subset_77_jpg/test/fake/fake_000241.jpg,1.0,0.979691207408905,1
/media/D1/ait_users/staff122/deepfake_project/outputs_deepfake_project/dfdc_subset_77_jpg/test/fake/fake_000242.jpg,1.0,0.6110920906066895,1
/media/D1/ait_users/staff122/deepfake_project/outputs_deepfake_project/dfdc_subset_77_jpg/test/fake/fake_000243.jpg,1.0,0.6812281608581543,1
/media/D1/ait_users/staff122/deepfake_project/outputs_deepfake_project/dfdc_subset_77_jpg/test/fake/fake_000244.jpg,1.0,0.9286856055259705,1
/media/D1/ait_users/staff122/deepfake_project/outputs_deepfake_project/dfdc_subset_77_jpg/test/fake/fake_000245.jpg,1.0,0.9364097714424133,1
/media/D1/ait_users/staff122/deepfake_project/outputs_deepfake_project/dfdc_subset_77_jpg/test/fake/fake_000246.jpg,1.0,0.9005709886550903,1
/media/D1/ait_users/staff122/deepfake_project/outputs_deepfake_project/dfdc_subset_77_jpg/test/fake/fake_000247.jpg,1.0,0.679191529750824,1
/media/D1/ait_users/staff122/deepfake_project/outputs_deepfake_project/dfdc_subset_77_jpg/test/fake/fake_000248.jpg,1.0,0.9094784259796143,1
/media/D1/ait_users/staff122/deepfake_project/outputs_deepfake_project/dfdc_subset_77_jpg/test/fake/fake_000249.jpg,1.0,0.9130491614341736,1
/media/D1/ait_users/staff122/deepfake_project/outputs_deepfake_project/dfdc_subset_77_jpg/test/fake/fake_000250.jpg,1.0,0.742008626461029,1
/media/D1/ait_users/staff122/deepfake_project/outputs_deepfake_project/dfdc_subset_77_jpg/test/fake/fake_000251.jpg,1.0,0.5296326279640198,1
/media/D1/ait_users/staff122/deepfake_project/outputs_deepfake_project/dfdc_subset_77_jpg/test/fake/fake_000252.jpg,1.0,0.9871501922607422,1
/media/D1/ait_users/staff122/deepfake_project/outputs_deepfake_project/dfdc_subset_77_jpg/test/fake/fake_000253.jpg,1.0,0.9796134233474731,1
/media/D1/ait_users/staff122/deepfake_project/outputs_deepfake_project/dfdc_subset_77_jpg/test/fake/fake_000254.jpg,1.0,0.9960970282554626,1
/media/D1/ait_users/staff122/deepfake_project/outputs_deepfake_project/dfdc_subset_77_jpg/test/fake/fake_000255.jpg,1.0,0.7842099666595459,1
/media/D1/ait_users/staff122/deepfake_project/outputs_deepfake_project/dfdc_subset_77_jpg/test/fake/fake_000256.jpg,1.0,0.9811865091323853,1
/media/D1/ait_users/staff122/deepfake_project/outputs_deepfake_project/dfdc_subset_77_jpg/test/fake/fake_000257.jpg,1.0,0.9994445443153381,1
/media/D1/ait_users/staff122/deepfake_project/outputs_deepfake_project/dfdc_subset_77_jpg/test/fake/fake_000258.jpg,1.0,0.9719856977462769,1
/media/D1/ait_users/staff122/deepfake_project/outputs_deepfake_project/dfdc_subset_77_jpg/test/fake/fake_000259.jpg,1.0,0.9307630658149719,1
/media/D1/ait_users/staff122/deepfake_project/outputs_deepfake_project/dfdc_subset_77_jpg/test/fake/fake_000260.jpg,1.0,0.9432747960090637,1
/media/D1/ait_users/staff122/deepfake_project/outputs_deepfake_project/dfdc_subset_77_jpg/test/fake/fake_000261.jpg,1.0,0.9995777010917664,1
/media/D1/ait_users/staff122/deepfake_project/outputs_deepfake_project/dfdc_subset_77_jpg/test/fake/fake_000262.jpg,1.0,0.9987061023712158,1
/media/D1/ait_users/staff122/deepfake_project/outputs_deepfake_project/dfdc_subset_77_jpg/test/fake/fake_000263.jpg,1.0,0.9493892788887024,1
/media/D1/ait_users/staff122/deepfake_project/outputs_deepfake_project/dfdc_subset_77_jpg/test/fake/fake_000264.jpg,1.0,0.9625021815299988,1
/media/D1/ait_users/staff122/deepfake_project/outputs_deepfake_project/dfdc_subset_77_jpg/test/fake/fake_000265.jpg,1.0,0.9996826648712158,1
/media/D1/ait_users/staff122/deepfake_project/outputs_deepfake_project/dfdc_subset_77_jpg/test/fake/fake_000266.jpg,1.0,0.9995064735412598,1
/media/D1/ait_users/staff122/deepfake_project/outputs_deepfake_project/dfdc_subset_77_jpg/test/fake/fake_000267.jpg,1.0,0.9998408555984497,1
/media/D1/ait_users/staff122/deepfake_project/outputs_deepfake_project/dfdc_subset_77_jpg/test/fake/fake_000268.jpg,1.0,0.9992534518241882,1
/media/D1/ait_users/staff122/deepfake_project/outputs_deepfake_project/dfdc_subset_77_jpg/test/fake/fake_000269.jpg,1.0,0.998782217502594,1
/media/D1/ait_users/staff122/deepfake_project/outputs_deepfake_project/dfdc_subset_77_jpg/test/fake/fake_000270.jpg,1.0,0.9998074173927307,1
/media/D1/ait_users/staff122/deepfake_project/outputs_deepfake_project/dfdc_subset_77_jpg/test/fake/fake_000271.jpg,1.0,0.9995129108428955,1
/media/D1/ait_users/staff122/deepfake_project/outputs_deepfake_project/dfdc_subset_77_jpg/test/fake/fake_000272.jpg,1.0,0.9997379183769226,1
/media/D1/ait_users/staff122/deepfake_project/outputs_deepfake_project/dfdc_subset_77_jpg/test/fake/fake_000273.jpg,1.0,0.9288384914398193,1
/media/D1/ait_users/staff122/deepfake_project/outputs_deepfake_project/dfdc_subset_77_jpg/test/fake/fake_000274.jpg,1.0,0.9721602201461792,1
/media/D1/ait_users/staff122/deepfake_project/outputs_deepfake_project/dfdc_subset_77_jpg/test/fake/fake_000275.jpg,1.0,0.9624062180519104,1
/media/D1/ait_users/staff122/deepfake_project/outputs_deepfake_project/dfdc_subset_77_jpg/test/fake/fake_000276.jpg,1.0,0.9157407283782959,1
/media/D1/ait_users/staff122/deepfake_project/outputs_deepfake_project/dfdc_subset_77_jpg/test/fake/fake_000277.jpg,1.0,0.9951706528663635,1
/media/D1/ait_users/staff122/deepfake_project/outputs_deepfake_project/dfdc_subset_77_jpg/test/fake/fake_000278.jpg,1.0,0.8974553942680359,1
/media/D1/ait_users/staff122/deepfake_project/outputs_deepfake_project/dfdc_subset_77_jpg/test/fake/fake_000279.jpg,1.0,0.9107577204704285,1
/media/D1/ait_users/staff122/deepfake_project/outputs_deepfake_project/dfdc_subset_77_jpg/test/fake/fake_000280.jpg,1.0,0.9651228189468384,1
/media/D1/ait_users/staff122/deepfake_project/outputs_deepfake_project/dfdc_subset_77_jpg/test/fake/fake_000281.jpg,1.0,0.9227041602134705,1
/media/D1/ait_users/staff122/deepfake_project/outputs_deepfake_project/dfdc_subset_77_jpg/test/fake/fake_000282.jpg,1.0,0.9215928316116333,1
/media/D1/ait_users/staff122/deepfake_project/outputs_deepfake_project/dfdc_subset_77_jpg/test/fake/fake_000283.jpg,1.0,0.9685357213020325,1
/media/D1/ait_users/staff122/deepfake_project/outputs_deepfake_project/dfdc_subset_77_jpg/test/fake/fake_000284.jpg,1.0,0.9502156972885132,1
/media/D1/ait_users/staff122/deepfake_project/outputs_deepfake_project/dfdc_subset_77_jpg/test/fake/fake_000285.jpg,1.0,0.9996596574783325,1
/media/D1/ait_users/staff122/deepfake_project/outputs_deepfake_project/dfdc_subset_77_jpg/test/fake/fake_000286.jpg,1.0,0.9994015693664551,1
/media/D1/ait_users/staff122/deepfake_project/outputs_deepfake_project/dfdc_subset_77_jpg/test/fake/fake_000287.jpg,1.0,0.9405920505523682,1
/media/D1/ait_users/staff122/deepfake_project/outputs_deepfake_project/dfdc_subset_77_jpg/test/fake/fake_000288.jpg,1.0,0.9972622394561768,1
/media/D1/ait_users/staff122/deepfake_project/outputs_deepfake_project/dfdc_subset_77_jpg/test/fake/fake_000289.jpg,1.0,0.9978172779083252,1
/media/D1/ait_users/staff122/deepfake_project/outputs_deepfake_project/dfdc_subset_77_jpg/test/fake/fake_000290.jpg,1.0,0.9979554414749146,1
/media/D1/ait_users/staff122/deepfake_project/outputs_deepfake_project/dfdc_subset_77_jpg/test/fake/fake_000291.jpg,1.0,0.9980639815330505,1
/media/D1/ait_users/staff122/deepfake_project/outputs_deepfake_project/dfdc_subset_77_jpg/test/fake/fake_000292.jpg,1.0,0.9982325434684753,1
/media/D1/ait_users/staff122/deepfake_project/outputs_deepfake_project/dfdc_subset_77_jpg/test/fake/fake_000293.jpg,1.0,0.9979939460754395,1
/media/D1/ait_users/staff122/deepfake_project/outputs_deepfake_project/dfdc_subset_77_jpg/test/fake/fake_000294.jpg,1.0,0.9980302453041077,1
/media/D1/ait_users/staff122/deepfake_project/outputs_deepfake_project/dfdc_subset_77_jpg/test/fake/fake_000295.jpg,1.0,0.9977577328681946,1
/media/D1/ait_users/staff122/deepfake_project/outputs_deepfake_project/dfdc_subset_77_jpg/test/fake/fake_000296.jpg,1.0,0.99637371301651,1
/media/D1/ait_users/staff122/deepfake_project/outputs_deepfake_project/dfdc_subset_77_jpg/test/fake/fake_000297.jpg,1.0,0.9953780174255371,1
/media/D1/ait_users/staff122/deepfake_project/outputs_deepfake_project/dfdc_subset_77_jpg/test/fake/fake_000298.jpg,1.0,0.9966856837272644,1
/media/D1/ait_users/staff122/deepfake_project/outputs_deepfake_project/dfdc_subset_77_jpg/test/fake/fake_000299.jpg,1.0,0.9974828362464905,1
/media/D1/ait_users/staff122/deepfake_project/outputs_deepfake_project/dfdc_subset_77_jpg/test/fake/fake_000300.jpg,1.0,0.9967285394668579,1
/media/D1/ait_users/staff122/deepfake_project/outputs_deepfake_project/dfdc_subset_77_jpg/test/fake/fake_000301.jpg,1.0,0.9975862503051758,1
/media/D1/ait_users/staff122/deepfake_project/outputs_deepfake_project/dfdc_subset_77_jpg/test/fake/fake_000302.jpg,1.0,0.9976027607917786,1
/media/D1/ait_users/staff122/deepfake_project/outputs_deepfake_project/dfdc_subset_77_jpg/test/fake/fake_000303.jpg,1.0,0.9980905652046204,1
/media/D1/ait_users/staff122/deepfake_project/outputs_deepfake_project/dfdc_subset_77_jpg/test/fake/fake_000304.jpg,1.0,0.9974735379219055,1
/media/D1/ait_users/staff122/deepfake_project/outputs_deepfake_project/dfdc_subset_77_jpg/test/fake/fake_000305.jpg,1.0,0.9963269829750061,1
/media/D1/ait_users/staff122/deepfake_project/outputs_deepfake_project/dfdc_subset_77_jpg/test/fake/fake_000306.jpg,1.0,0.9952309727668762,1
/media/D1/ait_users/staff122/deepfake_project/outputs_deepfake_project/dfdc_subset_77_jpg/test/fake/fake_000307.jpg,1.0,0.9965482354164124,1
/media/D1/ait_users/staff122/deepfake_project/outputs_deepfake_project/dfdc_subset_77_jpg/test/fake/fake_000308.jpg,1.0,0.9971104860305786,1
/media/D1/ait_users/staff122/deepfake_project/outputs_deepfake_project/dfdc_subset_77_jpg/test/fake/fake_000309.jpg,1.0,0.9962604641914368,1
/media/D1/ait_users/staff122/deepfake_project/outputs_deepfake_project/dfdc_subset_77_jpg/test/fake/fake_000310.jpg,1.0,0.9954372048377991,1
/media/D1/ait_users/staff122/deepfake_project/outputs_deepfake_project/dfdc_subset_77_jpg/test/fake/fake_000311.jpg,1.0,0.9980672001838684,1
/media/D1/ait_users/staff122/deepfake_project/outputs_deepfake_project/dfdc_subset_77_jpg/test/fake/fake_000312.jpg,1.0,0.9972376823425293,1
/media/D1/ait_users/staff122/deepfake_project/outputs_deepfake_project/dfdc_subset_77_jpg/test/fake/fake_000313.jpg,1.0,0.9978910088539124,1
/media/D1/ait_users/staff122/deepfake_project/outputs_deepfake_project/dfdc_subset_77_jpg/test/fake/fake_000314.jpg,1.0,0.9975042939186096,1
/media/D1/ait_users/staff122/deepfake_project/outputs_deepfake_project/dfdc_subset_77_jpg/test/fake/fake_000315.jpg,1.0,0.9963789582252502,1
/media/D1/ait_users/staff122/deepfake_project/outputs_deepfake_project/dfdc_subset_77_jpg/test/fake/fake_000316.jpg,1.0,0.9983396530151367,1
/media/D1/ait_users/staff122/deepfake_project/outputs_deepfake_project/dfdc_subset_77_jpg/test/fake/fake_000317.jpg,1.0,0.9983318448066711,1
/media/D1/ait_users/staff122/deepfake_project/outputs_deepfake_project/dfdc_subset_77_jpg/test/fake/fake_000318.jpg,1.0,0.9967087507247925,1
/media/D1/ait_users/staff122/deepfake_project/outputs_deepfake_project/dfdc_subset_77_jpg/test/fake/fake_000319.jpg,1.0,0.9957379102706909,1
/media/D1/ait_users/staff122/deepfake_project/outputs_deepfake_project/dfdc_subset_77_jpg/test/fake/fake_000320.jpg,1.0,0.3884012699127197,0
/media/D1/ait_users/staff122/deepfake_project/outputs_deepfake_project/dfdc_subset_77_jpg/test/fake/fake_000321.jpg,1.0,0.998648464679718,1
/media/D1/ait_users/staff122/deepfake_project/outputs_deepfake_project/dfdc_subset_77_jpg/test/fake/fake_000322.jpg,1.0,0.9975760579109192,1
/media/D1/ait_users/staff122/deepfake_project/outputs_deepfake_project/dfdc_subset_77_jpg/test/fake/fake_000323.jpg,1.0,0.6246380805969238,1
/media/D1/ait_users/staff122/deepfake_project/outputs_deepfake_project/dfdc_subset_77_jpg/test/fake/fake_000324.jpg,1.0,0.9365800023078918,1
/media/D1/ait_users/staff122/deepfake_project/outputs_deepfake_project/dfdc_subset_77_jpg/test/fake/fake_000325.jpg,1.0,0.5331109762191772,1
/media/D1/ait_users/staff122/deepfake_project/outputs_deepfake_project/dfdc_subset_77_jpg/test/fake/fake_000326.jpg,1.0,0.3625423014163971,0
/media/D1/ait_users/staff122/deepfake_project/outputs_deepfake_project/dfdc_subset_77_jpg/test/fake/fake_000327.jpg,1.0,0.3429792821407318,0
/media/D1/ait_users/staff122/deepfake_project/outputs_deepfake_project/dfdc_subset_77_jpg/test/fake/fake_000328.jpg,1.0,0.17208130657672882,0
/media/D1/ait_users/staff122/deepfake_project/outputs_deepfake_project/dfdc_subset_77_jpg/test/fake/fake_000329.jpg,1.0,0.17420461773872375,0
/media/D1/ait_users/staff122/deepfake_project/outputs_deepfake_project/dfdc_subset_77_jpg/test/fake/fake_000330.jpg,1.0,0.017587285488843918,0
/media/D1/ait_users/staff122/deepfake_project/outputs_deepfake_project/dfdc_subset_77_jpg/test/fake/fake_000331.jpg,1.0,0.06168767437338829,0
/media/D1/ait_users/staff122/deepfake_project/outputs_deepfake_project/dfdc_subset_77_jpg/test/fake/fake_000332.jpg,1.0,0.270648330450058,0
/media/D1/ait_users/staff122/deepfake_project/outputs_deepfake_project/dfdc_subset_77_jpg/test/fake/fake_000333.jpg,1.0,0.22368194162845612,0
/media/D1/ait_users/staff122/deepfake_project/outputs_deepfake_project/dfdc_subset_77_jpg/test/fake/fake_000334.jpg,1.0,0.028300726786255836,0
/media/D1/ait_users/staff122/deepfake_project/outputs_deepfake_project/dfdc_subset_77_jpg/test/fake/fake_000335.jpg,1.0,0.9993891716003418,1
/media/D1/ait_users/staff122/deepfake_project/outputs_deepfake_project/dfdc_subset_77_jpg/test/fake/fake_000336.jpg,1.0,0.8921639323234558,1
/media/D1/ait_users/staff122/deepfake_project/outputs_deepfake_project/dfdc_subset_77_jpg/test/fake/fake_000337.jpg,1.0,0.9973044395446777,1
/media/D1/ait_users/staff122/deepfake_project/outputs_deepfake_project/dfdc_subset_77_jpg/test/fake/fake_000338.jpg,1.0,0.9649544954299927,1
/media/D1/ait_users/staff122/deepfake_project/outputs_deepfake_project/dfdc_subset_77_jpg/test/fake/fake_000339.jpg,1.0,0.8508623242378235,1
/media/D1/ait_users/staff122/deepfake_project/outputs_deepfake_project/dfdc_subset_77_jpg/test/fake/fake_000340.jpg,1.0,0.06846901774406433,0
/media/D1/ait_users/staff122/deepfake_project/outputs_deepfake_project/dfdc_subset_77_jpg/test/fake/fake_000341.jpg,1.0,0.4465489685535431,0
/media/D1/ait_users/staff122/deepfake_project/outputs_deepfake_project/dfdc_subset_77_jpg/test/fake/fake_000342.jpg,1.0,0.7662832140922546,1
/media/D1/ait_users/staff122/deepfake_project/outputs_deepfake_project/dfdc_subset_77_jpg/test/fake/fake_000343.jpg,1.0,0.1613471806049347,0
/media/D1/ait_users/staff122/deepfake_project/outputs_deepfake_project/dfdc_subset_77_jpg/test/fake/fake_000344.jpg,1.0,0.8973357677459717,1
/media/D1/ait_users/staff122/deepfake_project/outputs_deepfake_project/dfdc_subset_77_jpg/test/fake/fake_000345.jpg,1.0,0.03232251852750778,0
/media/D1/ait_users/staff122/deepfake_project/outputs_deepfake_project/dfdc_subset_77_jpg/test/fake/fake_000346.jpg,1.0,0.03512253239750862,0
/media/D1/ait_users/staff122/deepfake_project/outputs_deepfake_project/dfdc_subset_77_jpg/test/fake/fake_000347.jpg,1.0,0.07377997040748596,0
/media/D1/ait_users/staff122/deepfake_project/outputs_deepfake_project/dfdc_subset_77_jpg/test/fake/fake_000348.jpg,1.0,0.2692203223705292,0
/media/D1/ait_users/staff122/deepfake_project/outputs_deepfake_project/dfdc_subset_77_jpg/test/fake/fake_000349.jpg,1.0,0.6577531099319458,1
/media/D1/ait_users/staff122/deepfake_project/outputs_deepfake_project/dfdc_subset_77_jpg/test/fake/fake_000350.jpg,1.0,0.01849287375807762,0
/media/D1/ait_users/staff122/deepfake_project/outputs_deepfake_project/dfdc_subset_77_jpg/test/fake/fake_000351.jpg,1.0,0.01698918826878071,0
/media/D1/ait_users/staff122/deepfake_project/outputs_deepfake_project/dfdc_subset_77_jpg/test/fake/fake_000352.jpg,1.0,0.9977935552597046,1
/media/D1/ait_users/staff122/deepfake_project/outputs_deepfake_project/dfdc_subset_77_jpg/test/fake/fake_000353.jpg,1.0,0.750759482383728,1
/media/D1/ait_users/staff122/deepfake_project/outputs_deepfake_project/dfdc_subset_77_jpg/test/fake/fake_000354.jpg,1.0,0.9985528588294983,1
/media/D1/ait_users/staff122/deepfake_project/outputs_deepfake_project/dfdc_subset_77_jpg/test/fake/fake_000355.jpg,1.0,0.9978237152099609,1
/media/D1/ait_users/staff122/deepfake_project/outputs_deepfake_project/dfdc_subset_77_jpg/test/fake/fake_000356.jpg,1.0,0.994686484336853,1
/media/D1/ait_users/staff122/deepfake_project/outputs_deepfake_project/dfdc_subset_77_jpg/test/fake/fake_000357.jpg,1.0,0.9976352453231812,1
/media/D1/ait_users/staff122/deepfake_project/outputs_deepfake_project/dfdc_subset_77_jpg/test/fake/fake_000358.jpg,1.0,0.8489806652069092,1
/media/D1/ait_users/staff122/deepfake_project/outputs_deepfake_project/dfdc_subset_77_jpg/test/fake/fake_000359.jpg,1.0,0.8302838206291199,1
/media/D1/ait_users/staff122/deepfake_project/outputs_deepfake_project/dfdc_subset_77_jpg/test/fake/fake_000360.jpg,1.0,0.9971440434455872,1
/media/D1/ait_users/staff122/deepfake_project/outputs_deepfake_project/dfdc_subset_77_jpg/test/fake/fake_000361.jpg,1.0,0.856858491897583,1
/media/D1/ait_users/staff122/deepfake_project/outputs_deepfake_project/dfdc_subset_77_jpg/test/fake/fake_000362.jpg,1.0,0.9955872297286987,1
/media/D1/ait_users/staff122/deepfake_project/outputs_deepfake_project/dfdc_subset_77_jpg/test/fake/fake_000363.jpg,1.0,0.8702437281608582,1
/media/D1/ait_users/staff122/deepfake_project/outputs_deepfake_project/dfdc_subset_77_jpg/test/fake/fake_000364.jpg,1.0,0.9980599284172058,1
/media/D1/ait_users/staff122/deepfake_project/outputs_deepfake_project/dfdc_subset_77_jpg/test/fake/fake_000365.jpg,1.0,0.9875320792198181,1
/media/D1/ait_users/staff122/deepfake_project/outputs_deepfake_project/dfdc_subset_77_jpg/test/fake/fake_000366.jpg,1.0,0.8419317603111267,1
/media/D1/ait_users/staff122/deepfake_project/outputs_deepfake_project/dfdc_subset_77_jpg/test/fake/fake_000367.jpg,1.0,0.8474570512771606,1
/media/D1/ait_users/staff122/deepfake_project/outputs_deepfake_project/dfdc_subset_77_jpg/test/fake/fake_000368.jpg,1.0,0.5946892499923706,1
/media/D1/ait_users/staff122/deepfake_project/outputs_deepfake_project/dfdc_subset_77_jpg/test/fake/fake_000369.jpg,1.0,0.9430943131446838,1
/media/D1/ait_users/staff122/deepfake_project/outputs_deepfake_project/dfdc_subset_77_jpg/test/fake/fake_000370.jpg,1.0,0.961004912853241,1
/media/D1/ait_users/staff122/deepfake_project/outputs_deepfake_project/dfdc_subset_77_jpg/test/fake/fake_000371.jpg,1.0,0.9985201954841614,1
/media/D1/ait_users/staff122/deepfake_project/outputs_deepfake_project/dfdc_subset_77_jpg/test/fake/fake_000372.jpg,1.0,0.9953072667121887,1
/media/D1/ait_users/staff122/deepfake_project/outputs_deepfake_project/dfdc_subset_77_jpg/test/fake/fake_000373.jpg,1.0,0.9920048117637634,1
/media/D1/ait_users/staff122/deepfake_project/outputs_deepfake_project/dfdc_subset_77_jpg/test/fake/fake_000374.jpg,1.0,0.9107533097267151,1
/media/D1/ait_users/staff122/deepfake_project/outputs_deepfake_project/dfdc_subset_77_jpg/test/fake/fake_000375.jpg,1.0,0.9966279864311218,1
/media/D1/ait_users/staff122/deepfake_project/outputs_deepfake_project/dfdc_subset_77_jpg/test/fake/fake_000376.jpg,1.0,0.770891547203064,1
/media/D1/ait_users/staff122/deepfake_project/outputs_deepfake_project/dfdc_subset_77_jpg/test/fake/fake_000377.jpg,1.0,0.5977843999862671,1
/media/D1/ait_users/staff122/deepfake_project/outputs_deepfake_project/dfdc_subset_77_jpg/test/fake/fake_000378.jpg,1.0,0.5543244481086731,1
/media/D1/ait_users/staff122/deepfake_project/outputs_deepfake_project/dfdc_subset_77_jpg/test/fake/fake_000379.jpg,1.0,0.9997268319129944,1
/media/D1/ait_users/staff122/deepfake_project/outputs_deepfake_project/dfdc_subset_77_jpg/test/fake/fake_000380.jpg,1.0,0.9966264963150024,1
/media/D1/ait_users/staff122/deepfake_project/outputs_deepfake_project/dfdc_subset_77_jpg/test/fake/fake_000381.jpg,1.0,0.9984214305877686,1
/media/D1/ait_users/staff122/deepfake_project/outputs_deepfake_project/dfdc_subset_77_jpg/test/fake/fake_000382.jpg,1.0,0.7955908179283142,1
/media/D1/ait_users/staff122/deepfake_project/outputs_deepfake_project/dfdc_subset_77_jpg/test/fake/fake_000383.jpg,1.0,0.9975714087486267,1
/media/D1/ait_users/staff122/deepfake_project/outputs_deepfake_project/dfdc_subset_77_jpg/test/fake/fake_000384.jpg,1.0,0.9922878742218018,1
/media/D1/ait_users/staff122/deepfake_project/outputs_deepfake_project/dfdc_subset_77_jpg/test/fake/fake_000385.jpg,1.0,0.9699413776397705,1
/media/D1/ait_users/staff122/deepfake_project/outputs_deepfake_project/dfdc_subset_77_jpg/test/fake/fake_000386.jpg,1.0,0.04268066957592964,0
/media/D1/ait_users/staff122/deepfake_project/outputs_deepfake_project/dfdc_subset_77_jpg/test/fake/fake_000387.jpg,1.0,0.5733359456062317,1
/media/D1/ait_users/staff122/deepfake_project/outputs_deepfake_project/dfdc_subset_77_jpg/test/fake/fake_000388.jpg,1.0,0.9938820600509644,1
/media/D1/ait_users/staff122/deepfake_project/outputs_deepfake_project/dfdc_subset_77_jpg/test/fake/fake_000389.jpg,1.0,0.9864035844802856,1
/media/D1/ait_users/staff122/deepfake_project/outputs_deepfake_project/dfdc_subset_77_jpg/test/fake/fake_000390.jpg,1.0,0.995010495185852,1
/media/D1/ait_users/staff122/deepfake_project/outputs_deepfake_project/dfdc_subset_77_jpg/test/fake/fake_000391.jpg,1.0,0.7929350137710571,1
/media/D1/ait_users/staff122/deepfake_project/outputs_deepfake_project/dfdc_subset_77_jpg/test/fake/fake_000392.jpg,1.0,0.9957531690597534,1
/media/D1/ait_users/staff122/deepfake_project/outputs_deepfake_project/dfdc_subset_77_jpg/test/fake/fake_000393.jpg,1.0,0.9688317179679871,1
/media/D1/ait_users/staff122/deepfake_project/outputs_deepfake_project/dfdc_subset_77_jpg/test/fake/fake_000394.jpg,1.0,0.7392180562019348,1
/media/D1/ait_users/staff122/deepfake_project/outputs_deepfake_project/dfdc_subset_77_jpg/test/fake/fake_000395.jpg,1.0,0.3081877529621124,0
/media/D1/ait_users/staff122/deepfake_project/outputs_deepfake_project/dfdc_subset_77_jpg/test/fake/fake_000396.jpg,1.0,0.5223831534385681,1
/media/D1/ait_users/staff122/deepfake_project/outputs_deepfake_project/dfdc_subset_77_jpg/test/fake/fake_000397.jpg,1.0,0.6315732002258301,1
/media/D1/ait_users/staff122/deepfake_project/outputs_deepfake_project/dfdc_subset_77_jpg/test/fake/fake_000398.jpg,1.0,0.9035528302192688,1
/media/D1/ait_users/staff122/deepfake_project/outputs_deepfake_project/dfdc_subset_77_jpg/test/fake/fake_000399.jpg,1.0,0.4612805247306824,0
/media/D1/ait_users/staff122/deepfake_project/outputs_deepfake_project/dfdc_subset_77_jpg/test/fake/fake_000400.jpg,1.0,0.900789737701416,1
/media/D1/ait_users/staff122/deepfake_project/outputs_deepfake_project/dfdc_subset_77_jpg/test/fake/fake_000401.jpg,1.0,0.6665799021720886,1
/media/D1/ait_users/staff122/deepfake_project/outputs_deepfake_project/dfdc_subset_77_jpg/test/fake/fake_000402.jpg,1.0,0.6971997618675232,1
/media/D1/ait_users/staff122/deepfake_project/outputs_deepfake_project/dfdc_subset_77_jpg/test/fake/fake_000403.jpg,1.0,0.07557404786348343,0
/media/D1/ait_users/staff122/deepfake_project/outputs_deepfake_project/dfdc_subset_77_jpg/test/fake/fake_000404.jpg,1.0,0.8272808790206909,1
/media/D1/ait_users/staff122/deepfake_project/outputs_deepfake_project/dfdc_subset_77_jpg/test/fake/fake_000405.jpg,1.0,0.8178908824920654,1
/media/D1/ait_users/staff122/deepfake_project/outputs_deepfake_project/dfdc_subset_77_jpg/test/fake/fake_000406.jpg,1.0,0.22998805344104767,0
/media/D1/ait_users/staff122/deepfake_project/outputs_deepfake_project/dfdc_subset_77_jpg/test/fake/fake_000407.jpg,1.0,0.8315944075584412,1
/media/D1/ait_users/staff122/deepfake_project/outputs_deepfake_project/dfdc_subset_77_jpg/test/fake/fake_000408.jpg,1.0,0.2718322277069092,0
/media/D1/ait_users/staff122/deepfake_project/outputs_deepfake_project/dfdc_subset_77_jpg/test/fake/fake_000409.jpg,1.0,0.38258811831474304,0
/media/D1/ait_users/staff122/deepfake_project/outputs_deepfake_project/dfdc_subset_77_jpg/test/fake/fake_000410.jpg,1.0,0.5644395351409912,1
/media/D1/ait_users/staff122/deepfake_project/outputs_deepfake_project/dfdc_subset_77_jpg/test/fake/fake_000411.jpg,1.0,0.1762102246284485,0
/media/D1/ait_users/staff122/deepfake_project/outputs_deepfake_project/dfdc_subset_77_jpg/test/fake/fake_000412.jpg,1.0,0.41113218665122986,0
/media/D1/ait_users/staff122/deepfake_project/outputs_deepfake_project/dfdc_subset_77_jpg/test/fake/fake_000413.jpg,1.0,0.10513801127672195,0
/media/D1/ait_users/staff122/deepfake_project/outputs_deepfake_project/dfdc_subset_77_jpg/test/fake/fake_000414.jpg,1.0,0.8816074132919312,1
/media/D1/ait_users/staff122/deepfake_project/outputs_deepfake_project/dfdc_subset_77_jpg/test/fake/fake_000415.jpg,1.0,0.7017354965209961,1
/media/D1/ait_users/staff122/deepfake_project/outputs_deepfake_project/dfdc_subset_77_jpg/test/fake/fake_000416.jpg,1.0,0.9975261092185974,1
/media/D1/ait_users/staff122/deepfake_project/outputs_deepfake_project/dfdc_subset_77_jpg/test/fake/fake_000417.jpg,1.0,0.998764157295227,1
/media/D1/ait_users/staff122/deepfake_project/outputs_deepfake_project/dfdc_subset_77_jpg/test/fake/fake_000418.jpg,1.0,0.998982846736908,1
/media/D1/ait_users/staff122/deepfake_project/outputs_deepfake_project/dfdc_subset_77_jpg/test/fake/fake_000419.jpg,1.0,0.9993587136268616,1
/media/D1/ait_users/staff122/deepfake_project/outputs_deepfake_project/dfdc_subset_77_jpg/test/fake/fake_000420.jpg,1.0,0.9992573857307434,1
/media/D1/ait_users/staff122/deepfake_project/outputs_deepfake_project/dfdc_subset_77_jpg/test/fake/fake_000421.jpg,1.0,0.9993582367897034,1
/media/D1/ait_users/staff122/deepfake_project/outputs_deepfake_project/dfdc_subset_77_jpg/test/fake/fake_000422.jpg,1.0,0.9991053938865662,1
/media/D1/ait_users/staff122/deepfake_project/outputs_deepfake_project/dfdc_subset_77_jpg/test/fake/fake_000423.jpg,1.0,0.9978101849555969,1
/media/D1/ait_users/staff122/deepfake_project/outputs_deepfake_project/dfdc_subset_77_jpg/test/fake/fake_000424.jpg,1.0,0.9990187883377075,1
/media/D1/ait_users/staff122/deepfake_project/outputs_deepfake_project/dfdc_subset_77_jpg/test/fake/fake_000425.jpg,1.0,0.9986253976821899,1
/media/D1/ait_users/staff122/deepfake_project/outputs_deepfake_project/dfdc_subset_77_jpg/test/fake/fake_000426.jpg,1.0,0.9973739385604858,1
/media/D1/ait_users/staff122/deepfake_project/outputs_deepfake_project/dfdc_subset_77_jpg/test/fake/fake_000427.jpg,1.0,0.9986500144004822,1
/media/D1/ait_users/staff122/deepfake_project/outputs_deepfake_project/dfdc_subset_77_jpg/test/fake/fake_000428.jpg,1.0,0.999138593673706,1
/media/D1/ait_users/staff122/deepfake_project/outputs_deepfake_project/dfdc_subset_77_jpg/test/fake/fake_000429.jpg,1.0,0.9991040825843811,1
/media/D1/ait_users/staff122/deepfake_project/outputs_deepfake_project/dfdc_subset_77_jpg/test/fake/fake_000430.jpg,1.0,0.998832643032074,1
/media/D1/ait_users/staff122/deepfake_project/outputs_deepfake_project/dfdc_subset_77_jpg/test/fake/fake_000431.jpg,1.0,0.9990304708480835,1
/media/D1/ait_users/staff122/deepfake_project/outputs_deepfake_project/dfdc_subset_77_jpg/test/fake/fake_000432.jpg,1.0,0.9972679615020752,1
/media/D1/ait_users/staff122/deepfake_project/outputs_deepfake_project/dfdc_subset_77_jpg/test/fake/fake_000433.jpg,1.0,0.980568528175354,1
/media/D1/ait_users/staff122/deepfake_project/outputs_deepfake_project/dfdc_subset_77_jpg/test/fake/fake_000434.jpg,1.0,0.9990893602371216,1
/media/D1/ait_users/staff122/deepfake_project/outputs_deepfake_project/dfdc_subset_77_jpg/test/fake/fake_000435.jpg,1.0,0.9982767105102539,1
/media/D1/ait_users/staff122/deepfake_project/outputs_deepfake_project/dfdc_subset_77_jpg/test/fake/fake_000436.jpg,1.0,0.9989097118377686,1
/media/D1/ait_users/staff122/deepfake_project/outputs_deepfake_project/dfdc_subset_77_jpg/test/fake/fake_000437.jpg,1.0,0.9982824325561523,1
/media/D1/ait_users/staff122/deepfake_project/outputs_deepfake_project/dfdc_subset_77_jpg/test/fake/fake_000438.jpg,1.0,0.9991051554679871,1
/media/D1/ait_users/staff122/deepfake_project/outputs_deepfake_project/dfdc_subset_77_jpg/test/fake/fake_000439.jpg,1.0,0.9993696808815002,1
/media/D1/ait_users/staff122/deepfake_project/outputs_deepfake_project/dfdc_subset_77_jpg/test/fake/fake_000440.jpg,1.0,0.9986903071403503,1
/media/D1/ait_users/staff122/deepfake_project/outputs_deepfake_project/dfdc_subset_77_jpg/test/fake/fake_000441.jpg,1.0,0.9987558126449585,1
/media/D1/ait_users/staff122/deepfake_project/outputs_deepfake_project/dfdc_subset_77_jpg/test/fake/fake_000442.jpg,1.0,0.998513400554657,1
/media/D1/ait_users/staff122/deepfake_project/outputs_deepfake_project/dfdc_subset_77_jpg/test/fake/fake_000443.jpg,1.0,0.9991539716720581,1
/media/D1/ait_users/staff122/deepfake_project/outputs_deepfake_project/dfdc_subset_77_jpg/test/fake/fake_000444.jpg,1.0,0.9987737536430359,1
/media/D1/ait_users/staff122/deepfake_project/outputs_deepfake_project/dfdc_subset_77_jpg/test/fake/fake_000445.jpg,1.0,0.9988395571708679,1
/media/D1/ait_users/staff122/deepfake_project/outputs_deepfake_project/dfdc_subset_77_jpg/test/fake/fake_000446.jpg,1.0,0.9987819790840149,1
/media/D1/ait_users/staff122/deepfake_project/outputs_deepfake_project/dfdc_subset_77_jpg/test/fake/fake_000447.jpg,1.0,0.9980093836784363,1
/media/D1/ait_users/staff122/deepfake_project/outputs_deepfake_project/dfdc_subset_77_jpg/test/fake/fake_000448.jpg,1.0,0.6354590654373169,1
/media/D1/ait_users/staff122/deepfake_project/outputs_deepfake_project/dfdc_subset_77_jpg/test/fake/fake_000449.jpg,1.0,0.8356688022613525,1
/media/D1/ait_users/staff122/deepfake_project/outputs_deepfake_project/dfdc_subset_77_jpg/test/fake/fake_000450.jpg,1.0,0.07627052068710327,0
/media/D1/ait_users/staff122/deepfake_project/outputs_deepfake_project/dfdc_subset_77_jpg/test/fake/fake_000451.jpg,1.0,0.02420683763921261,0
/media/D1/ait_users/staff122/deepfake_project/outputs_deepfake_project/dfdc_subset_77_jpg/test/fake/fake_000452.jpg,1.0,0.9984999895095825,1
/media/D1/ait_users/staff122/deepfake_project/outputs_deepfake_project/dfdc_subset_77_jpg/test/fake/fake_000453.jpg,1.0,0.0030475175008177757,0
/media/D1/ait_users/staff122/deepfake_project/outputs_deepfake_project/dfdc_subset_77_jpg/test/fake/fake_000454.jpg,1.0,0.004450986161828041,0
/media/D1/ait_users/staff122/deepfake_project/outputs_deepfake_project/dfdc_subset_77_jpg/test/fake/fake_000455.jpg,1.0,0.43963709473609924,0
/media/D1/ait_users/staff122/deepfake_project/outputs_deepfake_project/dfdc_subset_77_jpg/test/fake/fake_000456.jpg,1.0,0.9922658801078796,1
/media/D1/ait_users/staff122/deepfake_project/outputs_deepfake_project/dfdc_subset_77_jpg/test/fake/fake_000457.jpg,1.0,0.9967336654663086,1
/media/D1/ait_users/staff122/deepfake_project/outputs_deepfake_project/dfdc_subset_77_jpg/test/fake/fake_000458.jpg,1.0,0.9077525734901428,1
/media/D1/ait_users/staff122/deepfake_project/outputs_deepfake_project/dfdc_subset_77_jpg/test/fake/fake_000459.jpg,1.0,0.995606005191803,1
/media/D1/ait_users/staff122/deepfake_project/outputs_deepfake_project/dfdc_subset_77_jpg/test/fake/fake_000460.jpg,1.0,0.9993497729301453,1
/media/D1/ait_users/staff122/deepfake_project/outputs_deepfake_project/dfdc_subset_77_jpg/test/fake/fake_000461.jpg,1.0,0.9862406849861145,1
/media/D1/ait_users/staff122/deepfake_project/outputs_deepfake_project/dfdc_subset_77_jpg/test/fake/fake_000462.jpg,1.0,0.9988985061645508,1
/media/D1/ait_users/staff122/deepfake_project/outputs_deepfake_project/dfdc_subset_77_jpg/test/fake/fake_000463.jpg,1.0,0.04539571329951286,0
/media/D1/ait_users/staff122/deepfake_project/outputs_deepfake_project/dfdc_subset_77_jpg/test/fake/fake_000464.jpg,1.0,0.03154850751161575,0
/media/D1/ait_users/staff122/deepfake_project/outputs_deepfake_project/dfdc_subset_77_jpg/test/fake/fake_000465.jpg,1.0,0.8491275310516357,1
/media/D1/ait_users/staff122/deepfake_project/outputs_deepfake_project/dfdc_subset_77_jpg/test/fake/fake_000466.jpg,1.0,0.14258648455142975,0
/media/D1/ait_users/staff122/deepfake_project/outputs_deepfake_project/dfdc_subset_77_jpg/test/fake/fake_000467.jpg,1.0,0.3424775302410126,0
/media/D1/ait_users/staff122/deepfake_project/outputs_deepfake_project/dfdc_subset_77_jpg/test/fake/fake_000468.jpg,1.0,0.6351246237754822,1
/media/D1/ait_users/staff122/deepfake_project/outputs_deepfake_project/dfdc_subset_77_jpg/test/fake/fake_000469.jpg,1.0,0.9740059971809387,1
/media/D1/ait_users/staff122/deepfake_project/outputs_deepfake_project/dfdc_subset_77_jpg/test/fake/fake_000470.jpg,1.0,0.9802548289299011,1
/media/D1/ait_users/staff122/deepfake_project/outputs_deepfake_project/dfdc_subset_77_jpg/test/fake/fake_000471.jpg,1.0,0.9993618130683899,1
/media/D1/ait_users/staff122/deepfake_project/outputs_deepfake_project/dfdc_subset_77_jpg/test/fake/fake_000472.jpg,1.0,0.9582242965698242,1
/media/D1/ait_users/staff122/deepfake_project/outputs_deepfake_project/dfdc_subset_77_jpg/test/fake/fake_000473.jpg,1.0,0.24896973371505737,0
/media/D1/ait_users/staff122/deepfake_project/outputs_deepfake_project/dfdc_subset_77_jpg/test/fake/fake_000474.jpg,1.0,0.5446807742118835,1
/media/D1/ait_users/staff122/deepfake_project/outputs_deepfake_project/dfdc_subset_77_jpg/test/fake/fake_000475.jpg,1.0,0.9457041621208191,1
/media/D1/ait_users/staff122/deepfake_project/outputs_deepfake_project/dfdc_subset_77_jpg/test/fake/fake_000476.jpg,1.0,0.8734691143035889,1
/media/D1/ait_users/staff122/deepfake_project/outputs_deepfake_project/dfdc_subset_77_jpg/test/fake/fake_000477.jpg,1.0,0.9967924952507019,1
/media/D1/ait_users/staff122/deepfake_project/outputs_deepfake_project/dfdc_subset_77_jpg/test/fake/fake_000478.jpg,1.0,0.9855824708938599,1
/media/D1/ait_users/staff122/deepfake_project/outputs_deepfake_project/dfdc_subset_77_jpg/test/fake/fake_000479.jpg,1.0,0.02201385423541069,0
/media/D1/ait_users/staff122/deepfake_project/outputs_deepfake_project/dfdc_subset_77_jpg/test/fake/fake_000480.jpg,1.0,0.9981001019477844,1
/media/D1/ait_users/staff122/deepfake_project/outputs_deepfake_project/dfdc_subset_77_jpg/test/fake/fake_000481.jpg,1.0,0.9754970073699951,1
/media/D1/ait_users/staff122/deepfake_project/outputs_deepfake_project/dfdc_subset_77_jpg/test/fake/fake_000482.jpg,1.0,0.5959944128990173,1
/media/D1/ait_users/staff122/deepfake_project/outputs_deepfake_project/dfdc_subset_77_jpg/test/fake/fake_000483.jpg,1.0,0.9577208757400513,1
/media/D1/ait_users/staff122/deepfake_project/outputs_deepfake_project/dfdc_subset_77_jpg/test/fake/fake_000484.jpg,1.0,0.6124550104141235,1
/media/D1/ait_users/staff122/deepfake_project/outputs_deepfake_project/dfdc_subset_77_jpg/test/fake/fake_000485.jpg,1.0,0.6226446628570557,1
/media/D1/ait_users/staff122/deepfake_project/outputs_deepfake_project/dfdc_subset_77_jpg/test/fake/fake_000486.jpg,1.0,0.9227388501167297,1
/media/D1/ait_users/staff122/deepfake_project/outputs_deepfake_project/dfdc_subset_77_jpg/test/fake/fake_000487.jpg,1.0,0.4772396981716156,0
/media/D1/ait_users/staff122/deepfake_project/outputs_deepfake_project/dfdc_subset_77_jpg/test/fake/fake_000488.jpg,1.0,0.9674969911575317,1
/media/D1/ait_users/staff122/deepfake_project/outputs_deepfake_project/dfdc_subset_77_jpg/test/fake/fake_000489.jpg,1.0,0.9988083839416504,1
/media/D1/ait_users/staff122/deepfake_project/outputs_deepfake_project/dfdc_subset_77_jpg/test/fake/fake_000490.jpg,1.0,0.9875172972679138,1
/media/D1/ait_users/staff122/deepfake_project/outputs_deepfake_project/dfdc_subset_77_jpg/test/fake/fake_000491.jpg,1.0,0.8363509178161621,1
/media/D1/ait_users/staff122/deepfake_project/outputs_deepfake_project/dfdc_subset_77_jpg/test/fake/fake_000492.jpg,1.0,0.3466147482395172,0
/media/D1/ait_users/staff122/deepfake_project/outputs_deepfake_project/dfdc_subset_77_jpg/test/fake/fake_000493.jpg,1.0,0.9985077977180481,1
/media/D1/ait_users/staff122/deepfake_project/outputs_deepfake_project/dfdc_subset_77_jpg/test/fake/fake_000494.jpg,1.0,0.9971160888671875,1
/media/D1/ait_users/staff122/deepfake_project/outputs_deepfake_project/dfdc_subset_77_jpg/test/fake/fake_000495.jpg,1.0,0.8584249019622803,1
/media/D1/ait_users/staff122/deepfake_project/outputs_deepfake_project/dfdc_subset_77_jpg/test/fake/fake_000496.jpg,1.0,0.9959530830383301,1
/media/D1/ait_users/staff122/deepfake_project/outputs_deepfake_project/dfdc_subset_77_jpg/test/fake/fake_000497.jpg,1.0,0.8021195530891418,1
/media/D1/ait_users/staff122/deepfake_project/outputs_deepfake_project/dfdc_subset_77_jpg/test/fake/fake_000498.jpg,1.0,0.8004438877105713,1
/media/D1/ait_users/staff122/deepfake_project/outputs_deepfake_project/dfdc_subset_77_jpg/test/fake/fake_000499.jpg,1.0,0.41804277896881104,0
/media/D1/ait_users/staff122/deepfake_project/outputs_deepfake_project/dfdc_subset_77_jpg/test/fake/fake_000500.jpg,1.0,0.9830013513565063,1
/media/D1/ait_users/staff122/deepfake_project/outputs_deepfake_project/dfdc_subset_77_jpg/test/fake/fake_000501.jpg,1.0,0.9831857681274414,1
/media/D1/ait_users/staff122/deepfake_project/outputs_deepfake_project/dfdc_subset_77_jpg/test/fake/fake_000502.jpg,1.0,0.995966911315918,1
/media/D1/ait_users/staff122/deepfake_project/outputs_deepfake_project/dfdc_subset_77_jpg/test/fake/fake_000503.jpg,1.0,0.9896571040153503,1
/media/D1/ait_users/staff122/deepfake_project/outputs_deepfake_project/dfdc_subset_77_jpg/test/fake/fake_000504.jpg,1.0,0.9876311421394348,1
/media/D1/ait_users/staff122/deepfake_project/outputs_deepfake_project/dfdc_subset_77_jpg/test/fake/fake_000505.jpg,1.0,0.9993454813957214,1
/media/D1/ait_users/staff122/deepfake_project/outputs_deepfake_project/dfdc_subset_77_jpg/test/fake/fake_000506.jpg,1.0,0.9961284399032593,1
/media/D1/ait_users/staff122/deepfake_project/outputs_deepfake_project/dfdc_subset_77_jpg/test/fake/fake_000507.jpg,1.0,0.9973795413970947,1
/media/D1/ait_users/staff122/deepfake_project/outputs_deepfake_project/dfdc_subset_77_jpg/test/fake/fake_000508.jpg,1.0,0.9970194697380066,1
/media/D1/ait_users/staff122/deepfake_project/outputs_deepfake_project/dfdc_subset_77_jpg/test/fake/fake_000509.jpg,1.0,0.9040709733963013,1
/media/D1/ait_users/staff122/deepfake_project/outputs_deepfake_project/dfdc_subset_77_jpg/test/fake/fake_000510.jpg,1.0,0.997161865234375,1
/media/D1/ait_users/staff122/deepfake_project/outputs_deepfake_project/dfdc_subset_77_jpg/test/fake/fake_000511.jpg,1.0,0.9981301426887512,1
/media/D1/ait_users/staff122/deepfake_project/outputs_deepfake_project/dfdc_subset_77_jpg/test/fake/fake_000512.jpg,1.0,0.807515561580658,1
/media/D1/ait_users/staff122/deepfake_project/outputs_deepfake_project/dfdc_subset_77_jpg/test/fake/fake_000513.jpg,1.0,0.9958186745643616,1
/media/D1/ait_users/staff122/deepfake_project/outputs_deepfake_project/dfdc_subset_77_jpg/test/fake/fake_000514.jpg,1.0,0.8674653768539429,1
/media/D1/ait_users/staff122/deepfake_project/outputs_deepfake_project/dfdc_subset_77_jpg/test/fake/fake_000515.jpg,1.0,0.3961716890335083,0
/media/D1/ait_users/staff122/deepfake_project/outputs_deepfake_project/dfdc_subset_77_jpg/test/fake/fake_000516.jpg,1.0,0.8818100690841675,1
/media/D1/ait_users/staff122/deepfake_project/outputs_deepfake_project/dfdc_subset_77_jpg/test/fake/fake_000517.jpg,1.0,0.8380322456359863,1
/media/D1/ait_users/staff122/deepfake_project/outputs_deepfake_project/dfdc_subset_77_jpg/test/fake/fake_000518.jpg,1.0,0.3634454011917114,0
/media/D1/ait_users/staff122/deepfake_project/outputs_deepfake_project/dfdc_subset_77_jpg/test/fake/fake_000519.jpg,1.0,0.8564029335975647,1
/media/D1/ait_users/staff122/deepfake_project/outputs_deepfake_project/dfdc_subset_77_jpg/test/fake/fake_000520.jpg,1.0,0.9758681058883667,1
/media/D1/ait_users/staff122/deepfake_project/outputs_deepfake_project/dfdc_subset_77_jpg/test/fake/fake_000521.jpg,1.0,0.9277923703193665,1
/media/D1/ait_users/staff122/deepfake_project/outputs_deepfake_project/dfdc_subset_77_jpg/test/fake/fake_000522.jpg,1.0,0.5899981260299683,1
/media/D1/ait_users/staff122/deepfake_project/outputs_deepfake_project/dfdc_subset_77_jpg/test/fake/fake_000523.jpg,1.0,0.828767716884613,1
/media/D1/ait_users/staff122/deepfake_project/outputs_deepfake_project/dfdc_subset_77_jpg/test/fake/fake_000524.jpg,1.0,0.6292882561683655,1
/media/D1/ait_users/staff122/deepfake_project/outputs_deepfake_project/dfdc_subset_77_jpg/test/fake/fake_000525.jpg,1.0,0.6889550089836121,1
/media/D1/ait_users/staff122/deepfake_project/outputs_deepfake_project/dfdc_subset_77_jpg/test/fake/fake_000526.jpg,1.0,0.7059919834136963,1
/media/D1/ait_users/staff122/deepfake_project/outputs_deepfake_project/dfdc_subset_77_jpg/test/fake/fake_000527.jpg,1.0,0.7921618223190308,1
/media/D1/ait_users/staff122/deepfake_project/outputs_deepfake_project/dfdc_subset_77_jpg/test/fake/fake_000528.jpg,1.0,0.9882396459579468,1
/media/D1/ait_users/staff122/deepfake_project/outputs_deepfake_project/dfdc_subset_77_jpg/test/fake/fake_000529.jpg,1.0,0.9855687022209167,1
/media/D1/ait_users/staff122/deepfake_project/outputs_deepfake_project/dfdc_subset_77_jpg/test/fake/fake_000530.jpg,1.0,0.5235187411308289,1
/media/D1/ait_users/staff122/deepfake_project/outputs_deepfake_project/dfdc_subset_77_jpg/test/fake/fake_000531.jpg,1.0,0.9185054302215576,1
/media/D1/ait_users/staff122/deepfake_project/outputs_deepfake_project/dfdc_subset_77_jpg/test/fake/fake_000532.jpg,1.0,0.9038451910018921,1
/media/D1/ait_users/staff122/deepfake_project/outputs_deepfake_project/dfdc_subset_77_jpg/test/fake/fake_000533.jpg,1.0,0.9639020562171936,1
/media/D1/ait_users/staff122/deepfake_project/outputs_deepfake_project/dfdc_subset_77_jpg/test/fake/fake_000534.jpg,1.0,0.439676433801651,0
/media/D1/ait_users/staff122/deepfake_project/outputs_deepfake_project/dfdc_subset_77_jpg/test/fake/fake_000535.jpg,1.0,0.4247159957885742,0
/media/D1/ait_users/staff122/deepfake_project/outputs_deepfake_project/dfdc_subset_77_jpg/test/fake/fake_000536.jpg,1.0,0.3671591579914093,0
/media/D1/ait_users/staff122/deepfake_project/outputs_deepfake_project/dfdc_subset_77_jpg/test/fake/fake_000537.jpg,1.0,0.40062960982322693,0
/media/D1/ait_users/staff122/deepfake_project/outputs_deepfake_project/dfdc_subset_77_jpg/test/fake/fake_000538.jpg,1.0,0.9482106566429138,1
/media/D1/ait_users/staff122/deepfake_project/outputs_deepfake_project/dfdc_subset_77_jpg/test/fake/fake_000539.jpg,1.0,0.8361735939979553,1
/media/D1/ait_users/staff122/deepfake_project/outputs_deepfake_project/dfdc_subset_77_jpg/test/fake/fake_000540.jpg,1.0,0.4511873126029968,0
/media/D1/ait_users/staff122/deepfake_project/outputs_deepfake_project/dfdc_subset_77_jpg/test/fake/fake_000541.jpg,1.0,0.6178082227706909,1
/media/D1/ait_users/staff122/deepfake_project/outputs_deepfake_project/dfdc_subset_77_jpg/test/fake/fake_000542.jpg,1.0,0.9719470739364624,1
/media/D1/ait_users/staff122/deepfake_project/outputs_deepfake_project/dfdc_subset_77_jpg/test/fake/fake_000543.jpg,1.0,0.9589568376541138,1
/media/D1/ait_users/staff122/deepfake_project/outputs_deepfake_project/dfdc_subset_77_jpg/test/fake/fake_000544.jpg,1.0,0.9198532104492188,1
/media/D1/ait_users/staff122/deepfake_project/outputs_deepfake_project/dfdc_subset_77_jpg/test/fake/fake_000545.jpg,1.0,0.9599295258522034,1
/media/D1/ait_users/staff122/deepfake_project/outputs_deepfake_project/dfdc_subset_77_jpg/test/fake/fake_000546.jpg,1.0,0.932895839214325,1
/media/D1/ait_users/staff122/deepfake_project/outputs_deepfake_project/dfdc_subset_77_jpg/test/fake/fake_000547.jpg,1.0,0.7598907351493835,1
/media/D1/ait_users/staff122/deepfake_project/outputs_deepfake_project/dfdc_subset_77_jpg/test/fake/fake_000548.jpg,1.0,0.24195809662342072,0
/media/D1/ait_users/staff122/deepfake_project/outputs_deepfake_project/dfdc_subset_77_jpg/test/fake/fake_000549.jpg,1.0,0.9542201161384583,1
/media/D1/ait_users/staff122/deepfake_project/outputs_deepfake_project/dfdc_subset_77_jpg/test/fake/fake_000550.jpg,1.0,0.3506712317466736,0
/media/D1/ait_users/staff122/deepfake_project/outputs_deepfake_project/dfdc_subset_77_jpg/test/fake/fake_000551.jpg,1.0,0.4870612323284149,0
/media/D1/ait_users/staff122/deepfake_project/outputs_deepfake_project/dfdc_subset_77_jpg/test/fake/fake_000552.jpg,1.0,0.9348999857902527,1
/media/D1/ait_users/staff122/deepfake_project/outputs_deepfake_project/dfdc_subset_77_jpg/test/fake/fake_000553.jpg,1.0,0.8490492105484009,1
/media/D1/ait_users/staff122/deepfake_project/outputs_deepfake_project/dfdc_subset_77_jpg/test/fake/fake_000554.jpg,1.0,0.7682242393493652,1
/media/D1/ait_users/staff122/deepfake_project/outputs_deepfake_project/dfdc_subset_77_jpg/test/fake/fake_000555.jpg,1.0,0.8638820052146912,1
/media/D1/ait_users/staff122/deepfake_project/outputs_deepfake_project/dfdc_subset_77_jpg/test/fake/fake_000556.jpg,1.0,0.1593550145626068,0
/media/D1/ait_users/staff122/deepfake_project/outputs_deepfake_project/dfdc_subset_77_jpg/test/fake/fake_000557.jpg,1.0,0.12712261080741882,0
/media/D1/ait_users/staff122/deepfake_project/outputs_deepfake_project/dfdc_subset_77_jpg/test/fake/fake_000558.jpg,1.0,0.07294301688671112,0
/media/D1/ait_users/staff122/deepfake_project/outputs_deepfake_project/dfdc_subset_77_jpg/test/fake/fake_000559.jpg,1.0,0.9123539924621582,1
/media/D1/ait_users/staff122/deepfake_project/outputs_deepfake_project/dfdc_subset_77_jpg/test/fake/fake_000560.jpg,1.0,0.886654794216156,1
/media/D1/ait_users/staff122/deepfake_project/outputs_deepfake_project/dfdc_subset_77_jpg/test/fake/fake_000561.jpg,1.0,0.9894870519638062,1
/media/D1/ait_users/staff122/deepfake_project/outputs_deepfake_project/dfdc_subset_77_jpg/test/fake/fake_000562.jpg,1.0,0.1389523148536682,0
/media/D1/ait_users/staff122/deepfake_project/outputs_deepfake_project/dfdc_subset_77_jpg/test/fake/fake_000563.jpg,1.0,0.8856825828552246,1
/media/D1/ait_users/staff122/deepfake_project/outputs_deepfake_project/dfdc_subset_77_jpg/test/fake/fake_000564.jpg,1.0,0.9001614451408386,1
/media/D1/ait_users/staff122/deepfake_project/outputs_deepfake_project/dfdc_subset_77_jpg/test/fake/fake_000565.jpg,1.0,0.6672453880310059,1
/media/D1/ait_users/staff122/deepfake_project/outputs_deepfake_project/dfdc_subset_77_jpg/test/fake/fake_000566.jpg,1.0,0.9330032467842102,1
/media/D1/ait_users/staff122/deepfake_project/outputs_deepfake_project/dfdc_subset_77_jpg/test/fake/fake_000567.jpg,1.0,0.15091995894908905,0
/media/D1/ait_users/staff122/deepfake_project/outputs_deepfake_project/dfdc_subset_77_jpg/test/fake/fake_000568.jpg,1.0,0.8452563285827637,1
/media/D1/ait_users/staff122/deepfake_project/outputs_deepfake_project/dfdc_subset_77_jpg/test/fake/fake_000569.jpg,1.0,0.41463562846183777,0
/media/D1/ait_users/staff122/deepfake_project/outputs_deepfake_project/dfdc_subset_77_jpg/test/fake/fake_000570.jpg,1.0,0.5596891045570374,1
/media/D1/ait_users/staff122/deepfake_project/outputs_deepfake_project/dfdc_subset_77_jpg/test/fake/fake_000571.jpg,1.0,0.940973162651062,1
/media/D1/ait_users/staff122/deepfake_project/outputs_deepfake_project/dfdc_subset_77_jpg/test/fake/fake_000572.jpg,1.0,0.8666446208953857,1
/media/D1/ait_users/staff122/deepfake_project/outputs_deepfake_project/dfdc_subset_77_jpg/test/fake/fake_000573.jpg,1.0,0.7862727046012878,1
/media/D1/ait_users/staff122/deepfake_project/outputs_deepfake_project/dfdc_subset_77_jpg/test/fake/fake_000574.jpg,1.0,0.7592337727546692,1
/media/D1/ait_users/staff122/deepfake_project/outputs_deepfake_project/dfdc_subset_77_jpg/test/fake/fake_000575.jpg,1.0,0.4164433777332306,0
/media/D1/ait_users/staff122/deepfake_project/outputs_deepfake_project/dfdc_subset_77_jpg/test/fake/fake_000576.jpg,1.0,0.995938777923584,1
/media/D1/ait_users/staff122/deepfake_project/outputs_deepfake_project/dfdc_subset_77_jpg/test/fake/fake_000577.jpg,1.0,0.9917657971382141,1
/media/D1/ait_users/staff122/deepfake_project/outputs_deepfake_project/dfdc_subset_77_jpg/test/fake/fake_000578.jpg,1.0,0.9893825054168701,1
/media/D1/ait_users/staff122/deepfake_project/outputs_deepfake_project/dfdc_subset_77_jpg/test/fake/fake_000579.jpg,1.0,0.9977978467941284,1
/media/D1/ait_users/staff122/deepfake_project/outputs_deepfake_project/dfdc_subset_77_jpg/test/fake/fake_000580.jpg,1.0,0.9675945043563843,1
/media/D1/ait_users/staff122/deepfake_project/outputs_deepfake_project/dfdc_subset_77_jpg/test/fake/fake_000581.jpg,1.0,0.9934788942337036,1
/media/D1/ait_users/staff122/deepfake_project/outputs_deepfake_project/dfdc_subset_77_jpg/test/fake/fake_000582.jpg,1.0,0.9788387417793274,1
/media/D1/ait_users/staff122/deepfake_project/outputs_deepfake_project/dfdc_subset_77_jpg/test/fake/fake_000583.jpg,1.0,0.8148841261863708,1
/media/D1/ait_users/staff122/deepfake_project/outputs_deepfake_project/dfdc_subset_77_jpg/test/fake/fake_000584.jpg,1.0,0.9965308308601379,1
/media/D1/ait_users/staff122/deepfake_project/outputs_deepfake_project/dfdc_subset_77_jpg/test/fake/fake_000585.jpg,1.0,0.9982300400733948,1
/media/D1/ait_users/staff122/deepfake_project/outputs_deepfake_project/dfdc_subset_77_jpg/test/fake/fake_000586.jpg,1.0,0.9891809821128845,1
/media/D1/ait_users/staff122/deepfake_project/outputs_deepfake_project/dfdc_subset_77_jpg/test/fake/fake_000587.jpg,1.0,0.5388988256454468,1
/media/D1/ait_users/staff122/deepfake_project/outputs_deepfake_project/dfdc_subset_77_jpg/test/fake/fake_000588.jpg,1.0,0.9397776126861572,1
/media/D1/ait_users/staff122/deepfake_project/outputs_deepfake_project/dfdc_subset_77_jpg/test/fake/fake_000589.jpg,1.0,0.9534116983413696,1
/media/D1/ait_users/staff122/deepfake_project/outputs_deepfake_project/dfdc_subset_77_jpg/test/fake/fake_000590.jpg,1.0,0.9964064955711365,1
/media/D1/ait_users/staff122/deepfake_project/outputs_deepfake_project/dfdc_subset_77_jpg/test/fake/fake_000591.jpg,1.0,0.9970927238464355,1
/media/D1/ait_users/staff122/deepfake_project/outputs_deepfake_project/dfdc_subset_77_jpg/test/fake/fake_000592.jpg,1.0,0.5827378630638123,1
/media/D1/ait_users/staff122/deepfake_project/outputs_deepfake_project/dfdc_subset_77_jpg/test/fake/fake_000593.jpg,1.0,0.7459682822227478,1
/media/D1/ait_users/staff122/deepfake_project/outputs_deepfake_project/dfdc_subset_77_jpg/test/fake/fake_000594.jpg,1.0,0.9977123737335205,1
/media/D1/ait_users/staff122/deepfake_project/outputs_deepfake_project/dfdc_subset_77_jpg/test/fake/fake_000595.jpg,1.0,0.9884856939315796,1
/media/D1/ait_users/staff122/deepfake_project/outputs_deepfake_project/dfdc_subset_77_jpg/test/fake/fake_000596.jpg,1.0,0.9966959953308105,1
/media/D1/ait_users/staff122/deepfake_project/outputs_deepfake_project/dfdc_subset_77_jpg/test/fake/fake_000597.jpg,1.0,0.978490948677063,1
/media/D1/ait_users/staff122/deepfake_project/outputs_deepfake_project/dfdc_subset_77_jpg/test/fake/fake_000598.jpg,1.0,0.9976723790168762,1
/media/D1/ait_users/staff122/deepfake_project/outputs_deepfake_project/dfdc_subset_77_jpg/test/fake/fake_000599.jpg,1.0,0.9774349927902222,1
/media/D1/ait_users/staff122/deepfake_project/outputs_deepfake_project/dfdc_subset_77_jpg/test/fake/fake_000600.jpg,1.0,0.9985085129737854,1
/media/D1/ait_users/staff122/deepfake_project/outputs_deepfake_project/dfdc_subset_77_jpg/test/fake/fake_000601.jpg,1.0,0.9992006421089172,1
/media/D1/ait_users/staff122/deepfake_project/outputs_deepfake_project/dfdc_subset_77_jpg/test/fake/fake_000602.jpg,1.0,0.9984057545661926,1
/media/D1/ait_users/staff122/deepfake_project/outputs_deepfake_project/dfdc_subset_77_jpg/test/fake/fake_000603.jpg,1.0,0.9959180951118469,1
/media/D1/ait_users/staff122/deepfake_project/outputs_deepfake_project/dfdc_subset_77_jpg/test/fake/fake_000604.jpg,1.0,0.9983781576156616,1
/media/D1/ait_users/staff122/deepfake_project/outputs_deepfake_project/dfdc_subset_77_jpg/test/fake/fake_000605.jpg,1.0,0.9487136602401733,1
/media/D1/ait_users/staff122/deepfake_project/outputs_deepfake_project/dfdc_subset_77_jpg/test/fake/fake_000606.jpg,1.0,0.9076839089393616,1
/media/D1/ait_users/staff122/deepfake_project/outputs_deepfake_project/dfdc_subset_77_jpg/test/fake/fake_000607.jpg,1.0,0.985116183757782,1
/media/D1/ait_users/staff122/deepfake_project/outputs_deepfake_project/dfdc_subset_77_jpg/test/fake/fake_000608.jpg,1.0,0.9848732948303223,1
/media/D1/ait_users/staff122/deepfake_project/outputs_deepfake_project/dfdc_subset_77_jpg/test/fake/fake_000609.jpg,1.0,0.9916552305221558,1
/media/D1/ait_users/staff122/deepfake_project/outputs_deepfake_project/dfdc_subset_77_jpg/test/fake/fake_000610.jpg,1.0,0.9295376539230347,1
/media/D1/ait_users/staff122/deepfake_project/outputs_deepfake_project/dfdc_subset_77_jpg/test/fake/fake_000611.jpg,1.0,0.9802112579345703,1
/media/D1/ait_users/staff122/deepfake_project/outputs_deepfake_project/dfdc_subset_77_jpg/test/fake/fake_000612.jpg,1.0,0.9979191422462463,1
/media/D1/ait_users/staff122/deepfake_project/outputs_deepfake_project/dfdc_subset_77_jpg/test/fake/fake_000613.jpg,1.0,0.9974910020828247,1
/media/D1/ait_users/staff122/deepfake_project/outputs_deepfake_project/dfdc_subset_77_jpg/test/fake/fake_000614.jpg,1.0,0.994225800037384,1
/media/D1/ait_users/staff122/deepfake_project/outputs_deepfake_project/dfdc_subset_77_jpg/test/fake/fake_000615.jpg,1.0,0.9966579675674438,1
/media/D1/ait_users/staff122/deepfake_project/outputs_deepfake_project/dfdc_subset_77_jpg/test/fake/fake_000616.jpg,1.0,0.9974766373634338,1
/media/D1/ait_users/staff122/deepfake_project/outputs_deepfake_project/dfdc_subset_77_jpg/test/fake/fake_000617.jpg,1.0,0.9920853972434998,1
/media/D1/ait_users/staff122/deepfake_project/outputs_deepfake_project/dfdc_subset_77_jpg/test/fake/fake_000618.jpg,1.0,0.9215201139450073,1
/media/D1/ait_users/staff122/deepfake_project/outputs_deepfake_project/dfdc_subset_77_jpg/test/fake/fake_000619.jpg,1.0,0.9792073369026184,1
/media/D1/ait_users/staff122/deepfake_project/outputs_deepfake_project/dfdc_subset_77_jpg/test/fake/fake_000620.jpg,1.0,0.9765766859054565,1
/media/D1/ait_users/staff122/deepfake_project/outputs_deepfake_project/dfdc_subset_77_jpg/test/fake/fake_000621.jpg,1.0,0.9949952363967896,1
/media/D1/ait_users/staff122/deepfake_project/outputs_deepfake_project/dfdc_subset_77_jpg/test/fake/fake_000622.jpg,1.0,0.8753869533538818,1
/media/D1/ait_users/staff122/deepfake_project/outputs_deepfake_project/dfdc_subset_77_jpg/test/fake/fake_000623.jpg,1.0,0.9961370825767517,1
/media/D1/ait_users/staff122/deepfake_project/outputs_deepfake_project/dfdc_subset_77_jpg/test/fake/fake_000624.jpg,1.0,0.9981914162635803,1
/media/D1/ait_users/staff122/deepfake_project/outputs_deepfake_project/dfdc_subset_77_jpg/test/fake/fake_000625.jpg,1.0,0.9548799395561218,1
/media/D1/ait_users/staff122/deepfake_project/outputs_deepfake_project/dfdc_subset_77_jpg/test/fake/fake_000626.jpg,1.0,0.9856833815574646,1
/media/D1/ait_users/staff122/deepfake_project/outputs_deepfake_project/dfdc_subset_77_jpg/test/fake/fake_000627.jpg,1.0,0.7228296995162964,1
/media/D1/ait_users/staff122/deepfake_project/outputs_deepfake_project/dfdc_subset_77_jpg/test/fake/fake_000628.jpg,1.0,0.9954083561897278,1
/media/D1/ait_users/staff122/deepfake_project/outputs_deepfake_project/dfdc_subset_77_jpg/test/fake/fake_000629.jpg,1.0,0.9637929201126099,1
/media/D1/ait_users/staff122/deepfake_project/outputs_deepfake_project/dfdc_subset_77_jpg/test/fake/fake_000630.jpg,1.0,0.9841220378875732,1
/media/D1/ait_users/staff122/deepfake_project/outputs_deepfake_project/dfdc_subset_77_jpg/test/fake/fake_000631.jpg,1.0,0.8913076519966125,1
/media/D1/ait_users/staff122/deepfake_project/outputs_deepfake_project/dfdc_subset_77_jpg/test/fake/fake_000632.jpg,1.0,0.9922950267791748,1
/media/D1/ait_users/staff122/deepfake_project/outputs_deepfake_project/dfdc_subset_77_jpg/test/fake/fake_000633.jpg,1.0,0.8841127157211304,1
/media/D1/ait_users/staff122/deepfake_project/outputs_deepfake_project/dfdc_subset_77_jpg/test/fake/fake_000634.jpg,1.0,0.9938526153564453,1
/media/D1/ait_users/staff122/deepfake_project/outputs_deepfake_project/dfdc_subset_77_jpg/test/fake/fake_000635.jpg,1.0,0.8291049003601074,1
/media/D1/ait_users/staff122/deepfake_project/outputs_deepfake_project/dfdc_subset_77_jpg/test/fake/fake_000636.jpg,1.0,0.8437276482582092,1
/media/D1/ait_users/staff122/deepfake_project/outputs_deepfake_project/dfdc_subset_77_jpg/test/fake/fake_000637.jpg,1.0,0.8577031493186951,1
/media/D1/ait_users/staff122/deepfake_project/outputs_deepfake_project/dfdc_subset_77_jpg/test/fake/fake_000638.jpg,1.0,0.5358616709709167,1
/media/D1/ait_users/staff122/deepfake_project/outputs_deepfake_project/dfdc_subset_77_jpg/test/fake/fake_000639.jpg,1.0,0.7430762052536011,1
/media/D1/ait_users/staff122/deepfake_project/outputs_deepfake_project/dfdc_subset_77_jpg/test/fake/fake_000640.jpg,1.0,0.006693186238408089,0
/media/D1/ait_users/staff122/deepfake_project/outputs_deepfake_project/dfdc_subset_77_jpg/test/fake/fake_000641.jpg,1.0,0.0033985141199082136,0
/media/D1/ait_users/staff122/deepfake_project/outputs_deepfake_project/dfdc_subset_77_jpg/test/fake/fake_000642.jpg,1.0,0.0013302331790328026,0
/media/D1/ait_users/staff122/deepfake_project/outputs_deepfake_project/dfdc_subset_77_jpg/test/fake/fake_000643.jpg,1.0,0.0011743047507479787,0
/media/D1/ait_users/staff122/deepfake_project/outputs_deepfake_project/dfdc_subset_77_jpg/test/fake/fake_000644.jpg,1.0,0.0014956631930544972,0
/media/D1/ait_users/staff122/deepfake_project/outputs_deepfake_project/dfdc_subset_77_jpg/test/fake/fake_000645.jpg,1.0,0.004667780362069607,0
/media/D1/ait_users/staff122/deepfake_project/outputs_deepfake_project/dfdc_subset_77_jpg/test/fake/fake_000646.jpg,1.0,0.0065399399027228355,0
/media/D1/ait_users/staff122/deepfake_project/outputs_deepfake_project/dfdc_subset_77_jpg/test/fake/fake_000647.jpg,1.0,0.0024260575883090496,0
/media/D1/ait_users/staff122/deepfake_project/outputs_deepfake_project/dfdc_subset_77_jpg/test/fake/fake_000648.jpg,1.0,0.008923698216676712,0
/media/D1/ait_users/staff122/deepfake_project/outputs_deepfake_project/dfdc_subset_77_jpg/test/fake/fake_000649.jpg,1.0,0.3032839000225067,0
/media/D1/ait_users/staff122/deepfake_project/outputs_deepfake_project/dfdc_subset_77_jpg/test/fake/fake_000650.jpg,1.0,0.32607412338256836,0
/media/D1/ait_users/staff122/deepfake_project/outputs_deepfake_project/dfdc_subset_77_jpg/test/fake/fake_000651.jpg,1.0,0.051841676235198975,0
/media/D1/ait_users/staff122/deepfake_project/outputs_deepfake_project/dfdc_subset_77_jpg/test/fake/fake_000652.jpg,1.0,0.14926554262638092,0
/media/D1/ait_users/staff122/deepfake_project/outputs_deepfake_project/dfdc_subset_77_jpg/test/fake/fake_000653.jpg,1.0,0.188214972615242,0
/media/D1/ait_users/staff122/deepfake_project/outputs_deepfake_project/dfdc_subset_77_jpg/test/fake/fake_000654.jpg,1.0,0.9764320850372314,1
/media/D1/ait_users/staff122/deepfake_project/outputs_deepfake_project/dfdc_subset_77_jpg/test/fake/fake_000655.jpg,1.0,0.9877408146858215,1
/media/D1/ait_users/staff122/deepfake_project/outputs_deepfake_project/dfdc_subset_77_jpg/test/fake/fake_000656.jpg,1.0,0.005733874626457691,0
/media/D1/ait_users/staff122/deepfake_project/outputs_deepfake_project/dfdc_subset_77_jpg/test/fake/fake_000657.jpg,1.0,0.013598194345831871,0
/media/D1/ait_users/staff122/deepfake_project/outputs_deepfake_project/dfdc_subset_77_jpg/test/fake/fake_000658.jpg,1.0,0.019574563950300217,0
/media/D1/ait_users/staff122/deepfake_project/outputs_deepfake_project/dfdc_subset_77_jpg/test/fake/fake_000659.jpg,1.0,0.005429172422736883,0
/media/D1/ait_users/staff122/deepfake_project/outputs_deepfake_project/dfdc_subset_77_jpg/test/fake/fake_000660.jpg,1.0,0.23314644396305084,0
/media/D1/ait_users/staff122/deepfake_project/outputs_deepfake_project/dfdc_subset_77_jpg/test/fake/fake_000661.jpg,1.0,0.9950245022773743,1
/media/D1/ait_users/staff122/deepfake_project/outputs_deepfake_project/dfdc_subset_77_jpg/test/fake/fake_000662.jpg,1.0,0.36611151695251465,0
/media/D1/ait_users/staff122/deepfake_project/outputs_deepfake_project/dfdc_subset_77_jpg/test/fake/fake_000663.jpg,1.0,0.17696478962898254,0
/media/D1/ait_users/staff122/deepfake_project/outputs_deepfake_project/dfdc_subset_77_jpg/test/fake/fake_000664.jpg,1.0,0.015404649078845978,0
/media/D1/ait_users/staff122/deepfake_project/outputs_deepfake_project/dfdc_subset_77_jpg/test/fake/fake_000665.jpg,1.0,0.0034228975418955088,0
/media/D1/ait_users/staff122/deepfake_project/outputs_deepfake_project/dfdc_subset_77_jpg/test/fake/fake_000666.jpg,1.0,0.0034274321515113115,0
/media/D1/ait_users/staff122/deepfake_project/outputs_deepfake_project/dfdc_subset_77_jpg/test/fake/fake_000667.jpg,1.0,0.9580608010292053,1
/media/D1/ait_users/staff122/deepfake_project/outputs_deepfake_project/dfdc_subset_77_jpg/test/fake/fake_000668.jpg,1.0,0.9984703660011292,1
/media/D1/ait_users/staff122/deepfake_project/outputs_deepfake_project/dfdc_subset_77_jpg/test/fake/fake_000669.jpg,1.0,0.998173713684082,1
/media/D1/ait_users/staff122/deepfake_project/outputs_deepfake_project/dfdc_subset_77_jpg/test/fake/fake_000670.jpg,1.0,0.9249606728553772,1
/media/D1/ait_users/staff122/deepfake_project/outputs_deepfake_project/dfdc_subset_77_jpg/test/fake/fake_000671.jpg,1.0,0.020763957872986794,0
/media/D1/ait_users/staff122/deepfake_project/outputs_deepfake_project/dfdc_subset_77_jpg/test/fake/fake_000672.jpg,1.0,0.9791836738586426,1
/media/D1/ait_users/staff122/deepfake_project/outputs_deepfake_project/dfdc_subset_77_jpg/test/fake/fake_000673.jpg,1.0,0.6498667597770691,1
/media/D1/ait_users/staff122/deepfake_project/outputs_deepfake_project/dfdc_subset_77_jpg/test/fake/fake_000674.jpg,1.0,0.3007068932056427,0
/media/D1/ait_users/staff122/deepfake_project/outputs_deepfake_project/dfdc_subset_77_jpg/test/fake/fake_000675.jpg,1.0,0.6515101194381714,1
/media/D1/ait_users/staff122/deepfake_project/outputs_deepfake_project/dfdc_subset_77_jpg/test/fake/fake_000676.jpg,1.0,0.8938140273094177,1
/media/D1/ait_users/staff122/deepfake_project/outputs_deepfake_project/dfdc_subset_77_jpg/test/fake/fake_000677.jpg,1.0,0.7741403579711914,1
/media/D1/ait_users/staff122/deepfake_project/outputs_deepfake_project/dfdc_subset_77_jpg/test/fake/fake_000678.jpg,1.0,0.8310711979866028,1
/media/D1/ait_users/staff122/deepfake_project/outputs_deepfake_project/dfdc_subset_77_jpg/test/fake/fake_000679.jpg,1.0,0.9861904382705688,1
/media/D1/ait_users/staff122/deepfake_project/outputs_deepfake_project/dfdc_subset_77_jpg/test/fake/fake_000680.jpg,1.0,0.9821047186851501,1
/media/D1/ait_users/staff122/deepfake_project/outputs_deepfake_project/dfdc_subset_77_jpg/test/fake/fake_000681.jpg,1.0,0.9929543137550354,1
/media/D1/ait_users/staff122/deepfake_project/outputs_deepfake_project/dfdc_subset_77_jpg/test/fake/fake_000682.jpg,1.0,0.9813656806945801,1
/media/D1/ait_users/staff122/deepfake_project/outputs_deepfake_project/dfdc_subset_77_jpg/test/fake/fake_000683.jpg,1.0,0.8825233578681946,1
/media/D1/ait_users/staff122/deepfake_project/outputs_deepfake_project/dfdc_subset_77_jpg/test/fake/fake_000684.jpg,1.0,0.9836201667785645,1
/media/D1/ait_users/staff122/deepfake_project/outputs_deepfake_project/dfdc_subset_77_jpg/test/fake/fake_000685.jpg,1.0,0.9933468103408813,1
/media/D1/ait_users/staff122/deepfake_project/outputs_deepfake_project/dfdc_subset_77_jpg/test/fake/fake_000686.jpg,1.0,0.9868156313896179,1
/media/D1/ait_users/staff122/deepfake_project/outputs_deepfake_project/dfdc_subset_77_jpg/test/fake/fake_000687.jpg,1.0,0.9830747246742249,1
/media/D1/ait_users/staff122/deepfake_project/outputs_deepfake_project/dfdc_subset_77_jpg/test/fake/fake_000688.jpg,1.0,0.9950581789016724,1
/media/D1/ait_users/staff122/deepfake_project/outputs_deepfake_project/dfdc_subset_77_jpg/test/fake/fake_000689.jpg,1.0,0.8878814578056335,1
/media/D1/ait_users/staff122/deepfake_project/outputs_deepfake_project/dfdc_subset_77_jpg/test/fake/fake_000690.jpg,1.0,0.995958149433136,1
/media/D1/ait_users/staff122/deepfake_project/outputs_deepfake_project/dfdc_subset_77_jpg/test/fake/fake_000691.jpg,1.0,0.9749237895011902,1
/media/D1/ait_users/staff122/deepfake_project/outputs_deepfake_project/dfdc_subset_77_jpg/test/fake/fake_000692.jpg,1.0,0.9981826543807983,1
/media/D1/ait_users/staff122/deepfake_project/outputs_deepfake_project/dfdc_subset_77_jpg/test/fake/fake_000693.jpg,1.0,0.9952837824821472,1
/media/D1/ait_users/staff122/deepfake_project/outputs_deepfake_project/dfdc_subset_77_jpg/test/fake/fake_000694.jpg,1.0,0.9844613671302795,1
/media/D1/ait_users/staff122/deepfake_project/outputs_deepfake_project/dfdc_subset_77_jpg/test/fake/fake_000695.jpg,1.0,0.9774495363235474,1
/media/D1/ait_users/staff122/deepfake_project/outputs_deepfake_project/dfdc_subset_77_jpg/test/fake/fake_000696.jpg,1.0,0.9960662722587585,1
/media/D1/ait_users/staff122/deepfake_project/outputs_deepfake_project/dfdc_subset_77_jpg/test/fake/fake_000697.jpg,1.0,0.9966952800750732,1
/media/D1/ait_users/staff122/deepfake_project/outputs_deepfake_project/dfdc_subset_77_jpg/test/fake/fake_000698.jpg,1.0,0.9901026487350464,1
/media/D1/ait_users/staff122/deepfake_project/outputs_deepfake_project/dfdc_subset_77_jpg/test/fake/fake_000699.jpg,1.0,0.9524052143096924,1
/media/D1/ait_users/staff122/deepfake_project/outputs_deepfake_project/dfdc_subset_77_jpg/test/fake/fake_000700.jpg,1.0,0.9262609481811523,1
/media/D1/ait_users/staff122/deepfake_project/outputs_deepfake_project/dfdc_subset_77_jpg/test/fake/fake_000701.jpg,1.0,0.653852641582489,1
/media/D1/ait_users/staff122/deepfake_project/outputs_deepfake_project/dfdc_subset_77_jpg/test/fake/fake_000702.jpg,1.0,0.8867948055267334,1
/media/D1/ait_users/staff122/deepfake_project/outputs_deepfake_project/dfdc_subset_77_jpg/test/fake/fake_000703.jpg,1.0,0.6879854202270508,1
/media/D1/ait_users/staff122/deepfake_project/outputs_deepfake_project/dfdc_subset_77_jpg/test/fake/fake_000704.jpg,1.0,0.9955611228942871,1
/media/D1/ait_users/staff122/deepfake_project/outputs_deepfake_project/dfdc_subset_77_jpg/test/fake/fake_000705.jpg,1.0,0.9961073994636536,1
/media/D1/ait_users/staff122/deepfake_project/outputs_deepfake_project/dfdc_subset_77_jpg/test/fake/fake_000706.jpg,1.0,0.973969578742981,1
/media/D1/ait_users/staff122/deepfake_project/outputs_deepfake_project/dfdc_subset_77_jpg/test/fake/fake_000707.jpg,1.0,0.9668610095977783,1
/media/D1/ait_users/staff122/deepfake_project/outputs_deepfake_project/dfdc_subset_77_jpg/test/fake/fake_000708.jpg,1.0,0.9988445043563843,1
/media/D1/ait_users/staff122/deepfake_project/outputs_deepfake_project/dfdc_subset_77_jpg/test/fake/fake_000709.jpg,1.0,0.9994329810142517,1
/media/D1/ait_users/staff122/deepfake_project/outputs_deepfake_project/dfdc_subset_77_jpg/test/fake/fake_000710.jpg,1.0,0.9993139505386353,1
/media/D1/ait_users/staff122/deepfake_project/outputs_deepfake_project/dfdc_subset_77_jpg/test/fake/fake_000711.jpg,1.0,0.9988884329795837,1
/media/D1/ait_users/staff122/deepfake_project/outputs_deepfake_project/dfdc_subset_77_jpg/test/fake/fake_000712.jpg,1.0,0.9728883504867554,1
/media/D1/ait_users/staff122/deepfake_project/outputs_deepfake_project/dfdc_subset_77_jpg/test/fake/fake_000713.jpg,1.0,0.9973607659339905,1
/media/D1/ait_users/staff122/deepfake_project/outputs_deepfake_project/dfdc_subset_77_jpg/test/fake/fake_000714.jpg,1.0,0.9829334616661072,1
/media/D1/ait_users/staff122/deepfake_project/outputs_deepfake_project/dfdc_subset_77_jpg/test/fake/fake_000715.jpg,1.0,0.9897786974906921,1
/media/D1/ait_users/staff122/deepfake_project/outputs_deepfake_project/dfdc_subset_77_jpg/test/fake/fake_000716.jpg,1.0,0.9972653388977051,1
/media/D1/ait_users/staff122/deepfake_project/outputs_deepfake_project/dfdc_subset_77_jpg/test/fake/fake_000717.jpg,1.0,0.9957637786865234,1
/media/D1/ait_users/staff122/deepfake_project/outputs_deepfake_project/dfdc_subset_77_jpg/test/fake/fake_000718.jpg,1.0,0.9971375465393066,1
/media/D1/ait_users/staff122/deepfake_project/outputs_deepfake_project/dfdc_subset_77_jpg/test/fake/fake_000719.jpg,1.0,0.9965521097183228,1
/media/D1/ait_users/staff122/deepfake_project/outputs_deepfake_project/dfdc_subset_77_jpg/test/fake/fake_000720.jpg,1.0,0.9968202114105225,1
/media/D1/ait_users/staff122/deepfake_project/outputs_deepfake_project/dfdc_subset_77_jpg/test/fake/fake_000721.jpg,1.0,0.9897242784500122,1
/media/D1/ait_users/staff122/deepfake_project/outputs_deepfake_project/dfdc_subset_77_jpg/test/fake/fake_000722.jpg,1.0,0.9954498410224915,1
/media/D1/ait_users/staff122/deepfake_project/outputs_deepfake_project/dfdc_subset_77_jpg/test/fake/fake_000723.jpg,1.0,0.9987627267837524,1
/media/D1/ait_users/staff122/deepfake_project/outputs_deepfake_project/dfdc_subset_77_jpg/test/fake/fake_000724.jpg,1.0,0.9986696243286133,1
/media/D1/ait_users/staff122/deepfake_project/outputs_deepfake_project/dfdc_subset_77_jpg/test/fake/fake_000725.jpg,1.0,0.953681468963623,1
/media/D1/ait_users/staff122/deepfake_project/outputs_deepfake_project/dfdc_subset_77_jpg/test/fake/fake_000726.jpg,1.0,0.9350186586380005,1
/media/D1/ait_users/staff122/deepfake_project/outputs_deepfake_project/dfdc_subset_77_jpg/test/fake/fake_000727.jpg,1.0,0.9423445463180542,1
/media/D1/ait_users/staff122/deepfake_project/outputs_deepfake_project/dfdc_subset_77_jpg/test/fake/fake_000728.jpg,1.0,0.9703272581100464,1
/media/D1/ait_users/staff122/deepfake_project/outputs_deepfake_project/dfdc_subset_77_jpg/test/fake/fake_000729.jpg,1.0,0.9716541767120361,1
/media/D1/ait_users/staff122/deepfake_project/outputs_deepfake_project/dfdc_subset_77_jpg/test/fake/fake_000730.jpg,1.0,0.9198200702667236,1
/media/D1/ait_users/staff122/deepfake_project/outputs_deepfake_project/dfdc_subset_77_jpg/test/fake/fake_000731.jpg,1.0,0.9750667810440063,1
/media/D1/ait_users/staff122/deepfake_project/outputs_deepfake_project/dfdc_subset_77_jpg/test/fake/fake_000732.jpg,1.0,0.9818251729011536,1
/media/D1/ait_users/staff122/deepfake_project/outputs_deepfake_project/dfdc_subset_77_jpg/test/fake/fake_000733.jpg,1.0,0.8588573336601257,1
/media/D1/ait_users/staff122/deepfake_project/outputs_deepfake_project/dfdc_subset_77_jpg/test/fake/fake_000734.jpg,1.0,0.971043050289154,1
/media/D1/ait_users/staff122/deepfake_project/outputs_deepfake_project/dfdc_subset_77_jpg/test/fake/fake_000735.jpg,1.0,0.9934921860694885,1
/media/D1/ait_users/staff122/deepfake_project/outputs_deepfake_project/dfdc_subset_77_jpg/test/fake/fake_000736.jpg,1.0,0.99830162525177,1
/media/D1/ait_users/staff122/deepfake_project/outputs_deepfake_project/dfdc_subset_77_jpg/test/fake/fake_000737.jpg,1.0,0.9955701231956482,1
/media/D1/ait_users/staff122/deepfake_project/outputs_deepfake_project/dfdc_subset_77_jpg/test/fake/fake_000738.jpg,1.0,0.9981759786605835,1
/media/D1/ait_users/staff122/deepfake_project/outputs_deepfake_project/dfdc_subset_77_jpg/test/fake/fake_000739.jpg,1.0,0.9759313464164734,1
/media/D1/ait_users/staff122/deepfake_project/outputs_deepfake_project/dfdc_subset_77_jpg/test/fake/fake_000740.jpg,1.0,0.9965266585350037,1
/media/D1/ait_users/staff122/deepfake_project/outputs_deepfake_project/dfdc_subset_77_jpg/test/fake/fake_000741.jpg,1.0,0.9987053871154785,1
/media/D1/ait_users/staff122/deepfake_project/outputs_deepfake_project/dfdc_subset_77_jpg/test/fake/fake_000742.jpg,1.0,0.9861915111541748,1
/media/D1/ait_users/staff122/deepfake_project/outputs_deepfake_project/dfdc_subset_77_jpg/test/fake/fake_000743.jpg,1.0,0.9962713718414307,1
/media/D1/ait_users/staff122/deepfake_project/outputs_deepfake_project/dfdc_subset_77_jpg/test/fake/fake_000744.jpg,1.0,0.9517107605934143,1
/media/D1/ait_users/staff122/deepfake_project/outputs_deepfake_project/dfdc_subset_77_jpg/test/fake/fake_000745.jpg,1.0,0.9378350377082825,1
/media/D1/ait_users/staff122/deepfake_project/outputs_deepfake_project/dfdc_subset_77_jpg/test/fake/fake_000746.jpg,1.0,0.9008293747901917,1
/media/D1/ait_users/staff122/deepfake_project/outputs_deepfake_project/dfdc_subset_77_jpg/test/fake/fake_000747.jpg,1.0,0.9516071081161499,1
/media/D1/ait_users/staff122/deepfake_project/outputs_deepfake_project/dfdc_subset_77_jpg/test/fake/fake_000748.jpg,1.0,0.7563995122909546,1
/media/D1/ait_users/staff122/deepfake_project/outputs_deepfake_project/dfdc_subset_77_jpg/test/fake/fake_000749.jpg,1.0,0.9998189806938171,1
/media/D1/ait_users/staff122/deepfake_project/outputs_deepfake_project/dfdc_subset_77_jpg/test/fake/fake_000750.jpg,1.0,0.9998883008956909,1
/media/D1/ait_users/staff122/deepfake_project/outputs_deepfake_project/dfdc_subset_77_jpg/test/fake/fake_000751.jpg,1.0,0.9996606111526489,1
/media/D1/ait_users/staff122/deepfake_project/outputs_deepfake_project/dfdc_subset_77_jpg/test/fake/fake_000752.jpg,1.0,0.9997407793998718,1
/media/D1/ait_users/staff122/deepfake_project/outputs_deepfake_project/dfdc_subset_77_jpg/test/fake/fake_000753.jpg,1.0,0.9984251260757446,1
/media/D1/ait_users/staff122/deepfake_project/outputs_deepfake_project/dfdc_subset_77_jpg/test/fake/fake_000754.jpg,1.0,0.9896843433380127,1
/media/D1/ait_users/staff122/deepfake_project/outputs_deepfake_project/dfdc_subset_77_jpg/test/fake/fake_000755.jpg,1.0,0.8625806570053101,1
/media/D1/ait_users/staff122/deepfake_project/outputs_deepfake_project/dfdc_subset_77_jpg/test/fake/fake_000756.jpg,1.0,0.9933115243911743,1
/media/D1/ait_users/staff122/deepfake_project/outputs_deepfake_project/dfdc_subset_77_jpg/test/fake/fake_000757.jpg,1.0,0.8983224034309387,1
/media/D1/ait_users/staff122/deepfake_project/outputs_deepfake_project/dfdc_subset_77_jpg/test/fake/fake_000758.jpg,1.0,0.9920437932014465,1
/media/D1/ait_users/staff122/deepfake_project/outputs_deepfake_project/dfdc_subset_77_jpg/test/fake/fake_000759.jpg,1.0,0.6966794729232788,1
/media/D1/ait_users/staff122/deepfake_project/outputs_deepfake_project/dfdc_subset_77_jpg/test/fake/fake_000760.jpg,1.0,0.9933318495750427,1
/media/D1/ait_users/staff122/deepfake_project/outputs_deepfake_project/dfdc_subset_77_jpg/test/fake/fake_000761.jpg,1.0,0.9885208606719971,1
/media/D1/ait_users/staff122/deepfake_project/outputs_deepfake_project/dfdc_subset_77_jpg/test/fake/fake_000762.jpg,1.0,0.9675737619400024,1
/media/D1/ait_users/staff122/deepfake_project/outputs_deepfake_project/dfdc_subset_77_jpg/test/fake/fake_000763.jpg,1.0,0.26512402296066284,0
/media/D1/ait_users/staff122/deepfake_project/outputs_deepfake_project/dfdc_subset_77_jpg/test/fake/fake_000764.jpg,1.0,0.9482454657554626,1
/media/D1/ait_users/staff122/deepfake_project/outputs_deepfake_project/dfdc_subset_77_jpg/test/fake/fake_000765.jpg,1.0,0.9241760969161987,1
/media/D1/ait_users/staff122/deepfake_project/outputs_deepfake_project/dfdc_subset_77_jpg/test/fake/fake_000766.jpg,1.0,0.9919304251670837,1
/media/D1/ait_users/staff122/deepfake_project/outputs_deepfake_project/dfdc_subset_77_jpg/test/fake/fake_000767.jpg,1.0,0.9250778555870056,1
/media/D1/ait_users/staff122/deepfake_project/outputs_deepfake_project/dfdc_subset_77_jpg/test/fake/fake_000768.jpg,1.0,0.7747042775154114,1
/media/D1/ait_users/staff122/deepfake_project/outputs_deepfake_project/dfdc_subset_77_jpg/test/fake/fake_000769.jpg,1.0,0.80778568983078,1
/media/D1/ait_users/staff122/deepfake_project/outputs_deepfake_project/dfdc_subset_77_jpg/test/fake/fake_000770.jpg,1.0,0.9964979887008667,1
/media/D1/ait_users/staff122/deepfake_project/outputs_deepfake_project/dfdc_subset_77_jpg/test/fake/fake_000771.jpg,1.0,0.763630211353302,1
/media/D1/ait_users/staff122/deepfake_project/outputs_deepfake_project/dfdc_subset_77_jpg/test/fake/fake_000772.jpg,1.0,0.9727702140808105,1
/media/D1/ait_users/staff122/deepfake_project/outputs_deepfake_project/dfdc_subset_77_jpg/test/fake/fake_000773.jpg,1.0,0.8700108528137207,1
/media/D1/ait_users/staff122/deepfake_project/outputs_deepfake_project/dfdc_subset_77_jpg/test/fake/fake_000774.jpg,1.0,0.9105087518692017,1
/media/D1/ait_users/staff122/deepfake_project/outputs_deepfake_project/dfdc_subset_77_jpg/test/fake/fake_000775.jpg,1.0,0.9884351491928101,1
/media/D1/ait_users/staff122/deepfake_project/outputs_deepfake_project/dfdc_subset_77_jpg/test/fake/fake_000776.jpg,1.0,0.9393110275268555,1
/media/D1/ait_users/staff122/deepfake_project/outputs_deepfake_project/dfdc_subset_77_jpg/test/fake/fake_000777.jpg,1.0,0.9915532469749451,1
/media/D1/ait_users/staff122/deepfake_project/outputs_deepfake_project/dfdc_subset_77_jpg/test/fake/fake_000778.jpg,1.0,0.9002220034599304,1
/media/D1/ait_users/staff122/deepfake_project/outputs_deepfake_project/dfdc_subset_77_jpg/test/fake/fake_000779.jpg,1.0,0.8015884757041931,1
/media/D1/ait_users/staff122/deepfake_project/outputs_deepfake_project/dfdc_subset_77_jpg/test/fake/fake_000780.jpg,1.0,0.9443709254264832,1
/media/D1/ait_users/staff122/deepfake_project/outputs_deepfake_project/dfdc_subset_77_jpg/test/fake/fake_000781.jpg,1.0,0.2618630528450012,0
/media/D1/ait_users/staff122/deepfake_project/outputs_deepfake_project/dfdc_subset_77_jpg/test/fake/fake_000782.jpg,1.0,0.8817381262779236,1
/media/D1/ait_users/staff122/deepfake_project/outputs_deepfake_project/dfdc_subset_77_jpg/test/fake/fake_000783.jpg,1.0,0.8839737176895142,1
/media/D1/ait_users/staff122/deepfake_project/outputs_deepfake_project/dfdc_subset_77_jpg/test/fake/fake_000784.jpg,1.0,0.9719367027282715,1
/media/D1/ait_users/staff122/deepfake_project/outputs_deepfake_project/dfdc_subset_77_jpg/test/fake/fake_000785.jpg,1.0,0.9732935428619385,1
/media/D1/ait_users/staff122/deepfake_project/outputs_deepfake_project/dfdc_subset_77_jpg/test/fake/fake_000786.jpg,1.0,0.9776542782783508,1
/media/D1/ait_users/staff122/deepfake_project/outputs_deepfake_project/dfdc_subset_77_jpg/test/fake/fake_000787.jpg,1.0,0.07645010948181152,0
/media/D1/ait_users/staff122/deepfake_project/outputs_deepfake_project/dfdc_subset_77_jpg/test/fake/fake_000788.jpg,1.0,0.9688552021980286,1
/media/D1/ait_users/staff122/deepfake_project/outputs_deepfake_project/dfdc_subset_77_jpg/test/fake/fake_000789.jpg,1.0,0.9583002924919128,1
/media/D1/ait_users/staff122/deepfake_project/outputs_deepfake_project/dfdc_subset_77_jpg/test/fake/fake_000790.jpg,1.0,0.7347898483276367,1
/media/D1/ait_users/staff122/deepfake_project/outputs_deepfake_project/dfdc_subset_77_jpg/test/fake/fake_000791.jpg,1.0,0.9461491703987122,1
/media/D1/ait_users/staff122/deepfake_project/outputs_deepfake_project/dfdc_subset_77_jpg/test/fake/fake_000792.jpg,1.0,0.6284566521644592,1
/media/D1/ait_users/staff122/deepfake_project/outputs_deepfake_project/dfdc_subset_77_jpg/test/fake/fake_000793.jpg,1.0,0.9842368960380554,1
/media/D1/ait_users/staff122/deepfake_project/outputs_deepfake_project/dfdc_subset_77_jpg/test/fake/fake_000794.jpg,1.0,0.9751420617103577,1
/media/D1/ait_users/staff122/deepfake_project/outputs_deepfake_project/dfdc_subset_77_jpg/test/fake/fake_000795.jpg,1.0,0.9785035252571106,1
/media/D1/ait_users/staff122/deepfake_project/outputs_deepfake_project/dfdc_subset_77_jpg/test/fake/fake_000796.jpg,1.0,0.9794767498970032,1
/media/D1/ait_users/staff122/deepfake_project/outputs_deepfake_project/dfdc_subset_77_jpg/test/fake/fake_000797.jpg,1.0,0.9600079655647278,1
/media/D1/ait_users/staff122/deepfake_project/outputs_deepfake_project/dfdc_subset_77_jpg/test/fake/fake_000798.jpg,1.0,0.9035571217536926,1
/media/D1/ait_users/staff122/deepfake_project/outputs_deepfake_project/dfdc_subset_77_jpg/test/fake/fake_000799.jpg,1.0,0.9438854455947876,1
/media/D1/ait_users/staff122/deepfake_project/outputs_deepfake_project/dfdc_subset_77_jpg/test/fake/fake_000800.jpg,1.0,0.9994646906852722,1
/media/D1/ait_users/staff122/deepfake_project/outputs_deepfake_project/dfdc_subset_77_jpg/test/fake/fake_000801.jpg,1.0,0.9991476535797119,1
/media/D1/ait_users/staff122/deepfake_project/outputs_deepfake_project/dfdc_subset_77_jpg/test/fake/fake_000802.jpg,1.0,0.9995063543319702,1
/media/D1/ait_users/staff122/deepfake_project/outputs_deepfake_project/dfdc_subset_77_jpg/test/fake/fake_000803.jpg,1.0,0.9990749359130859,1
/media/D1/ait_users/staff122/deepfake_project/outputs_deepfake_project/dfdc_subset_77_jpg/test/fake/fake_000804.jpg,1.0,0.9992637038230896,1
/media/D1/ait_users/staff122/deepfake_project/outputs_deepfake_project/dfdc_subset_77_jpg/test/fake/fake_000805.jpg,1.0,0.9994328618049622,1
/media/D1/ait_users/staff122/deepfake_project/outputs_deepfake_project/dfdc_subset_77_jpg/test/fake/fake_000806.jpg,1.0,0.9995848536491394,1
/media/D1/ait_users/staff122/deepfake_project/outputs_deepfake_project/dfdc_subset_77_jpg/test/fake/fake_000807.jpg,1.0,0.9996683597564697,1
/media/D1/ait_users/staff122/deepfake_project/outputs_deepfake_project/dfdc_subset_77_jpg/test/fake/fake_000808.jpg,1.0,0.9995436072349548,1
/media/D1/ait_users/staff122/deepfake_project/outputs_deepfake_project/dfdc_subset_77_jpg/test/fake/fake_000809.jpg,1.0,0.9982421398162842,1
/media/D1/ait_users/staff122/deepfake_project/outputs_deepfake_project/dfdc_subset_77_jpg/test/fake/fake_000810.jpg,1.0,0.999339759349823,1
/media/D1/ait_users/staff122/deepfake_project/outputs_deepfake_project/dfdc_subset_77_jpg/test/fake/fake_000811.jpg,1.0,0.9991657733917236,1
/media/D1/ait_users/staff122/deepfake_project/outputs_deepfake_project/dfdc_subset_77_jpg/test/fake/fake_000812.jpg,1.0,0.9989468455314636,1
/media/D1/ait_users/staff122/deepfake_project/outputs_deepfake_project/dfdc_subset_77_jpg/test/fake/fake_000813.jpg,1.0,0.9993603825569153,1
/media/D1/ait_users/staff122/deepfake_project/outputs_deepfake_project/dfdc_subset_77_jpg/test/fake/fake_000814.jpg,1.0,0.9991689920425415,1
/media/D1/ait_users/staff122/deepfake_project/outputs_deepfake_project/dfdc_subset_77_jpg/test/fake/fake_000815.jpg,1.0,0.9995214939117432,1
/media/D1/ait_users/staff122/deepfake_project/outputs_deepfake_project/dfdc_subset_77_jpg/test/fake/fake_000816.jpg,1.0,0.9996066689491272,1
/media/D1/ait_users/staff122/deepfake_project/outputs_deepfake_project/dfdc_subset_77_jpg/test/fake/fake_000817.jpg,1.0,0.8840202689170837,1
/media/D1/ait_users/staff122/deepfake_project/outputs_deepfake_project/dfdc_subset_77_jpg/test/fake/fake_000818.jpg,1.0,0.9555563926696777,1
/media/D1/ait_users/staff122/deepfake_project/outputs_deepfake_project/dfdc_subset_77_jpg/test/fake/fake_000819.jpg,1.0,0.9989297986030579,1
/media/D1/ait_users/staff122/deepfake_project/outputs_deepfake_project/dfdc_subset_77_jpg/test/fake/fake_000820.jpg,1.0,0.9992479681968689,1
/media/D1/ait_users/staff122/deepfake_project/outputs_deepfake_project/dfdc_subset_77_jpg/test/fake/fake_000821.jpg,1.0,0.9989664554595947,1
/media/D1/ait_users/staff122/deepfake_project/outputs_deepfake_project/dfdc_subset_77_jpg/test/fake/fake_000822.jpg,1.0,0.9973869919776917,1
/media/D1/ait_users/staff122/deepfake_project/outputs_deepfake_project/dfdc_subset_77_jpg/test/fake/fake_000823.jpg,1.0,0.9987753033638,1
/media/D1/ait_users/staff122/deepfake_project/outputs_deepfake_project/dfdc_subset_77_jpg/test/fake/fake_000824.jpg,1.0,0.9988523721694946,1
/media/D1/ait_users/staff122/deepfake_project/outputs_deepfake_project/dfdc_subset_77_jpg/test/fake/fake_000825.jpg,1.0,0.9986104965209961,1
/media/D1/ait_users/staff122/deepfake_project/outputs_deepfake_project/dfdc_subset_77_jpg/test/fake/fake_000826.jpg,1.0,0.9981465339660645,1
/media/D1/ait_users/staff122/deepfake_project/outputs_deepfake_project/dfdc_subset_77_jpg/test/fake/fake_000827.jpg,1.0,0.9979442954063416,1
/media/D1/ait_users/staff122/deepfake_project/outputs_deepfake_project/dfdc_subset_77_jpg/test/fake/fake_000828.jpg,1.0,0.999168872833252,1
/media/D1/ait_users/staff122/deepfake_project/outputs_deepfake_project/dfdc_subset_77_jpg/test/fake/fake_000829.jpg,1.0,0.9985058307647705,1
/media/D1/ait_users/staff122/deepfake_project/outputs_deepfake_project/dfdc_subset_77_jpg/test/fake/fake_000830.jpg,1.0,0.9988754391670227,1
/media/D1/ait_users/staff122/deepfake_project/outputs_deepfake_project/dfdc_subset_77_jpg/test/fake/fake_000831.jpg,1.0,0.9984626770019531,1
/media/D1/ait_users/staff122/deepfake_project/outputs_deepfake_project/dfdc_subset_77_jpg/test/fake/fake_000832.jpg,1.0,0.016403010115027428,0
/media/D1/ait_users/staff122/deepfake_project/outputs_deepfake_project/dfdc_subset_77_jpg/test/fake/fake_000833.jpg,1.0,0.045138612389564514,0
/media/D1/ait_users/staff122/deepfake_project/outputs_deepfake_project/dfdc_subset_77_jpg/test/fake/fake_000834.jpg,1.0,0.1903466433286667,0
/media/D1/ait_users/staff122/deepfake_project/outputs_deepfake_project/dfdc_subset_77_jpg/test/fake/fake_000835.jpg,1.0,0.0034802656155079603,0
/media/D1/ait_users/staff122/deepfake_project/outputs_deepfake_project/dfdc_subset_77_jpg/test/fake/fake_000836.jpg,1.0,0.020662158727645874,0
/media/D1/ait_users/staff122/deepfake_project/outputs_deepfake_project/dfdc_subset_77_jpg/test/fake/fake_000837.jpg,1.0,0.014810427092015743,0
/media/D1/ait_users/staff122/deepfake_project/outputs_deepfake_project/dfdc_subset_77_jpg/test/fake/fake_000838.jpg,1.0,0.06253848224878311,0
/media/D1/ait_users/staff122/deepfake_project/outputs_deepfake_project/dfdc_subset_77_jpg/test/fake/fake_000839.jpg,1.0,0.007585004437714815,0
/media/D1/ait_users/staff122/deepfake_project/outputs_deepfake_project/dfdc_subset_77_jpg/test/fake/fake_000840.jpg,1.0,0.1057649552822113,0
/media/D1/ait_users/staff122/deepfake_project/outputs_deepfake_project/dfdc_subset_77_jpg/test/fake/fake_000841.jpg,1.0,0.0038319448940455914,0
/media/D1/ait_users/staff122/deepfake_project/outputs_deepfake_project/dfdc_subset_77_jpg/test/fake/fake_000842.jpg,1.0,0.0026594349183142185,0
/media/D1/ait_users/staff122/deepfake_project/outputs_deepfake_project/dfdc_subset_77_jpg/test/fake/fake_000843.jpg,1.0,0.07875586301088333,0
/media/D1/ait_users/staff122/deepfake_project/outputs_deepfake_project/dfdc_subset_77_jpg/test/fake/fake_000844.jpg,1.0,0.027754655107855797,0
/media/D1/ait_users/staff122/deepfake_project/outputs_deepfake_project/dfdc_subset_77_jpg/test/fake/fake_000845.jpg,1.0,0.01019278634339571,0
/media/D1/ait_users/staff122/deepfake_project/outputs_deepfake_project/dfdc_subset_77_jpg/test/fake/fake_000846.jpg,1.0,0.349701464176178,0
/media/D1/ait_users/staff122/deepfake_project/outputs_deepfake_project/dfdc_subset_77_jpg/test/fake/fake_000847.jpg,1.0,0.005178644321858883,0
/media/D1/ait_users/staff122/deepfake_project/outputs_deepfake_project/dfdc_subset_77_jpg/test/fake/fake_000848.jpg,1.0,0.007861836813390255,0
/media/D1/ait_users/staff122/deepfake_project/outputs_deepfake_project/dfdc_subset_77_jpg/test/fake/fake_000849.jpg,1.0,0.20296789705753326,0
/media/D1/ait_users/staff122/deepfake_project/outputs_deepfake_project/dfdc_subset_77_jpg/test/fake/fake_000850.jpg,1.0,0.038234636187553406,0
/media/D1/ait_users/staff122/deepfake_project/outputs_deepfake_project/dfdc_subset_77_jpg/test/fake/fake_000851.jpg,1.0,0.005542639642953873,0
/media/D1/ait_users/staff122/deepfake_project/outputs_deepfake_project/dfdc_subset_77_jpg/test/fake/fake_000852.jpg,1.0,0.01415383629500866,0
/media/D1/ait_users/staff122/deepfake_project/outputs_deepfake_project/dfdc_subset_77_jpg/test/fake/fake_000853.jpg,1.0,0.001568665262311697,0
/media/D1/ait_users/staff122/deepfake_project/outputs_deepfake_project/dfdc_subset_77_jpg/test/fake/fake_000854.jpg,1.0,0.10940854996442795,0
/media/D1/ait_users/staff122/deepfake_project/outputs_deepfake_project/dfdc_subset_77_jpg/test/fake/fake_000855.jpg,1.0,0.027553552761673927,0
/media/D1/ait_users/staff122/deepfake_project/outputs_deepfake_project/dfdc_subset_77_jpg/test/fake/fake_000856.jpg,1.0,0.037974946200847626,0
/media/D1/ait_users/staff122/deepfake_project/outputs_deepfake_project/dfdc_subset_77_jpg/test/fake/fake_000857.jpg,1.0,0.0562896691262722,0
/media/D1/ait_users/staff122/deepfake_project/outputs_deepfake_project/dfdc_subset_77_jpg/test/fake/fake_000858.jpg,1.0,0.007614231202751398,0
/media/D1/ait_users/staff122/deepfake_project/outputs_deepfake_project/dfdc_subset_77_jpg/test/fake/fake_000859.jpg,1.0,0.009667787700891495,0
/media/D1/ait_users/staff122/deepfake_project/outputs_deepfake_project/dfdc_subset_77_jpg/test/fake/fake_000860.jpg,1.0,0.0056358203291893005,0
/media/D1/ait_users/staff122/deepfake_project/outputs_deepfake_project/dfdc_subset_77_jpg/test/fake/fake_000861.jpg,1.0,0.014043807052075863,0
/media/D1/ait_users/staff122/deepfake_project/outputs_deepfake_project/dfdc_subset_77_jpg/test/fake/fake_000862.jpg,1.0,0.12183034420013428,0
/media/D1/ait_users/staff122/deepfake_project/outputs_deepfake_project/dfdc_subset_77_jpg/test/fake/fake_000863.jpg,1.0,0.13401839137077332,0
/media/D1/ait_users/staff122/deepfake_project/outputs_deepfake_project/dfdc_subset_77_jpg/test/fake/fake_000864.jpg,1.0,0.989916980266571,1
/media/D1/ait_users/staff122/deepfake_project/outputs_deepfake_project/dfdc_subset_77_jpg/test/fake/fake_000865.jpg,1.0,0.9954602122306824,1
/media/D1/ait_users/staff122/deepfake_project/outputs_deepfake_project/dfdc_subset_77_jpg/test/fake/fake_000866.jpg,1.0,0.9992375373840332,1
/media/D1/ait_users/staff122/deepfake_project/outputs_deepfake_project/dfdc_subset_77_jpg/test/fake/fake_000867.jpg,1.0,0.9980474710464478,1
/media/D1/ait_users/staff122/deepfake_project/outputs_deepfake_project/dfdc_subset_77_jpg/test/fake/fake_000868.jpg,1.0,0.8024405241012573,1
/media/D1/ait_users/staff122/deepfake_project/outputs_deepfake_project/dfdc_subset_77_jpg/test/fake/fake_000869.jpg,1.0,0.9825119972229004,1
/media/D1/ait_users/staff122/deepfake_project/outputs_deepfake_project/dfdc_subset_77_jpg/test/fake/fake_000870.jpg,1.0,0.9986151456832886,1
/media/D1/ait_users/staff122/deepfake_project/outputs_deepfake_project/dfdc_subset_77_jpg/test/fake/fake_000871.jpg,1.0,0.9992179870605469,1
/media/D1/ait_users/staff122/deepfake_project/outputs_deepfake_project/dfdc_subset_77_jpg/test/fake/fake_000872.jpg,1.0,0.985997200012207,1
/media/D1/ait_users/staff122/deepfake_project/outputs_deepfake_project/dfdc_subset_77_jpg/test/fake/fake_000873.jpg,1.0,0.8786309957504272,1
/media/D1/ait_users/staff122/deepfake_project/outputs_deepfake_project/dfdc_subset_77_jpg/test/fake/fake_000874.jpg,1.0,0.5240011811256409,1
/media/D1/ait_users/staff122/deepfake_project/outputs_deepfake_project/dfdc_subset_77_jpg/test/fake/fake_000875.jpg,1.0,0.6882230043411255,1
/media/D1/ait_users/staff122/deepfake_project/outputs_deepfake_project/dfdc_subset_77_jpg/test/fake/fake_000876.jpg,1.0,0.4617774188518524,0
/media/D1/ait_users/staff122/deepfake_project/outputs_deepfake_project/dfdc_subset_77_jpg/test/fake/fake_000877.jpg,1.0,0.9982028007507324,1
/media/D1/ait_users/staff122/deepfake_project/outputs_deepfake_project/dfdc_subset_77_jpg/test/fake/fake_000878.jpg,1.0,0.9874445199966431,1
/media/D1/ait_users/staff122/deepfake_project/outputs_deepfake_project/dfdc_subset_77_jpg/test/fake/fake_000879.jpg,1.0,0.9948524832725525,1
/media/D1/ait_users/staff122/deepfake_project/outputs_deepfake_project/dfdc_subset_77_jpg/test/fake/fake_000880.jpg,1.0,0.4119795858860016,0
/media/D1/ait_users/staff122/deepfake_project/outputs_deepfake_project/dfdc_subset_77_jpg/test/fake/fake_000881.jpg,1.0,0.5980638265609741,1
/media/D1/ait_users/staff122/deepfake_project/outputs_deepfake_project/dfdc_subset_77_jpg/test/fake/fake_000882.jpg,1.0,0.9174607396125793,1
/media/D1/ait_users/staff122/deepfake_project/outputs_deepfake_project/dfdc_subset_77_jpg/test/fake/fake_000883.jpg,1.0,0.25968921184539795,0
/media/D1/ait_users/staff122/deepfake_project/outputs_deepfake_project/dfdc_subset_77_jpg/test/fake/fake_000884.jpg,1.0,0.240711972117424,0
/media/D1/ait_users/staff122/deepfake_project/outputs_deepfake_project/dfdc_subset_77_jpg/test/fake/fake_000885.jpg,1.0,0.04301491007208824,0
/media/D1/ait_users/staff122/deepfake_project/outputs_deepfake_project/dfdc_subset_77_jpg/test/fake/fake_000886.jpg,1.0,0.9926087260246277,1
/media/D1/ait_users/staff122/deepfake_project/outputs_deepfake_project/dfdc_subset_77_jpg/test/fake/fake_000887.jpg,1.0,0.9777032732963562,1
/media/D1/ait_users/staff122/deepfake_project/outputs_deepfake_project/dfdc_subset_77_jpg/test/fake/fake_000888.jpg,1.0,0.8652883768081665,1
/media/D1/ait_users/staff122/deepfake_project/outputs_deepfake_project/dfdc_subset_77_jpg/test/fake/fake_000889.jpg,1.0,0.9987900853157043,1
/media/D1/ait_users/staff122/deepfake_project/outputs_deepfake_project/dfdc_subset_77_jpg/test/fake/fake_000890.jpg,1.0,0.4517658054828644,0
/media/D1/ait_users/staff122/deepfake_project/outputs_deepfake_project/dfdc_subset_77_jpg/test/fake/fake_000891.jpg,1.0,0.606862485408783,1
/media/D1/ait_users/staff122/deepfake_project/outputs_deepfake_project/dfdc_subset_77_jpg/test/fake/fake_000892.jpg,1.0,0.9681576490402222,1
/media/D1/ait_users/staff122/deepfake_project/outputs_deepfake_project/dfdc_subset_77_jpg/test/fake/fake_000893.jpg,1.0,0.7348417639732361,1
/media/D1/ait_users/staff122/deepfake_project/outputs_deepfake_project/dfdc_subset_77_jpg/test/fake/fake_000894.jpg,1.0,0.7014136910438538,1
/media/D1/ait_users/staff122/deepfake_project/outputs_deepfake_project/dfdc_subset_77_jpg/test/fake/fake_000895.jpg,1.0,0.9828600287437439,1
/media/D1/ait_users/staff122/deepfake_project/outputs_deepfake_project/dfdc_subset_77_jpg/test/fake/fake_000896.jpg,1.0,0.9951270818710327,1
/media/D1/ait_users/staff122/deepfake_project/outputs_deepfake_project/dfdc_subset_77_jpg/test/fake/fake_000897.jpg,1.0,0.9684327244758606,1
/media/D1/ait_users/staff122/deepfake_project/outputs_deepfake_project/dfdc_subset_77_jpg/test/fake/fake_000898.jpg,1.0,0.9943897128105164,1
/media/D1/ait_users/staff122/deepfake_project/outputs_deepfake_project/dfdc_subset_77_jpg/test/fake/fake_000899.jpg,1.0,0.7225514054298401,1
/media/D1/ait_users/staff122/deepfake_project/outputs_deepfake_project/dfdc_subset_77_jpg/test/fake/fake_000900.jpg,1.0,0.9919716119766235,1
/media/D1/ait_users/staff122/deepfake_project/outputs_deepfake_project/dfdc_subset_77_jpg/test/fake/fake_000901.jpg,1.0,0.9965608716011047,1
/media/D1/ait_users/staff122/deepfake_project/outputs_deepfake_project/dfdc_subset_77_jpg/test/fake/fake_000902.jpg,1.0,0.9765723347663879,1
/media/D1/ait_users/staff122/deepfake_project/outputs_deepfake_project/dfdc_subset_77_jpg/test/fake/fake_000903.jpg,1.0,0.7622080445289612,1
/media/D1/ait_users/staff122/deepfake_project/outputs_deepfake_project/dfdc_subset_77_jpg/test/fake/fake_000904.jpg,1.0,0.9989798665046692,1
/media/D1/ait_users/staff122/deepfake_project/outputs_deepfake_project/dfdc_subset_77_jpg/test/fake/fake_000905.jpg,1.0,0.891796886920929,1
/media/D1/ait_users/staff122/deepfake_project/outputs_deepfake_project/dfdc_subset_77_jpg/test/fake/fake_000906.jpg,1.0,0.9874380230903625,1
/media/D1/ait_users/staff122/deepfake_project/outputs_deepfake_project/dfdc_subset_77_jpg/test/fake/fake_000907.jpg,1.0,0.930718719959259,1
/media/D1/ait_users/staff122/deepfake_project/outputs_deepfake_project/dfdc_subset_77_jpg/test/fake/fake_000908.jpg,1.0,0.9972177743911743,1
/media/D1/ait_users/staff122/deepfake_project/outputs_deepfake_project/dfdc_subset_77_jpg/test/fake/fake_000909.jpg,1.0,0.9950265288352966,1
/media/D1/ait_users/staff122/deepfake_project/outputs_deepfake_project/dfdc_subset_77_jpg/test/fake/fake_000910.jpg,1.0,0.7541524171829224,1
/media/D1/ait_users/staff122/deepfake_project/outputs_deepfake_project/dfdc_subset_77_jpg/test/fake/fake_000911.jpg,1.0,0.9953243732452393,1
/media/D1/ait_users/staff122/deepfake_project/outputs_deepfake_project/dfdc_subset_77_jpg/test/fake/fake_000912.jpg,1.0,0.9951924085617065,1
/media/D1/ait_users/staff122/deepfake_project/outputs_deepfake_project/dfdc_subset_77_jpg/test/fake/fake_000913.jpg,1.0,0.9976835250854492,1
/media/D1/ait_users/staff122/deepfake_project/outputs_deepfake_project/dfdc_subset_77_jpg/test/fake/fake_000914.jpg,1.0,0.015906069427728653,0
/media/D1/ait_users/staff122/deepfake_project/outputs_deepfake_project/dfdc_subset_77_jpg/test/fake/fake_000915.jpg,1.0,0.4780524969100952,0
/media/D1/ait_users/staff122/deepfake_project/outputs_deepfake_project/dfdc_subset_77_jpg/test/fake/fake_000916.jpg,1.0,0.8194381594657898,1
/media/D1/ait_users/staff122/deepfake_project/outputs_deepfake_project/dfdc_subset_77_jpg/test/fake/fake_000917.jpg,1.0,0.9948728680610657,1
/media/D1/ait_users/staff122/deepfake_project/outputs_deepfake_project/dfdc_subset_77_jpg/test/fake/fake_000918.jpg,1.0,0.9420009851455688,1
/media/D1/ait_users/staff122/deepfake_project/outputs_deepfake_project/dfdc_subset_77_jpg/test/fake/fake_000919.jpg,1.0,0.6997537612915039,1
/media/D1/ait_users/staff122/deepfake_project/outputs_deepfake_project/dfdc_subset_77_jpg/test/fake/fake_000920.jpg,1.0,0.9963685274124146,1
/media/D1/ait_users/staff122/deepfake_project/outputs_deepfake_project/dfdc_subset_77_jpg/test/fake/fake_000921.jpg,1.0,0.9905592203140259,1
/media/D1/ait_users/staff122/deepfake_project/outputs_deepfake_project/dfdc_subset_77_jpg/test/fake/fake_000922.jpg,1.0,0.005825546570122242,0
/media/D1/ait_users/staff122/deepfake_project/outputs_deepfake_project/dfdc_subset_77_jpg/test/fake/fake_000923.jpg,1.0,0.8291943669319153,1
/media/D1/ait_users/staff122/deepfake_project/outputs_deepfake_project/dfdc_subset_77_jpg/test/fake/fake_000924.jpg,1.0,0.8882595896720886,1
/media/D1/ait_users/staff122/deepfake_project/outputs_deepfake_project/dfdc_subset_77_jpg/test/fake/fake_000925.jpg,1.0,0.8773542642593384,1
/media/D1/ait_users/staff122/deepfake_project/outputs_deepfake_project/dfdc_subset_77_jpg/test/fake/fake_000926.jpg,1.0,0.8792667388916016,1
/media/D1/ait_users/staff122/deepfake_project/outputs_deepfake_project/dfdc_subset_77_jpg/test/fake/fake_000927.jpg,1.0,0.2009812444448471,0
/media/D1/ait_users/staff122/deepfake_project/outputs_deepfake_project/dfdc_subset_77_jpg/test/fake/fake_000928.jpg,1.0,0.98973149061203,1
/media/D1/ait_users/staff122/deepfake_project/outputs_deepfake_project/dfdc_subset_77_jpg/test/fake/fake_000929.jpg,1.0,0.9955334663391113,1
/media/D1/ait_users/staff122/deepfake_project/outputs_deepfake_project/dfdc_subset_77_jpg/test/fake/fake_000930.jpg,1.0,0.9935899972915649,1
/media/D1/ait_users/staff122/deepfake_project/outputs_deepfake_project/dfdc_subset_77_jpg/test/fake/fake_000931.jpg,1.0,0.994209885597229,1
/media/D1/ait_users/staff122/deepfake_project/outputs_deepfake_project/dfdc_subset_77_jpg/test/fake/fake_000932.jpg,1.0,0.9803426861763,1
/media/D1/ait_users/staff122/deepfake_project/outputs_deepfake_project/dfdc_subset_77_jpg/test/fake/fake_000933.jpg,1.0,0.989340603351593,1
/media/D1/ait_users/staff122/deepfake_project/outputs_deepfake_project/dfdc_subset_77_jpg/test/fake/fake_000934.jpg,1.0,0.9963926672935486,1
/media/D1/ait_users/staff122/deepfake_project/outputs_deepfake_project/dfdc_subset_77_jpg/test/fake/fake_000935.jpg,1.0,0.9893847107887268,1
/media/D1/ait_users/staff122/deepfake_project/outputs_deepfake_project/dfdc_subset_77_jpg/test/fake/fake_000936.jpg,1.0,0.9836538434028625,1
/media/D1/ait_users/staff122/deepfake_project/outputs_deepfake_project/dfdc_subset_77_jpg/test/fake/fake_000937.jpg,1.0,0.9942920207977295,1
/media/D1/ait_users/staff122/deepfake_project/outputs_deepfake_project/dfdc_subset_77_jpg/test/fake/fake_000938.jpg,1.0,0.9902629852294922,1
/media/D1/ait_users/staff122/deepfake_project/outputs_deepfake_project/dfdc_subset_77_jpg/test/fake/fake_000939.jpg,1.0,0.9529995322227478,1
/media/D1/ait_users/staff122/deepfake_project/outputs_deepfake_project/dfdc_subset_77_jpg/test/fake/fake_000940.jpg,1.0,0.998530387878418,1
/media/D1/ait_users/staff122/deepfake_project/outputs_deepfake_project/dfdc_subset_77_jpg/test/fake/fake_000941.jpg,1.0,0.996665894985199,1
/media/D1/ait_users/staff122/deepfake_project/outputs_deepfake_project/dfdc_subset_77_jpg/test/fake/fake_000942.jpg,1.0,0.9974039196968079,1
/media/D1/ait_users/staff122/deepfake_project/outputs_deepfake_project/dfdc_subset_77_jpg/test/fake/fake_000943.jpg,1.0,0.9880844950675964,1
/media/D1/ait_users/staff122/deepfake_project/outputs_deepfake_project/dfdc_subset_77_jpg/test/fake/fake_000944.jpg,1.0,0.9973849654197693,1
/media/D1/ait_users/staff122/deepfake_project/outputs_deepfake_project/dfdc_subset_77_jpg/test/fake/fake_000945.jpg,1.0,0.9981536269187927,1
/media/D1/ait_users/staff122/deepfake_project/outputs_deepfake_project/dfdc_subset_77_jpg/test/fake/fake_000946.jpg,1.0,0.9993409514427185,1
/media/D1/ait_users/staff122/deepfake_project/outputs_deepfake_project/dfdc_subset_77_jpg/test/fake/fake_000947.jpg,1.0,0.9980502128601074,1
/media/D1/ait_users/staff122/deepfake_project/outputs_deepfake_project/dfdc_subset_77_jpg/test/fake/fake_000948.jpg,1.0,0.9979569911956787,1
/media/D1/ait_users/staff122/deepfake_project/outputs_deepfake_project/dfdc_subset_77_jpg/test/fake/fake_000949.jpg,1.0,0.9978501796722412,1
/media/D1/ait_users/staff122/deepfake_project/outputs_deepfake_project/dfdc_subset_77_jpg/test/fake/fake_000950.jpg,1.0,0.9982048273086548,1
/media/D1/ait_users/staff122/deepfake_project/outputs_deepfake_project/dfdc_subset_77_jpg/test/fake/fake_000951.jpg,1.0,0.9971309304237366,1
/media/D1/ait_users/staff122/deepfake_project/outputs_deepfake_project/dfdc_subset_77_jpg/test/fake/fake_000952.jpg,1.0,0.9964469075202942,1
/media/D1/ait_users/staff122/deepfake_project/outputs_deepfake_project/dfdc_subset_77_jpg/test/fake/fake_000953.jpg,1.0,0.9982897639274597,1
/media/D1/ait_users/staff122/deepfake_project/outputs_deepfake_project/dfdc_subset_77_jpg/test/fake/fake_000954.jpg,1.0,0.9967643022537231,1
/media/D1/ait_users/staff122/deepfake_project/outputs_deepfake_project/dfdc_subset_77_jpg/test/fake/fake_000955.jpg,1.0,0.9981796741485596,1
/media/D1/ait_users/staff122/deepfake_project/outputs_deepfake_project/dfdc_subset_77_jpg/test/fake/fake_000956.jpg,1.0,0.997389018535614,1
/media/D1/ait_users/staff122/deepfake_project/outputs_deepfake_project/dfdc_subset_77_jpg/test/fake/fake_000957.jpg,1.0,0.9955223798751831,1
/media/D1/ait_users/staff122/deepfake_project/outputs_deepfake_project/dfdc_subset_77_jpg/test/fake/fake_000958.jpg,1.0,0.9984556436538696,1
/media/D1/ait_users/staff122/deepfake_project/outputs_deepfake_project/dfdc_subset_77_jpg/test/fake/fake_000959.jpg,1.0,0.9987217783927917,1
/media/D1/ait_users/staff122/deepfake_project/outputs_deepfake_project/dfdc_subset_77_jpg/test/fake/fake_000960.jpg,1.0,0.000517826178111136,0
/media/D1/ait_users/staff122/deepfake_project/outputs_deepfake_project/dfdc_subset_77_jpg/test/fake/fake_000961.jpg,1.0,0.0025927347596734762,0
/media/D1/ait_users/staff122/deepfake_project/outputs_deepfake_project/dfdc_subset_77_jpg/test/fake/fake_000962.jpg,1.0,0.017285525798797607,0
/media/D1/ait_users/staff122/deepfake_project/outputs_deepfake_project/dfdc_subset_77_jpg/test/fake/fake_000963.jpg,1.0,0.0011552893556654453,0
/media/D1/ait_users/staff122/deepfake_project/outputs_deepfake_project/dfdc_subset_77_jpg/test/fake/fake_000964.jpg,1.0,0.0028197646606713533,0
/media/D1/ait_users/staff122/deepfake_project/outputs_deepfake_project/dfdc_subset_77_jpg/test/fake/fake_000965.jpg,1.0,0.0019806167110800743,0
/media/D1/ait_users/staff122/deepfake_project/outputs_deepfake_project/dfdc_subset_77_jpg/test/fake/fake_000966.jpg,1.0,0.1525319665670395,0
/media/D1/ait_users/staff122/deepfake_project/outputs_deepfake_project/dfdc_subset_77_jpg/test/fake/fake_000967.jpg,1.0,0.021346338093280792,0
/media/D1/ait_users/staff122/deepfake_project/outputs_deepfake_project/dfdc_subset_77_jpg/test/fake/fake_000968.jpg,1.0,0.0036826985888183117,0
/media/D1/ait_users/staff122/deepfake_project/outputs_deepfake_project/dfdc_subset_77_jpg/test/fake/fake_000969.jpg,1.0,0.02402123622596264,0
/media/D1/ait_users/staff122/deepfake_project/outputs_deepfake_project/dfdc_subset_77_jpg/test/fake/fake_000970.jpg,1.0,0.00499061169102788,0
/media/D1/ait_users/staff122/deepfake_project/outputs_deepfake_project/dfdc_subset_77_jpg/test/fake/fake_000971.jpg,1.0,0.13297323882579803,0
/media/D1/ait_users/staff122/deepfake_project/outputs_deepfake_project/dfdc_subset_77_jpg/test/fake/fake_000972.jpg,1.0,0.016783317551016808,0
/media/D1/ait_users/staff122/deepfake_project/outputs_deepfake_project/dfdc_subset_77_jpg/test/fake/fake_000973.jpg,1.0,0.001088754623197019,0
/media/D1/ait_users/staff122/deepfake_project/outputs_deepfake_project/dfdc_subset_77_jpg/test/fake/fake_000974.jpg,1.0,0.0917513445019722,0
/media/D1/ait_users/staff122/deepfake_project/outputs_deepfake_project/dfdc_subset_77_jpg/test/fake/fake_000975.jpg,1.0,0.007688611280173063,0
/media/D1/ait_users/staff122/deepfake_project/outputs_deepfake_project/dfdc_subset_77_jpg/test/fake/fake_000976.jpg,1.0,0.06090214475989342,0
/media/D1/ait_users/staff122/deepfake_project/outputs_deepfake_project/dfdc_subset_77_jpg/test/fake/fake_000977.jpg,1.0,0.15903350710868835,0
/media/D1/ait_users/staff122/deepfake_project/outputs_deepfake_project/dfdc_subset_77_jpg/test/fake/fake_000978.jpg,1.0,0.6269502639770508,1
/media/D1/ait_users/staff122/deepfake_project/outputs_deepfake_project/dfdc_subset_77_jpg/test/fake/fake_000979.jpg,1.0,0.02948901057243347,0
/media/D1/ait_users/staff122/deepfake_project/outputs_deepfake_project/dfdc_subset_77_jpg/test/fake/fake_000980.jpg,1.0,0.1063573881983757,0
/media/D1/ait_users/staff122/deepfake_project/outputs_deepfake_project/dfdc_subset_77_jpg/test/fake/fake_000981.jpg,1.0,0.06988707929849625,0
/media/D1/ait_users/staff122/deepfake_project/outputs_deepfake_project/dfdc_subset_77_jpg/test/fake/fake_000982.jpg,1.0,0.4907251000404358,0
/media/D1/ait_users/staff122/deepfake_project/outputs_deepfake_project/dfdc_subset_77_jpg/test/fake/fake_000983.jpg,1.0,0.013503006659448147,0
/media/D1/ait_users/staff122/deepfake_project/outputs_deepfake_project/dfdc_subset_77_jpg/test/fake/fake_000984.jpg,1.0,0.4215511381626129,0
/media/D1/ait_users/staff122/deepfake_project/outputs_deepfake_project/dfdc_subset_77_jpg/test/fake/fake_000985.jpg,1.0,0.010614871047437191,0
/media/D1/ait_users/staff122/deepfake_project/outputs_deepfake_project/dfdc_subset_77_jpg/test/fake/fake_000986.jpg,1.0,0.008332948200404644,0
/media/D1/ait_users/staff122/deepfake_project/outputs_deepfake_project/dfdc_subset_77_jpg/test/fake/fake_000987.jpg,1.0,0.003998599015176296,0
/media/D1/ait_users/staff122/deepfake_project/outputs_deepfake_project/dfdc_subset_77_jpg/test/fake/fake_000988.jpg,1.0,0.0015667076222598553,0
/media/D1/ait_users/staff122/deepfake_project/outputs_deepfake_project/dfdc_subset_77_jpg/test/fake/fake_000989.jpg,1.0,0.00345986383035779,0
/media/D1/ait_users/staff122/deepfake_project/outputs_deepfake_project/dfdc_subset_77_jpg/test/fake/fake_000990.jpg,1.0,0.01627315580844879,0
/media/D1/ait_users/staff122/deepfake_project/outputs_deepfake_project/dfdc_subset_77_jpg/test/fake/fake_000991.jpg,1.0,0.0021422787103801966,0
/media/D1/ait_users/staff122/deepfake_project/outputs_deepfake_project/dfdc_subset_77_jpg/test/fake/fake_000992.jpg,1.0,0.8930873870849609,1
/media/D1/ait_users/staff122/deepfake_project/outputs_deepfake_project/dfdc_subset_77_jpg/test/fake/fake_000993.jpg,1.0,0.969534695148468,1
/media/D1/ait_users/staff122/deepfake_project/outputs_deepfake_project/dfdc_subset_77_jpg/test/fake/fake_000994.jpg,1.0,0.9868603348731995,1
/media/D1/ait_users/staff122/deepfake_project/outputs_deepfake_project/dfdc_subset_77_jpg/test/fake/fake_000995.jpg,1.0,0.9804387092590332,1
/media/D1/ait_users/staff122/deepfake_project/outputs_deepfake_project/dfdc_subset_77_jpg/test/fake/fake_000996.jpg,1.0,0.9304538369178772,1
/media/D1/ait_users/staff122/deepfake_project/outputs_deepfake_project/dfdc_subset_77_jpg/test/fake/fake_000997.jpg,1.0,0.8449375033378601,1
/media/D1/ait_users/staff122/deepfake_project/outputs_deepfake_project/dfdc_subset_77_jpg/test/fake/fake_000998.jpg,1.0,0.6670223474502563,1
/media/D1/ait_users/staff122/deepfake_project/outputs_deepfake_project/dfdc_subset_77_jpg/test/fake/fake_000999.jpg,1.0,0.7901290655136108,1
/media/D1/ait_users/staff122/deepfake_project/outputs_deepfake_project/dfdc_subset_77_jpg/test/fake/fake_001000.jpg,1.0,0.736954391002655,1
/media/D1/ait_users/staff122/deepfake_project/outputs_deepfake_project/dfdc_subset_77_jpg/test/fake/fake_001001.jpg,1.0,0.9279800057411194,1
/media/D1/ait_users/staff122/deepfake_project/outputs_deepfake_project/dfdc_subset_77_jpg/test/fake/fake_001002.jpg,1.0,0.9363045692443848,1
/media/D1/ait_users/staff122/deepfake_project/outputs_deepfake_project/dfdc_subset_77_jpg/test/fake/fake_001003.jpg,1.0,0.9992362260818481,1
/media/D1/ait_users/staff122/deepfake_project/outputs_deepfake_project/dfdc_subset_77_jpg/test/fake/fake_001004.jpg,1.0,0.9645947813987732,1
/media/D1/ait_users/staff122/deepfake_project/outputs_deepfake_project/dfdc_subset_77_jpg/test/fake/fake_001005.jpg,1.0,0.5747343897819519,1
/media/D1/ait_users/staff122/deepfake_project/outputs_deepfake_project/dfdc_subset_77_jpg/test/fake/fake_001006.jpg,1.0,0.814729630947113,1
/media/D1/ait_users/staff122/deepfake_project/outputs_deepfake_project/dfdc_subset_77_jpg/test/fake/fake_001007.jpg,1.0,0.5260857343673706,1
/media/D1/ait_users/staff122/deepfake_project/outputs_deepfake_project/dfdc_subset_77_jpg/test/fake/fake_001008.jpg,1.0,0.8377559781074524,1
/media/D1/ait_users/staff122/deepfake_project/outputs_deepfake_project/dfdc_subset_77_jpg/test/fake/fake_001009.jpg,1.0,0.8413960337638855,1
/media/D1/ait_users/staff122/deepfake_project/outputs_deepfake_project/dfdc_subset_77_jpg/test/fake/fake_001010.jpg,1.0,0.9864298105239868,1
/media/D1/ait_users/staff122/deepfake_project/outputs_deepfake_project/dfdc_subset_77_jpg/test/fake/fake_001011.jpg,1.0,0.9854575395584106,1
/media/D1/ait_users/staff122/deepfake_project/outputs_deepfake_project/dfdc_subset_77_jpg/test/fake/fake_001012.jpg,1.0,0.9698309302330017,1
/media/D1/ait_users/staff122/deepfake_project/outputs_deepfake_project/dfdc_subset_77_jpg/test/fake/fake_001013.jpg,1.0,0.9573805928230286,1
/media/D1/ait_users/staff122/deepfake_project/outputs_deepfake_project/dfdc_subset_77_jpg/test/fake/fake_001014.jpg,1.0,0.9352335333824158,1
/media/D1/ait_users/staff122/deepfake_project/outputs_deepfake_project/dfdc_subset_77_jpg/test/fake/fake_001015.jpg,1.0,0.9913340210914612,1
/media/D1/ait_users/staff122/deepfake_project/outputs_deepfake_project/dfdc_subset_77_jpg/test/fake/fake_001016.jpg,1.0,0.9850519895553589,1
/media/D1/ait_users/staff122/deepfake_project/outputs_deepfake_project/dfdc_subset_77_jpg/test/fake/fake_001017.jpg,1.0,0.9737304449081421,1
/media/D1/ait_users/staff122/deepfake_project/outputs_deepfake_project/dfdc_subset_77_jpg/test/fake/fake_001018.jpg,1.0,0.995669960975647,1
/media/D1/ait_users/staff122/deepfake_project/outputs_deepfake_project/dfdc_subset_77_jpg/test/fake/fake_001019.jpg,1.0,0.9980022311210632,1
/media/D1/ait_users/staff122/deepfake_project/outputs_deepfake_project/dfdc_subset_77_jpg/test/fake/fake_001020.jpg,1.0,0.9939975738525391,1
/media/D1/ait_users/staff122/deepfake_project/outputs_deepfake_project/dfdc_subset_77_jpg/test/fake/fake_001021.jpg,1.0,0.9953020811080933,1
/media/D1/ait_users/staff122/deepfake_project/outputs_deepfake_project/dfdc_subset_77_jpg/test/fake/fake_001022.jpg,1.0,0.9255293011665344,1
/media/D1/ait_users/staff122/deepfake_project/outputs_deepfake_project/dfdc_subset_77_jpg/test/fake/fake_001023.jpg,1.0,0.9361668229103088,1
/media/D1/ait_users/staff122/deepfake_project/outputs_deepfake_project/dfdc_subset_77_jpg/test/fake/fake_001024.jpg,1.0,0.9975166320800781,1
/media/D1/ait_users/staff122/deepfake_project/outputs_deepfake_project/dfdc_subset_77_jpg/test/fake/fake_001025.jpg,1.0,0.9975395202636719,1
/media/D1/ait_users/staff122/deepfake_project/outputs_deepfake_project/dfdc_subset_77_jpg/test/fake/fake_001026.jpg,1.0,0.9957621693611145,1
/media/D1/ait_users/staff122/deepfake_project/outputs_deepfake_project/dfdc_subset_77_jpg/test/fake/fake_001027.jpg,1.0,0.9957050681114197,1
/media/D1/ait_users/staff122/deepfake_project/outputs_deepfake_project/dfdc_subset_77_jpg/test/fake/fake_001028.jpg,1.0,0.9977136850357056,1
/media/D1/ait_users/staff122/deepfake_project/outputs_deepfake_project/dfdc_subset_77_jpg/test/fake/fake_001029.jpg,1.0,0.9970721006393433,1
/media/D1/ait_users/staff122/deepfake_project/outputs_deepfake_project/dfdc_subset_77_jpg/test/fake/fake_001030.jpg,1.0,0.9974823594093323,1
/media/D1/ait_users/staff122/deepfake_project/outputs_deepfake_project/dfdc_subset_77_jpg/test/fake/fake_001031.jpg,1.0,0.9971643090248108,1
/media/D1/ait_users/staff122/deepfake_project/outputs_deepfake_project/dfdc_subset_77_jpg/test/fake/fake_001032.jpg,1.0,0.9953991770744324,1
/media/D1/ait_users/staff122/deepfake_project/outputs_deepfake_project/dfdc_subset_77_jpg/test/fake/fake_001033.jpg,1.0,0.9960227012634277,1
/media/D1/ait_users/staff122/deepfake_project/outputs_deepfake_project/dfdc_subset_77_jpg/test/fake/fake_001034.jpg,1.0,0.9948614239692688,1
/media/D1/ait_users/staff122/deepfake_project/outputs_deepfake_project/dfdc_subset_77_jpg/test/fake/fake_001035.jpg,1.0,0.9964659214019775,1
/media/D1/ait_users/staff122/deepfake_project/outputs_deepfake_project/dfdc_subset_77_jpg/test/fake/fake_001036.jpg,1.0,0.9951884746551514,1
/media/D1/ait_users/staff122/deepfake_project/outputs_deepfake_project/dfdc_subset_77_jpg/test/fake/fake_001037.jpg,1.0,0.9970744848251343,1
/media/D1/ait_users/staff122/deepfake_project/outputs_deepfake_project/dfdc_subset_77_jpg/test/fake/fake_001038.jpg,1.0,0.9970430731773376,1
/media/D1/ait_users/staff122/deepfake_project/outputs_deepfake_project/dfdc_subset_77_jpg/test/fake/fake_001039.jpg,1.0,0.9966651797294617,1
/media/D1/ait_users/staff122/deepfake_project/outputs_deepfake_project/dfdc_subset_77_jpg/test/fake/fake_001040.jpg,1.0,0.9982656836509705,1
/media/D1/ait_users/staff122/deepfake_project/outputs_deepfake_project/dfdc_subset_77_jpg/test/fake/fake_001041.jpg,1.0,0.9967398047447205,1
/media/D1/ait_users/staff122/deepfake_project/outputs_deepfake_project/dfdc_subset_77_jpg/test/fake/fake_001042.jpg,1.0,0.9976223111152649,1
/media/D1/ait_users/staff122/deepfake_project/outputs_deepfake_project/dfdc_subset_77_jpg/test/fake/fake_001043.jpg,1.0,0.9976828098297119,1
/media/D1/ait_users/staff122/deepfake_project/outputs_deepfake_project/dfdc_subset_77_jpg/test/fake/fake_001044.jpg,1.0,0.9959927201271057,1
/media/D1/ait_users/staff122/deepfake_project/outputs_deepfake_project/dfdc_subset_77_jpg/test/fake/fake_001045.jpg,1.0,0.997258186340332,1
/media/D1/ait_users/staff122/deepfake_project/outputs_deepfake_project/dfdc_subset_77_jpg/test/fake/fake_001046.jpg,1.0,0.9968898892402649,1
/media/D1/ait_users/staff122/deepfake_project/outputs_deepfake_project/dfdc_subset_77_jpg/test/fake/fake_001047.jpg,1.0,0.9981178045272827,1
/media/D1/ait_users/staff122/deepfake_project/outputs_deepfake_project/dfdc_subset_77_jpg/test/fake/fake_001048.jpg,1.0,0.9975614547729492,1
/media/D1/ait_users/staff122/deepfake_project/outputs_deepfake_project/dfdc_subset_77_jpg/test/fake/fake_001049.jpg,1.0,0.9960628151893616,1
/media/D1/ait_users/staff122/deepfake_project/outputs_deepfake_project/dfdc_subset_77_jpg/test/fake/fake_001050.jpg,1.0,0.9974057078361511,1
/media/D1/ait_users/staff122/deepfake_project/outputs_deepfake_project/dfdc_subset_77_jpg/test/fake/fake_001051.jpg,1.0,0.9968615770339966,1
/media/D1/ait_users/staff122/deepfake_project/outputs_deepfake_project/dfdc_subset_77_jpg/test/fake/fake_001052.jpg,1.0,0.997108519077301,1
/media/D1/ait_users/staff122/deepfake_project/outputs_deepfake_project/dfdc_subset_77_jpg/test/fake/fake_001053.jpg,1.0,0.9981226325035095,1
/media/D1/ait_users/staff122/deepfake_project/outputs_deepfake_project/dfdc_subset_77_jpg/test/fake/fake_001054.jpg,1.0,0.9981200098991394,1
/media/D1/ait_users/staff122/deepfake_project/outputs_deepfake_project/dfdc_subset_77_jpg/test/fake/fake_001055.jpg,1.0,0.9973377585411072,1
/media/D1/ait_users/staff122/deepfake_project/outputs_deepfake_project/dfdc_subset_77_jpg/test/fake/fake_001056.jpg,1.0,0.999535083770752,1
/media/D1/ait_users/staff122/deepfake_project/outputs_deepfake_project/dfdc_subset_77_jpg/test/fake/fake_001057.jpg,1.0,0.9993454813957214,1
/media/D1/ait_users/staff122/deepfake_project/outputs_deepfake_project/dfdc_subset_77_jpg/test/fake/fake_001058.jpg,1.0,0.9995589852333069,1
/media/D1/ait_users/staff122/deepfake_project/outputs_deepfake_project/dfdc_subset_77_jpg/test/fake/fake_001059.jpg,1.0,0.9992915391921997,1
/media/D1/ait_users/staff122/deepfake_project/outputs_deepfake_project/dfdc_subset_77_jpg/test/fake/fake_001060.jpg,1.0,0.9997358918190002,1
/media/D1/ait_users/staff122/deepfake_project/outputs_deepfake_project/dfdc_subset_77_jpg/test/fake/fake_001061.jpg,1.0,0.999442994594574,1
/media/D1/ait_users/staff122/deepfake_project/outputs_deepfake_project/dfdc_subset_77_jpg/test/fake/fake_001062.jpg,1.0,0.999640941619873,1
/media/D1/ait_users/staff122/deepfake_project/outputs_deepfake_project/dfdc_subset_77_jpg/test/fake/fake_001063.jpg,1.0,0.9997578263282776,1
/media/D1/ait_users/staff122/deepfake_project/outputs_deepfake_project/dfdc_subset_77_jpg/test/fake/fake_001064.jpg,1.0,0.9996077418327332,1
/media/D1/ait_users/staff122/deepfake_project/outputs_deepfake_project/dfdc_subset_77_jpg/test/fake/fake_001065.jpg,1.0,0.9991044402122498,1
/media/D1/ait_users/staff122/deepfake_project/outputs_deepfake_project/dfdc_subset_77_jpg/test/fake/fake_001066.jpg,1.0,0.9978489875793457,1
/media/D1/ait_users/staff122/deepfake_project/outputs_deepfake_project/dfdc_subset_77_jpg/test/fake/fake_001067.jpg,1.0,0.93910813331604,1
/media/D1/ait_users/staff122/deepfake_project/outputs_deepfake_project/dfdc_subset_77_jpg/test/fake/fake_001068.jpg,1.0,0.994151771068573,1
/media/D1/ait_users/staff122/deepfake_project/outputs_deepfake_project/dfdc_subset_77_jpg/test/fake/fake_001069.jpg,1.0,0.9960446357727051,1
/media/D1/ait_users/staff122/deepfake_project/outputs_deepfake_project/dfdc_subset_77_jpg/test/fake/fake_001070.jpg,1.0,0.9915986061096191,1
/media/D1/ait_users/staff122/deepfake_project/outputs_deepfake_project/dfdc_subset_77_jpg/test/fake/fake_001071.jpg,1.0,0.9968306422233582,1
/media/D1/ait_users/staff122/deepfake_project/outputs_deepfake_project/dfdc_subset_77_jpg/test/fake/fake_001072.jpg,1.0,0.9991387128829956,1
/media/D1/ait_users/staff122/deepfake_project/outputs_deepfake_project/dfdc_subset_77_jpg/test/fake/fake_001073.jpg,1.0,0.9719371795654297,1
/media/D1/ait_users/staff122/deepfake_project/outputs_deepfake_project/dfdc_subset_77_jpg/test/fake/fake_001074.jpg,1.0,0.9955730438232422,1
/media/D1/ait_users/staff122/deepfake_project/outputs_deepfake_project/dfdc_subset_77_jpg/test/fake/fake_001075.jpg,1.0,0.9938368201255798,1
/media/D1/ait_users/staff122/deepfake_project/outputs_deepfake_project/dfdc_subset_77_jpg/test/fake/fake_001076.jpg,1.0,0.9985878467559814,1
/media/D1/ait_users/staff122/deepfake_project/outputs_deepfake_project/dfdc_subset_77_jpg/test/fake/fake_001077.jpg,1.0,0.9971464276313782,1
/media/D1/ait_users/staff122/deepfake_project/outputs_deepfake_project/dfdc_subset_77_jpg/test/fake/fake_001078.jpg,1.0,0.975397527217865,1
/media/D1/ait_users/staff122/deepfake_project/outputs_deepfake_project/dfdc_subset_77_jpg/test/fake/fake_001079.jpg,1.0,0.9954248070716858,1
/media/D1/ait_users/staff122/deepfake_project/outputs_deepfake_project/dfdc_subset_77_jpg/test/fake/fake_001080.jpg,1.0,0.9975946545600891,1
/media/D1/ait_users/staff122/deepfake_project/outputs_deepfake_project/dfdc_subset_77_jpg/test/fake/fake_001081.jpg,1.0,0.9951594471931458,1
/media/D1/ait_users/staff122/deepfake_project/outputs_deepfake_project/dfdc_subset_77_jpg/test/fake/fake_001082.jpg,1.0,0.9918648600578308,1
/media/D1/ait_users/staff122/deepfake_project/outputs_deepfake_project/dfdc_subset_77_jpg/test/fake/fake_001083.jpg,1.0,0.9957684278488159,1
/media/D1/ait_users/staff122/deepfake_project/outputs_deepfake_project/dfdc_subset_77_jpg/test/fake/fake_001084.jpg,1.0,0.9976447224617004,1
/media/D1/ait_users/staff122/deepfake_project/outputs_deepfake_project/dfdc_subset_77_jpg/test/fake/fake_001085.jpg,1.0,0.997269332408905,1
/media/D1/ait_users/staff122/deepfake_project/outputs_deepfake_project/dfdc_subset_77_jpg/test/fake/fake_001086.jpg,1.0,0.9868266582489014,1
/media/D1/ait_users/staff122/deepfake_project/outputs_deepfake_project/dfdc_subset_77_jpg/test/fake/fake_001087.jpg,1.0,0.9428759813308716,1
/media/D1/ait_users/staff122/deepfake_project/outputs_deepfake_project/dfdc_subset_77_jpg/test/fake/fake_001088.jpg,1.0,0.028089433908462524,0
/media/D1/ait_users/staff122/deepfake_project/outputs_deepfake_project/dfdc_subset_77_jpg/test/fake/fake_001089.jpg,1.0,0.07176534086465836,0
/media/D1/ait_users/staff122/deepfake_project/outputs_deepfake_project/dfdc_subset_77_jpg/test/fake/fake_001090.jpg,1.0,0.5825617909431458,1
/media/D1/ait_users/staff122/deepfake_project/outputs_deepfake_project/dfdc_subset_77_jpg/test/fake/fake_001091.jpg,1.0,0.6668741106987,1
/media/D1/ait_users/staff122/deepfake_project/outputs_deepfake_project/dfdc_subset_77_jpg/test/fake/fake_001092.jpg,1.0,0.6343188285827637,1
/media/D1/ait_users/staff122/deepfake_project/outputs_deepfake_project/dfdc_subset_77_jpg/test/fake/fake_001093.jpg,1.0,0.012289054691791534,0
/media/D1/ait_users/staff122/deepfake_project/outputs_deepfake_project/dfdc_subset_77_jpg/test/fake/fake_001094.jpg,1.0,0.9998457431793213,1
/media/D1/ait_users/staff122/deepfake_project/outputs_deepfake_project/dfdc_subset_77_jpg/test/fake/fake_001095.jpg,1.0,0.9997857213020325,1
/media/D1/ait_users/staff122/deepfake_project/outputs_deepfake_project/dfdc_subset_77_jpg/test/fake/fake_001096.jpg,1.0,0.9998099207878113,1
/media/D1/ait_users/staff122/deepfake_project/outputs_deepfake_project/dfdc_subset_77_jpg/test/fake/fake_001097.jpg,1.0,0.007517963647842407,0
/media/D1/ait_users/staff122/deepfake_project/outputs_deepfake_project/dfdc_subset_77_jpg/test/fake/fake_001098.jpg,1.0,0.025060605257749557,0
/media/D1/ait_users/staff122/deepfake_project/outputs_deepfake_project/dfdc_subset_77_jpg/test/fake/fake_001099.jpg,1.0,0.004785092081874609,0
/media/D1/ait_users/staff122/deepfake_project/outputs_deepfake_project/dfdc_subset_77_jpg/test/fake/fake_001100.jpg,1.0,0.010537171736359596,0
/media/D1/ait_users/staff122/deepfake_project/outputs_deepfake_project/dfdc_subset_77_jpg/test/fake/fake_001101.jpg,1.0,0.013118395581841469,0
/media/D1/ait_users/staff122/deepfake_project/outputs_deepfake_project/dfdc_subset_77_jpg/test/fake/fake_001102.jpg,1.0,0.6503533720970154,1
/media/D1/ait_users/staff122/deepfake_project/outputs_deepfake_project/dfdc_subset_77_jpg/test/fake/fake_001103.jpg,1.0,0.9235481023788452,1
/media/D1/ait_users/staff122/deepfake_project/outputs_deepfake_project/dfdc_subset_77_jpg/test/fake/fake_001104.jpg,1.0,0.4835846722126007,0
/media/D1/ait_users/staff122/deepfake_project/outputs_deepfake_project/dfdc_subset_77_jpg/test/fake/fake_001105.jpg,1.0,0.8703160881996155,1
/media/D1/ait_users/staff122/deepfake_project/outputs_deepfake_project/dfdc_subset_77_jpg/test/fake/fake_001106.jpg,1.0,0.5442310571670532,1
/media/D1/ait_users/staff122/deepfake_project/outputs_deepfake_project/dfdc_subset_77_jpg/test/fake/fake_001107.jpg,1.0,0.4274953603744507,0
/media/D1/ait_users/staff122/deepfake_project/outputs_deepfake_project/dfdc_subset_77_jpg/test/fake/fake_001108.jpg,1.0,0.7557609677314758,1
/media/D1/ait_users/staff122/deepfake_project/outputs_deepfake_project/dfdc_subset_77_jpg/test/fake/fake_001109.jpg,1.0,0.10888490080833435,0
/media/D1/ait_users/staff122/deepfake_project/outputs_deepfake_project/dfdc_subset_77_jpg/test/fake/fake_001110.jpg,1.0,0.7248220443725586,1
/media/D1/ait_users/staff122/deepfake_project/outputs_deepfake_project/dfdc_subset_77_jpg/test/fake/fake_001111.jpg,1.0,0.05333281680941582,0
/media/D1/ait_users/staff122/deepfake_project/outputs_deepfake_project/dfdc_subset_77_jpg/test/fake/fake_001112.jpg,1.0,0.5283456444740295,1
/media/D1/ait_users/staff122/deepfake_project/outputs_deepfake_project/dfdc_subset_77_jpg/test/fake/fake_001113.jpg,1.0,0.25679007172584534,0
/media/D1/ait_users/staff122/deepfake_project/outputs_deepfake_project/dfdc_subset_77_jpg/test/fake/fake_001114.jpg,1.0,0.9357802271842957,1
/media/D1/ait_users/staff122/deepfake_project/outputs_deepfake_project/dfdc_subset_77_jpg/test/fake/fake_001115.jpg,1.0,0.28397175669670105,0
/media/D1/ait_users/staff122/deepfake_project/outputs_deepfake_project/dfdc_subset_77_jpg/test/fake/fake_001116.jpg,1.0,0.1026405319571495,0
/media/D1/ait_users/staff122/deepfake_project/outputs_deepfake_project/dfdc_subset_77_jpg/test/fake/fake_001117.jpg,1.0,0.11078380048274994,0
/media/D1/ait_users/staff122/deepfake_project/outputs_deepfake_project/dfdc_subset_77_jpg/test/fake/fake_001118.jpg,1.0,0.8521567583084106,1
/media/D1/ait_users/staff122/deepfake_project/outputs_deepfake_project/dfdc_subset_77_jpg/test/fake/fake_001119.jpg,1.0,0.09658246487379074,0
/media/D1/ait_users/staff122/deepfake_project/outputs_deepfake_project/dfdc_subset_77_jpg/test/fake/fake_001120.jpg,1.0,0.9944003224372864,1
/media/D1/ait_users/staff122/deepfake_project/outputs_deepfake_project/dfdc_subset_77_jpg/test/fake/fake_001121.jpg,1.0,0.9985111355781555,1
/media/D1/ait_users/staff122/deepfake_project/outputs_deepfake_project/dfdc_subset_77_jpg/test/fake/fake_001122.jpg,1.0,0.994388997554779,1
/media/D1/ait_users/staff122/deepfake_project/outputs_deepfake_project/dfdc_subset_77_jpg/test/fake/fake_001123.jpg,1.0,0.9952563643455505,1
/media/D1/ait_users/staff122/deepfake_project/outputs_deepfake_project/dfdc_subset_77_jpg/test/fake/fake_001124.jpg,1.0,0.9951795339584351,1
/media/D1/ait_users/staff122/deepfake_project/outputs_deepfake_project/dfdc_subset_77_jpg/test/fake/fake_001125.jpg,1.0,0.9976209998130798,1
/media/D1/ait_users/staff122/deepfake_project/outputs_deepfake_project/dfdc_subset_77_jpg/test/fake/fake_001126.jpg,1.0,0.9987841248512268,1
/media/D1/ait_users/staff122/deepfake_project/outputs_deepfake_project/dfdc_subset_77_jpg/test/fake/fake_001127.jpg,1.0,0.9326024651527405,1
/media/D1/ait_users/staff122/deepfake_project/outputs_deepfake_project/dfdc_subset_77_jpg/test/fake/fake_001128.jpg,1.0,0.998543381690979,1
/media/D1/ait_users/staff122/deepfake_project/outputs_deepfake_project/dfdc_subset_77_jpg/test/fake/fake_001129.jpg,1.0,0.996110737323761,1
/media/D1/ait_users/staff122/deepfake_project/outputs_deepfake_project/dfdc_subset_77_jpg/test/fake/fake_001130.jpg,1.0,0.9954515099525452,1
/media/D1/ait_users/staff122/deepfake_project/outputs_deepfake_project/dfdc_subset_77_jpg/test/fake/fake_001131.jpg,1.0,0.9959491491317749,1
/media/D1/ait_users/staff122/deepfake_project/outputs_deepfake_project/dfdc_subset_77_jpg/test/fake/fake_001132.jpg,1.0,0.9974162578582764,1
/media/D1/ait_users/staff122/deepfake_project/outputs_deepfake_project/dfdc_subset_77_jpg/test/fake/fake_001133.jpg,1.0,0.9810546636581421,1
/media/D1/ait_users/staff122/deepfake_project/outputs_deepfake_project/dfdc_subset_77_jpg/test/fake/fake_001134.jpg,1.0,0.9983289837837219,1
/media/D1/ait_users/staff122/deepfake_project/outputs_deepfake_project/dfdc_subset_77_jpg/test/fake/fake_001135.jpg,1.0,0.9983004927635193,1
/media/D1/ait_users/staff122/deepfake_project/outputs_deepfake_project/dfdc_subset_77_jpg/test/fake/fake_001136.jpg,1.0,0.9982341527938843,1
/media/D1/ait_users/staff122/deepfake_project/outputs_deepfake_project/dfdc_subset_77_jpg/test/fake/fake_001137.jpg,1.0,0.9982138872146606,1
/media/D1/ait_users/staff122/deepfake_project/outputs_deepfake_project/dfdc_subset_77_jpg/test/fake/fake_001138.jpg,1.0,0.9725775718688965,1
/media/D1/ait_users/staff122/deepfake_project/outputs_deepfake_project/dfdc_subset_77_jpg/test/fake/fake_001139.jpg,1.0,0.997469425201416,1
/media/D1/ait_users/staff122/deepfake_project/outputs_deepfake_project/dfdc_subset_77_jpg/test/fake/fake_001140.jpg,1.0,0.9980196952819824,1
/media/D1/ait_users/staff122/deepfake_project/outputs_deepfake_project/dfdc_subset_77_jpg/test/fake/fake_001141.jpg,1.0,0.9861515164375305,1
/media/D1/ait_users/staff122/deepfake_project/outputs_deepfake_project/dfdc_subset_77_jpg/test/fake/fake_001142.jpg,1.0,0.9997023940086365,1
/media/D1/ait_users/staff122/deepfake_project/outputs_deepfake_project/dfdc_subset_77_jpg/test/fake/fake_001143.jpg,1.0,0.9990612864494324,1
/media/D1/ait_users/staff122/deepfake_project/outputs_deepfake_project/dfdc_subset_77_jpg/test/fake/fake_001144.jpg,1.0,0.9991365075111389,1
/media/D1/ait_users/staff122/deepfake_project/outputs_deepfake_project/dfdc_subset_77_jpg/test/fake/fake_001145.jpg,1.0,0.9872593283653259,1
/media/D1/ait_users/staff122/deepfake_project/outputs_deepfake_project/dfdc_subset_77_jpg/test/fake/fake_001146.jpg,1.0,0.9961515069007874,1
/media/D1/ait_users/staff122/deepfake_project/outputs_deepfake_project/dfdc_subset_77_jpg/test/fake/fake_001147.jpg,1.0,0.9997434020042419,1
/media/D1/ait_users/staff122/deepfake_project/outputs_deepfake_project/dfdc_subset_77_jpg/test/fake/fake_001148.jpg,1.0,0.9956984519958496,1
/media/D1/ait_users/staff122/deepfake_project/outputs_deepfake_project/dfdc_subset_77_jpg/test/fake/fake_001149.jpg,1.0,0.9988021850585938,1
/media/D1/ait_users/staff122/deepfake_project/outputs_deepfake_project/dfdc_subset_77_jpg/test/fake/fake_001150.jpg,1.0,0.9999821186065674,1
/media/D1/ait_users/staff122/deepfake_project/outputs_deepfake_project/dfdc_subset_77_jpg/test/fake/fake_001151.jpg,1.0,0.99863201379776,1
/media/D1/ait_users/staff122/deepfake_project/outputs_deepfake_project/dfdc_subset_77_jpg/test/fake/fake_001152.jpg,1.0,0.9971106052398682,1
/media/D1/ait_users/staff122/deepfake_project/outputs_deepfake_project/dfdc_subset_77_jpg/test/fake/fake_001153.jpg,1.0,0.9987302422523499,1
/media/D1/ait_users/staff122/deepfake_project/outputs_deepfake_project/dfdc_subset_77_jpg/test/fake/fake_001154.jpg,1.0,0.9317867755889893,1
/media/D1/ait_users/staff122/deepfake_project/outputs_deepfake_project/dfdc_subset_77_jpg/test/fake/fake_001155.jpg,1.0,0.9910016655921936,1
/media/D1/ait_users/staff122/deepfake_project/outputs_deepfake_project/dfdc_subset_77_jpg/test/fake/fake_001156.jpg,1.0,0.9926306009292603,1
/media/D1/ait_users/staff122/deepfake_project/outputs_deepfake_project/dfdc_subset_77_jpg/test/fake/fake_001157.jpg,1.0,0.9979978203773499,1
/media/D1/ait_users/staff122/deepfake_project/outputs_deepfake_project/dfdc_subset_77_jpg/test/fake/fake_001158.jpg,1.0,0.9954925775527954,1
/media/D1/ait_users/staff122/deepfake_project/outputs_deepfake_project/dfdc_subset_77_jpg/test/fake/fake_001159.jpg,1.0,0.9937304258346558,1
/media/D1/ait_users/staff122/deepfake_project/outputs_deepfake_project/dfdc_subset_77_jpg/test/fake/fake_001160.jpg,1.0,0.991917073726654,1
/media/D1/ait_users/staff122/deepfake_project/outputs_deepfake_project/dfdc_subset_77_jpg/test/fake/fake_001161.jpg,1.0,0.9985613226890564,1
/media/D1/ait_users/staff122/deepfake_project/outputs_deepfake_project/dfdc_subset_77_jpg/test/fake/fake_001162.jpg,1.0,0.9981460571289062,1
/media/D1/ait_users/staff122/deepfake_project/outputs_deepfake_project/dfdc_subset_77_jpg/test/fake/fake_001163.jpg,1.0,0.9974340796470642,1
/media/D1/ait_users/staff122/deepfake_project/outputs_deepfake_project/dfdc_subset_77_jpg/test/fake/fake_001164.jpg,1.0,0.9973307847976685,1
/media/D1/ait_users/staff122/deepfake_project/outputs_deepfake_project/dfdc_subset_77_jpg/test/fake/fake_001165.jpg,1.0,0.9967166781425476,1
/media/D1/ait_users/staff122/deepfake_project/outputs_deepfake_project/dfdc_subset_77_jpg/test/fake/fake_001166.jpg,1.0,0.3829635977745056,0
/media/D1/ait_users/staff122/deepfake_project/outputs_deepfake_project/dfdc_subset_77_jpg/test/fake/fake_001167.jpg,1.0,0.6353264451026917,1
/media/D1/ait_users/staff122/deepfake_project/outputs_deepfake_project/dfdc_subset_77_jpg/test/fake/fake_001168.jpg,1.0,0.5673468708992004,1
/media/D1/ait_users/staff122/deepfake_project/outputs_deepfake_project/dfdc_subset_77_jpg/test/fake/fake_001169.jpg,1.0,0.6085339188575745,1
/media/D1/ait_users/staff122/deepfake_project/outputs_deepfake_project/dfdc_subset_77_jpg/test/fake/fake_001170.jpg,1.0,0.8529463410377502,1
/media/D1/ait_users/staff122/deepfake_project/outputs_deepfake_project/dfdc_subset_77_jpg/test/fake/fake_001171.jpg,1.0,0.3633723556995392,0
/media/D1/ait_users/staff122/deepfake_project/outputs_deepfake_project/dfdc_subset_77_jpg/test/fake/fake_001172.jpg,1.0,0.8499690294265747,1
/media/D1/ait_users/staff122/deepfake_project/outputs_deepfake_project/dfdc_subset_77_jpg/test/fake/fake_001173.jpg,1.0,0.887579619884491,1
/media/D1/ait_users/staff122/deepfake_project/outputs_deepfake_project/dfdc_subset_77_jpg/test/fake/fake_001174.jpg,1.0,0.9877635836601257,1
/media/D1/ait_users/staff122/deepfake_project/outputs_deepfake_project/dfdc_subset_77_jpg/test/fake/fake_001175.jpg,1.0,0.8982366919517517,1
/media/D1/ait_users/staff122/deepfake_project/outputs_deepfake_project/dfdc_subset_77_jpg/test/fake/fake_001176.jpg,1.0,0.8526976704597473,1
/media/D1/ait_users/staff122/deepfake_project/outputs_deepfake_project/dfdc_subset_77_jpg/test/fake/fake_001177.jpg,1.0,0.9970473647117615,1
/media/D1/ait_users/staff122/deepfake_project/outputs_deepfake_project/dfdc_subset_77_jpg/test/fake/fake_001178.jpg,1.0,0.9827039837837219,1
/media/D1/ait_users/staff122/deepfake_project/outputs_deepfake_project/dfdc_subset_77_jpg/test/fake/fake_001179.jpg,1.0,0.9982149600982666,1
/media/D1/ait_users/staff122/deepfake_project/outputs_deepfake_project/dfdc_subset_77_jpg/test/fake/fake_001180.jpg,1.0,0.9973642230033875,1
/media/D1/ait_users/staff122/deepfake_project/outputs_deepfake_project/dfdc_subset_77_jpg/test/fake/fake_001181.jpg,1.0,0.9977691173553467,1
/media/D1/ait_users/staff122/deepfake_project/outputs_deepfake_project/dfdc_subset_77_jpg/test/fake/fake_001182.jpg,1.0,0.37053176760673523,0
/media/D1/ait_users/staff122/deepfake_project/outputs_deepfake_project/dfdc_subset_77_jpg/test/fake/fake_001183.jpg,1.0,0.23946762084960938,0
/media/D1/ait_users/staff122/deepfake_project/outputs_deepfake_project/dfdc_subset_77_jpg/test/fake/fake_001184.jpg,1.0,0.9992309808731079,1
/media/D1/ait_users/staff122/deepfake_project/outputs_deepfake_project/dfdc_subset_77_jpg/test/fake/fake_001185.jpg,1.0,0.9913533329963684,1
/media/D1/ait_users/staff122/deepfake_project/outputs_deepfake_project/dfdc_subset_77_jpg/test/fake/fake_001186.jpg,1.0,0.966866135597229,1
/media/D1/ait_users/staff122/deepfake_project/outputs_deepfake_project/dfdc_subset_77_jpg/test/fake/fake_001187.jpg,1.0,0.9911537766456604,1
/media/D1/ait_users/staff122/deepfake_project/outputs_deepfake_project/dfdc_subset_77_jpg/test/fake/fake_001188.jpg,1.0,0.9986853003501892,1
/media/D1/ait_users/staff122/deepfake_project/outputs_deepfake_project/dfdc_subset_77_jpg/test/fake/fake_001189.jpg,1.0,0.9885608553886414,1
/media/D1/ait_users/staff122/deepfake_project/outputs_deepfake_project/dfdc_subset_77_jpg/test/fake/fake_001190.jpg,1.0,0.9948511719703674,1
/media/D1/ait_users/staff122/deepfake_project/outputs_deepfake_project/dfdc_subset_77_jpg/test/fake/fake_001191.jpg,1.0,0.9932478666305542,1
/media/D1/ait_users/staff122/deepfake_project/outputs_deepfake_project/dfdc_subset_77_jpg/test/fake/fake_001192.jpg,1.0,0.9995564818382263,1
/media/D1/ait_users/staff122/deepfake_project/outputs_deepfake_project/dfdc_subset_77_jpg/test/fake/fake_001193.jpg,1.0,0.9989311099052429,1
/media/D1/ait_users/staff122/deepfake_project/outputs_deepfake_project/dfdc_subset_77_jpg/test/fake/fake_001194.jpg,1.0,0.9467867016792297,1
/media/D1/ait_users/staff122/deepfake_project/outputs_deepfake_project/dfdc_subset_77_jpg/test/fake/fake_001195.jpg,1.0,0.9988068342208862,1
/media/D1/ait_users/staff122/deepfake_project/outputs_deepfake_project/dfdc_subset_77_jpg/test/fake/fake_001196.jpg,1.0,0.9659279584884644,1
/media/D1/ait_users/staff122/deepfake_project/outputs_deepfake_project/dfdc_subset_77_jpg/test/fake/fake_001197.jpg,1.0,0.999433696269989,1
/media/D1/ait_users/staff122/deepfake_project/outputs_deepfake_project/dfdc_subset_77_jpg/test/fake/fake_001198.jpg,1.0,0.9983261227607727,1
/media/D1/ait_users/staff122/deepfake_project/outputs_deepfake_project/dfdc_subset_77_jpg/test/fake/fake_001199.jpg,1.0,0.9990056157112122,1
/media/D1/ait_users/staff122/deepfake_project/outputs_deepfake_project/dfdc_subset_77_jpg/test/fake/fake_001200.jpg,1.0,0.9966349005699158,1
/media/D1/ait_users/staff122/deepfake_project/outputs_deepfake_project/dfdc_subset_77_jpg/test/fake/fake_001201.jpg,1.0,0.9803370833396912,1
/media/D1/ait_users/staff122/deepfake_project/outputs_deepfake_project/dfdc_subset_77_jpg/test/fake/fake_001202.jpg,1.0,0.9904174208641052,1
/media/D1/ait_users/staff122/deepfake_project/outputs_deepfake_project/dfdc_subset_77_jpg/test/fake/fake_001203.jpg,1.0,0.6092039346694946,1
/media/D1/ait_users/staff122/deepfake_project/outputs_deepfake_project/dfdc_subset_77_jpg/test/fake/fake_001204.jpg,1.0,0.9910153746604919,1
/media/D1/ait_users/staff122/deepfake_project/outputs_deepfake_project/dfdc_subset_77_jpg/test/fake/fake_001205.jpg,1.0,0.793574869632721,1
/media/D1/ait_users/staff122/deepfake_project/outputs_deepfake_project/dfdc_subset_77_jpg/test/fake/fake_001206.jpg,1.0,0.9852274656295776,1
/media/D1/ait_users/staff122/deepfake_project/outputs_deepfake_project/dfdc_subset_77_jpg/test/fake/fake_001207.jpg,1.0,0.9984997510910034,1
/media/D1/ait_users/staff122/deepfake_project/outputs_deepfake_project/dfdc_subset_77_jpg/test/fake/fake_001208.jpg,1.0,0.964870810508728,1
/media/D1/ait_users/staff122/deepfake_project/outputs_deepfake_project/dfdc_subset_77_jpg/test/fake/fake_001209.jpg,1.0,0.8997437357902527,1
/media/D1/ait_users/staff122/deepfake_project/outputs_deepfake_project/dfdc_subset_77_jpg/test/fake/fake_001210.jpg,1.0,0.9292269945144653,1
/media/D1/ait_users/staff122/deepfake_project/outputs_deepfake_project/dfdc_subset_77_jpg/test/fake/fake_001211.jpg,1.0,0.9697893261909485,1
/media/D1/ait_users/staff122/deepfake_project/outputs_deepfake_project/dfdc_subset_77_jpg/test/fake/fake_001212.jpg,1.0,0.9984342455863953,1
/media/D1/ait_users/staff122/deepfake_project/outputs_deepfake_project/dfdc_subset_77_jpg/test/fake/fake_001213.jpg,1.0,0.9973899722099304,1
/media/D1/ait_users/staff122/deepfake_project/outputs_deepfake_project/dfdc_subset_77_jpg/test/fake/fake_001214.jpg,1.0,0.9966127276420593,1
/media/D1/ait_users/staff122/deepfake_project/outputs_deepfake_project/dfdc_subset_77_jpg/test/fake/fake_001215.jpg,1.0,0.9974774718284607,1
/media/D1/ait_users/staff122/deepfake_project/outputs_deepfake_project/dfdc_subset_77_jpg/test/fake/fake_001216.jpg,1.0,0.99708491563797,1
/media/D1/ait_users/staff122/deepfake_project/outputs_deepfake_project/dfdc_subset_77_jpg/test/fake/fake_001217.jpg,1.0,0.9987510442733765,1
/media/D1/ait_users/staff122/deepfake_project/outputs_deepfake_project/dfdc_subset_77_jpg/test/fake/fake_001218.jpg,1.0,0.9985232949256897,1
/media/D1/ait_users/staff122/deepfake_project/outputs_deepfake_project/dfdc_subset_77_jpg/test/fake/fake_001219.jpg,1.0,0.9980900883674622,1
/media/D1/ait_users/staff122/deepfake_project/outputs_deepfake_project/dfdc_subset_77_jpg/test/fake/fake_001220.jpg,1.0,0.9629115462303162,1
/media/D1/ait_users/staff122/deepfake_project/outputs_deepfake_project/dfdc_subset_77_jpg/test/fake/fake_001221.jpg,1.0,0.9966314435005188,1
/media/D1/ait_users/staff122/deepfake_project/outputs_deepfake_project/dfdc_subset_77_jpg/test/fake/fake_001222.jpg,1.0,0.9852253794670105,1
/media/D1/ait_users/staff122/deepfake_project/outputs_deepfake_project/dfdc_subset_77_jpg/test/fake/fake_001223.jpg,1.0,0.9992190599441528,1
/media/D1/ait_users/staff122/deepfake_project/outputs_deepfake_project/dfdc_subset_77_jpg/test/fake/fake_001224.jpg,1.0,0.9986140727996826,1
/media/D1/ait_users/staff122/deepfake_project/outputs_deepfake_project/dfdc_subset_77_jpg/test/fake/fake_001225.jpg,1.0,0.9988282322883606,1
/media/D1/ait_users/staff122/deepfake_project/outputs_deepfake_project/dfdc_subset_77_jpg/test/fake/fake_001226.jpg,1.0,0.9177381992340088,1
/media/D1/ait_users/staff122/deepfake_project/outputs_deepfake_project/dfdc_subset_77_jpg/test/fake/fake_001227.jpg,1.0,0.9918907880783081,1
/media/D1/ait_users/staff122/deepfake_project/outputs_deepfake_project/dfdc_subset_77_jpg/test/fake/fake_001228.jpg,1.0,0.8045229315757751,1
/media/D1/ait_users/staff122/deepfake_project/outputs_deepfake_project/dfdc_subset_77_jpg/test/fake/fake_001229.jpg,1.0,0.9898062348365784,1
/media/D1/ait_users/staff122/deepfake_project/outputs_deepfake_project/dfdc_subset_77_jpg/test/fake/fake_001230.jpg,1.0,0.9797877669334412,1
/media/D1/ait_users/staff122/deepfake_project/outputs_deepfake_project/dfdc_subset_77_jpg/test/fake/fake_001231.jpg,1.0,0.978131890296936,1
/media/D1/ait_users/staff122/deepfake_project/outputs_deepfake_project/dfdc_subset_77_jpg/test/fake/fake_001232.jpg,1.0,0.9578157663345337,1
/media/D1/ait_users/staff122/deepfake_project/outputs_deepfake_project/dfdc_subset_77_jpg/test/fake/fake_001233.jpg,1.0,0.944642186164856,1
/media/D1/ait_users/staff122/deepfake_project/outputs_deepfake_project/dfdc_subset_77_jpg/test/fake/fake_001234.jpg,1.0,0.9978433847427368,1
/media/D1/ait_users/staff122/deepfake_project/outputs_deepfake_project/dfdc_subset_77_jpg/test/fake/fake_001235.jpg,1.0,0.9985658526420593,1
/media/D1/ait_users/staff122/deepfake_project/outputs_deepfake_project/dfdc_subset_77_jpg/test/fake/fake_001236.jpg,1.0,0.9984191656112671,1
/media/D1/ait_users/staff122/deepfake_project/outputs_deepfake_project/dfdc_subset_77_jpg/test/fake/fake_001237.jpg,1.0,0.9978341460227966,1
/media/D1/ait_users/staff122/deepfake_project/outputs_deepfake_project/dfdc_subset_77_jpg/test/fake/fake_001238.jpg,1.0,0.9966825842857361,1
/media/D1/ait_users/staff122/deepfake_project/outputs_deepfake_project/dfdc_subset_77_jpg/test/fake/fake_001239.jpg,1.0,0.9990691542625427,1
/media/D1/ait_users/staff122/deepfake_project/outputs_deepfake_project/dfdc_subset_77_jpg/test/fake/fake_001240.jpg,1.0,0.9982030391693115,1
/media/D1/ait_users/staff122/deepfake_project/outputs_deepfake_project/dfdc_subset_77_jpg/test/fake/fake_001241.jpg,1.0,0.9960241317749023,1
/media/D1/ait_users/staff122/deepfake_project/outputs_deepfake_project/dfdc_subset_77_jpg/test/fake/fake_001242.jpg,1.0,0.9606984853744507,1
/media/D1/ait_users/staff122/deepfake_project/outputs_deepfake_project/dfdc_subset_77_jpg/test/fake/fake_001243.jpg,1.0,0.9984009861946106,1
/media/D1/ait_users/staff122/deepfake_project/outputs_deepfake_project/dfdc_subset_77_jpg/test/fake/fake_001244.jpg,1.0,0.9979541301727295,1
/media/D1/ait_users/staff122/deepfake_project/outputs_deepfake_project/dfdc_subset_77_jpg/test/fake/fake_001245.jpg,1.0,0.9983994364738464,1
/media/D1/ait_users/staff122/deepfake_project/outputs_deepfake_project/dfdc_subset_77_jpg/test/fake/fake_001246.jpg,1.0,0.9982738494873047,1
/media/D1/ait_users/staff122/deepfake_project/outputs_deepfake_project/dfdc_subset_77_jpg/test/fake/fake_001247.jpg,1.0,0.9933491349220276,1
/media/D1/ait_users/staff122/deepfake_project/outputs_deepfake_project/dfdc_subset_77_jpg/test/fake/fake_001248.jpg,1.0,0.0291542187333107,0
/media/D1/ait_users/staff122/deepfake_project/outputs_deepfake_project/dfdc_subset_77_jpg/test/fake/fake_001249.jpg,1.0,0.6639700531959534,1
/media/D1/ait_users/staff122/deepfake_project/outputs_deepfake_project/dfdc_subset_77_jpg/test/fake/fake_001250.jpg,1.0,0.6332370638847351,1
/media/D1/ait_users/staff122/deepfake_project/outputs_deepfake_project/dfdc_subset_77_jpg/test/fake/fake_001251.jpg,1.0,0.27585315704345703,0
/media/D1/ait_users/staff122/deepfake_project/outputs_deepfake_project/dfdc_subset_77_jpg/test/fake/fake_001252.jpg,1.0,0.6386936902999878,1
/media/D1/ait_users/staff122/deepfake_project/outputs_deepfake_project/dfdc_subset_77_jpg/test/fake/fake_001253.jpg,1.0,0.3743317425251007,0
/media/D1/ait_users/staff122/deepfake_project/outputs_deepfake_project/dfdc_subset_77_jpg/test/fake/fake_001254.jpg,1.0,0.04317159950733185,0
/media/D1/ait_users/staff122/deepfake_project/outputs_deepfake_project/dfdc_subset_77_jpg/test/fake/fake_001255.jpg,1.0,0.37549853324890137,0
/media/D1/ait_users/staff122/deepfake_project/outputs_deepfake_project/dfdc_subset_77_jpg/test/fake/fake_001256.jpg,1.0,0.036881014704704285,0
/media/D1/ait_users/staff122/deepfake_project/outputs_deepfake_project/dfdc_subset_77_jpg/test/fake/fake_001257.jpg,1.0,0.4297930598258972,0
/media/D1/ait_users/staff122/deepfake_project/outputs_deepfake_project/dfdc_subset_77_jpg/test/fake/fake_001258.jpg,1.0,0.3192237615585327,0
/media/D1/ait_users/staff122/deepfake_project/outputs_deepfake_project/dfdc_subset_77_jpg/test/fake/fake_001259.jpg,1.0,0.07099531590938568,0
/media/D1/ait_users/staff122/deepfake_project/outputs_deepfake_project/dfdc_subset_77_jpg/test/fake/fake_001260.jpg,1.0,0.2224607765674591,0
/media/D1/ait_users/staff122/deepfake_project/outputs_deepfake_project/dfdc_subset_77_jpg/test/fake/fake_001261.jpg,1.0,0.1954738348722458,0
/media/D1/ait_users/staff122/deepfake_project/outputs_deepfake_project/dfdc_subset_77_jpg/test/fake/fake_001262.jpg,1.0,0.4215947091579437,0
/media/D1/ait_users/staff122/deepfake_project/outputs_deepfake_project/dfdc_subset_77_jpg/test/fake/fake_001263.jpg,1.0,0.089666448533535,0
/media/D1/ait_users/staff122/deepfake_project/outputs_deepfake_project/dfdc_subset_77_jpg/test/fake/fake_001264.jpg,1.0,0.7069773077964783,1
/media/D1/ait_users/staff122/deepfake_project/outputs_deepfake_project/dfdc_subset_77_jpg/test/fake/fake_001265.jpg,1.0,0.24622517824172974,0
/media/D1/ait_users/staff122/deepfake_project/outputs_deepfake_project/dfdc_subset_77_jpg/test/fake/fake_001266.jpg,1.0,0.022259505465626717,0
/media/D1/ait_users/staff122/deepfake_project/outputs_deepfake_project/dfdc_subset_77_jpg/test/fake/fake_001267.jpg,1.0,0.030130663886666298,0
/media/D1/ait_users/staff122/deepfake_project/outputs_deepfake_project/dfdc_subset_77_jpg/test/fake/fake_001268.jpg,1.0,0.005074439104646444,0
/media/D1/ait_users/staff122/deepfake_project/outputs_deepfake_project/dfdc_subset_77_jpg/test/fake/fake_001269.jpg,1.0,0.035413168370723724,0
/media/D1/ait_users/staff122/deepfake_project/outputs_deepfake_project/dfdc_subset_77_jpg/test/fake/fake_001270.jpg,1.0,0.24020017683506012,0
/media/D1/ait_users/staff122/deepfake_project/outputs_deepfake_project/dfdc_subset_77_jpg/test/fake/fake_001271.jpg,1.0,0.024093860760331154,0
/media/D1/ait_users/staff122/deepfake_project/outputs_deepfake_project/dfdc_subset_77_jpg/test/fake/fake_001272.jpg,1.0,0.017294980585575104,0
/media/D1/ait_users/staff122/deepfake_project/outputs_deepfake_project/dfdc_subset_77_jpg/test/fake/fake_001273.jpg,1.0,0.047193493694067,0
/media/D1/ait_users/staff122/deepfake_project/outputs_deepfake_project/dfdc_subset_77_jpg/test/fake/fake_001274.jpg,1.0,0.004294155165553093,0
/media/D1/ait_users/staff122/deepfake_project/outputs_deepfake_project/dfdc_subset_77_jpg/test/fake/fake_001275.jpg,1.0,0.1161237359046936,0
/media/D1/ait_users/staff122/deepfake_project/outputs_deepfake_project/dfdc_subset_77_jpg/test/fake/fake_001276.jpg,1.0,0.30632463097572327,0
/media/D1/ait_users/staff122/deepfake_project/outputs_deepfake_project/dfdc_subset_77_jpg/test/fake/fake_001277.jpg,1.0,0.26983442902565,0
/media/D1/ait_users/staff122/deepfake_project/outputs_deepfake_project/dfdc_subset_77_jpg/test/fake/fake_001278.jpg,1.0,0.1049368679523468,0
/media/D1/ait_users/staff122/deepfake_project/outputs_deepfake_project/dfdc_subset_77_jpg/test/fake/fake_001279.jpg,1.0,0.3380780518054962,0
/media/D1/ait_users/staff122/deepfake_project/outputs_deepfake_project/dfdc_subset_77_jpg/test/fake/fake_001280.jpg,1.0,0.9996132254600525,1
/media/D1/ait_users/staff122/deepfake_project/outputs_deepfake_project/dfdc_subset_77_jpg/test/fake/fake_001281.jpg,1.0,0.9998816251754761,1
/media/D1/ait_users/staff122/deepfake_project/outputs_deepfake_project/dfdc_subset_77_jpg/test/fake/fake_001282.jpg,1.0,0.9998231530189514,1
/media/D1/ait_users/staff122/deepfake_project/outputs_deepfake_project/dfdc_subset_77_jpg/test/fake/fake_001283.jpg,1.0,0.9998912811279297,1
/media/D1/ait_users/staff122/deepfake_project/outputs_deepfake_project/dfdc_subset_77_jpg/test/fake/fake_001284.jpg,1.0,0.9997898936271667,1
/media/D1/ait_users/staff122/deepfake_project/outputs_deepfake_project/dfdc_subset_77_jpg/test/fake/fake_001285.jpg,1.0,0.9997841715812683,1
/media/D1/ait_users/staff122/deepfake_project/outputs_deepfake_project/dfdc_subset_77_jpg/test/fake/fake_001286.jpg,1.0,0.9997739195823669,1
/media/D1/ait_users/staff122/deepfake_project/outputs_deepfake_project/dfdc_subset_77_jpg/test/fake/fake_001287.jpg,1.0,0.9998594522476196,1
/media/D1/ait_users/staff122/deepfake_project/outputs_deepfake_project/dfdc_subset_77_jpg/test/fake/fake_001288.jpg,1.0,0.99992835521698,1
/media/D1/ait_users/staff122/deepfake_project/outputs_deepfake_project/dfdc_subset_77_jpg/test/fake/fake_001289.jpg,1.0,0.9998900890350342,1
/media/D1/ait_users/staff122/deepfake_project/outputs_deepfake_project/dfdc_subset_77_jpg/test/fake/fake_001290.jpg,1.0,0.9998940229415894,1
/media/D1/ait_users/staff122/deepfake_project/outputs_deepfake_project/dfdc_subset_77_jpg/test/fake/fake_001291.jpg,1.0,0.9996503591537476,1
/media/D1/ait_users/staff122/deepfake_project/outputs_deepfake_project/dfdc_subset_77_jpg/test/fake/fake_001292.jpg,1.0,0.999805748462677,1
/media/D1/ait_users/staff122/deepfake_project/outputs_deepfake_project/dfdc_subset_77_jpg/test/fake/fake_001293.jpg,1.0,0.9998070597648621,1
/media/D1/ait_users/staff122/deepfake_project/outputs_deepfake_project/dfdc_subset_77_jpg/test/fake/fake_001294.jpg,1.0,0.999727189540863,1
/media/D1/ait_users/staff122/deepfake_project/outputs_deepfake_project/dfdc_subset_77_jpg/test/fake/fake_001295.jpg,1.0,0.9994434714317322,1
/media/D1/ait_users/staff122/deepfake_project/outputs_deepfake_project/dfdc_subset_77_jpg/test/fake/fake_001296.jpg,1.0,0.9996387958526611,1
/media/D1/ait_users/staff122/deepfake_project/outputs_deepfake_project/dfdc_subset_77_jpg/test/fake/fake_001297.jpg,1.0,0.999891996383667,1
/media/D1/ait_users/staff122/deepfake_project/outputs_deepfake_project/dfdc_subset_77_jpg/test/fake/fake_001298.jpg,1.0,0.999785840511322,1
/media/D1/ait_users/staff122/deepfake_project/outputs_deepfake_project/dfdc_subset_77_jpg/test/fake/fake_001299.jpg,1.0,0.999679446220398,1
/media/D1/ait_users/staff122/deepfake_project/outputs_deepfake_project/dfdc_subset_77_jpg/test/fake/fake_001300.jpg,1.0,0.999873161315918,1
/media/D1/ait_users/staff122/deepfake_project/outputs_deepfake_project/dfdc_subset_77_jpg/test/fake/fake_001301.jpg,1.0,0.9995610117912292,1
/media/D1/ait_users/staff122/deepfake_project/outputs_deepfake_project/dfdc_subset_77_jpg/test/fake/fake_001302.jpg,1.0,0.9996994733810425,1
/media/D1/ait_users/staff122/deepfake_project/outputs_deepfake_project/dfdc_subset_77_jpg/test/fake/fake_001303.jpg,1.0,0.9998014569282532,1
/media/D1/ait_users/staff122/deepfake_project/outputs_deepfake_project/dfdc_subset_77_jpg/test/fake/fake_001304.jpg,1.0,0.9992110729217529,1
/media/D1/ait_users/staff122/deepfake_project/outputs_deepfake_project/dfdc_subset_77_jpg/test/fake/fake_001305.jpg,1.0,0.9997153878211975,1
/media/D1/ait_users/staff122/deepfake_project/outputs_deepfake_project/dfdc_subset_77_jpg/test/fake/fake_001306.jpg,1.0,0.9997865557670593,1
/media/D1/ait_users/staff122/deepfake_project/outputs_deepfake_project/dfdc_subset_77_jpg/test/fake/fake_001307.jpg,1.0,0.9998155236244202,1
/media/D1/ait_users/staff122/deepfake_project/outputs_deepfake_project/dfdc_subset_77_jpg/test/fake/fake_001308.jpg,1.0,0.9990993738174438,1
/media/D1/ait_users/staff122/deepfake_project/outputs_deepfake_project/dfdc_subset_77_jpg/test/fake/fake_001309.jpg,1.0,0.9998713731765747,1
/media/D1/ait_users/staff122/deepfake_project/outputs_deepfake_project/dfdc_subset_77_jpg/test/fake/fake_001310.jpg,1.0,0.9996424913406372,1
/media/D1/ait_users/staff122/deepfake_project/outputs_deepfake_project/dfdc_subset_77_jpg/test/fake/fake_001311.jpg,1.0,0.999448835849762,1
/media/D1/ait_users/staff122/deepfake_project/outputs_deepfake_project/dfdc_subset_77_jpg/test/fake/fake_001312.jpg,1.0,0.8471937775611877,1
/media/D1/ait_users/staff122/deepfake_project/outputs_deepfake_project/dfdc_subset_77_jpg/test/fake/fake_001313.jpg,1.0,0.9232314229011536,1
/media/D1/ait_users/staff122/deepfake_project/outputs_deepfake_project/dfdc_subset_77_jpg/test/fake/fake_001314.jpg,1.0,0.9171993732452393,1
/media/D1/ait_users/staff122/deepfake_project/outputs_deepfake_project/dfdc_subset_77_jpg/test/fake/fake_001315.jpg,1.0,0.9671105742454529,1
/media/D1/ait_users/staff122/deepfake_project/outputs_deepfake_project/dfdc_subset_77_jpg/test/fake/fake_001316.jpg,1.0,0.8401644229888916,1
/media/D1/ait_users/staff122/deepfake_project/outputs_deepfake_project/dfdc_subset_77_jpg/test/fake/fake_001317.jpg,1.0,0.9964827299118042,1
/media/D1/ait_users/staff122/deepfake_project/outputs_deepfake_project/dfdc_subset_77_jpg/test/fake/fake_001318.jpg,1.0,0.9967668056488037,1
/media/D1/ait_users/staff122/deepfake_project/outputs_deepfake_project/dfdc_subset_77_jpg/test/fake/fake_001319.jpg,1.0,0.9902690649032593,1
/media/D1/ait_users/staff122/deepfake_project/outputs_deepfake_project/dfdc_subset_77_jpg/test/fake/fake_001320.jpg,1.0,0.9986628293991089,1
/media/D1/ait_users/staff122/deepfake_project/outputs_deepfake_project/dfdc_subset_77_jpg/test/fake/fake_001321.jpg,1.0,0.9992462396621704,1
/media/D1/ait_users/staff122/deepfake_project/outputs_deepfake_project/dfdc_subset_77_jpg/test/fake/fake_001322.jpg,1.0,0.9979776740074158,1
/media/D1/ait_users/staff122/deepfake_project/outputs_deepfake_project/dfdc_subset_77_jpg/test/fake/fake_001323.jpg,1.0,0.9986599683761597,1
/media/D1/ait_users/staff122/deepfake_project/outputs_deepfake_project/dfdc_subset_77_jpg/test/fake/fake_001324.jpg,1.0,0.9994256496429443,1
/media/D1/ait_users/staff122/deepfake_project/outputs_deepfake_project/dfdc_subset_77_jpg/test/fake/fake_001325.jpg,1.0,0.9986756443977356,1
/media/D1/ait_users/staff122/deepfake_project/outputs_deepfake_project/dfdc_subset_77_jpg/test/fake/fake_001326.jpg,1.0,0.9988419413566589,1
/media/D1/ait_users/staff122/deepfake_project/outputs_deepfake_project/dfdc_subset_77_jpg/test/fake/fake_001327.jpg,1.0,0.9987792372703552,1
/media/D1/ait_users/staff122/deepfake_project/outputs_deepfake_project/dfdc_subset_77_jpg/test/fake/fake_001328.jpg,1.0,0.9933931231498718,1
/media/D1/ait_users/staff122/deepfake_project/outputs_deepfake_project/dfdc_subset_77_jpg/test/fake/fake_001329.jpg,1.0,0.9989321827888489,1
/media/D1/ait_users/staff122/deepfake_project/outputs_deepfake_project/dfdc_subset_77_jpg/test/fake/fake_001330.jpg,1.0,0.9992043375968933,1
/media/D1/ait_users/staff122/deepfake_project/outputs_deepfake_project/dfdc_subset_77_jpg/test/fake/fake_001331.jpg,1.0,0.8470476269721985,1
/media/D1/ait_users/staff122/deepfake_project/outputs_deepfake_project/dfdc_subset_77_jpg/test/fake/fake_001332.jpg,1.0,0.9593777060508728,1
/media/D1/ait_users/staff122/deepfake_project/outputs_deepfake_project/dfdc_subset_77_jpg/test/fake/fake_001333.jpg,1.0,0.9486010670661926,1
/media/D1/ait_users/staff122/deepfake_project/outputs_deepfake_project/dfdc_subset_77_jpg/test/fake/fake_001334.jpg,1.0,0.9213693141937256,1
/media/D1/ait_users/staff122/deepfake_project/outputs_deepfake_project/dfdc_subset_77_jpg/test/fake/fake_001335.jpg,1.0,0.9960592985153198,1
/media/D1/ait_users/staff122/deepfake_project/outputs_deepfake_project/dfdc_subset_77_jpg/test/fake/fake_001336.jpg,1.0,0.9992644190788269,1
/media/D1/ait_users/staff122/deepfake_project/outputs_deepfake_project/dfdc_subset_77_jpg/test/fake/fake_001337.jpg,1.0,0.9993144273757935,1
/media/D1/ait_users/staff122/deepfake_project/outputs_deepfake_project/dfdc_subset_77_jpg/test/fake/fake_001338.jpg,1.0,0.8899546265602112,1
/media/D1/ait_users/staff122/deepfake_project/outputs_deepfake_project/dfdc_subset_77_jpg/test/fake/fake_001339.jpg,1.0,0.9921457171440125,1
/media/D1/ait_users/staff122/deepfake_project/outputs_deepfake_project/dfdc_subset_77_jpg/test/fake/fake_001340.jpg,1.0,0.9973848462104797,1
/media/D1/ait_users/staff122/deepfake_project/outputs_deepfake_project/dfdc_subset_77_jpg/test/fake/fake_001341.jpg,1.0,0.998162567615509,1
/media/D1/ait_users/staff122/deepfake_project/outputs_deepfake_project/dfdc_subset_77_jpg/test/fake/fake_001342.jpg,1.0,0.9993360638618469,1
/media/D1/ait_users/staff122/deepfake_project/outputs_deepfake_project/dfdc_subset_77_jpg/test/fake/fake_001343.jpg,1.0,0.9985443353652954,1
/media/D1/ait_users/staff122/deepfake_project/outputs_deepfake_project/dfdc_subset_77_jpg/test/fake/fake_001344.jpg,1.0,0.8840803503990173,1
/media/D1/ait_users/staff122/deepfake_project/outputs_deepfake_project/dfdc_subset_77_jpg/test/fake/fake_001345.jpg,1.0,0.31319230794906616,0
/media/D1/ait_users/staff122/deepfake_project/outputs_deepfake_project/dfdc_subset_77_jpg/test/fake/fake_001346.jpg,1.0,0.29324600100517273,0
/media/D1/ait_users/staff122/deepfake_project/outputs_deepfake_project/dfdc_subset_77_jpg/test/fake/fake_001347.jpg,1.0,0.276039183139801,0
/media/D1/ait_users/staff122/deepfake_project/outputs_deepfake_project/dfdc_subset_77_jpg/test/fake/fake_001348.jpg,1.0,0.8604090809822083,1
/media/D1/ait_users/staff122/deepfake_project/outputs_deepfake_project/dfdc_subset_77_jpg/test/fake/fake_001349.jpg,1.0,0.10999457538127899,0
/media/D1/ait_users/staff122/deepfake_project/outputs_deepfake_project/dfdc_subset_77_jpg/test/fake/fake_001350.jpg,1.0,0.018633129075169563,0
/media/D1/ait_users/staff122/deepfake_project/outputs_deepfake_project/dfdc_subset_77_jpg/test/fake/fake_001351.jpg,1.0,0.7969692945480347,1
/media/D1/ait_users/staff122/deepfake_project/outputs_deepfake_project/dfdc_subset_77_jpg/test/fake/fake_001352.jpg,1.0,0.5318848490715027,1
/media/D1/ait_users/staff122/deepfake_project/outputs_deepfake_project/dfdc_subset_77_jpg/test/fake/fake_001353.jpg,1.0,0.9282783269882202,1
/media/D1/ait_users/staff122/deepfake_project/outputs_deepfake_project/dfdc_subset_77_jpg/test/fake/fake_001354.jpg,1.0,0.7444102764129639,1
/media/D1/ait_users/staff122/deepfake_project/outputs_deepfake_project/dfdc_subset_77_jpg/test/fake/fake_001355.jpg,1.0,0.06465073674917221,0
/media/D1/ait_users/staff122/deepfake_project/outputs_deepfake_project/dfdc_subset_77_jpg/test/fake/fake_001356.jpg,1.0,0.38043391704559326,0
/media/D1/ait_users/staff122/deepfake_project/outputs_deepfake_project/dfdc_subset_77_jpg/test/fake/fake_001357.jpg,1.0,0.004049606155604124,0
/media/D1/ait_users/staff122/deepfake_project/outputs_deepfake_project/dfdc_subset_77_jpg/test/fake/fake_001358.jpg,1.0,0.008352057076990604,0
/media/D1/ait_users/staff122/deepfake_project/outputs_deepfake_project/dfdc_subset_77_jpg/test/fake/fake_001359.jpg,1.0,0.0045584868639707565,0
/media/D1/ait_users/staff122/deepfake_project/outputs_deepfake_project/dfdc_subset_77_jpg/test/fake/fake_001360.jpg,1.0,0.28347456455230713,0
/media/D1/ait_users/staff122/deepfake_project/outputs_deepfake_project/dfdc_subset_77_jpg/test/fake/fake_001361.jpg,1.0,0.9989941716194153,1
/media/D1/ait_users/staff122/deepfake_project/outputs_deepfake_project/dfdc_subset_77_jpg/test/fake/fake_001362.jpg,1.0,0.9841534495353699,1
/media/D1/ait_users/staff122/deepfake_project/outputs_deepfake_project/dfdc_subset_77_jpg/test/fake/fake_001363.jpg,1.0,0.9895362854003906,1
/media/D1/ait_users/staff122/deepfake_project/outputs_deepfake_project/dfdc_subset_77_jpg/test/fake/fake_001364.jpg,1.0,0.23282490670681,0
/media/D1/ait_users/staff122/deepfake_project/outputs_deepfake_project/dfdc_subset_77_jpg/test/fake/fake_001365.jpg,1.0,0.024768559262156487,0
/media/D1/ait_users/staff122/deepfake_project/outputs_deepfake_project/dfdc_subset_77_jpg/test/fake/fake_001366.jpg,1.0,0.009536166675388813,0
/media/D1/ait_users/staff122/deepfake_project/outputs_deepfake_project/dfdc_subset_77_jpg/test/fake/fake_001367.jpg,1.0,0.0036089266650378704,0
/media/D1/ait_users/staff122/deepfake_project/outputs_deepfake_project/dfdc_subset_77_jpg/test/fake/fake_001368.jpg,1.0,0.05960291624069214,0
/media/D1/ait_users/staff122/deepfake_project/outputs_deepfake_project/dfdc_subset_77_jpg/test/fake/fake_001369.jpg,1.0,0.7066915035247803,1
/media/D1/ait_users/staff122/deepfake_project/outputs_deepfake_project/dfdc_subset_77_jpg/test/fake/fake_001370.jpg,1.0,0.3131084144115448,0
/media/D1/ait_users/staff122/deepfake_project/outputs_deepfake_project/dfdc_subset_77_jpg/test/fake/fake_001371.jpg,1.0,0.5595840811729431,1
/media/D1/ait_users/staff122/deepfake_project/outputs_deepfake_project/dfdc_subset_77_jpg/test/fake/fake_001372.jpg,1.0,0.5367752313613892,1
/media/D1/ait_users/staff122/deepfake_project/outputs_deepfake_project/dfdc_subset_77_jpg/test/fake/fake_001373.jpg,1.0,0.7844638824462891,1
/media/D1/ait_users/staff122/deepfake_project/outputs_deepfake_project/dfdc_subset_77_jpg/test/fake/fake_001374.jpg,1.0,0.004587346222251654,0
/media/D1/ait_users/staff122/deepfake_project/outputs_deepfake_project/dfdc_subset_77_jpg/test/fake/fake_001375.jpg,1.0,0.006091820076107979,0
/media/D1/ait_users/staff122/deepfake_project/outputs_deepfake_project/dfdc_subset_77_jpg/test/fake/fake_001376.jpg,1.0,0.9473382234573364,1
/media/D1/ait_users/staff122/deepfake_project/outputs_deepfake_project/dfdc_subset_77_jpg/test/fake/fake_001377.jpg,1.0,0.9826295375823975,1
/media/D1/ait_users/staff122/deepfake_project/outputs_deepfake_project/dfdc_subset_77_jpg/test/fake/fake_001378.jpg,1.0,0.8777697682380676,1
/media/D1/ait_users/staff122/deepfake_project/outputs_deepfake_project/dfdc_subset_77_jpg/test/fake/fake_001379.jpg,1.0,0.9932445883750916,1
/media/D1/ait_users/staff122/deepfake_project/outputs_deepfake_project/dfdc_subset_77_jpg/test/fake/fake_001380.jpg,1.0,0.911257266998291,1
/media/D1/ait_users/staff122/deepfake_project/outputs_deepfake_project/dfdc_subset_77_jpg/test/fake/fake_001381.jpg,1.0,0.9697991013526917,1
/media/D1/ait_users/staff122/deepfake_project/outputs_deepfake_project/dfdc_subset_77_jpg/test/fake/fake_001382.jpg,1.0,0.9370829463005066,1
/media/D1/ait_users/staff122/deepfake_project/outputs_deepfake_project/dfdc_subset_77_jpg/test/fake/fake_001383.jpg,1.0,0.9983329176902771,1
/media/D1/ait_users/staff122/deepfake_project/outputs_deepfake_project/dfdc_subset_77_jpg/test/fake/fake_001384.jpg,1.0,0.19838395714759827,0
/media/D1/ait_users/staff122/deepfake_project/outputs_deepfake_project/dfdc_subset_77_jpg/test/fake/fake_001385.jpg,1.0,0.9985671043395996,1
/media/D1/ait_users/staff122/deepfake_project/outputs_deepfake_project/dfdc_subset_77_jpg/test/fake/fake_001386.jpg,1.0,0.8879427313804626,1
/media/D1/ait_users/staff122/deepfake_project/outputs_deepfake_project/dfdc_subset_77_jpg/test/fake/fake_001387.jpg,1.0,0.9845110177993774,1
/media/D1/ait_users/staff122/deepfake_project/outputs_deepfake_project/dfdc_subset_77_jpg/test/fake/fake_001388.jpg,1.0,0.6078544855117798,1
/media/D1/ait_users/staff122/deepfake_project/outputs_deepfake_project/dfdc_subset_77_jpg/test/fake/fake_001389.jpg,1.0,0.9956661462783813,1
/media/D1/ait_users/staff122/deepfake_project/outputs_deepfake_project/dfdc_subset_77_jpg/test/fake/fake_001390.jpg,1.0,0.857663094997406,1
/media/D1/ait_users/staff122/deepfake_project/outputs_deepfake_project/dfdc_subset_77_jpg/test/fake/fake_001391.jpg,1.0,0.9971711039543152,1
/media/D1/ait_users/staff122/deepfake_project/outputs_deepfake_project/dfdc_subset_77_jpg/test/fake/fake_001392.jpg,1.0,0.9938727617263794,1
/media/D1/ait_users/staff122/deepfake_project/outputs_deepfake_project/dfdc_subset_77_jpg/test/fake/fake_001393.jpg,1.0,0.9947407841682434,1
/media/D1/ait_users/staff122/deepfake_project/outputs_deepfake_project/dfdc_subset_77_jpg/test/fake/fake_001394.jpg,1.0,0.9944506883621216,1
/media/D1/ait_users/staff122/deepfake_project/outputs_deepfake_project/dfdc_subset_77_jpg/test/fake/fake_001395.jpg,1.0,0.9578930735588074,1
/media/D1/ait_users/staff122/deepfake_project/outputs_deepfake_project/dfdc_subset_77_jpg/test/fake/fake_001396.jpg,1.0,0.9946119785308838,1
/media/D1/ait_users/staff122/deepfake_project/outputs_deepfake_project/dfdc_subset_77_jpg/test/fake/fake_001397.jpg,1.0,0.9326311945915222,1
/media/D1/ait_users/staff122/deepfake_project/outputs_deepfake_project/dfdc_subset_77_jpg/test/fake/fake_001398.jpg,1.0,0.9975807666778564,1
/media/D1/ait_users/staff122/deepfake_project/outputs_deepfake_project/dfdc_subset_77_jpg/test/fake/fake_001399.jpg,1.0,0.27806833386421204,0
/media/D1/ait_users/staff122/deepfake_project/outputs_deepfake_project/dfdc_subset_77_jpg/test/fake/fake_001400.jpg,1.0,0.214547798037529,0
/media/D1/ait_users/staff122/deepfake_project/outputs_deepfake_project/dfdc_subset_77_jpg/test/fake/fake_001401.jpg,1.0,0.48267900943756104,0
/media/D1/ait_users/staff122/deepfake_project/outputs_deepfake_project/dfdc_subset_77_jpg/test/fake/fake_001402.jpg,1.0,0.5988242626190186,1
/media/D1/ait_users/staff122/deepfake_project/outputs_deepfake_project/dfdc_subset_77_jpg/test/fake/fake_001403.jpg,1.0,0.7733135223388672,1
/media/D1/ait_users/staff122/deepfake_project/outputs_deepfake_project/dfdc_subset_77_jpg/test/fake/fake_001404.jpg,1.0,0.6147367358207703,1
/media/D1/ait_users/staff122/deepfake_project/outputs_deepfake_project/dfdc_subset_77_jpg/test/fake/fake_001405.jpg,1.0,0.8950387239456177,1
/media/D1/ait_users/staff122/deepfake_project/outputs_deepfake_project/dfdc_subset_77_jpg/test/fake/fake_001406.jpg,1.0,0.9744762182235718,1
/media/D1/ait_users/staff122/deepfake_project/outputs_deepfake_project/dfdc_subset_77_jpg/test/fake/fake_001407.jpg,1.0,0.6374096274375916,1
/media/D1/ait_users/staff122/deepfake_project/outputs_deepfake_project/dfdc_subset_77_jpg/test/fake/fake_001408.jpg,1.0,0.9747546911239624,1
/media/D1/ait_users/staff122/deepfake_project/outputs_deepfake_project/dfdc_subset_77_jpg/test/fake/fake_001409.jpg,1.0,0.9983081817626953,1
/media/D1/ait_users/staff122/deepfake_project/outputs_deepfake_project/dfdc_subset_77_jpg/test/fake/fake_001410.jpg,1.0,0.939626932144165,1
/media/D1/ait_users/staff122/deepfake_project/outputs_deepfake_project/dfdc_subset_77_jpg/test/fake/fake_001411.jpg,1.0,0.9447951912879944,1
/media/D1/ait_users/staff122/deepfake_project/outputs_deepfake_project/dfdc_subset_77_jpg/test/fake/fake_001412.jpg,1.0,0.9991425275802612,1
/media/D1/ait_users/staff122/deepfake_project/outputs_deepfake_project/dfdc_subset_77_jpg/test/fake/fake_001413.jpg,1.0,0.9417994618415833,1
/media/D1/ait_users/staff122/deepfake_project/outputs_deepfake_project/dfdc_subset_77_jpg/test/fake/fake_001414.jpg,1.0,0.9914160370826721,1
/media/D1/ait_users/staff122/deepfake_project/outputs_deepfake_project/dfdc_subset_77_jpg/test/fake/fake_001415.jpg,1.0,0.9415403008460999,1
/media/D1/ait_users/staff122/deepfake_project/outputs_deepfake_project/dfdc_subset_77_jpg/test/fake/fake_001416.jpg,1.0,0.9906931519508362,1
/media/D1/ait_users/staff122/deepfake_project/outputs_deepfake_project/dfdc_subset_77_jpg/test/fake/fake_001417.jpg,1.0,0.9894967079162598,1
/media/D1/ait_users/staff122/deepfake_project/outputs_deepfake_project/dfdc_subset_77_jpg/test/fake/fake_001418.jpg,1.0,0.9615350961685181,1
/media/D1/ait_users/staff122/deepfake_project/outputs_deepfake_project/dfdc_subset_77_jpg/test/fake/fake_001419.jpg,1.0,0.9967663288116455,1
/media/D1/ait_users/staff122/deepfake_project/outputs_deepfake_project/dfdc_subset_77_jpg/test/fake/fake_001420.jpg,1.0,0.9968407154083252,1
/media/D1/ait_users/staff122/deepfake_project/outputs_deepfake_project/dfdc_subset_77_jpg/test/fake/fake_001421.jpg,1.0,0.998088538646698,1
/media/D1/ait_users/staff122/deepfake_project/outputs_deepfake_project/dfdc_subset_77_jpg/test/fake/fake_001422.jpg,1.0,0.8811187148094177,1
/media/D1/ait_users/staff122/deepfake_project/outputs_deepfake_project/dfdc_subset_77_jpg/test/fake/fake_001423.jpg,1.0,0.8117453455924988,1
/media/D1/ait_users/staff122/deepfake_project/outputs_deepfake_project/dfdc_subset_77_jpg/test/fake/fake_001424.jpg,1.0,0.8082277774810791,1
/media/D1/ait_users/staff122/deepfake_project/outputs_deepfake_project/dfdc_subset_77_jpg/test/fake/fake_001425.jpg,1.0,0.8704603314399719,1
/media/D1/ait_users/staff122/deepfake_project/outputs_deepfake_project/dfdc_subset_77_jpg/test/fake/fake_001426.jpg,1.0,0.857007622718811,1
/media/D1/ait_users/staff122/deepfake_project/outputs_deepfake_project/dfdc_subset_77_jpg/test/fake/fake_001427.jpg,1.0,0.9909837245941162,1
/media/D1/ait_users/staff122/deepfake_project/outputs_deepfake_project/dfdc_subset_77_jpg/test/fake/fake_001428.jpg,1.0,0.9822576642036438,1
/media/D1/ait_users/staff122/deepfake_project/outputs_deepfake_project/dfdc_subset_77_jpg/test/fake/fake_001429.jpg,1.0,0.9961065649986267,1
/media/D1/ait_users/staff122/deepfake_project/outputs_deepfake_project/dfdc_subset_77_jpg/test/fake/fake_001430.jpg,1.0,0.9817989468574524,1
/media/D1/ait_users/staff122/deepfake_project/outputs_deepfake_project/dfdc_subset_77_jpg/test/fake/fake_001431.jpg,1.0,0.9576565623283386,1
/media/D1/ait_users/staff122/deepfake_project/outputs_deepfake_project/dfdc_subset_77_jpg/test/fake/fake_001432.jpg,1.0,0.9854114651679993,1
/media/D1/ait_users/staff122/deepfake_project/outputs_deepfake_project/dfdc_subset_77_jpg/test/fake/fake_001433.jpg,1.0,0.9596073031425476,1
/media/D1/ait_users/staff122/deepfake_project/outputs_deepfake_project/dfdc_subset_77_jpg/test/fake/fake_001434.jpg,1.0,0.6153461337089539,1
/media/D1/ait_users/staff122/deepfake_project/outputs_deepfake_project/dfdc_subset_77_jpg/test/fake/fake_001435.jpg,1.0,0.9860456585884094,1
/media/D1/ait_users/staff122/deepfake_project/outputs_deepfake_project/dfdc_subset_77_jpg/test/fake/fake_001436.jpg,1.0,0.9926831126213074,1
/media/D1/ait_users/staff122/deepfake_project/outputs_deepfake_project/dfdc_subset_77_jpg/test/fake/fake_001437.jpg,1.0,0.9984853863716125,1
/media/D1/ait_users/staff122/deepfake_project/outputs_deepfake_project/dfdc_subset_77_jpg/test/fake/fake_001438.jpg,1.0,0.9726760387420654,1
/media/D1/ait_users/staff122/deepfake_project/outputs_deepfake_project/dfdc_subset_77_jpg/test/fake/fake_001439.jpg,1.0,0.9968159794807434,1
/media/D1/ait_users/staff122/deepfake_project/outputs_deepfake_project/dfdc_subset_77_jpg/test/fake/fake_001440.jpg,1.0,0.998934805393219,1
/media/D1/ait_users/staff122/deepfake_project/outputs_deepfake_project/dfdc_subset_77_jpg/test/fake/fake_001441.jpg,1.0,0.3229411244392395,0
/media/D1/ait_users/staff122/deepfake_project/outputs_deepfake_project/dfdc_subset_77_jpg/test/fake/fake_001442.jpg,1.0,0.6399314403533936,1
/media/D1/ait_users/staff122/deepfake_project/outputs_deepfake_project/dfdc_subset_77_jpg/test/fake/fake_001443.jpg,1.0,0.05665019527077675,0
/media/D1/ait_users/staff122/deepfake_project/outputs_deepfake_project/dfdc_subset_77_jpg/test/fake/fake_001444.jpg,1.0,0.16450722515583038,0
/media/D1/ait_users/staff122/deepfake_project/outputs_deepfake_project/dfdc_subset_77_jpg/test/fake/fake_001445.jpg,1.0,0.6310639381408691,1
/media/D1/ait_users/staff122/deepfake_project/outputs_deepfake_project/dfdc_subset_77_jpg/test/fake/fake_001446.jpg,1.0,0.0006514333072118461,0
/media/D1/ait_users/staff122/deepfake_project/outputs_deepfake_project/dfdc_subset_77_jpg/test/fake/fake_001447.jpg,1.0,0.7137791514396667,1
/media/D1/ait_users/staff122/deepfake_project/outputs_deepfake_project/dfdc_subset_77_jpg/test/fake/fake_001448.jpg,1.0,0.9526166319847107,1
/media/D1/ait_users/staff122/deepfake_project/outputs_deepfake_project/dfdc_subset_77_jpg/test/fake/fake_001449.jpg,1.0,0.9320772886276245,1
/media/D1/ait_users/staff122/deepfake_project/outputs_deepfake_project/dfdc_subset_77_jpg/test/fake/fake_001450.jpg,1.0,0.9804217219352722,1
/media/D1/ait_users/staff122/deepfake_project/outputs_deepfake_project/dfdc_subset_77_jpg/test/fake/fake_001451.jpg,1.0,0.9566205143928528,1
/media/D1/ait_users/staff122/deepfake_project/outputs_deepfake_project/dfdc_subset_77_jpg/test/fake/fake_001452.jpg,1.0,0.9889945387840271,1
/media/D1/ait_users/staff122/deepfake_project/outputs_deepfake_project/dfdc_subset_77_jpg/test/fake/fake_001453.jpg,1.0,0.4927181899547577,0
/media/D1/ait_users/staff122/deepfake_project/outputs_deepfake_project/dfdc_subset_77_jpg/test/fake/fake_001454.jpg,1.0,0.07262919098138809,0
/media/D1/ait_users/staff122/deepfake_project/outputs_deepfake_project/dfdc_subset_77_jpg/test/fake/fake_001455.jpg,1.0,0.9950305223464966,1
/media/D1/ait_users/staff122/deepfake_project/outputs_deepfake_project/dfdc_subset_77_jpg/test/fake/fake_001456.jpg,1.0,0.9994926452636719,1
/media/D1/ait_users/staff122/deepfake_project/outputs_deepfake_project/dfdc_subset_77_jpg/test/fake/fake_001457.jpg,1.0,0.9990919828414917,1
/media/D1/ait_users/staff122/deepfake_project/outputs_deepfake_project/dfdc_subset_77_jpg/test/fake/fake_001458.jpg,1.0,0.7569776773452759,1
/media/D1/ait_users/staff122/deepfake_project/outputs_deepfake_project/dfdc_subset_77_jpg/test/fake/fake_001459.jpg,1.0,0.9687645435333252,1
/media/D1/ait_users/staff122/deepfake_project/outputs_deepfake_project/dfdc_subset_77_jpg/test/fake/fake_001460.jpg,1.0,0.972412645816803,1
/media/D1/ait_users/staff122/deepfake_project/outputs_deepfake_project/dfdc_subset_77_jpg/test/fake/fake_001461.jpg,1.0,0.183851420879364,0
/media/D1/ait_users/staff122/deepfake_project/outputs_deepfake_project/dfdc_subset_77_jpg/test/fake/fake_001462.jpg,1.0,0.9646995067596436,1
/media/D1/ait_users/staff122/deepfake_project/outputs_deepfake_project/dfdc_subset_77_jpg/test/fake/fake_001463.jpg,1.0,0.9993743300437927,1
/media/D1/ait_users/staff122/deepfake_project/outputs_deepfake_project/dfdc_subset_77_jpg/test/fake/fake_001464.jpg,1.0,0.999017596244812,1
/media/D1/ait_users/staff122/deepfake_project/outputs_deepfake_project/dfdc_subset_77_jpg/test/fake/fake_001465.jpg,1.0,0.9947800636291504,1
/media/D1/ait_users/staff122/deepfake_project/outputs_deepfake_project/dfdc_subset_77_jpg/test/fake/fake_001466.jpg,1.0,0.1794653683900833,0
/media/D1/ait_users/staff122/deepfake_project/outputs_deepfake_project/dfdc_subset_77_jpg/test/fake/fake_001467.jpg,1.0,0.9326289892196655,1
/media/D1/ait_users/staff122/deepfake_project/outputs_deepfake_project/dfdc_subset_77_jpg/test/fake/fake_001468.jpg,1.0,0.9036771059036255,1
/media/D1/ait_users/staff122/deepfake_project/outputs_deepfake_project/dfdc_subset_77_jpg/test/fake/fake_001469.jpg,1.0,0.9979870319366455,1
/media/D1/ait_users/staff122/deepfake_project/outputs_deepfake_project/dfdc_subset_77_jpg/test/fake/fake_001470.jpg,1.0,0.9990924596786499,1
/media/D1/ait_users/staff122/deepfake_project/outputs_deepfake_project/dfdc_subset_77_jpg/test/fake/fake_001471.jpg,1.0,0.9980693459510803,1
/media/D1/ait_users/staff122/deepfake_project/outputs_deepfake_project/dfdc_subset_77_jpg/test/fake/fake_001472.jpg,1.0,0.11197395622730255,0
/media/D1/ait_users/staff122/deepfake_project/outputs_deepfake_project/dfdc_subset_77_jpg/test/fake/fake_001473.jpg,1.0,0.21059659123420715,0
/media/D1/ait_users/staff122/deepfake_project/outputs_deepfake_project/dfdc_subset_77_jpg/test/fake/fake_001474.jpg,1.0,0.013060473836958408,0
/media/D1/ait_users/staff122/deepfake_project/outputs_deepfake_project/dfdc_subset_77_jpg/test/fake/fake_001475.jpg,1.0,0.05213511362671852,0
/media/D1/ait_users/staff122/deepfake_project/outputs_deepfake_project/dfdc_subset_77_jpg/test/fake/fake_001476.jpg,1.0,0.19577603042125702,0
/media/D1/ait_users/staff122/deepfake_project/outputs_deepfake_project/dfdc_subset_77_jpg/test/fake/fake_001477.jpg,1.0,0.5137861371040344,1
/media/D1/ait_users/staff122/deepfake_project/outputs_deepfake_project/dfdc_subset_77_jpg/test/fake/fake_001478.jpg,1.0,0.10217290371656418,0
/media/D1/ait_users/staff122/deepfake_project/outputs_deepfake_project/dfdc_subset_77_jpg/test/fake/fake_001479.jpg,1.0,0.22275444865226746,0
/media/D1/ait_users/staff122/deepfake_project/outputs_deepfake_project/dfdc_subset_77_jpg/test/fake/fake_001480.jpg,1.0,0.4150944948196411,0
/media/D1/ait_users/staff122/deepfake_project/outputs_deepfake_project/dfdc_subset_77_jpg/test/fake/fake_001481.jpg,1.0,0.054478276520967484,0
/media/D1/ait_users/staff122/deepfake_project/outputs_deepfake_project/dfdc_subset_77_jpg/test/fake/fake_001482.jpg,1.0,0.7978341579437256,1
/media/D1/ait_users/staff122/deepfake_project/outputs_deepfake_project/dfdc_subset_77_jpg/test/fake/fake_001483.jpg,1.0,0.4530651271343231,0
/media/D1/ait_users/staff122/deepfake_project/outputs_deepfake_project/dfdc_subset_77_jpg/test/fake/fake_001484.jpg,1.0,0.06544727087020874,0
/media/D1/ait_users/staff122/deepfake_project/outputs_deepfake_project/dfdc_subset_77_jpg/test/fake/fake_001485.jpg,1.0,0.07096470892429352,0
/media/D1/ait_users/staff122/deepfake_project/outputs_deepfake_project/dfdc_subset_77_jpg/test/fake/fake_001486.jpg,1.0,0.24193309247493744,0
/media/D1/ait_users/staff122/deepfake_project/outputs_deepfake_project/dfdc_subset_77_jpg/test/fake/fake_001487.jpg,1.0,0.01022413745522499,0
/media/D1/ait_users/staff122/deepfake_project/outputs_deepfake_project/dfdc_subset_77_jpg/test/fake/fake_001488.jpg,1.0,0.024360457435250282,0
/media/D1/ait_users/staff122/deepfake_project/outputs_deepfake_project/dfdc_subset_77_jpg/test/fake/fake_001489.jpg,1.0,0.0074202134273946285,0
/media/D1/ait_users/staff122/deepfake_project/outputs_deepfake_project/dfdc_subset_77_jpg/test/fake/fake_001490.jpg,1.0,0.0038736152928322554,0
/media/D1/ait_users/staff122/deepfake_project/outputs_deepfake_project/dfdc_subset_77_jpg/test/fake/fake_001491.jpg,1.0,0.0026457374915480614,0
/media/D1/ait_users/staff122/deepfake_project/outputs_deepfake_project/dfdc_subset_77_jpg/test/fake/fake_001492.jpg,1.0,0.021257443353533745,0
/media/D1/ait_users/staff122/deepfake_project/outputs_deepfake_project/dfdc_subset_77_jpg/test/fake/fake_001493.jpg,1.0,0.012576288543641567,0
/media/D1/ait_users/staff122/deepfake_project/outputs_deepfake_project/dfdc_subset_77_jpg/test/fake/fake_001494.jpg,1.0,0.036615993827581406,0
/media/D1/ait_users/staff122/deepfake_project/outputs_deepfake_project/dfdc_subset_77_jpg/test/fake/fake_001495.jpg,1.0,0.09484399855136871,0
/media/D1/ait_users/staff122/deepfake_project/outputs_deepfake_project/dfdc_subset_77_jpg/test/fake/fake_001496.jpg,1.0,0.004141031298786402,0
/media/D1/ait_users/staff122/deepfake_project/outputs_deepfake_project/dfdc_subset_77_jpg/test/fake/fake_001497.jpg,1.0,0.12590734660625458,0
/media/D1/ait_users/staff122/deepfake_project/outputs_deepfake_project/dfdc_subset_77_jpg/test/fake/fake_001498.jpg,1.0,0.686459481716156,1
/media/D1/ait_users/staff122/deepfake_project/outputs_deepfake_project/dfdc_subset_77_jpg/test/fake/fake_001499.jpg,1.0,0.4247826933860779,0
/media/D1/ait_users/staff122/deepfake_project/outputs_deepfake_project/dfdc_subset_77_jpg/test/fake/fake_001500.jpg,1.0,0.4799683690071106,0
/media/D1/ait_users/staff122/deepfake_project/outputs_deepfake_project/dfdc_subset_77_jpg/test/fake/fake_001501.jpg,1.0,0.22204063832759857,0
/media/D1/ait_users/staff122/deepfake_project/outputs_deepfake_project/dfdc_subset_77_jpg/test/fake/fake_001502.jpg,1.0,0.5137474536895752,1
/media/D1/ait_users/staff122/deepfake_project/outputs_deepfake_project/dfdc_subset_77_jpg/test/fake/fake_001503.jpg,1.0,0.09278783947229385,0
/media/D1/ait_users/staff122/deepfake_project/outputs_deepfake_project/dfdc_subset_77_jpg/test/fake/fake_001504.jpg,1.0,0.013708115555346012,0
/media/D1/ait_users/staff122/deepfake_project/outputs_deepfake_project/dfdc_subset_77_jpg/test/fake/fake_001505.jpg,1.0,0.0825563296675682,0
/media/D1/ait_users/staff122/deepfake_project/outputs_deepfake_project/dfdc_subset_77_jpg/test/fake/fake_001506.jpg,1.0,0.03120533376932144,0
/media/D1/ait_users/staff122/deepfake_project/outputs_deepfake_project/dfdc_subset_77_jpg/test/fake/fake_001507.jpg,1.0,0.09561052918434143,0
/media/D1/ait_users/staff122/deepfake_project/outputs_deepfake_project/dfdc_subset_77_jpg/test/fake/fake_001508.jpg,1.0,0.6091570258140564,1
/media/D1/ait_users/staff122/deepfake_project/outputs_deepfake_project/dfdc_subset_77_jpg/test/fake/fake_001509.jpg,1.0,0.028972122818231583,0
/media/D1/ait_users/staff122/deepfake_project/outputs_deepfake_project/dfdc_subset_77_jpg/test/fake/fake_001510.jpg,1.0,0.11788534373044968,0
/media/D1/ait_users/staff122/deepfake_project/outputs_deepfake_project/dfdc_subset_77_jpg/test/fake/fake_001511.jpg,1.0,0.2765452265739441,0
/media/D1/ait_users/staff122/deepfake_project/outputs_deepfake_project/dfdc_subset_77_jpg/test/fake/fake_001512.jpg,1.0,0.005599313415586948,0
/media/D1/ait_users/staff122/deepfake_project/outputs_deepfake_project/dfdc_subset_77_jpg/test/fake/fake_001513.jpg,1.0,0.005043418146669865,0
/media/D1/ait_users/staff122/deepfake_project/outputs_deepfake_project/dfdc_subset_77_jpg/test/fake/fake_001514.jpg,1.0,0.00280289095826447,0
/media/D1/ait_users/staff122/deepfake_project/outputs_deepfake_project/dfdc_subset_77_jpg/test/fake/fake_001515.jpg,1.0,0.01018067542463541,0
/media/D1/ait_users/staff122/deepfake_project/outputs_deepfake_project/dfdc_subset_77_jpg/test/fake/fake_001516.jpg,1.0,0.0030626889783889055,0
/media/D1/ait_users/staff122/deepfake_project/outputs_deepfake_project/dfdc_subset_77_jpg/test/fake/fake_001517.jpg,1.0,0.029806405305862427,0
/media/D1/ait_users/staff122/deepfake_project/outputs_deepfake_project/dfdc_subset_77_jpg/test/fake/fake_001518.jpg,1.0,0.0031567136757075787,0
/media/D1/ait_users/staff122/deepfake_project/outputs_deepfake_project/dfdc_subset_77_jpg/test/fake/fake_001519.jpg,1.0,0.0028861688915640116,0
/media/D1/ait_users/staff122/deepfake_project/outputs_deepfake_project/dfdc_subset_77_jpg/test/fake/fake_001520.jpg,1.0,0.017244094982743263,0
/media/D1/ait_users/staff122/deepfake_project/outputs_deepfake_project/dfdc_subset_77_jpg/test/fake/fake_001521.jpg,1.0,0.009539293125271797,0
/media/D1/ait_users/staff122/deepfake_project/outputs_deepfake_project/dfdc_subset_77_jpg/test/fake/fake_001522.jpg,1.0,0.10313045233488083,0
/media/D1/ait_users/staff122/deepfake_project/outputs_deepfake_project/dfdc_subset_77_jpg/test/fake/fake_001523.jpg,1.0,0.002059596125036478,0
/media/D1/ait_users/staff122/deepfake_project/outputs_deepfake_project/dfdc_subset_77_jpg/test/fake/fake_001524.jpg,1.0,0.004355470184236765,0
/media/D1/ait_users/staff122/deepfake_project/outputs_deepfake_project/dfdc_subset_77_jpg/test/fake/fake_001525.jpg,1.0,0.003895471803843975,0
/media/D1/ait_users/staff122/deepfake_project/outputs_deepfake_project/dfdc_subset_77_jpg/test/fake/fake_001526.jpg,1.0,0.02487272024154663,0
/media/D1/ait_users/staff122/deepfake_project/outputs_deepfake_project/dfdc_subset_77_jpg/test/fake/fake_001527.jpg,1.0,0.019755538552999496,0
/media/D1/ait_users/staff122/deepfake_project/outputs_deepfake_project/dfdc_subset_77_jpg/test/fake/fake_001528.jpg,1.0,0.039895493537187576,0
/media/D1/ait_users/staff122/deepfake_project/outputs_deepfake_project/dfdc_subset_77_jpg/test/fake/fake_001529.jpg,1.0,0.2304598093032837,0
/media/D1/ait_users/staff122/deepfake_project/outputs_deepfake_project/dfdc_subset_77_jpg/test/fake/fake_001530.jpg,1.0,0.017850803211331367,0
/media/D1/ait_users/staff122/deepfake_project/outputs_deepfake_project/dfdc_subset_77_jpg/test/fake/fake_001531.jpg,1.0,0.014036684297025204,0
/media/D1/ait_users/staff122/deepfake_project/outputs_deepfake_project/dfdc_subset_77_jpg/test/fake/fake_001532.jpg,1.0,0.06256336718797684,0
/media/D1/ait_users/staff122/deepfake_project/outputs_deepfake_project/dfdc_subset_77_jpg/test/fake/fake_001533.jpg,1.0,0.04338210076093674,0
/media/D1/ait_users/staff122/deepfake_project/outputs_deepfake_project/dfdc_subset_77_jpg/test/fake/fake_001534.jpg,1.0,0.019847553223371506,0
/media/D1/ait_users/staff122/deepfake_project/outputs_deepfake_project/dfdc_subset_77_jpg/test/fake/fake_001535.jpg,1.0,0.37235233187675476,0
/media/D1/ait_users/staff122/deepfake_project/outputs_deepfake_project/dfdc_subset_77_jpg/test/fake/fake_001536.jpg,1.0,0.9999969005584717,1
/media/D1/ait_users/staff122/deepfake_project/outputs_deepfake_project/dfdc_subset_77_jpg/test/fake/fake_001537.jpg,1.0,0.9999780654907227,1
/media/D1/ait_users/staff122/deepfake_project/outputs_deepfake_project/dfdc_subset_77_jpg/test/fake/fake_001538.jpg,1.0,0.9987618923187256,1
/media/D1/ait_users/staff122/deepfake_project/outputs_deepfake_project/dfdc_subset_77_jpg/test/fake/fake_001539.jpg,1.0,0.9921298623085022,1
/media/D1/ait_users/staff122/deepfake_project/outputs_deepfake_project/dfdc_subset_77_jpg/test/fake/fake_001540.jpg,1.0,0.9985404014587402,1
/media/D1/ait_users/staff122/deepfake_project/outputs_deepfake_project/dfdc_subset_77_jpg/test/fake/fake_001541.jpg,1.0,0.998995840549469,1
/media/D1/ait_users/staff122/deepfake_project/outputs_deepfake_project/dfdc_subset_77_jpg/test/fake/fake_001542.jpg,1.0,0.9991441965103149,1
/media/D1/ait_users/staff122/deepfake_project/outputs_deepfake_project/dfdc_subset_77_jpg/test/fake/fake_001543.jpg,1.0,0.995701253414154,1
/media/D1/ait_users/staff122/deepfake_project/outputs_deepfake_project/dfdc_subset_77_jpg/test/fake/fake_001544.jpg,1.0,0.9974944591522217,1
/media/D1/ait_users/staff122/deepfake_project/outputs_deepfake_project/dfdc_subset_77_jpg/test/fake/fake_001545.jpg,1.0,0.9976663589477539,1
/media/D1/ait_users/staff122/deepfake_project/outputs_deepfake_project/dfdc_subset_77_jpg/test/fake/fake_001546.jpg,1.0,0.9963125586509705,1
/media/D1/ait_users/staff122/deepfake_project/outputs_deepfake_project/dfdc_subset_77_jpg/test/fake/fake_001547.jpg,1.0,0.9949593544006348,1
/media/D1/ait_users/staff122/deepfake_project/outputs_deepfake_project/dfdc_subset_77_jpg/test/fake/fake_001548.jpg,1.0,0.9911094903945923,1
/media/D1/ait_users/staff122/deepfake_project/outputs_deepfake_project/dfdc_subset_77_jpg/test/fake/fake_001549.jpg,1.0,0.9967093467712402,1
/media/D1/ait_users/staff122/deepfake_project/outputs_deepfake_project/dfdc_subset_77_jpg/test/fake/fake_001550.jpg,1.0,0.9879194498062134,1
/media/D1/ait_users/staff122/deepfake_project/outputs_deepfake_project/dfdc_subset_77_jpg/test/fake/fake_001551.jpg,1.0,0.9985468983650208,1
/media/D1/ait_users/staff122/deepfake_project/outputs_deepfake_project/dfdc_subset_77_jpg/test/fake/fake_001552.jpg,1.0,0.9958683252334595,1
/media/D1/ait_users/staff122/deepfake_project/outputs_deepfake_project/dfdc_subset_77_jpg/test/fake/fake_001553.jpg,1.0,0.9991306662559509,1
/media/D1/ait_users/staff122/deepfake_project/outputs_deepfake_project/dfdc_subset_77_jpg/test/fake/fake_001554.jpg,1.0,0.9992402791976929,1
/media/D1/ait_users/staff122/deepfake_project/outputs_deepfake_project/dfdc_subset_77_jpg/test/fake/fake_001555.jpg,1.0,0.9993568062782288,1
/media/D1/ait_users/staff122/deepfake_project/outputs_deepfake_project/dfdc_subset_77_jpg/test/fake/fake_001556.jpg,1.0,0.9993095397949219,1
/media/D1/ait_users/staff122/deepfake_project/outputs_deepfake_project/dfdc_subset_77_jpg/test/fake/fake_001557.jpg,1.0,0.9973887801170349,1
/media/D1/ait_users/staff122/deepfake_project/outputs_deepfake_project/dfdc_subset_77_jpg/test/fake/fake_001558.jpg,1.0,0.9951992630958557,1
/media/D1/ait_users/staff122/deepfake_project/outputs_deepfake_project/dfdc_subset_77_jpg/test/fake/fake_001559.jpg,1.0,0.9972324967384338,1
/media/D1/ait_users/staff122/deepfake_project/outputs_deepfake_project/dfdc_subset_77_jpg/test/fake/fake_001560.jpg,1.0,0.9947933554649353,1
/media/D1/ait_users/staff122/deepfake_project/outputs_deepfake_project/dfdc_subset_77_jpg/test/fake/fake_001561.jpg,1.0,0.9997842907905579,1
/media/D1/ait_users/staff122/deepfake_project/outputs_deepfake_project/dfdc_subset_77_jpg/test/fake/fake_001562.jpg,1.0,0.9988443851470947,1
/media/D1/ait_users/staff122/deepfake_project/outputs_deepfake_project/dfdc_subset_77_jpg/test/fake/fake_001563.jpg,1.0,0.998153030872345,1
/media/D1/ait_users/staff122/deepfake_project/outputs_deepfake_project/dfdc_subset_77_jpg/test/fake/fake_001564.jpg,1.0,0.9845170378684998,1
/media/D1/ait_users/staff122/deepfake_project/outputs_deepfake_project/dfdc_subset_77_jpg/test/fake/fake_001565.jpg,1.0,0.999357283115387,1
/media/D1/ait_users/staff122/deepfake_project/outputs_deepfake_project/dfdc_subset_77_jpg/test/fake/fake_001566.jpg,1.0,0.9999583959579468,1
/media/D1/ait_users/staff122/deepfake_project/outputs_deepfake_project/dfdc_subset_77_jpg/test/fake/fake_001567.jpg,1.0,0.9997860789299011,1
/media/D1/ait_users/staff122/deepfake_project/outputs_deepfake_project/dfdc_subset_77_jpg/test/fake/fake_001568.jpg,1.0,0.008007769472897053,0
/media/D1/ait_users/staff122/deepfake_project/outputs_deepfake_project/dfdc_subset_77_jpg/test/fake/fake_001569.jpg,1.0,0.20159615576267242,0
/media/D1/ait_users/staff122/deepfake_project/outputs_deepfake_project/dfdc_subset_77_jpg/test/fake/fake_001570.jpg,1.0,0.06110847741365433,0
/media/D1/ait_users/staff122/deepfake_project/outputs_deepfake_project/dfdc_subset_77_jpg/test/fake/fake_001571.jpg,1.0,0.00154725625179708,0
/media/D1/ait_users/staff122/deepfake_project/outputs_deepfake_project/dfdc_subset_77_jpg/test/fake/fake_001572.jpg,1.0,0.21266968548297882,0
/media/D1/ait_users/staff122/deepfake_project/outputs_deepfake_project/dfdc_subset_77_jpg/test/fake/fake_001573.jpg,1.0,0.0027122481260448694,0
/media/D1/ait_users/staff122/deepfake_project/outputs_deepfake_project/dfdc_subset_77_jpg/test/fake/fake_001574.jpg,1.0,0.21461020410060883,0
/media/D1/ait_users/staff122/deepfake_project/outputs_deepfake_project/dfdc_subset_77_jpg/test/fake/fake_001575.jpg,1.0,0.034391097724437714,0
/media/D1/ait_users/staff122/deepfake_project/outputs_deepfake_project/dfdc_subset_77_jpg/test/fake/fake_001576.jpg,1.0,0.008881129324436188,0
/media/D1/ait_users/staff122/deepfake_project/outputs_deepfake_project/dfdc_subset_77_jpg/test/fake/fake_001577.jpg,1.0,0.044089242815971375,0
/media/D1/ait_users/staff122/deepfake_project/outputs_deepfake_project/dfdc_subset_77_jpg/test/fake/fake_001578.jpg,1.0,0.26182788610458374,0
/media/D1/ait_users/staff122/deepfake_project/outputs_deepfake_project/dfdc_subset_77_jpg/test/fake/fake_001579.jpg,1.0,0.35893794894218445,0
/media/D1/ait_users/staff122/deepfake_project/outputs_deepfake_project/dfdc_subset_77_jpg/test/fake/fake_001580.jpg,1.0,0.12092401087284088,0
/media/D1/ait_users/staff122/deepfake_project/outputs_deepfake_project/dfdc_subset_77_jpg/test/fake/fake_001581.jpg,1.0,0.04352979362010956,0
/media/D1/ait_users/staff122/deepfake_project/outputs_deepfake_project/dfdc_subset_77_jpg/test/fake/fake_001582.jpg,1.0,0.5439323782920837,1
/media/D1/ait_users/staff122/deepfake_project/outputs_deepfake_project/dfdc_subset_77_jpg/test/fake/fake_001583.jpg,1.0,0.04173646494746208,0
/media/D1/ait_users/staff122/deepfake_project/outputs_deepfake_project/dfdc_subset_77_jpg/test/fake/fake_001584.jpg,1.0,0.0013794965343549848,0
/media/D1/ait_users/staff122/deepfake_project/outputs_deepfake_project/dfdc_subset_77_jpg/test/fake/fake_001585.jpg,1.0,0.0012991297990083694,0
/media/D1/ait_users/staff122/deepfake_project/outputs_deepfake_project/dfdc_subset_77_jpg/test/fake/fake_001586.jpg,1.0,0.023044172674417496,0
/media/D1/ait_users/staff122/deepfake_project/outputs_deepfake_project/dfdc_subset_77_jpg/test/fake/fake_001587.jpg,1.0,0.27365389466285706,0
/media/D1/ait_users/staff122/deepfake_project/outputs_deepfake_project/dfdc_subset_77_jpg/test/fake/fake_001588.jpg,1.0,0.13858889043331146,0
/media/D1/ait_users/staff122/deepfake_project/outputs_deepfake_project/dfdc_subset_77_jpg/test/fake/fake_001589.jpg,1.0,0.9672828912734985,1
/media/D1/ait_users/staff122/deepfake_project/outputs_deepfake_project/dfdc_subset_77_jpg/test/fake/fake_001590.jpg,1.0,0.03222615644335747,0
/media/D1/ait_users/staff122/deepfake_project/outputs_deepfake_project/dfdc_subset_77_jpg/test/fake/fake_001591.jpg,1.0,0.0038740085437893867,0
/media/D1/ait_users/staff122/deepfake_project/outputs_deepfake_project/dfdc_subset_77_jpg/test/fake/fake_001592.jpg,1.0,0.007569790817797184,0
/media/D1/ait_users/staff122/deepfake_project/outputs_deepfake_project/dfdc_subset_77_jpg/test/fake/fake_001593.jpg,1.0,0.014367115683853626,0
/media/D1/ait_users/staff122/deepfake_project/outputs_deepfake_project/dfdc_subset_77_jpg/test/fake/fake_001594.jpg,1.0,0.0015749376034364104,0
/media/D1/ait_users/staff122/deepfake_project/outputs_deepfake_project/dfdc_subset_77_jpg/test/fake/fake_001595.jpg,1.0,0.5195072293281555,1
/media/D1/ait_users/staff122/deepfake_project/outputs_deepfake_project/dfdc_subset_77_jpg/test/fake/fake_001596.jpg,1.0,0.016727715730667114,0
/media/D1/ait_users/staff122/deepfake_project/outputs_deepfake_project/dfdc_subset_77_jpg/test/fake/fake_001597.jpg,1.0,0.04454388469457626,0
/media/D1/ait_users/staff122/deepfake_project/outputs_deepfake_project/dfdc_subset_77_jpg/test/fake/fake_001598.jpg,1.0,0.30514660477638245,0
/media/D1/ait_users/staff122/deepfake_project/outputs_deepfake_project/dfdc_subset_77_jpg/test/fake/fake_001599.jpg,1.0,0.0009460425353609025,0
/media/D1/ait_users/staff122/deepfake_project/outputs_deepfake_project/dfdc_subset_77_jpg/test/fake/fake_001600.jpg,1.0,0.9978012442588806,1
/media/D1/ait_users/staff122/deepfake_project/outputs_deepfake_project/dfdc_subset_77_jpg/test/fake/fake_001601.jpg,1.0,0.9987848401069641,1
/media/D1/ait_users/staff122/deepfake_project/outputs_deepfake_project/dfdc_subset_77_jpg/test/fake/fake_001602.jpg,1.0,0.9991301894187927,1
/media/D1/ait_users/staff122/deepfake_project/outputs_deepfake_project/dfdc_subset_77_jpg/test/fake/fake_001603.jpg,1.0,0.9988669157028198,1
/media/D1/ait_users/staff122/deepfake_project/outputs_deepfake_project/dfdc_subset_77_jpg/test/fake/fake_001604.jpg,1.0,0.9990870952606201,1
/media/D1/ait_users/staff122/deepfake_project/outputs_deepfake_project/dfdc_subset_77_jpg/test/fake/fake_001605.jpg,1.0,0.9973012804985046,1
/media/D1/ait_users/staff122/deepfake_project/outputs_deepfake_project/dfdc_subset_77_jpg/test/fake/fake_001606.jpg,1.0,0.9977861642837524,1
/media/D1/ait_users/staff122/deepfake_project/outputs_deepfake_project/dfdc_subset_77_jpg/test/fake/fake_001607.jpg,1.0,0.9992427825927734,1
/media/D1/ait_users/staff122/deepfake_project/outputs_deepfake_project/dfdc_subset_77_jpg/test/fake/fake_001608.jpg,1.0,0.9976420402526855,1
/media/D1/ait_users/staff122/deepfake_project/outputs_deepfake_project/dfdc_subset_77_jpg/test/fake/fake_001609.jpg,1.0,0.9993281364440918,1
/media/D1/ait_users/staff122/deepfake_project/outputs_deepfake_project/dfdc_subset_77_jpg/test/fake/fake_001610.jpg,1.0,0.9981036186218262,1
/media/D1/ait_users/staff122/deepfake_project/outputs_deepfake_project/dfdc_subset_77_jpg/test/fake/fake_001611.jpg,1.0,0.9986950755119324,1
/media/D1/ait_users/staff122/deepfake_project/outputs_deepfake_project/dfdc_subset_77_jpg/test/fake/fake_001612.jpg,1.0,0.9985499978065491,1
/media/D1/ait_users/staff122/deepfake_project/outputs_deepfake_project/dfdc_subset_77_jpg/test/fake/fake_001613.jpg,1.0,0.9986271858215332,1
/media/D1/ait_users/staff122/deepfake_project/outputs_deepfake_project/dfdc_subset_77_jpg/test/fake/fake_001614.jpg,1.0,0.9990468621253967,1
/media/D1/ait_users/staff122/deepfake_project/outputs_deepfake_project/dfdc_subset_77_jpg/test/fake/fake_001615.jpg,1.0,0.9986181259155273,1
/media/D1/ait_users/staff122/deepfake_project/outputs_deepfake_project/dfdc_subset_77_jpg/test/fake/fake_001616.jpg,1.0,0.998516857624054,1
/media/D1/ait_users/staff122/deepfake_project/outputs_deepfake_project/dfdc_subset_77_jpg/test/fake/fake_001617.jpg,1.0,0.9983580708503723,1
/media/D1/ait_users/staff122/deepfake_project/outputs_deepfake_project/dfdc_subset_77_jpg/test/fake/fake_001618.jpg,1.0,0.998499870300293,1
/media/D1/ait_users/staff122/deepfake_project/outputs_deepfake_project/dfdc_subset_77_jpg/test/fake/fake_001619.jpg,1.0,0.9986792206764221,1
/media/D1/ait_users/staff122/deepfake_project/outputs_deepfake_project/dfdc_subset_77_jpg/test/fake/fake_001620.jpg,1.0,0.9995402097702026,1
/media/D1/ait_users/staff122/deepfake_project/outputs_deepfake_project/dfdc_subset_77_jpg/test/fake/fake_001621.jpg,1.0,0.9981391429901123,1
/media/D1/ait_users/staff122/deepfake_project/outputs_deepfake_project/dfdc_subset_77_jpg/test/fake/fake_001622.jpg,1.0,0.9994891881942749,1
/media/D1/ait_users/staff122/deepfake_project/outputs_deepfake_project/dfdc_subset_77_jpg/test/fake/fake_001623.jpg,1.0,0.9988924860954285,1
/media/D1/ait_users/staff122/deepfake_project/outputs_deepfake_project/dfdc_subset_77_jpg/test/fake/fake_001624.jpg,1.0,0.9987198114395142,1
/media/D1/ait_users/staff122/deepfake_project/outputs_deepfake_project/dfdc_subset_77_jpg/test/fake/fake_001625.jpg,1.0,0.9993440508842468,1
/media/D1/ait_users/staff122/deepfake_project/outputs_deepfake_project/dfdc_subset_77_jpg/test/fake/fake_001626.jpg,1.0,0.999161958694458,1
/media/D1/ait_users/staff122/deepfake_project/outputs_deepfake_project/dfdc_subset_77_jpg/test/fake/fake_001627.jpg,1.0,0.9990053772926331,1
/media/D1/ait_users/staff122/deepfake_project/outputs_deepfake_project/dfdc_subset_77_jpg/test/fake/fake_001628.jpg,1.0,0.9963786005973816,1
/media/D1/ait_users/staff122/deepfake_project/outputs_deepfake_project/dfdc_subset_77_jpg/test/fake/fake_001629.jpg,1.0,0.9992102384567261,1
/media/D1/ait_users/staff122/deepfake_project/outputs_deepfake_project/dfdc_subset_77_jpg/test/fake/fake_001630.jpg,1.0,0.9993184804916382,1
/media/D1/ait_users/staff122/deepfake_project/outputs_deepfake_project/dfdc_subset_77_jpg/test/fake/fake_001631.jpg,1.0,0.998068630695343,1
/media/D1/ait_users/staff122/deepfake_project/outputs_deepfake_project/dfdc_subset_77_jpg/test/fake/fake_001632.jpg,1.0,0.9546418786048889,1
/media/D1/ait_users/staff122/deepfake_project/outputs_deepfake_project/dfdc_subset_77_jpg/test/fake/fake_001633.jpg,1.0,0.7691699862480164,1
/media/D1/ait_users/staff122/deepfake_project/outputs_deepfake_project/dfdc_subset_77_jpg/test/fake/fake_001634.jpg,1.0,0.1361875683069229,0
/media/D1/ait_users/staff122/deepfake_project/outputs_deepfake_project/dfdc_subset_77_jpg/test/fake/fake_001635.jpg,1.0,0.47024214267730713,0
/media/D1/ait_users/staff122/deepfake_project/outputs_deepfake_project/dfdc_subset_77_jpg/test/fake/fake_001636.jpg,1.0,0.6140351295471191,1
/media/D1/ait_users/staff122/deepfake_project/outputs_deepfake_project/dfdc_subset_77_jpg/test/fake/fake_001637.jpg,1.0,0.02319212257862091,0
/media/D1/ait_users/staff122/deepfake_project/outputs_deepfake_project/dfdc_subset_77_jpg/test/fake/fake_001638.jpg,1.0,0.505302906036377,1
/media/D1/ait_users/staff122/deepfake_project/outputs_deepfake_project/dfdc_subset_77_jpg/test/fake/fake_001639.jpg,1.0,0.8160930871963501,1
/media/D1/ait_users/staff122/deepfake_project/outputs_deepfake_project/dfdc_subset_77_jpg/test/fake/fake_001640.jpg,1.0,0.04349992051720619,0
/media/D1/ait_users/staff122/deepfake_project/outputs_deepfake_project/dfdc_subset_77_jpg/test/fake/fake_001641.jpg,1.0,0.9914807081222534,1
/media/D1/ait_users/staff122/deepfake_project/outputs_deepfake_project/dfdc_subset_77_jpg/test/fake/fake_001642.jpg,1.0,0.2684709429740906,0
/media/D1/ait_users/staff122/deepfake_project/outputs_deepfake_project/dfdc_subset_77_jpg/test/fake/fake_001643.jpg,1.0,0.006984729785472155,0
/media/D1/ait_users/staff122/deepfake_project/outputs_deepfake_project/dfdc_subset_77_jpg/test/fake/fake_001644.jpg,1.0,0.26265749335289,0
/media/D1/ait_users/staff122/deepfake_project/outputs_deepfake_project/dfdc_subset_77_jpg/test/fake/fake_001645.jpg,1.0,0.06068231165409088,0
/media/D1/ait_users/staff122/deepfake_project/outputs_deepfake_project/dfdc_subset_77_jpg/test/fake/fake_001646.jpg,1.0,0.3585856258869171,0
/media/D1/ait_users/staff122/deepfake_project/outputs_deepfake_project/dfdc_subset_77_jpg/test/fake/fake_001647.jpg,1.0,0.4811576306819916,0
/media/D1/ait_users/staff122/deepfake_project/outputs_deepfake_project/dfdc_subset_77_jpg/test/fake/fake_001648.jpg,1.0,0.02887505106627941,0
/media/D1/ait_users/staff122/deepfake_project/outputs_deepfake_project/dfdc_subset_77_jpg/test/fake/fake_001649.jpg,1.0,0.20619149506092072,0
/media/D1/ait_users/staff122/deepfake_project/outputs_deepfake_project/dfdc_subset_77_jpg/test/fake/fake_001650.jpg,1.0,0.38845062255859375,0
/media/D1/ait_users/staff122/deepfake_project/outputs_deepfake_project/dfdc_subset_77_jpg/test/fake/fake_001651.jpg,1.0,0.15013116598129272,0
/media/D1/ait_users/staff122/deepfake_project/outputs_deepfake_project/dfdc_subset_77_jpg/test/fake/fake_001652.jpg,1.0,0.40711984038352966,0
/media/D1/ait_users/staff122/deepfake_project/outputs_deepfake_project/dfdc_subset_77_jpg/test/fake/fake_001653.jpg,1.0,0.16055020689964294,0
/media/D1/ait_users/staff122/deepfake_project/outputs_deepfake_project/dfdc_subset_77_jpg/test/fake/fake_001654.jpg,1.0,0.3685448169708252,0
/media/D1/ait_users/staff122/deepfake_project/outputs_deepfake_project/dfdc_subset_77_jpg/test/fake/fake_001655.jpg,1.0,0.08867230266332626,0
/media/D1/ait_users/staff122/deepfake_project/outputs_deepfake_project/dfdc_subset_77_jpg/test/fake/fake_001656.jpg,1.0,0.008496961556375027,0
/media/D1/ait_users/staff122/deepfake_project/outputs_deepfake_project/dfdc_subset_77_jpg/test/fake/fake_001657.jpg,1.0,0.2209985852241516,0
/media/D1/ait_users/staff122/deepfake_project/outputs_deepfake_project/dfdc_subset_77_jpg/test/fake/fake_001658.jpg,1.0,0.10030648112297058,0
/media/D1/ait_users/staff122/deepfake_project/outputs_deepfake_project/dfdc_subset_77_jpg/test/fake/fake_001659.jpg,1.0,0.07438764721155167,0
/media/D1/ait_users/staff122/deepfake_project/outputs_deepfake_project/dfdc_subset_77_jpg/test/fake/fake_001660.jpg,1.0,0.8116914629936218,1
/media/D1/ait_users/staff122/deepfake_project/outputs_deepfake_project/dfdc_subset_77_jpg/test/fake/fake_001661.jpg,1.0,0.7397616505622864,1
/media/D1/ait_users/staff122/deepfake_project/outputs_deepfake_project/dfdc_subset_77_jpg/test/fake/fake_001662.jpg,1.0,0.6577911376953125,1
/media/D1/ait_users/staff122/deepfake_project/outputs_deepfake_project/dfdc_subset_77_jpg/test/fake/fake_001663.jpg,1.0,0.08435960114002228,0
/media/D1/ait_users/staff122/deepfake_project/outputs_deepfake_project/dfdc_subset_77_jpg/test/fake/fake_001664.jpg,1.0,0.8580352067947388,1
/media/D1/ait_users/staff122/deepfake_project/outputs_deepfake_project/dfdc_subset_77_jpg/test/fake/fake_001665.jpg,1.0,0.9870010614395142,1
/media/D1/ait_users/staff122/deepfake_project/outputs_deepfake_project/dfdc_subset_77_jpg/test/fake/fake_001666.jpg,1.0,0.9957683086395264,1
/media/D1/ait_users/staff122/deepfake_project/outputs_deepfake_project/dfdc_subset_77_jpg/test/fake/fake_001667.jpg,1.0,0.878936231136322,1
/media/D1/ait_users/staff122/deepfake_project/outputs_deepfake_project/dfdc_subset_77_jpg/test/fake/fake_001668.jpg,1.0,0.9670724868774414,1
/media/D1/ait_users/staff122/deepfake_project/outputs_deepfake_project/dfdc_subset_77_jpg/test/fake/fake_001669.jpg,1.0,0.9189892411231995,1
/media/D1/ait_users/staff122/deepfake_project/outputs_deepfake_project/dfdc_subset_77_jpg/test/fake/fake_001670.jpg,1.0,0.9579282402992249,1
/media/D1/ait_users/staff122/deepfake_project/outputs_deepfake_project/dfdc_subset_77_jpg/test/fake/fake_001671.jpg,1.0,0.9791841506958008,1
/media/D1/ait_users/staff122/deepfake_project/outputs_deepfake_project/dfdc_subset_77_jpg/test/fake/fake_001672.jpg,1.0,0.9878208041191101,1
/media/D1/ait_users/staff122/deepfake_project/outputs_deepfake_project/dfdc_subset_77_jpg/test/fake/fake_001673.jpg,1.0,0.9750955104827881,1
/media/D1/ait_users/staff122/deepfake_project/outputs_deepfake_project/dfdc_subset_77_jpg/test/fake/fake_001674.jpg,1.0,0.9912303686141968,1
/media/D1/ait_users/staff122/deepfake_project/outputs_deepfake_project/dfdc_subset_77_jpg/test/fake/fake_001675.jpg,1.0,0.982298731803894,1
/media/D1/ait_users/staff122/deepfake_project/outputs_deepfake_project/dfdc_subset_77_jpg/test/fake/fake_001676.jpg,1.0,0.9918383955955505,1
/media/D1/ait_users/staff122/deepfake_project/outputs_deepfake_project/dfdc_subset_77_jpg/test/fake/fake_001677.jpg,1.0,0.9872515201568604,1
/media/D1/ait_users/staff122/deepfake_project/outputs_deepfake_project/dfdc_subset_77_jpg/test/fake/fake_001678.jpg,1.0,0.9946869611740112,1
/media/D1/ait_users/staff122/deepfake_project/outputs_deepfake_project/dfdc_subset_77_jpg/test/fake/fake_001679.jpg,1.0,0.9447174072265625,1
/media/D1/ait_users/staff122/deepfake_project/outputs_deepfake_project/dfdc_subset_77_jpg/test/fake/fake_001680.jpg,1.0,0.9103429317474365,1
/media/D1/ait_users/staff122/deepfake_project/outputs_deepfake_project/dfdc_subset_77_jpg/test/fake/fake_001681.jpg,1.0,0.987603485584259,1
/media/D1/ait_users/staff122/deepfake_project/outputs_deepfake_project/dfdc_subset_77_jpg/test/fake/fake_001682.jpg,1.0,0.9965590834617615,1
/media/D1/ait_users/staff122/deepfake_project/outputs_deepfake_project/dfdc_subset_77_jpg/test/fake/fake_001683.jpg,1.0,0.8547576665878296,1
/media/D1/ait_users/staff122/deepfake_project/outputs_deepfake_project/dfdc_subset_77_jpg/test/fake/fake_001684.jpg,1.0,0.9987917542457581,1
/media/D1/ait_users/staff122/deepfake_project/outputs_deepfake_project/dfdc_subset_77_jpg/test/fake/fake_001685.jpg,1.0,0.9872845411300659,1
/media/D1/ait_users/staff122/deepfake_project/outputs_deepfake_project/dfdc_subset_77_jpg/test/fake/fake_001686.jpg,1.0,0.9987354874610901,1
/media/D1/ait_users/staff122/deepfake_project/outputs_deepfake_project/dfdc_subset_77_jpg/test/fake/fake_001687.jpg,1.0,0.9547148942947388,1
/media/D1/ait_users/staff122/deepfake_project/outputs_deepfake_project/dfdc_subset_77_jpg/test/fake/fake_001688.jpg,1.0,0.9891308546066284,1
/media/D1/ait_users/staff122/deepfake_project/outputs_deepfake_project/dfdc_subset_77_jpg/test/fake/fake_001689.jpg,1.0,0.8794799447059631,1
/media/D1/ait_users/staff122/deepfake_project/outputs_deepfake_project/dfdc_subset_77_jpg/test/fake/fake_001690.jpg,1.0,0.9568081498146057,1
/media/D1/ait_users/staff122/deepfake_project/outputs_deepfake_project/dfdc_subset_77_jpg/test/fake/fake_001691.jpg,1.0,0.9573357105255127,1
/media/D1/ait_users/staff122/deepfake_project/outputs_deepfake_project/dfdc_subset_77_jpg/test/fake/fake_001692.jpg,1.0,0.9016480445861816,1
/media/D1/ait_users/staff122/deepfake_project/outputs_deepfake_project/dfdc_subset_77_jpg/test/fake/fake_001693.jpg,1.0,0.9039180278778076,1
/media/D1/ait_users/staff122/deepfake_project/outputs_deepfake_project/dfdc_subset_77_jpg/test/fake/fake_001694.jpg,1.0,0.8998280167579651,1
/media/D1/ait_users/staff122/deepfake_project/outputs_deepfake_project/dfdc_subset_77_jpg/test/fake/fake_001695.jpg,1.0,0.9835395812988281,1
/media/D1/ait_users/staff122/deepfake_project/outputs_deepfake_project/dfdc_subset_77_jpg/test/fake/fake_001696.jpg,1.0,0.8868439197540283,1
/media/D1/ait_users/staff122/deepfake_project/outputs_deepfake_project/dfdc_subset_77_jpg/test/fake/fake_001697.jpg,1.0,0.9956615567207336,1
/media/D1/ait_users/staff122/deepfake_project/outputs_deepfake_project/dfdc_subset_77_jpg/test/fake/fake_001698.jpg,1.0,0.9968950748443604,1
/media/D1/ait_users/staff122/deepfake_project/outputs_deepfake_project/dfdc_subset_77_jpg/test/fake/fake_001699.jpg,1.0,0.996972918510437,1
/media/D1/ait_users/staff122/deepfake_project/outputs_deepfake_project/dfdc_subset_77_jpg/test/fake/fake_001700.jpg,1.0,0.7363497018814087,1
/media/D1/ait_users/staff122/deepfake_project/outputs_deepfake_project/dfdc_subset_77_jpg/test/fake/fake_001701.jpg,1.0,0.9981106519699097,1
/media/D1/ait_users/staff122/deepfake_project/outputs_deepfake_project/dfdc_subset_77_jpg/test/fake/fake_001702.jpg,1.0,0.9945142269134521,1
/media/D1/ait_users/staff122/deepfake_project/outputs_deepfake_project/dfdc_subset_77_jpg/test/fake/fake_001703.jpg,1.0,0.9920037388801575,1
/media/D1/ait_users/staff122/deepfake_project/outputs_deepfake_project/dfdc_subset_77_jpg/test/fake/fake_001704.jpg,1.0,0.9734345078468323,1
/media/D1/ait_users/staff122/deepfake_project/outputs_deepfake_project/dfdc_subset_77_jpg/test/fake/fake_001705.jpg,1.0,0.9667568206787109,1
/media/D1/ait_users/staff122/deepfake_project/outputs_deepfake_project/dfdc_subset_77_jpg/test/fake/fake_001706.jpg,1.0,0.9971975088119507,1
/media/D1/ait_users/staff122/deepfake_project/outputs_deepfake_project/dfdc_subset_77_jpg/test/fake/fake_001707.jpg,1.0,0.9924646615982056,1
/media/D1/ait_users/staff122/deepfake_project/outputs_deepfake_project/dfdc_subset_77_jpg/test/fake/fake_001708.jpg,1.0,0.9937826991081238,1
/media/D1/ait_users/staff122/deepfake_project/outputs_deepfake_project/dfdc_subset_77_jpg/test/fake/fake_001709.jpg,1.0,0.9948688745498657,1
/media/D1/ait_users/staff122/deepfake_project/outputs_deepfake_project/dfdc_subset_77_jpg/test/fake/fake_001710.jpg,1.0,0.9975945353507996,1
/media/D1/ait_users/staff122/deepfake_project/outputs_deepfake_project/dfdc_subset_77_jpg/test/fake/fake_001711.jpg,1.0,0.9846563935279846,1
/media/D1/ait_users/staff122/deepfake_project/outputs_deepfake_project/dfdc_subset_77_jpg/test/fake/fake_001712.jpg,1.0,0.9273210167884827,1
/media/D1/ait_users/staff122/deepfake_project/outputs_deepfake_project/dfdc_subset_77_jpg/test/fake/fake_001713.jpg,1.0,0.9970142841339111,1
/media/D1/ait_users/staff122/deepfake_project/outputs_deepfake_project/dfdc_subset_77_jpg/test/fake/fake_001714.jpg,1.0,0.9972754120826721,1
/media/D1/ait_users/staff122/deepfake_project/outputs_deepfake_project/dfdc_subset_77_jpg/test/fake/fake_001715.jpg,1.0,0.9901595711708069,1
/media/D1/ait_users/staff122/deepfake_project/outputs_deepfake_project/dfdc_subset_77_jpg/test/fake/fake_001716.jpg,1.0,0.994726836681366,1
/media/D1/ait_users/staff122/deepfake_project/outputs_deepfake_project/dfdc_subset_77_jpg/test/fake/fake_001717.jpg,1.0,0.9977128505706787,1
/media/D1/ait_users/staff122/deepfake_project/outputs_deepfake_project/dfdc_subset_77_jpg/test/fake/fake_001718.jpg,1.0,0.9804516434669495,1
/media/D1/ait_users/staff122/deepfake_project/outputs_deepfake_project/dfdc_subset_77_jpg/test/fake/fake_001719.jpg,1.0,0.9972104430198669,1
/media/D1/ait_users/staff122/deepfake_project/outputs_deepfake_project/dfdc_subset_77_jpg/test/fake/fake_001720.jpg,1.0,0.998561680316925,1
/media/D1/ait_users/staff122/deepfake_project/outputs_deepfake_project/dfdc_subset_77_jpg/test/fake/fake_001721.jpg,1.0,0.9970182180404663,1
/media/D1/ait_users/staff122/deepfake_project/outputs_deepfake_project/dfdc_subset_77_jpg/test/fake/fake_001722.jpg,1.0,0.5026649236679077,1
/media/D1/ait_users/staff122/deepfake_project/outputs_deepfake_project/dfdc_subset_77_jpg/test/fake/fake_001723.jpg,1.0,0.9615905284881592,1
/media/D1/ait_users/staff122/deepfake_project/outputs_deepfake_project/dfdc_subset_77_jpg/test/fake/fake_001724.jpg,1.0,0.9901080131530762,1
/media/D1/ait_users/staff122/deepfake_project/outputs_deepfake_project/dfdc_subset_77_jpg/test/fake/fake_001725.jpg,1.0,0.9804476499557495,1
/media/D1/ait_users/staff122/deepfake_project/outputs_deepfake_project/dfdc_subset_77_jpg/test/fake/fake_001726.jpg,1.0,0.9977498650550842,1
/media/D1/ait_users/staff122/deepfake_project/outputs_deepfake_project/dfdc_subset_77_jpg/test/fake/fake_001727.jpg,1.0,0.996547520160675,1
/media/D1/ait_users/staff122/deepfake_project/outputs_deepfake_project/dfdc_subset_77_jpg/test/fake/fake_001728.jpg,1.0,0.020412659272551537,0
/media/D1/ait_users/staff122/deepfake_project/outputs_deepfake_project/dfdc_subset_77_jpg/test/fake/fake_001729.jpg,1.0,0.9980192184448242,1
/media/D1/ait_users/staff122/deepfake_project/outputs_deepfake_project/dfdc_subset_77_jpg/test/fake/fake_001730.jpg,1.0,0.9978443384170532,1
/media/D1/ait_users/staff122/deepfake_project/outputs_deepfake_project/dfdc_subset_77_jpg/test/fake/fake_001731.jpg,1.0,0.07420799136161804,0
/media/D1/ait_users/staff122/deepfake_project/outputs_deepfake_project/dfdc_subset_77_jpg/test/fake/fake_001732.jpg,1.0,0.11419883370399475,0
/media/D1/ait_users/staff122/deepfake_project/outputs_deepfake_project/dfdc_subset_77_jpg/test/fake/fake_001733.jpg,1.0,0.9009510278701782,1
/media/D1/ait_users/staff122/deepfake_project/outputs_deepfake_project/dfdc_subset_77_jpg/test/fake/fake_001734.jpg,1.0,0.9409934878349304,1
/media/D1/ait_users/staff122/deepfake_project/outputs_deepfake_project/dfdc_subset_77_jpg/test/fake/fake_001735.jpg,1.0,0.14142927527427673,0
/media/D1/ait_users/staff122/deepfake_project/outputs_deepfake_project/dfdc_subset_77_jpg/test/fake/fake_001736.jpg,1.0,0.12244637310504913,0
/media/D1/ait_users/staff122/deepfake_project/outputs_deepfake_project/dfdc_subset_77_jpg/test/fake/fake_001737.jpg,1.0,0.6961417198181152,1
/media/D1/ait_users/staff122/deepfake_project/outputs_deepfake_project/dfdc_subset_77_jpg/test/fake/fake_001738.jpg,1.0,0.001853437745012343,0
/media/D1/ait_users/staff122/deepfake_project/outputs_deepfake_project/dfdc_subset_77_jpg/test/fake/fake_001739.jpg,1.0,0.979611337184906,1
/media/D1/ait_users/staff122/deepfake_project/outputs_deepfake_project/dfdc_subset_77_jpg/test/fake/fake_001740.jpg,1.0,0.9954942464828491,1
/media/D1/ait_users/staff122/deepfake_project/outputs_deepfake_project/dfdc_subset_77_jpg/test/fake/fake_001741.jpg,1.0,0.9610390663146973,1
/media/D1/ait_users/staff122/deepfake_project/outputs_deepfake_project/dfdc_subset_77_jpg/test/fake/fake_001742.jpg,1.0,0.45327380299568176,0
/media/D1/ait_users/staff122/deepfake_project/outputs_deepfake_project/dfdc_subset_77_jpg/test/fake/fake_001743.jpg,1.0,0.8547641038894653,1
/media/D1/ait_users/staff122/deepfake_project/outputs_deepfake_project/dfdc_subset_77_jpg/test/fake/fake_001744.jpg,1.0,0.4164007902145386,0
/media/D1/ait_users/staff122/deepfake_project/outputs_deepfake_project/dfdc_subset_77_jpg/test/fake/fake_001745.jpg,1.0,0.11750790476799011,0
/media/D1/ait_users/staff122/deepfake_project/outputs_deepfake_project/dfdc_subset_77_jpg/test/fake/fake_001746.jpg,1.0,0.4713277220726013,0
/media/D1/ait_users/staff122/deepfake_project/outputs_deepfake_project/dfdc_subset_77_jpg/test/fake/fake_001747.jpg,1.0,0.8957202434539795,1
/media/D1/ait_users/staff122/deepfake_project/outputs_deepfake_project/dfdc_subset_77_jpg/test/fake/fake_001748.jpg,1.0,0.7044079303741455,1
/media/D1/ait_users/staff122/deepfake_project/outputs_deepfake_project/dfdc_subset_77_jpg/test/fake/fake_001749.jpg,1.0,0.8671007752418518,1
/media/D1/ait_users/staff122/deepfake_project/outputs_deepfake_project/dfdc_subset_77_jpg/test/fake/fake_001750.jpg,1.0,0.7522069215774536,1
/media/D1/ait_users/staff122/deepfake_project/outputs_deepfake_project/dfdc_subset_77_jpg/test/fake/fake_001751.jpg,1.0,0.7627062797546387,1
/media/D1/ait_users/staff122/deepfake_project/outputs_deepfake_project/dfdc_subset_77_jpg/test/fake/fake_001752.jpg,1.0,0.9952123165130615,1
/media/D1/ait_users/staff122/deepfake_project/outputs_deepfake_project/dfdc_subset_77_jpg/test/fake/fake_001753.jpg,1.0,0.9920831918716431,1
/media/D1/ait_users/staff122/deepfake_project/outputs_deepfake_project/dfdc_subset_77_jpg/test/fake/fake_001754.jpg,1.0,0.7334612011909485,1
/media/D1/ait_users/staff122/deepfake_project/outputs_deepfake_project/dfdc_subset_77_jpg/test/fake/fake_001755.jpg,1.0,0.8664036989212036,1
/media/D1/ait_users/staff122/deepfake_project/outputs_deepfake_project/dfdc_subset_77_jpg/test/fake/fake_001756.jpg,1.0,0.9283514618873596,1
/media/D1/ait_users/staff122/deepfake_project/outputs_deepfake_project/dfdc_subset_77_jpg/test/fake/fake_001757.jpg,1.0,0.3146326541900635,0
/media/D1/ait_users/staff122/deepfake_project/outputs_deepfake_project/dfdc_subset_77_jpg/test/fake/fake_001758.jpg,1.0,0.9087614417076111,1
/media/D1/ait_users/staff122/deepfake_project/outputs_deepfake_project/dfdc_subset_77_jpg/test/fake/fake_001759.jpg,1.0,0.00519522512331605,0
/media/D1/ait_users/staff122/deepfake_project/outputs_deepfake_project/dfdc_subset_77_jpg/test/fake/fake_001760.jpg,1.0,0.9999189376831055,1
/media/D1/ait_users/staff122/deepfake_project/outputs_deepfake_project/dfdc_subset_77_jpg/test/fake/fake_001761.jpg,1.0,0.9986097812652588,1
/media/D1/ait_users/staff122/deepfake_project/outputs_deepfake_project/dfdc_subset_77_jpg/test/fake/fake_001762.jpg,1.0,0.9998375177383423,1
/media/D1/ait_users/staff122/deepfake_project/outputs_deepfake_project/dfdc_subset_77_jpg/test/fake/fake_001763.jpg,1.0,0.9994148015975952,1
/media/D1/ait_users/staff122/deepfake_project/outputs_deepfake_project/dfdc_subset_77_jpg/test/fake/fake_001764.jpg,1.0,0.9996860027313232,1
/media/D1/ait_users/staff122/deepfake_project/outputs_deepfake_project/dfdc_subset_77_jpg/test/fake/fake_001765.jpg,1.0,0.9995330572128296,1
/media/D1/ait_users/staff122/deepfake_project/outputs_deepfake_project/dfdc_subset_77_jpg/test/fake/fake_001766.jpg,1.0,0.999477207660675,1
/media/D1/ait_users/staff122/deepfake_project/outputs_deepfake_project/dfdc_subset_77_jpg/test/fake/fake_001767.jpg,1.0,0.9993782043457031,1
/media/D1/ait_users/staff122/deepfake_project/outputs_deepfake_project/dfdc_subset_77_jpg/test/fake/fake_001768.jpg,1.0,0.9988215565681458,1
/media/D1/ait_users/staff122/deepfake_project/outputs_deepfake_project/dfdc_subset_77_jpg/test/fake/fake_001769.jpg,1.0,0.9994376301765442,1
/media/D1/ait_users/staff122/deepfake_project/outputs_deepfake_project/dfdc_subset_77_jpg/test/fake/fake_001770.jpg,1.0,0.9979586601257324,1
/media/D1/ait_users/staff122/deepfake_project/outputs_deepfake_project/dfdc_subset_77_jpg/test/fake/fake_001771.jpg,1.0,0.9945185780525208,1
/media/D1/ait_users/staff122/deepfake_project/outputs_deepfake_project/dfdc_subset_77_jpg/test/fake/fake_001772.jpg,1.0,0.9997751116752625,1
/media/D1/ait_users/staff122/deepfake_project/outputs_deepfake_project/dfdc_subset_77_jpg/test/fake/fake_001773.jpg,1.0,0.9971075654029846,1
/media/D1/ait_users/staff122/deepfake_project/outputs_deepfake_project/dfdc_subset_77_jpg/test/fake/fake_001774.jpg,1.0,0.9446839094161987,1
/media/D1/ait_users/staff122/deepfake_project/outputs_deepfake_project/dfdc_subset_77_jpg/test/fake/fake_001775.jpg,1.0,0.9160572290420532,1
/media/D1/ait_users/staff122/deepfake_project/outputs_deepfake_project/dfdc_subset_77_jpg/test/fake/fake_001776.jpg,1.0,0.9221459031105042,1
/media/D1/ait_users/staff122/deepfake_project/outputs_deepfake_project/dfdc_subset_77_jpg/test/fake/fake_001777.jpg,1.0,0.9936944842338562,1
/media/D1/ait_users/staff122/deepfake_project/outputs_deepfake_project/dfdc_subset_77_jpg/test/fake/fake_001778.jpg,1.0,0.9699490070343018,1
/media/D1/ait_users/staff122/deepfake_project/outputs_deepfake_project/dfdc_subset_77_jpg/test/fake/fake_001779.jpg,1.0,0.9998637437820435,1
/media/D1/ait_users/staff122/deepfake_project/outputs_deepfake_project/dfdc_subset_77_jpg/test/fake/fake_001780.jpg,1.0,0.9995790123939514,1
/media/D1/ait_users/staff122/deepfake_project/outputs_deepfake_project/dfdc_subset_77_jpg/test/fake/fake_001781.jpg,1.0,0.9691792726516724,1
/media/D1/ait_users/staff122/deepfake_project/outputs_deepfake_project/dfdc_subset_77_jpg/test/fake/fake_001782.jpg,1.0,0.9977439641952515,1
/media/D1/ait_users/staff122/deepfake_project/outputs_deepfake_project/dfdc_subset_77_jpg/test/fake/fake_001783.jpg,1.0,0.997819185256958,1
/media/D1/ait_users/staff122/deepfake_project/outputs_deepfake_project/dfdc_subset_77_jpg/test/fake/fake_001784.jpg,1.0,0.9980685114860535,1
/media/D1/ait_users/staff122/deepfake_project/outputs_deepfake_project/dfdc_subset_77_jpg/test/fake/fake_001785.jpg,1.0,0.9997639060020447,1
/media/D1/ait_users/staff122/deepfake_project/outputs_deepfake_project/dfdc_subset_77_jpg/test/fake/fake_001786.jpg,1.0,0.9977232813835144,1
/media/D1/ait_users/staff122/deepfake_project/outputs_deepfake_project/dfdc_subset_77_jpg/test/fake/fake_001787.jpg,1.0,0.9931031465530396,1
/media/D1/ait_users/staff122/deepfake_project/outputs_deepfake_project/dfdc_subset_77_jpg/test/fake/fake_001788.jpg,1.0,0.9999861717224121,1
/media/D1/ait_users/staff122/deepfake_project/outputs_deepfake_project/dfdc_subset_77_jpg/test/fake/fake_001789.jpg,1.0,0.9998931884765625,1
/media/D1/ait_users/staff122/deepfake_project/outputs_deepfake_project/dfdc_subset_77_jpg/test/fake/fake_001790.jpg,1.0,0.9998270869255066,1
/media/D1/ait_users/staff122/deepfake_project/outputs_deepfake_project/dfdc_subset_77_jpg/test/fake/fake_001791.jpg,1.0,0.999091625213623,1
/media/D1/ait_users/staff122/deepfake_project/outputs_deepfake_project/dfdc_subset_77_jpg/test/fake/fake_001792.jpg,1.0,0.9997215867042542,1
/media/D1/ait_users/staff122/deepfake_project/outputs_deepfake_project/dfdc_subset_77_jpg/test/fake/fake_001793.jpg,1.0,0.9998905658721924,1
/media/D1/ait_users/staff122/deepfake_project/outputs_deepfake_project/dfdc_subset_77_jpg/test/fake/fake_001794.jpg,1.0,0.9997195601463318,1
/media/D1/ait_users/staff122/deepfake_project/outputs_deepfake_project/dfdc_subset_77_jpg/test/fake/fake_001795.jpg,1.0,0.9671557545661926,1
/media/D1/ait_users/staff122/deepfake_project/outputs_deepfake_project/dfdc_subset_77_jpg/test/fake/fake_001796.jpg,1.0,0.9637255072593689,1
/media/D1/ait_users/staff122/deepfake_project/outputs_deepfake_project/dfdc_subset_77_jpg/test/fake/fake_001797.jpg,1.0,0.999285876750946,1
/media/D1/ait_users/staff122/deepfake_project/outputs_deepfake_project/dfdc_subset_77_jpg/test/fake/fake_001798.jpg,1.0,0.999363124370575,1
/media/D1/ait_users/staff122/deepfake_project/outputs_deepfake_project/dfdc_subset_77_jpg/test/fake/fake_001799.jpg,1.0,0.9989362359046936,1
/media/D1/ait_users/staff122/deepfake_project/outputs_deepfake_project/dfdc_subset_77_jpg/test/fake/fake_001800.jpg,1.0,0.9902398586273193,1
/media/D1/ait_users/staff122/deepfake_project/outputs_deepfake_project/dfdc_subset_77_jpg/test/fake/fake_001801.jpg,1.0,0.999868631362915,1
/media/D1/ait_users/staff122/deepfake_project/outputs_deepfake_project/dfdc_subset_77_jpg/test/fake/fake_001802.jpg,1.0,0.9997486472129822,1
/media/D1/ait_users/staff122/deepfake_project/outputs_deepfake_project/dfdc_subset_77_jpg/test/fake/fake_001803.jpg,1.0,0.9987321496009827,1
/media/D1/ait_users/staff122/deepfake_project/outputs_deepfake_project/dfdc_subset_77_jpg/test/fake/fake_001804.jpg,1.0,0.99831223487854,1
/media/D1/ait_users/staff122/deepfake_project/outputs_deepfake_project/dfdc_subset_77_jpg/test/fake/fake_001805.jpg,1.0,0.9928324222564697,1
/media/D1/ait_users/staff122/deepfake_project/outputs_deepfake_project/dfdc_subset_77_jpg/test/fake/fake_001806.jpg,1.0,0.8987193703651428,1
/media/D1/ait_users/staff122/deepfake_project/outputs_deepfake_project/dfdc_subset_77_jpg/test/fake/fake_001807.jpg,1.0,0.9993271827697754,1
/media/D1/ait_users/staff122/deepfake_project/outputs_deepfake_project/dfdc_subset_77_jpg/test/fake/fake_001808.jpg,1.0,0.9987585544586182,1
/media/D1/ait_users/staff122/deepfake_project/outputs_deepfake_project/dfdc_subset_77_jpg/test/fake/fake_001809.jpg,1.0,0.999607264995575,1
/media/D1/ait_users/staff122/deepfake_project/outputs_deepfake_project/dfdc_subset_77_jpg/test/fake/fake_001810.jpg,1.0,0.9992609620094299,1
/media/D1/ait_users/staff122/deepfake_project/outputs_deepfake_project/dfdc_subset_77_jpg/test/fake/fake_001811.jpg,1.0,0.9993783235549927,1
/media/D1/ait_users/staff122/deepfake_project/outputs_deepfake_project/dfdc_subset_77_jpg/test/fake/fake_001812.jpg,1.0,0.9992271661758423,1
/media/D1/ait_users/staff122/deepfake_project/outputs_deepfake_project/dfdc_subset_77_jpg/test/fake/fake_001813.jpg,1.0,0.99905925989151,1
/media/D1/ait_users/staff122/deepfake_project/outputs_deepfake_project/dfdc_subset_77_jpg/test/fake/fake_001814.jpg,1.0,0.9790137410163879,1
/media/D1/ait_users/staff122/deepfake_project/outputs_deepfake_project/dfdc_subset_77_jpg/test/fake/fake_001815.jpg,1.0,0.9992107152938843,1
/media/D1/ait_users/staff122/deepfake_project/outputs_deepfake_project/dfdc_subset_77_jpg/test/fake/fake_001816.jpg,1.0,0.13645897805690765,0
/media/D1/ait_users/staff122/deepfake_project/outputs_deepfake_project/dfdc_subset_77_jpg/test/fake/fake_001817.jpg,1.0,0.9712417125701904,1
/media/D1/ait_users/staff122/deepfake_project/outputs_deepfake_project/dfdc_subset_77_jpg/test/fake/fake_001818.jpg,1.0,0.9442135095596313,1
/media/D1/ait_users/staff122/deepfake_project/outputs_deepfake_project/dfdc_subset_77_jpg/test/fake/fake_001819.jpg,1.0,0.9966443777084351,1
/media/D1/ait_users/staff122/deepfake_project/outputs_deepfake_project/dfdc_subset_77_jpg/test/fake/fake_001820.jpg,1.0,0.9643872976303101,1
/media/D1/ait_users/staff122/deepfake_project/outputs_deepfake_project/dfdc_subset_77_jpg/test/fake/fake_001821.jpg,1.0,0.17734840512275696,0
/media/D1/ait_users/staff122/deepfake_project/outputs_deepfake_project/dfdc_subset_77_jpg/test/fake/fake_001822.jpg,1.0,0.9988101720809937,1
/media/D1/ait_users/staff122/deepfake_project/outputs_deepfake_project/dfdc_subset_77_jpg/test/fake/fake_001823.jpg,1.0,0.9993588328361511,1
/media/D1/ait_users/staff122/deepfake_project/outputs_deepfake_project/dfdc_subset_77_jpg/test/fake/fake_001824.jpg,1.0,0.5866584181785583,1
/media/D1/ait_users/staff122/deepfake_project/outputs_deepfake_project/dfdc_subset_77_jpg/test/fake/fake_001825.jpg,1.0,0.680365800857544,1
/media/D1/ait_users/staff122/deepfake_project/outputs_deepfake_project/dfdc_subset_77_jpg/test/fake/fake_001826.jpg,1.0,0.9989563226699829,1
/media/D1/ait_users/staff122/deepfake_project/outputs_deepfake_project/dfdc_subset_77_jpg/test/fake/fake_001827.jpg,1.0,0.5420824885368347,1
/media/D1/ait_users/staff122/deepfake_project/outputs_deepfake_project/dfdc_subset_77_jpg/test/fake/fake_001828.jpg,1.0,0.8708794713020325,1
/media/D1/ait_users/staff122/deepfake_project/outputs_deepfake_project/dfdc_subset_77_jpg/test/fake/fake_001829.jpg,1.0,0.8946595788002014,1
/media/D1/ait_users/staff122/deepfake_project/outputs_deepfake_project/dfdc_subset_77_jpg/test/fake/fake_001830.jpg,1.0,0.9920650124549866,1
/media/D1/ait_users/staff122/deepfake_project/outputs_deepfake_project/dfdc_subset_77_jpg/test/fake/fake_001831.jpg,1.0,0.9970546960830688,1
/media/D1/ait_users/staff122/deepfake_project/outputs_deepfake_project/dfdc_subset_77_jpg/test/fake/fake_001832.jpg,1.0,0.9944802522659302,1
/media/D1/ait_users/staff122/deepfake_project/outputs_deepfake_project/dfdc_subset_77_jpg/test/fake/fake_001833.jpg,1.0,0.9959551095962524,1
/media/D1/ait_users/staff122/deepfake_project/outputs_deepfake_project/dfdc_subset_77_jpg/test/fake/fake_001834.jpg,1.0,0.9932616353034973,1
/media/D1/ait_users/staff122/deepfake_project/outputs_deepfake_project/dfdc_subset_77_jpg/test/fake/fake_001835.jpg,1.0,0.9804256558418274,1
/media/D1/ait_users/staff122/deepfake_project/outputs_deepfake_project/dfdc_subset_77_jpg/test/fake/fake_001836.jpg,1.0,0.9898950457572937,1
/media/D1/ait_users/staff122/deepfake_project/outputs_deepfake_project/dfdc_subset_77_jpg/test/fake/fake_001837.jpg,1.0,0.9993224143981934,1
/media/D1/ait_users/staff122/deepfake_project/outputs_deepfake_project/dfdc_subset_77_jpg/test/fake/fake_001838.jpg,1.0,0.9632591605186462,1
/media/D1/ait_users/staff122/deepfake_project/outputs_deepfake_project/dfdc_subset_77_jpg/test/fake/fake_001839.jpg,1.0,0.9991055130958557,1
/media/D1/ait_users/staff122/deepfake_project/outputs_deepfake_project/dfdc_subset_77_jpg/test/fake/fake_001840.jpg,1.0,0.8978288769721985,1
/media/D1/ait_users/staff122/deepfake_project/outputs_deepfake_project/dfdc_subset_77_jpg/test/fake/fake_001841.jpg,1.0,0.9851439595222473,1
/media/D1/ait_users/staff122/deepfake_project/outputs_deepfake_project/dfdc_subset_77_jpg/test/fake/fake_001842.jpg,1.0,0.988155722618103,1
/media/D1/ait_users/staff122/deepfake_project/outputs_deepfake_project/dfdc_subset_77_jpg/test/fake/fake_001843.jpg,1.0,0.9044885635375977,1
/media/D1/ait_users/staff122/deepfake_project/outputs_deepfake_project/dfdc_subset_77_jpg/test/fake/fake_001844.jpg,1.0,0.9894402623176575,1
/media/D1/ait_users/staff122/deepfake_project/outputs_deepfake_project/dfdc_subset_77_jpg/test/fake/fake_001845.jpg,1.0,0.9942131638526917,1
/media/D1/ait_users/staff122/deepfake_project/outputs_deepfake_project/dfdc_subset_77_jpg/test/fake/fake_001846.jpg,1.0,0.9907947182655334,1
/media/D1/ait_users/staff122/deepfake_project/outputs_deepfake_project/dfdc_subset_77_jpg/test/fake/fake_001847.jpg,1.0,0.9862820506095886,1
/media/D1/ait_users/staff122/deepfake_project/outputs_deepfake_project/dfdc_subset_77_jpg/test/fake/fake_001848.jpg,1.0,0.9827828407287598,1
/media/D1/ait_users/staff122/deepfake_project/outputs_deepfake_project/dfdc_subset_77_jpg/test/fake/fake_001849.jpg,1.0,0.9970178604125977,1
/media/D1/ait_users/staff122/deepfake_project/outputs_deepfake_project/dfdc_subset_77_jpg/test/fake/fake_001850.jpg,1.0,0.884358286857605,1
/media/D1/ait_users/staff122/deepfake_project/outputs_deepfake_project/dfdc_subset_77_jpg/test/fake/fake_001851.jpg,1.0,0.8994641900062561,1
/media/D1/ait_users/staff122/deepfake_project/outputs_deepfake_project/dfdc_subset_77_jpg/test/fake/fake_001852.jpg,1.0,0.9742333292961121,1
/media/D1/ait_users/staff122/deepfake_project/outputs_deepfake_project/dfdc_subset_77_jpg/test/fake/fake_001853.jpg,1.0,0.9924088716506958,1
/media/D1/ait_users/staff122/deepfake_project/outputs_deepfake_project/dfdc_subset_77_jpg/test/fake/fake_001854.jpg,1.0,0.6668494939804077,1
/media/D1/ait_users/staff122/deepfake_project/outputs_deepfake_project/dfdc_subset_77_jpg/test/fake/fake_001855.jpg,1.0,0.6940260529518127,1
/media/D1/ait_users/staff122/deepfake_project/outputs_deepfake_project/dfdc_subset_77_jpg/test/fake/fake_001856.jpg,1.0,0.9974478483200073,1
/media/D1/ait_users/staff122/deepfake_project/outputs_deepfake_project/dfdc_subset_77_jpg/test/fake/fake_001857.jpg,1.0,0.9978795051574707,1
/media/D1/ait_users/staff122/deepfake_project/outputs_deepfake_project/dfdc_subset_77_jpg/test/fake/fake_001858.jpg,1.0,0.9972618818283081,1
/media/D1/ait_users/staff122/deepfake_project/outputs_deepfake_project/dfdc_subset_77_jpg/test/fake/fake_001859.jpg,1.0,0.9964897036552429,1
/media/D1/ait_users/staff122/deepfake_project/outputs_deepfake_project/dfdc_subset_77_jpg/test/fake/fake_001860.jpg,1.0,0.9962819218635559,1
/media/D1/ait_users/staff122/deepfake_project/outputs_deepfake_project/dfdc_subset_77_jpg/test/fake/fake_001861.jpg,1.0,0.9977728724479675,1
/media/D1/ait_users/staff122/deepfake_project/outputs_deepfake_project/dfdc_subset_77_jpg/test/fake/fake_001862.jpg,1.0,0.9960660338401794,1
/media/D1/ait_users/staff122/deepfake_project/outputs_deepfake_project/dfdc_subset_77_jpg/test/fake/fake_001863.jpg,1.0,0.9948492646217346,1
/media/D1/ait_users/staff122/deepfake_project/outputs_deepfake_project/dfdc_subset_77_jpg/test/fake/fake_001864.jpg,1.0,0.9973918199539185,1
/media/D1/ait_users/staff122/deepfake_project/outputs_deepfake_project/dfdc_subset_77_jpg/test/fake/fake_001865.jpg,1.0,0.9965546131134033,1
/media/D1/ait_users/staff122/deepfake_project/outputs_deepfake_project/dfdc_subset_77_jpg/test/fake/fake_001866.jpg,1.0,0.9970555305480957,1
/media/D1/ait_users/staff122/deepfake_project/outputs_deepfake_project/dfdc_subset_77_jpg/test/fake/fake_001867.jpg,1.0,0.9976673126220703,1
/media/D1/ait_users/staff122/deepfake_project/outputs_deepfake_project/dfdc_subset_77_jpg/test/fake/fake_001868.jpg,1.0,0.9782155156135559,1
/media/D1/ait_users/staff122/deepfake_project/outputs_deepfake_project/dfdc_subset_77_jpg/test/fake/fake_001869.jpg,1.0,0.9902893304824829,1
/media/D1/ait_users/staff122/deepfake_project/outputs_deepfake_project/dfdc_subset_77_jpg/test/fake/fake_001870.jpg,1.0,0.9976094961166382,1
/media/D1/ait_users/staff122/deepfake_project/outputs_deepfake_project/dfdc_subset_77_jpg/test/fake/fake_001871.jpg,1.0,0.9962730407714844,1
/media/D1/ait_users/staff122/deepfake_project/outputs_deepfake_project/dfdc_subset_77_jpg/test/fake/fake_001872.jpg,1.0,0.9127316474914551,1
/media/D1/ait_users/staff122/deepfake_project/outputs_deepfake_project/dfdc_subset_77_jpg/test/fake/fake_001873.jpg,1.0,0.9978193044662476,1
/media/D1/ait_users/staff122/deepfake_project/outputs_deepfake_project/dfdc_subset_77_jpg/test/fake/fake_001874.jpg,1.0,0.9960915446281433,1
/media/D1/ait_users/staff122/deepfake_project/outputs_deepfake_project/dfdc_subset_77_jpg/test/fake/fake_001875.jpg,1.0,0.8958197236061096,1
/media/D1/ait_users/staff122/deepfake_project/outputs_deepfake_project/dfdc_subset_77_jpg/test/fake/fake_001876.jpg,1.0,0.9973614811897278,1
/media/D1/ait_users/staff122/deepfake_project/outputs_deepfake_project/dfdc_subset_77_jpg/test/fake/fake_001877.jpg,1.0,0.9964954257011414,1
/media/D1/ait_users/staff122/deepfake_project/outputs_deepfake_project/dfdc_subset_77_jpg/test/fake/fake_001878.jpg,1.0,0.998773992061615,1
/media/D1/ait_users/staff122/deepfake_project/outputs_deepfake_project/dfdc_subset_77_jpg/test/fake/fake_001879.jpg,1.0,0.9976006150245667,1
/media/D1/ait_users/staff122/deepfake_project/outputs_deepfake_project/dfdc_subset_77_jpg/test/fake/fake_001880.jpg,1.0,0.9977978467941284,1
/media/D1/ait_users/staff122/deepfake_project/outputs_deepfake_project/dfdc_subset_77_jpg/test/fake/fake_001881.jpg,1.0,0.9978554844856262,1
/media/D1/ait_users/staff122/deepfake_project/outputs_deepfake_project/dfdc_subset_77_jpg/test/fake/fake_001882.jpg,1.0,0.9977253079414368,1
/media/D1/ait_users/staff122/deepfake_project/outputs_deepfake_project/dfdc_subset_77_jpg/test/fake/fake_001883.jpg,1.0,0.9985170960426331,1
/media/D1/ait_users/staff122/deepfake_project/outputs_deepfake_project/dfdc_subset_77_jpg/test/fake/fake_001884.jpg,1.0,0.9966437816619873,1
/media/D1/ait_users/staff122/deepfake_project/outputs_deepfake_project/dfdc_subset_77_jpg/test/fake/fake_001885.jpg,1.0,0.9969199895858765,1
/media/D1/ait_users/staff122/deepfake_project/outputs_deepfake_project/dfdc_subset_77_jpg/test/fake/fake_001886.jpg,1.0,0.9974725842475891,1
/media/D1/ait_users/staff122/deepfake_project/outputs_deepfake_project/dfdc_subset_77_jpg/test/fake/fake_001887.jpg,1.0,0.9979946613311768,1
/media/D1/ait_users/staff122/deepfake_project/outputs_deepfake_project/dfdc_subset_77_jpg/test/fake/fake_001888.jpg,1.0,0.9993605017662048,1
/media/D1/ait_users/staff122/deepfake_project/outputs_deepfake_project/dfdc_subset_77_jpg/test/fake/fake_001889.jpg,1.0,0.9728599786758423,1
/media/D1/ait_users/staff122/deepfake_project/outputs_deepfake_project/dfdc_subset_77_jpg/test/fake/fake_001890.jpg,1.0,0.964148223400116,1
/media/D1/ait_users/staff122/deepfake_project/outputs_deepfake_project/dfdc_subset_77_jpg/test/fake/fake_001891.jpg,1.0,0.9680470824241638,1
/media/D1/ait_users/staff122/deepfake_project/outputs_deepfake_project/dfdc_subset_77_jpg/test/fake/fake_001892.jpg,1.0,0.9605758190155029,1
/media/D1/ait_users/staff122/deepfake_project/outputs_deepfake_project/dfdc_subset_77_jpg/test/fake/fake_001893.jpg,1.0,0.9778215885162354,1
/media/D1/ait_users/staff122/deepfake_project/outputs_deepfake_project/dfdc_subset_77_jpg/test/fake/fake_001894.jpg,1.0,0.9982859492301941,1
/media/D1/ait_users/staff122/deepfake_project/outputs_deepfake_project/dfdc_subset_77_jpg/test/fake/fake_001895.jpg,1.0,0.9994951486587524,1
/media/D1/ait_users/staff122/deepfake_project/outputs_deepfake_project/dfdc_subset_77_jpg/test/fake/fake_001896.jpg,1.0,0.99280846118927,1
/media/D1/ait_users/staff122/deepfake_project/outputs_deepfake_project/dfdc_subset_77_jpg/test/fake/fake_001897.jpg,1.0,0.996551513671875,1
/media/D1/ait_users/staff122/deepfake_project/outputs_deepfake_project/dfdc_subset_77_jpg/test/fake/fake_001898.jpg,1.0,0.9646124243736267,1
/media/D1/ait_users/staff122/deepfake_project/outputs_deepfake_project/dfdc_subset_77_jpg/test/fake/fake_001899.jpg,1.0,0.9419211149215698,1
/media/D1/ait_users/staff122/deepfake_project/outputs_deepfake_project/dfdc_subset_77_jpg/test/fake/fake_001900.jpg,1.0,0.9936758875846863,1
/media/D1/ait_users/staff122/deepfake_project/outputs_deepfake_project/dfdc_subset_77_jpg/test/fake/fake_001901.jpg,1.0,0.9971376657485962,1
/media/D1/ait_users/staff122/deepfake_project/outputs_deepfake_project/dfdc_subset_77_jpg/test/fake/fake_001902.jpg,1.0,0.9841331243515015,1
/media/D1/ait_users/staff122/deepfake_project/outputs_deepfake_project/dfdc_subset_77_jpg/test/fake/fake_001903.jpg,1.0,0.8428722023963928,1
/media/D1/ait_users/staff122/deepfake_project/outputs_deepfake_project/dfdc_subset_77_jpg/test/fake/fake_001904.jpg,1.0,0.1558350771665573,0
/media/D1/ait_users/staff122/deepfake_project/outputs_deepfake_project/dfdc_subset_77_jpg/test/fake/fake_001905.jpg,1.0,0.9382383227348328,1
/media/D1/ait_users/staff122/deepfake_project/outputs_deepfake_project/dfdc_subset_77_jpg/test/fake/fake_001906.jpg,1.0,0.871289074420929,1
/media/D1/ait_users/staff122/deepfake_project/outputs_deepfake_project/dfdc_subset_77_jpg/test/fake/fake_001907.jpg,1.0,0.8716826438903809,1
/media/D1/ait_users/staff122/deepfake_project/outputs_deepfake_project/dfdc_subset_77_jpg/test/fake/fake_001908.jpg,1.0,0.971841037273407,1
/media/D1/ait_users/staff122/deepfake_project/outputs_deepfake_project/dfdc_subset_77_jpg/test/fake/fake_001909.jpg,1.0,0.997041642665863,1
/media/D1/ait_users/staff122/deepfake_project/outputs_deepfake_project/dfdc_subset_77_jpg/test/fake/fake_001910.jpg,1.0,0.9321205615997314,1
/media/D1/ait_users/staff122/deepfake_project/outputs_deepfake_project/dfdc_subset_77_jpg/test/fake/fake_001911.jpg,1.0,0.9980788230895996,1
/media/D1/ait_users/staff122/deepfake_project/outputs_deepfake_project/dfdc_subset_77_jpg/test/fake/fake_001912.jpg,1.0,0.9969319105148315,1
/media/D1/ait_users/staff122/deepfake_project/outputs_deepfake_project/dfdc_subset_77_jpg/test/fake/fake_001913.jpg,1.0,0.936030387878418,1
/media/D1/ait_users/staff122/deepfake_project/outputs_deepfake_project/dfdc_subset_77_jpg/test/fake/fake_001914.jpg,1.0,0.9041024446487427,1
/media/D1/ait_users/staff122/deepfake_project/outputs_deepfake_project/dfdc_subset_77_jpg/test/fake/fake_001915.jpg,1.0,0.9183272123336792,1
/media/D1/ait_users/staff122/deepfake_project/outputs_deepfake_project/dfdc_subset_77_jpg/test/fake/fake_001916.jpg,1.0,0.8465518355369568,1
/media/D1/ait_users/staff122/deepfake_project/outputs_deepfake_project/dfdc_subset_77_jpg/test/fake/fake_001917.jpg,1.0,0.8480695486068726,1
/media/D1/ait_users/staff122/deepfake_project/outputs_deepfake_project/dfdc_subset_77_jpg/test/fake/fake_001918.jpg,1.0,0.9807549715042114,1
/media/D1/ait_users/staff122/deepfake_project/outputs_deepfake_project/dfdc_subset_77_jpg/test/fake/fake_001919.jpg,1.0,0.7753087878227234,1
/media/D1/ait_users/staff122/deepfake_project/outputs_deepfake_project/dfdc_subset_77_jpg/test/fake/fake_001920.jpg,1.0,0.9954481720924377,1
/media/D1/ait_users/staff122/deepfake_project/outputs_deepfake_project/dfdc_subset_77_jpg/test/fake/fake_001921.jpg,1.0,0.9977478384971619,1
/media/D1/ait_users/staff122/deepfake_project/outputs_deepfake_project/dfdc_subset_77_jpg/test/fake/fake_001922.jpg,1.0,0.9982390403747559,1
/media/D1/ait_users/staff122/deepfake_project/outputs_deepfake_project/dfdc_subset_77_jpg/test/fake/fake_001923.jpg,1.0,0.9987006187438965,1
/media/D1/ait_users/staff122/deepfake_project/outputs_deepfake_project/dfdc_subset_77_jpg/test/fake/fake_001924.jpg,1.0,0.9985864162445068,1
/media/D1/ait_users/staff122/deepfake_project/outputs_deepfake_project/dfdc_subset_77_jpg/test/fake/fake_001925.jpg,1.0,0.995595395565033,1
/media/D1/ait_users/staff122/deepfake_project/outputs_deepfake_project/dfdc_subset_77_jpg/test/fake/fake_001926.jpg,1.0,0.9987612962722778,1
/media/D1/ait_users/staff122/deepfake_project/outputs_deepfake_project/dfdc_subset_77_jpg/test/fake/fake_001927.jpg,1.0,0.998110294342041,1
/media/D1/ait_users/staff122/deepfake_project/outputs_deepfake_project/dfdc_subset_77_jpg/test/fake/fake_001928.jpg,1.0,0.9967708587646484,1
/media/D1/ait_users/staff122/deepfake_project/outputs_deepfake_project/dfdc_subset_77_jpg/test/fake/fake_001929.jpg,1.0,0.9981622099876404,1
/media/D1/ait_users/staff122/deepfake_project/outputs_deepfake_project/dfdc_subset_77_jpg/test/fake/fake_001930.jpg,1.0,0.9976993203163147,1
/media/D1/ait_users/staff122/deepfake_project/outputs_deepfake_project/dfdc_subset_77_jpg/test/fake/fake_001931.jpg,1.0,0.9995943903923035,1
/media/D1/ait_users/staff122/deepfake_project/outputs_deepfake_project/dfdc_subset_77_jpg/test/fake/fake_001932.jpg,1.0,0.9983415603637695,1
/media/D1/ait_users/staff122/deepfake_project/outputs_deepfake_project/dfdc_subset_77_jpg/test/fake/fake_001933.jpg,1.0,0.9987457990646362,1
/media/D1/ait_users/staff122/deepfake_project/outputs_deepfake_project/dfdc_subset_77_jpg/test/fake/fake_001934.jpg,1.0,0.9836411476135254,1
/media/D1/ait_users/staff122/deepfake_project/outputs_deepfake_project/dfdc_subset_77_jpg/test/fake/fake_001935.jpg,1.0,0.9931116104125977,1
/media/D1/ait_users/staff122/deepfake_project/outputs_deepfake_project/dfdc_subset_77_jpg/test/fake/fake_001936.jpg,1.0,0.9985342025756836,1
/media/D1/ait_users/staff122/deepfake_project/outputs_deepfake_project/dfdc_subset_77_jpg/test/fake/fake_001937.jpg,1.0,0.9970166683197021,1
/media/D1/ait_users/staff122/deepfake_project/outputs_deepfake_project/dfdc_subset_77_jpg/test/fake/fake_001938.jpg,1.0,0.9987767338752747,1
/media/D1/ait_users/staff122/deepfake_project/outputs_deepfake_project/dfdc_subset_77_jpg/test/fake/fake_001939.jpg,1.0,0.9733747839927673,1
/media/D1/ait_users/staff122/deepfake_project/outputs_deepfake_project/dfdc_subset_77_jpg/test/fake/fake_001940.jpg,1.0,0.9982538819313049,1
/media/D1/ait_users/staff122/deepfake_project/outputs_deepfake_project/dfdc_subset_77_jpg/test/fake/fake_001941.jpg,1.0,0.9987577199935913,1
/media/D1/ait_users/staff122/deepfake_project/outputs_deepfake_project/dfdc_subset_77_jpg/test/fake/fake_001942.jpg,1.0,0.9984468817710876,1
/media/D1/ait_users/staff122/deepfake_project/outputs_deepfake_project/dfdc_subset_77_jpg/test/fake/fake_001943.jpg,1.0,0.997309684753418,1
/media/D1/ait_users/staff122/deepfake_project/outputs_deepfake_project/dfdc_subset_77_jpg/test/fake/fake_001944.jpg,1.0,0.9927691221237183,1
/media/D1/ait_users/staff122/deepfake_project/outputs_deepfake_project/dfdc_subset_77_jpg/test/fake/fake_001945.jpg,1.0,0.998267650604248,1
/media/D1/ait_users/staff122/deepfake_project/outputs_deepfake_project/dfdc_subset_77_jpg/test/fake/fake_001946.jpg,1.0,0.9983237385749817,1
/media/D1/ait_users/staff122/deepfake_project/outputs_deepfake_project/dfdc_subset_77_jpg/test/fake/fake_001947.jpg,1.0,0.9967237114906311,1
/media/D1/ait_users/staff122/deepfake_project/outputs_deepfake_project/dfdc_subset_77_jpg/test/fake/fake_001948.jpg,1.0,0.9967648983001709,1
/media/D1/ait_users/staff122/deepfake_project/outputs_deepfake_project/dfdc_subset_77_jpg/test/fake/fake_001949.jpg,1.0,0.9956218600273132,1
/media/D1/ait_users/staff122/deepfake_project/outputs_deepfake_project/dfdc_subset_77_jpg/test/fake/fake_001950.jpg,1.0,0.998539924621582,1
/media/D1/ait_users/staff122/deepfake_project/outputs_deepfake_project/dfdc_subset_77_jpg/test/fake/fake_001951.jpg,1.0,0.9977375268936157,1
/media/D1/ait_users/staff122/deepfake_project/outputs_deepfake_project/dfdc_subset_77_jpg/test/fake/fake_001952.jpg,1.0,0.08053918182849884,0
/media/D1/ait_users/staff122/deepfake_project/outputs_deepfake_project/dfdc_subset_77_jpg/test/fake/fake_001953.jpg,1.0,0.17514562606811523,0
/media/D1/ait_users/staff122/deepfake_project/outputs_deepfake_project/dfdc_subset_77_jpg/test/fake/fake_001954.jpg,1.0,0.6265630722045898,1
/media/D1/ait_users/staff122/deepfake_project/outputs_deepfake_project/dfdc_subset_77_jpg/test/fake/fake_001955.jpg,1.0,0.1129051148891449,0
/media/D1/ait_users/staff122/deepfake_project/outputs_deepfake_project/dfdc_subset_77_jpg/test/fake/fake_001956.jpg,1.0,0.43140241503715515,0
/media/D1/ait_users/staff122/deepfake_project/outputs_deepfake_project/dfdc_subset_77_jpg/test/fake/fake_001957.jpg,1.0,0.08540569245815277,0
/media/D1/ait_users/staff122/deepfake_project/outputs_deepfake_project/dfdc_subset_77_jpg/test/fake/fake_001958.jpg,1.0,0.9872986674308777,1
/media/D1/ait_users/staff122/deepfake_project/outputs_deepfake_project/dfdc_subset_77_jpg/test/fake/fake_001959.jpg,1.0,0.10322259366512299,0
/media/D1/ait_users/staff122/deepfake_project/outputs_deepfake_project/dfdc_subset_77_jpg/test/fake/fake_001960.jpg,1.0,0.028105543926358223,0
/media/D1/ait_users/staff122/deepfake_project/outputs_deepfake_project/dfdc_subset_77_jpg/test/fake/fake_001961.jpg,1.0,0.05023839697241783,0
/media/D1/ait_users/staff122/deepfake_project/outputs_deepfake_project/dfdc_subset_77_jpg/test/fake/fake_001962.jpg,1.0,0.8458024859428406,1
/media/D1/ait_users/staff122/deepfake_project/outputs_deepfake_project/dfdc_subset_77_jpg/test/fake/fake_001963.jpg,1.0,0.08864996582269669,0
/media/D1/ait_users/staff122/deepfake_project/outputs_deepfake_project/dfdc_subset_77_jpg/test/fake/fake_001964.jpg,1.0,0.1979491412639618,0
/media/D1/ait_users/staff122/deepfake_project/outputs_deepfake_project/dfdc_subset_77_jpg/test/fake/fake_001965.jpg,1.0,0.8804171681404114,1
/media/D1/ait_users/staff122/deepfake_project/outputs_deepfake_project/dfdc_subset_77_jpg/test/fake/fake_001966.jpg,1.0,0.5022943615913391,1
/media/D1/ait_users/staff122/deepfake_project/outputs_deepfake_project/dfdc_subset_77_jpg/test/fake/fake_001967.jpg,1.0,0.009056483395397663,0
/media/D1/ait_users/staff122/deepfake_project/outputs_deepfake_project/dfdc_subset_77_jpg/test/fake/fake_001968.jpg,1.0,0.032293450087308884,0
/media/D1/ait_users/staff122/deepfake_project/outputs_deepfake_project/dfdc_subset_77_jpg/test/fake/fake_001969.jpg,1.0,0.09526897966861725,0
/media/D1/ait_users/staff122/deepfake_project/outputs_deepfake_project/dfdc_subset_77_jpg/test/fake/fake_001970.jpg,1.0,0.15689070522785187,0
/media/D1/ait_users/staff122/deepfake_project/outputs_deepfake_project/dfdc_subset_77_jpg/test/fake/fake_001971.jpg,1.0,0.12376100569963455,0
/media/D1/ait_users/staff122/deepfake_project/outputs_deepfake_project/dfdc_subset_77_jpg/test/fake/fake_001972.jpg,1.0,0.051909588277339935,0
/media/D1/ait_users/staff122/deepfake_project/outputs_deepfake_project/dfdc_subset_77_jpg/test/fake/fake_001973.jpg,1.0,0.6661263108253479,1
/media/D1/ait_users/staff122/deepfake_project/outputs_deepfake_project/dfdc_subset_77_jpg/test/fake/fake_001974.jpg,1.0,0.6659128665924072,1
/media/D1/ait_users/staff122/deepfake_project/outputs_deepfake_project/dfdc_subset_77_jpg/test/fake/fake_001975.jpg,1.0,0.8699511885643005,1
/media/D1/ait_users/staff122/deepfake_project/outputs_deepfake_project/dfdc_subset_77_jpg/test/fake/fake_001976.jpg,1.0,0.16240914165973663,0
/media/D1/ait_users/staff122/deepfake_project/outputs_deepfake_project/dfdc_subset_77_jpg/test/fake/fake_001977.jpg,1.0,0.12808755040168762,0
/media/D1/ait_users/staff122/deepfake_project/outputs_deepfake_project/dfdc_subset_77_jpg/test/fake/fake_001978.jpg,1.0,0.48766565322875977,0
/media/D1/ait_users/staff122/deepfake_project/outputs_deepfake_project/dfdc_subset_77_jpg/test/fake/fake_001979.jpg,1.0,0.67656010389328,1
/media/D1/ait_users/staff122/deepfake_project/outputs_deepfake_project/dfdc_subset_77_jpg/test/fake/fake_001980.jpg,1.0,0.7414253950119019,1
/media/D1/ait_users/staff122/deepfake_project/outputs_deepfake_project/dfdc_subset_77_jpg/test/fake/fake_001981.jpg,1.0,0.7368665337562561,1
/media/D1/ait_users/staff122/deepfake_project/outputs_deepfake_project/dfdc_subset_77_jpg/test/fake/fake_001982.jpg,1.0,0.010521394200623035,0
/media/D1/ait_users/staff122/deepfake_project/outputs_deepfake_project/dfdc_subset_77_jpg/test/fake/fake_001983.jpg,1.0,0.06178160756826401,0
/media/D1/ait_users/staff122/deepfake_project/outputs_deepfake_project/dfdc_subset_77_jpg/test/fake/fake_001984.jpg,1.0,0.9964928030967712,1
/media/D1/ait_users/staff122/deepfake_project/outputs_deepfake_project/dfdc_subset_77_jpg/test/fake/fake_001985.jpg,1.0,0.9965625405311584,1
/media/D1/ait_users/staff122/deepfake_project/outputs_deepfake_project/dfdc_subset_77_jpg/test/fake/fake_001986.jpg,1.0,0.9879216551780701,1
/media/D1/ait_users/staff122/deepfake_project/outputs_deepfake_project/dfdc_subset_77_jpg/test/fake/fake_001987.jpg,1.0,0.9937947988510132,1
/media/D1/ait_users/staff122/deepfake_project/outputs_deepfake_project/dfdc_subset_77_jpg/test/fake/fake_001988.jpg,1.0,0.9956323504447937,1
/media/D1/ait_users/staff122/deepfake_project/outputs_deepfake_project/dfdc_subset_77_jpg/test/fake/fake_001989.jpg,1.0,0.9966549873352051,1
/media/D1/ait_users/staff122/deepfake_project/outputs_deepfake_project/dfdc_subset_77_jpg/test/fake/fake_001990.jpg,1.0,0.9968199729919434,1
/media/D1/ait_users/staff122/deepfake_project/outputs_deepfake_project/dfdc_subset_77_jpg/test/fake/fake_001991.jpg,1.0,0.9978154897689819,1
/media/D1/ait_users/staff122/deepfake_project/outputs_deepfake_project/dfdc_subset_77_jpg/test/fake/fake_001992.jpg,1.0,0.997871994972229,1
/media/D1/ait_users/staff122/deepfake_project/outputs_deepfake_project/dfdc_subset_77_jpg/test/fake/fake_001993.jpg,1.0,0.9980048537254333,1
/media/D1/ait_users/staff122/deepfake_project/outputs_deepfake_project/dfdc_subset_77_jpg/test/fake/fake_001994.jpg,1.0,0.9961279034614563,1
/media/D1/ait_users/staff122/deepfake_project/outputs_deepfake_project/dfdc_subset_77_jpg/test/fake/fake_001995.jpg,1.0,0.9946995973587036,1
/media/D1/ait_users/staff122/deepfake_project/outputs_deepfake_project/dfdc_subset_77_jpg/test/fake/fake_001996.jpg,1.0,0.9954236149787903,1
/media/D1/ait_users/staff122/deepfake_project/outputs_deepfake_project/dfdc_subset_77_jpg/test/fake/fake_001997.jpg,1.0,0.9934265613555908,1
/media/D1/ait_users/staff122/deepfake_project/outputs_deepfake_project/dfdc_subset_77_jpg/test/fake/fake_001998.jpg,1.0,0.9980025887489319,1
/media/D1/ait_users/staff122/deepfake_project/outputs_deepfake_project/dfdc_subset_77_jpg/test/fake/fake_001999.jpg,1.0,0.997623860836029,1
/media/D1/ait_users/staff122/deepfake_project/outputs_deepfake_project/dfdc_subset_77_jpg/test/fake/fake_002000.jpg,1.0,0.9963375329971313,1
/media/D1/ait_users/staff122/deepfake_project/outputs_deepfake_project/dfdc_subset_77_jpg/test/fake/fake_002001.jpg,1.0,0.9960654377937317,1
/media/D1/ait_users/staff122/deepfake_project/outputs_deepfake_project/dfdc_subset_77_jpg/test/fake/fake_002002.jpg,1.0,0.9890189170837402,1
/media/D1/ait_users/staff122/deepfake_project/outputs_deepfake_project/dfdc_subset_77_jpg/test/fake/fake_002003.jpg,1.0,0.9960456490516663,1
/media/D1/ait_users/staff122/deepfake_project/outputs_deepfake_project/dfdc_subset_77_jpg/test/fake/fake_002004.jpg,1.0,0.9961538910865784,1
/media/D1/ait_users/staff122/deepfake_project/outputs_deepfake_project/dfdc_subset_77_jpg/test/fake/fake_002005.jpg,1.0,0.9935762286186218,1
/media/D1/ait_users/staff122/deepfake_project/outputs_deepfake_project/dfdc_subset_77_jpg/test/fake/fake_002006.jpg,1.0,0.9980998635292053,1
/media/D1/ait_users/staff122/deepfake_project/outputs_deepfake_project/dfdc_subset_77_jpg/test/fake/fake_002007.jpg,1.0,0.9954054355621338,1
/media/D1/ait_users/staff122/deepfake_project/outputs_deepfake_project/dfdc_subset_77_jpg/test/fake/fake_002008.jpg,1.0,0.9934619665145874,1
/media/D1/ait_users/staff122/deepfake_project/outputs_deepfake_project/dfdc_subset_77_jpg/test/fake/fake_002009.jpg,1.0,0.9977401494979858,1
/media/D1/ait_users/staff122/deepfake_project/outputs_deepfake_project/dfdc_subset_77_jpg/test/fake/fake_002010.jpg,1.0,0.917966365814209,1
/media/D1/ait_users/staff122/deepfake_project/outputs_deepfake_project/dfdc_subset_77_jpg/test/fake/fake_002011.jpg,1.0,0.9977158308029175,1
/media/D1/ait_users/staff122/deepfake_project/outputs_deepfake_project/dfdc_subset_77_jpg/test/fake/fake_002012.jpg,1.0,0.9962103366851807,1
/media/D1/ait_users/staff122/deepfake_project/outputs_deepfake_project/dfdc_subset_77_jpg/test/fake/fake_002013.jpg,1.0,0.993880033493042,1
/media/D1/ait_users/staff122/deepfake_project/outputs_deepfake_project/dfdc_subset_77_jpg/test/fake/fake_002014.jpg,1.0,0.9973971843719482,1
/media/D1/ait_users/staff122/deepfake_project/outputs_deepfake_project/dfdc_subset_77_jpg/test/fake/fake_002015.jpg,1.0,0.9921289682388306,1
/media/D1/ait_users/staff122/deepfake_project/outputs_deepfake_project/dfdc_subset_77_jpg/test/fake/fake_002016.jpg,1.0,0.9394993185997009,1
/media/D1/ait_users/staff122/deepfake_project/outputs_deepfake_project/dfdc_subset_77_jpg/test/fake/fake_002017.jpg,1.0,0.9474400877952576,1
/media/D1/ait_users/staff122/deepfake_project/outputs_deepfake_project/dfdc_subset_77_jpg/test/fake/fake_002018.jpg,1.0,0.9956068396568298,1
/media/D1/ait_users/staff122/deepfake_project/outputs_deepfake_project/dfdc_subset_77_jpg/test/fake/fake_002019.jpg,1.0,0.9153972268104553,1
/media/D1/ait_users/staff122/deepfake_project/outputs_deepfake_project/dfdc_subset_77_jpg/test/fake/fake_002020.jpg,1.0,0.9969868063926697,1
/media/D1/ait_users/staff122/deepfake_project/outputs_deepfake_project/dfdc_subset_77_jpg/test/fake/fake_002021.jpg,1.0,0.43816906213760376,0
/media/D1/ait_users/staff122/deepfake_project/outputs_deepfake_project/dfdc_subset_77_jpg/test/fake/fake_002022.jpg,1.0,0.8183020949363708,1
/media/D1/ait_users/staff122/deepfake_project/outputs_deepfake_project/dfdc_subset_77_jpg/test/fake/fake_002023.jpg,1.0,0.9979374408721924,1
/media/D1/ait_users/staff122/deepfake_project/outputs_deepfake_project/dfdc_subset_77_jpg/test/fake/fake_002024.jpg,1.0,0.9026957154273987,1
/media/D1/ait_users/staff122/deepfake_project/outputs_deepfake_project/dfdc_subset_77_jpg/test/fake/fake_002025.jpg,1.0,0.9115701913833618,1
/media/D1/ait_users/staff122/deepfake_project/outputs_deepfake_project/dfdc_subset_77_jpg/test/fake/fake_002026.jpg,1.0,0.82407546043396,1
/media/D1/ait_users/staff122/deepfake_project/outputs_deepfake_project/dfdc_subset_77_jpg/test/fake/fake_002027.jpg,1.0,0.3487640917301178,0
/media/D1/ait_users/staff122/deepfake_project/outputs_deepfake_project/dfdc_subset_77_jpg/test/fake/fake_002028.jpg,1.0,0.47129034996032715,0
/media/D1/ait_users/staff122/deepfake_project/outputs_deepfake_project/dfdc_subset_77_jpg/test/fake/fake_002029.jpg,1.0,0.607733428478241,1
/media/D1/ait_users/staff122/deepfake_project/outputs_deepfake_project/dfdc_subset_77_jpg/test/fake/fake_002030.jpg,1.0,0.5761229991912842,1
/media/D1/ait_users/staff122/deepfake_project/outputs_deepfake_project/dfdc_subset_77_jpg/test/fake/fake_002031.jpg,1.0,0.8898205757141113,1
/media/D1/ait_users/staff122/deepfake_project/outputs_deepfake_project/dfdc_subset_77_jpg/test/fake/fake_002032.jpg,1.0,0.6816237568855286,1
/media/D1/ait_users/staff122/deepfake_project/outputs_deepfake_project/dfdc_subset_77_jpg/test/fake/fake_002033.jpg,1.0,0.8613727688789368,1
/media/D1/ait_users/staff122/deepfake_project/outputs_deepfake_project/dfdc_subset_77_jpg/test/fake/fake_002034.jpg,1.0,0.7509568929672241,1
/media/D1/ait_users/staff122/deepfake_project/outputs_deepfake_project/dfdc_subset_77_jpg/test/fake/fake_002035.jpg,1.0,0.5498458743095398,1
/media/D1/ait_users/staff122/deepfake_project/outputs_deepfake_project/dfdc_subset_77_jpg/test/fake/fake_002036.jpg,1.0,0.9623257517814636,1
/media/D1/ait_users/staff122/deepfake_project/outputs_deepfake_project/dfdc_subset_77_jpg/test/fake/fake_002037.jpg,1.0,0.9310378432273865,1
/media/D1/ait_users/staff122/deepfake_project/outputs_deepfake_project/dfdc_subset_77_jpg/test/fake/fake_002038.jpg,1.0,0.6895860433578491,1
/media/D1/ait_users/staff122/deepfake_project/outputs_deepfake_project/dfdc_subset_77_jpg/test/fake/fake_002039.jpg,1.0,0.9910112619400024,1
/media/D1/ait_users/staff122/deepfake_project/outputs_deepfake_project/dfdc_subset_77_jpg/test/fake/fake_002040.jpg,1.0,0.9413336515426636,1
/media/D1/ait_users/staff122/deepfake_project/outputs_deepfake_project/dfdc_subset_77_jpg/test/fake/fake_002041.jpg,1.0,0.9724873900413513,1
/media/D1/ait_users/staff122/deepfake_project/outputs_deepfake_project/dfdc_subset_77_jpg/test/fake/fake_002042.jpg,1.0,0.9815691709518433,1
/media/D1/ait_users/staff122/deepfake_project/outputs_deepfake_project/dfdc_subset_77_jpg/test/fake/fake_002043.jpg,1.0,0.9632795453071594,1
/media/D1/ait_users/staff122/deepfake_project/outputs_deepfake_project/dfdc_subset_77_jpg/test/fake/fake_002044.jpg,1.0,0.873845636844635,1
/media/D1/ait_users/staff122/deepfake_project/outputs_deepfake_project/dfdc_subset_77_jpg/test/fake/fake_002045.jpg,1.0,0.9748058319091797,1
/media/D1/ait_users/staff122/deepfake_project/outputs_deepfake_project/dfdc_subset_77_jpg/test/fake/fake_002046.jpg,1.0,0.9887832999229431,1
/media/D1/ait_users/staff122/deepfake_project/outputs_deepfake_project/dfdc_subset_77_jpg/test/fake/fake_002047.jpg,1.0,0.9058977961540222,1
/media/D1/ait_users/staff122/deepfake_project/outputs_deepfake_project/dfdc_subset_77_jpg/test/fake/fake_002048.jpg,1.0,0.9964106678962708,1
/media/D1/ait_users/staff122/deepfake_project/outputs_deepfake_project/dfdc_subset_77_jpg/test/fake/fake_002049.jpg,1.0,0.9998563528060913,1
/media/D1/ait_users/staff122/deepfake_project/outputs_deepfake_project/dfdc_subset_77_jpg/test/fake/fake_002050.jpg,1.0,0.9945981502532959,1
/media/D1/ait_users/staff122/deepfake_project/outputs_deepfake_project/dfdc_subset_77_jpg/test/fake/fake_002051.jpg,1.0,0.9792525172233582,1
/media/D1/ait_users/staff122/deepfake_project/outputs_deepfake_project/dfdc_subset_77_jpg/test/fake/fake_002052.jpg,1.0,0.9745417833328247,1
/media/D1/ait_users/staff122/deepfake_project/outputs_deepfake_project/dfdc_subset_77_jpg/test/fake/fake_002053.jpg,1.0,0.8905181288719177,1
/media/D1/ait_users/staff122/deepfake_project/outputs_deepfake_project/dfdc_subset_77_jpg/test/fake/fake_002054.jpg,1.0,0.9671576619148254,1
/media/D1/ait_users/staff122/deepfake_project/outputs_deepfake_project/dfdc_subset_77_jpg/test/fake/fake_002055.jpg,1.0,0.9952130317687988,1
/media/D1/ait_users/staff122/deepfake_project/outputs_deepfake_project/dfdc_subset_77_jpg/test/fake/fake_002056.jpg,1.0,0.9993670582771301,1
/media/D1/ait_users/staff122/deepfake_project/outputs_deepfake_project/dfdc_subset_77_jpg/test/fake/fake_002057.jpg,1.0,0.9996139407157898,1
/media/D1/ait_users/staff122/deepfake_project/outputs_deepfake_project/dfdc_subset_77_jpg/test/fake/fake_002058.jpg,1.0,0.9988264441490173,1
/media/D1/ait_users/staff122/deepfake_project/outputs_deepfake_project/dfdc_subset_77_jpg/test/fake/fake_002059.jpg,1.0,0.9956887364387512,1
/media/D1/ait_users/staff122/deepfake_project/outputs_deepfake_project/dfdc_subset_77_jpg/test/fake/fake_002060.jpg,1.0,0.8339506387710571,1
/media/D1/ait_users/staff122/deepfake_project/outputs_deepfake_project/dfdc_subset_77_jpg/test/fake/fake_002061.jpg,1.0,0.6552358269691467,1
/media/D1/ait_users/staff122/deepfake_project/outputs_deepfake_project/dfdc_subset_77_jpg/test/fake/fake_002062.jpg,1.0,0.8293811678886414,1
/media/D1/ait_users/staff122/deepfake_project/outputs_deepfake_project/dfdc_subset_77_jpg/test/fake/fake_002063.jpg,1.0,0.21687756478786469,0
/media/D1/ait_users/staff122/deepfake_project/outputs_deepfake_project/dfdc_subset_77_jpg/test/fake/fake_002064.jpg,1.0,0.8416790962219238,1
/media/D1/ait_users/staff122/deepfake_project/outputs_deepfake_project/dfdc_subset_77_jpg/test/fake/fake_002065.jpg,1.0,0.9559630155563354,1
/media/D1/ait_users/staff122/deepfake_project/outputs_deepfake_project/dfdc_subset_77_jpg/test/fake/fake_002066.jpg,1.0,0.49395984411239624,0
/media/D1/ait_users/staff122/deepfake_project/outputs_deepfake_project/dfdc_subset_77_jpg/test/fake/fake_002067.jpg,1.0,0.9540452361106873,1
/media/D1/ait_users/staff122/deepfake_project/outputs_deepfake_project/dfdc_subset_77_jpg/test/fake/fake_002068.jpg,1.0,0.8348413109779358,1
/media/D1/ait_users/staff122/deepfake_project/outputs_deepfake_project/dfdc_subset_77_jpg/test/fake/fake_002069.jpg,1.0,0.9692399501800537,1
/media/D1/ait_users/staff122/deepfake_project/outputs_deepfake_project/dfdc_subset_77_jpg/test/fake/fake_002070.jpg,1.0,0.8276716470718384,1
/media/D1/ait_users/staff122/deepfake_project/outputs_deepfake_project/dfdc_subset_77_jpg/test/fake/fake_002071.jpg,1.0,0.8147692084312439,1
/media/D1/ait_users/staff122/deepfake_project/outputs_deepfake_project/dfdc_subset_77_jpg/test/fake/fake_002072.jpg,1.0,0.7642208933830261,1
/media/D1/ait_users/staff122/deepfake_project/outputs_deepfake_project/dfdc_subset_77_jpg/test/fake/fake_002073.jpg,1.0,0.9916020035743713,1
/media/D1/ait_users/staff122/deepfake_project/outputs_deepfake_project/dfdc_subset_77_jpg/test/fake/fake_002074.jpg,1.0,0.9860439300537109,1
/media/D1/ait_users/staff122/deepfake_project/outputs_deepfake_project/dfdc_subset_77_jpg/test/fake/fake_002075.jpg,1.0,0.7977873682975769,1
/media/D1/ait_users/staff122/deepfake_project/outputs_deepfake_project/dfdc_subset_77_jpg/test/fake/fake_002076.jpg,1.0,0.5729283094406128,1
/media/D1/ait_users/staff122/deepfake_project/outputs_deepfake_project/dfdc_subset_77_jpg/test/fake/fake_002077.jpg,1.0,0.9716595411300659,1
/media/D1/ait_users/staff122/deepfake_project/outputs_deepfake_project/dfdc_subset_77_jpg/test/fake/fake_002078.jpg,1.0,0.8636992573738098,1
/media/D1/ait_users/staff122/deepfake_project/outputs_deepfake_project/dfdc_subset_77_jpg/test/fake/fake_002079.jpg,1.0,0.36867454648017883,0
/media/D1/ait_users/staff122/deepfake_project/outputs_deepfake_project/dfdc_subset_77_jpg/test/fake/fake_002080.jpg,1.0,0.9531614184379578,1
/media/D1/ait_users/staff122/deepfake_project/outputs_deepfake_project/dfdc_subset_77_jpg/test/fake/fake_002081.jpg,1.0,0.9988616704940796,1
/media/D1/ait_users/staff122/deepfake_project/outputs_deepfake_project/dfdc_subset_77_jpg/test/fake/fake_002082.jpg,1.0,0.9997351765632629,1
/media/D1/ait_users/staff122/deepfake_project/outputs_deepfake_project/dfdc_subset_77_jpg/test/fake/fake_002083.jpg,1.0,0.9991920590400696,1
/media/D1/ait_users/staff122/deepfake_project/outputs_deepfake_project/dfdc_subset_77_jpg/test/fake/fake_002084.jpg,1.0,0.9992331266403198,1
/media/D1/ait_users/staff122/deepfake_project/outputs_deepfake_project/dfdc_subset_77_jpg/test/fake/fake_002085.jpg,1.0,0.9985629916191101,1
/media/D1/ait_users/staff122/deepfake_project/outputs_deepfake_project/dfdc_subset_77_jpg/test/fake/fake_002086.jpg,1.0,0.9995852112770081,1
/media/D1/ait_users/staff122/deepfake_project/outputs_deepfake_project/dfdc_subset_77_jpg/test/fake/fake_002087.jpg,1.0,0.9965266585350037,1
/media/D1/ait_users/staff122/deepfake_project/outputs_deepfake_project/dfdc_subset_77_jpg/test/fake/fake_002088.jpg,1.0,0.9990386962890625,1
/media/D1/ait_users/staff122/deepfake_project/outputs_deepfake_project/dfdc_subset_77_jpg/test/fake/fake_002089.jpg,1.0,0.9984914064407349,1
/media/D1/ait_users/staff122/deepfake_project/outputs_deepfake_project/dfdc_subset_77_jpg/test/fake/fake_002090.jpg,1.0,0.9970800280570984,1
/media/D1/ait_users/staff122/deepfake_project/outputs_deepfake_project/dfdc_subset_77_jpg/test/fake/fake_002091.jpg,1.0,0.9978808760643005,1
/media/D1/ait_users/staff122/deepfake_project/outputs_deepfake_project/dfdc_subset_77_jpg/test/fake/fake_002092.jpg,1.0,0.999683141708374,1
/media/D1/ait_users/staff122/deepfake_project/outputs_deepfake_project/dfdc_subset_77_jpg/test/fake/fake_002093.jpg,1.0,0.9983516931533813,1
/media/D1/ait_users/staff122/deepfake_project/outputs_deepfake_project/dfdc_subset_77_jpg/test/fake/fake_002094.jpg,1.0,0.9991549253463745,1
/media/D1/ait_users/staff122/deepfake_project/outputs_deepfake_project/dfdc_subset_77_jpg/test/fake/fake_002095.jpg,1.0,0.9987078905105591,1
/media/D1/ait_users/staff122/deepfake_project/outputs_deepfake_project/dfdc_subset_77_jpg/test/fake/fake_002096.jpg,1.0,0.9979519248008728,1
/media/D1/ait_users/staff122/deepfake_project/outputs_deepfake_project/dfdc_subset_77_jpg/test/fake/fake_002097.jpg,1.0,0.9991948008537292,1
/media/D1/ait_users/staff122/deepfake_project/outputs_deepfake_project/dfdc_subset_77_jpg/test/fake/fake_002098.jpg,1.0,0.9940325617790222,1
/media/D1/ait_users/staff122/deepfake_project/outputs_deepfake_project/dfdc_subset_77_jpg/test/fake/fake_002099.jpg,1.0,0.9978368878364563,1
/media/D1/ait_users/staff122/deepfake_project/outputs_deepfake_project/dfdc_subset_77_jpg/test/fake/fake_002100.jpg,1.0,0.9977496266365051,1
/media/D1/ait_users/staff122/deepfake_project/outputs_deepfake_project/dfdc_subset_77_jpg/test/fake/fake_002101.jpg,1.0,0.9990437626838684,1
/media/D1/ait_users/staff122/deepfake_project/outputs_deepfake_project/dfdc_subset_77_jpg/test/fake/fake_002102.jpg,1.0,0.997100293636322,1
/media/D1/ait_users/staff122/deepfake_project/outputs_deepfake_project/dfdc_subset_77_jpg/test/fake/fake_002103.jpg,1.0,0.9968738555908203,1
/media/D1/ait_users/staff122/deepfake_project/outputs_deepfake_project/dfdc_subset_77_jpg/test/fake/fake_002104.jpg,1.0,0.9989742040634155,1
/media/D1/ait_users/staff122/deepfake_project/outputs_deepfake_project/dfdc_subset_77_jpg/test/fake/fake_002105.jpg,1.0,0.9983841180801392,1
/media/D1/ait_users/staff122/deepfake_project/outputs_deepfake_project/dfdc_subset_77_jpg/test/fake/fake_002106.jpg,1.0,0.9970248341560364,1
/media/D1/ait_users/staff122/deepfake_project/outputs_deepfake_project/dfdc_subset_77_jpg/test/fake/fake_002107.jpg,1.0,0.9934139847755432,1
/media/D1/ait_users/staff122/deepfake_project/outputs_deepfake_project/dfdc_subset_77_jpg/test/fake/fake_002108.jpg,1.0,0.9956904053688049,1
/media/D1/ait_users/staff122/deepfake_project/outputs_deepfake_project/dfdc_subset_77_jpg/test/fake/fake_002109.jpg,1.0,0.9991413354873657,1
/media/D1/ait_users/staff122/deepfake_project/outputs_deepfake_project/dfdc_subset_77_jpg/test/fake/fake_002110.jpg,1.0,0.9977952241897583,1
/media/D1/ait_users/staff122/deepfake_project/outputs_deepfake_project/dfdc_subset_77_jpg/test/fake/fake_002111.jpg,1.0,0.9989118576049805,1
/media/D1/ait_users/staff122/deepfake_project/outputs_deepfake_project/dfdc_subset_77_jpg/test/fake/fake_002112.jpg,1.0,0.9642265439033508,1
/media/D1/ait_users/staff122/deepfake_project/outputs_deepfake_project/dfdc_subset_77_jpg/test/fake/fake_002113.jpg,1.0,0.9976708292961121,1
/media/D1/ait_users/staff122/deepfake_project/outputs_deepfake_project/dfdc_subset_77_jpg/test/fake/fake_002114.jpg,1.0,0.6908708214759827,1
/media/D1/ait_users/staff122/deepfake_project/outputs_deepfake_project/dfdc_subset_77_jpg/test/fake/fake_002115.jpg,1.0,0.7484087347984314,1
/media/D1/ait_users/staff122/deepfake_project/outputs_deepfake_project/dfdc_subset_77_jpg/test/fake/fake_002116.jpg,1.0,0.2099674940109253,0
/media/D1/ait_users/staff122/deepfake_project/outputs_deepfake_project/dfdc_subset_77_jpg/test/fake/fake_002117.jpg,1.0,0.9944320321083069,1
/media/D1/ait_users/staff122/deepfake_project/outputs_deepfake_project/dfdc_subset_77_jpg/test/fake/fake_002118.jpg,1.0,0.9980242252349854,1
/media/D1/ait_users/staff122/deepfake_project/outputs_deepfake_project/dfdc_subset_77_jpg/test/fake/fake_002119.jpg,1.0,0.8610718250274658,1
/media/D1/ait_users/staff122/deepfake_project/outputs_deepfake_project/dfdc_subset_77_jpg/test/fake/fake_002120.jpg,1.0,0.9838459491729736,1
/media/D1/ait_users/staff122/deepfake_project/outputs_deepfake_project/dfdc_subset_77_jpg/test/fake/fake_002121.jpg,1.0,0.9339617490768433,1
/media/D1/ait_users/staff122/deepfake_project/outputs_deepfake_project/dfdc_subset_77_jpg/test/fake/fake_002122.jpg,1.0,0.9546419978141785,1
/media/D1/ait_users/staff122/deepfake_project/outputs_deepfake_project/dfdc_subset_77_jpg/test/fake/fake_002123.jpg,1.0,0.9854490160942078,1
/media/D1/ait_users/staff122/deepfake_project/outputs_deepfake_project/dfdc_subset_77_jpg/test/fake/fake_002124.jpg,1.0,0.994742751121521,1
/media/D1/ait_users/staff122/deepfake_project/outputs_deepfake_project/dfdc_subset_77_jpg/test/fake/fake_002125.jpg,1.0,0.9812740683555603,1
/media/D1/ait_users/staff122/deepfake_project/outputs_deepfake_project/dfdc_subset_77_jpg/test/fake/fake_002126.jpg,1.0,0.9926822781562805,1
/media/D1/ait_users/staff122/deepfake_project/outputs_deepfake_project/dfdc_subset_77_jpg/test/fake/fake_002127.jpg,1.0,0.9963467717170715,1
/media/D1/ait_users/staff122/deepfake_project/outputs_deepfake_project/dfdc_subset_77_jpg/test/fake/fake_002128.jpg,1.0,0.8613053560256958,1
/media/D1/ait_users/staff122/deepfake_project/outputs_deepfake_project/dfdc_subset_77_jpg/test/fake/fake_002129.jpg,1.0,0.996351957321167,1
/media/D1/ait_users/staff122/deepfake_project/outputs_deepfake_project/dfdc_subset_77_jpg/test/fake/fake_002130.jpg,1.0,0.9989991784095764,1
/media/D1/ait_users/staff122/deepfake_project/outputs_deepfake_project/dfdc_subset_77_jpg/test/fake/fake_002131.jpg,1.0,0.9892659187316895,1
/media/D1/ait_users/staff122/deepfake_project/outputs_deepfake_project/dfdc_subset_77_jpg/test/fake/fake_002132.jpg,1.0,0.9843543767929077,1
/media/D1/ait_users/staff122/deepfake_project/outputs_deepfake_project/dfdc_subset_77_jpg/test/fake/fake_002133.jpg,1.0,0.9974493384361267,1
/media/D1/ait_users/staff122/deepfake_project/outputs_deepfake_project/dfdc_subset_77_jpg/test/fake/fake_002134.jpg,1.0,0.8986768126487732,1
/media/D1/ait_users/staff122/deepfake_project/outputs_deepfake_project/dfdc_subset_77_jpg/test/fake/fake_002135.jpg,1.0,0.9941338896751404,1
/media/D1/ait_users/staff122/deepfake_project/outputs_deepfake_project/dfdc_subset_77_jpg/test/fake/fake_002136.jpg,1.0,0.9990741014480591,1
/media/D1/ait_users/staff122/deepfake_project/outputs_deepfake_project/dfdc_subset_77_jpg/test/fake/fake_002137.jpg,1.0,0.9957999587059021,1
/media/D1/ait_users/staff122/deepfake_project/outputs_deepfake_project/dfdc_subset_77_jpg/test/fake/fake_002138.jpg,1.0,0.9979677796363831,1
/media/D1/ait_users/staff122/deepfake_project/outputs_deepfake_project/dfdc_subset_77_jpg/test/fake/fake_002139.jpg,1.0,0.9974071383476257,1
/media/D1/ait_users/staff122/deepfake_project/outputs_deepfake_project/dfdc_subset_77_jpg/test/fake/fake_002140.jpg,1.0,0.9556700587272644,1
/media/D1/ait_users/staff122/deepfake_project/outputs_deepfake_project/dfdc_subset_77_jpg/test/fake/fake_002141.jpg,1.0,0.9799551367759705,1
/media/D1/ait_users/staff122/deepfake_project/outputs_deepfake_project/dfdc_subset_77_jpg/test/fake/fake_002142.jpg,1.0,0.8863182663917542,1
/media/D1/ait_users/staff122/deepfake_project/outputs_deepfake_project/dfdc_subset_77_jpg/test/fake/fake_002143.jpg,1.0,0.9576436877250671,1
/media/D1/ait_users/staff122/deepfake_project/outputs_deepfake_project/dfdc_subset_77_jpg/test/fake/fake_002144.jpg,1.0,0.9929322004318237,1
/media/D1/ait_users/staff122/deepfake_project/outputs_deepfake_project/dfdc_subset_77_jpg/test/fake/fake_002145.jpg,1.0,0.9951927661895752,1
/media/D1/ait_users/staff122/deepfake_project/outputs_deepfake_project/dfdc_subset_77_jpg/test/fake/fake_002146.jpg,1.0,0.9979380965232849,1
/media/D1/ait_users/staff122/deepfake_project/outputs_deepfake_project/dfdc_subset_77_jpg/test/fake/fake_002147.jpg,1.0,0.9975792765617371,1
/media/D1/ait_users/staff122/deepfake_project/outputs_deepfake_project/dfdc_subset_77_jpg/test/fake/fake_002148.jpg,1.0,0.9890280961990356,1
/media/D1/ait_users/staff122/deepfake_project/outputs_deepfake_project/dfdc_subset_77_jpg/test/fake/fake_002149.jpg,1.0,0.9544702172279358,1
/media/D1/ait_users/staff122/deepfake_project/outputs_deepfake_project/dfdc_subset_77_jpg/test/fake/fake_002150.jpg,1.0,0.9926039576530457,1
/media/D1/ait_users/staff122/deepfake_project/outputs_deepfake_project/dfdc_subset_77_jpg/test/fake/fake_002151.jpg,1.0,0.9951506853103638,1
/media/D1/ait_users/staff122/deepfake_project/outputs_deepfake_project/dfdc_subset_77_jpg/test/fake/fake_002152.jpg,1.0,0.9282983541488647,1
/media/D1/ait_users/staff122/deepfake_project/outputs_deepfake_project/dfdc_subset_77_jpg/test/fake/fake_002153.jpg,1.0,0.9659463167190552,1
/media/D1/ait_users/staff122/deepfake_project/outputs_deepfake_project/dfdc_subset_77_jpg/test/fake/fake_002154.jpg,1.0,0.8873674869537354,1
/media/D1/ait_users/staff122/deepfake_project/outputs_deepfake_project/dfdc_subset_77_jpg/test/fake/fake_002155.jpg,1.0,0.9753603339195251,1
/media/D1/ait_users/staff122/deepfake_project/outputs_deepfake_project/dfdc_subset_77_jpg/test/fake/fake_002156.jpg,1.0,0.997192919254303,1
/media/D1/ait_users/staff122/deepfake_project/outputs_deepfake_project/dfdc_subset_77_jpg/test/fake/fake_002157.jpg,1.0,0.9976198077201843,1
/media/D1/ait_users/staff122/deepfake_project/outputs_deepfake_project/dfdc_subset_77_jpg/test/fake/fake_002158.jpg,1.0,0.9866747260093689,1
/media/D1/ait_users/staff122/deepfake_project/outputs_deepfake_project/dfdc_subset_77_jpg/test/fake/fake_002159.jpg,1.0,0.9279425144195557,1
/media/D1/ait_users/staff122/deepfake_project/outputs_deepfake_project/dfdc_subset_77_jpg/test/fake/fake_002160.jpg,1.0,0.9925737380981445,1
/media/D1/ait_users/staff122/deepfake_project/outputs_deepfake_project/dfdc_subset_77_jpg/test/fake/fake_002161.jpg,1.0,0.9933251738548279,1
/media/D1/ait_users/staff122/deepfake_project/outputs_deepfake_project/dfdc_subset_77_jpg/test/fake/fake_002162.jpg,1.0,0.9852784872055054,1
/media/D1/ait_users/staff122/deepfake_project/outputs_deepfake_project/dfdc_subset_77_jpg/test/fake/fake_002163.jpg,1.0,0.9800499081611633,1
/media/D1/ait_users/staff122/deepfake_project/outputs_deepfake_project/dfdc_subset_77_jpg/test/fake/fake_002164.jpg,1.0,0.9568246603012085,1
/media/D1/ait_users/staff122/deepfake_project/outputs_deepfake_project/dfdc_subset_77_jpg/test/fake/fake_002165.jpg,1.0,0.9985284805297852,1
/media/D1/ait_users/staff122/deepfake_project/outputs_deepfake_project/dfdc_subset_77_jpg/test/fake/fake_002166.jpg,1.0,0.9967820644378662,1
/media/D1/ait_users/staff122/deepfake_project/outputs_deepfake_project/dfdc_subset_77_jpg/test/fake/fake_002167.jpg,1.0,0.9992602467536926,1
/media/D1/ait_users/staff122/deepfake_project/outputs_deepfake_project/dfdc_subset_77_jpg/test/fake/fake_002168.jpg,1.0,0.9981549382209778,1
/media/D1/ait_users/staff122/deepfake_project/outputs_deepfake_project/dfdc_subset_77_jpg/test/fake/fake_002169.jpg,1.0,0.9973177313804626,1
/media/D1/ait_users/staff122/deepfake_project/outputs_deepfake_project/dfdc_subset_77_jpg/test/fake/fake_002170.jpg,1.0,0.9670819640159607,1
/media/D1/ait_users/staff122/deepfake_project/outputs_deepfake_project/dfdc_subset_77_jpg/test/fake/fake_002171.jpg,1.0,0.9993371367454529,1
/media/D1/ait_users/staff122/deepfake_project/outputs_deepfake_project/dfdc_subset_77_jpg/test/fake/fake_002172.jpg,1.0,0.9876420497894287,1
/media/D1/ait_users/staff122/deepfake_project/outputs_deepfake_project/dfdc_subset_77_jpg/test/fake/fake_002173.jpg,1.0,0.9920172691345215,1
/media/D1/ait_users/staff122/deepfake_project/outputs_deepfake_project/dfdc_subset_77_jpg/test/fake/fake_002174.jpg,1.0,0.9643674492835999,1
/media/D1/ait_users/staff122/deepfake_project/outputs_deepfake_project/dfdc_subset_77_jpg/test/fake/fake_002175.jpg,1.0,0.9993541836738586,1
/media/D1/ait_users/staff122/deepfake_project/outputs_deepfake_project/dfdc_subset_77_jpg/test/fake/fake_002176.jpg,1.0,0.849997878074646,1
/media/D1/ait_users/staff122/deepfake_project/outputs_deepfake_project/dfdc_subset_77_jpg/test/fake/fake_002177.jpg,1.0,0.7697504758834839,1
/media/D1/ait_users/staff122/deepfake_project/outputs_deepfake_project/dfdc_subset_77_jpg/test/fake/fake_002178.jpg,1.0,0.8111948370933533,1
/media/D1/ait_users/staff122/deepfake_project/outputs_deepfake_project/dfdc_subset_77_jpg/test/fake/fake_002179.jpg,1.0,0.7595539093017578,1
/media/D1/ait_users/staff122/deepfake_project/outputs_deepfake_project/dfdc_subset_77_jpg/test/fake/fake_002180.jpg,1.0,0.770708441734314,1
/media/D1/ait_users/staff122/deepfake_project/outputs_deepfake_project/dfdc_subset_77_jpg/test/fake/fake_002181.jpg,1.0,0.8659250140190125,1
/media/D1/ait_users/staff122/deepfake_project/outputs_deepfake_project/dfdc_subset_77_jpg/test/fake/fake_002182.jpg,1.0,0.917168378829956,1
/media/D1/ait_users/staff122/deepfake_project/outputs_deepfake_project/dfdc_subset_77_jpg/test/fake/fake_002183.jpg,1.0,0.9455018639564514,1
/media/D1/ait_users/staff122/deepfake_project/outputs_deepfake_project/dfdc_subset_77_jpg/test/fake/fake_002184.jpg,1.0,0.806047797203064,1
/media/D1/ait_users/staff122/deepfake_project/outputs_deepfake_project/dfdc_subset_77_jpg/test/fake/fake_002185.jpg,1.0,0.8626440763473511,1
/media/D1/ait_users/staff122/deepfake_project/outputs_deepfake_project/dfdc_subset_77_jpg/test/fake/fake_002186.jpg,1.0,0.8878232836723328,1
/media/D1/ait_users/staff122/deepfake_project/outputs_deepfake_project/dfdc_subset_77_jpg/test/fake/fake_002187.jpg,1.0,0.9986867308616638,1
/media/D1/ait_users/staff122/deepfake_project/outputs_deepfake_project/dfdc_subset_77_jpg/test/fake/fake_002188.jpg,1.0,0.9966204166412354,1
/media/D1/ait_users/staff122/deepfake_project/outputs_deepfake_project/dfdc_subset_77_jpg/test/fake/fake_002189.jpg,1.0,0.762067437171936,1
/media/D1/ait_users/staff122/deepfake_project/outputs_deepfake_project/dfdc_subset_77_jpg/test/fake/fake_002190.jpg,1.0,0.9941851496696472,1
/media/D1/ait_users/staff122/deepfake_project/outputs_deepfake_project/dfdc_subset_77_jpg/test/fake/fake_002191.jpg,1.0,0.9108622670173645,1
/media/D1/ait_users/staff122/deepfake_project/outputs_deepfake_project/dfdc_subset_77_jpg/test/fake/fake_002192.jpg,1.0,0.9988697171211243,1
/media/D1/ait_users/staff122/deepfake_project/outputs_deepfake_project/dfdc_subset_77_jpg/test/fake/fake_002193.jpg,1.0,0.9710940718650818,1
/media/D1/ait_users/staff122/deepfake_project/outputs_deepfake_project/dfdc_subset_77_jpg/test/fake/fake_002194.jpg,1.0,0.997140645980835,1
/media/D1/ait_users/staff122/deepfake_project/outputs_deepfake_project/dfdc_subset_77_jpg/test/fake/fake_002195.jpg,1.0,0.9975710511207581,1
/media/D1/ait_users/staff122/deepfake_project/outputs_deepfake_project/dfdc_subset_77_jpg/test/fake/fake_002196.jpg,1.0,0.9977362155914307,1
/media/D1/ait_users/staff122/deepfake_project/outputs_deepfake_project/dfdc_subset_77_jpg/test/fake/fake_002197.jpg,1.0,0.8654358983039856,1
/media/D1/ait_users/staff122/deepfake_project/outputs_deepfake_project/dfdc_subset_77_jpg/test/fake/fake_002198.jpg,1.0,0.9958124756813049,1
/media/D1/ait_users/staff122/deepfake_project/outputs_deepfake_project/dfdc_subset_77_jpg/test/fake/fake_002199.jpg,1.0,0.9737775921821594,1
/media/D1/ait_users/staff122/deepfake_project/outputs_deepfake_project/dfdc_subset_77_jpg/test/fake/fake_002200.jpg,1.0,0.9958951473236084,1
/media/D1/ait_users/staff122/deepfake_project/outputs_deepfake_project/dfdc_subset_77_jpg/test/fake/fake_002201.jpg,1.0,0.9966649413108826,1
/media/D1/ait_users/staff122/deepfake_project/outputs_deepfake_project/dfdc_subset_77_jpg/test/fake/fake_002202.jpg,1.0,0.7832143306732178,1
/media/D1/ait_users/staff122/deepfake_project/outputs_deepfake_project/dfdc_subset_77_jpg/test/fake/fake_002203.jpg,1.0,0.9965469241142273,1
/media/D1/ait_users/staff122/deepfake_project/outputs_deepfake_project/dfdc_subset_77_jpg/test/fake/fake_002204.jpg,1.0,0.9979579448699951,1
/media/D1/ait_users/staff122/deepfake_project/outputs_deepfake_project/dfdc_subset_77_jpg/test/fake/fake_002205.jpg,1.0,0.9978514909744263,1
/media/D1/ait_users/staff122/deepfake_project/outputs_deepfake_project/dfdc_subset_77_jpg/test/fake/fake_002206.jpg,1.0,0.9985161423683167,1
/media/D1/ait_users/staff122/deepfake_project/outputs_deepfake_project/dfdc_subset_77_jpg/test/fake/fake_002207.jpg,1.0,0.9965037107467651,1
/media/D1/ait_users/staff122/deepfake_project/outputs_deepfake_project/dfdc_subset_77_jpg/test/fake/fake_002208.jpg,1.0,0.9992357492446899,1
/media/D1/ait_users/staff122/deepfake_project/outputs_deepfake_project/dfdc_subset_77_jpg/test/fake/fake_002209.jpg,1.0,0.9993888139724731,1
/media/D1/ait_users/staff122/deepfake_project/outputs_deepfake_project/dfdc_subset_77_jpg/test/fake/fake_002210.jpg,1.0,0.9989053010940552,1
/media/D1/ait_users/staff122/deepfake_project/outputs_deepfake_project/dfdc_subset_77_jpg/test/fake/fake_002211.jpg,1.0,0.9994667172431946,1
/media/D1/ait_users/staff122/deepfake_project/outputs_deepfake_project/dfdc_subset_77_jpg/test/fake/fake_002212.jpg,1.0,0.9994823932647705,1
/media/D1/ait_users/staff122/deepfake_project/outputs_deepfake_project/dfdc_subset_77_jpg/test/fake/fake_002213.jpg,1.0,0.9992196559906006,1
/media/D1/ait_users/staff122/deepfake_project/outputs_deepfake_project/dfdc_subset_77_jpg/test/fake/fake_002214.jpg,1.0,0.999508261680603,1
/media/D1/ait_users/staff122/deepfake_project/outputs_deepfake_project/dfdc_subset_77_jpg/test/fake/fake_002215.jpg,1.0,0.9993923902511597,1
/media/D1/ait_users/staff122/deepfake_project/outputs_deepfake_project/dfdc_subset_77_jpg/test/fake/fake_002216.jpg,1.0,0.9996100068092346,1
/media/D1/ait_users/staff122/deepfake_project/outputs_deepfake_project/dfdc_subset_77_jpg/test/fake/fake_002217.jpg,1.0,0.9996638298034668,1
/media/D1/ait_users/staff122/deepfake_project/outputs_deepfake_project/dfdc_subset_77_jpg/test/fake/fake_002218.jpg,1.0,0.99956876039505,1
/media/D1/ait_users/staff122/deepfake_project/outputs_deepfake_project/dfdc_subset_77_jpg/test/fake/fake_002219.jpg,1.0,0.9995133876800537,1
/media/D1/ait_users/staff122/deepfake_project/outputs_deepfake_project/dfdc_subset_77_jpg/test/fake/fake_002220.jpg,1.0,0.9996556043624878,1
/media/D1/ait_users/staff122/deepfake_project/outputs_deepfake_project/dfdc_subset_77_jpg/test/fake/fake_002221.jpg,1.0,0.9997990727424622,1
/media/D1/ait_users/staff122/deepfake_project/outputs_deepfake_project/dfdc_subset_77_jpg/test/fake/fake_002222.jpg,1.0,0.9994184970855713,1
/media/D1/ait_users/staff122/deepfake_project/outputs_deepfake_project/dfdc_subset_77_jpg/test/fake/fake_002223.jpg,1.0,0.9994961023330688,1
/media/D1/ait_users/staff122/deepfake_project/outputs_deepfake_project/dfdc_subset_77_jpg/test/fake/fake_002224.jpg,1.0,0.9996747970581055,1
/media/D1/ait_users/staff122/deepfake_project/outputs_deepfake_project/dfdc_subset_77_jpg/test/fake/fake_002225.jpg,1.0,0.9996125102043152,1
/media/D1/ait_users/staff122/deepfake_project/outputs_deepfake_project/dfdc_subset_77_jpg/test/fake/fake_002226.jpg,1.0,0.999373733997345,1
/media/D1/ait_users/staff122/deepfake_project/outputs_deepfake_project/dfdc_subset_77_jpg/test/fake/fake_002227.jpg,1.0,0.9996389150619507,1
/media/D1/ait_users/staff122/deepfake_project/outputs_deepfake_project/dfdc_subset_77_jpg/test/fake/fake_002228.jpg,1.0,0.9997112154960632,1
/media/D1/ait_users/staff122/deepfake_project/outputs_deepfake_project/dfdc_subset_77_jpg/test/fake/fake_002229.jpg,1.0,0.9996647834777832,1
/media/D1/ait_users/staff122/deepfake_project/outputs_deepfake_project/dfdc_subset_77_jpg/test/fake/fake_002230.jpg,1.0,0.99960857629776,1
/media/D1/ait_users/staff122/deepfake_project/outputs_deepfake_project/dfdc_subset_77_jpg/test/fake/fake_002231.jpg,1.0,0.9994114637374878,1
/media/D1/ait_users/staff122/deepfake_project/outputs_deepfake_project/dfdc_subset_77_jpg/test/fake/fake_002232.jpg,1.0,0.9997565150260925,1
/media/D1/ait_users/staff122/deepfake_project/outputs_deepfake_project/dfdc_subset_77_jpg/test/fake/fake_002233.jpg,1.0,0.9997773766517639,1
/media/D1/ait_users/staff122/deepfake_project/outputs_deepfake_project/dfdc_subset_77_jpg/test/fake/fake_002234.jpg,1.0,0.9996094107627869,1
/media/D1/ait_users/staff122/deepfake_project/outputs_deepfake_project/dfdc_subset_77_jpg/test/fake/fake_002235.jpg,1.0,0.9995632767677307,1
/media/D1/ait_users/staff122/deepfake_project/outputs_deepfake_project/dfdc_subset_77_jpg/test/fake/fake_002236.jpg,1.0,0.9997496008872986,1
/media/D1/ait_users/staff122/deepfake_project/outputs_deepfake_project/dfdc_subset_77_jpg/test/fake/fake_002237.jpg,1.0,0.9996160268783569,1
/media/D1/ait_users/staff122/deepfake_project/outputs_deepfake_project/dfdc_subset_77_jpg/test/fake/fake_002238.jpg,1.0,0.9978368878364563,1
/media/D1/ait_users/staff122/deepfake_project/outputs_deepfake_project/dfdc_subset_77_jpg/test/fake/fake_002239.jpg,1.0,0.9981132745742798,1
/media/D1/ait_users/staff122/deepfake_project/outputs_deepfake_project/dfdc_subset_77_jpg/test/fake/fake_002240.jpg,1.0,0.9923692941665649,1
/media/D1/ait_users/staff122/deepfake_project/outputs_deepfake_project/dfdc_subset_77_jpg/test/fake/fake_002241.jpg,1.0,0.9928467869758606,1
/media/D1/ait_users/staff122/deepfake_project/outputs_deepfake_project/dfdc_subset_77_jpg/test/fake/fake_002242.jpg,1.0,0.997250497341156,1
/media/D1/ait_users/staff122/deepfake_project/outputs_deepfake_project/dfdc_subset_77_jpg/test/fake/fake_002243.jpg,1.0,0.9990894794464111,1
/media/D1/ait_users/staff122/deepfake_project/outputs_deepfake_project/dfdc_subset_77_jpg/test/fake/fake_002244.jpg,1.0,0.9991493225097656,1
/media/D1/ait_users/staff122/deepfake_project/outputs_deepfake_project/dfdc_subset_77_jpg/test/fake/fake_002245.jpg,1.0,0.9992414712905884,1
/media/D1/ait_users/staff122/deepfake_project/outputs_deepfake_project/dfdc_subset_77_jpg/test/fake/fake_002246.jpg,1.0,0.9986207485198975,1
/media/D1/ait_users/staff122/deepfake_project/outputs_deepfake_project/dfdc_subset_77_jpg/test/fake/fake_002247.jpg,1.0,0.997771143913269,1
/media/D1/ait_users/staff122/deepfake_project/outputs_deepfake_project/dfdc_subset_77_jpg/test/fake/fake_002248.jpg,1.0,0.9992269277572632,1
/media/D1/ait_users/staff122/deepfake_project/outputs_deepfake_project/dfdc_subset_77_jpg/test/fake/fake_002249.jpg,1.0,0.9991177916526794,1
/media/D1/ait_users/staff122/deepfake_project/outputs_deepfake_project/dfdc_subset_77_jpg/test/fake/fake_002250.jpg,1.0,0.9966579675674438,1
/media/D1/ait_users/staff122/deepfake_project/outputs_deepfake_project/dfdc_subset_77_jpg/test/fake/fake_002251.jpg,1.0,0.9959908127784729,1
/media/D1/ait_users/staff122/deepfake_project/outputs_deepfake_project/dfdc_subset_77_jpg/test/fake/fake_002252.jpg,1.0,0.9895811080932617,1
/media/D1/ait_users/staff122/deepfake_project/outputs_deepfake_project/dfdc_subset_77_jpg/test/fake/fake_002253.jpg,1.0,0.9970257878303528,1
/media/D1/ait_users/staff122/deepfake_project/outputs_deepfake_project/dfdc_subset_77_jpg/test/fake/fake_002254.jpg,1.0,0.9950894713401794,1
/media/D1/ait_users/staff122/deepfake_project/outputs_deepfake_project/dfdc_subset_77_jpg/test/fake/fake_002255.jpg,1.0,0.998335063457489,1
/media/D1/ait_users/staff122/deepfake_project/outputs_deepfake_project/dfdc_subset_77_jpg/test/fake/fake_002256.jpg,1.0,0.997867226600647,1
/media/D1/ait_users/staff122/deepfake_project/outputs_deepfake_project/dfdc_subset_77_jpg/test/fake/fake_002257.jpg,1.0,0.9987078905105591,1
/media/D1/ait_users/staff122/deepfake_project/outputs_deepfake_project/dfdc_subset_77_jpg/test/fake/fake_002258.jpg,1.0,0.9972309470176697,1
/media/D1/ait_users/staff122/deepfake_project/outputs_deepfake_project/dfdc_subset_77_jpg/test/fake/fake_002259.jpg,1.0,0.9985430240631104,1
/media/D1/ait_users/staff122/deepfake_project/outputs_deepfake_project/dfdc_subset_77_jpg/test/fake/fake_002260.jpg,1.0,0.997441291809082,1
/media/D1/ait_users/staff122/deepfake_project/outputs_deepfake_project/dfdc_subset_77_jpg/test/fake/fake_002261.jpg,1.0,0.9972901344299316,1
/media/D1/ait_users/staff122/deepfake_project/outputs_deepfake_project/dfdc_subset_77_jpg/test/fake/fake_002262.jpg,1.0,0.9970402121543884,1
/media/D1/ait_users/staff122/deepfake_project/outputs_deepfake_project/dfdc_subset_77_jpg/test/fake/fake_002263.jpg,1.0,0.9975401163101196,1
/media/D1/ait_users/staff122/deepfake_project/outputs_deepfake_project/dfdc_subset_77_jpg/test/fake/fake_002264.jpg,1.0,0.9653735756874084,1
/media/D1/ait_users/staff122/deepfake_project/outputs_deepfake_project/dfdc_subset_77_jpg/test/fake/fake_002265.jpg,1.0,0.9965229034423828,1
/media/D1/ait_users/staff122/deepfake_project/outputs_deepfake_project/dfdc_subset_77_jpg/test/fake/fake_002266.jpg,1.0,0.996208667755127,1
/media/D1/ait_users/staff122/deepfake_project/outputs_deepfake_project/dfdc_subset_77_jpg/test/fake/fake_002267.jpg,1.0,0.9974798560142517,1
/media/D1/ait_users/staff122/deepfake_project/outputs_deepfake_project/dfdc_subset_77_jpg/test/fake/fake_002268.jpg,1.0,0.9968384504318237,1
/media/D1/ait_users/staff122/deepfake_project/outputs_deepfake_project/dfdc_subset_77_jpg/test/fake/fake_002269.jpg,1.0,0.997621476650238,1
/media/D1/ait_users/staff122/deepfake_project/outputs_deepfake_project/dfdc_subset_77_jpg/test/fake/fake_002270.jpg,1.0,0.9392162561416626,1
/media/D1/ait_users/staff122/deepfake_project/outputs_deepfake_project/dfdc_subset_77_jpg/test/fake/fake_002271.jpg,1.0,0.9834188222885132,1
/media/D1/ait_users/staff122/deepfake_project/outputs_deepfake_project/dfdc_subset_77_jpg/test/fake/fake_002272.jpg,1.0,0.9944354295730591,1
/media/D1/ait_users/staff122/deepfake_project/outputs_deepfake_project/dfdc_subset_77_jpg/test/fake/fake_002273.jpg,1.0,0.9988613128662109,1
/media/D1/ait_users/staff122/deepfake_project/outputs_deepfake_project/dfdc_subset_77_jpg/test/fake/fake_002274.jpg,1.0,0.996816098690033,1
/media/D1/ait_users/staff122/deepfake_project/outputs_deepfake_project/dfdc_subset_77_jpg/test/fake/fake_002275.jpg,1.0,0.9987610578536987,1
/media/D1/ait_users/staff122/deepfake_project/outputs_deepfake_project/dfdc_subset_77_jpg/test/fake/fake_002276.jpg,1.0,0.9984986782073975,1
/media/D1/ait_users/staff122/deepfake_project/outputs_deepfake_project/dfdc_subset_77_jpg/test/fake/fake_002277.jpg,1.0,0.9987057447433472,1
/media/D1/ait_users/staff122/deepfake_project/outputs_deepfake_project/dfdc_subset_77_jpg/test/fake/fake_002278.jpg,1.0,0.9979755282402039,1
/media/D1/ait_users/staff122/deepfake_project/outputs_deepfake_project/dfdc_subset_77_jpg/test/fake/fake_002279.jpg,1.0,0.9979401230812073,1
/media/D1/ait_users/staff122/deepfake_project/outputs_deepfake_project/dfdc_subset_77_jpg/test/fake/fake_002280.jpg,1.0,0.998408854007721,1
/media/D1/ait_users/staff122/deepfake_project/outputs_deepfake_project/dfdc_subset_77_jpg/test/fake/fake_002281.jpg,1.0,0.9991950392723083,1
/media/D1/ait_users/staff122/deepfake_project/outputs_deepfake_project/dfdc_subset_77_jpg/test/fake/fake_002282.jpg,1.0,0.9982073307037354,1
/media/D1/ait_users/staff122/deepfake_project/outputs_deepfake_project/dfdc_subset_77_jpg/test/fake/fake_002283.jpg,1.0,0.9973580241203308,1
/media/D1/ait_users/staff122/deepfake_project/outputs_deepfake_project/dfdc_subset_77_jpg/test/fake/fake_002284.jpg,1.0,0.9973210692405701,1
/media/D1/ait_users/staff122/deepfake_project/outputs_deepfake_project/dfdc_subset_77_jpg/test/fake/fake_002285.jpg,1.0,0.9969953298568726,1
/media/D1/ait_users/staff122/deepfake_project/outputs_deepfake_project/dfdc_subset_77_jpg/test/fake/fake_002286.jpg,1.0,0.9987271428108215,1
/media/D1/ait_users/staff122/deepfake_project/outputs_deepfake_project/dfdc_subset_77_jpg/test/fake/fake_002287.jpg,1.0,0.9984347224235535,1
/media/D1/ait_users/staff122/deepfake_project/outputs_deepfake_project/dfdc_subset_77_jpg/test/fake/fake_002288.jpg,1.0,0.979951798915863,1
/media/D1/ait_users/staff122/deepfake_project/outputs_deepfake_project/dfdc_subset_77_jpg/test/fake/fake_002289.jpg,1.0,0.9414656758308411,1
/media/D1/ait_users/staff122/deepfake_project/outputs_deepfake_project/dfdc_subset_77_jpg/test/fake/fake_002290.jpg,1.0,0.9979896545410156,1
/media/D1/ait_users/staff122/deepfake_project/outputs_deepfake_project/dfdc_subset_77_jpg/test/fake/fake_002291.jpg,1.0,0.9974778294563293,1
/media/D1/ait_users/staff122/deepfake_project/outputs_deepfake_project/dfdc_subset_77_jpg/test/fake/fake_002292.jpg,1.0,0.9977672100067139,1
/media/D1/ait_users/staff122/deepfake_project/outputs_deepfake_project/dfdc_subset_77_jpg/test/fake/fake_002293.jpg,1.0,0.997588038444519,1
/media/D1/ait_users/staff122/deepfake_project/outputs_deepfake_project/dfdc_subset_77_jpg/test/fake/fake_002294.jpg,1.0,0.9968467354774475,1
/media/D1/ait_users/staff122/deepfake_project/outputs_deepfake_project/dfdc_subset_77_jpg/test/fake/fake_002295.jpg,1.0,0.9985228180885315,1
/media/D1/ait_users/staff122/deepfake_project/outputs_deepfake_project/dfdc_subset_77_jpg/test/fake/fake_002296.jpg,1.0,0.9995773434638977,1
/media/D1/ait_users/staff122/deepfake_project/outputs_deepfake_project/dfdc_subset_77_jpg/test/fake/fake_002297.jpg,1.0,0.9995552897453308,1
/media/D1/ait_users/staff122/deepfake_project/outputs_deepfake_project/dfdc_subset_77_jpg/test/fake/fake_002298.jpg,1.0,0.9989966750144958,1
/media/D1/ait_users/staff122/deepfake_project/outputs_deepfake_project/dfdc_subset_77_jpg/test/fake/fake_002299.jpg,1.0,0.9978454113006592,1
/media/D1/ait_users/staff122/deepfake_project/outputs_deepfake_project/dfdc_subset_77_jpg/test/fake/fake_002300.jpg,1.0,0.9977166652679443,1
/media/D1/ait_users/staff122/deepfake_project/outputs_deepfake_project/dfdc_subset_77_jpg/test/fake/fake_002301.jpg,1.0,0.9970642924308777,1
/media/D1/ait_users/staff122/deepfake_project/outputs_deepfake_project/dfdc_subset_77_jpg/test/fake/fake_002302.jpg,1.0,0.9974262118339539,1
/media/D1/ait_users/staff122/deepfake_project/outputs_deepfake_project/dfdc_subset_77_jpg/test/fake/fake_002303.jpg,1.0,0.9982178807258606,1
/media/D1/ait_users/staff122/deepfake_project/outputs_deepfake_project/dfdc_subset_77_jpg/test/fake/fake_002304.jpg,1.0,0.44605204463005066,0
/media/D1/ait_users/staff122/deepfake_project/outputs_deepfake_project/dfdc_subset_77_jpg/test/fake/fake_002305.jpg,1.0,0.875481128692627,1
/media/D1/ait_users/staff122/deepfake_project/outputs_deepfake_project/dfdc_subset_77_jpg/test/fake/fake_002306.jpg,1.0,0.7648587226867676,1
/media/D1/ait_users/staff122/deepfake_project/outputs_deepfake_project/dfdc_subset_77_jpg/test/fake/fake_002307.jpg,1.0,0.37205034494400024,0
/media/D1/ait_users/staff122/deepfake_project/outputs_deepfake_project/dfdc_subset_77_jpg/test/fake/fake_002308.jpg,1.0,0.7246584296226501,1
/media/D1/ait_users/staff122/deepfake_project/outputs_deepfake_project/dfdc_subset_77_jpg/test/fake/fake_002309.jpg,1.0,0.9839985370635986,1
/media/D1/ait_users/staff122/deepfake_project/outputs_deepfake_project/dfdc_subset_77_jpg/test/fake/fake_002310.jpg,1.0,0.9845526218414307,1
/media/D1/ait_users/staff122/deepfake_project/outputs_deepfake_project/dfdc_subset_77_jpg/test/fake/fake_002311.jpg,1.0,0.9766367077827454,1
/media/D1/ait_users/staff122/deepfake_project/outputs_deepfake_project/dfdc_subset_77_jpg/test/fake/fake_002312.jpg,1.0,0.9990851879119873,1
/media/D1/ait_users/staff122/deepfake_project/outputs_deepfake_project/dfdc_subset_77_jpg/test/fake/fake_002313.jpg,1.0,0.9616742134094238,1
/media/D1/ait_users/staff122/deepfake_project/outputs_deepfake_project/dfdc_subset_77_jpg/test/fake/fake_002314.jpg,1.0,0.9507545232772827,1
/media/D1/ait_users/staff122/deepfake_project/outputs_deepfake_project/dfdc_subset_77_jpg/test/fake/fake_002315.jpg,1.0,0.9578412771224976,1
/media/D1/ait_users/staff122/deepfake_project/outputs_deepfake_project/dfdc_subset_77_jpg/test/fake/fake_002316.jpg,1.0,0.9460312724113464,1
/media/D1/ait_users/staff122/deepfake_project/outputs_deepfake_project/dfdc_subset_77_jpg/test/fake/fake_002317.jpg,1.0,0.875046968460083,1
/media/D1/ait_users/staff122/deepfake_project/outputs_deepfake_project/dfdc_subset_77_jpg/test/fake/fake_002318.jpg,1.0,0.96247798204422,1
/media/D1/ait_users/staff122/deepfake_project/outputs_deepfake_project/dfdc_subset_77_jpg/test/fake/fake_002319.jpg,1.0,0.9454508423805237,1
/media/D1/ait_users/staff122/deepfake_project/outputs_deepfake_project/dfdc_subset_77_jpg/test/fake/fake_002320.jpg,1.0,0.9596396088600159,1
/media/D1/ait_users/staff122/deepfake_project/outputs_deepfake_project/dfdc_subset_77_jpg/test/fake/fake_002321.jpg,1.0,0.9453304409980774,1
/media/D1/ait_users/staff122/deepfake_project/outputs_deepfake_project/dfdc_subset_77_jpg/test/fake/fake_002322.jpg,1.0,0.9383594393730164,1
/media/D1/ait_users/staff122/deepfake_project/outputs_deepfake_project/dfdc_subset_77_jpg/test/fake/fake_002323.jpg,1.0,0.973709762096405,1
/media/D1/ait_users/staff122/deepfake_project/outputs_deepfake_project/dfdc_subset_77_jpg/test/fake/fake_002324.jpg,1.0,0.9616735577583313,1
/media/D1/ait_users/staff122/deepfake_project/outputs_deepfake_project/dfdc_subset_77_jpg/test/fake/fake_002325.jpg,1.0,0.9913910627365112,1
/media/D1/ait_users/staff122/deepfake_project/outputs_deepfake_project/dfdc_subset_77_jpg/test/fake/fake_002326.jpg,1.0,0.9790022373199463,1
/media/D1/ait_users/staff122/deepfake_project/outputs_deepfake_project/dfdc_subset_77_jpg/test/fake/fake_002327.jpg,1.0,0.9918563365936279,1
/media/D1/ait_users/staff122/deepfake_project/outputs_deepfake_project/dfdc_subset_77_jpg/test/fake/fake_002328.jpg,1.0,0.8526710271835327,1
/media/D1/ait_users/staff122/deepfake_project/outputs_deepfake_project/dfdc_subset_77_jpg/test/fake/fake_002329.jpg,1.0,0.9993100166320801,1
/media/D1/ait_users/staff122/deepfake_project/outputs_deepfake_project/dfdc_subset_77_jpg/test/fake/fake_002330.jpg,1.0,0.9941849112510681,1
/media/D1/ait_users/staff122/deepfake_project/outputs_deepfake_project/dfdc_subset_77_jpg/test/fake/fake_002331.jpg,1.0,0.9938681721687317,1
/media/D1/ait_users/staff122/deepfake_project/outputs_deepfake_project/dfdc_subset_77_jpg/test/fake/fake_002332.jpg,1.0,0.8557165265083313,1
/media/D1/ait_users/staff122/deepfake_project/outputs_deepfake_project/dfdc_subset_77_jpg/test/fake/fake_002333.jpg,1.0,0.9208642244338989,1
/media/D1/ait_users/staff122/deepfake_project/outputs_deepfake_project/dfdc_subset_77_jpg/test/fake/fake_002334.jpg,1.0,0.9396827220916748,1
/media/D1/ait_users/staff122/deepfake_project/outputs_deepfake_project/dfdc_subset_77_jpg/test/fake/fake_002335.jpg,1.0,0.9586759209632874,1
/media/D1/ait_users/staff122/deepfake_project/outputs_deepfake_project/dfdc_subset_77_jpg/test/fake/fake_002336.jpg,1.0,0.0009675043984316289,0
/media/D1/ait_users/staff122/deepfake_project/outputs_deepfake_project/dfdc_subset_77_jpg/test/fake/fake_002337.jpg,1.0,0.9342225790023804,1
/media/D1/ait_users/staff122/deepfake_project/outputs_deepfake_project/dfdc_subset_77_jpg/test/fake/fake_002338.jpg,1.0,0.9800988435745239,1
/media/D1/ait_users/staff122/deepfake_project/outputs_deepfake_project/dfdc_subset_77_jpg/test/fake/fake_002339.jpg,1.0,0.29899537563323975,0
/media/D1/ait_users/staff122/deepfake_project/outputs_deepfake_project/dfdc_subset_77_jpg/test/fake/fake_002340.jpg,1.0,0.9994101524353027,1
/media/D1/ait_users/staff122/deepfake_project/outputs_deepfake_project/dfdc_subset_77_jpg/test/fake/fake_002341.jpg,1.0,0.9995342493057251,1
/media/D1/ait_users/staff122/deepfake_project/outputs_deepfake_project/dfdc_subset_77_jpg/test/fake/fake_002342.jpg,1.0,0.9987461566925049,1
/media/D1/ait_users/staff122/deepfake_project/outputs_deepfake_project/dfdc_subset_77_jpg/test/fake/fake_002343.jpg,1.0,0.9937008619308472,1
/media/D1/ait_users/staff122/deepfake_project/outputs_deepfake_project/dfdc_subset_77_jpg/test/fake/fake_002344.jpg,1.0,0.99946528673172,1
/media/D1/ait_users/staff122/deepfake_project/outputs_deepfake_project/dfdc_subset_77_jpg/test/fake/fake_002345.jpg,1.0,0.9980838298797607,1
/media/D1/ait_users/staff122/deepfake_project/outputs_deepfake_project/dfdc_subset_77_jpg/test/fake/fake_002346.jpg,1.0,0.9950112104415894,1
/media/D1/ait_users/staff122/deepfake_project/outputs_deepfake_project/dfdc_subset_77_jpg/test/fake/fake_002347.jpg,1.0,0.9996050000190735,1
/media/D1/ait_users/staff122/deepfake_project/outputs_deepfake_project/dfdc_subset_77_jpg/test/fake/fake_002348.jpg,1.0,0.9976534247398376,1
/media/D1/ait_users/staff122/deepfake_project/outputs_deepfake_project/dfdc_subset_77_jpg/test/fake/fake_002349.jpg,1.0,0.9979026317596436,1
/media/D1/ait_users/staff122/deepfake_project/outputs_deepfake_project/dfdc_subset_77_jpg/test/fake/fake_002350.jpg,1.0,0.947674036026001,1
/media/D1/ait_users/staff122/deepfake_project/outputs_deepfake_project/dfdc_subset_77_jpg/test/fake/fake_002351.jpg,1.0,0.9940415024757385,1
/media/D1/ait_users/staff122/deepfake_project/outputs_deepfake_project/dfdc_subset_77_jpg/test/fake/fake_002352.jpg,1.0,0.9967400431632996,1
/media/D1/ait_users/staff122/deepfake_project/outputs_deepfake_project/dfdc_subset_77_jpg/test/fake/fake_002353.jpg,1.0,0.9918028712272644,1
/media/D1/ait_users/staff122/deepfake_project/outputs_deepfake_project/dfdc_subset_77_jpg/test/fake/fake_002354.jpg,1.0,0.9772811532020569,1
/media/D1/ait_users/staff122/deepfake_project/outputs_deepfake_project/dfdc_subset_77_jpg/test/fake/fake_002355.jpg,1.0,0.9988144636154175,1
/media/D1/ait_users/staff122/deepfake_project/outputs_deepfake_project/dfdc_subset_77_jpg/test/fake/fake_002356.jpg,1.0,0.9982010126113892,1
/media/D1/ait_users/staff122/deepfake_project/outputs_deepfake_project/dfdc_subset_77_jpg/test/fake/fake_002357.jpg,1.0,0.47514235973358154,0
/media/D1/ait_users/staff122/deepfake_project/outputs_deepfake_project/dfdc_subset_77_jpg/test/fake/fake_002358.jpg,1.0,0.5645398497581482,1
/media/D1/ait_users/staff122/deepfake_project/outputs_deepfake_project/dfdc_subset_77_jpg/test/fake/fake_002359.jpg,1.0,0.9780728220939636,1
/media/D1/ait_users/staff122/deepfake_project/outputs_deepfake_project/dfdc_subset_77_jpg/test/fake/fake_002360.jpg,1.0,0.9978183507919312,1
/media/D1/ait_users/staff122/deepfake_project/outputs_deepfake_project/dfdc_subset_77_jpg/test/fake/fake_002361.jpg,1.0,0.953974723815918,1
/media/D1/ait_users/staff122/deepfake_project/outputs_deepfake_project/dfdc_subset_77_jpg/test/fake/fake_002362.jpg,1.0,0.9990409016609192,1
/media/D1/ait_users/staff122/deepfake_project/outputs_deepfake_project/dfdc_subset_77_jpg/test/fake/fake_002363.jpg,1.0,0.9938763976097107,1
/media/D1/ait_users/staff122/deepfake_project/outputs_deepfake_project/dfdc_subset_77_jpg/test/fake/fake_002364.jpg,1.0,0.9989030361175537,1
/media/D1/ait_users/staff122/deepfake_project/outputs_deepfake_project/dfdc_subset_77_jpg/test/fake/fake_002365.jpg,1.0,0.9964556694030762,1
/media/D1/ait_users/staff122/deepfake_project/outputs_deepfake_project/dfdc_subset_77_jpg/test/fake/fake_002366.jpg,1.0,0.9980146884918213,1
/media/D1/ait_users/staff122/deepfake_project/outputs_deepfake_project/dfdc_subset_77_jpg/test/fake/fake_002367.jpg,1.0,0.887394368648529,1
/media/D1/ait_users/staff122/deepfake_project/outputs_deepfake_project/dfdc_subset_77_jpg/test/fake/fake_002368.jpg,1.0,0.9962525367736816,1
/media/D1/ait_users/staff122/deepfake_project/outputs_deepfake_project/dfdc_subset_77_jpg/test/fake/fake_002369.jpg,1.0,0.9994418025016785,1
/media/D1/ait_users/staff122/deepfake_project/outputs_deepfake_project/dfdc_subset_77_jpg/test/fake/fake_002370.jpg,1.0,0.9986403584480286,1
/media/D1/ait_users/staff122/deepfake_project/outputs_deepfake_project/dfdc_subset_77_jpg/test/fake/fake_002371.jpg,1.0,0.9985949397087097,1
/media/D1/ait_users/staff122/deepfake_project/outputs_deepfake_project/dfdc_subset_77_jpg/test/fake/fake_002372.jpg,1.0,0.9909674525260925,1
/media/D1/ait_users/staff122/deepfake_project/outputs_deepfake_project/dfdc_subset_77_jpg/test/fake/fake_002373.jpg,1.0,0.9862913489341736,1
/media/D1/ait_users/staff122/deepfake_project/outputs_deepfake_project/dfdc_subset_77_jpg/test/fake/fake_002374.jpg,1.0,0.9960874319076538,1
/media/D1/ait_users/staff122/deepfake_project/outputs_deepfake_project/dfdc_subset_77_jpg/test/fake/fake_002375.jpg,1.0,0.998927652835846,1
/media/D1/ait_users/staff122/deepfake_project/outputs_deepfake_project/dfdc_subset_77_jpg/test/fake/fake_002376.jpg,1.0,0.9992313385009766,1
/media/D1/ait_users/staff122/deepfake_project/outputs_deepfake_project/dfdc_subset_77_jpg/test/fake/fake_002377.jpg,1.0,0.9996380805969238,1
/media/D1/ait_users/staff122/deepfake_project/outputs_deepfake_project/dfdc_subset_77_jpg/test/fake/fake_002378.jpg,1.0,0.9995307922363281,1
/media/D1/ait_users/staff122/deepfake_project/outputs_deepfake_project/dfdc_subset_77_jpg/test/fake/fake_002379.jpg,1.0,0.9797335267066956,1
/media/D1/ait_users/staff122/deepfake_project/outputs_deepfake_project/dfdc_subset_77_jpg/test/fake/fake_002380.jpg,1.0,0.983283519744873,1
/media/D1/ait_users/staff122/deepfake_project/outputs_deepfake_project/dfdc_subset_77_jpg/test/fake/fake_002381.jpg,1.0,0.8729943633079529,1
/media/D1/ait_users/staff122/deepfake_project/outputs_deepfake_project/dfdc_subset_77_jpg/test/fake/fake_002382.jpg,1.0,0.8343434929847717,1
/media/D1/ait_users/staff122/deepfake_project/outputs_deepfake_project/dfdc_subset_77_jpg/test/fake/fake_002383.jpg,1.0,0.9055452346801758,1
/media/D1/ait_users/staff122/deepfake_project/outputs_deepfake_project/dfdc_subset_77_jpg/test/fake/fake_002384.jpg,1.0,0.7949524521827698,1
/media/D1/ait_users/staff122/deepfake_project/outputs_deepfake_project/dfdc_subset_77_jpg/test/fake/fake_002385.jpg,1.0,0.9474294781684875,1
/media/D1/ait_users/staff122/deepfake_project/outputs_deepfake_project/dfdc_subset_77_jpg/test/fake/fake_002386.jpg,1.0,0.7741988301277161,1
/media/D1/ait_users/staff122/deepfake_project/outputs_deepfake_project/dfdc_subset_77_jpg/test/fake/fake_002387.jpg,1.0,0.947695255279541,1
/media/D1/ait_users/staff122/deepfake_project/outputs_deepfake_project/dfdc_subset_77_jpg/test/fake/fake_002388.jpg,1.0,0.05974947288632393,0
/media/D1/ait_users/staff122/deepfake_project/outputs_deepfake_project/dfdc_subset_77_jpg/test/fake/fake_002389.jpg,1.0,0.9901949763298035,1
/media/D1/ait_users/staff122/deepfake_project/outputs_deepfake_project/dfdc_subset_77_jpg/test/fake/fake_002390.jpg,1.0,0.5701128244400024,1
/media/D1/ait_users/staff122/deepfake_project/outputs_deepfake_project/dfdc_subset_77_jpg/test/fake/fake_002391.jpg,1.0,0.9918357729911804,1
/media/D1/ait_users/staff122/deepfake_project/outputs_deepfake_project/dfdc_subset_77_jpg/test/fake/fake_002392.jpg,1.0,0.9917247295379639,1
/media/D1/ait_users/staff122/deepfake_project/outputs_deepfake_project/dfdc_subset_77_jpg/test/fake/fake_002393.jpg,1.0,0.996581494808197,1
/media/D1/ait_users/staff122/deepfake_project/outputs_deepfake_project/dfdc_subset_77_jpg/test/fake/fake_002394.jpg,1.0,0.9970909357070923,1
/media/D1/ait_users/staff122/deepfake_project/outputs_deepfake_project/dfdc_subset_77_jpg/test/fake/fake_002395.jpg,1.0,0.7092256546020508,1
/media/D1/ait_users/staff122/deepfake_project/outputs_deepfake_project/dfdc_subset_77_jpg/test/fake/fake_002396.jpg,1.0,0.7157523036003113,1
/media/D1/ait_users/staff122/deepfake_project/outputs_deepfake_project/dfdc_subset_77_jpg/test/fake/fake_002397.jpg,1.0,0.9925488233566284,1
/media/D1/ait_users/staff122/deepfake_project/outputs_deepfake_project/dfdc_subset_77_jpg/test/fake/fake_002398.jpg,1.0,0.9949304461479187,1
/media/D1/ait_users/staff122/deepfake_project/outputs_deepfake_project/dfdc_subset_77_jpg/test/fake/fake_002399.jpg,1.0,0.958643913269043,1
/media/D1/ait_users/staff122/deepfake_project/outputs_deepfake_project/dfdc_subset_77_jpg/test/fake/fake_002400.jpg,1.0,0.9978731870651245,1
/media/D1/ait_users/staff122/deepfake_project/outputs_deepfake_project/dfdc_subset_77_jpg/test/fake/fake_002401.jpg,1.0,0.9977076053619385,1
/media/D1/ait_users/staff122/deepfake_project/outputs_deepfake_project/dfdc_subset_77_jpg/test/fake/fake_002402.jpg,1.0,0.9975076913833618,1
/media/D1/ait_users/staff122/deepfake_project/outputs_deepfake_project/dfdc_subset_77_jpg/test/fake/fake_002403.jpg,1.0,0.9944023489952087,1
/media/D1/ait_users/staff122/deepfake_project/outputs_deepfake_project/dfdc_subset_77_jpg/test/fake/fake_002404.jpg,1.0,0.9729962944984436,1
/media/D1/ait_users/staff122/deepfake_project/outputs_deepfake_project/dfdc_subset_77_jpg/test/fake/fake_002405.jpg,1.0,0.995542585849762,1
/media/D1/ait_users/staff122/deepfake_project/outputs_deepfake_project/dfdc_subset_77_jpg/test/fake/fake_002406.jpg,1.0,0.996877908706665,1
/media/D1/ait_users/staff122/deepfake_project/outputs_deepfake_project/dfdc_subset_77_jpg/test/fake/fake_002407.jpg,1.0,0.9970454573631287,1
/media/D1/ait_users/staff122/deepfake_project/outputs_deepfake_project/dfdc_subset_77_jpg/test/fake/fake_002408.jpg,1.0,0.9970274567604065,1
/media/D1/ait_users/staff122/deepfake_project/outputs_deepfake_project/dfdc_subset_77_jpg/test/fake/fake_002409.jpg,1.0,0.9966622591018677,1
/media/D1/ait_users/staff122/deepfake_project/outputs_deepfake_project/dfdc_subset_77_jpg/test/fake/fake_002410.jpg,1.0,0.9970748424530029,1
/media/D1/ait_users/staff122/deepfake_project/outputs_deepfake_project/dfdc_subset_77_jpg/test/fake/fake_002411.jpg,1.0,0.997500479221344,1
/media/D1/ait_users/staff122/deepfake_project/outputs_deepfake_project/dfdc_subset_77_jpg/test/fake/fake_002412.jpg,1.0,0.9741520881652832,1
/media/D1/ait_users/staff122/deepfake_project/outputs_deepfake_project/dfdc_subset_77_jpg/test/fake/fake_002413.jpg,1.0,0.9976746439933777,1
/media/D1/ait_users/staff122/deepfake_project/outputs_deepfake_project/dfdc_subset_77_jpg/test/fake/fake_002414.jpg,1.0,0.9964085221290588,1
/media/D1/ait_users/staff122/deepfake_project/outputs_deepfake_project/dfdc_subset_77_jpg/test/fake/fake_002415.jpg,1.0,0.9965728521347046,1
/media/D1/ait_users/staff122/deepfake_project/outputs_deepfake_project/dfdc_subset_77_jpg/test/fake/fake_002416.jpg,1.0,0.9978867173194885,1
/media/D1/ait_users/staff122/deepfake_project/outputs_deepfake_project/dfdc_subset_77_jpg/test/fake/fake_002417.jpg,1.0,0.9975850582122803,1
/media/D1/ait_users/staff122/deepfake_project/outputs_deepfake_project/dfdc_subset_77_jpg/test/fake/fake_002418.jpg,1.0,0.9976301193237305,1
/media/D1/ait_users/staff122/deepfake_project/outputs_deepfake_project/dfdc_subset_77_jpg/test/fake/fake_002419.jpg,1.0,0.9979325532913208,1
/media/D1/ait_users/staff122/deepfake_project/outputs_deepfake_project/dfdc_subset_77_jpg/test/fake/fake_002420.jpg,1.0,0.9986276626586914,1
/media/D1/ait_users/staff122/deepfake_project/outputs_deepfake_project/dfdc_subset_77_jpg/test/fake/fake_002421.jpg,1.0,0.998085618019104,1
/media/D1/ait_users/staff122/deepfake_project/outputs_deepfake_project/dfdc_subset_77_jpg/test/fake/fake_002422.jpg,1.0,0.997962474822998,1
/media/D1/ait_users/staff122/deepfake_project/outputs_deepfake_project/dfdc_subset_77_jpg/test/fake/fake_002423.jpg,1.0,0.9982079267501831,1
/media/D1/ait_users/staff122/deepfake_project/outputs_deepfake_project/dfdc_subset_77_jpg/test/fake/fake_002424.jpg,1.0,0.997406542301178,1
/media/D1/ait_users/staff122/deepfake_project/outputs_deepfake_project/dfdc_subset_77_jpg/test/fake/fake_002425.jpg,1.0,0.9976886510848999,1
/media/D1/ait_users/staff122/deepfake_project/outputs_deepfake_project/dfdc_subset_77_jpg/test/fake/fake_002426.jpg,1.0,0.9974441528320312,1
/media/D1/ait_users/staff122/deepfake_project/outputs_deepfake_project/dfdc_subset_77_jpg/test/fake/fake_002427.jpg,1.0,0.997891366481781,1
/media/D1/ait_users/staff122/deepfake_project/outputs_deepfake_project/dfdc_subset_77_jpg/test/fake/fake_002428.jpg,1.0,0.9972872734069824,1
/media/D1/ait_users/staff122/deepfake_project/outputs_deepfake_project/dfdc_subset_77_jpg/test/fake/fake_002429.jpg,1.0,0.9969616532325745,1
/media/D1/ait_users/staff122/deepfake_project/outputs_deepfake_project/dfdc_subset_77_jpg/test/fake/fake_002430.jpg,1.0,0.997020423412323,1
/media/D1/ait_users/staff122/deepfake_project/outputs_deepfake_project/dfdc_subset_77_jpg/test/fake/fake_002431.jpg,1.0,0.9980630278587341,1
/media/D1/ait_users/staff122/deepfake_project/outputs_deepfake_project/dfdc_subset_77_jpg/test/fake/fake_002432.jpg,1.0,0.9993820190429688,1
/media/D1/ait_users/staff122/deepfake_project/outputs_deepfake_project/dfdc_subset_77_jpg/test/fake/fake_002433.jpg,1.0,0.9984349608421326,1
/media/D1/ait_users/staff122/deepfake_project/outputs_deepfake_project/dfdc_subset_77_jpg/test/fake/fake_002434.jpg,1.0,0.9982231259346008,1
/media/D1/ait_users/staff122/deepfake_project/outputs_deepfake_project/dfdc_subset_77_jpg/test/fake/fake_002435.jpg,1.0,0.9985230565071106,1
/media/D1/ait_users/staff122/deepfake_project/outputs_deepfake_project/dfdc_subset_77_jpg/test/fake/fake_002436.jpg,1.0,0.9985818862915039,1
/media/D1/ait_users/staff122/deepfake_project/outputs_deepfake_project/dfdc_subset_77_jpg/test/fake/fake_002437.jpg,1.0,0.9959923624992371,1
/media/D1/ait_users/staff122/deepfake_project/outputs_deepfake_project/dfdc_subset_77_jpg/test/fake/fake_002438.jpg,1.0,0.9900718927383423,1
/media/D1/ait_users/staff122/deepfake_project/outputs_deepfake_project/dfdc_subset_77_jpg/test/fake/fake_002439.jpg,1.0,0.9993463158607483,1
/media/D1/ait_users/staff122/deepfake_project/outputs_deepfake_project/dfdc_subset_77_jpg/test/fake/fake_002440.jpg,1.0,0.9990894794464111,1
/media/D1/ait_users/staff122/deepfake_project/outputs_deepfake_project/dfdc_subset_77_jpg/test/fake/fake_002441.jpg,1.0,0.9875269532203674,1
/media/D1/ait_users/staff122/deepfake_project/outputs_deepfake_project/dfdc_subset_77_jpg/test/fake/fake_002442.jpg,1.0,0.9922962784767151,1
/media/D1/ait_users/staff122/deepfake_project/outputs_deepfake_project/dfdc_subset_77_jpg/test/fake/fake_002443.jpg,1.0,0.9974420070648193,1
/media/D1/ait_users/staff122/deepfake_project/outputs_deepfake_project/dfdc_subset_77_jpg/test/fake/fake_002444.jpg,1.0,0.998971700668335,1
/media/D1/ait_users/staff122/deepfake_project/outputs_deepfake_project/dfdc_subset_77_jpg/test/fake/fake_002445.jpg,1.0,0.9982324242591858,1
/media/D1/ait_users/staff122/deepfake_project/outputs_deepfake_project/dfdc_subset_77_jpg/test/fake/fake_002446.jpg,1.0,0.9962034821510315,1
/media/D1/ait_users/staff122/deepfake_project/outputs_deepfake_project/dfdc_subset_77_jpg/test/fake/fake_002447.jpg,1.0,0.9659368395805359,1
/media/D1/ait_users/staff122/deepfake_project/outputs_deepfake_project/dfdc_subset_77_jpg/test/fake/fake_002448.jpg,1.0,0.9991592168807983,1
/media/D1/ait_users/staff122/deepfake_project/outputs_deepfake_project/dfdc_subset_77_jpg/test/fake/fake_002449.jpg,1.0,0.9897612929344177,1
/media/D1/ait_users/staff122/deepfake_project/outputs_deepfake_project/dfdc_subset_77_jpg/test/fake/fake_002450.jpg,1.0,0.9978978633880615,1
/media/D1/ait_users/staff122/deepfake_project/outputs_deepfake_project/dfdc_subset_77_jpg/test/fake/fake_002451.jpg,1.0,0.996803879737854,1
/media/D1/ait_users/staff122/deepfake_project/outputs_deepfake_project/dfdc_subset_77_jpg/test/fake/fake_002452.jpg,1.0,0.1393965631723404,0
/media/D1/ait_users/staff122/deepfake_project/outputs_deepfake_project/dfdc_subset_77_jpg/test/fake/fake_002453.jpg,1.0,0.9988316893577576,1
/media/D1/ait_users/staff122/deepfake_project/outputs_deepfake_project/dfdc_subset_77_jpg/test/fake/fake_002454.jpg,1.0,0.997866690158844,1
/media/D1/ait_users/staff122/deepfake_project/outputs_deepfake_project/dfdc_subset_77_jpg/test/fake/fake_002455.jpg,1.0,0.9929957985877991,1
/media/D1/ait_users/staff122/deepfake_project/outputs_deepfake_project/dfdc_subset_77_jpg/test/fake/fake_002456.jpg,1.0,0.9898833632469177,1
/media/D1/ait_users/staff122/deepfake_project/outputs_deepfake_project/dfdc_subset_77_jpg/test/fake/fake_002457.jpg,1.0,0.9972345232963562,1
/media/D1/ait_users/staff122/deepfake_project/outputs_deepfake_project/dfdc_subset_77_jpg/test/fake/fake_002458.jpg,1.0,0.9928841590881348,1
/media/D1/ait_users/staff122/deepfake_project/outputs_deepfake_project/dfdc_subset_77_jpg/test/fake/fake_002459.jpg,1.0,0.9893323183059692,1
/media/D1/ait_users/staff122/deepfake_project/outputs_deepfake_project/dfdc_subset_77_jpg/test/fake/fake_002460.jpg,1.0,0.9991405010223389,1
/media/D1/ait_users/staff122/deepfake_project/outputs_deepfake_project/dfdc_subset_77_jpg/test/fake/fake_002461.jpg,1.0,0.9995591044425964,1
/media/D1/ait_users/staff122/deepfake_project/outputs_deepfake_project/dfdc_subset_77_jpg/test/fake/fake_002462.jpg,1.0,0.9521650075912476,1
/media/D1/ait_users/staff122/deepfake_project/outputs_deepfake_project/dfdc_subset_77_jpg/test/fake/fake_002463.jpg,1.0,0.966401994228363,1
