image_path,video_name,method,label,fake_probability,prediction,degradation,severity
/media/D1/ait_users/staff122/deepfake_project/outputs_deepfake_project/dfdc_subset_77_jpg/test/real/real_000000.jpg,real,test,0,0.6220880150794983,1,clean,medium
/media/D1/ait_users/staff122/deepfake_project/outputs_deepfake_project/dfdc_subset_77_jpg/test/real/real_000001.jpg,real,test,0,0.6539750099182129,1,clean,medium
/media/D1/ait_users/staff122/deepfake_project/outputs_deepfake_project/dfdc_subset_77_jpg/test/real/real_000002.jpg,real,test,0,0.6299446225166321,1,clean,medium
/media/D1/ait_users/staff122/deepfake_project/outputs_deepfake_project/dfdc_subset_77_jpg/test/real/real_000003.jpg,real,test,0,0.016998181119561195,0,clean,medium
/media/D1/ait_users/staff122/deepfake_project/outputs_deepfake_project/dfdc_subset_77_jpg/test/real/real_000004.jpg,real,test,0,0.4786756634712219,0,clean,medium
/media/D1/ait_users/staff122/deepfake_project/outputs_deepfake_project/dfdc_subset_77_jpg/test/real/real_000005.jpg,real,test,0,0.4474117159843445,0,clean,medium
/media/D1/ait_users/staff122/deepfake_project/outputs_deepfake_project/dfdc_subset_77_jpg/test/real/real_000006.jpg,real,test,0,0.12288238853216171,0,clean,medium
/media/D1/ait_users/staff122/deepfake_project/outputs_deepfake_project/dfdc_subset_77_jpg/test/real/real_000007.jpg,real,test,0,0.009846188127994537,0,clean,medium
/media/D1/ait_users/staff122/deepfake_project/outputs_deepfake_project/dfdc_subset_77_jpg/test/real/real_000008.jpg,real,test,0,0.0035365179646760225,0,clean,medium
/media/D1/ait_users/staff122/deepfake_project/outputs_deepfake_project/dfdc_subset_77_jpg/test/real/real_000009.jpg,real,test,0,0.0052138278260827065,0,clean,medium
/media/D1/ait_users/staff122/deepfake_project/outputs_deepfake_project/dfdc_subset_77_jpg/test/real/real_000010.jpg,real,test,0,0.0032235903199762106,0,clean,medium
/media/D1/ait_users/staff122/deepfake_project/outputs_deepfake_project/dfdc_subset_77_jpg/test/real/real_000011.jpg,real,test,0,0.008196401409804821,0,clean,medium
/media/D1/ait_users/staff122/deepfake_project/outputs_deepfake_project/dfdc_subset_77_jpg/test/real/real_000012.jpg,real,test,0,0.007161533460021019,0,clean,medium
/media/D1/ait_users/staff122/deepfake_project/outputs_deepfake_project/dfdc_subset_77_jpg/test/real/real_000013.jpg,real,test,0,0.07800182700157166,0,clean,medium
/media/D1/ait_users/staff122/deepfake_project/outputs_deepfake_project/dfdc_subset_77_jpg/test/real/real_000014.jpg,real,test,0,0.900892972946167,1,clean,medium
/media/D1/ait_users/staff122/deepfake_project/outputs_deepfake_project/dfdc_subset_77_jpg/test/real/real_000015.jpg,real,test,0,0.14896026253700256,0,clean,medium
/media/D1/ait_users/staff122/deepfake_project/outputs_deepfake_project/dfdc_subset_77_jpg/test/real/real_000016.jpg,real,test,0,0.15134595334529877,0,clean,medium
/media/D1/ait_users/staff122/deepfake_project/outputs_deepfake_project/dfdc_subset_77_jpg/test/real/real_000017.jpg,real,test,0,0.9032840132713318,1,clean,medium
/media/D1/ait_users/staff122/deepfake_project/outputs_deepfake_project/dfdc_subset_77_jpg/test/real/real_000018.jpg,real,test,0,0.5740181803703308,1,clean,medium
/media/D1/ait_users/staff122/deepfake_project/outputs_deepfake_project/dfdc_subset_77_jpg/test/real/real_000019.jpg,real,test,0,0.4187057614326477,0,clean,medium
/media/D1/ait_users/staff122/deepfake_project/outputs_deepfake_project/dfdc_subset_77_jpg/test/real/real_000020.jpg,real,test,0,0.4100376069545746,0,clean,medium
/media/D1/ait_users/staff122/deepfake_project/outputs_deepfake_project/dfdc_subset_77_jpg/test/real/real_000021.jpg,real,test,0,0.09584266692399979,0,clean,medium
/media/D1/ait_users/staff122/deepfake_project/outputs_deepfake_project/dfdc_subset_77_jpg/test/real/real_000022.jpg,real,test,0,0.8891935348510742,1,clean,medium
/media/D1/ait_users/staff122/deepfake_project/outputs_deepfake_project/dfdc_subset_77_jpg/test/real/real_000023.jpg,real,test,0,0.004921013489365578,0,clean,medium
/media/D1/ait_users/staff122/deepfake_project/outputs_deepfake_project/dfdc_subset_77_jpg/test/real/real_000024.jpg,real,test,0,0.0004231648927088827,0,clean,medium
/media/D1/ait_users/staff122/deepfake_project/outputs_deepfake_project/dfdc_subset_77_jpg/test/real/real_000025.jpg,real,test,0,0.0003631089348345995,0,clean,medium
/media/D1/ait_users/staff122/deepfake_project/outputs_deepfake_project/dfdc_subset_77_jpg/test/real/real_000026.jpg,real,test,0,0.0009420467540621758,0,clean,medium
/media/D1/ait_users/staff122/deepfake_project/outputs_deepfake_project/dfdc_subset_77_jpg/test/real/real_000027.jpg,real,test,0,0.8422553539276123,1,clean,medium
/media/D1/ait_users/staff122/deepfake_project/outputs_deepfake_project/dfdc_subset_77_jpg/test/real/real_000028.jpg,real,test,0,0.8781262040138245,1,clean,medium
/media/D1/ait_users/staff122/deepfake_project/outputs_deepfake_project/dfdc_subset_77_jpg/test/real/real_000029.jpg,real,test,0,0.559634268283844,1,clean,medium
/media/D1/ait_users/staff122/deepfake_project/outputs_deepfake_project/dfdc_subset_77_jpg/test/real/real_000030.jpg,real,test,0,0.6501443982124329,1,clean,medium
/media/D1/ait_users/staff122/deepfake_project/outputs_deepfake_project/dfdc_subset_77_jpg/test/real/real_000031.jpg,real,test,0,0.3787844777107239,0,clean,medium
/media/D1/ait_users/staff122/deepfake_project/outputs_deepfake_project/dfdc_subset_77_jpg/test/real/real_000032.jpg,real,test,0,0.32831066846847534,0,clean,medium
/media/D1/ait_users/staff122/deepfake_project/outputs_deepfake_project/dfdc_subset_77_jpg/test/real/real_000033.jpg,real,test,0,0.19519110023975372,0,clean,medium
/media/D1/ait_users/staff122/deepfake_project/outputs_deepfake_project/dfdc_subset_77_jpg/test/real/real_000034.jpg,real,test,0,0.10135980695486069,0,clean,medium
/media/D1/ait_users/staff122/deepfake_project/outputs_deepfake_project/dfdc_subset_77_jpg/test/real/real_000035.jpg,real,test,0,0.1638771891593933,0,clean,medium
/media/D1/ait_users/staff122/deepfake_project/outputs_deepfake_project/dfdc_subset_77_jpg/test/real/real_000036.jpg,real,test,0,0.08451863378286362,0,clean,medium
/media/D1/ait_users/staff122/deepfake_project/outputs_deepfake_project/dfdc_subset_77_jpg/test/real/real_000037.jpg,real,test,0,0.22069412469863892,0,clean,medium
/media/D1/ait_users/staff122/deepfake_project/outputs_deepfake_project/dfdc_subset_77_jpg/test/real/real_000038.jpg,real,test,0,0.198855921626091,0,clean,medium
/media/D1/ait_users/staff122/deepfake_project/outputs_deepfake_project/dfdc_subset_77_jpg/test/real/real_000039.jpg,real,test,0,0.059274882078170776,0,clean,medium
/media/D1/ait_users/staff122/deepfake_project/outputs_deepfake_project/dfdc_subset_77_jpg/test/real/real_000040.jpg,real,test,0,0.08745882660150528,0,clean,medium
/media/D1/ait_users/staff122/deepfake_project/outputs_deepfake_project/dfdc_subset_77_jpg/test/real/real_000041.jpg,real,test,0,0.6430272459983826,1,clean,medium
/media/D1/ait_users/staff122/deepfake_project/outputs_deepfake_project/dfdc_subset_77_jpg/test/real/real_000042.jpg,real,test,0,0.11782527714967728,0,clean,medium
/media/D1/ait_users/staff122/deepfake_project/outputs_deepfake_project/dfdc_subset_77_jpg/test/real/real_000043.jpg,real,test,0,0.04728352278470993,0,clean,medium
/media/D1/ait_users/staff122/deepfake_project/outputs_deepfake_project/dfdc_subset_77_jpg/test/real/real_000044.jpg,real,test,0,0.05833534896373749,0,clean,medium
/media/D1/ait_users/staff122/deepfake_project/outputs_deepfake_project/dfdc_subset_77_jpg/test/real/real_000045.jpg,real,test,0,0.015894409269094467,0,clean,medium
/media/D1/ait_users/staff122/deepfake_project/outputs_deepfake_project/dfdc_subset_77_jpg/test/real/real_000046.jpg,real,test,0,0.07194777578115463,0,clean,medium
/media/D1/ait_users/staff122/deepfake_project/outputs_deepfake_project/dfdc_subset_77_jpg/test/real/real_000047.jpg,real,test,0,0.09422764182090759,0,clean,medium
/media/D1/ait_users/staff122/deepfake_project/outputs_deepfake_project/dfdc_subset_77_jpg/test/real/real_000048.jpg,real,test,0,0.06168734282255173,0,clean,medium
/media/D1/ait_users/staff122/deepfake_project/outputs_deepfake_project/dfdc_subset_77_jpg/test/real/real_000049.jpg,real,test,0,0.2180013656616211,0,clean,medium
/media/D1/ait_users/staff122/deepfake_project/outputs_deepfake_project/dfdc_subset_77_jpg/test/real/real_000050.jpg,real,test,0,0.5329122543334961,1,clean,medium
/media/D1/ait_users/staff122/deepfake_project/outputs_deepfake_project/dfdc_subset_77_jpg/test/real/real_000051.jpg,real,test,0,0.4140148162841797,0,clean,medium
/media/D1/ait_users/staff122/deepfake_project/outputs_deepfake_project/dfdc_subset_77_jpg/test/real/real_000052.jpg,real,test,0,0.06286343932151794,0,clean,medium
/media/D1/ait_users/staff122/deepfake_project/outputs_deepfake_project/dfdc_subset_77_jpg/test/real/real_000053.jpg,real,test,0,0.341739684343338,0,clean,medium
/media/D1/ait_users/staff122/deepfake_project/outputs_deepfake_project/dfdc_subset_77_jpg/test/real/real_000054.jpg,real,test,0,0.2693905532360077,0,clean,medium
/media/D1/ait_users/staff122/deepfake_project/outputs_deepfake_project/dfdc_subset_77_jpg/test/real/real_000055.jpg,real,test,0,0.0858231633901596,0,clean,medium
/media/D1/ait_users/staff122/deepfake_project/outputs_deepfake_project/dfdc_subset_77_jpg/test/real/real_000056.jpg,real,test,0,0.010666731745004654,0,clean,medium
/media/D1/ait_users/staff122/deepfake_project/outputs_deepfake_project/dfdc_subset_77_jpg/test/real/real_000057.jpg,real,test,0,0.14736545085906982,0,clean,medium
/media/D1/ait_users/staff122/deepfake_project/outputs_deepfake_project/dfdc_subset_77_jpg/test/real/real_000058.jpg,real,test,0,0.0765392929315567,0,clean,medium
/media/D1/ait_users/staff122/deepfake_project/outputs_deepfake_project/dfdc_subset_77_jpg/test/real/real_000059.jpg,real,test,0,0.490263432264328,0,clean,medium
/media/D1/ait_users/staff122/deepfake_project/outputs_deepfake_project/dfdc_subset_77_jpg/test/real/real_000060.jpg,real,test,0,0.04292026534676552,0,clean,medium
/media/D1/ait_users/staff122/deepfake_project/outputs_deepfake_project/dfdc_subset_77_jpg/test/real/real_000061.jpg,real,test,0,0.1438332051038742,0,clean,medium
/media/D1/ait_users/staff122/deepfake_project/outputs_deepfake_project/dfdc_subset_77_jpg/test/real/real_000062.jpg,real,test,0,0.04523339867591858,0,clean,medium
/media/D1/ait_users/staff122/deepfake_project/outputs_deepfake_project/dfdc_subset_77_jpg/test/real/real_000063.jpg,real,test,0,0.7226577401161194,1,clean,medium
/media/D1/ait_users/staff122/deepfake_project/outputs_deepfake_project/dfdc_subset_77_jpg/test/real/real_000064.jpg,real,test,0,0.16556797921657562,0,clean,medium
/media/D1/ait_users/staff122/deepfake_project/outputs_deepfake_project/dfdc_subset_77_jpg/test/real/real_000065.jpg,real,test,0,0.15888585150241852,0,clean,medium
/media/D1/ait_users/staff122/deepfake_project/outputs_deepfake_project/dfdc_subset_77_jpg/test/real/real_000066.jpg,real,test,0,0.09989061206579208,0,clean,medium
/media/D1/ait_users/staff122/deepfake_project/outputs_deepfake_project/dfdc_subset_77_jpg/test/real/real_000067.jpg,real,test,0,0.07663673907518387,0,clean,medium
/media/D1/ait_users/staff122/deepfake_project/outputs_deepfake_project/dfdc_subset_77_jpg/test/real/real_000068.jpg,real,test,0,0.20752038061618805,0,clean,medium
/media/D1/ait_users/staff122/deepfake_project/outputs_deepfake_project/dfdc_subset_77_jpg/test/real/real_000069.jpg,real,test,0,0.07552101463079453,0,clean,medium
/media/D1/ait_users/staff122/deepfake_project/outputs_deepfake_project/dfdc_subset_77_jpg/test/real/real_000070.jpg,real,test,0,0.2579941153526306,0,clean,medium
/media/D1/ait_users/staff122/deepfake_project/outputs_deepfake_project/dfdc_subset_77_jpg/test/real/real_000071.jpg,real,test,0,0.6122421026229858,1,clean,medium
/media/D1/ait_users/staff122/deepfake_project/outputs_deepfake_project/dfdc_subset_77_jpg/test/real/real_000072.jpg,real,test,0,0.26891806721687317,0,clean,medium
/media/D1/ait_users/staff122/deepfake_project/outputs_deepfake_project/dfdc_subset_77_jpg/test/real/real_000073.jpg,real,test,0,0.32093048095703125,0,clean,medium
/media/D1/ait_users/staff122/deepfake_project/outputs_deepfake_project/dfdc_subset_77_jpg/test/real/real_000074.jpg,real,test,0,0.30957266688346863,0,clean,medium
/media/D1/ait_users/staff122/deepfake_project/outputs_deepfake_project/dfdc_subset_77_jpg/test/real/real_000075.jpg,real,test,0,0.24244549870491028,0,clean,medium
/media/D1/ait_users/staff122/deepfake_project/outputs_deepfake_project/dfdc_subset_77_jpg/test/real/real_000076.jpg,real,test,0,0.16140031814575195,0,clean,medium
/media/D1/ait_users/staff122/deepfake_project/outputs_deepfake_project/dfdc_subset_77_jpg/test/real/real_000077.jpg,real,test,0,0.32729923725128174,0,clean,medium
/media/D1/ait_users/staff122/deepfake_project/outputs_deepfake_project/dfdc_subset_77_jpg/test/real/real_000078.jpg,real,test,0,0.21355241537094116,0,clean,medium
/media/D1/ait_users/staff122/deepfake_project/outputs_deepfake_project/dfdc_subset_77_jpg/test/real/real_000079.jpg,real,test,0,0.2185068428516388,0,clean,medium
/media/D1/ait_users/staff122/deepfake_project/outputs_deepfake_project/dfdc_subset_77_jpg/test/real/real_000080.jpg,real,test,0,0.3749663829803467,0,clean,medium
/media/D1/ait_users/staff122/deepfake_project/outputs_deepfake_project/dfdc_subset_77_jpg/test/real/real_000081.jpg,real,test,0,0.6391937136650085,1,clean,medium
/media/D1/ait_users/staff122/deepfake_project/outputs_deepfake_project/dfdc_subset_77_jpg/test/real/real_000082.jpg,real,test,0,0.78365159034729,1,clean,medium
/media/D1/ait_users/staff122/deepfake_project/outputs_deepfake_project/dfdc_subset_77_jpg/test/real/real_000083.jpg,real,test,0,0.5688684582710266,1,clean,medium
/media/D1/ait_users/staff122/deepfake_project/outputs_deepfake_project/dfdc_subset_77_jpg/test/real/real_000084.jpg,real,test,0,0.08345897495746613,0,clean,medium
/media/D1/ait_users/staff122/deepfake_project/outputs_deepfake_project/dfdc_subset_77_jpg/test/real/real_000085.jpg,real,test,0,0.22562359273433685,0,clean,medium
/media/D1/ait_users/staff122/deepfake_project/outputs_deepfake_project/dfdc_subset_77_jpg/test/real/real_000086.jpg,real,test,0,0.08053020387887955,0,clean,medium
/media/D1/ait_users/staff122/deepfake_project/outputs_deepfake_project/dfdc_subset_77_jpg/test/real/real_000087.jpg,real,test,0,0.3239176869392395,0,clean,medium
/media/D1/ait_users/staff122/deepfake_project/outputs_deepfake_project/dfdc_subset_77_jpg/test/real/real_000088.jpg,real,test,0,0.23096874356269836,0,clean,medium
/media/D1/ait_users/staff122/deepfake_project/outputs_deepfake_project/dfdc_subset_77_jpg/test/real/real_000089.jpg,real,test,0,0.2710133492946625,0,clean,medium
/media/D1/ait_users/staff122/deepfake_project/outputs_deepfake_project/dfdc_subset_77_jpg/test/real/real_000090.jpg,real,test,0,0.4052944481372833,0,clean,medium
/media/D1/ait_users/staff122/deepfake_project/outputs_deepfake_project/dfdc_subset_77_jpg/test/real/real_000091.jpg,real,test,0,0.48116573691368103,0,clean,medium
/media/D1/ait_users/staff122/deepfake_project/outputs_deepfake_project/dfdc_subset_77_jpg/test/real/real_000092.jpg,real,test,0,0.44649842381477356,0,clean,medium
/media/D1/ait_users/staff122/deepfake_project/outputs_deepfake_project/dfdc_subset_77_jpg/test/real/real_000093.jpg,real,test,0,0.4357333779335022,0,clean,medium
/media/D1/ait_users/staff122/deepfake_project/outputs_deepfake_project/dfdc_subset_77_jpg/test/real/real_000094.jpg,real,test,0,0.40027400851249695,0,clean,medium
/media/D1/ait_users/staff122/deepfake_project/outputs_deepfake_project/dfdc_subset_77_jpg/test/real/real_000095.jpg,real,test,0,0.11962789297103882,0,clean,medium
/media/D1/ait_users/staff122/deepfake_project/outputs_deepfake_project/dfdc_subset_77_jpg/test/real/real_000096.jpg,real,test,0,0.746735692024231,1,clean,medium
/media/D1/ait_users/staff122/deepfake_project/outputs_deepfake_project/dfdc_subset_77_jpg/test/real/real_000097.jpg,real,test,0,0.04604554548859596,0,clean,medium
/media/D1/ait_users/staff122/deepfake_project/outputs_deepfake_project/dfdc_subset_77_jpg/test/real/real_000098.jpg,real,test,0,0.025469930842518806,0,clean,medium
/media/D1/ait_users/staff122/deepfake_project/outputs_deepfake_project/dfdc_subset_77_jpg/test/real/real_000099.jpg,real,test,0,0.004735656548291445,0,clean,medium
/media/D1/ait_users/staff122/deepfake_project/outputs_deepfake_project/dfdc_subset_77_jpg/test/real/real_000100.jpg,real,test,0,0.0020444528199732304,0,clean,medium
/media/D1/ait_users/staff122/deepfake_project/outputs_deepfake_project/dfdc_subset_77_jpg/test/real/real_000101.jpg,real,test,0,0.001627034624107182,0,clean,medium
/media/D1/ait_users/staff122/deepfake_project/outputs_deepfake_project/dfdc_subset_77_jpg/test/real/real_000102.jpg,real,test,0,0.3730020225048065,0,clean,medium
/media/D1/ait_users/staff122/deepfake_project/outputs_deepfake_project/dfdc_subset_77_jpg/test/real/real_000103.jpg,real,test,0,0.0035348059609532356,0,clean,medium
/media/D1/ait_users/staff122/deepfake_project/outputs_deepfake_project/dfdc_subset_77_jpg/test/real/real_000104.jpg,real,test,0,0.4138522744178772,0,clean,medium
/media/D1/ait_users/staff122/deepfake_project/outputs_deepfake_project/dfdc_subset_77_jpg/test/real/real_000105.jpg,real,test,0,0.0038534854538738728,0,clean,medium
/media/D1/ait_users/staff122/deepfake_project/outputs_deepfake_project/dfdc_subset_77_jpg/test/real/real_000106.jpg,real,test,0,0.11622308194637299,0,clean,medium
/media/D1/ait_users/staff122/deepfake_project/outputs_deepfake_project/dfdc_subset_77_jpg/test/real/real_000107.jpg,real,test,0,0.06914208084344864,0,clean,medium
/media/D1/ait_users/staff122/deepfake_project/outputs_deepfake_project/dfdc_subset_77_jpg/test/real/real_000108.jpg,real,test,0,0.11473160982131958,0,clean,medium
/media/D1/ait_users/staff122/deepfake_project/outputs_deepfake_project/dfdc_subset_77_jpg/test/real/real_000109.jpg,real,test,0,0.09844869375228882,0,clean,medium
/media/D1/ait_users/staff122/deepfake_project/outputs_deepfake_project/dfdc_subset_77_jpg/test/real/real_000110.jpg,real,test,0,0.049208078533411026,0,clean,medium
/media/D1/ait_users/staff122/deepfake_project/outputs_deepfake_project/dfdc_subset_77_jpg/test/real/real_000111.jpg,real,test,0,0.15527190268039703,0,clean,medium
/media/D1/ait_users/staff122/deepfake_project/outputs_deepfake_project/dfdc_subset_77_jpg/test/real/real_000112.jpg,real,test,0,0.3335781395435333,0,clean,medium
/media/D1/ait_users/staff122/deepfake_project/outputs_deepfake_project/dfdc_subset_77_jpg/test/real/real_000113.jpg,real,test,0,0.38891902565956116,0,clean,medium
/media/D1/ait_users/staff122/deepfake_project/outputs_deepfake_project/dfdc_subset_77_jpg/test/real/real_000114.jpg,real,test,0,0.20573553442955017,0,clean,medium
/media/D1/ait_users/staff122/deepfake_project/outputs_deepfake_project/dfdc_subset_77_jpg/test/real/real_000115.jpg,real,test,0,0.021211078390479088,0,clean,medium
/media/D1/ait_users/staff122/deepfake_project/outputs_deepfake_project/dfdc_subset_77_jpg/test/real/real_000116.jpg,real,test,0,0.11547251045703888,0,clean,medium
/media/D1/ait_users/staff122/deepfake_project/outputs_deepfake_project/dfdc_subset_77_jpg/test/real/real_000117.jpg,real,test,0,0.1743004322052002,0,clean,medium
/media/D1/ait_users/staff122/deepfake_project/outputs_deepfake_project/dfdc_subset_77_jpg/test/real/real_000118.jpg,real,test,0,0.1145138368010521,0,clean,medium
/media/D1/ait_users/staff122/deepfake_project/outputs_deepfake_project/dfdc_subset_77_jpg/test/real/real_000119.jpg,real,test,0,0.024585215374827385,0,clean,medium
/media/D1/ait_users/staff122/deepfake_project/outputs_deepfake_project/dfdc_subset_77_jpg/test/real/real_000120.jpg,real,test,0,0.0317315012216568,0,clean,medium
/media/D1/ait_users/staff122/deepfake_project/outputs_deepfake_project/dfdc_subset_77_jpg/test/real/real_000121.jpg,real,test,0,0.01686454750597477,0,clean,medium
/media/D1/ait_users/staff122/deepfake_project/outputs_deepfake_project/dfdc_subset_77_jpg/test/real/real_000122.jpg,real,test,0,0.1427205353975296,0,clean,medium
/media/D1/ait_users/staff122/deepfake_project/outputs_deepfake_project/dfdc_subset_77_jpg/test/real/real_000123.jpg,real,test,0,0.08211491256952286,0,clean,medium
/media/D1/ait_users/staff122/deepfake_project/outputs_deepfake_project/dfdc_subset_77_jpg/test/real/real_000124.jpg,real,test,0,0.07453598082065582,0,clean,medium
/media/D1/ait_users/staff122/deepfake_project/outputs_deepfake_project/dfdc_subset_77_jpg/test/real/real_000125.jpg,real,test,0,0.06516879796981812,0,clean,medium
/media/D1/ait_users/staff122/deepfake_project/outputs_deepfake_project/dfdc_subset_77_jpg/test/real/real_000126.jpg,real,test,0,0.06117597967386246,0,clean,medium
/media/D1/ait_users/staff122/deepfake_project/outputs_deepfake_project/dfdc_subset_77_jpg/test/real/real_000127.jpg,real,test,0,0.6088079810142517,1,clean,medium
/media/D1/ait_users/staff122/deepfake_project/outputs_deepfake_project/dfdc_subset_77_jpg/test/real/real_000128.jpg,real,test,0,0.22360053658485413,0,clean,medium
/media/D1/ait_users/staff122/deepfake_project/outputs_deepfake_project/dfdc_subset_77_jpg/test/real/real_000129.jpg,real,test,0,0.12697739899158478,0,clean,medium
/media/D1/ait_users/staff122/deepfake_project/outputs_deepfake_project/dfdc_subset_77_jpg/test/real/real_000130.jpg,real,test,0,0.16665500402450562,0,clean,medium
/media/D1/ait_users/staff122/deepfake_project/outputs_deepfake_project/dfdc_subset_77_jpg/test/real/real_000131.jpg,real,test,0,0.7448460459709167,1,clean,medium
/media/D1/ait_users/staff122/deepfake_project/outputs_deepfake_project/dfdc_subset_77_jpg/test/real/real_000132.jpg,real,test,0,0.7406717538833618,1,clean,medium
/media/D1/ait_users/staff122/deepfake_project/outputs_deepfake_project/dfdc_subset_77_jpg/test/real/real_000133.jpg,real,test,0,0.17804867029190063,0,clean,medium
/media/D1/ait_users/staff122/deepfake_project/outputs_deepfake_project/dfdc_subset_77_jpg/test/real/real_000134.jpg,real,test,0,0.25399279594421387,0,clean,medium
/media/D1/ait_users/staff122/deepfake_project/outputs_deepfake_project/dfdc_subset_77_jpg/test/real/real_000135.jpg,real,test,0,0.15674784779548645,0,clean,medium
/media/D1/ait_users/staff122/deepfake_project/outputs_deepfake_project/dfdc_subset_77_jpg/test/real/real_000136.jpg,real,test,0,0.13159099221229553,0,clean,medium
/media/D1/ait_users/staff122/deepfake_project/outputs_deepfake_project/dfdc_subset_77_jpg/test/real/real_000137.jpg,real,test,0,0.16806946694850922,0,clean,medium
/media/D1/ait_users/staff122/deepfake_project/outputs_deepfake_project/dfdc_subset_77_jpg/test/real/real_000138.jpg,real,test,0,0.15136407315731049,0,clean,medium
/media/D1/ait_users/staff122/deepfake_project/outputs_deepfake_project/dfdc_subset_77_jpg/test/real/real_000139.jpg,real,test,0,0.31031909584999084,0,clean,medium
/media/D1/ait_users/staff122/deepfake_project/outputs_deepfake_project/dfdc_subset_77_jpg/test/real/real_000140.jpg,real,test,0,0.26690512895584106,0,clean,medium
/media/D1/ait_users/staff122/deepfake_project/outputs_deepfake_project/dfdc_subset_77_jpg/test/real/real_000141.jpg,real,test,0,0.21581204235553741,0,clean,medium
/media/D1/ait_users/staff122/deepfake_project/outputs_deepfake_project/dfdc_subset_77_jpg/test/real/real_000142.jpg,real,test,0,0.18048879504203796,0,clean,medium
/media/D1/ait_users/staff122/deepfake_project/outputs_deepfake_project/dfdc_subset_77_jpg/test/real/real_000143.jpg,real,test,0,0.19002841413021088,0,clean,medium
/media/D1/ait_users/staff122/deepfake_project/outputs_deepfake_project/dfdc_subset_77_jpg/test/real/real_000144.jpg,real,test,0,0.12271475791931152,0,clean,medium
/media/D1/ait_users/staff122/deepfake_project/outputs_deepfake_project/dfdc_subset_77_jpg/test/real/real_000145.jpg,real,test,0,0.06418561935424805,0,clean,medium
/media/D1/ait_users/staff122/deepfake_project/outputs_deepfake_project/dfdc_subset_77_jpg/test/real/real_000146.jpg,real,test,0,0.15278556942939758,0,clean,medium
/media/D1/ait_users/staff122/deepfake_project/outputs_deepfake_project/dfdc_subset_77_jpg/test/real/real_000147.jpg,real,test,0,0.8196836709976196,1,clean,medium
/media/D1/ait_users/staff122/deepfake_project/outputs_deepfake_project/dfdc_subset_77_jpg/test/real/real_000148.jpg,real,test,0,0.6604779958724976,1,clean,medium
/media/D1/ait_users/staff122/deepfake_project/outputs_deepfake_project/dfdc_subset_77_jpg/test/real/real_000149.jpg,real,test,0,0.8411379456520081,1,clean,medium
/media/D1/ait_users/staff122/deepfake_project/outputs_deepfake_project/dfdc_subset_77_jpg/test/real/real_000150.jpg,real,test,0,0.4138809144496918,0,clean,medium
/media/D1/ait_users/staff122/deepfake_project/outputs_deepfake_project/dfdc_subset_77_jpg/test/real/real_000151.jpg,real,test,0,0.4503374993801117,0,clean,medium
/media/D1/ait_users/staff122/deepfake_project/outputs_deepfake_project/dfdc_subset_77_jpg/test/real/real_000152.jpg,real,test,0,0.548016369342804,1,clean,medium
/media/D1/ait_users/staff122/deepfake_project/outputs_deepfake_project/dfdc_subset_77_jpg/test/real/real_000153.jpg,real,test,0,0.04722164571285248,0,clean,medium
/media/D1/ait_users/staff122/deepfake_project/outputs_deepfake_project/dfdc_subset_77_jpg/test/real/real_000154.jpg,real,test,0,0.6678293347358704,1,clean,medium
/media/D1/ait_users/staff122/deepfake_project/outputs_deepfake_project/dfdc_subset_77_jpg/test/real/real_000155.jpg,real,test,0,0.6225363612174988,1,clean,medium
/media/D1/ait_users/staff122/deepfake_project/outputs_deepfake_project/dfdc_subset_77_jpg/test/real/real_000156.jpg,real,test,0,0.5464221239089966,1,clean,medium
/media/D1/ait_users/staff122/deepfake_project/outputs_deepfake_project/dfdc_subset_77_jpg/test/real/real_000157.jpg,real,test,0,0.5001493692398071,1,clean,medium
/media/D1/ait_users/staff122/deepfake_project/outputs_deepfake_project/dfdc_subset_77_jpg/test/real/real_000158.jpg,real,test,0,0.9203354120254517,1,clean,medium
/media/D1/ait_users/staff122/deepfake_project/outputs_deepfake_project/dfdc_subset_77_jpg/test/real/real_000159.jpg,real,test,0,0.7478078603744507,1,clean,medium
/media/D1/ait_users/staff122/deepfake_project/outputs_deepfake_project/dfdc_subset_77_jpg/test/real/real_000160.jpg,real,test,0,0.03213397040963173,0,clean,medium
/media/D1/ait_users/staff122/deepfake_project/outputs_deepfake_project/dfdc_subset_77_jpg/test/real/real_000161.jpg,real,test,0,0.17810939252376556,0,clean,medium
/media/D1/ait_users/staff122/deepfake_project/outputs_deepfake_project/dfdc_subset_77_jpg/test/real/real_000162.jpg,real,test,0,0.11815076321363449,0,clean,medium
/media/D1/ait_users/staff122/deepfake_project/outputs_deepfake_project/dfdc_subset_77_jpg/test/real/real_000163.jpg,real,test,0,0.1713183969259262,0,clean,medium
/media/D1/ait_users/staff122/deepfake_project/outputs_deepfake_project/dfdc_subset_77_jpg/test/real/real_000164.jpg,real,test,0,0.20823392271995544,0,clean,medium
/media/D1/ait_users/staff122/deepfake_project/outputs_deepfake_project/dfdc_subset_77_jpg/test/real/real_000165.jpg,real,test,0,0.18201321363449097,0,clean,medium
/media/D1/ait_users/staff122/deepfake_project/outputs_deepfake_project/dfdc_subset_77_jpg/test/real/real_000166.jpg,real,test,0,0.26835691928863525,0,clean,medium
/media/D1/ait_users/staff122/deepfake_project/outputs_deepfake_project/dfdc_subset_77_jpg/test/real/real_000167.jpg,real,test,0,0.4572056531906128,0,clean,medium
/media/D1/ait_users/staff122/deepfake_project/outputs_deepfake_project/dfdc_subset_77_jpg/test/real/real_000168.jpg,real,test,0,0.38241666555404663,0,clean,medium
/media/D1/ait_users/staff122/deepfake_project/outputs_deepfake_project/dfdc_subset_77_jpg/test/real/real_000169.jpg,real,test,0,0.602031946182251,1,clean,medium
/media/D1/ait_users/staff122/deepfake_project/outputs_deepfake_project/dfdc_subset_77_jpg/test/real/real_000170.jpg,real,test,0,0.4061453938484192,0,clean,medium
/media/D1/ait_users/staff122/deepfake_project/outputs_deepfake_project/dfdc_subset_77_jpg/test/real/real_000171.jpg,real,test,0,0.17317461967468262,0,clean,medium
/media/D1/ait_users/staff122/deepfake_project/outputs_deepfake_project/dfdc_subset_77_jpg/test/real/real_000172.jpg,real,test,0,0.16904771327972412,0,clean,medium
/media/D1/ait_users/staff122/deepfake_project/outputs_deepfake_project/dfdc_subset_77_jpg/test/real/real_000173.jpg,real,test,0,0.13609153032302856,0,clean,medium
/media/D1/ait_users/staff122/deepfake_project/outputs_deepfake_project/dfdc_subset_77_jpg/test/real/real_000174.jpg,real,test,0,0.4442588984966278,0,clean,medium
/media/D1/ait_users/staff122/deepfake_project/outputs_deepfake_project/dfdc_subset_77_jpg/test/real/real_000175.jpg,real,test,0,0.03948536142706871,0,clean,medium
/media/D1/ait_users/staff122/deepfake_project/outputs_deepfake_project/dfdc_subset_77_jpg/test/real/real_000176.jpg,real,test,0,0.05371445417404175,0,clean,medium
/media/D1/ait_users/staff122/deepfake_project/outputs_deepfake_project/dfdc_subset_77_jpg/test/real/real_000177.jpg,real,test,0,0.45453426241874695,0,clean,medium
/media/D1/ait_users/staff122/deepfake_project/outputs_deepfake_project/dfdc_subset_77_jpg/test/real/real_000178.jpg,real,test,0,0.17884401977062225,0,clean,medium
/media/D1/ait_users/staff122/deepfake_project/outputs_deepfake_project/dfdc_subset_77_jpg/test/real/real_000179.jpg,real,test,0,0.41836220026016235,0,clean,medium
/media/D1/ait_users/staff122/deepfake_project/outputs_deepfake_project/dfdc_subset_77_jpg/test/real/real_000180.jpg,real,test,0,0.15163864195346832,0,clean,medium
/media/D1/ait_users/staff122/deepfake_project/outputs_deepfake_project/dfdc_subset_77_jpg/test/real/real_000181.jpg,real,test,0,0.3672496974468231,0,clean,medium
/media/D1/ait_users/staff122/deepfake_project/outputs_deepfake_project/dfdc_subset_77_jpg/test/real/real_000182.jpg,real,test,0,0.167549267411232,0,clean,medium
/media/D1/ait_users/staff122/deepfake_project/outputs_deepfake_project/dfdc_subset_77_jpg/test/real/real_000183.jpg,real,test,0,0.16527225077152252,0,clean,medium
/media/D1/ait_users/staff122/deepfake_project/outputs_deepfake_project/dfdc_subset_77_jpg/test/real/real_000184.jpg,real,test,0,0.1578158140182495,0,clean,medium
/media/D1/ait_users/staff122/deepfake_project/outputs_deepfake_project/dfdc_subset_77_jpg/test/real/real_000185.jpg,real,test,0,0.060862332582473755,0,clean,medium
/media/D1/ait_users/staff122/deepfake_project/outputs_deepfake_project/dfdc_subset_77_jpg/test/real/real_000186.jpg,real,test,0,0.19866226613521576,0,clean,medium
/media/D1/ait_users/staff122/deepfake_project/outputs_deepfake_project/dfdc_subset_77_jpg/test/real/real_000187.jpg,real,test,0,0.30168282985687256,0,clean,medium
/media/D1/ait_users/staff122/deepfake_project/outputs_deepfake_project/dfdc_subset_77_jpg/test/real/real_000188.jpg,real,test,0,0.28020477294921875,0,clean,medium
/media/D1/ait_users/staff122/deepfake_project/outputs_deepfake_project/dfdc_subset_77_jpg/test/real/real_000189.jpg,real,test,0,0.27895304560661316,0,clean,medium
/media/D1/ait_users/staff122/deepfake_project/outputs_deepfake_project/dfdc_subset_77_jpg/test/real/real_000190.jpg,real,test,0,0.31980031728744507,0,clean,medium
/media/D1/ait_users/staff122/deepfake_project/outputs_deepfake_project/dfdc_subset_77_jpg/test/real/real_000191.jpg,real,test,0,0.536681056022644,1,clean,medium
/media/D1/ait_users/staff122/deepfake_project/outputs_deepfake_project/dfdc_subset_77_jpg/test/real/real_000192.jpg,real,test,0,0.5168843865394592,1,clean,medium
/media/D1/ait_users/staff122/deepfake_project/outputs_deepfake_project/dfdc_subset_77_jpg/test/real/real_000193.jpg,real,test,0,0.11579648405313492,0,clean,medium
/media/D1/ait_users/staff122/deepfake_project/outputs_deepfake_project/dfdc_subset_77_jpg/test/real/real_000194.jpg,real,test,0,0.4610816240310669,0,clean,medium
/media/D1/ait_users/staff122/deepfake_project/outputs_deepfake_project/dfdc_subset_77_jpg/test/real/real_000195.jpg,real,test,0,0.05121314153075218,0,clean,medium
/media/D1/ait_users/staff122/deepfake_project/outputs_deepfake_project/dfdc_subset_77_jpg/test/real/real_000196.jpg,real,test,0,0.09991227835416794,0,clean,medium
/media/D1/ait_users/staff122/deepfake_project/outputs_deepfake_project/dfdc_subset_77_jpg/test/real/real_000197.jpg,real,test,0,0.4913431704044342,0,clean,medium
/media/D1/ait_users/staff122/deepfake_project/outputs_deepfake_project/dfdc_subset_77_jpg/test/real/real_000198.jpg,real,test,0,0.38673368096351624,0,clean,medium
/media/D1/ait_users/staff122/deepfake_project/outputs_deepfake_project/dfdc_subset_77_jpg/test/real/real_000199.jpg,real,test,0,0.3944591283798218,0,clean,medium
/media/D1/ait_users/staff122/deepfake_project/outputs_deepfake_project/dfdc_subset_77_jpg/test/real/real_000200.jpg,real,test,0,0.3254356384277344,0,clean,medium
/media/D1/ait_users/staff122/deepfake_project/outputs_deepfake_project/dfdc_subset_77_jpg/test/real/real_000201.jpg,real,test,0,0.2034052163362503,0,clean,medium
/media/D1/ait_users/staff122/deepfake_project/outputs_deepfake_project/dfdc_subset_77_jpg/test/real/real_000202.jpg,real,test,0,0.8193179965019226,1,clean,medium
/media/D1/ait_users/staff122/deepfake_project/outputs_deepfake_project/dfdc_subset_77_jpg/test/real/real_000203.jpg,real,test,0,0.13729631900787354,0,clean,medium
/media/D1/ait_users/staff122/deepfake_project/outputs_deepfake_project/dfdc_subset_77_jpg/test/real/real_000204.jpg,real,test,0,0.13733640313148499,0,clean,medium
/media/D1/ait_users/staff122/deepfake_project/outputs_deepfake_project/dfdc_subset_77_jpg/test/real/real_000205.jpg,real,test,0,0.3065706789493561,0,clean,medium
/media/D1/ait_users/staff122/deepfake_project/outputs_deepfake_project/dfdc_subset_77_jpg/test/real/real_000206.jpg,real,test,0,0.5323280692100525,1,clean,medium
/media/D1/ait_users/staff122/deepfake_project/outputs_deepfake_project/dfdc_subset_77_jpg/test/real/real_000207.jpg,real,test,0,0.06193744018673897,0,clean,medium
/media/D1/ait_users/staff122/deepfake_project/outputs_deepfake_project/dfdc_subset_77_jpg/test/real/real_000208.jpg,real,test,0,0.023674411699175835,0,clean,medium
/media/D1/ait_users/staff122/deepfake_project/outputs_deepfake_project/dfdc_subset_77_jpg/test/real/real_000209.jpg,real,test,0,0.5258389115333557,1,clean,medium
/media/D1/ait_users/staff122/deepfake_project/outputs_deepfake_project/dfdc_subset_77_jpg/test/real/real_000210.jpg,real,test,0,0.9506127238273621,1,clean,medium
/media/D1/ait_users/staff122/deepfake_project/outputs_deepfake_project/dfdc_subset_77_jpg/test/real/real_000211.jpg,real,test,0,0.042937904596328735,0,clean,medium
/media/D1/ait_users/staff122/deepfake_project/outputs_deepfake_project/dfdc_subset_77_jpg/test/real/real_000212.jpg,real,test,0,0.23077084124088287,0,clean,medium
/media/D1/ait_users/staff122/deepfake_project/outputs_deepfake_project/dfdc_subset_77_jpg/test/real/real_000213.jpg,real,test,0,0.346295565366745,0,clean,medium
/media/D1/ait_users/staff122/deepfake_project/outputs_deepfake_project/dfdc_subset_77_jpg/test/real/real_000214.jpg,real,test,0,0.041069306433200836,0,clean,medium
/media/D1/ait_users/staff122/deepfake_project/outputs_deepfake_project/dfdc_subset_77_jpg/test/real/real_000215.jpg,real,test,0,0.06581909954547882,0,clean,medium
/media/D1/ait_users/staff122/deepfake_project/outputs_deepfake_project/dfdc_subset_77_jpg/test/real/real_000216.jpg,real,test,0,0.14827178418636322,0,clean,medium
/media/D1/ait_users/staff122/deepfake_project/outputs_deepfake_project/dfdc_subset_77_jpg/test/real/real_000217.jpg,real,test,0,0.21934905648231506,0,clean,medium
/media/D1/ait_users/staff122/deepfake_project/outputs_deepfake_project/dfdc_subset_77_jpg/test/real/real_000218.jpg,real,test,0,0.047182291746139526,0,clean,medium
/media/D1/ait_users/staff122/deepfake_project/outputs_deepfake_project/dfdc_subset_77_jpg/test/real/real_000219.jpg,real,test,0,0.10804755985736847,0,clean,medium
/media/D1/ait_users/staff122/deepfake_project/outputs_deepfake_project/dfdc_subset_77_jpg/test/real/real_000220.jpg,real,test,0,0.6348521709442139,1,clean,medium
/media/D1/ait_users/staff122/deepfake_project/outputs_deepfake_project/dfdc_subset_77_jpg/test/real/real_000221.jpg,real,test,0,0.22212821245193481,0,clean,medium
/media/D1/ait_users/staff122/deepfake_project/outputs_deepfake_project/dfdc_subset_77_jpg/test/real/real_000222.jpg,real,test,0,0.04072766378521919,0,clean,medium
/media/D1/ait_users/staff122/deepfake_project/outputs_deepfake_project/dfdc_subset_77_jpg/test/real/real_000223.jpg,real,test,0,0.008899389766156673,0,clean,medium
/media/D1/ait_users/staff122/deepfake_project/outputs_deepfake_project/dfdc_subset_77_jpg/test/real/real_000224.jpg,real,test,0,0.15043875575065613,0,clean,medium
/media/D1/ait_users/staff122/deepfake_project/outputs_deepfake_project/dfdc_subset_77_jpg/test/real/real_000225.jpg,real,test,0,0.2953498065471649,0,clean,medium
/media/D1/ait_users/staff122/deepfake_project/outputs_deepfake_project/dfdc_subset_77_jpg/test/real/real_000226.jpg,real,test,0,0.16502638161182404,0,clean,medium
/media/D1/ait_users/staff122/deepfake_project/outputs_deepfake_project/dfdc_subset_77_jpg/test/real/real_000227.jpg,real,test,0,0.4082571566104889,0,clean,medium
/media/D1/ait_users/staff122/deepfake_project/outputs_deepfake_project/dfdc_subset_77_jpg/test/real/real_000228.jpg,real,test,0,0.051816247403621674,0,clean,medium
/media/D1/ait_users/staff122/deepfake_project/outputs_deepfake_project/dfdc_subset_77_jpg/test/real/real_000229.jpg,real,test,0,0.21970388293266296,0,clean,medium
/media/D1/ait_users/staff122/deepfake_project/outputs_deepfake_project/dfdc_subset_77_jpg/test/real/real_000230.jpg,real,test,0,0.08079684525728226,0,clean,medium
/media/D1/ait_users/staff122/deepfake_project/outputs_deepfake_project/dfdc_subset_77_jpg/test/real/real_000231.jpg,real,test,0,0.195280522108078,0,clean,medium
/media/D1/ait_users/staff122/deepfake_project/outputs_deepfake_project/dfdc_subset_77_jpg/test/real/real_000232.jpg,real,test,0,0.11698239296674728,0,clean,medium
/media/D1/ait_users/staff122/deepfake_project/outputs_deepfake_project/dfdc_subset_77_jpg/test/real/real_000233.jpg,real,test,0,0.3853025734424591,0,clean,medium
/media/D1/ait_users/staff122/deepfake_project/outputs_deepfake_project/dfdc_subset_77_jpg/test/real/real_000234.jpg,real,test,0,0.2850273549556732,0,clean,medium
/media/D1/ait_users/staff122/deepfake_project/outputs_deepfake_project/dfdc_subset_77_jpg/test/real/real_000235.jpg,real,test,0,0.27345597743988037,0,clean,medium
/media/D1/ait_users/staff122/deepfake_project/outputs_deepfake_project/dfdc_subset_77_jpg/test/real/real_000236.jpg,real,test,0,0.1410323530435562,0,clean,medium
/media/D1/ait_users/staff122/deepfake_project/outputs_deepfake_project/dfdc_subset_77_jpg/test/real/real_000237.jpg,real,test,0,0.32169753313064575,0,clean,medium
/media/D1/ait_users/staff122/deepfake_project/outputs_deepfake_project/dfdc_subset_77_jpg/test/real/real_000238.jpg,real,test,0,0.23305679857730865,0,clean,medium
/media/D1/ait_users/staff122/deepfake_project/outputs_deepfake_project/dfdc_subset_77_jpg/test/real/real_000239.jpg,real,test,0,0.2180282175540924,0,clean,medium
/media/D1/ait_users/staff122/deepfake_project/outputs_deepfake_project/dfdc_subset_77_jpg/test/real/real_000240.jpg,real,test,0,0.36653661727905273,0,clean,medium
/media/D1/ait_users/staff122/deepfake_project/outputs_deepfake_project/dfdc_subset_77_jpg/test/real/real_000241.jpg,real,test,0,0.3022390902042389,0,clean,medium
/media/D1/ait_users/staff122/deepfake_project/outputs_deepfake_project/dfdc_subset_77_jpg/test/real/real_000242.jpg,real,test,0,0.3113389015197754,0,clean,medium
/media/D1/ait_users/staff122/deepfake_project/outputs_deepfake_project/dfdc_subset_77_jpg/test/real/real_000243.jpg,real,test,0,0.3412477970123291,0,clean,medium
/media/D1/ait_users/staff122/deepfake_project/outputs_deepfake_project/dfdc_subset_77_jpg/test/real/real_000244.jpg,real,test,0,0.20591393113136292,0,clean,medium
/media/D1/ait_users/staff122/deepfake_project/outputs_deepfake_project/dfdc_subset_77_jpg/test/real/real_000245.jpg,real,test,0,0.18130049109458923,0,clean,medium
/media/D1/ait_users/staff122/deepfake_project/outputs_deepfake_project/dfdc_subset_77_jpg/test/real/real_000246.jpg,real,test,0,0.2798530161380768,0,clean,medium
/media/D1/ait_users/staff122/deepfake_project/outputs_deepfake_project/dfdc_subset_77_jpg/test/real/real_000247.jpg,real,test,0,0.3967861533164978,0,clean,medium
/media/D1/ait_users/staff122/deepfake_project/outputs_deepfake_project/dfdc_subset_77_jpg/test/real/real_000248.jpg,real,test,0,0.2547034025192261,0,clean,medium
/media/D1/ait_users/staff122/deepfake_project/outputs_deepfake_project/dfdc_subset_77_jpg/test/real/real_000249.jpg,real,test,0,0.37675175070762634,0,clean,medium
/media/D1/ait_users/staff122/deepfake_project/outputs_deepfake_project/dfdc_subset_77_jpg/test/real/real_000250.jpg,real,test,0,0.2696693539619446,0,clean,medium
/media/D1/ait_users/staff122/deepfake_project/outputs_deepfake_project/dfdc_subset_77_jpg/test/real/real_000251.jpg,real,test,0,0.26423513889312744,0,clean,medium
/media/D1/ait_users/staff122/deepfake_project/outputs_deepfake_project/dfdc_subset_77_jpg/test/real/real_000252.jpg,real,test,0,0.359729140996933,0,clean,medium
/media/D1/ait_users/staff122/deepfake_project/outputs_deepfake_project/dfdc_subset_77_jpg/test/real/real_000253.jpg,real,test,0,0.2633233964443207,0,clean,medium
/media/D1/ait_users/staff122/deepfake_project/outputs_deepfake_project/dfdc_subset_77_jpg/test/real/real_000254.jpg,real,test,0,0.263222873210907,0,clean,medium
/media/D1/ait_users/staff122/deepfake_project/outputs_deepfake_project/dfdc_subset_77_jpg/test/real/real_000255.jpg,real,test,0,0.23389588296413422,0,clean,medium
/media/D1/ait_users/staff122/deepfake_project/outputs_deepfake_project/dfdc_subset_77_jpg/test/real/real_000256.jpg,real,test,0,0.0744897723197937,0,clean,medium
/media/D1/ait_users/staff122/deepfake_project/outputs_deepfake_project/dfdc_subset_77_jpg/test/real/real_000257.jpg,real,test,0,0.027973854914307594,0,clean,medium
/media/D1/ait_users/staff122/deepfake_project/outputs_deepfake_project/dfdc_subset_77_jpg/test/real/real_000258.jpg,real,test,0,0.013890539295971394,0,clean,medium
/media/D1/ait_users/staff122/deepfake_project/outputs_deepfake_project/dfdc_subset_77_jpg/test/real/real_000259.jpg,real,test,0,0.0023772032000124454,0,clean,medium
/media/D1/ait_users/staff122/deepfake_project/outputs_deepfake_project/dfdc_subset_77_jpg/test/real/real_000260.jpg,real,test,0,0.337529718875885,0,clean,medium
/media/D1/ait_users/staff122/deepfake_project/outputs_deepfake_project/dfdc_subset_77_jpg/test/real/real_000261.jpg,real,test,0,0.002041530329734087,0,clean,medium
/media/D1/ait_users/staff122/deepfake_project/outputs_deepfake_project/dfdc_subset_77_jpg/test/real/real_000262.jpg,real,test,0,0.18281231820583344,0,clean,medium
/media/D1/ait_users/staff122/deepfake_project/outputs_deepfake_project/dfdc_subset_77_jpg/test/real/real_000263.jpg,real,test,0,0.1653481274843216,0,clean,medium
/media/D1/ait_users/staff122/deepfake_project/outputs_deepfake_project/dfdc_subset_77_jpg/test/real/real_000264.jpg,real,test,0,0.028732474893331528,0,clean,medium
/media/D1/ait_users/staff122/deepfake_project/outputs_deepfake_project/dfdc_subset_77_jpg/test/real/real_000265.jpg,real,test,0,0.022076748311519623,0,clean,medium
/media/D1/ait_users/staff122/deepfake_project/outputs_deepfake_project/dfdc_subset_77_jpg/test/real/real_000266.jpg,real,test,0,0.008298966102302074,0,clean,medium
/media/D1/ait_users/staff122/deepfake_project/outputs_deepfake_project/dfdc_subset_77_jpg/test/real/real_000267.jpg,real,test,0,0.014308353886008263,0,clean,medium
/media/D1/ait_users/staff122/deepfake_project/outputs_deepfake_project/dfdc_subset_77_jpg/test/real/real_000268.jpg,real,test,0,0.0181999821215868,0,clean,medium
/media/D1/ait_users/staff122/deepfake_project/outputs_deepfake_project/dfdc_subset_77_jpg/test/real/real_000269.jpg,real,test,0,0.009537464939057827,0,clean,medium
/media/D1/ait_users/staff122/deepfake_project/outputs_deepfake_project/dfdc_subset_77_jpg/test/real/real_000270.jpg,real,test,0,0.008529615588486195,0,clean,medium
/media/D1/ait_users/staff122/deepfake_project/outputs_deepfake_project/dfdc_subset_77_jpg/test/real/real_000271.jpg,real,test,0,0.027237676084041595,0,clean,medium
/media/D1/ait_users/staff122/deepfake_project/outputs_deepfake_project/dfdc_subset_77_jpg/test/real/real_000272.jpg,real,test,0,0.01306060329079628,0,clean,medium
/media/D1/ait_users/staff122/deepfake_project/outputs_deepfake_project/dfdc_subset_77_jpg/test/real/real_000273.jpg,real,test,0,0.006968195084482431,0,clean,medium
/media/D1/ait_users/staff122/deepfake_project/outputs_deepfake_project/dfdc_subset_77_jpg/test/real/real_000274.jpg,real,test,0,0.01856684684753418,0,clean,medium
/media/D1/ait_users/staff122/deepfake_project/outputs_deepfake_project/dfdc_subset_77_jpg/test/real/real_000275.jpg,real,test,0,0.007669002283364534,0,clean,medium
/media/D1/ait_users/staff122/deepfake_project/outputs_deepfake_project/dfdc_subset_77_jpg/test/real/real_000276.jpg,real,test,0,0.03442321717739105,0,clean,medium
/media/D1/ait_users/staff122/deepfake_project/outputs_deepfake_project/dfdc_subset_77_jpg/test/real/real_000277.jpg,real,test,0,0.005752305034548044,0,clean,medium
/media/D1/ait_users/staff122/deepfake_project/outputs_deepfake_project/dfdc_subset_77_jpg/test/real/real_000278.jpg,real,test,0,0.019541405141353607,0,clean,medium
/media/D1/ait_users/staff122/deepfake_project/outputs_deepfake_project/dfdc_subset_77_jpg/test/real/real_000279.jpg,real,test,0,0.023470673710107803,0,clean,medium
/media/D1/ait_users/staff122/deepfake_project/outputs_deepfake_project/dfdc_subset_77_jpg/test/real/real_000280.jpg,real,test,0,0.004065671004354954,0,clean,medium
/media/D1/ait_users/staff122/deepfake_project/outputs_deepfake_project/dfdc_subset_77_jpg/test/real/real_000281.jpg,real,test,0,0.004467506427317858,0,clean,medium
/media/D1/ait_users/staff122/deepfake_project/outputs_deepfake_project/dfdc_subset_77_jpg/test/real/real_000282.jpg,real,test,0,0.01980104111135006,0,clean,medium
/media/D1/ait_users/staff122/deepfake_project/outputs_deepfake_project/dfdc_subset_77_jpg/test/real/real_000283.jpg,real,test,0,0.00944651011377573,0,clean,medium
/media/D1/ait_users/staff122/deepfake_project/outputs_deepfake_project/dfdc_subset_77_jpg/test/real/real_000284.jpg,real,test,0,0.016884777694940567,0,clean,medium
/media/D1/ait_users/staff122/deepfake_project/outputs_deepfake_project/dfdc_subset_77_jpg/test/real/real_000285.jpg,real,test,0,0.02331606112420559,0,clean,medium
/media/D1/ait_users/staff122/deepfake_project/outputs_deepfake_project/dfdc_subset_77_jpg/test/real/real_000286.jpg,real,test,0,0.0031356895342469215,0,clean,medium
/media/D1/ait_users/staff122/deepfake_project/outputs_deepfake_project/dfdc_subset_77_jpg/test/real/real_000287.jpg,real,test,0,0.006105126813054085,0,clean,medium
/media/D1/ait_users/staff122/deepfake_project/outputs_deepfake_project/dfdc_subset_77_jpg/test/real/real_000288.jpg,real,test,0,0.4450143277645111,0,clean,medium
/media/D1/ait_users/staff122/deepfake_project/outputs_deepfake_project/dfdc_subset_77_jpg/test/real/real_000289.jpg,real,test,0,0.45107731223106384,0,clean,medium
/media/D1/ait_users/staff122/deepfake_project/outputs_deepfake_project/dfdc_subset_77_jpg/test/real/real_000290.jpg,real,test,0,0.4713597297668457,0,clean,medium
/media/D1/ait_users/staff122/deepfake_project/outputs_deepfake_project/dfdc_subset_77_jpg/test/real/real_000291.jpg,real,test,0,0.5318306684494019,1,clean,medium
/media/D1/ait_users/staff122/deepfake_project/outputs_deepfake_project/dfdc_subset_77_jpg/test/real/real_000292.jpg,real,test,0,0.4504164755344391,0,clean,medium
/media/D1/ait_users/staff122/deepfake_project/outputs_deepfake_project/dfdc_subset_77_jpg/test/real/real_000293.jpg,real,test,0,0.5012592077255249,1,clean,medium
/media/D1/ait_users/staff122/deepfake_project/outputs_deepfake_project/dfdc_subset_77_jpg/test/real/real_000294.jpg,real,test,0,0.49240627884864807,0,clean,medium
/media/D1/ait_users/staff122/deepfake_project/outputs_deepfake_project/dfdc_subset_77_jpg/test/real/real_000295.jpg,real,test,0,0.4749053418636322,0,clean,medium
/media/D1/ait_users/staff122/deepfake_project/outputs_deepfake_project/dfdc_subset_77_jpg/test/real/real_000296.jpg,real,test,0,0.47351086139678955,0,clean,medium
/media/D1/ait_users/staff122/deepfake_project/outputs_deepfake_project/dfdc_subset_77_jpg/test/real/real_000297.jpg,real,test,0,0.44037380814552307,0,clean,medium
/media/D1/ait_users/staff122/deepfake_project/outputs_deepfake_project/dfdc_subset_77_jpg/test/real/real_000298.jpg,real,test,0,0.45176154375076294,0,clean,medium
/media/D1/ait_users/staff122/deepfake_project/outputs_deepfake_project/dfdc_subset_77_jpg/test/real/real_000299.jpg,real,test,0,0.4710553288459778,0,clean,medium
/media/D1/ait_users/staff122/deepfake_project/outputs_deepfake_project/dfdc_subset_77_jpg/test/real/real_000300.jpg,real,test,0,0.5850290656089783,1,clean,medium
/media/D1/ait_users/staff122/deepfake_project/outputs_deepfake_project/dfdc_subset_77_jpg/test/real/real_000301.jpg,real,test,0,0.5516360998153687,1,clean,medium
/media/D1/ait_users/staff122/deepfake_project/outputs_deepfake_project/dfdc_subset_77_jpg/test/real/real_000302.jpg,real,test,0,0.5957838296890259,1,clean,medium
/media/D1/ait_users/staff122/deepfake_project/outputs_deepfake_project/dfdc_subset_77_jpg/test/real/real_000303.jpg,real,test,0,0.5551186800003052,1,clean,medium
/media/D1/ait_users/staff122/deepfake_project/outputs_deepfake_project/dfdc_subset_77_jpg/test/real/real_000304.jpg,real,test,0,0.566739559173584,1,clean,medium
/media/D1/ait_users/staff122/deepfake_project/outputs_deepfake_project/dfdc_subset_77_jpg/test/real/real_000305.jpg,real,test,0,0.5929087400436401,1,clean,medium
/media/D1/ait_users/staff122/deepfake_project/outputs_deepfake_project/dfdc_subset_77_jpg/test/real/real_000306.jpg,real,test,0,0.5390844941139221,1,clean,medium
/media/D1/ait_users/staff122/deepfake_project/outputs_deepfake_project/dfdc_subset_77_jpg/test/real/real_000307.jpg,real,test,0,0.5601168870925903,1,clean,medium
/media/D1/ait_users/staff122/deepfake_project/outputs_deepfake_project/dfdc_subset_77_jpg/test/real/real_000308.jpg,real,test,0,0.420904278755188,0,clean,medium
/media/D1/ait_users/staff122/deepfake_project/outputs_deepfake_project/dfdc_subset_77_jpg/test/real/real_000309.jpg,real,test,0,0.46939659118652344,0,clean,medium
/media/D1/ait_users/staff122/deepfake_project/outputs_deepfake_project/dfdc_subset_77_jpg/test/real/real_000310.jpg,real,test,0,0.46647775173187256,0,clean,medium
/media/D1/ait_users/staff122/deepfake_project/outputs_deepfake_project/dfdc_subset_77_jpg/test/real/real_000311.jpg,real,test,0,0.5624340176582336,1,clean,medium
/media/D1/ait_users/staff122/deepfake_project/outputs_deepfake_project/dfdc_subset_77_jpg/test/real/real_000312.jpg,real,test,0,0.6314648985862732,1,clean,medium
/media/D1/ait_users/staff122/deepfake_project/outputs_deepfake_project/dfdc_subset_77_jpg/test/real/real_000313.jpg,real,test,0,0.516278088092804,1,clean,medium
/media/D1/ait_users/staff122/deepfake_project/outputs_deepfake_project/dfdc_subset_77_jpg/test/real/real_000314.jpg,real,test,0,0.48222091794013977,0,clean,medium
/media/D1/ait_users/staff122/deepfake_project/outputs_deepfake_project/dfdc_subset_77_jpg/test/real/real_000315.jpg,real,test,0,0.45594120025634766,0,clean,medium
/media/D1/ait_users/staff122/deepfake_project/outputs_deepfake_project/dfdc_subset_77_jpg/test/real/real_000316.jpg,real,test,0,0.565880298614502,1,clean,medium
/media/D1/ait_users/staff122/deepfake_project/outputs_deepfake_project/dfdc_subset_77_jpg/test/real/real_000317.jpg,real,test,0,0.5652393102645874,1,clean,medium
/media/D1/ait_users/staff122/deepfake_project/outputs_deepfake_project/dfdc_subset_77_jpg/test/real/real_000318.jpg,real,test,0,0.5394952893257141,1,clean,medium
/media/D1/ait_users/staff122/deepfake_project/outputs_deepfake_project/dfdc_subset_77_jpg/test/real/real_000319.jpg,real,test,0,0.4703294634819031,0,clean,medium
/media/D1/ait_users/staff122/deepfake_project/outputs_deepfake_project/dfdc_subset_77_jpg/test/real/real_000320.jpg,real,test,0,0.8398545384407043,1,clean,medium
/media/D1/ait_users/staff122/deepfake_project/outputs_deepfake_project/dfdc_subset_77_jpg/test/real/real_000321.jpg,real,test,0,0.24946321547031403,0,clean,medium
/media/D1/ait_users/staff122/deepfake_project/outputs_deepfake_project/dfdc_subset_77_jpg/test/real/real_000322.jpg,real,test,0,0.8726900815963745,1,clean,medium
/media/D1/ait_users/staff122/deepfake_project/outputs_deepfake_project/dfdc_subset_77_jpg/test/real/real_000323.jpg,real,test,0,0.3252463936805725,0,clean,medium
/media/D1/ait_users/staff122/deepfake_project/outputs_deepfake_project/dfdc_subset_77_jpg/test/real/real_000324.jpg,real,test,0,0.2626897096633911,0,clean,medium
/media/D1/ait_users/staff122/deepfake_project/outputs_deepfake_project/dfdc_subset_77_jpg/test/real/real_000325.jpg,real,test,0,0.1415855884552002,0,clean,medium
/media/D1/ait_users/staff122/deepfake_project/outputs_deepfake_project/dfdc_subset_77_jpg/test/real/real_000326.jpg,real,test,0,0.17403389513492584,0,clean,medium
/media/D1/ait_users/staff122/deepfake_project/outputs_deepfake_project/dfdc_subset_77_jpg/test/real/real_000327.jpg,real,test,0,0.3879808485507965,0,clean,medium
/media/D1/ait_users/staff122/deepfake_project/outputs_deepfake_project/dfdc_subset_77_jpg/test/real/real_000328.jpg,real,test,0,0.26821956038475037,0,clean,medium
/media/D1/ait_users/staff122/deepfake_project/outputs_deepfake_project/dfdc_subset_77_jpg/test/real/real_000329.jpg,real,test,0,0.6377667188644409,1,clean,medium
/media/D1/ait_users/staff122/deepfake_project/outputs_deepfake_project/dfdc_subset_77_jpg/test/real/real_000330.jpg,real,test,0,0.8075963258743286,1,clean,medium
/media/D1/ait_users/staff122/deepfake_project/outputs_deepfake_project/dfdc_subset_77_jpg/test/real/real_000331.jpg,real,test,0,0.04803468659520149,0,clean,medium
/media/D1/ait_users/staff122/deepfake_project/outputs_deepfake_project/dfdc_subset_77_jpg/test/real/real_000332.jpg,real,test,0,0.190696582198143,0,clean,medium
/media/D1/ait_users/staff122/deepfake_project/outputs_deepfake_project/dfdc_subset_77_jpg/test/real/real_000333.jpg,real,test,0,0.46277105808258057,0,clean,medium
/media/D1/ait_users/staff122/deepfake_project/outputs_deepfake_project/dfdc_subset_77_jpg/test/real/real_000334.jpg,real,test,0,0.27710914611816406,0,clean,medium
/media/D1/ait_users/staff122/deepfake_project/outputs_deepfake_project/dfdc_subset_77_jpg/test/real/real_000335.jpg,real,test,0,0.18237927556037903,0,clean,medium
/media/D1/ait_users/staff122/deepfake_project/outputs_deepfake_project/dfdc_subset_77_jpg/test/real/real_000336.jpg,real,test,0,0.07786977291107178,0,clean,medium
/media/D1/ait_users/staff122/deepfake_project/outputs_deepfake_project/dfdc_subset_77_jpg/test/real/real_000337.jpg,real,test,0,0.8733469247817993,1,clean,medium
/media/D1/ait_users/staff122/deepfake_project/outputs_deepfake_project/dfdc_subset_77_jpg/test/real/real_000338.jpg,real,test,0,0.26827988028526306,0,clean,medium
/media/D1/ait_users/staff122/deepfake_project/outputs_deepfake_project/dfdc_subset_77_jpg/test/real/real_000339.jpg,real,test,0,0.26409459114074707,0,clean,medium
/media/D1/ait_users/staff122/deepfake_project/outputs_deepfake_project/dfdc_subset_77_jpg/test/real/real_000340.jpg,real,test,0,0.6177650094032288,1,clean,medium
/media/D1/ait_users/staff122/deepfake_project/outputs_deepfake_project/dfdc_subset_77_jpg/test/real/real_000341.jpg,real,test,0,0.07691150903701782,0,clean,medium
/media/D1/ait_users/staff122/deepfake_project/outputs_deepfake_project/dfdc_subset_77_jpg/test/real/real_000342.jpg,real,test,0,0.15850937366485596,0,clean,medium
/media/D1/ait_users/staff122/deepfake_project/outputs_deepfake_project/dfdc_subset_77_jpg/test/real/real_000343.jpg,real,test,0,0.07969030737876892,0,clean,medium
/media/D1/ait_users/staff122/deepfake_project/outputs_deepfake_project/dfdc_subset_77_jpg/test/real/real_000344.jpg,real,test,0,0.23679640889167786,0,clean,medium
/media/D1/ait_users/staff122/deepfake_project/outputs_deepfake_project/dfdc_subset_77_jpg/test/real/real_000345.jpg,real,test,0,0.7491936087608337,1,clean,medium
/media/D1/ait_users/staff122/deepfake_project/outputs_deepfake_project/dfdc_subset_77_jpg/test/real/real_000346.jpg,real,test,0,0.18736809492111206,0,clean,medium
/media/D1/ait_users/staff122/deepfake_project/outputs_deepfake_project/dfdc_subset_77_jpg/test/real/real_000347.jpg,real,test,0,0.24604485929012299,0,clean,medium
/media/D1/ait_users/staff122/deepfake_project/outputs_deepfake_project/dfdc_subset_77_jpg/test/real/real_000348.jpg,real,test,0,0.20854493975639343,0,clean,medium
/media/D1/ait_users/staff122/deepfake_project/outputs_deepfake_project/dfdc_subset_77_jpg/test/real/real_000349.jpg,real,test,0,0.4595084488391876,0,clean,medium
/media/D1/ait_users/staff122/deepfake_project/outputs_deepfake_project/dfdc_subset_77_jpg/test/real/real_000350.jpg,real,test,0,0.31106773018836975,0,clean,medium
/media/D1/ait_users/staff122/deepfake_project/outputs_deepfake_project/dfdc_subset_77_jpg/test/real/real_000351.jpg,real,test,0,0.38199174404144287,0,clean,medium
/media/D1/ait_users/staff122/deepfake_project/outputs_deepfake_project/dfdc_subset_77_jpg/test/real/real_000352.jpg,real,test,0,0.03941769525408745,0,clean,medium
/media/D1/ait_users/staff122/deepfake_project/outputs_deepfake_project/dfdc_subset_77_jpg/test/real/real_000353.jpg,real,test,0,0.14247584342956543,0,clean,medium
/media/D1/ait_users/staff122/deepfake_project/outputs_deepfake_project/dfdc_subset_77_jpg/test/real/real_000354.jpg,real,test,0,0.16577816009521484,0,clean,medium
/media/D1/ait_users/staff122/deepfake_project/outputs_deepfake_project/dfdc_subset_77_jpg/test/real/real_000355.jpg,real,test,0,0.06513744592666626,0,clean,medium
/media/D1/ait_users/staff122/deepfake_project/outputs_deepfake_project/dfdc_subset_77_jpg/test/real/real_000356.jpg,real,test,0,0.07847853004932404,0,clean,medium
/media/D1/ait_users/staff122/deepfake_project/outputs_deepfake_project/dfdc_subset_77_jpg/test/real/real_000357.jpg,real,test,0,0.0414024293422699,0,clean,medium
/media/D1/ait_users/staff122/deepfake_project/outputs_deepfake_project/dfdc_subset_77_jpg/test/real/real_000358.jpg,real,test,0,0.16007143259048462,0,clean,medium
/media/D1/ait_users/staff122/deepfake_project/outputs_deepfake_project/dfdc_subset_77_jpg/test/real/real_000359.jpg,real,test,0,0.16677320003509521,0,clean,medium
/media/D1/ait_users/staff122/deepfake_project/outputs_deepfake_project/dfdc_subset_77_jpg/test/real/real_000360.jpg,real,test,0,0.0935153141617775,0,clean,medium
/media/D1/ait_users/staff122/deepfake_project/outputs_deepfake_project/dfdc_subset_77_jpg/test/real/real_000361.jpg,real,test,0,0.06254889070987701,0,clean,medium
/media/D1/ait_users/staff122/deepfake_project/outputs_deepfake_project/dfdc_subset_77_jpg/test/real/real_000362.jpg,real,test,0,0.124856136739254,0,clean,medium
/media/D1/ait_users/staff122/deepfake_project/outputs_deepfake_project/dfdc_subset_77_jpg/test/real/real_000363.jpg,real,test,0,0.1180209070444107,0,clean,medium
/media/D1/ait_users/staff122/deepfake_project/outputs_deepfake_project/dfdc_subset_77_jpg/test/real/real_000364.jpg,real,test,0,0.2486904114484787,0,clean,medium
/media/D1/ait_users/staff122/deepfake_project/outputs_deepfake_project/dfdc_subset_77_jpg/test/real/real_000365.jpg,real,test,0,0.1013607606291771,0,clean,medium
/media/D1/ait_users/staff122/deepfake_project/outputs_deepfake_project/dfdc_subset_77_jpg/test/real/real_000366.jpg,real,test,0,0.11791577190160751,0,clean,medium
/media/D1/ait_users/staff122/deepfake_project/outputs_deepfake_project/dfdc_subset_77_jpg/test/real/real_000367.jpg,real,test,0,0.13195253908634186,0,clean,medium
/media/D1/ait_users/staff122/deepfake_project/outputs_deepfake_project/dfdc_subset_77_jpg/test/real/real_000368.jpg,real,test,0,0.09540385007858276,0,clean,medium
/media/D1/ait_users/staff122/deepfake_project/outputs_deepfake_project/dfdc_subset_77_jpg/test/real/real_000369.jpg,real,test,0,0.3649030029773712,0,clean,medium
/media/D1/ait_users/staff122/deepfake_project/outputs_deepfake_project/dfdc_subset_77_jpg/test/real/real_000370.jpg,real,test,0,0.18037736415863037,0,clean,medium
/media/D1/ait_users/staff122/deepfake_project/outputs_deepfake_project/dfdc_subset_77_jpg/test/real/real_000371.jpg,real,test,0,0.08669058978557587,0,clean,medium
/media/D1/ait_users/staff122/deepfake_project/outputs_deepfake_project/dfdc_subset_77_jpg/test/real/real_000372.jpg,real,test,0,0.04386768490076065,0,clean,medium
/media/D1/ait_users/staff122/deepfake_project/outputs_deepfake_project/dfdc_subset_77_jpg/test/real/real_000373.jpg,real,test,0,0.14751498401165009,0,clean,medium
/media/D1/ait_users/staff122/deepfake_project/outputs_deepfake_project/dfdc_subset_77_jpg/test/real/real_000374.jpg,real,test,0,0.10428069531917572,0,clean,medium
/media/D1/ait_users/staff122/deepfake_project/outputs_deepfake_project/dfdc_subset_77_jpg/test/real/real_000375.jpg,real,test,0,0.24775435030460358,0,clean,medium
/media/D1/ait_users/staff122/deepfake_project/outputs_deepfake_project/dfdc_subset_77_jpg/test/real/real_000376.jpg,real,test,0,0.12473337352275848,0,clean,medium
/media/D1/ait_users/staff122/deepfake_project/outputs_deepfake_project/dfdc_subset_77_jpg/test/real/real_000377.jpg,real,test,0,0.05563993379473686,0,clean,medium
/media/D1/ait_users/staff122/deepfake_project/outputs_deepfake_project/dfdc_subset_77_jpg/test/real/real_000378.jpg,real,test,0,0.15755027532577515,0,clean,medium
/media/D1/ait_users/staff122/deepfake_project/outputs_deepfake_project/dfdc_subset_77_jpg/test/real/real_000379.jpg,real,test,0,0.05829993262887001,0,clean,medium
/media/D1/ait_users/staff122/deepfake_project/outputs_deepfake_project/dfdc_subset_77_jpg/test/real/real_000380.jpg,real,test,0,0.03277888149023056,0,clean,medium
/media/D1/ait_users/staff122/deepfake_project/outputs_deepfake_project/dfdc_subset_77_jpg/test/real/real_000381.jpg,real,test,0,0.12234366685152054,0,clean,medium
/media/D1/ait_users/staff122/deepfake_project/outputs_deepfake_project/dfdc_subset_77_jpg/test/real/real_000382.jpg,real,test,0,0.06027394160628319,0,clean,medium
/media/D1/ait_users/staff122/deepfake_project/outputs_deepfake_project/dfdc_subset_77_jpg/test/real/real_000383.jpg,real,test,0,0.04825294017791748,0,clean,medium
/media/D1/ait_users/staff122/deepfake_project/outputs_deepfake_project/dfdc_subset_77_jpg/test/real/real_000384.jpg,real,test,0,0.8834903240203857,1,clean,medium
/media/D1/ait_users/staff122/deepfake_project/outputs_deepfake_project/dfdc_subset_77_jpg/test/real/real_000385.jpg,real,test,0,0.8808605670928955,1,clean,medium
/media/D1/ait_users/staff122/deepfake_project/outputs_deepfake_project/dfdc_subset_77_jpg/test/real/real_000386.jpg,real,test,0,0.5094733238220215,1,clean,medium
/media/D1/ait_users/staff122/deepfake_project/outputs_deepfake_project/dfdc_subset_77_jpg/test/real/real_000387.jpg,real,test,0,0.14813081920146942,0,clean,medium
/media/D1/ait_users/staff122/deepfake_project/outputs_deepfake_project/dfdc_subset_77_jpg/test/real/real_000388.jpg,real,test,0,0.35997632145881653,0,clean,medium
/media/D1/ait_users/staff122/deepfake_project/outputs_deepfake_project/dfdc_subset_77_jpg/test/real/real_000389.jpg,real,test,0,0.08112896978855133,0,clean,medium
/media/D1/ait_users/staff122/deepfake_project/outputs_deepfake_project/dfdc_subset_77_jpg/test/real/real_000390.jpg,real,test,0,0.14199429750442505,0,clean,medium
/media/D1/ait_users/staff122/deepfake_project/outputs_deepfake_project/dfdc_subset_77_jpg/test/real/real_000391.jpg,real,test,0,0.8247503638267517,1,clean,medium
/media/D1/ait_users/staff122/deepfake_project/outputs_deepfake_project/dfdc_subset_77_jpg/test/real/real_000392.jpg,real,test,0,0.30262625217437744,0,clean,medium
/media/D1/ait_users/staff122/deepfake_project/outputs_deepfake_project/dfdc_subset_77_jpg/test/real/real_000393.jpg,real,test,0,0.6620179414749146,1,clean,medium
/media/D1/ait_users/staff122/deepfake_project/outputs_deepfake_project/dfdc_subset_77_jpg/test/real/real_000394.jpg,real,test,0,0.08908449113368988,0,clean,medium
/media/D1/ait_users/staff122/deepfake_project/outputs_deepfake_project/dfdc_subset_77_jpg/test/real/real_000395.jpg,real,test,0,0.26240646839141846,0,clean,medium
/media/D1/ait_users/staff122/deepfake_project/outputs_deepfake_project/dfdc_subset_77_jpg/test/real/real_000396.jpg,real,test,0,0.6756156086921692,1,clean,medium
/media/D1/ait_users/staff122/deepfake_project/outputs_deepfake_project/dfdc_subset_77_jpg/test/real/real_000397.jpg,real,test,0,0.3316245973110199,0,clean,medium
/media/D1/ait_users/staff122/deepfake_project/outputs_deepfake_project/dfdc_subset_77_jpg/test/real/real_000398.jpg,real,test,0,0.22312453389167786,0,clean,medium
/media/D1/ait_users/staff122/deepfake_project/outputs_deepfake_project/dfdc_subset_77_jpg/test/real/real_000399.jpg,real,test,0,0.21292079985141754,0,clean,medium
/media/D1/ait_users/staff122/deepfake_project/outputs_deepfake_project/dfdc_subset_77_jpg/test/real/real_000400.jpg,real,test,0,0.5926861763000488,1,clean,medium
/media/D1/ait_users/staff122/deepfake_project/outputs_deepfake_project/dfdc_subset_77_jpg/test/real/real_000401.jpg,real,test,0,0.3482789099216461,0,clean,medium
/media/D1/ait_users/staff122/deepfake_project/outputs_deepfake_project/dfdc_subset_77_jpg/test/real/real_000402.jpg,real,test,0,0.22150836884975433,0,clean,medium
/media/D1/ait_users/staff122/deepfake_project/outputs_deepfake_project/dfdc_subset_77_jpg/test/real/real_000403.jpg,real,test,0,0.2970327138900757,0,clean,medium
/media/D1/ait_users/staff122/deepfake_project/outputs_deepfake_project/dfdc_subset_77_jpg/test/real/real_000404.jpg,real,test,0,0.18625639379024506,0,clean,medium
/media/D1/ait_users/staff122/deepfake_project/outputs_deepfake_project/dfdc_subset_77_jpg/test/real/real_000405.jpg,real,test,0,0.7495718002319336,1,clean,medium
/media/D1/ait_users/staff122/deepfake_project/outputs_deepfake_project/dfdc_subset_77_jpg/test/real/real_000406.jpg,real,test,0,0.11435167491436005,0,clean,medium
/media/D1/ait_users/staff122/deepfake_project/outputs_deepfake_project/dfdc_subset_77_jpg/test/real/real_000407.jpg,real,test,0,0.09612265974283218,0,clean,medium
/media/D1/ait_users/staff122/deepfake_project/outputs_deepfake_project/dfdc_subset_77_jpg/test/real/real_000408.jpg,real,test,0,0.06456256657838821,0,clean,medium
/media/D1/ait_users/staff122/deepfake_project/outputs_deepfake_project/dfdc_subset_77_jpg/test/real/real_000409.jpg,real,test,0,0.25286614894866943,0,clean,medium
/media/D1/ait_users/staff122/deepfake_project/outputs_deepfake_project/dfdc_subset_77_jpg/test/real/real_000410.jpg,real,test,0,0.4238330125808716,0,clean,medium
/media/D1/ait_users/staff122/deepfake_project/outputs_deepfake_project/dfdc_subset_77_jpg/test/real/real_000411.jpg,real,test,0,0.14054763317108154,0,clean,medium
/media/D1/ait_users/staff122/deepfake_project/outputs_deepfake_project/dfdc_subset_77_jpg/test/real/real_000412.jpg,real,test,0,0.1142493337392807,0,clean,medium
/media/D1/ait_users/staff122/deepfake_project/outputs_deepfake_project/dfdc_subset_77_jpg/test/real/real_000413.jpg,real,test,0,0.1136847659945488,0,clean,medium
/media/D1/ait_users/staff122/deepfake_project/outputs_deepfake_project/dfdc_subset_77_jpg/test/real/real_000414.jpg,real,test,0,0.2500908374786377,0,clean,medium
/media/D1/ait_users/staff122/deepfake_project/outputs_deepfake_project/dfdc_subset_77_jpg/test/real/real_000415.jpg,real,test,0,0.2799229323863983,0,clean,medium
/media/D1/ait_users/staff122/deepfake_project/outputs_deepfake_project/dfdc_subset_77_jpg/test/real/real_000416.jpg,real,test,0,0.36542677879333496,0,clean,medium
/media/D1/ait_users/staff122/deepfake_project/outputs_deepfake_project/dfdc_subset_77_jpg/test/real/real_000417.jpg,real,test,0,0.3661138713359833,0,clean,medium
/media/D1/ait_users/staff122/deepfake_project/outputs_deepfake_project/dfdc_subset_77_jpg/test/real/real_000418.jpg,real,test,0,0.2651444971561432,0,clean,medium
/media/D1/ait_users/staff122/deepfake_project/outputs_deepfake_project/dfdc_subset_77_jpg/test/real/real_000419.jpg,real,test,0,0.22651992738246918,0,clean,medium
/media/D1/ait_users/staff122/deepfake_project/outputs_deepfake_project/dfdc_subset_77_jpg/test/real/real_000420.jpg,real,test,0,0.28227952122688293,0,clean,medium
/media/D1/ait_users/staff122/deepfake_project/outputs_deepfake_project/dfdc_subset_77_jpg/test/real/real_000421.jpg,real,test,0,0.3900185823440552,0,clean,medium
/media/D1/ait_users/staff122/deepfake_project/outputs_deepfake_project/dfdc_subset_77_jpg/test/real/real_000422.jpg,real,test,0,0.07156597822904587,0,clean,medium
/media/D1/ait_users/staff122/deepfake_project/outputs_deepfake_project/dfdc_subset_77_jpg/test/real/real_000423.jpg,real,test,0,0.05195461958646774,0,clean,medium
/media/D1/ait_users/staff122/deepfake_project/outputs_deepfake_project/dfdc_subset_77_jpg/test/real/real_000424.jpg,real,test,0,0.3721123933792114,0,clean,medium
/media/D1/ait_users/staff122/deepfake_project/outputs_deepfake_project/dfdc_subset_77_jpg/test/real/real_000425.jpg,real,test,0,0.36211907863616943,0,clean,medium
/media/D1/ait_users/staff122/deepfake_project/outputs_deepfake_project/dfdc_subset_77_jpg/test/real/real_000426.jpg,real,test,0,0.2778024673461914,0,clean,medium
/media/D1/ait_users/staff122/deepfake_project/outputs_deepfake_project/dfdc_subset_77_jpg/test/real/real_000427.jpg,real,test,0,0.1807532012462616,0,clean,medium
/media/D1/ait_users/staff122/deepfake_project/outputs_deepfake_project/dfdc_subset_77_jpg/test/real/real_000428.jpg,real,test,0,0.3729601204395294,0,clean,medium
/media/D1/ait_users/staff122/deepfake_project/outputs_deepfake_project/dfdc_subset_77_jpg/test/real/real_000429.jpg,real,test,0,0.08364991098642349,0,clean,medium
/media/D1/ait_users/staff122/deepfake_project/outputs_deepfake_project/dfdc_subset_77_jpg/test/real/real_000430.jpg,real,test,0,0.2080761343240738,0,clean,medium
/media/D1/ait_users/staff122/deepfake_project/outputs_deepfake_project/dfdc_subset_77_jpg/test/real/real_000431.jpg,real,test,0,0.05306828022003174,0,clean,medium
/media/D1/ait_users/staff122/deepfake_project/outputs_deepfake_project/dfdc_subset_77_jpg/test/real/real_000432.jpg,real,test,0,0.22048699855804443,0,clean,medium
/media/D1/ait_users/staff122/deepfake_project/outputs_deepfake_project/dfdc_subset_77_jpg/test/real/real_000433.jpg,real,test,0,0.1329062134027481,0,clean,medium
/media/D1/ait_users/staff122/deepfake_project/outputs_deepfake_project/dfdc_subset_77_jpg/test/real/real_000434.jpg,real,test,0,0.09060846269130707,0,clean,medium
/media/D1/ait_users/staff122/deepfake_project/outputs_deepfake_project/dfdc_subset_77_jpg/test/real/real_000435.jpg,real,test,0,0.27647894620895386,0,clean,medium
/media/D1/ait_users/staff122/deepfake_project/outputs_deepfake_project/dfdc_subset_77_jpg/test/real/real_000436.jpg,real,test,0,0.14395716786384583,0,clean,medium
/media/D1/ait_users/staff122/deepfake_project/outputs_deepfake_project/dfdc_subset_77_jpg/test/real/real_000437.jpg,real,test,0,0.3407679796218872,0,clean,medium
/media/D1/ait_users/staff122/deepfake_project/outputs_deepfake_project/dfdc_subset_77_jpg/test/real/real_000438.jpg,real,test,0,0.2739819884300232,0,clean,medium
/media/D1/ait_users/staff122/deepfake_project/outputs_deepfake_project/dfdc_subset_77_jpg/test/real/real_000439.jpg,real,test,0,0.28405606746673584,0,clean,medium
/media/D1/ait_users/staff122/deepfake_project/outputs_deepfake_project/dfdc_subset_77_jpg/test/real/real_000440.jpg,real,test,0,0.19254831969738007,0,clean,medium
/media/D1/ait_users/staff122/deepfake_project/outputs_deepfake_project/dfdc_subset_77_jpg/test/real/real_000441.jpg,real,test,0,0.08079876005649567,0,clean,medium
/media/D1/ait_users/staff122/deepfake_project/outputs_deepfake_project/dfdc_subset_77_jpg/test/real/real_000442.jpg,real,test,0,0.19396409392356873,0,clean,medium
/media/D1/ait_users/staff122/deepfake_project/outputs_deepfake_project/dfdc_subset_77_jpg/test/real/real_000443.jpg,real,test,0,0.1942666471004486,0,clean,medium
/media/D1/ait_users/staff122/deepfake_project/outputs_deepfake_project/dfdc_subset_77_jpg/test/real/real_000444.jpg,real,test,0,0.22879956662654877,0,clean,medium
/media/D1/ait_users/staff122/deepfake_project/outputs_deepfake_project/dfdc_subset_77_jpg/test/real/real_000445.jpg,real,test,0,0.3182453215122223,0,clean,medium
/media/D1/ait_users/staff122/deepfake_project/outputs_deepfake_project/dfdc_subset_77_jpg/test/real/real_000446.jpg,real,test,0,0.25649431347846985,0,clean,medium
/media/D1/ait_users/staff122/deepfake_project/outputs_deepfake_project/dfdc_subset_77_jpg/test/real/real_000447.jpg,real,test,0,0.052903998643159866,0,clean,medium
/media/D1/ait_users/staff122/deepfake_project/outputs_deepfake_project/dfdc_subset_77_jpg/test/real/real_000448.jpg,real,test,0,0.12079575657844543,0,clean,medium
/media/D1/ait_users/staff122/deepfake_project/outputs_deepfake_project/dfdc_subset_77_jpg/test/real/real_000449.jpg,real,test,0,0.541269838809967,1,clean,medium
/media/D1/ait_users/staff122/deepfake_project/outputs_deepfake_project/dfdc_subset_77_jpg/test/real/real_000450.jpg,real,test,0,0.47035935521125793,0,clean,medium
/media/D1/ait_users/staff122/deepfake_project/outputs_deepfake_project/dfdc_subset_77_jpg/test/real/real_000451.jpg,real,test,0,0.35904383659362793,0,clean,medium
/media/D1/ait_users/staff122/deepfake_project/outputs_deepfake_project/dfdc_subset_77_jpg/test/real/real_000452.jpg,real,test,0,0.6760284900665283,1,clean,medium
/media/D1/ait_users/staff122/deepfake_project/outputs_deepfake_project/dfdc_subset_77_jpg/test/real/real_000453.jpg,real,test,0,0.2727832496166229,0,clean,medium
/media/D1/ait_users/staff122/deepfake_project/outputs_deepfake_project/dfdc_subset_77_jpg/test/real/real_000454.jpg,real,test,0,0.08976113051176071,0,clean,medium
/media/D1/ait_users/staff122/deepfake_project/outputs_deepfake_project/dfdc_subset_77_jpg/test/real/real_000455.jpg,real,test,0,0.09922782331705093,0,clean,medium
/media/D1/ait_users/staff122/deepfake_project/outputs_deepfake_project/dfdc_subset_77_jpg/test/real/real_000456.jpg,real,test,0,0.08250478655099869,0,clean,medium
/media/D1/ait_users/staff122/deepfake_project/outputs_deepfake_project/dfdc_subset_77_jpg/test/real/real_000457.jpg,real,test,0,0.7760173678398132,1,clean,medium
/media/D1/ait_users/staff122/deepfake_project/outputs_deepfake_project/dfdc_subset_77_jpg/test/real/real_000458.jpg,real,test,0,0.3788755536079407,0,clean,medium
/media/D1/ait_users/staff122/deepfake_project/outputs_deepfake_project/dfdc_subset_77_jpg/test/real/real_000459.jpg,real,test,0,0.19319245219230652,0,clean,medium
/media/D1/ait_users/staff122/deepfake_project/outputs_deepfake_project/dfdc_subset_77_jpg/test/real/real_000460.jpg,real,test,0,0.19477272033691406,0,clean,medium
/media/D1/ait_users/staff122/deepfake_project/outputs_deepfake_project/dfdc_subset_77_jpg/test/real/real_000461.jpg,real,test,0,0.196769118309021,0,clean,medium
/media/D1/ait_users/staff122/deepfake_project/outputs_deepfake_project/dfdc_subset_77_jpg/test/real/real_000462.jpg,real,test,0,0.7344479560852051,1,clean,medium
/media/D1/ait_users/staff122/deepfake_project/outputs_deepfake_project/dfdc_subset_77_jpg/test/real/real_000463.jpg,real,test,0,0.8025587201118469,1,clean,medium
/media/D1/ait_users/staff122/deepfake_project/outputs_deepfake_project/dfdc_subset_77_jpg/test/real/real_000464.jpg,real,test,0,0.5672902464866638,1,clean,medium
/media/D1/ait_users/staff122/deepfake_project/outputs_deepfake_project/dfdc_subset_77_jpg/test/real/real_000465.jpg,real,test,0,0.853590726852417,1,clean,medium
/media/D1/ait_users/staff122/deepfake_project/outputs_deepfake_project/dfdc_subset_77_jpg/test/real/real_000466.jpg,real,test,0,0.8641223907470703,1,clean,medium
/media/D1/ait_users/staff122/deepfake_project/outputs_deepfake_project/dfdc_subset_77_jpg/test/real/real_000467.jpg,real,test,0,0.44773387908935547,0,clean,medium
/media/D1/ait_users/staff122/deepfake_project/outputs_deepfake_project/dfdc_subset_77_jpg/test/real/real_000468.jpg,real,test,0,0.0447586253285408,0,clean,medium
/media/D1/ait_users/staff122/deepfake_project/outputs_deepfake_project/dfdc_subset_77_jpg/test/real/real_000469.jpg,real,test,0,0.09989228844642639,0,clean,medium
/media/D1/ait_users/staff122/deepfake_project/outputs_deepfake_project/dfdc_subset_77_jpg/test/real/real_000470.jpg,real,test,0,0.4306500554084778,0,clean,medium
/media/D1/ait_users/staff122/deepfake_project/outputs_deepfake_project/dfdc_subset_77_jpg/test/real/real_000471.jpg,real,test,0,0.2854621708393097,0,clean,medium
/media/D1/ait_users/staff122/deepfake_project/outputs_deepfake_project/dfdc_subset_77_jpg/test/real/real_000472.jpg,real,test,0,0.37768295407295227,0,clean,medium
/media/D1/ait_users/staff122/deepfake_project/outputs_deepfake_project/dfdc_subset_77_jpg/test/real/real_000473.jpg,real,test,0,0.3213973045349121,0,clean,medium
/media/D1/ait_users/staff122/deepfake_project/outputs_deepfake_project/dfdc_subset_77_jpg/test/real/real_000474.jpg,real,test,0,0.2037409394979477,0,clean,medium
/media/D1/ait_users/staff122/deepfake_project/outputs_deepfake_project/dfdc_subset_77_jpg/test/real/real_000475.jpg,real,test,0,0.21966125071048737,0,clean,medium
/media/D1/ait_users/staff122/deepfake_project/outputs_deepfake_project/dfdc_subset_77_jpg/test/real/real_000476.jpg,real,test,0,0.2621731758117676,0,clean,medium
/media/D1/ait_users/staff122/deepfake_project/outputs_deepfake_project/dfdc_subset_77_jpg/test/real/real_000477.jpg,real,test,0,0.08112196624279022,0,clean,medium
/media/D1/ait_users/staff122/deepfake_project/outputs_deepfake_project/dfdc_subset_77_jpg/test/real/real_000478.jpg,real,test,0,0.2611771523952484,0,clean,medium
/media/D1/ait_users/staff122/deepfake_project/outputs_deepfake_project/dfdc_subset_77_jpg/test/real/real_000479.jpg,real,test,0,0.10110357403755188,0,clean,medium
/media/D1/ait_users/staff122/deepfake_project/outputs_deepfake_project/dfdc_subset_77_jpg/test/real/real_000480.jpg,real,test,0,0.09761038422584534,0,clean,medium
/media/D1/ait_users/staff122/deepfake_project/outputs_deepfake_project/dfdc_subset_77_jpg/test/real/real_000481.jpg,real,test,0,0.32161611318588257,0,clean,medium
/media/D1/ait_users/staff122/deepfake_project/outputs_deepfake_project/dfdc_subset_77_jpg/test/real/real_000482.jpg,real,test,0,0.7860055565834045,1,clean,medium
/media/D1/ait_users/staff122/deepfake_project/outputs_deepfake_project/dfdc_subset_77_jpg/test/real/real_000483.jpg,real,test,0,0.22623980045318604,0,clean,medium
/media/D1/ait_users/staff122/deepfake_project/outputs_deepfake_project/dfdc_subset_77_jpg/test/real/real_000484.jpg,real,test,0,0.11199181526899338,0,clean,medium
/media/D1/ait_users/staff122/deepfake_project/outputs_deepfake_project/dfdc_subset_77_jpg/test/real/real_000485.jpg,real,test,0,0.006383758503943682,0,clean,medium
/media/D1/ait_users/staff122/deepfake_project/outputs_deepfake_project/dfdc_subset_77_jpg/test/real/real_000486.jpg,real,test,0,0.006443576887249947,0,clean,medium
/media/D1/ait_users/staff122/deepfake_project/outputs_deepfake_project/dfdc_subset_77_jpg/test/real/real_000487.jpg,real,test,0,0.005042226519435644,0,clean,medium
/media/D1/ait_users/staff122/deepfake_project/outputs_deepfake_project/dfdc_subset_77_jpg/test/real/real_000488.jpg,real,test,0,0.0032678840216249228,0,clean,medium
/media/D1/ait_users/staff122/deepfake_project/outputs_deepfake_project/dfdc_subset_77_jpg/test/real/real_000489.jpg,real,test,0,0.0012014837702736259,0,clean,medium
/media/D1/ait_users/staff122/deepfake_project/outputs_deepfake_project/dfdc_subset_77_jpg/test/real/real_000490.jpg,real,test,0,0.0016157112549990416,0,clean,medium
/media/D1/ait_users/staff122/deepfake_project/outputs_deepfake_project/dfdc_subset_77_jpg/test/real/real_000491.jpg,real,test,0,0.001231665606610477,0,clean,medium
/media/D1/ait_users/staff122/deepfake_project/outputs_deepfake_project/dfdc_subset_77_jpg/test/real/real_000492.jpg,real,test,0,0.025510583072900772,0,clean,medium
/media/D1/ait_users/staff122/deepfake_project/outputs_deepfake_project/dfdc_subset_77_jpg/test/real/real_000493.jpg,real,test,0,0.037134550511837006,0,clean,medium
/media/D1/ait_users/staff122/deepfake_project/outputs_deepfake_project/dfdc_subset_77_jpg/test/real/real_000494.jpg,real,test,0,0.09349682927131653,0,clean,medium
/media/D1/ait_users/staff122/deepfake_project/outputs_deepfake_project/dfdc_subset_77_jpg/test/real/real_000495.jpg,real,test,0,0.20542898774147034,0,clean,medium
/media/D1/ait_users/staff122/deepfake_project/outputs_deepfake_project/dfdc_subset_77_jpg/test/real/real_000496.jpg,real,test,0,0.3398711383342743,0,clean,medium
/media/D1/ait_users/staff122/deepfake_project/outputs_deepfake_project/dfdc_subset_77_jpg/test/real/real_000497.jpg,real,test,0,0.45339348912239075,0,clean,medium
/media/D1/ait_users/staff122/deepfake_project/outputs_deepfake_project/dfdc_subset_77_jpg/test/real/real_000498.jpg,real,test,0,0.21239453554153442,0,clean,medium
/media/D1/ait_users/staff122/deepfake_project/outputs_deepfake_project/dfdc_subset_77_jpg/test/real/real_000499.jpg,real,test,0,0.37867066264152527,0,clean,medium
/media/D1/ait_users/staff122/deepfake_project/outputs_deepfake_project/dfdc_subset_77_jpg/test/real/real_000500.jpg,real,test,0,0.5994030833244324,1,clean,medium
/media/D1/ait_users/staff122/deepfake_project/outputs_deepfake_project/dfdc_subset_77_jpg/test/real/real_000501.jpg,real,test,0,0.0668812021613121,0,clean,medium
/media/D1/ait_users/staff122/deepfake_project/outputs_deepfake_project/dfdc_subset_77_jpg/test/real/real_000502.jpg,real,test,0,0.05668257921934128,0,clean,medium
/media/D1/ait_users/staff122/deepfake_project/outputs_deepfake_project/dfdc_subset_77_jpg/test/real/real_000503.jpg,real,test,0,0.369464635848999,0,clean,medium
/media/D1/ait_users/staff122/deepfake_project/outputs_deepfake_project/dfdc_subset_77_jpg/test/real/real_000504.jpg,real,test,0,0.13449189066886902,0,clean,medium
/media/D1/ait_users/staff122/deepfake_project/outputs_deepfake_project/dfdc_subset_77_jpg/test/real/real_000505.jpg,real,test,0,0.05139409378170967,0,clean,medium
/media/D1/ait_users/staff122/deepfake_project/outputs_deepfake_project/dfdc_subset_77_jpg/test/real/real_000506.jpg,real,test,0,0.10736671835184097,0,clean,medium
/media/D1/ait_users/staff122/deepfake_project/outputs_deepfake_project/dfdc_subset_77_jpg/test/real/real_000507.jpg,real,test,0,0.021582139655947685,0,clean,medium
/media/D1/ait_users/staff122/deepfake_project/outputs_deepfake_project/dfdc_subset_77_jpg/test/real/real_000508.jpg,real,test,0,0.0911000594496727,0,clean,medium
/media/D1/ait_users/staff122/deepfake_project/outputs_deepfake_project/dfdc_subset_77_jpg/test/real/real_000509.jpg,real,test,0,0.0762249007821083,0,clean,medium
/media/D1/ait_users/staff122/deepfake_project/outputs_deepfake_project/dfdc_subset_77_jpg/test/real/real_000510.jpg,real,test,0,0.05510929226875305,0,clean,medium
/media/D1/ait_users/staff122/deepfake_project/outputs_deepfake_project/dfdc_subset_77_jpg/test/real/real_000511.jpg,real,test,0,0.020209142938256264,0,clean,medium
/media/D1/ait_users/staff122/deepfake_project/outputs_deepfake_project/dfdc_subset_77_jpg/test/real/real_000512.jpg,real,test,0,0.10111471265554428,0,clean,medium
/media/D1/ait_users/staff122/deepfake_project/outputs_deepfake_project/dfdc_subset_77_jpg/test/real/real_000513.jpg,real,test,0,0.14196482300758362,0,clean,medium
/media/D1/ait_users/staff122/deepfake_project/outputs_deepfake_project/dfdc_subset_77_jpg/test/real/real_000514.jpg,real,test,0,0.626484751701355,1,clean,medium
/media/D1/ait_users/staff122/deepfake_project/outputs_deepfake_project/dfdc_subset_77_jpg/test/real/real_000515.jpg,real,test,0,0.42478448152542114,0,clean,medium
/media/D1/ait_users/staff122/deepfake_project/outputs_deepfake_project/dfdc_subset_77_jpg/test/real/real_000516.jpg,real,test,0,0.5560076832771301,1,clean,medium
/media/D1/ait_users/staff122/deepfake_project/outputs_deepfake_project/dfdc_subset_77_jpg/test/real/real_000517.jpg,real,test,0,0.48868680000305176,0,clean,medium
/media/D1/ait_users/staff122/deepfake_project/outputs_deepfake_project/dfdc_subset_77_jpg/test/real/real_000518.jpg,real,test,0,0.5407982468605042,1,clean,medium
/media/D1/ait_users/staff122/deepfake_project/outputs_deepfake_project/dfdc_subset_77_jpg/test/real/real_000519.jpg,real,test,0,0.29302978515625,0,clean,medium
/media/D1/ait_users/staff122/deepfake_project/outputs_deepfake_project/dfdc_subset_77_jpg/test/real/real_000520.jpg,real,test,0,0.6568043828010559,1,clean,medium
/media/D1/ait_users/staff122/deepfake_project/outputs_deepfake_project/dfdc_subset_77_jpg/test/real/real_000521.jpg,real,test,0,0.16614383459091187,0,clean,medium
/media/D1/ait_users/staff122/deepfake_project/outputs_deepfake_project/dfdc_subset_77_jpg/test/real/real_000522.jpg,real,test,0,0.8046517372131348,1,clean,medium
/media/D1/ait_users/staff122/deepfake_project/outputs_deepfake_project/dfdc_subset_77_jpg/test/real/real_000523.jpg,real,test,0,0.7826146483421326,1,clean,medium
/media/D1/ait_users/staff122/deepfake_project/outputs_deepfake_project/dfdc_subset_77_jpg/test/real/real_000524.jpg,real,test,0,0.43721768260002136,0,clean,medium
/media/D1/ait_users/staff122/deepfake_project/outputs_deepfake_project/dfdc_subset_77_jpg/test/real/real_000525.jpg,real,test,0,0.22482040524482727,0,clean,medium
/media/D1/ait_users/staff122/deepfake_project/outputs_deepfake_project/dfdc_subset_77_jpg/test/real/real_000526.jpg,real,test,0,0.11538717895746231,0,clean,medium
/media/D1/ait_users/staff122/deepfake_project/outputs_deepfake_project/dfdc_subset_77_jpg/test/real/real_000527.jpg,real,test,0,0.4576006829738617,0,clean,medium
/media/D1/ait_users/staff122/deepfake_project/outputs_deepfake_project/dfdc_subset_77_jpg/test/real/real_000528.jpg,real,test,0,0.1220584586262703,0,clean,medium
/media/D1/ait_users/staff122/deepfake_project/outputs_deepfake_project/dfdc_subset_77_jpg/test/real/real_000529.jpg,real,test,0,0.17976947128772736,0,clean,medium
/media/D1/ait_users/staff122/deepfake_project/outputs_deepfake_project/dfdc_subset_77_jpg/test/real/real_000530.jpg,real,test,0,0.17889147996902466,0,clean,medium
/media/D1/ait_users/staff122/deepfake_project/outputs_deepfake_project/dfdc_subset_77_jpg/test/real/real_000531.jpg,real,test,0,0.26049360632896423,0,clean,medium
/media/D1/ait_users/staff122/deepfake_project/outputs_deepfake_project/dfdc_subset_77_jpg/test/real/real_000532.jpg,real,test,0,0.4450789988040924,0,clean,medium
/media/D1/ait_users/staff122/deepfake_project/outputs_deepfake_project/dfdc_subset_77_jpg/test/real/real_000533.jpg,real,test,0,0.15558119118213654,0,clean,medium
/media/D1/ait_users/staff122/deepfake_project/outputs_deepfake_project/dfdc_subset_77_jpg/test/real/real_000534.jpg,real,test,0,0.22195163369178772,0,clean,medium
/media/D1/ait_users/staff122/deepfake_project/outputs_deepfake_project/dfdc_subset_77_jpg/test/real/real_000535.jpg,real,test,0,0.39868804812431335,0,clean,medium
/media/D1/ait_users/staff122/deepfake_project/outputs_deepfake_project/dfdc_subset_77_jpg/test/real/real_000536.jpg,real,test,0,0.3574230372905731,0,clean,medium
/media/D1/ait_users/staff122/deepfake_project/outputs_deepfake_project/dfdc_subset_77_jpg/test/real/real_000537.jpg,real,test,0,0.06112338602542877,0,clean,medium
/media/D1/ait_users/staff122/deepfake_project/outputs_deepfake_project/dfdc_subset_77_jpg/test/real/real_000538.jpg,real,test,0,0.5400329232215881,1,clean,medium
/media/D1/ait_users/staff122/deepfake_project/outputs_deepfake_project/dfdc_subset_77_jpg/test/real/real_000539.jpg,real,test,0,0.17148515582084656,0,clean,medium
/media/D1/ait_users/staff122/deepfake_project/outputs_deepfake_project/dfdc_subset_77_jpg/test/real/real_000540.jpg,real,test,0,0.22916516661643982,0,clean,medium
/media/D1/ait_users/staff122/deepfake_project/outputs_deepfake_project/dfdc_subset_77_jpg/test/real/real_000541.jpg,real,test,0,0.4442654550075531,0,clean,medium
/media/D1/ait_users/staff122/deepfake_project/outputs_deepfake_project/dfdc_subset_77_jpg/test/real/real_000542.jpg,real,test,0,0.14556589722633362,0,clean,medium
/media/D1/ait_users/staff122/deepfake_project/outputs_deepfake_project/dfdc_subset_77_jpg/test/real/real_000543.jpg,real,test,0,0.23062777519226074,0,clean,medium
/media/D1/ait_users/staff122/deepfake_project/outputs_deepfake_project/dfdc_subset_77_jpg/test/real/real_000544.jpg,real,test,0,0.2995835244655609,0,clean,medium
/media/D1/ait_users/staff122/deepfake_project/outputs_deepfake_project/dfdc_subset_77_jpg/test/real/real_000545.jpg,real,test,0,0.009956469759345055,0,clean,medium
/media/D1/ait_users/staff122/deepfake_project/outputs_deepfake_project/dfdc_subset_77_jpg/test/real/real_000546.jpg,real,test,0,0.057355042546987534,0,clean,medium
/media/D1/ait_users/staff122/deepfake_project/outputs_deepfake_project/dfdc_subset_77_jpg/test/real/real_000547.jpg,real,test,0,0.005566378589719534,0,clean,medium
/media/D1/ait_users/staff122/deepfake_project/outputs_deepfake_project/dfdc_subset_77_jpg/test/real/real_000548.jpg,real,test,0,0.027371905744075775,0,clean,medium
/media/D1/ait_users/staff122/deepfake_project/outputs_deepfake_project/dfdc_subset_77_jpg/test/real/real_000549.jpg,real,test,0,0.16141967475414276,0,clean,medium
/media/D1/ait_users/staff122/deepfake_project/outputs_deepfake_project/dfdc_subset_77_jpg/test/real/real_000550.jpg,real,test,0,0.060939572751522064,0,clean,medium
/media/D1/ait_users/staff122/deepfake_project/outputs_deepfake_project/dfdc_subset_77_jpg/test/real/real_000551.jpg,real,test,0,0.024266034364700317,0,clean,medium
/media/D1/ait_users/staff122/deepfake_project/outputs_deepfake_project/dfdc_subset_77_jpg/test/real/real_000552.jpg,real,test,0,0.01940229721367359,0,clean,medium
/media/D1/ait_users/staff122/deepfake_project/outputs_deepfake_project/dfdc_subset_77_jpg/test/real/real_000553.jpg,real,test,0,0.03079277090728283,0,clean,medium
/media/D1/ait_users/staff122/deepfake_project/outputs_deepfake_project/dfdc_subset_77_jpg/test/real/real_000554.jpg,real,test,0,0.050253015011548996,0,clean,medium
/media/D1/ait_users/staff122/deepfake_project/outputs_deepfake_project/dfdc_subset_77_jpg/test/real/real_000555.jpg,real,test,0,0.023783685639500618,0,clean,medium
/media/D1/ait_users/staff122/deepfake_project/outputs_deepfake_project/dfdc_subset_77_jpg/test/real/real_000556.jpg,real,test,0,0.016934826970100403,0,clean,medium
/media/D1/ait_users/staff122/deepfake_project/outputs_deepfake_project/dfdc_subset_77_jpg/test/real/real_000557.jpg,real,test,0,0.03614358231425285,0,clean,medium
/media/D1/ait_users/staff122/deepfake_project/outputs_deepfake_project/dfdc_subset_77_jpg/test/real/real_000558.jpg,real,test,0,0.0915096178650856,0,clean,medium
/media/D1/ait_users/staff122/deepfake_project/outputs_deepfake_project/dfdc_subset_77_jpg/test/real/real_000559.jpg,real,test,0,0.010842003859579563,0,clean,medium
/media/D1/ait_users/staff122/deepfake_project/outputs_deepfake_project/dfdc_subset_77_jpg/test/real/real_000560.jpg,real,test,0,0.043915629386901855,0,clean,medium
/media/D1/ait_users/staff122/deepfake_project/outputs_deepfake_project/dfdc_subset_77_jpg/test/real/real_000561.jpg,real,test,0,0.017660215497016907,0,clean,medium
/media/D1/ait_users/staff122/deepfake_project/outputs_deepfake_project/dfdc_subset_77_jpg/test/real/real_000562.jpg,real,test,0,0.06719639152288437,0,clean,medium
/media/D1/ait_users/staff122/deepfake_project/outputs_deepfake_project/dfdc_subset_77_jpg/test/real/real_000563.jpg,real,test,0,0.11111343652009964,0,clean,medium
/media/D1/ait_users/staff122/deepfake_project/outputs_deepfake_project/dfdc_subset_77_jpg/test/real/real_000564.jpg,real,test,0,0.17055745422840118,0,clean,medium
/media/D1/ait_users/staff122/deepfake_project/outputs_deepfake_project/dfdc_subset_77_jpg/test/real/real_000565.jpg,real,test,0,0.08468398451805115,0,clean,medium
/media/D1/ait_users/staff122/deepfake_project/outputs_deepfake_project/dfdc_subset_77_jpg/test/real/real_000566.jpg,real,test,0,0.07044355571269989,0,clean,medium
/media/D1/ait_users/staff122/deepfake_project/outputs_deepfake_project/dfdc_subset_77_jpg/test/real/real_000567.jpg,real,test,0,0.17043770849704742,0,clean,medium
/media/D1/ait_users/staff122/deepfake_project/outputs_deepfake_project/dfdc_subset_77_jpg/test/real/real_000568.jpg,real,test,0,0.23190398514270782,0,clean,medium
/media/D1/ait_users/staff122/deepfake_project/outputs_deepfake_project/dfdc_subset_77_jpg/test/real/real_000569.jpg,real,test,0,0.1088348850607872,0,clean,medium
/media/D1/ait_users/staff122/deepfake_project/outputs_deepfake_project/dfdc_subset_77_jpg/test/real/real_000570.jpg,real,test,0,0.06840463727712631,0,clean,medium
/media/D1/ait_users/staff122/deepfake_project/outputs_deepfake_project/dfdc_subset_77_jpg/test/real/real_000571.jpg,real,test,0,0.031177250668406487,0,clean,medium
/media/D1/ait_users/staff122/deepfake_project/outputs_deepfake_project/dfdc_subset_77_jpg/test/real/real_000572.jpg,real,test,0,0.03267174959182739,0,clean,medium
/media/D1/ait_users/staff122/deepfake_project/outputs_deepfake_project/dfdc_subset_77_jpg/test/real/real_000573.jpg,real,test,0,0.06517888605594635,0,clean,medium
/media/D1/ait_users/staff122/deepfake_project/outputs_deepfake_project/dfdc_subset_77_jpg/test/real/real_000574.jpg,real,test,0,0.07034382224082947,0,clean,medium
/media/D1/ait_users/staff122/deepfake_project/outputs_deepfake_project/dfdc_subset_77_jpg/test/real/real_000575.jpg,real,test,0,0.028801828622817993,0,clean,medium
/media/D1/ait_users/staff122/deepfake_project/outputs_deepfake_project/dfdc_subset_77_jpg/test/real/real_000576.jpg,real,test,0,0.2592846155166626,0,clean,medium
/media/D1/ait_users/staff122/deepfake_project/outputs_deepfake_project/dfdc_subset_77_jpg/test/real/real_000577.jpg,real,test,0,0.23845475912094116,0,clean,medium
/media/D1/ait_users/staff122/deepfake_project/outputs_deepfake_project/dfdc_subset_77_jpg/test/real/real_000578.jpg,real,test,0,0.8736703395843506,1,clean,medium
/media/D1/ait_users/staff122/deepfake_project/outputs_deepfake_project/dfdc_subset_77_jpg/test/real/real_000579.jpg,real,test,0,0.88573157787323,1,clean,medium
/media/D1/ait_users/staff122/deepfake_project/outputs_deepfake_project/dfdc_subset_77_jpg/test/real/real_000580.jpg,real,test,0,0.44273942708969116,0,clean,medium
/media/D1/ait_users/staff122/deepfake_project/outputs_deepfake_project/dfdc_subset_77_jpg/test/real/real_000581.jpg,real,test,0,0.594273567199707,1,clean,medium
/media/D1/ait_users/staff122/deepfake_project/outputs_deepfake_project/dfdc_subset_77_jpg/test/real/real_000582.jpg,real,test,0,0.9251191020011902,1,clean,medium
/media/D1/ait_users/staff122/deepfake_project/outputs_deepfake_project/dfdc_subset_77_jpg/test/real/real_000583.jpg,real,test,0,0.11906882375478745,0,clean,medium
/media/D1/ait_users/staff122/deepfake_project/outputs_deepfake_project/dfdc_subset_77_jpg/test/real/real_000584.jpg,real,test,0,0.3187324106693268,0,clean,medium
/media/D1/ait_users/staff122/deepfake_project/outputs_deepfake_project/dfdc_subset_77_jpg/test/real/real_000585.jpg,real,test,0,0.0710463598370552,0,clean,medium
/media/D1/ait_users/staff122/deepfake_project/outputs_deepfake_project/dfdc_subset_77_jpg/test/real/real_000586.jpg,real,test,0,0.062411338090896606,0,clean,medium
/media/D1/ait_users/staff122/deepfake_project/outputs_deepfake_project/dfdc_subset_77_jpg/test/real/real_000587.jpg,real,test,0,0.1092267706990242,0,clean,medium
/media/D1/ait_users/staff122/deepfake_project/outputs_deepfake_project/dfdc_subset_77_jpg/test/real/real_000588.jpg,real,test,0,0.9076089859008789,1,clean,medium
/media/D1/ait_users/staff122/deepfake_project/outputs_deepfake_project/dfdc_subset_77_jpg/test/real/real_000589.jpg,real,test,0,0.16687020659446716,0,clean,medium
/media/D1/ait_users/staff122/deepfake_project/outputs_deepfake_project/dfdc_subset_77_jpg/test/real/real_000590.jpg,real,test,0,0.08976409584283829,0,clean,medium
/media/D1/ait_users/staff122/deepfake_project/outputs_deepfake_project/dfdc_subset_77_jpg/test/real/real_000591.jpg,real,test,0,0.9024845957756042,1,clean,medium
/media/D1/ait_users/staff122/deepfake_project/outputs_deepfake_project/dfdc_subset_77_jpg/test/real/real_000592.jpg,real,test,0,0.918867826461792,1,clean,medium
/media/D1/ait_users/staff122/deepfake_project/outputs_deepfake_project/dfdc_subset_77_jpg/test/real/real_000593.jpg,real,test,0,0.06981300562620163,0,clean,medium
/media/D1/ait_users/staff122/deepfake_project/outputs_deepfake_project/dfdc_subset_77_jpg/test/real/real_000594.jpg,real,test,0,0.8646121621131897,1,clean,medium
/media/D1/ait_users/staff122/deepfake_project/outputs_deepfake_project/dfdc_subset_77_jpg/test/real/real_000595.jpg,real,test,0,0.19617652893066406,0,clean,medium
/media/D1/ait_users/staff122/deepfake_project/outputs_deepfake_project/dfdc_subset_77_jpg/test/real/real_000596.jpg,real,test,0,0.8942777514457703,1,clean,medium
/media/D1/ait_users/staff122/deepfake_project/outputs_deepfake_project/dfdc_subset_77_jpg/test/real/real_000597.jpg,real,test,0,0.8262100219726562,1,clean,medium
/media/D1/ait_users/staff122/deepfake_project/outputs_deepfake_project/dfdc_subset_77_jpg/test/real/real_000598.jpg,real,test,0,0.15249508619308472,0,clean,medium
/media/D1/ait_users/staff122/deepfake_project/outputs_deepfake_project/dfdc_subset_77_jpg/test/real/real_000599.jpg,real,test,0,0.8822023272514343,1,clean,medium
/media/D1/ait_users/staff122/deepfake_project/outputs_deepfake_project/dfdc_subset_77_jpg/test/real/real_000600.jpg,real,test,0,0.12886549532413483,0,clean,medium
/media/D1/ait_users/staff122/deepfake_project/outputs_deepfake_project/dfdc_subset_77_jpg/test/real/real_000601.jpg,real,test,0,0.9193623661994934,1,clean,medium
/media/D1/ait_users/staff122/deepfake_project/outputs_deepfake_project/dfdc_subset_77_jpg/test/real/real_000602.jpg,real,test,0,0.5271739959716797,1,clean,medium
/media/D1/ait_users/staff122/deepfake_project/outputs_deepfake_project/dfdc_subset_77_jpg/test/real/real_000603.jpg,real,test,0,0.41347286105155945,0,clean,medium
/media/D1/ait_users/staff122/deepfake_project/outputs_deepfake_project/dfdc_subset_77_jpg/test/real/real_000604.jpg,real,test,0,0.47877100110054016,0,clean,medium
/media/D1/ait_users/staff122/deepfake_project/outputs_deepfake_project/dfdc_subset_77_jpg/test/real/real_000605.jpg,real,test,0,0.897197961807251,1,clean,medium
/media/D1/ait_users/staff122/deepfake_project/outputs_deepfake_project/dfdc_subset_77_jpg/test/real/real_000606.jpg,real,test,0,0.8551055192947388,1,clean,medium
/media/D1/ait_users/staff122/deepfake_project/outputs_deepfake_project/dfdc_subset_77_jpg/test/real/real_000607.jpg,real,test,0,0.46054506301879883,0,clean,medium
/media/D1/ait_users/staff122/deepfake_project/outputs_deepfake_project/dfdc_subset_77_jpg/test/real/real_000608.jpg,real,test,0,0.30779263377189636,0,clean,medium
/media/D1/ait_users/staff122/deepfake_project/outputs_deepfake_project/dfdc_subset_77_jpg/test/real/real_000609.jpg,real,test,0,0.3681007921695709,0,clean,medium
/media/D1/ait_users/staff122/deepfake_project/outputs_deepfake_project/dfdc_subset_77_jpg/test/real/real_000610.jpg,real,test,0,0.3013628125190735,0,clean,medium
/media/D1/ait_users/staff122/deepfake_project/outputs_deepfake_project/dfdc_subset_77_jpg/test/real/real_000611.jpg,real,test,0,0.2819112539291382,0,clean,medium
/media/D1/ait_users/staff122/deepfake_project/outputs_deepfake_project/dfdc_subset_77_jpg/test/real/real_000612.jpg,real,test,0,0.3524695038795471,0,clean,medium
/media/D1/ait_users/staff122/deepfake_project/outputs_deepfake_project/dfdc_subset_77_jpg/test/real/real_000613.jpg,real,test,0,0.39281517267227173,0,clean,medium
/media/D1/ait_users/staff122/deepfake_project/outputs_deepfake_project/dfdc_subset_77_jpg/test/real/real_000614.jpg,real,test,0,0.39495864510536194,0,clean,medium
/media/D1/ait_users/staff122/deepfake_project/outputs_deepfake_project/dfdc_subset_77_jpg/test/real/real_000615.jpg,real,test,0,0.3934406042098999,0,clean,medium
/media/D1/ait_users/staff122/deepfake_project/outputs_deepfake_project/dfdc_subset_77_jpg/test/real/real_000616.jpg,real,test,0,0.27971145510673523,0,clean,medium
/media/D1/ait_users/staff122/deepfake_project/outputs_deepfake_project/dfdc_subset_77_jpg/test/real/real_000617.jpg,real,test,0,0.2696324586868286,0,clean,medium
/media/D1/ait_users/staff122/deepfake_project/outputs_deepfake_project/dfdc_subset_77_jpg/test/real/real_000618.jpg,real,test,0,0.2218778133392334,0,clean,medium
/media/D1/ait_users/staff122/deepfake_project/outputs_deepfake_project/dfdc_subset_77_jpg/test/real/real_000619.jpg,real,test,0,0.12673170864582062,0,clean,medium
/media/D1/ait_users/staff122/deepfake_project/outputs_deepfake_project/dfdc_subset_77_jpg/test/real/real_000620.jpg,real,test,0,0.6367778182029724,1,clean,medium
/media/D1/ait_users/staff122/deepfake_project/outputs_deepfake_project/dfdc_subset_77_jpg/test/real/real_000621.jpg,real,test,0,0.09374774247407913,0,clean,medium
/media/D1/ait_users/staff122/deepfake_project/outputs_deepfake_project/dfdc_subset_77_jpg/test/real/real_000622.jpg,real,test,0,0.35019204020500183,0,clean,medium
/media/D1/ait_users/staff122/deepfake_project/outputs_deepfake_project/dfdc_subset_77_jpg/test/real/real_000623.jpg,real,test,0,0.12842978537082672,0,clean,medium
/media/D1/ait_users/staff122/deepfake_project/outputs_deepfake_project/dfdc_subset_77_jpg/test/real/real_000624.jpg,real,test,0,0.24307966232299805,0,clean,medium
/media/D1/ait_users/staff122/deepfake_project/outputs_deepfake_project/dfdc_subset_77_jpg/test/real/real_000625.jpg,real,test,0,0.16788065433502197,0,clean,medium
/media/D1/ait_users/staff122/deepfake_project/outputs_deepfake_project/dfdc_subset_77_jpg/test/real/real_000626.jpg,real,test,0,0.09521286934614182,0,clean,medium
/media/D1/ait_users/staff122/deepfake_project/outputs_deepfake_project/dfdc_subset_77_jpg/test/real/real_000627.jpg,real,test,0,0.17629319429397583,0,clean,medium
/media/D1/ait_users/staff122/deepfake_project/outputs_deepfake_project/dfdc_subset_77_jpg/test/real/real_000628.jpg,real,test,0,0.28310322761535645,0,clean,medium
/media/D1/ait_users/staff122/deepfake_project/outputs_deepfake_project/dfdc_subset_77_jpg/test/real/real_000629.jpg,real,test,0,0.18894708156585693,0,clean,medium
/media/D1/ait_users/staff122/deepfake_project/outputs_deepfake_project/dfdc_subset_77_jpg/test/real/real_000630.jpg,real,test,0,0.3815741240978241,0,clean,medium
/media/D1/ait_users/staff122/deepfake_project/outputs_deepfake_project/dfdc_subset_77_jpg/test/real/real_000631.jpg,real,test,0,0.9572526812553406,1,clean,medium
/media/D1/ait_users/staff122/deepfake_project/outputs_deepfake_project/dfdc_subset_77_jpg/test/real/real_000632.jpg,real,test,0,0.2834688127040863,0,clean,medium
/media/D1/ait_users/staff122/deepfake_project/outputs_deepfake_project/dfdc_subset_77_jpg/test/real/real_000633.jpg,real,test,0,0.18494531512260437,0,clean,medium
/media/D1/ait_users/staff122/deepfake_project/outputs_deepfake_project/dfdc_subset_77_jpg/test/real/real_000634.jpg,real,test,0,0.3476239740848541,0,clean,medium
/media/D1/ait_users/staff122/deepfake_project/outputs_deepfake_project/dfdc_subset_77_jpg/test/real/real_000635.jpg,real,test,0,0.21370643377304077,0,clean,medium
/media/D1/ait_users/staff122/deepfake_project/outputs_deepfake_project/dfdc_subset_77_jpg/test/real/real_000636.jpg,real,test,0,0.29691144824028015,0,clean,medium
/media/D1/ait_users/staff122/deepfake_project/outputs_deepfake_project/dfdc_subset_77_jpg/test/real/real_000637.jpg,real,test,0,0.11117420345544815,0,clean,medium
/media/D1/ait_users/staff122/deepfake_project/outputs_deepfake_project/dfdc_subset_77_jpg/test/real/real_000638.jpg,real,test,0,0.4808236360549927,0,clean,medium
/media/D1/ait_users/staff122/deepfake_project/outputs_deepfake_project/dfdc_subset_77_jpg/test/real/real_000639.jpg,real,test,0,0.07246915996074677,0,clean,medium
/media/D1/ait_users/staff122/deepfake_project/outputs_deepfake_project/dfdc_subset_77_jpg/test/real/real_000640.jpg,real,test,0,0.01907970942556858,0,clean,medium
/media/D1/ait_users/staff122/deepfake_project/outputs_deepfake_project/dfdc_subset_77_jpg/test/real/real_000641.jpg,real,test,0,0.07936444878578186,0,clean,medium
/media/D1/ait_users/staff122/deepfake_project/outputs_deepfake_project/dfdc_subset_77_jpg/test/real/real_000642.jpg,real,test,0,0.023522794246673584,0,clean,medium
/media/D1/ait_users/staff122/deepfake_project/outputs_deepfake_project/dfdc_subset_77_jpg/test/real/real_000643.jpg,real,test,0,0.00837536621838808,0,clean,medium
/media/D1/ait_users/staff122/deepfake_project/outputs_deepfake_project/dfdc_subset_77_jpg/test/real/real_000644.jpg,real,test,0,0.03467200696468353,0,clean,medium
/media/D1/ait_users/staff122/deepfake_project/outputs_deepfake_project/dfdc_subset_77_jpg/test/real/real_000645.jpg,real,test,0,0.023392293602228165,0,clean,medium
/media/D1/ait_users/staff122/deepfake_project/outputs_deepfake_project/dfdc_subset_77_jpg/test/real/real_000646.jpg,real,test,0,0.13183651864528656,0,clean,medium
/media/D1/ait_users/staff122/deepfake_project/outputs_deepfake_project/dfdc_subset_77_jpg/test/real/real_000647.jpg,real,test,0,0.003821795806288719,0,clean,medium
/media/D1/ait_users/staff122/deepfake_project/outputs_deepfake_project/dfdc_subset_77_jpg/test/real/real_000648.jpg,real,test,0,0.014757886528968811,0,clean,medium
/media/D1/ait_users/staff122/deepfake_project/outputs_deepfake_project/dfdc_subset_77_jpg/test/real/real_000649.jpg,real,test,0,0.006409998517483473,0,clean,medium
/media/D1/ait_users/staff122/deepfake_project/outputs_deepfake_project/dfdc_subset_77_jpg/test/real/real_000650.jpg,real,test,0,0.013860337436199188,0,clean,medium
/media/D1/ait_users/staff122/deepfake_project/outputs_deepfake_project/dfdc_subset_77_jpg/test/real/real_000651.jpg,real,test,0,0.0066157057881355286,0,clean,medium
/media/D1/ait_users/staff122/deepfake_project/outputs_deepfake_project/dfdc_subset_77_jpg/test/real/real_000652.jpg,real,test,0,0.08974457532167435,0,clean,medium
/media/D1/ait_users/staff122/deepfake_project/outputs_deepfake_project/dfdc_subset_77_jpg/test/real/real_000653.jpg,real,test,0,0.04211850091814995,0,clean,medium
/media/D1/ait_users/staff122/deepfake_project/outputs_deepfake_project/dfdc_subset_77_jpg/test/real/real_000654.jpg,real,test,0,0.04844635725021362,0,clean,medium
/media/D1/ait_users/staff122/deepfake_project/outputs_deepfake_project/dfdc_subset_77_jpg/test/real/real_000655.jpg,real,test,0,0.025029271841049194,0,clean,medium
/media/D1/ait_users/staff122/deepfake_project/outputs_deepfake_project/dfdc_subset_77_jpg/test/real/real_000656.jpg,real,test,0,0.7160632610321045,1,clean,medium
/media/D1/ait_users/staff122/deepfake_project/outputs_deepfake_project/dfdc_subset_77_jpg/test/real/real_000657.jpg,real,test,0,0.42584946751594543,0,clean,medium
/media/D1/ait_users/staff122/deepfake_project/outputs_deepfake_project/dfdc_subset_77_jpg/test/real/real_000658.jpg,real,test,0,0.2766568660736084,0,clean,medium
/media/D1/ait_users/staff122/deepfake_project/outputs_deepfake_project/dfdc_subset_77_jpg/test/real/real_000659.jpg,real,test,0,0.14551642537117004,0,clean,medium
/media/D1/ait_users/staff122/deepfake_project/outputs_deepfake_project/dfdc_subset_77_jpg/test/real/real_000660.jpg,real,test,0,0.030037540942430496,0,clean,medium
/media/D1/ait_users/staff122/deepfake_project/outputs_deepfake_project/dfdc_subset_77_jpg/test/real/real_000661.jpg,real,test,0,0.04290199279785156,0,clean,medium
/media/D1/ait_users/staff122/deepfake_project/outputs_deepfake_project/dfdc_subset_77_jpg/test/real/real_000662.jpg,real,test,0,0.13339032232761383,0,clean,medium
/media/D1/ait_users/staff122/deepfake_project/outputs_deepfake_project/dfdc_subset_77_jpg/test/real/real_000663.jpg,real,test,0,0.05519796535372734,0,clean,medium
/media/D1/ait_users/staff122/deepfake_project/outputs_deepfake_project/dfdc_subset_77_jpg/test/real/real_000664.jpg,real,test,0,0.37253931164741516,0,clean,medium
/media/D1/ait_users/staff122/deepfake_project/outputs_deepfake_project/dfdc_subset_77_jpg/test/real/real_000665.jpg,real,test,0,0.06844976544380188,0,clean,medium
/media/D1/ait_users/staff122/deepfake_project/outputs_deepfake_project/dfdc_subset_77_jpg/test/real/real_000666.jpg,real,test,0,0.037625569850206375,0,clean,medium
/media/D1/ait_users/staff122/deepfake_project/outputs_deepfake_project/dfdc_subset_77_jpg/test/real/real_000667.jpg,real,test,0,0.016539428383111954,0,clean,medium
/media/D1/ait_users/staff122/deepfake_project/outputs_deepfake_project/dfdc_subset_77_jpg/test/real/real_000668.jpg,real,test,0,0.050490982830524445,0,clean,medium
/media/D1/ait_users/staff122/deepfake_project/outputs_deepfake_project/dfdc_subset_77_jpg/test/real/real_000669.jpg,real,test,0,0.20122964680194855,0,clean,medium
/media/D1/ait_users/staff122/deepfake_project/outputs_deepfake_project/dfdc_subset_77_jpg/test/real/real_000670.jpg,real,test,0,0.05740751326084137,0,clean,medium
/media/D1/ait_users/staff122/deepfake_project/outputs_deepfake_project/dfdc_subset_77_jpg/test/real/real_000671.jpg,real,test,0,0.013709025457501411,0,clean,medium
/media/D1/ait_users/staff122/deepfake_project/outputs_deepfake_project/dfdc_subset_77_jpg/test/real/real_000672.jpg,real,test,0,0.2661937475204468,0,clean,medium
/media/D1/ait_users/staff122/deepfake_project/outputs_deepfake_project/dfdc_subset_77_jpg/test/real/real_000673.jpg,real,test,0,0.2535386085510254,0,clean,medium
/media/D1/ait_users/staff122/deepfake_project/outputs_deepfake_project/dfdc_subset_77_jpg/test/real/real_000674.jpg,real,test,0,0.4924258887767792,0,clean,medium
/media/D1/ait_users/staff122/deepfake_project/outputs_deepfake_project/dfdc_subset_77_jpg/test/real/real_000675.jpg,real,test,0,0.46117687225341797,0,clean,medium
/media/D1/ait_users/staff122/deepfake_project/outputs_deepfake_project/dfdc_subset_77_jpg/test/real/real_000676.jpg,real,test,0,0.2411046326160431,0,clean,medium
/media/D1/ait_users/staff122/deepfake_project/outputs_deepfake_project/dfdc_subset_77_jpg/test/real/real_000677.jpg,real,test,0,0.35073351860046387,0,clean,medium
/media/D1/ait_users/staff122/deepfake_project/outputs_deepfake_project/dfdc_subset_77_jpg/test/real/real_000678.jpg,real,test,0,0.09421072155237198,0,clean,medium
/media/D1/ait_users/staff122/deepfake_project/outputs_deepfake_project/dfdc_subset_77_jpg/test/real/real_000679.jpg,real,test,0,0.12445686012506485,0,clean,medium
/media/D1/ait_users/staff122/deepfake_project/outputs_deepfake_project/dfdc_subset_77_jpg/test/real/real_000680.jpg,real,test,0,0.6152957677841187,1,clean,medium
/media/D1/ait_users/staff122/deepfake_project/outputs_deepfake_project/dfdc_subset_77_jpg/test/real/real_000681.jpg,real,test,0,0.2607373595237732,0,clean,medium
/media/D1/ait_users/staff122/deepfake_project/outputs_deepfake_project/dfdc_subset_77_jpg/test/real/real_000682.jpg,real,test,0,0.5313072204589844,1,clean,medium
/media/D1/ait_users/staff122/deepfake_project/outputs_deepfake_project/dfdc_subset_77_jpg/test/real/real_000683.jpg,real,test,0,0.48105207085609436,0,clean,medium
/media/D1/ait_users/staff122/deepfake_project/outputs_deepfake_project/dfdc_subset_77_jpg/test/real/real_000684.jpg,real,test,0,0.32167232036590576,0,clean,medium
/media/D1/ait_users/staff122/deepfake_project/outputs_deepfake_project/dfdc_subset_77_jpg/test/real/real_000685.jpg,real,test,0,0.7644670009613037,1,clean,medium
/media/D1/ait_users/staff122/deepfake_project/outputs_deepfake_project/dfdc_subset_77_jpg/test/real/real_000686.jpg,real,test,0,0.17801085114479065,0,clean,medium
/media/D1/ait_users/staff122/deepfake_project/outputs_deepfake_project/dfdc_subset_77_jpg/test/real/real_000687.jpg,real,test,0,0.5798108577728271,1,clean,medium
/media/D1/ait_users/staff122/deepfake_project/outputs_deepfake_project/dfdc_subset_77_jpg/test/real/real_000688.jpg,real,test,0,0.22181092202663422,0,clean,medium
/media/D1/ait_users/staff122/deepfake_project/outputs_deepfake_project/dfdc_subset_77_jpg/test/real/real_000689.jpg,real,test,0,0.2000926285982132,0,clean,medium
/media/D1/ait_users/staff122/deepfake_project/outputs_deepfake_project/dfdc_subset_77_jpg/test/real/real_000690.jpg,real,test,0,0.2780759632587433,0,clean,medium
/media/D1/ait_users/staff122/deepfake_project/outputs_deepfake_project/dfdc_subset_77_jpg/test/real/real_000691.jpg,real,test,0,0.26985394954681396,0,clean,medium
/media/D1/ait_users/staff122/deepfake_project/outputs_deepfake_project/dfdc_subset_77_jpg/test/real/real_000692.jpg,real,test,0,0.047649674117565155,0,clean,medium
/media/D1/ait_users/staff122/deepfake_project/outputs_deepfake_project/dfdc_subset_77_jpg/test/real/real_000693.jpg,real,test,0,0.046048421412706375,0,clean,medium
/media/D1/ait_users/staff122/deepfake_project/outputs_deepfake_project/dfdc_subset_77_jpg/test/real/real_000694.jpg,real,test,0,0.1743461936712265,0,clean,medium
/media/D1/ait_users/staff122/deepfake_project/outputs_deepfake_project/dfdc_subset_77_jpg/test/real/real_000695.jpg,real,test,0,0.056367456912994385,0,clean,medium
/media/D1/ait_users/staff122/deepfake_project/outputs_deepfake_project/dfdc_subset_77_jpg/test/real/real_000696.jpg,real,test,0,0.38625258207321167,0,clean,medium
/media/D1/ait_users/staff122/deepfake_project/outputs_deepfake_project/dfdc_subset_77_jpg/test/real/real_000697.jpg,real,test,0,0.42598584294319153,0,clean,medium
/media/D1/ait_users/staff122/deepfake_project/outputs_deepfake_project/dfdc_subset_77_jpg/test/real/real_000698.jpg,real,test,0,0.4777204394340515,0,clean,medium
/media/D1/ait_users/staff122/deepfake_project/outputs_deepfake_project/dfdc_subset_77_jpg/test/real/real_000699.jpg,real,test,0,0.11505167186260223,0,clean,medium
/media/D1/ait_users/staff122/deepfake_project/outputs_deepfake_project/dfdc_subset_77_jpg/test/real/real_000700.jpg,real,test,0,0.03966814652085304,0,clean,medium
/media/D1/ait_users/staff122/deepfake_project/outputs_deepfake_project/dfdc_subset_77_jpg/test/real/real_000701.jpg,real,test,0,0.3151475489139557,0,clean,medium
/media/D1/ait_users/staff122/deepfake_project/outputs_deepfake_project/dfdc_subset_77_jpg/test/real/real_000702.jpg,real,test,0,0.18411268293857574,0,clean,medium
/media/D1/ait_users/staff122/deepfake_project/outputs_deepfake_project/dfdc_subset_77_jpg/test/real/real_000703.jpg,real,test,0,0.02788621000945568,0,clean,medium
/media/D1/ait_users/staff122/deepfake_project/outputs_deepfake_project/dfdc_subset_77_jpg/test/real/real_000704.jpg,real,test,0,0.6149982213973999,1,clean,medium
/media/D1/ait_users/staff122/deepfake_project/outputs_deepfake_project/dfdc_subset_77_jpg/test/real/real_000705.jpg,real,test,0,0.3824600279331207,0,clean,medium
/media/D1/ait_users/staff122/deepfake_project/outputs_deepfake_project/dfdc_subset_77_jpg/test/real/real_000706.jpg,real,test,0,0.15574391186237335,0,clean,medium
/media/D1/ait_users/staff122/deepfake_project/outputs_deepfake_project/dfdc_subset_77_jpg/test/real/real_000707.jpg,real,test,0,0.14945900440216064,0,clean,medium
/media/D1/ait_users/staff122/deepfake_project/outputs_deepfake_project/dfdc_subset_77_jpg/test/real/real_000708.jpg,real,test,0,0.6734301447868347,1,clean,medium
/media/D1/ait_users/staff122/deepfake_project/outputs_deepfake_project/dfdc_subset_77_jpg/test/real/real_000709.jpg,real,test,0,0.2048484981060028,0,clean,medium
/media/D1/ait_users/staff122/deepfake_project/outputs_deepfake_project/dfdc_subset_77_jpg/test/real/real_000710.jpg,real,test,0,0.5841014385223389,1,clean,medium
/media/D1/ait_users/staff122/deepfake_project/outputs_deepfake_project/dfdc_subset_77_jpg/test/real/real_000711.jpg,real,test,0,0.5473456978797913,1,clean,medium
/media/D1/ait_users/staff122/deepfake_project/outputs_deepfake_project/dfdc_subset_77_jpg/test/real/real_000712.jpg,real,test,0,0.250121533870697,0,clean,medium
/media/D1/ait_users/staff122/deepfake_project/outputs_deepfake_project/dfdc_subset_77_jpg/test/real/real_000713.jpg,real,test,0,0.20077906548976898,0,clean,medium
/media/D1/ait_users/staff122/deepfake_project/outputs_deepfake_project/dfdc_subset_77_jpg/test/real/real_000714.jpg,real,test,0,0.18438832461833954,0,clean,medium
/media/D1/ait_users/staff122/deepfake_project/outputs_deepfake_project/dfdc_subset_77_jpg/test/real/real_000715.jpg,real,test,0,0.6349993348121643,1,clean,medium
/media/D1/ait_users/staff122/deepfake_project/outputs_deepfake_project/dfdc_subset_77_jpg/test/real/real_000716.jpg,real,test,0,0.17925070226192474,0,clean,medium
/media/D1/ait_users/staff122/deepfake_project/outputs_deepfake_project/dfdc_subset_77_jpg/test/real/real_000717.jpg,real,test,0,0.3709368407726288,0,clean,medium
/media/D1/ait_users/staff122/deepfake_project/outputs_deepfake_project/dfdc_subset_77_jpg/test/real/real_000718.jpg,real,test,0,0.19600658118724823,0,clean,medium
/media/D1/ait_users/staff122/deepfake_project/outputs_deepfake_project/dfdc_subset_77_jpg/test/real/real_000719.jpg,real,test,0,0.07092292606830597,0,clean,medium
/media/D1/ait_users/staff122/deepfake_project/outputs_deepfake_project/dfdc_subset_77_jpg/test/real/real_000720.jpg,real,test,0,0.07819701731204987,0,clean,medium
/media/D1/ait_users/staff122/deepfake_project/outputs_deepfake_project/dfdc_subset_77_jpg/test/real/real_000721.jpg,real,test,0,0.10106495767831802,0,clean,medium
/media/D1/ait_users/staff122/deepfake_project/outputs_deepfake_project/dfdc_subset_77_jpg/test/real/real_000722.jpg,real,test,0,0.40482059121131897,0,clean,medium
/media/D1/ait_users/staff122/deepfake_project/outputs_deepfake_project/dfdc_subset_77_jpg/test/real/real_000723.jpg,real,test,0,0.5465781688690186,1,clean,medium
/media/D1/ait_users/staff122/deepfake_project/outputs_deepfake_project/dfdc_subset_77_jpg/test/real/real_000724.jpg,real,test,0,0.7406964898109436,1,clean,medium
/media/D1/ait_users/staff122/deepfake_project/outputs_deepfake_project/dfdc_subset_77_jpg/test/real/real_000725.jpg,real,test,0,0.037239376455545425,0,clean,medium
/media/D1/ait_users/staff122/deepfake_project/outputs_deepfake_project/dfdc_subset_77_jpg/test/real/real_000726.jpg,real,test,0,0.06182160973548889,0,clean,medium
/media/D1/ait_users/staff122/deepfake_project/outputs_deepfake_project/dfdc_subset_77_jpg/test/real/real_000727.jpg,real,test,0,0.079833984375,0,clean,medium
/media/D1/ait_users/staff122/deepfake_project/outputs_deepfake_project/dfdc_subset_77_jpg/test/real/real_000728.jpg,real,test,0,0.6427251100540161,1,clean,medium
/media/D1/ait_users/staff122/deepfake_project/outputs_deepfake_project/dfdc_subset_77_jpg/test/real/real_000729.jpg,real,test,0,0.025674261152744293,0,clean,medium
/media/D1/ait_users/staff122/deepfake_project/outputs_deepfake_project/dfdc_subset_77_jpg/test/real/real_000730.jpg,real,test,0,0.03882162645459175,0,clean,medium
/media/D1/ait_users/staff122/deepfake_project/outputs_deepfake_project/dfdc_subset_77_jpg/test/real/real_000731.jpg,real,test,0,0.8535604476928711,1,clean,medium
/media/D1/ait_users/staff122/deepfake_project/outputs_deepfake_project/dfdc_subset_77_jpg/test/real/real_000732.jpg,real,test,0,0.06007830426096916,0,clean,medium
/media/D1/ait_users/staff122/deepfake_project/outputs_deepfake_project/dfdc_subset_77_jpg/test/real/real_000733.jpg,real,test,0,0.093839131295681,0,clean,medium
/media/D1/ait_users/staff122/deepfake_project/outputs_deepfake_project/dfdc_subset_77_jpg/test/real/real_000734.jpg,real,test,0,0.3602031171321869,0,clean,medium
/media/D1/ait_users/staff122/deepfake_project/outputs_deepfake_project/dfdc_subset_77_jpg/test/real/real_000735.jpg,real,test,0,0.3413976728916168,0,clean,medium
/media/D1/ait_users/staff122/deepfake_project/outputs_deepfake_project/dfdc_subset_77_jpg/test/real/real_000736.jpg,real,test,0,0.24755126237869263,0,clean,medium
/media/D1/ait_users/staff122/deepfake_project/outputs_deepfake_project/dfdc_subset_77_jpg/test/real/real_000737.jpg,real,test,0,0.05911706015467644,0,clean,medium
/media/D1/ait_users/staff122/deepfake_project/outputs_deepfake_project/dfdc_subset_77_jpg/test/real/real_000738.jpg,real,test,0,0.2473028004169464,0,clean,medium
/media/D1/ait_users/staff122/deepfake_project/outputs_deepfake_project/dfdc_subset_77_jpg/test/real/real_000739.jpg,real,test,0,0.17422127723693848,0,clean,medium
/media/D1/ait_users/staff122/deepfake_project/outputs_deepfake_project/dfdc_subset_77_jpg/test/real/real_000740.jpg,real,test,0,0.2406107485294342,0,clean,medium
/media/D1/ait_users/staff122/deepfake_project/outputs_deepfake_project/dfdc_subset_77_jpg/test/real/real_000741.jpg,real,test,0,0.11934809386730194,0,clean,medium
/media/D1/ait_users/staff122/deepfake_project/outputs_deepfake_project/dfdc_subset_77_jpg/test/real/real_000742.jpg,real,test,0,0.036819640547037125,0,clean,medium
/media/D1/ait_users/staff122/deepfake_project/outputs_deepfake_project/dfdc_subset_77_jpg/test/real/real_000743.jpg,real,test,0,0.042002856731414795,0,clean,medium
/media/D1/ait_users/staff122/deepfake_project/outputs_deepfake_project/dfdc_subset_77_jpg/test/real/real_000744.jpg,real,test,0,0.27823561429977417,0,clean,medium
/media/D1/ait_users/staff122/deepfake_project/outputs_deepfake_project/dfdc_subset_77_jpg/test/real/real_000745.jpg,real,test,0,0.41911575198173523,0,clean,medium
/media/D1/ait_users/staff122/deepfake_project/outputs_deepfake_project/dfdc_subset_77_jpg/test/real/real_000746.jpg,real,test,0,0.2086176574230194,0,clean,medium
/media/D1/ait_users/staff122/deepfake_project/outputs_deepfake_project/dfdc_subset_77_jpg/test/real/real_000747.jpg,real,test,0,0.11954669654369354,0,clean,medium
/media/D1/ait_users/staff122/deepfake_project/outputs_deepfake_project/dfdc_subset_77_jpg/test/real/real_000748.jpg,real,test,0,0.03241777792572975,0,clean,medium
/media/D1/ait_users/staff122/deepfake_project/outputs_deepfake_project/dfdc_subset_77_jpg/test/real/real_000749.jpg,real,test,0,0.42191633582115173,0,clean,medium
/media/D1/ait_users/staff122/deepfake_project/outputs_deepfake_project/dfdc_subset_77_jpg/test/real/real_000750.jpg,real,test,0,0.21646666526794434,0,clean,medium
/media/D1/ait_users/staff122/deepfake_project/outputs_deepfake_project/dfdc_subset_77_jpg/test/real/real_000751.jpg,real,test,0,0.44885849952697754,0,clean,medium
/media/D1/ait_users/staff122/deepfake_project/outputs_deepfake_project/dfdc_subset_77_jpg/test/real/real_000752.jpg,real,test,0,0.08752456307411194,0,clean,medium
/media/D1/ait_users/staff122/deepfake_project/outputs_deepfake_project/dfdc_subset_77_jpg/test/real/real_000753.jpg,real,test,0,0.025498108938336372,0,clean,medium
/media/D1/ait_users/staff122/deepfake_project/outputs_deepfake_project/dfdc_subset_77_jpg/test/real/real_000754.jpg,real,test,0,0.308928519487381,0,clean,medium
/media/D1/ait_users/staff122/deepfake_project/outputs_deepfake_project/dfdc_subset_77_jpg/test/real/real_000755.jpg,real,test,0,0.21025100350379944,0,clean,medium
/media/D1/ait_users/staff122/deepfake_project/outputs_deepfake_project/dfdc_subset_77_jpg/test/real/real_000756.jpg,real,test,0,0.07154388725757599,0,clean,medium
/media/D1/ait_users/staff122/deepfake_project/outputs_deepfake_project/dfdc_subset_77_jpg/test/real/real_000757.jpg,real,test,0,0.10618171095848083,0,clean,medium
/media/D1/ait_users/staff122/deepfake_project/outputs_deepfake_project/dfdc_subset_77_jpg/test/real/real_000758.jpg,real,test,0,0.04226411506533623,0,clean,medium
/media/D1/ait_users/staff122/deepfake_project/outputs_deepfake_project/dfdc_subset_77_jpg/test/real/real_000759.jpg,real,test,0,0.04129849746823311,0,clean,medium
/media/D1/ait_users/staff122/deepfake_project/outputs_deepfake_project/dfdc_subset_77_jpg/test/real/real_000760.jpg,real,test,0,0.011821268126368523,0,clean,medium
/media/D1/ait_users/staff122/deepfake_project/outputs_deepfake_project/dfdc_subset_77_jpg/test/real/real_000761.jpg,real,test,0,0.21750235557556152,0,clean,medium
/media/D1/ait_users/staff122/deepfake_project/outputs_deepfake_project/dfdc_subset_77_jpg/test/real/real_000762.jpg,real,test,0,0.05217916518449783,0,clean,medium
/media/D1/ait_users/staff122/deepfake_project/outputs_deepfake_project/dfdc_subset_77_jpg/test/real/real_000763.jpg,real,test,0,0.14199098944664001,0,clean,medium
/media/D1/ait_users/staff122/deepfake_project/outputs_deepfake_project/dfdc_subset_77_jpg/test/real/real_000764.jpg,real,test,0,0.17867882549762726,0,clean,medium
/media/D1/ait_users/staff122/deepfake_project/outputs_deepfake_project/dfdc_subset_77_jpg/test/real/real_000765.jpg,real,test,0,0.027915555983781815,0,clean,medium
/media/D1/ait_users/staff122/deepfake_project/outputs_deepfake_project/dfdc_subset_77_jpg/test/real/real_000766.jpg,real,test,0,0.03789341449737549,0,clean,medium
/media/D1/ait_users/staff122/deepfake_project/outputs_deepfake_project/dfdc_subset_77_jpg/test/real/real_000767.jpg,real,test,0,0.01897207275032997,0,clean,medium
/media/D1/ait_users/staff122/deepfake_project/outputs_deepfake_project/dfdc_subset_77_jpg/test/real/real_000768.jpg,real,test,0,0.00191476137842983,0,clean,medium
/media/D1/ait_users/staff122/deepfake_project/outputs_deepfake_project/dfdc_subset_77_jpg/test/real/real_000769.jpg,real,test,0,0.7578791379928589,1,clean,medium
/media/D1/ait_users/staff122/deepfake_project/outputs_deepfake_project/dfdc_subset_77_jpg/test/real/real_000770.jpg,real,test,0,0.026970015838742256,0,clean,medium
/media/D1/ait_users/staff122/deepfake_project/outputs_deepfake_project/dfdc_subset_77_jpg/test/real/real_000771.jpg,real,test,0,0.3487582504749298,0,clean,medium
/media/D1/ait_users/staff122/deepfake_project/outputs_deepfake_project/dfdc_subset_77_jpg/test/real/real_000772.jpg,real,test,0,0.22210972011089325,0,clean,medium
/media/D1/ait_users/staff122/deepfake_project/outputs_deepfake_project/dfdc_subset_77_jpg/test/real/real_000773.jpg,real,test,0,0.06571784615516663,0,clean,medium
/media/D1/ait_users/staff122/deepfake_project/outputs_deepfake_project/dfdc_subset_77_jpg/test/real/real_000774.jpg,real,test,0,0.04961107671260834,0,clean,medium
/media/D1/ait_users/staff122/deepfake_project/outputs_deepfake_project/dfdc_subset_77_jpg/test/real/real_000775.jpg,real,test,0,0.03180592507123947,0,clean,medium
/media/D1/ait_users/staff122/deepfake_project/outputs_deepfake_project/dfdc_subset_77_jpg/test/real/real_000776.jpg,real,test,0,0.0508798323571682,0,clean,medium
/media/D1/ait_users/staff122/deepfake_project/outputs_deepfake_project/dfdc_subset_77_jpg/test/real/real_000777.jpg,real,test,0,0.051398586481809616,0,clean,medium
/media/D1/ait_users/staff122/deepfake_project/outputs_deepfake_project/dfdc_subset_77_jpg/test/real/real_000778.jpg,real,test,0,0.04765483736991882,0,clean,medium
/media/D1/ait_users/staff122/deepfake_project/outputs_deepfake_project/dfdc_subset_77_jpg/test/real/real_000779.jpg,real,test,0,0.08383744955062866,0,clean,medium
/media/D1/ait_users/staff122/deepfake_project/outputs_deepfake_project/dfdc_subset_77_jpg/test/real/real_000780.jpg,real,test,0,0.008727045729756355,0,clean,medium
/media/D1/ait_users/staff122/deepfake_project/outputs_deepfake_project/dfdc_subset_77_jpg/test/real/real_000781.jpg,real,test,0,0.025148002430796623,0,clean,medium
/media/D1/ait_users/staff122/deepfake_project/outputs_deepfake_project/dfdc_subset_77_jpg/test/real/real_000782.jpg,real,test,0,0.18596279621124268,0,clean,medium
/media/D1/ait_users/staff122/deepfake_project/outputs_deepfake_project/dfdc_subset_77_jpg/test/real/real_000783.jpg,real,test,0,0.15181231498718262,0,clean,medium
/media/D1/ait_users/staff122/deepfake_project/outputs_deepfake_project/dfdc_subset_77_jpg/test/real/real_000784.jpg,real,test,0,0.0036340367514640093,0,clean,medium
/media/D1/ait_users/staff122/deepfake_project/outputs_deepfake_project/dfdc_subset_77_jpg/test/real/real_000785.jpg,real,test,0,0.042507242411375046,0,clean,medium
/media/D1/ait_users/staff122/deepfake_project/outputs_deepfake_project/dfdc_subset_77_jpg/test/real/real_000786.jpg,real,test,0,0.4668915867805481,0,clean,medium
/media/D1/ait_users/staff122/deepfake_project/outputs_deepfake_project/dfdc_subset_77_jpg/test/real/real_000787.jpg,real,test,0,0.00979315210133791,0,clean,medium
/media/D1/ait_users/staff122/deepfake_project/outputs_deepfake_project/dfdc_subset_77_jpg/test/real/real_000788.jpg,real,test,0,0.01517642941325903,0,clean,medium
/media/D1/ait_users/staff122/deepfake_project/outputs_deepfake_project/dfdc_subset_77_jpg/test/real/real_000789.jpg,real,test,0,0.017710845917463303,0,clean,medium
/media/D1/ait_users/staff122/deepfake_project/outputs_deepfake_project/dfdc_subset_77_jpg/test/real/real_000790.jpg,real,test,0,0.09390930831432343,0,clean,medium
/media/D1/ait_users/staff122/deepfake_project/outputs_deepfake_project/dfdc_subset_77_jpg/test/real/real_000791.jpg,real,test,0,0.6389998197555542,1,clean,medium
/media/D1/ait_users/staff122/deepfake_project/outputs_deepfake_project/dfdc_subset_77_jpg/test/real/real_000792.jpg,real,test,0,0.009522980079054832,0,clean,medium
/media/D1/ait_users/staff122/deepfake_project/outputs_deepfake_project/dfdc_subset_77_jpg/test/real/real_000793.jpg,real,test,0,0.02941066212952137,0,clean,medium
/media/D1/ait_users/staff122/deepfake_project/outputs_deepfake_project/dfdc_subset_77_jpg/test/real/real_000794.jpg,real,test,0,0.07491913437843323,0,clean,medium
/media/D1/ait_users/staff122/deepfake_project/outputs_deepfake_project/dfdc_subset_77_jpg/test/real/real_000795.jpg,real,test,0,0.026214031502604485,0,clean,medium
/media/D1/ait_users/staff122/deepfake_project/outputs_deepfake_project/dfdc_subset_77_jpg/test/real/real_000796.jpg,real,test,0,0.1380011886358261,0,clean,medium
/media/D1/ait_users/staff122/deepfake_project/outputs_deepfake_project/dfdc_subset_77_jpg/test/real/real_000797.jpg,real,test,0,0.22605805099010468,0,clean,medium
/media/D1/ait_users/staff122/deepfake_project/outputs_deepfake_project/dfdc_subset_77_jpg/test/real/real_000798.jpg,real,test,0,0.12719611823558807,0,clean,medium
/media/D1/ait_users/staff122/deepfake_project/outputs_deepfake_project/dfdc_subset_77_jpg/test/real/real_000799.jpg,real,test,0,0.552445113658905,1,clean,medium
/media/D1/ait_users/staff122/deepfake_project/outputs_deepfake_project/dfdc_subset_77_jpg/test/real/real_000800.jpg,real,test,0,0.5414510369300842,1,clean,medium
/media/D1/ait_users/staff122/deepfake_project/outputs_deepfake_project/dfdc_subset_77_jpg/test/real/real_000801.jpg,real,test,0,0.4089897871017456,0,clean,medium
/media/D1/ait_users/staff122/deepfake_project/outputs_deepfake_project/dfdc_subset_77_jpg/test/real/real_000802.jpg,real,test,0,0.3787917494773865,0,clean,medium
/media/D1/ait_users/staff122/deepfake_project/outputs_deepfake_project/dfdc_subset_77_jpg/test/real/real_000803.jpg,real,test,0,0.8710371851921082,1,clean,medium
/media/D1/ait_users/staff122/deepfake_project/outputs_deepfake_project/dfdc_subset_77_jpg/test/real/real_000804.jpg,real,test,0,0.3662828803062439,0,clean,medium
/media/D1/ait_users/staff122/deepfake_project/outputs_deepfake_project/dfdc_subset_77_jpg/test/real/real_000805.jpg,real,test,0,0.3219691514968872,0,clean,medium
/media/D1/ait_users/staff122/deepfake_project/outputs_deepfake_project/dfdc_subset_77_jpg/test/real/real_000806.jpg,real,test,0,0.8663570880889893,1,clean,medium
/media/D1/ait_users/staff122/deepfake_project/outputs_deepfake_project/dfdc_subset_77_jpg/test/real/real_000807.jpg,real,test,0,0.9230987429618835,1,clean,medium
/media/D1/ait_users/staff122/deepfake_project/outputs_deepfake_project/dfdc_subset_77_jpg/test/real/real_000808.jpg,real,test,0,0.9046129584312439,1,clean,medium
/media/D1/ait_users/staff122/deepfake_project/outputs_deepfake_project/dfdc_subset_77_jpg/test/real/real_000809.jpg,real,test,0,0.6639016270637512,1,clean,medium
/media/D1/ait_users/staff122/deepfake_project/outputs_deepfake_project/dfdc_subset_77_jpg/test/real/real_000810.jpg,real,test,0,0.9169700741767883,1,clean,medium
/media/D1/ait_users/staff122/deepfake_project/outputs_deepfake_project/dfdc_subset_77_jpg/test/real/real_000811.jpg,real,test,0,0.45138075947761536,0,clean,medium
/media/D1/ait_users/staff122/deepfake_project/outputs_deepfake_project/dfdc_subset_77_jpg/test/real/real_000812.jpg,real,test,0,0.3340107202529907,0,clean,medium
/media/D1/ait_users/staff122/deepfake_project/outputs_deepfake_project/dfdc_subset_77_jpg/test/real/real_000813.jpg,real,test,0,0.9080175757408142,1,clean,medium
/media/D1/ait_users/staff122/deepfake_project/outputs_deepfake_project/dfdc_subset_77_jpg/test/real/real_000814.jpg,real,test,0,0.9212015867233276,1,clean,medium
/media/D1/ait_users/staff122/deepfake_project/outputs_deepfake_project/dfdc_subset_77_jpg/test/real/real_000815.jpg,real,test,0,0.9324813485145569,1,clean,medium
/media/D1/ait_users/staff122/deepfake_project/outputs_deepfake_project/dfdc_subset_77_jpg/test/real/real_000816.jpg,real,test,0,0.9286640882492065,1,clean,medium
/media/D1/ait_users/staff122/deepfake_project/outputs_deepfake_project/dfdc_subset_77_jpg/test/real/real_000817.jpg,real,test,0,0.9364469051361084,1,clean,medium
/media/D1/ait_users/staff122/deepfake_project/outputs_deepfake_project/dfdc_subset_77_jpg/test/real/real_000818.jpg,real,test,0,0.90231853723526,1,clean,medium
/media/D1/ait_users/staff122/deepfake_project/outputs_deepfake_project/dfdc_subset_77_jpg/test/real/real_000819.jpg,real,test,0,0.9089368581771851,1,clean,medium
/media/D1/ait_users/staff122/deepfake_project/outputs_deepfake_project/dfdc_subset_77_jpg/test/real/real_000820.jpg,real,test,0,0.918524444103241,1,clean,medium
/media/D1/ait_users/staff122/deepfake_project/outputs_deepfake_project/dfdc_subset_77_jpg/test/real/real_000821.jpg,real,test,0,0.922625720500946,1,clean,medium
/media/D1/ait_users/staff122/deepfake_project/outputs_deepfake_project/dfdc_subset_77_jpg/test/real/real_000822.jpg,real,test,0,0.5652652382850647,1,clean,medium
/media/D1/ait_users/staff122/deepfake_project/outputs_deepfake_project/dfdc_subset_77_jpg/test/real/real_000823.jpg,real,test,0,0.8740192651748657,1,clean,medium
/media/D1/ait_users/staff122/deepfake_project/outputs_deepfake_project/dfdc_subset_77_jpg/test/real/real_000824.jpg,real,test,0,0.9099606871604919,1,clean,medium
/media/D1/ait_users/staff122/deepfake_project/outputs_deepfake_project/dfdc_subset_77_jpg/test/real/real_000825.jpg,real,test,0,0.5873068571090698,1,clean,medium
/media/D1/ait_users/staff122/deepfake_project/outputs_deepfake_project/dfdc_subset_77_jpg/test/real/real_000826.jpg,real,test,0,0.9016189575195312,1,clean,medium
/media/D1/ait_users/staff122/deepfake_project/outputs_deepfake_project/dfdc_subset_77_jpg/test/real/real_000827.jpg,real,test,0,0.2689085602760315,0,clean,medium
/media/D1/ait_users/staff122/deepfake_project/outputs_deepfake_project/dfdc_subset_77_jpg/test/real/real_000828.jpg,real,test,0,0.5214334726333618,1,clean,medium
/media/D1/ait_users/staff122/deepfake_project/outputs_deepfake_project/dfdc_subset_77_jpg/test/real/real_000829.jpg,real,test,0,0.7121729850769043,1,clean,medium
/media/D1/ait_users/staff122/deepfake_project/outputs_deepfake_project/dfdc_subset_77_jpg/test/real/real_000830.jpg,real,test,0,0.7721512317657471,1,clean,medium
/media/D1/ait_users/staff122/deepfake_project/outputs_deepfake_project/dfdc_subset_77_jpg/test/real/real_000831.jpg,real,test,0,0.5569616556167603,1,clean,medium
/media/D1/ait_users/staff122/deepfake_project/outputs_deepfake_project/dfdc_subset_77_jpg/test/real/real_000832.jpg,real,test,0,0.015861356630921364,0,clean,medium
/media/D1/ait_users/staff122/deepfake_project/outputs_deepfake_project/dfdc_subset_77_jpg/test/real/real_000833.jpg,real,test,0,0.013014891184866428,0,clean,medium
/media/D1/ait_users/staff122/deepfake_project/outputs_deepfake_project/dfdc_subset_77_jpg/test/real/real_000834.jpg,real,test,0,0.011730551719665527,0,clean,medium
/media/D1/ait_users/staff122/deepfake_project/outputs_deepfake_project/dfdc_subset_77_jpg/test/real/real_000835.jpg,real,test,0,0.6834290027618408,1,clean,medium
/media/D1/ait_users/staff122/deepfake_project/outputs_deepfake_project/dfdc_subset_77_jpg/test/real/real_000836.jpg,real,test,0,0.20825250446796417,0,clean,medium
/media/D1/ait_users/staff122/deepfake_project/outputs_deepfake_project/dfdc_subset_77_jpg/test/real/real_000837.jpg,real,test,0,0.007540468592196703,0,clean,medium
/media/D1/ait_users/staff122/deepfake_project/outputs_deepfake_project/dfdc_subset_77_jpg/test/real/real_000838.jpg,real,test,0,0.09030889719724655,0,clean,medium
/media/D1/ait_users/staff122/deepfake_project/outputs_deepfake_project/dfdc_subset_77_jpg/test/real/real_000839.jpg,real,test,0,0.27177274227142334,0,clean,medium
/media/D1/ait_users/staff122/deepfake_project/outputs_deepfake_project/dfdc_subset_77_jpg/test/real/real_000840.jpg,real,test,0,0.008883959613740444,0,clean,medium
/media/D1/ait_users/staff122/deepfake_project/outputs_deepfake_project/dfdc_subset_77_jpg/test/real/real_000841.jpg,real,test,0,0.3790295124053955,0,clean,medium
/media/D1/ait_users/staff122/deepfake_project/outputs_deepfake_project/dfdc_subset_77_jpg/test/real/real_000842.jpg,real,test,0,0.01919679529964924,0,clean,medium
/media/D1/ait_users/staff122/deepfake_project/outputs_deepfake_project/dfdc_subset_77_jpg/test/real/real_000843.jpg,real,test,0,0.00856946874409914,0,clean,medium
/media/D1/ait_users/staff122/deepfake_project/outputs_deepfake_project/dfdc_subset_77_jpg/test/real/real_000844.jpg,real,test,0,0.007238696329295635,0,clean,medium
/media/D1/ait_users/staff122/deepfake_project/outputs_deepfake_project/dfdc_subset_77_jpg/test/real/real_000845.jpg,real,test,0,0.044775526970624924,0,clean,medium
/media/D1/ait_users/staff122/deepfake_project/outputs_deepfake_project/dfdc_subset_77_jpg/test/real/real_000846.jpg,real,test,0,0.07147208601236343,0,clean,medium
/media/D1/ait_users/staff122/deepfake_project/outputs_deepfake_project/dfdc_subset_77_jpg/test/real/real_000847.jpg,real,test,0,0.04082714021205902,0,clean,medium
/media/D1/ait_users/staff122/deepfake_project/outputs_deepfake_project/dfdc_subset_77_jpg/test/real/real_000848.jpg,real,test,0,0.2843101918697357,0,clean,medium
/media/D1/ait_users/staff122/deepfake_project/outputs_deepfake_project/dfdc_subset_77_jpg/test/real/real_000849.jpg,real,test,0,0.009515849873423576,0,clean,medium
/media/D1/ait_users/staff122/deepfake_project/outputs_deepfake_project/dfdc_subset_77_jpg/test/real/real_000850.jpg,real,test,0,0.010591965168714523,0,clean,medium
/media/D1/ait_users/staff122/deepfake_project/outputs_deepfake_project/dfdc_subset_77_jpg/test/real/real_000851.jpg,real,test,0,0.022801754996180534,0,clean,medium
/media/D1/ait_users/staff122/deepfake_project/outputs_deepfake_project/dfdc_subset_77_jpg/test/real/real_000852.jpg,real,test,0,0.024052221328020096,0,clean,medium
/media/D1/ait_users/staff122/deepfake_project/outputs_deepfake_project/dfdc_subset_77_jpg/test/real/real_000853.jpg,real,test,0,0.00789199210703373,0,clean,medium
/media/D1/ait_users/staff122/deepfake_project/outputs_deepfake_project/dfdc_subset_77_jpg/test/real/real_000854.jpg,real,test,0,0.02417382039129734,0,clean,medium
/media/D1/ait_users/staff122/deepfake_project/outputs_deepfake_project/dfdc_subset_77_jpg/test/real/real_000855.jpg,real,test,0,0.02896087057888508,0,clean,medium
/media/D1/ait_users/staff122/deepfake_project/outputs_deepfake_project/dfdc_subset_77_jpg/test/real/real_000856.jpg,real,test,0,0.07357997447252274,0,clean,medium
/media/D1/ait_users/staff122/deepfake_project/outputs_deepfake_project/dfdc_subset_77_jpg/test/real/real_000857.jpg,real,test,0,0.030697248876094818,0,clean,medium
/media/D1/ait_users/staff122/deepfake_project/outputs_deepfake_project/dfdc_subset_77_jpg/test/real/real_000858.jpg,real,test,0,0.4231659471988678,0,clean,medium
/media/D1/ait_users/staff122/deepfake_project/outputs_deepfake_project/dfdc_subset_77_jpg/test/real/real_000859.jpg,real,test,0,0.008307603187859058,0,clean,medium
/media/D1/ait_users/staff122/deepfake_project/outputs_deepfake_project/dfdc_subset_77_jpg/test/real/real_000860.jpg,real,test,0,0.024021437391638756,0,clean,medium
/media/D1/ait_users/staff122/deepfake_project/outputs_deepfake_project/dfdc_subset_77_jpg/test/real/real_000861.jpg,real,test,0,0.0016498127952218056,0,clean,medium
/media/D1/ait_users/staff122/deepfake_project/outputs_deepfake_project/dfdc_subset_77_jpg/test/real/real_000862.jpg,real,test,0,0.13203319907188416,0,clean,medium
/media/D1/ait_users/staff122/deepfake_project/outputs_deepfake_project/dfdc_subset_77_jpg/test/real/real_000863.jpg,real,test,0,0.5964590907096863,1,clean,medium
/media/D1/ait_users/staff122/deepfake_project/outputs_deepfake_project/dfdc_subset_77_jpg/test/real/real_000864.jpg,real,test,0,0.08730673789978027,0,clean,medium
/media/D1/ait_users/staff122/deepfake_project/outputs_deepfake_project/dfdc_subset_77_jpg/test/real/real_000865.jpg,real,test,0,0.32813578844070435,0,clean,medium
/media/D1/ait_users/staff122/deepfake_project/outputs_deepfake_project/dfdc_subset_77_jpg/test/real/real_000866.jpg,real,test,0,0.7338255047798157,1,clean,medium
/media/D1/ait_users/staff122/deepfake_project/outputs_deepfake_project/dfdc_subset_77_jpg/test/real/real_000867.jpg,real,test,0,0.5543072819709778,1,clean,medium
/media/D1/ait_users/staff122/deepfake_project/outputs_deepfake_project/dfdc_subset_77_jpg/test/real/real_000868.jpg,real,test,0,0.30467456579208374,0,clean,medium
/media/D1/ait_users/staff122/deepfake_project/outputs_deepfake_project/dfdc_subset_77_jpg/test/real/real_000869.jpg,real,test,0,0.6678969264030457,1,clean,medium
/media/D1/ait_users/staff122/deepfake_project/outputs_deepfake_project/dfdc_subset_77_jpg/test/real/real_000870.jpg,real,test,0,0.37421807646751404,0,clean,medium
/media/D1/ait_users/staff122/deepfake_project/outputs_deepfake_project/dfdc_subset_77_jpg/test/real/real_000871.jpg,real,test,0,0.24447529017925262,0,clean,medium
/media/D1/ait_users/staff122/deepfake_project/outputs_deepfake_project/dfdc_subset_77_jpg/test/real/real_000872.jpg,real,test,0,0.5681796073913574,1,clean,medium
/media/D1/ait_users/staff122/deepfake_project/outputs_deepfake_project/dfdc_subset_77_jpg/test/real/real_000873.jpg,real,test,0,0.972126841545105,1,clean,medium
/media/D1/ait_users/staff122/deepfake_project/outputs_deepfake_project/dfdc_subset_77_jpg/test/real/real_000874.jpg,real,test,0,0.705160915851593,1,clean,medium
/media/D1/ait_users/staff122/deepfake_project/outputs_deepfake_project/dfdc_subset_77_jpg/test/real/real_000875.jpg,real,test,0,0.4350709617137909,0,clean,medium
/media/D1/ait_users/staff122/deepfake_project/outputs_deepfake_project/dfdc_subset_77_jpg/test/real/real_000876.jpg,real,test,0,0.19643062353134155,0,clean,medium
/media/D1/ait_users/staff122/deepfake_project/outputs_deepfake_project/dfdc_subset_77_jpg/test/real/real_000877.jpg,real,test,0,0.12977947294712067,0,clean,medium
/media/D1/ait_users/staff122/deepfake_project/outputs_deepfake_project/dfdc_subset_77_jpg/test/real/real_000878.jpg,real,test,0,0.4303562045097351,0,clean,medium
/media/D1/ait_users/staff122/deepfake_project/outputs_deepfake_project/dfdc_subset_77_jpg/test/real/real_000879.jpg,real,test,0,0.8510360717773438,1,clean,medium
/media/D1/ait_users/staff122/deepfake_project/outputs_deepfake_project/dfdc_subset_77_jpg/test/real/real_000880.jpg,real,test,0,0.4561693072319031,0,clean,medium
/media/D1/ait_users/staff122/deepfake_project/outputs_deepfake_project/dfdc_subset_77_jpg/test/real/real_000881.jpg,real,test,0,0.5323271155357361,1,clean,medium
/media/D1/ait_users/staff122/deepfake_project/outputs_deepfake_project/dfdc_subset_77_jpg/test/real/real_000882.jpg,real,test,0,0.35915860533714294,0,clean,medium
/media/D1/ait_users/staff122/deepfake_project/outputs_deepfake_project/dfdc_subset_77_jpg/test/real/real_000883.jpg,real,test,0,0.2805215120315552,0,clean,medium
/media/D1/ait_users/staff122/deepfake_project/outputs_deepfake_project/dfdc_subset_77_jpg/test/real/real_000884.jpg,real,test,0,0.3946557641029358,0,clean,medium
/media/D1/ait_users/staff122/deepfake_project/outputs_deepfake_project/dfdc_subset_77_jpg/test/real/real_000885.jpg,real,test,0,0.2711057662963867,0,clean,medium
/media/D1/ait_users/staff122/deepfake_project/outputs_deepfake_project/dfdc_subset_77_jpg/test/real/real_000886.jpg,real,test,0,0.11738109588623047,0,clean,medium
/media/D1/ait_users/staff122/deepfake_project/outputs_deepfake_project/dfdc_subset_77_jpg/test/real/real_000887.jpg,real,test,0,0.3434000611305237,0,clean,medium
/media/D1/ait_users/staff122/deepfake_project/outputs_deepfake_project/dfdc_subset_77_jpg/test/real/real_000888.jpg,real,test,0,0.13957802951335907,0,clean,medium
/media/D1/ait_users/staff122/deepfake_project/outputs_deepfake_project/dfdc_subset_77_jpg/test/real/real_000889.jpg,real,test,0,0.17672187089920044,0,clean,medium
/media/D1/ait_users/staff122/deepfake_project/outputs_deepfake_project/dfdc_subset_77_jpg/test/real/real_000890.jpg,real,test,0,0.07874367386102676,0,clean,medium
/media/D1/ait_users/staff122/deepfake_project/outputs_deepfake_project/dfdc_subset_77_jpg/test/real/real_000891.jpg,real,test,0,0.17422720789909363,0,clean,medium
/media/D1/ait_users/staff122/deepfake_project/outputs_deepfake_project/dfdc_subset_77_jpg/test/real/real_000892.jpg,real,test,0,0.09578529745340347,0,clean,medium
/media/D1/ait_users/staff122/deepfake_project/outputs_deepfake_project/dfdc_subset_77_jpg/test/real/real_000893.jpg,real,test,0,0.09932918846607208,0,clean,medium
/media/D1/ait_users/staff122/deepfake_project/outputs_deepfake_project/dfdc_subset_77_jpg/test/real/real_000894.jpg,real,test,0,0.2082403004169464,0,clean,medium
/media/D1/ait_users/staff122/deepfake_project/outputs_deepfake_project/dfdc_subset_77_jpg/test/real/real_000895.jpg,real,test,0,0.4038296639919281,0,clean,medium
/media/D1/ait_users/staff122/deepfake_project/outputs_deepfake_project/dfdc_subset_77_jpg/test/real/real_000896.jpg,real,test,0,0.6170089840888977,1,clean,medium
/media/D1/ait_users/staff122/deepfake_project/outputs_deepfake_project/dfdc_subset_77_jpg/test/real/real_000897.jpg,real,test,0,0.033340949565172195,0,clean,medium
/media/D1/ait_users/staff122/deepfake_project/outputs_deepfake_project/dfdc_subset_77_jpg/test/real/real_000898.jpg,real,test,0,0.03586296737194061,0,clean,medium
/media/D1/ait_users/staff122/deepfake_project/outputs_deepfake_project/dfdc_subset_77_jpg/test/real/real_000899.jpg,real,test,0,0.339556485414505,0,clean,medium
/media/D1/ait_users/staff122/deepfake_project/outputs_deepfake_project/dfdc_subset_77_jpg/test/real/real_000900.jpg,real,test,0,0.18008045852184296,0,clean,medium
/media/D1/ait_users/staff122/deepfake_project/outputs_deepfake_project/dfdc_subset_77_jpg/test/real/real_000901.jpg,real,test,0,0.05516248568892479,0,clean,medium
/media/D1/ait_users/staff122/deepfake_project/outputs_deepfake_project/dfdc_subset_77_jpg/test/real/real_000902.jpg,real,test,0,0.257447212934494,0,clean,medium
/media/D1/ait_users/staff122/deepfake_project/outputs_deepfake_project/dfdc_subset_77_jpg/test/real/real_000903.jpg,real,test,0,0.04069763422012329,0,clean,medium
/media/D1/ait_users/staff122/deepfake_project/outputs_deepfake_project/dfdc_subset_77_jpg/test/real/real_000904.jpg,real,test,0,0.4002130329608917,0,clean,medium
/media/D1/ait_users/staff122/deepfake_project/outputs_deepfake_project/dfdc_subset_77_jpg/test/real/real_000905.jpg,real,test,0,0.05178366228938103,0,clean,medium
/media/D1/ait_users/staff122/deepfake_project/outputs_deepfake_project/dfdc_subset_77_jpg/test/real/real_000906.jpg,real,test,0,0.02103961631655693,0,clean,medium
/media/D1/ait_users/staff122/deepfake_project/outputs_deepfake_project/dfdc_subset_77_jpg/test/real/real_000907.jpg,real,test,0,0.12753067910671234,0,clean,medium
/media/D1/ait_users/staff122/deepfake_project/outputs_deepfake_project/dfdc_subset_77_jpg/test/real/real_000908.jpg,real,test,0,0.1087503656744957,0,clean,medium
/media/D1/ait_users/staff122/deepfake_project/outputs_deepfake_project/dfdc_subset_77_jpg/test/real/real_000909.jpg,real,test,0,0.27496758103370667,0,clean,medium
/media/D1/ait_users/staff122/deepfake_project/outputs_deepfake_project/dfdc_subset_77_jpg/test/real/real_000910.jpg,real,test,0,0.1053866297006607,0,clean,medium
/media/D1/ait_users/staff122/deepfake_project/outputs_deepfake_project/dfdc_subset_77_jpg/test/real/real_000911.jpg,real,test,0,0.04506395384669304,0,clean,medium
/media/D1/ait_users/staff122/deepfake_project/outputs_deepfake_project/dfdc_subset_77_jpg/test/real/real_000912.jpg,real,test,0,0.061252161860466,0,clean,medium
/media/D1/ait_users/staff122/deepfake_project/outputs_deepfake_project/dfdc_subset_77_jpg/test/real/real_000913.jpg,real,test,0,0.03507772460579872,0,clean,medium
/media/D1/ait_users/staff122/deepfake_project/outputs_deepfake_project/dfdc_subset_77_jpg/test/real/real_000914.jpg,real,test,0,0.08196383714675903,0,clean,medium
/media/D1/ait_users/staff122/deepfake_project/outputs_deepfake_project/dfdc_subset_77_jpg/test/real/real_000915.jpg,real,test,0,0.25999224185943604,0,clean,medium
/media/D1/ait_users/staff122/deepfake_project/outputs_deepfake_project/dfdc_subset_77_jpg/test/real/real_000916.jpg,real,test,0,0.13578163087368011,0,clean,medium
/media/D1/ait_users/staff122/deepfake_project/outputs_deepfake_project/dfdc_subset_77_jpg/test/real/real_000917.jpg,real,test,0,0.12426449358463287,0,clean,medium
/media/D1/ait_users/staff122/deepfake_project/outputs_deepfake_project/dfdc_subset_77_jpg/test/real/real_000918.jpg,real,test,0,0.09999501705169678,0,clean,medium
/media/D1/ait_users/staff122/deepfake_project/outputs_deepfake_project/dfdc_subset_77_jpg/test/real/real_000919.jpg,real,test,0,0.19724427163600922,0,clean,medium
/media/D1/ait_users/staff122/deepfake_project/outputs_deepfake_project/dfdc_subset_77_jpg/test/real/real_000920.jpg,real,test,0,0.024943141266703606,0,clean,medium
/media/D1/ait_users/staff122/deepfake_project/outputs_deepfake_project/dfdc_subset_77_jpg/test/real/real_000921.jpg,real,test,0,0.6356999278068542,1,clean,medium
/media/D1/ait_users/staff122/deepfake_project/outputs_deepfake_project/dfdc_subset_77_jpg/test/real/real_000922.jpg,real,test,0,0.40200021862983704,0,clean,medium
/media/D1/ait_users/staff122/deepfake_project/outputs_deepfake_project/dfdc_subset_77_jpg/test/real/real_000923.jpg,real,test,0,0.08017109334468842,0,clean,medium
/media/D1/ait_users/staff122/deepfake_project/outputs_deepfake_project/dfdc_subset_77_jpg/test/real/real_000924.jpg,real,test,0,0.16058474779129028,0,clean,medium
/media/D1/ait_users/staff122/deepfake_project/outputs_deepfake_project/dfdc_subset_77_jpg/test/real/real_000925.jpg,real,test,0,0.03304033726453781,0,clean,medium
/media/D1/ait_users/staff122/deepfake_project/outputs_deepfake_project/dfdc_subset_77_jpg/test/real/real_000926.jpg,real,test,0,0.09462305158376694,0,clean,medium
/media/D1/ait_users/staff122/deepfake_project/outputs_deepfake_project/dfdc_subset_77_jpg/test/real/real_000927.jpg,real,test,0,0.12176622450351715,0,clean,medium
/media/D1/ait_users/staff122/deepfake_project/outputs_deepfake_project/dfdc_subset_77_jpg/test/real/real_000928.jpg,real,test,0,0.4554189145565033,0,clean,medium
/media/D1/ait_users/staff122/deepfake_project/outputs_deepfake_project/dfdc_subset_77_jpg/test/real/real_000929.jpg,real,test,0,0.3954969048500061,0,clean,medium
/media/D1/ait_users/staff122/deepfake_project/outputs_deepfake_project/dfdc_subset_77_jpg/test/real/real_000930.jpg,real,test,0,0.3684992492198944,0,clean,medium
/media/D1/ait_users/staff122/deepfake_project/outputs_deepfake_project/dfdc_subset_77_jpg/test/real/real_000931.jpg,real,test,0,0.10950496792793274,0,clean,medium
/media/D1/ait_users/staff122/deepfake_project/outputs_deepfake_project/dfdc_subset_77_jpg/test/real/real_000932.jpg,real,test,0,0.4905107021331787,0,clean,medium
/media/D1/ait_users/staff122/deepfake_project/outputs_deepfake_project/dfdc_subset_77_jpg/test/real/real_000933.jpg,real,test,0,0.20914533734321594,0,clean,medium
/media/D1/ait_users/staff122/deepfake_project/outputs_deepfake_project/dfdc_subset_77_jpg/test/real/real_000934.jpg,real,test,0,0.22656309604644775,0,clean,medium
/media/D1/ait_users/staff122/deepfake_project/outputs_deepfake_project/dfdc_subset_77_jpg/test/real/real_000935.jpg,real,test,0,0.06131964176893234,0,clean,medium
/media/D1/ait_users/staff122/deepfake_project/outputs_deepfake_project/dfdc_subset_77_jpg/test/real/real_000936.jpg,real,test,0,0.35550716519355774,0,clean,medium
/media/D1/ait_users/staff122/deepfake_project/outputs_deepfake_project/dfdc_subset_77_jpg/test/real/real_000937.jpg,real,test,0,0.5453879833221436,1,clean,medium
/media/D1/ait_users/staff122/deepfake_project/outputs_deepfake_project/dfdc_subset_77_jpg/test/real/real_000938.jpg,real,test,0,0.014634883962571621,0,clean,medium
/media/D1/ait_users/staff122/deepfake_project/outputs_deepfake_project/dfdc_subset_77_jpg/test/real/real_000939.jpg,real,test,0,0.05547600984573364,0,clean,medium
/media/D1/ait_users/staff122/deepfake_project/outputs_deepfake_project/dfdc_subset_77_jpg/test/real/real_000940.jpg,real,test,0,0.04640704393386841,0,clean,medium
/media/D1/ait_users/staff122/deepfake_project/outputs_deepfake_project/dfdc_subset_77_jpg/test/real/real_000941.jpg,real,test,0,0.24246884882450104,0,clean,medium
/media/D1/ait_users/staff122/deepfake_project/outputs_deepfake_project/dfdc_subset_77_jpg/test/real/real_000942.jpg,real,test,0,0.24491943418979645,0,clean,medium
/media/D1/ait_users/staff122/deepfake_project/outputs_deepfake_project/dfdc_subset_77_jpg/test/real/real_000943.jpg,real,test,0,0.17161518335342407,0,clean,medium
/media/D1/ait_users/staff122/deepfake_project/outputs_deepfake_project/dfdc_subset_77_jpg/test/real/real_000944.jpg,real,test,0,0.24286772310733795,0,clean,medium
/media/D1/ait_users/staff122/deepfake_project/outputs_deepfake_project/dfdc_subset_77_jpg/test/real/real_000945.jpg,real,test,0,0.3845513164997101,0,clean,medium
/media/D1/ait_users/staff122/deepfake_project/outputs_deepfake_project/dfdc_subset_77_jpg/test/real/real_000946.jpg,real,test,0,0.017256032675504684,0,clean,medium
/media/D1/ait_users/staff122/deepfake_project/outputs_deepfake_project/dfdc_subset_77_jpg/test/real/real_000947.jpg,real,test,0,0.017191525548696518,0,clean,medium
/media/D1/ait_users/staff122/deepfake_project/outputs_deepfake_project/dfdc_subset_77_jpg/test/real/real_000948.jpg,real,test,0,0.30445289611816406,0,clean,medium
/media/D1/ait_users/staff122/deepfake_project/outputs_deepfake_project/dfdc_subset_77_jpg/test/real/real_000949.jpg,real,test,0,0.013106664642691612,0,clean,medium
/media/D1/ait_users/staff122/deepfake_project/outputs_deepfake_project/dfdc_subset_77_jpg/test/real/real_000950.jpg,real,test,0,0.043377943336963654,0,clean,medium
/media/D1/ait_users/staff122/deepfake_project/outputs_deepfake_project/dfdc_subset_77_jpg/test/real/real_000951.jpg,real,test,0,0.21093490719795227,0,clean,medium
/media/D1/ait_users/staff122/deepfake_project/outputs_deepfake_project/dfdc_subset_77_jpg/test/real/real_000952.jpg,real,test,0,0.01699196733534336,0,clean,medium
/media/D1/ait_users/staff122/deepfake_project/outputs_deepfake_project/dfdc_subset_77_jpg/test/real/real_000953.jpg,real,test,0,0.2471354603767395,0,clean,medium
/media/D1/ait_users/staff122/deepfake_project/outputs_deepfake_project/dfdc_subset_77_jpg/test/real/real_000954.jpg,real,test,0,0.053301334381103516,0,clean,medium
/media/D1/ait_users/staff122/deepfake_project/outputs_deepfake_project/dfdc_subset_77_jpg/test/real/real_000955.jpg,real,test,0,0.052611224353313446,0,clean,medium
/media/D1/ait_users/staff122/deepfake_project/outputs_deepfake_project/dfdc_subset_77_jpg/test/real/real_000956.jpg,real,test,0,0.3224412202835083,0,clean,medium
/media/D1/ait_users/staff122/deepfake_project/outputs_deepfake_project/dfdc_subset_77_jpg/test/real/real_000957.jpg,real,test,0,0.10074183344841003,0,clean,medium
/media/D1/ait_users/staff122/deepfake_project/outputs_deepfake_project/dfdc_subset_77_jpg/test/real/real_000958.jpg,real,test,0,0.08884534239768982,0,clean,medium
/media/D1/ait_users/staff122/deepfake_project/outputs_deepfake_project/dfdc_subset_77_jpg/test/real/real_000959.jpg,real,test,0,0.177734375,0,clean,medium
/media/D1/ait_users/staff122/deepfake_project/outputs_deepfake_project/dfdc_subset_77_jpg/test/real/real_000960.jpg,real,test,0,0.11861953139305115,0,clean,medium
/media/D1/ait_users/staff122/deepfake_project/outputs_deepfake_project/dfdc_subset_77_jpg/test/real/real_000961.jpg,real,test,0,0.1556432843208313,0,clean,medium
/media/D1/ait_users/staff122/deepfake_project/outputs_deepfake_project/dfdc_subset_77_jpg/test/real/real_000962.jpg,real,test,0,0.05880888178944588,0,clean,medium
/media/D1/ait_users/staff122/deepfake_project/outputs_deepfake_project/dfdc_subset_77_jpg/test/real/real_000963.jpg,real,test,0,0.08392025530338287,0,clean,medium
/media/D1/ait_users/staff122/deepfake_project/outputs_deepfake_project/dfdc_subset_77_jpg/test/real/real_000964.jpg,real,test,0,0.09026701748371124,0,clean,medium
/media/D1/ait_users/staff122/deepfake_project/outputs_deepfake_project/dfdc_subset_77_jpg/test/real/real_000965.jpg,real,test,0,0.0712117850780487,0,clean,medium
/media/D1/ait_users/staff122/deepfake_project/outputs_deepfake_project/dfdc_subset_77_jpg/test/real/real_000966.jpg,real,test,0,0.1776619255542755,0,clean,medium
/media/D1/ait_users/staff122/deepfake_project/outputs_deepfake_project/dfdc_subset_77_jpg/test/real/real_000967.jpg,real,test,0,0.1393798440694809,0,clean,medium
/media/D1/ait_users/staff122/deepfake_project/outputs_deepfake_project/dfdc_subset_77_jpg/test/real/real_000968.jpg,real,test,0,0.5506361126899719,1,clean,medium
/media/D1/ait_users/staff122/deepfake_project/outputs_deepfake_project/dfdc_subset_77_jpg/test/real/real_000969.jpg,real,test,0,0.1384996622800827,0,clean,medium
/media/D1/ait_users/staff122/deepfake_project/outputs_deepfake_project/dfdc_subset_77_jpg/test/real/real_000970.jpg,real,test,0,0.02371901087462902,0,clean,medium
/media/D1/ait_users/staff122/deepfake_project/outputs_deepfake_project/dfdc_subset_77_jpg/test/real/real_000971.jpg,real,test,0,0.2192859947681427,0,clean,medium
/media/D1/ait_users/staff122/deepfake_project/outputs_deepfake_project/dfdc_subset_77_jpg/test/real/real_000972.jpg,real,test,0,0.06101863458752632,0,clean,medium
/media/D1/ait_users/staff122/deepfake_project/outputs_deepfake_project/dfdc_subset_77_jpg/test/real/real_000973.jpg,real,test,0,0.047167591750621796,0,clean,medium
/media/D1/ait_users/staff122/deepfake_project/outputs_deepfake_project/dfdc_subset_77_jpg/test/real/real_000974.jpg,real,test,0,0.03097989410161972,0,clean,medium
/media/D1/ait_users/staff122/deepfake_project/outputs_deepfake_project/dfdc_subset_77_jpg/test/real/real_000975.jpg,real,test,0,0.04516298323869705,0,clean,medium
/media/D1/ait_users/staff122/deepfake_project/outputs_deepfake_project/dfdc_subset_77_jpg/test/real/real_000976.jpg,real,test,0,0.10670231282711029,0,clean,medium
/media/D1/ait_users/staff122/deepfake_project/outputs_deepfake_project/dfdc_subset_77_jpg/test/real/real_000977.jpg,real,test,0,0.21712945401668549,0,clean,medium
/media/D1/ait_users/staff122/deepfake_project/outputs_deepfake_project/dfdc_subset_77_jpg/test/real/real_000978.jpg,real,test,0,0.2423398792743683,0,clean,medium
/media/D1/ait_users/staff122/deepfake_project/outputs_deepfake_project/dfdc_subset_77_jpg/test/real/real_000979.jpg,real,test,0,0.03631824254989624,0,clean,medium
/media/D1/ait_users/staff122/deepfake_project/outputs_deepfake_project/dfdc_subset_77_jpg/test/real/real_000980.jpg,real,test,0,0.02673373743891716,0,clean,medium
/media/D1/ait_users/staff122/deepfake_project/outputs_deepfake_project/dfdc_subset_77_jpg/test/real/real_000981.jpg,real,test,0,0.050380781292915344,0,clean,medium
/media/D1/ait_users/staff122/deepfake_project/outputs_deepfake_project/dfdc_subset_77_jpg/test/real/real_000982.jpg,real,test,0,0.11420760303735733,0,clean,medium
/media/D1/ait_users/staff122/deepfake_project/outputs_deepfake_project/dfdc_subset_77_jpg/test/real/real_000983.jpg,real,test,0,0.014579769223928452,0,clean,medium
/media/D1/ait_users/staff122/deepfake_project/outputs_deepfake_project/dfdc_subset_77_jpg/test/real/real_000984.jpg,real,test,0,0.018236877396702766,0,clean,medium
/media/D1/ait_users/staff122/deepfake_project/outputs_deepfake_project/dfdc_subset_77_jpg/test/real/real_000985.jpg,real,test,0,0.010805265977978706,0,clean,medium
/media/D1/ait_users/staff122/deepfake_project/outputs_deepfake_project/dfdc_subset_77_jpg/test/real/real_000986.jpg,real,test,0,0.015650376677513123,0,clean,medium
/media/D1/ait_users/staff122/deepfake_project/outputs_deepfake_project/dfdc_subset_77_jpg/test/real/real_000987.jpg,real,test,0,0.019516535103321075,0,clean,medium
/media/D1/ait_users/staff122/deepfake_project/outputs_deepfake_project/dfdc_subset_77_jpg/test/real/real_000988.jpg,real,test,0,0.02803649753332138,0,clean,medium
/media/D1/ait_users/staff122/deepfake_project/outputs_deepfake_project/dfdc_subset_77_jpg/test/real/real_000989.jpg,real,test,0,0.010161885060369968,0,clean,medium
/media/D1/ait_users/staff122/deepfake_project/outputs_deepfake_project/dfdc_subset_77_jpg/test/real/real_000990.jpg,real,test,0,0.019464122131466866,0,clean,medium
/media/D1/ait_users/staff122/deepfake_project/outputs_deepfake_project/dfdc_subset_77_jpg/test/real/real_000991.jpg,real,test,0,0.02688615582883358,0,clean,medium
/media/D1/ait_users/staff122/deepfake_project/outputs_deepfake_project/dfdc_subset_77_jpg/test/real/real_000992.jpg,real,test,0,0.8679857850074768,1,clean,medium
/media/D1/ait_users/staff122/deepfake_project/outputs_deepfake_project/dfdc_subset_77_jpg/test/real/real_000993.jpg,real,test,0,0.6309738755226135,1,clean,medium
/media/D1/ait_users/staff122/deepfake_project/outputs_deepfake_project/dfdc_subset_77_jpg/test/real/real_000994.jpg,real,test,0,0.9118959307670593,1,clean,medium
/media/D1/ait_users/staff122/deepfake_project/outputs_deepfake_project/dfdc_subset_77_jpg/test/real/real_000995.jpg,real,test,0,0.8867570161819458,1,clean,medium
/media/D1/ait_users/staff122/deepfake_project/outputs_deepfake_project/dfdc_subset_77_jpg/test/real/real_000996.jpg,real,test,0,0.8836719989776611,1,clean,medium
/media/D1/ait_users/staff122/deepfake_project/outputs_deepfake_project/dfdc_subset_77_jpg/test/real/real_000997.jpg,real,test,0,0.9114575982093811,1,clean,medium
/media/D1/ait_users/staff122/deepfake_project/outputs_deepfake_project/dfdc_subset_77_jpg/test/real/real_000998.jpg,real,test,0,0.8980516791343689,1,clean,medium
/media/D1/ait_users/staff122/deepfake_project/outputs_deepfake_project/dfdc_subset_77_jpg/test/real/real_000999.jpg,real,test,0,0.6056957244873047,1,clean,medium
/media/D1/ait_users/staff122/deepfake_project/outputs_deepfake_project/dfdc_subset_77_jpg/test/real/real_001000.jpg,real,test,0,0.8794257044792175,1,clean,medium
/media/D1/ait_users/staff122/deepfake_project/outputs_deepfake_project/dfdc_subset_77_jpg/test/real/real_001001.jpg,real,test,0,0.8482205867767334,1,clean,medium
/media/D1/ait_users/staff122/deepfake_project/outputs_deepfake_project/dfdc_subset_77_jpg/test/real/real_001002.jpg,real,test,0,0.8696035742759705,1,clean,medium
/media/D1/ait_users/staff122/deepfake_project/outputs_deepfake_project/dfdc_subset_77_jpg/test/real/real_001003.jpg,real,test,0,0.6328608989715576,1,clean,medium
/media/D1/ait_users/staff122/deepfake_project/outputs_deepfake_project/dfdc_subset_77_jpg/test/real/real_001004.jpg,real,test,0,0.7568398714065552,1,clean,medium
/media/D1/ait_users/staff122/deepfake_project/outputs_deepfake_project/dfdc_subset_77_jpg/test/real/real_001005.jpg,real,test,0,0.885103166103363,1,clean,medium
/media/D1/ait_users/staff122/deepfake_project/outputs_deepfake_project/dfdc_subset_77_jpg/test/real/real_001006.jpg,real,test,0,0.8865230083465576,1,clean,medium
/media/D1/ait_users/staff122/deepfake_project/outputs_deepfake_project/dfdc_subset_77_jpg/test/real/real_001007.jpg,real,test,0,0.7556211948394775,1,clean,medium
/media/D1/ait_users/staff122/deepfake_project/outputs_deepfake_project/dfdc_subset_77_jpg/test/real/real_001008.jpg,real,test,0,0.8826649785041809,1,clean,medium
/media/D1/ait_users/staff122/deepfake_project/outputs_deepfake_project/dfdc_subset_77_jpg/test/real/real_001009.jpg,real,test,0,0.34442493319511414,0,clean,medium
/media/D1/ait_users/staff122/deepfake_project/outputs_deepfake_project/dfdc_subset_77_jpg/test/real/real_001010.jpg,real,test,0,0.5132466554641724,1,clean,medium
/media/D1/ait_users/staff122/deepfake_project/outputs_deepfake_project/dfdc_subset_77_jpg/test/real/real_001011.jpg,real,test,0,0.4897891879081726,0,clean,medium
/media/D1/ait_users/staff122/deepfake_project/outputs_deepfake_project/dfdc_subset_77_jpg/test/real/real_001012.jpg,real,test,0,0.31417497992515564,0,clean,medium
/media/D1/ait_users/staff122/deepfake_project/outputs_deepfake_project/dfdc_subset_77_jpg/test/real/real_001013.jpg,real,test,0,0.3014654219150543,0,clean,medium
/media/D1/ait_users/staff122/deepfake_project/outputs_deepfake_project/dfdc_subset_77_jpg/test/real/real_001014.jpg,real,test,0,0.26792556047439575,0,clean,medium
/media/D1/ait_users/staff122/deepfake_project/outputs_deepfake_project/dfdc_subset_77_jpg/test/real/real_001015.jpg,real,test,0,0.8482694625854492,1,clean,medium
/media/D1/ait_users/staff122/deepfake_project/outputs_deepfake_project/dfdc_subset_77_jpg/test/real/real_001016.jpg,real,test,0,0.1260450780391693,0,clean,medium
/media/D1/ait_users/staff122/deepfake_project/outputs_deepfake_project/dfdc_subset_77_jpg/test/real/real_001017.jpg,real,test,0,0.8542802929878235,1,clean,medium
/media/D1/ait_users/staff122/deepfake_project/outputs_deepfake_project/dfdc_subset_77_jpg/test/real/real_001018.jpg,real,test,0,0.8281232118606567,1,clean,medium
/media/D1/ait_users/staff122/deepfake_project/outputs_deepfake_project/dfdc_subset_77_jpg/test/real/real_001019.jpg,real,test,0,0.8508637547492981,1,clean,medium
/media/D1/ait_users/staff122/deepfake_project/outputs_deepfake_project/dfdc_subset_77_jpg/test/real/real_001020.jpg,real,test,0,0.3307155966758728,0,clean,medium
/media/D1/ait_users/staff122/deepfake_project/outputs_deepfake_project/dfdc_subset_77_jpg/test/real/real_001021.jpg,real,test,0,0.8740867376327515,1,clean,medium
/media/D1/ait_users/staff122/deepfake_project/outputs_deepfake_project/dfdc_subset_77_jpg/test/real/real_001022.jpg,real,test,0,0.8194015026092529,1,clean,medium
/media/D1/ait_users/staff122/deepfake_project/outputs_deepfake_project/dfdc_subset_77_jpg/test/real/real_001023.jpg,real,test,0,0.4232674837112427,0,clean,medium
/media/D1/ait_users/staff122/deepfake_project/outputs_deepfake_project/dfdc_subset_77_jpg/test/real/real_001024.jpg,real,test,0,0.024370599538087845,0,clean,medium
/media/D1/ait_users/staff122/deepfake_project/outputs_deepfake_project/dfdc_subset_77_jpg/test/real/real_001025.jpg,real,test,0,0.03749687224626541,0,clean,medium
/media/D1/ait_users/staff122/deepfake_project/outputs_deepfake_project/dfdc_subset_77_jpg/test/real/real_001026.jpg,real,test,0,0.5446057915687561,1,clean,medium
/media/D1/ait_users/staff122/deepfake_project/outputs_deepfake_project/dfdc_subset_77_jpg/test/real/real_001027.jpg,real,test,0,0.044738855212926865,0,clean,medium
/media/D1/ait_users/staff122/deepfake_project/outputs_deepfake_project/dfdc_subset_77_jpg/test/real/real_001028.jpg,real,test,0,0.023245712742209435,0,clean,medium
/media/D1/ait_users/staff122/deepfake_project/outputs_deepfake_project/dfdc_subset_77_jpg/test/real/real_001029.jpg,real,test,0,0.03783024474978447,0,clean,medium
/media/D1/ait_users/staff122/deepfake_project/outputs_deepfake_project/dfdc_subset_77_jpg/test/real/real_001030.jpg,real,test,0,0.0028688660822808743,0,clean,medium
/media/D1/ait_users/staff122/deepfake_project/outputs_deepfake_project/dfdc_subset_77_jpg/test/real/real_001031.jpg,real,test,0,0.02507469244301319,0,clean,medium
/media/D1/ait_users/staff122/deepfake_project/outputs_deepfake_project/dfdc_subset_77_jpg/test/real/real_001032.jpg,real,test,0,0.018628420308232307,0,clean,medium
/media/D1/ait_users/staff122/deepfake_project/outputs_deepfake_project/dfdc_subset_77_jpg/test/real/real_001033.jpg,real,test,0,0.00923411175608635,0,clean,medium
/media/D1/ait_users/staff122/deepfake_project/outputs_deepfake_project/dfdc_subset_77_jpg/test/real/real_001034.jpg,real,test,0,0.058101836591959,0,clean,medium
/media/D1/ait_users/staff122/deepfake_project/outputs_deepfake_project/dfdc_subset_77_jpg/test/real/real_001035.jpg,real,test,0,0.12314794212579727,0,clean,medium
/media/D1/ait_users/staff122/deepfake_project/outputs_deepfake_project/dfdc_subset_77_jpg/test/real/real_001036.jpg,real,test,0,0.6236134767532349,1,clean,medium
/media/D1/ait_users/staff122/deepfake_project/outputs_deepfake_project/dfdc_subset_77_jpg/test/real/real_001037.jpg,real,test,0,0.02766464464366436,0,clean,medium
/media/D1/ait_users/staff122/deepfake_project/outputs_deepfake_project/dfdc_subset_77_jpg/test/real/real_001038.jpg,real,test,0,0.5804096460342407,1,clean,medium
/media/D1/ait_users/staff122/deepfake_project/outputs_deepfake_project/dfdc_subset_77_jpg/test/real/real_001039.jpg,real,test,0,0.03567636013031006,0,clean,medium
/media/D1/ait_users/staff122/deepfake_project/outputs_deepfake_project/dfdc_subset_77_jpg/test/real/real_001040.jpg,real,test,0,0.041366029530763626,0,clean,medium
/media/D1/ait_users/staff122/deepfake_project/outputs_deepfake_project/dfdc_subset_77_jpg/test/real/real_001041.jpg,real,test,0,0.05973796918988228,0,clean,medium
/media/D1/ait_users/staff122/deepfake_project/outputs_deepfake_project/dfdc_subset_77_jpg/test/real/real_001042.jpg,real,test,0,0.062030449509620667,0,clean,medium
/media/D1/ait_users/staff122/deepfake_project/outputs_deepfake_project/dfdc_subset_77_jpg/test/real/real_001043.jpg,real,test,0,0.1527600884437561,0,clean,medium
/media/D1/ait_users/staff122/deepfake_project/outputs_deepfake_project/dfdc_subset_77_jpg/test/real/real_001044.jpg,real,test,0,0.07213761657476425,0,clean,medium
/media/D1/ait_users/staff122/deepfake_project/outputs_deepfake_project/dfdc_subset_77_jpg/test/real/real_001045.jpg,real,test,0,0.002564922906458378,0,clean,medium
/media/D1/ait_users/staff122/deepfake_project/outputs_deepfake_project/dfdc_subset_77_jpg/test/real/real_001046.jpg,real,test,0,0.0032229379285126925,0,clean,medium
/media/D1/ait_users/staff122/deepfake_project/outputs_deepfake_project/dfdc_subset_77_jpg/test/real/real_001047.jpg,real,test,0,0.047851599752902985,0,clean,medium
/media/D1/ait_users/staff122/deepfake_project/outputs_deepfake_project/dfdc_subset_77_jpg/test/real/real_001048.jpg,real,test,0,0.06798508018255234,0,clean,medium
/media/D1/ait_users/staff122/deepfake_project/outputs_deepfake_project/dfdc_subset_77_jpg/test/real/real_001049.jpg,real,test,0,0.04225799813866615,0,clean,medium
/media/D1/ait_users/staff122/deepfake_project/outputs_deepfake_project/dfdc_subset_77_jpg/test/real/real_001050.jpg,real,test,0,0.6740064024925232,1,clean,medium
/media/D1/ait_users/staff122/deepfake_project/outputs_deepfake_project/dfdc_subset_77_jpg/test/real/real_001051.jpg,real,test,0,0.01592610776424408,0,clean,medium
/media/D1/ait_users/staff122/deepfake_project/outputs_deepfake_project/dfdc_subset_77_jpg/test/real/real_001052.jpg,real,test,0,0.011181498877704144,0,clean,medium
/media/D1/ait_users/staff122/deepfake_project/outputs_deepfake_project/dfdc_subset_77_jpg/test/real/real_001053.jpg,real,test,0,0.09083831310272217,0,clean,medium
/media/D1/ait_users/staff122/deepfake_project/outputs_deepfake_project/dfdc_subset_77_jpg/test/real/real_001054.jpg,real,test,0,0.11816442757844925,0,clean,medium
/media/D1/ait_users/staff122/deepfake_project/outputs_deepfake_project/dfdc_subset_77_jpg/test/real/real_001055.jpg,real,test,0,0.1898096203804016,0,clean,medium
/media/D1/ait_users/staff122/deepfake_project/outputs_deepfake_project/dfdc_subset_77_jpg/test/real/real_001056.jpg,real,test,0,0.9107798933982849,1,clean,medium
/media/D1/ait_users/staff122/deepfake_project/outputs_deepfake_project/dfdc_subset_77_jpg/test/real/real_001057.jpg,real,test,0,0.6078806519508362,1,clean,medium
/media/D1/ait_users/staff122/deepfake_project/outputs_deepfake_project/dfdc_subset_77_jpg/test/real/real_001058.jpg,real,test,0,0.9258272647857666,1,clean,medium
/media/D1/ait_users/staff122/deepfake_project/outputs_deepfake_project/dfdc_subset_77_jpg/test/real/real_001059.jpg,real,test,0,0.6093838214874268,1,clean,medium
/media/D1/ait_users/staff122/deepfake_project/outputs_deepfake_project/dfdc_subset_77_jpg/test/real/real_001060.jpg,real,test,0,0.8906086087226868,1,clean,medium
/media/D1/ait_users/staff122/deepfake_project/outputs_deepfake_project/dfdc_subset_77_jpg/test/real/real_001061.jpg,real,test,0,0.9067165851593018,1,clean,medium
/media/D1/ait_users/staff122/deepfake_project/outputs_deepfake_project/dfdc_subset_77_jpg/test/real/real_001062.jpg,real,test,0,0.3583424389362335,0,clean,medium
/media/D1/ait_users/staff122/deepfake_project/outputs_deepfake_project/dfdc_subset_77_jpg/test/real/real_001063.jpg,real,test,0,0.9100667834281921,1,clean,medium
/media/D1/ait_users/staff122/deepfake_project/outputs_deepfake_project/dfdc_subset_77_jpg/test/real/real_001064.jpg,real,test,0,0.9163134694099426,1,clean,medium
/media/D1/ait_users/staff122/deepfake_project/outputs_deepfake_project/dfdc_subset_77_jpg/test/real/real_001065.jpg,real,test,0,0.558495283126831,1,clean,medium
/media/D1/ait_users/staff122/deepfake_project/outputs_deepfake_project/dfdc_subset_77_jpg/test/real/real_001066.jpg,real,test,0,0.9329777359962463,1,clean,medium
/media/D1/ait_users/staff122/deepfake_project/outputs_deepfake_project/dfdc_subset_77_jpg/test/real/real_001067.jpg,real,test,0,0.66432124376297,1,clean,medium
/media/D1/ait_users/staff122/deepfake_project/outputs_deepfake_project/dfdc_subset_77_jpg/test/real/real_001068.jpg,real,test,0,0.5567030906677246,1,clean,medium
/media/D1/ait_users/staff122/deepfake_project/outputs_deepfake_project/dfdc_subset_77_jpg/test/real/real_001069.jpg,real,test,0,0.912992000579834,1,clean,medium
/media/D1/ait_users/staff122/deepfake_project/outputs_deepfake_project/dfdc_subset_77_jpg/test/real/real_001070.jpg,real,test,0,0.9193284511566162,1,clean,medium
/media/D1/ait_users/staff122/deepfake_project/outputs_deepfake_project/dfdc_subset_77_jpg/test/real/real_001071.jpg,real,test,0,0.9099987745285034,1,clean,medium
/media/D1/ait_users/staff122/deepfake_project/outputs_deepfake_project/dfdc_subset_77_jpg/test/real/real_001072.jpg,real,test,0,0.5949621200561523,1,clean,medium
/media/D1/ait_users/staff122/deepfake_project/outputs_deepfake_project/dfdc_subset_77_jpg/test/real/real_001073.jpg,real,test,0,0.8837653398513794,1,clean,medium
/media/D1/ait_users/staff122/deepfake_project/outputs_deepfake_project/dfdc_subset_77_jpg/test/real/real_001074.jpg,real,test,0,0.3396192491054535,0,clean,medium
/media/D1/ait_users/staff122/deepfake_project/outputs_deepfake_project/dfdc_subset_77_jpg/test/real/real_001075.jpg,real,test,0,0.8570644855499268,1,clean,medium
/media/D1/ait_users/staff122/deepfake_project/outputs_deepfake_project/dfdc_subset_77_jpg/test/real/real_001076.jpg,real,test,0,0.9033425450325012,1,clean,medium
/media/D1/ait_users/staff122/deepfake_project/outputs_deepfake_project/dfdc_subset_77_jpg/test/real/real_001077.jpg,real,test,0,0.9020738005638123,1,clean,medium
/media/D1/ait_users/staff122/deepfake_project/outputs_deepfake_project/dfdc_subset_77_jpg/test/real/real_001078.jpg,real,test,0,0.8802986741065979,1,clean,medium
/media/D1/ait_users/staff122/deepfake_project/outputs_deepfake_project/dfdc_subset_77_jpg/test/real/real_001079.jpg,real,test,0,0.8913595676422119,1,clean,medium
/media/D1/ait_users/staff122/deepfake_project/outputs_deepfake_project/dfdc_subset_77_jpg/test/real/real_001080.jpg,real,test,0,0.9267263412475586,1,clean,medium
/media/D1/ait_users/staff122/deepfake_project/outputs_deepfake_project/dfdc_subset_77_jpg/test/real/real_001081.jpg,real,test,0,0.8731557130813599,1,clean,medium
/media/D1/ait_users/staff122/deepfake_project/outputs_deepfake_project/dfdc_subset_77_jpg/test/real/real_001082.jpg,real,test,0,0.8630470037460327,1,clean,medium
/media/D1/ait_users/staff122/deepfake_project/outputs_deepfake_project/dfdc_subset_77_jpg/test/real/real_001083.jpg,real,test,0,0.8357400894165039,1,clean,medium
/media/D1/ait_users/staff122/deepfake_project/outputs_deepfake_project/dfdc_subset_77_jpg/test/real/real_001084.jpg,real,test,0,0.8477107882499695,1,clean,medium
/media/D1/ait_users/staff122/deepfake_project/outputs_deepfake_project/dfdc_subset_77_jpg/test/real/real_001085.jpg,real,test,0,0.8694900870323181,1,clean,medium
/media/D1/ait_users/staff122/deepfake_project/outputs_deepfake_project/dfdc_subset_77_jpg/test/real/real_001086.jpg,real,test,0,0.851611316204071,1,clean,medium
/media/D1/ait_users/staff122/deepfake_project/outputs_deepfake_project/dfdc_subset_77_jpg/test/real/real_001087.jpg,real,test,0,0.8425897359848022,1,clean,medium
/media/D1/ait_users/staff122/deepfake_project/outputs_deepfake_project/dfdc_subset_77_jpg/test/real/real_001088.jpg,real,test,0,0.6776859760284424,1,clean,medium
/media/D1/ait_users/staff122/deepfake_project/outputs_deepfake_project/dfdc_subset_77_jpg/test/real/real_001089.jpg,real,test,0,0.18579965829849243,0,clean,medium
/media/D1/ait_users/staff122/deepfake_project/outputs_deepfake_project/dfdc_subset_77_jpg/test/real/real_001090.jpg,real,test,0,0.1662236750125885,0,clean,medium
/media/D1/ait_users/staff122/deepfake_project/outputs_deepfake_project/dfdc_subset_77_jpg/test/real/real_001091.jpg,real,test,0,0.18381518125534058,0,clean,medium
/media/D1/ait_users/staff122/deepfake_project/outputs_deepfake_project/dfdc_subset_77_jpg/test/real/real_001092.jpg,real,test,0,0.15761984884738922,0,clean,medium
/media/D1/ait_users/staff122/deepfake_project/outputs_deepfake_project/dfdc_subset_77_jpg/test/real/real_001093.jpg,real,test,0,0.07703625410795212,0,clean,medium
/media/D1/ait_users/staff122/deepfake_project/outputs_deepfake_project/dfdc_subset_77_jpg/test/real/real_001094.jpg,real,test,0,0.12627099454402924,0,clean,medium
/media/D1/ait_users/staff122/deepfake_project/outputs_deepfake_project/dfdc_subset_77_jpg/test/real/real_001095.jpg,real,test,0,0.22268301248550415,0,clean,medium
/media/D1/ait_users/staff122/deepfake_project/outputs_deepfake_project/dfdc_subset_77_jpg/test/real/real_001096.jpg,real,test,0,0.1389961838722229,0,clean,medium
/media/D1/ait_users/staff122/deepfake_project/outputs_deepfake_project/dfdc_subset_77_jpg/test/real/real_001097.jpg,real,test,0,0.12605108320713043,0,clean,medium
/media/D1/ait_users/staff122/deepfake_project/outputs_deepfake_project/dfdc_subset_77_jpg/test/real/real_001098.jpg,real,test,0,0.1343570500612259,0,clean,medium
/media/D1/ait_users/staff122/deepfake_project/outputs_deepfake_project/dfdc_subset_77_jpg/test/real/real_001099.jpg,real,test,0,0.0794852003455162,0,clean,medium
/media/D1/ait_users/staff122/deepfake_project/outputs_deepfake_project/dfdc_subset_77_jpg/test/real/real_001100.jpg,real,test,0,0.052856381982564926,0,clean,medium
/media/D1/ait_users/staff122/deepfake_project/outputs_deepfake_project/dfdc_subset_77_jpg/test/real/real_001101.jpg,real,test,0,0.0826176255941391,0,clean,medium
/media/D1/ait_users/staff122/deepfake_project/outputs_deepfake_project/dfdc_subset_77_jpg/test/real/real_001102.jpg,real,test,0,0.176374152302742,0,clean,medium
/media/D1/ait_users/staff122/deepfake_project/outputs_deepfake_project/dfdc_subset_77_jpg/test/real/real_001103.jpg,real,test,0,0.5271811485290527,1,clean,medium
/media/D1/ait_users/staff122/deepfake_project/outputs_deepfake_project/dfdc_subset_77_jpg/test/real/real_001104.jpg,real,test,0,0.08841822296380997,0,clean,medium
/media/D1/ait_users/staff122/deepfake_project/outputs_deepfake_project/dfdc_subset_77_jpg/test/real/real_001105.jpg,real,test,0,0.021935544908046722,0,clean,medium
/media/D1/ait_users/staff122/deepfake_project/outputs_deepfake_project/dfdc_subset_77_jpg/test/real/real_001106.jpg,real,test,0,0.026494482532143593,0,clean,medium
/media/D1/ait_users/staff122/deepfake_project/outputs_deepfake_project/dfdc_subset_77_jpg/test/real/real_001107.jpg,real,test,0,0.1649075150489807,0,clean,medium
/media/D1/ait_users/staff122/deepfake_project/outputs_deepfake_project/dfdc_subset_77_jpg/test/real/real_001108.jpg,real,test,0,0.061369385570287704,0,clean,medium
/media/D1/ait_users/staff122/deepfake_project/outputs_deepfake_project/dfdc_subset_77_jpg/test/real/real_001109.jpg,real,test,0,0.856895387172699,1,clean,medium
/media/D1/ait_users/staff122/deepfake_project/outputs_deepfake_project/dfdc_subset_77_jpg/test/real/real_001110.jpg,real,test,0,0.14859610795974731,0,clean,medium
/media/D1/ait_users/staff122/deepfake_project/outputs_deepfake_project/dfdc_subset_77_jpg/test/real/real_001111.jpg,real,test,0,0.4287945032119751,0,clean,medium
/media/D1/ait_users/staff122/deepfake_project/outputs_deepfake_project/dfdc_subset_77_jpg/test/real/real_001112.jpg,real,test,0,0.17976805567741394,0,clean,medium
/media/D1/ait_users/staff122/deepfake_project/outputs_deepfake_project/dfdc_subset_77_jpg/test/real/real_001113.jpg,real,test,0,0.42164480686187744,0,clean,medium
/media/D1/ait_users/staff122/deepfake_project/outputs_deepfake_project/dfdc_subset_77_jpg/test/real/real_001114.jpg,real,test,0,0.32090315222740173,0,clean,medium
/media/D1/ait_users/staff122/deepfake_project/outputs_deepfake_project/dfdc_subset_77_jpg/test/real/real_001115.jpg,real,test,0,0.16072624921798706,0,clean,medium
/media/D1/ait_users/staff122/deepfake_project/outputs_deepfake_project/dfdc_subset_77_jpg/test/real/real_001116.jpg,real,test,0,0.6432651281356812,1,clean,medium
/media/D1/ait_users/staff122/deepfake_project/outputs_deepfake_project/dfdc_subset_77_jpg/test/real/real_001117.jpg,real,test,0,0.20004819333553314,0,clean,medium
/media/D1/ait_users/staff122/deepfake_project/outputs_deepfake_project/dfdc_subset_77_jpg/test/real/real_001118.jpg,real,test,0,0.3063479959964752,0,clean,medium
/media/D1/ait_users/staff122/deepfake_project/outputs_deepfake_project/dfdc_subset_77_jpg/test/real/real_001119.jpg,real,test,0,0.4425259530544281,0,clean,medium
/media/D1/ait_users/staff122/deepfake_project/outputs_deepfake_project/dfdc_subset_77_jpg/test/real/real_001120.jpg,real,test,0,0.026936285197734833,0,clean,medium
/media/D1/ait_users/staff122/deepfake_project/outputs_deepfake_project/dfdc_subset_77_jpg/test/real/real_001121.jpg,real,test,0,0.0936887338757515,0,clean,medium
/media/D1/ait_users/staff122/deepfake_project/outputs_deepfake_project/dfdc_subset_77_jpg/test/real/real_001122.jpg,real,test,0,0.7307412624359131,1,clean,medium
/media/D1/ait_users/staff122/deepfake_project/outputs_deepfake_project/dfdc_subset_77_jpg/test/real/real_001123.jpg,real,test,0,0.7117083668708801,1,clean,medium
/media/D1/ait_users/staff122/deepfake_project/outputs_deepfake_project/dfdc_subset_77_jpg/test/real/real_001124.jpg,real,test,0,0.14599570631980896,0,clean,medium
/media/D1/ait_users/staff122/deepfake_project/outputs_deepfake_project/dfdc_subset_77_jpg/test/real/real_001125.jpg,real,test,0,0.3034832179546356,0,clean,medium
/media/D1/ait_users/staff122/deepfake_project/outputs_deepfake_project/dfdc_subset_77_jpg/test/real/real_001126.jpg,real,test,0,0.3641362488269806,0,clean,medium
/media/D1/ait_users/staff122/deepfake_project/outputs_deepfake_project/dfdc_subset_77_jpg/test/real/real_001127.jpg,real,test,0,0.12428242713212967,0,clean,medium
/media/D1/ait_users/staff122/deepfake_project/outputs_deepfake_project/dfdc_subset_77_jpg/test/real/real_001128.jpg,real,test,0,0.18172389268875122,0,clean,medium
/media/D1/ait_users/staff122/deepfake_project/outputs_deepfake_project/dfdc_subset_77_jpg/test/real/real_001129.jpg,real,test,0,0.30312830209732056,0,clean,medium
/media/D1/ait_users/staff122/deepfake_project/outputs_deepfake_project/dfdc_subset_77_jpg/test/real/real_001130.jpg,real,test,0,0.6389219164848328,1,clean,medium
/media/D1/ait_users/staff122/deepfake_project/outputs_deepfake_project/dfdc_subset_77_jpg/test/real/real_001131.jpg,real,test,0,0.5733934640884399,1,clean,medium
/media/D1/ait_users/staff122/deepfake_project/outputs_deepfake_project/dfdc_subset_77_jpg/test/real/real_001132.jpg,real,test,0,0.7221269607543945,1,clean,medium
/media/D1/ait_users/staff122/deepfake_project/outputs_deepfake_project/dfdc_subset_77_jpg/test/real/real_001133.jpg,real,test,0,0.8573809266090393,1,clean,medium
/media/D1/ait_users/staff122/deepfake_project/outputs_deepfake_project/dfdc_subset_77_jpg/test/real/real_001134.jpg,real,test,0,0.08932248502969742,0,clean,medium
/media/D1/ait_users/staff122/deepfake_project/outputs_deepfake_project/dfdc_subset_77_jpg/test/real/real_001135.jpg,real,test,0,0.28916484117507935,0,clean,medium
/media/D1/ait_users/staff122/deepfake_project/outputs_deepfake_project/dfdc_subset_77_jpg/test/real/real_001136.jpg,real,test,0,0.6631893515586853,1,clean,medium
/media/D1/ait_users/staff122/deepfake_project/outputs_deepfake_project/dfdc_subset_77_jpg/test/real/real_001137.jpg,real,test,0,0.8397180438041687,1,clean,medium
/media/D1/ait_users/staff122/deepfake_project/outputs_deepfake_project/dfdc_subset_77_jpg/test/real/real_001138.jpg,real,test,0,0.19330830872058868,0,clean,medium
/media/D1/ait_users/staff122/deepfake_project/outputs_deepfake_project/dfdc_subset_77_jpg/test/real/real_001139.jpg,real,test,0,0.3886406719684601,0,clean,medium
/media/D1/ait_users/staff122/deepfake_project/outputs_deepfake_project/dfdc_subset_77_jpg/test/real/real_001140.jpg,real,test,0,0.16382232308387756,0,clean,medium
/media/D1/ait_users/staff122/deepfake_project/outputs_deepfake_project/dfdc_subset_77_jpg/test/real/real_001141.jpg,real,test,0,0.9435023665428162,1,clean,medium
/media/D1/ait_users/staff122/deepfake_project/outputs_deepfake_project/dfdc_subset_77_jpg/test/real/real_001142.jpg,real,test,0,0.07244002819061279,0,clean,medium
/media/D1/ait_users/staff122/deepfake_project/outputs_deepfake_project/dfdc_subset_77_jpg/test/real/real_001143.jpg,real,test,0,0.25070539116859436,0,clean,medium
/media/D1/ait_users/staff122/deepfake_project/outputs_deepfake_project/dfdc_subset_77_jpg/test/real/real_001144.jpg,real,test,0,0.12741556763648987,0,clean,medium
/media/D1/ait_users/staff122/deepfake_project/outputs_deepfake_project/dfdc_subset_77_jpg/test/real/real_001145.jpg,real,test,0,0.10416405647993088,0,clean,medium
/media/D1/ait_users/staff122/deepfake_project/outputs_deepfake_project/dfdc_subset_77_jpg/test/real/real_001146.jpg,real,test,0,0.3732210695743561,0,clean,medium
/media/D1/ait_users/staff122/deepfake_project/outputs_deepfake_project/dfdc_subset_77_jpg/test/real/real_001147.jpg,real,test,0,0.17248424887657166,0,clean,medium
/media/D1/ait_users/staff122/deepfake_project/outputs_deepfake_project/dfdc_subset_77_jpg/test/real/real_001148.jpg,real,test,0,0.14420351386070251,0,clean,medium
/media/D1/ait_users/staff122/deepfake_project/outputs_deepfake_project/dfdc_subset_77_jpg/test/real/real_001149.jpg,real,test,0,0.08492067456245422,0,clean,medium
/media/D1/ait_users/staff122/deepfake_project/outputs_deepfake_project/dfdc_subset_77_jpg/test/real/real_001150.jpg,real,test,0,0.01299795787781477,0,clean,medium
/media/D1/ait_users/staff122/deepfake_project/outputs_deepfake_project/dfdc_subset_77_jpg/test/real/real_001151.jpg,real,test,0,0.09924361854791641,0,clean,medium
/media/D1/ait_users/staff122/deepfake_project/outputs_deepfake_project/dfdc_subset_77_jpg/test/real/real_001152.jpg,real,test,0,0.5173118710517883,1,clean,medium
/media/D1/ait_users/staff122/deepfake_project/outputs_deepfake_project/dfdc_subset_77_jpg/test/real/real_001153.jpg,real,test,0,0.27998241782188416,0,clean,medium
/media/D1/ait_users/staff122/deepfake_project/outputs_deepfake_project/dfdc_subset_77_jpg/test/real/real_001154.jpg,real,test,0,0.37709754705429077,0,clean,medium
/media/D1/ait_users/staff122/deepfake_project/outputs_deepfake_project/dfdc_subset_77_jpg/test/real/real_001155.jpg,real,test,0,0.7737810611724854,1,clean,medium
/media/D1/ait_users/staff122/deepfake_project/outputs_deepfake_project/dfdc_subset_77_jpg/test/real/real_001156.jpg,real,test,0,0.2447488009929657,0,clean,medium
/media/D1/ait_users/staff122/deepfake_project/outputs_deepfake_project/dfdc_subset_77_jpg/test/real/real_001157.jpg,real,test,0,0.23894008994102478,0,clean,medium
/media/D1/ait_users/staff122/deepfake_project/outputs_deepfake_project/dfdc_subset_77_jpg/test/real/real_001158.jpg,real,test,0,0.3802047371864319,0,clean,medium
/media/D1/ait_users/staff122/deepfake_project/outputs_deepfake_project/dfdc_subset_77_jpg/test/real/real_001159.jpg,real,test,0,0.45483899116516113,0,clean,medium
/media/D1/ait_users/staff122/deepfake_project/outputs_deepfake_project/dfdc_subset_77_jpg/test/real/real_001160.jpg,real,test,0,0.41534242033958435,0,clean,medium
/media/D1/ait_users/staff122/deepfake_project/outputs_deepfake_project/dfdc_subset_77_jpg/test/real/real_001161.jpg,real,test,0,0.7382237315177917,1,clean,medium
/media/D1/ait_users/staff122/deepfake_project/outputs_deepfake_project/dfdc_subset_77_jpg/test/real/real_001162.jpg,real,test,0,0.03510375693440437,0,clean,medium
/media/D1/ait_users/staff122/deepfake_project/outputs_deepfake_project/dfdc_subset_77_jpg/test/real/real_001163.jpg,real,test,0,0.7014439702033997,1,clean,medium
/media/D1/ait_users/staff122/deepfake_project/outputs_deepfake_project/dfdc_subset_77_jpg/test/real/real_001164.jpg,real,test,0,0.28111594915390015,0,clean,medium
/media/D1/ait_users/staff122/deepfake_project/outputs_deepfake_project/dfdc_subset_77_jpg/test/real/real_001165.jpg,real,test,0,0.15638938546180725,0,clean,medium
/media/D1/ait_users/staff122/deepfake_project/outputs_deepfake_project/dfdc_subset_77_jpg/test/real/real_001166.jpg,real,test,0,0.6124975085258484,1,clean,medium
/media/D1/ait_users/staff122/deepfake_project/outputs_deepfake_project/dfdc_subset_77_jpg/test/real/real_001167.jpg,real,test,0,0.8197896480560303,1,clean,medium
/media/D1/ait_users/staff122/deepfake_project/outputs_deepfake_project/dfdc_subset_77_jpg/test/real/real_001168.jpg,real,test,0,0.1470915675163269,0,clean,medium
/media/D1/ait_users/staff122/deepfake_project/outputs_deepfake_project/dfdc_subset_77_jpg/test/real/real_001169.jpg,real,test,0,0.9370434880256653,1,clean,medium
/media/D1/ait_users/staff122/deepfake_project/outputs_deepfake_project/dfdc_subset_77_jpg/test/real/real_001170.jpg,real,test,0,0.5679731369018555,1,clean,medium
/media/D1/ait_users/staff122/deepfake_project/outputs_deepfake_project/dfdc_subset_77_jpg/test/real/real_001171.jpg,real,test,0,0.3713515102863312,0,clean,medium
/media/D1/ait_users/staff122/deepfake_project/outputs_deepfake_project/dfdc_subset_77_jpg/test/real/real_001172.jpg,real,test,0,0.1568000465631485,0,clean,medium
/media/D1/ait_users/staff122/deepfake_project/outputs_deepfake_project/dfdc_subset_77_jpg/test/real/real_001173.jpg,real,test,0,0.24776646494865417,0,clean,medium
/media/D1/ait_users/staff122/deepfake_project/outputs_deepfake_project/dfdc_subset_77_jpg/test/real/real_001174.jpg,real,test,0,0.07219860702753067,0,clean,medium
/media/D1/ait_users/staff122/deepfake_project/outputs_deepfake_project/dfdc_subset_77_jpg/test/real/real_001175.jpg,real,test,0,0.052322279661893845,0,clean,medium
/media/D1/ait_users/staff122/deepfake_project/outputs_deepfake_project/dfdc_subset_77_jpg/test/real/real_001176.jpg,real,test,0,0.06628694385290146,0,clean,medium
/media/D1/ait_users/staff122/deepfake_project/outputs_deepfake_project/dfdc_subset_77_jpg/test/real/real_001177.jpg,real,test,0,0.387063205242157,0,clean,medium
/media/D1/ait_users/staff122/deepfake_project/outputs_deepfake_project/dfdc_subset_77_jpg/test/real/real_001178.jpg,real,test,0,0.4784832298755646,0,clean,medium
/media/D1/ait_users/staff122/deepfake_project/outputs_deepfake_project/dfdc_subset_77_jpg/test/real/real_001179.jpg,real,test,0,0.05385780707001686,0,clean,medium
/media/D1/ait_users/staff122/deepfake_project/outputs_deepfake_project/dfdc_subset_77_jpg/test/real/real_001180.jpg,real,test,0,0.07531002908945084,0,clean,medium
/media/D1/ait_users/staff122/deepfake_project/outputs_deepfake_project/dfdc_subset_77_jpg/test/real/real_001181.jpg,real,test,0,0.4627186954021454,0,clean,medium
/media/D1/ait_users/staff122/deepfake_project/outputs_deepfake_project/dfdc_subset_77_jpg/test/real/real_001182.jpg,real,test,0,0.580268383026123,1,clean,medium
/media/D1/ait_users/staff122/deepfake_project/outputs_deepfake_project/dfdc_subset_77_jpg/test/real/real_001183.jpg,real,test,0,0.3773670792579651,0,clean,medium
/media/D1/ait_users/staff122/deepfake_project/outputs_deepfake_project/dfdc_subset_77_jpg/test/real/real_001184.jpg,real,test,0,0.0021998421289026737,0,clean,medium
/media/D1/ait_users/staff122/deepfake_project/outputs_deepfake_project/dfdc_subset_77_jpg/test/real/real_001185.jpg,real,test,0,0.1701822280883789,0,clean,medium
/media/D1/ait_users/staff122/deepfake_project/outputs_deepfake_project/dfdc_subset_77_jpg/test/real/real_001186.jpg,real,test,0,0.01698642410337925,0,clean,medium
/media/D1/ait_users/staff122/deepfake_project/outputs_deepfake_project/dfdc_subset_77_jpg/test/real/real_001187.jpg,real,test,0,0.020295627415180206,0,clean,medium
/media/D1/ait_users/staff122/deepfake_project/outputs_deepfake_project/dfdc_subset_77_jpg/test/real/real_001188.jpg,real,test,0,0.024592449888586998,0,clean,medium
/media/D1/ait_users/staff122/deepfake_project/outputs_deepfake_project/dfdc_subset_77_jpg/test/real/real_001189.jpg,real,test,0,0.04212760180234909,0,clean,medium
/media/D1/ait_users/staff122/deepfake_project/outputs_deepfake_project/dfdc_subset_77_jpg/test/real/real_001190.jpg,real,test,0,0.29604753851890564,0,clean,medium
/media/D1/ait_users/staff122/deepfake_project/outputs_deepfake_project/dfdc_subset_77_jpg/test/real/real_001191.jpg,real,test,0,0.2553330659866333,0,clean,medium
/media/D1/ait_users/staff122/deepfake_project/outputs_deepfake_project/dfdc_subset_77_jpg/test/real/real_001192.jpg,real,test,0,0.13604702055454254,0,clean,medium
/media/D1/ait_users/staff122/deepfake_project/outputs_deepfake_project/dfdc_subset_77_jpg/test/real/real_001193.jpg,real,test,0,0.19982552528381348,0,clean,medium
/media/D1/ait_users/staff122/deepfake_project/outputs_deepfake_project/dfdc_subset_77_jpg/test/real/real_001194.jpg,real,test,0,0.1141599491238594,0,clean,medium
/media/D1/ait_users/staff122/deepfake_project/outputs_deepfake_project/dfdc_subset_77_jpg/test/real/real_001195.jpg,real,test,0,0.24655470252037048,0,clean,medium
/media/D1/ait_users/staff122/deepfake_project/outputs_deepfake_project/dfdc_subset_77_jpg/test/real/real_001196.jpg,real,test,0,0.28726884722709656,0,clean,medium
/media/D1/ait_users/staff122/deepfake_project/outputs_deepfake_project/dfdc_subset_77_jpg/test/real/real_001197.jpg,real,test,0,0.23207764327526093,0,clean,medium
/media/D1/ait_users/staff122/deepfake_project/outputs_deepfake_project/dfdc_subset_77_jpg/test/real/real_001198.jpg,real,test,0,0.034977708011865616,0,clean,medium
/media/D1/ait_users/staff122/deepfake_project/outputs_deepfake_project/dfdc_subset_77_jpg/test/real/real_001199.jpg,real,test,0,0.006586360279470682,0,clean,medium
/media/D1/ait_users/staff122/deepfake_project/outputs_deepfake_project/dfdc_subset_77_jpg/test/real/real_001200.jpg,real,test,0,0.017124952748417854,0,clean,medium
/media/D1/ait_users/staff122/deepfake_project/outputs_deepfake_project/dfdc_subset_77_jpg/test/real/real_001201.jpg,real,test,0,0.2158198207616806,0,clean,medium
/media/D1/ait_users/staff122/deepfake_project/outputs_deepfake_project/dfdc_subset_77_jpg/test/real/real_001202.jpg,real,test,0,0.2765858769416809,0,clean,medium
/media/D1/ait_users/staff122/deepfake_project/outputs_deepfake_project/dfdc_subset_77_jpg/test/real/real_001203.jpg,real,test,0,0.6702621579170227,1,clean,medium
/media/D1/ait_users/staff122/deepfake_project/outputs_deepfake_project/dfdc_subset_77_jpg/test/real/real_001204.jpg,real,test,0,0.27513977885246277,0,clean,medium
/media/D1/ait_users/staff122/deepfake_project/outputs_deepfake_project/dfdc_subset_77_jpg/test/real/real_001205.jpg,real,test,0,0.023616209626197815,0,clean,medium
/media/D1/ait_users/staff122/deepfake_project/outputs_deepfake_project/dfdc_subset_77_jpg/test/real/real_001206.jpg,real,test,0,0.06854959577322006,0,clean,medium
/media/D1/ait_users/staff122/deepfake_project/outputs_deepfake_project/dfdc_subset_77_jpg/test/real/real_001207.jpg,real,test,0,0.17160847783088684,0,clean,medium
/media/D1/ait_users/staff122/deepfake_project/outputs_deepfake_project/dfdc_subset_77_jpg/test/real/real_001208.jpg,real,test,0,0.03196544945240021,0,clean,medium
/media/D1/ait_users/staff122/deepfake_project/outputs_deepfake_project/dfdc_subset_77_jpg/test/real/real_001209.jpg,real,test,0,0.01822458952665329,0,clean,medium
/media/D1/ait_users/staff122/deepfake_project/outputs_deepfake_project/dfdc_subset_77_jpg/test/real/real_001210.jpg,real,test,0,0.002102338243275881,0,clean,medium
/media/D1/ait_users/staff122/deepfake_project/outputs_deepfake_project/dfdc_subset_77_jpg/test/real/real_001211.jpg,real,test,0,0.09729524701833725,0,clean,medium
/media/D1/ait_users/staff122/deepfake_project/outputs_deepfake_project/dfdc_subset_77_jpg/test/real/real_001212.jpg,real,test,0,0.8793322443962097,1,clean,medium
/media/D1/ait_users/staff122/deepfake_project/outputs_deepfake_project/dfdc_subset_77_jpg/test/real/real_001213.jpg,real,test,0,0.1145353615283966,0,clean,medium
/media/D1/ait_users/staff122/deepfake_project/outputs_deepfake_project/dfdc_subset_77_jpg/test/real/real_001214.jpg,real,test,0,0.49949848651885986,0,clean,medium
/media/D1/ait_users/staff122/deepfake_project/outputs_deepfake_project/dfdc_subset_77_jpg/test/real/real_001215.jpg,real,test,0,0.8993889689445496,1,clean,medium
/media/D1/ait_users/staff122/deepfake_project/outputs_deepfake_project/dfdc_subset_77_jpg/test/real/real_001216.jpg,real,test,0,0.21707211434841156,0,clean,medium
/media/D1/ait_users/staff122/deepfake_project/outputs_deepfake_project/dfdc_subset_77_jpg/test/real/real_001217.jpg,real,test,0,0.15054123103618622,0,clean,medium
/media/D1/ait_users/staff122/deepfake_project/outputs_deepfake_project/dfdc_subset_77_jpg/test/real/real_001218.jpg,real,test,0,0.22282622754573822,0,clean,medium
/media/D1/ait_users/staff122/deepfake_project/outputs_deepfake_project/dfdc_subset_77_jpg/test/real/real_001219.jpg,real,test,0,0.20365191996097565,0,clean,medium
/media/D1/ait_users/staff122/deepfake_project/outputs_deepfake_project/dfdc_subset_77_jpg/test/real/real_001220.jpg,real,test,0,0.20749399065971375,0,clean,medium
/media/D1/ait_users/staff122/deepfake_project/outputs_deepfake_project/dfdc_subset_77_jpg/test/real/real_001221.jpg,real,test,0,0.18788617849349976,0,clean,medium
/media/D1/ait_users/staff122/deepfake_project/outputs_deepfake_project/dfdc_subset_77_jpg/test/real/real_001222.jpg,real,test,0,0.25238630175590515,0,clean,medium
/media/D1/ait_users/staff122/deepfake_project/outputs_deepfake_project/dfdc_subset_77_jpg/test/real/real_001223.jpg,real,test,0,0.4340292811393738,0,clean,medium
/media/D1/ait_users/staff122/deepfake_project/outputs_deepfake_project/dfdc_subset_77_jpg/test/real/real_001224.jpg,real,test,0,0.20213903486728668,0,clean,medium
/media/D1/ait_users/staff122/deepfake_project/outputs_deepfake_project/dfdc_subset_77_jpg/test/real/real_001225.jpg,real,test,0,0.19600719213485718,0,clean,medium
/media/D1/ait_users/staff122/deepfake_project/outputs_deepfake_project/dfdc_subset_77_jpg/test/real/real_001226.jpg,real,test,0,0.24189557135105133,0,clean,medium
/media/D1/ait_users/staff122/deepfake_project/outputs_deepfake_project/dfdc_subset_77_jpg/test/real/real_001227.jpg,real,test,0,0.21423962712287903,0,clean,medium
/media/D1/ait_users/staff122/deepfake_project/outputs_deepfake_project/dfdc_subset_77_jpg/test/real/real_001228.jpg,real,test,0,0.13500314950942993,0,clean,medium
/media/D1/ait_users/staff122/deepfake_project/outputs_deepfake_project/dfdc_subset_77_jpg/test/real/real_001229.jpg,real,test,0,0.1839272677898407,0,clean,medium
/media/D1/ait_users/staff122/deepfake_project/outputs_deepfake_project/dfdc_subset_77_jpg/test/real/real_001230.jpg,real,test,0,0.25145554542541504,0,clean,medium
/media/D1/ait_users/staff122/deepfake_project/outputs_deepfake_project/dfdc_subset_77_jpg/test/real/real_001231.jpg,real,test,0,0.200021892786026,0,clean,medium
/media/D1/ait_users/staff122/deepfake_project/outputs_deepfake_project/dfdc_subset_77_jpg/test/real/real_001232.jpg,real,test,0,0.43817847967147827,0,clean,medium
/media/D1/ait_users/staff122/deepfake_project/outputs_deepfake_project/dfdc_subset_77_jpg/test/real/real_001233.jpg,real,test,0,0.16709928214550018,0,clean,medium
/media/D1/ait_users/staff122/deepfake_project/outputs_deepfake_project/dfdc_subset_77_jpg/test/real/real_001234.jpg,real,test,0,0.31182634830474854,0,clean,medium
/media/D1/ait_users/staff122/deepfake_project/outputs_deepfake_project/dfdc_subset_77_jpg/test/real/real_001235.jpg,real,test,0,0.5241342782974243,1,clean,medium
/media/D1/ait_users/staff122/deepfake_project/outputs_deepfake_project/dfdc_subset_77_jpg/test/real/real_001236.jpg,real,test,0,0.10466824471950531,0,clean,medium
/media/D1/ait_users/staff122/deepfake_project/outputs_deepfake_project/dfdc_subset_77_jpg/test/real/real_001237.jpg,real,test,0,0.2087721973657608,0,clean,medium
/media/D1/ait_users/staff122/deepfake_project/outputs_deepfake_project/dfdc_subset_77_jpg/test/real/real_001238.jpg,real,test,0,0.5659592151641846,1,clean,medium
/media/D1/ait_users/staff122/deepfake_project/outputs_deepfake_project/dfdc_subset_77_jpg/test/real/real_001239.jpg,real,test,0,0.5767496228218079,1,clean,medium
/media/D1/ait_users/staff122/deepfake_project/outputs_deepfake_project/dfdc_subset_77_jpg/test/real/real_001240.jpg,real,test,0,0.15180183947086334,0,clean,medium
/media/D1/ait_users/staff122/deepfake_project/outputs_deepfake_project/dfdc_subset_77_jpg/test/real/real_001241.jpg,real,test,0,0.2810085117816925,0,clean,medium
/media/D1/ait_users/staff122/deepfake_project/outputs_deepfake_project/dfdc_subset_77_jpg/test/real/real_001242.jpg,real,test,0,0.3324206471443176,0,clean,medium
/media/D1/ait_users/staff122/deepfake_project/outputs_deepfake_project/dfdc_subset_77_jpg/test/real/real_001243.jpg,real,test,0,0.37065497040748596,0,clean,medium
/media/D1/ait_users/staff122/deepfake_project/outputs_deepfake_project/dfdc_subset_77_jpg/test/real/real_001244.jpg,real,test,0,0.27165260910987854,0,clean,medium
/media/D1/ait_users/staff122/deepfake_project/outputs_deepfake_project/dfdc_subset_77_jpg/test/real/real_001245.jpg,real,test,0,0.15773461759090424,0,clean,medium
/media/D1/ait_users/staff122/deepfake_project/outputs_deepfake_project/dfdc_subset_77_jpg/test/real/real_001246.jpg,real,test,0,0.2712137699127197,0,clean,medium
/media/D1/ait_users/staff122/deepfake_project/outputs_deepfake_project/dfdc_subset_77_jpg/test/real/real_001247.jpg,real,test,0,0.17464116215705872,0,clean,medium
/media/D1/ait_users/staff122/deepfake_project/outputs_deepfake_project/dfdc_subset_77_jpg/test/real/real_001248.jpg,real,test,0,0.5625466108322144,1,clean,medium
/media/D1/ait_users/staff122/deepfake_project/outputs_deepfake_project/dfdc_subset_77_jpg/test/real/real_001249.jpg,real,test,0,0.5507644414901733,1,clean,medium
/media/D1/ait_users/staff122/deepfake_project/outputs_deepfake_project/dfdc_subset_77_jpg/test/real/real_001250.jpg,real,test,0,0.5223312973976135,1,clean,medium
/media/D1/ait_users/staff122/deepfake_project/outputs_deepfake_project/dfdc_subset_77_jpg/test/real/real_001251.jpg,real,test,0,0.52042555809021,1,clean,medium
/media/D1/ait_users/staff122/deepfake_project/outputs_deepfake_project/dfdc_subset_77_jpg/test/real/real_001252.jpg,real,test,0,0.5246608853340149,1,clean,medium
/media/D1/ait_users/staff122/deepfake_project/outputs_deepfake_project/dfdc_subset_77_jpg/test/real/real_001253.jpg,real,test,0,0.5247654318809509,1,clean,medium
/media/D1/ait_users/staff122/deepfake_project/outputs_deepfake_project/dfdc_subset_77_jpg/test/real/real_001254.jpg,real,test,0,0.5299295783042908,1,clean,medium
/media/D1/ait_users/staff122/deepfake_project/outputs_deepfake_project/dfdc_subset_77_jpg/test/real/real_001255.jpg,real,test,0,0.4770154356956482,0,clean,medium
/media/D1/ait_users/staff122/deepfake_project/outputs_deepfake_project/dfdc_subset_77_jpg/test/real/real_001256.jpg,real,test,0,0.4867512583732605,0,clean,medium
/media/D1/ait_users/staff122/deepfake_project/outputs_deepfake_project/dfdc_subset_77_jpg/test/real/real_001257.jpg,real,test,0,0.5035593509674072,1,clean,medium
/media/D1/ait_users/staff122/deepfake_project/outputs_deepfake_project/dfdc_subset_77_jpg/test/real/real_001258.jpg,real,test,0,0.564793586730957,1,clean,medium
/media/D1/ait_users/staff122/deepfake_project/outputs_deepfake_project/dfdc_subset_77_jpg/test/real/real_001259.jpg,real,test,0,0.5396597385406494,1,clean,medium
/media/D1/ait_users/staff122/deepfake_project/outputs_deepfake_project/dfdc_subset_77_jpg/test/real/real_001260.jpg,real,test,0,0.49880340695381165,0,clean,medium
/media/D1/ait_users/staff122/deepfake_project/outputs_deepfake_project/dfdc_subset_77_jpg/test/real/real_001261.jpg,real,test,0,0.5070040225982666,1,clean,medium
/media/D1/ait_users/staff122/deepfake_project/outputs_deepfake_project/dfdc_subset_77_jpg/test/real/real_001262.jpg,real,test,0,0.4622257649898529,0,clean,medium
/media/D1/ait_users/staff122/deepfake_project/outputs_deepfake_project/dfdc_subset_77_jpg/test/real/real_001263.jpg,real,test,0,0.5098473429679871,1,clean,medium
/media/D1/ait_users/staff122/deepfake_project/outputs_deepfake_project/dfdc_subset_77_jpg/test/real/real_001264.jpg,real,test,0,0.541140615940094,1,clean,medium
/media/D1/ait_users/staff122/deepfake_project/outputs_deepfake_project/dfdc_subset_77_jpg/test/real/real_001265.jpg,real,test,0,0.5327946543693542,1,clean,medium
/media/D1/ait_users/staff122/deepfake_project/outputs_deepfake_project/dfdc_subset_77_jpg/test/real/real_001266.jpg,real,test,0,0.5724684596061707,1,clean,medium
/media/D1/ait_users/staff122/deepfake_project/outputs_deepfake_project/dfdc_subset_77_jpg/test/real/real_001267.jpg,real,test,0,0.5201693773269653,1,clean,medium
/media/D1/ait_users/staff122/deepfake_project/outputs_deepfake_project/dfdc_subset_77_jpg/test/real/real_001268.jpg,real,test,0,0.510201632976532,1,clean,medium
/media/D1/ait_users/staff122/deepfake_project/outputs_deepfake_project/dfdc_subset_77_jpg/test/real/real_001269.jpg,real,test,0,0.49117159843444824,0,clean,medium
/media/D1/ait_users/staff122/deepfake_project/outputs_deepfake_project/dfdc_subset_77_jpg/test/real/real_001270.jpg,real,test,0,0.5160436034202576,1,clean,medium
/media/D1/ait_users/staff122/deepfake_project/outputs_deepfake_project/dfdc_subset_77_jpg/test/real/real_001271.jpg,real,test,0,0.49052461981773376,0,clean,medium
/media/D1/ait_users/staff122/deepfake_project/outputs_deepfake_project/dfdc_subset_77_jpg/test/real/real_001272.jpg,real,test,0,0.4200565218925476,0,clean,medium
/media/D1/ait_users/staff122/deepfake_project/outputs_deepfake_project/dfdc_subset_77_jpg/test/real/real_001273.jpg,real,test,0,0.49122849106788635,0,clean,medium
/media/D1/ait_users/staff122/deepfake_project/outputs_deepfake_project/dfdc_subset_77_jpg/test/real/real_001274.jpg,real,test,0,0.5153277516365051,1,clean,medium
/media/D1/ait_users/staff122/deepfake_project/outputs_deepfake_project/dfdc_subset_77_jpg/test/real/real_001275.jpg,real,test,0,0.5028805136680603,1,clean,medium
/media/D1/ait_users/staff122/deepfake_project/outputs_deepfake_project/dfdc_subset_77_jpg/test/real/real_001276.jpg,real,test,0,0.5088306665420532,1,clean,medium
/media/D1/ait_users/staff122/deepfake_project/outputs_deepfake_project/dfdc_subset_77_jpg/test/real/real_001277.jpg,real,test,0,0.48643577098846436,0,clean,medium
/media/D1/ait_users/staff122/deepfake_project/outputs_deepfake_project/dfdc_subset_77_jpg/test/real/real_001278.jpg,real,test,0,0.5005576610565186,1,clean,medium
/media/D1/ait_users/staff122/deepfake_project/outputs_deepfake_project/dfdc_subset_77_jpg/test/real/real_001279.jpg,real,test,0,0.5018359422683716,1,clean,medium
/media/D1/ait_users/staff122/deepfake_project/outputs_deepfake_project/dfdc_subset_77_jpg/test/real/real_001280.jpg,real,test,0,0.319350928068161,0,clean,medium
/media/D1/ait_users/staff122/deepfake_project/outputs_deepfake_project/dfdc_subset_77_jpg/test/real/real_001281.jpg,real,test,0,0.01956998184323311,0,clean,medium
/media/D1/ait_users/staff122/deepfake_project/outputs_deepfake_project/dfdc_subset_77_jpg/test/real/real_001282.jpg,real,test,0,0.394782692193985,0,clean,medium
/media/D1/ait_users/staff122/deepfake_project/outputs_deepfake_project/dfdc_subset_77_jpg/test/real/real_001283.jpg,real,test,0,0.31842461228370667,0,clean,medium
/media/D1/ait_users/staff122/deepfake_project/outputs_deepfake_project/dfdc_subset_77_jpg/test/real/real_001284.jpg,real,test,0,0.020343419164419174,0,clean,medium
/media/D1/ait_users/staff122/deepfake_project/outputs_deepfake_project/dfdc_subset_77_jpg/test/real/real_001285.jpg,real,test,0,0.0049931746907532215,0,clean,medium
/media/D1/ait_users/staff122/deepfake_project/outputs_deepfake_project/dfdc_subset_77_jpg/test/real/real_001286.jpg,real,test,0,0.015178040601313114,0,clean,medium
/media/D1/ait_users/staff122/deepfake_project/outputs_deepfake_project/dfdc_subset_77_jpg/test/real/real_001287.jpg,real,test,0,0.08195338398218155,0,clean,medium
/media/D1/ait_users/staff122/deepfake_project/outputs_deepfake_project/dfdc_subset_77_jpg/test/real/real_001288.jpg,real,test,0,0.07813429832458496,0,clean,medium
/media/D1/ait_users/staff122/deepfake_project/outputs_deepfake_project/dfdc_subset_77_jpg/test/real/real_001289.jpg,real,test,0,0.4287472069263458,0,clean,medium
/media/D1/ait_users/staff122/deepfake_project/outputs_deepfake_project/dfdc_subset_77_jpg/test/real/real_001290.jpg,real,test,0,0.014721446670591831,0,clean,medium
/media/D1/ait_users/staff122/deepfake_project/outputs_deepfake_project/dfdc_subset_77_jpg/test/real/real_001291.jpg,real,test,0,0.07017636299133301,0,clean,medium
/media/D1/ait_users/staff122/deepfake_project/outputs_deepfake_project/dfdc_subset_77_jpg/test/real/real_001292.jpg,real,test,0,0.00895413476973772,0,clean,medium
/media/D1/ait_users/staff122/deepfake_project/outputs_deepfake_project/dfdc_subset_77_jpg/test/real/real_001293.jpg,real,test,0,0.241164430975914,0,clean,medium
/media/D1/ait_users/staff122/deepfake_project/outputs_deepfake_project/dfdc_subset_77_jpg/test/real/real_001294.jpg,real,test,0,0.10593762993812561,0,clean,medium
/media/D1/ait_users/staff122/deepfake_project/outputs_deepfake_project/dfdc_subset_77_jpg/test/real/real_001295.jpg,real,test,0,0.46256792545318604,0,clean,medium
/media/D1/ait_users/staff122/deepfake_project/outputs_deepfake_project/dfdc_subset_77_jpg/test/real/real_001296.jpg,real,test,0,0.01479111798107624,0,clean,medium
/media/D1/ait_users/staff122/deepfake_project/outputs_deepfake_project/dfdc_subset_77_jpg/test/real/real_001297.jpg,real,test,0,0.006197594106197357,0,clean,medium
/media/D1/ait_users/staff122/deepfake_project/outputs_deepfake_project/dfdc_subset_77_jpg/test/real/real_001298.jpg,real,test,0,0.2189299464225769,0,clean,medium
/media/D1/ait_users/staff122/deepfake_project/outputs_deepfake_project/dfdc_subset_77_jpg/test/real/real_001299.jpg,real,test,0,0.06245102733373642,0,clean,medium
/media/D1/ait_users/staff122/deepfake_project/outputs_deepfake_project/dfdc_subset_77_jpg/test/real/real_001300.jpg,real,test,0,0.034886524081230164,0,clean,medium
/media/D1/ait_users/staff122/deepfake_project/outputs_deepfake_project/dfdc_subset_77_jpg/test/real/real_001301.jpg,real,test,0,0.42354100942611694,0,clean,medium
/media/D1/ait_users/staff122/deepfake_project/outputs_deepfake_project/dfdc_subset_77_jpg/test/real/real_001302.jpg,real,test,0,0.2425719052553177,0,clean,medium
/media/D1/ait_users/staff122/deepfake_project/outputs_deepfake_project/dfdc_subset_77_jpg/test/real/real_001303.jpg,real,test,0,0.04286957532167435,0,clean,medium
/media/D1/ait_users/staff122/deepfake_project/outputs_deepfake_project/dfdc_subset_77_jpg/test/real/real_001304.jpg,real,test,0,0.14165377616882324,0,clean,medium
/media/D1/ait_users/staff122/deepfake_project/outputs_deepfake_project/dfdc_subset_77_jpg/test/real/real_001305.jpg,real,test,0,0.42446187138557434,0,clean,medium
/media/D1/ait_users/staff122/deepfake_project/outputs_deepfake_project/dfdc_subset_77_jpg/test/real/real_001306.jpg,real,test,0,0.7949416041374207,1,clean,medium
/media/D1/ait_users/staff122/deepfake_project/outputs_deepfake_project/dfdc_subset_77_jpg/test/real/real_001307.jpg,real,test,0,0.0132955526933074,0,clean,medium
/media/D1/ait_users/staff122/deepfake_project/outputs_deepfake_project/dfdc_subset_77_jpg/test/real/real_001308.jpg,real,test,0,0.38227617740631104,0,clean,medium
/media/D1/ait_users/staff122/deepfake_project/outputs_deepfake_project/dfdc_subset_77_jpg/test/real/real_001309.jpg,real,test,0,0.5041577219963074,1,clean,medium
/media/D1/ait_users/staff122/deepfake_project/outputs_deepfake_project/dfdc_subset_77_jpg/test/real/real_001310.jpg,real,test,0,0.7771019339561462,1,clean,medium
/media/D1/ait_users/staff122/deepfake_project/outputs_deepfake_project/dfdc_subset_77_jpg/test/real/real_001311.jpg,real,test,0,0.08963675051927567,0,clean,medium
/media/D1/ait_users/staff122/deepfake_project/outputs_deepfake_project/dfdc_subset_77_jpg/test/real/real_001312.jpg,real,test,0,0.04690660536289215,0,clean,medium
/media/D1/ait_users/staff122/deepfake_project/outputs_deepfake_project/dfdc_subset_77_jpg/test/real/real_001313.jpg,real,test,0,0.13344193994998932,0,clean,medium
/media/D1/ait_users/staff122/deepfake_project/outputs_deepfake_project/dfdc_subset_77_jpg/test/real/real_001314.jpg,real,test,0,0.026735961437225342,0,clean,medium
/media/D1/ait_users/staff122/deepfake_project/outputs_deepfake_project/dfdc_subset_77_jpg/test/real/real_001315.jpg,real,test,0,0.3424285352230072,0,clean,medium
/media/D1/ait_users/staff122/deepfake_project/outputs_deepfake_project/dfdc_subset_77_jpg/test/real/real_001316.jpg,real,test,0,0.879153847694397,1,clean,medium
/media/D1/ait_users/staff122/deepfake_project/outputs_deepfake_project/dfdc_subset_77_jpg/test/real/real_001317.jpg,real,test,0,0.04316861182451248,0,clean,medium
/media/D1/ait_users/staff122/deepfake_project/outputs_deepfake_project/dfdc_subset_77_jpg/test/real/real_001318.jpg,real,test,0,0.14426149427890778,0,clean,medium
/media/D1/ait_users/staff122/deepfake_project/outputs_deepfake_project/dfdc_subset_77_jpg/test/real/real_001319.jpg,real,test,0,0.315559446811676,0,clean,medium
/media/D1/ait_users/staff122/deepfake_project/outputs_deepfake_project/dfdc_subset_77_jpg/test/real/real_001320.jpg,real,test,0,0.31081926822662354,0,clean,medium
/media/D1/ait_users/staff122/deepfake_project/outputs_deepfake_project/dfdc_subset_77_jpg/test/real/real_001321.jpg,real,test,0,0.4242229461669922,0,clean,medium
/media/D1/ait_users/staff122/deepfake_project/outputs_deepfake_project/dfdc_subset_77_jpg/test/real/real_001322.jpg,real,test,0,0.05854500085115433,0,clean,medium
/media/D1/ait_users/staff122/deepfake_project/outputs_deepfake_project/dfdc_subset_77_jpg/test/real/real_001323.jpg,real,test,0,0.9293208718299866,1,clean,medium
/media/D1/ait_users/staff122/deepfake_project/outputs_deepfake_project/dfdc_subset_77_jpg/test/real/real_001324.jpg,real,test,0,0.715968906879425,1,clean,medium
/media/D1/ait_users/staff122/deepfake_project/outputs_deepfake_project/dfdc_subset_77_jpg/test/real/real_001325.jpg,real,test,0,0.06723839044570923,0,clean,medium
/media/D1/ait_users/staff122/deepfake_project/outputs_deepfake_project/dfdc_subset_77_jpg/test/real/real_001326.jpg,real,test,0,0.4833132028579712,0,clean,medium
/media/D1/ait_users/staff122/deepfake_project/outputs_deepfake_project/dfdc_subset_77_jpg/test/real/real_001327.jpg,real,test,0,0.24448485672473907,0,clean,medium
/media/D1/ait_users/staff122/deepfake_project/outputs_deepfake_project/dfdc_subset_77_jpg/test/real/real_001328.jpg,real,test,0,0.33790719509124756,0,clean,medium
/media/D1/ait_users/staff122/deepfake_project/outputs_deepfake_project/dfdc_subset_77_jpg/test/real/real_001329.jpg,real,test,0,0.21634116768836975,0,clean,medium
/media/D1/ait_users/staff122/deepfake_project/outputs_deepfake_project/dfdc_subset_77_jpg/test/real/real_001330.jpg,real,test,0,0.06416915357112885,0,clean,medium
/media/D1/ait_users/staff122/deepfake_project/outputs_deepfake_project/dfdc_subset_77_jpg/test/real/real_001331.jpg,real,test,0,0.19906069338321686,0,clean,medium
/media/D1/ait_users/staff122/deepfake_project/outputs_deepfake_project/dfdc_subset_77_jpg/test/real/real_001332.jpg,real,test,0,0.6416628360748291,1,clean,medium
/media/D1/ait_users/staff122/deepfake_project/outputs_deepfake_project/dfdc_subset_77_jpg/test/real/real_001333.jpg,real,test,0,0.7391090393066406,1,clean,medium
/media/D1/ait_users/staff122/deepfake_project/outputs_deepfake_project/dfdc_subset_77_jpg/test/real/real_001334.jpg,real,test,0,0.044529639184474945,0,clean,medium
/media/D1/ait_users/staff122/deepfake_project/outputs_deepfake_project/dfdc_subset_77_jpg/test/real/real_001335.jpg,real,test,0,0.006789803504943848,0,clean,medium
/media/D1/ait_users/staff122/deepfake_project/outputs_deepfake_project/dfdc_subset_77_jpg/test/real/real_001336.jpg,real,test,0,0.05433303117752075,0,clean,medium
/media/D1/ait_users/staff122/deepfake_project/outputs_deepfake_project/dfdc_subset_77_jpg/test/real/real_001337.jpg,real,test,0,0.03369627520442009,0,clean,medium
/media/D1/ait_users/staff122/deepfake_project/outputs_deepfake_project/dfdc_subset_77_jpg/test/real/real_001338.jpg,real,test,0,0.032826002687215805,0,clean,medium
/media/D1/ait_users/staff122/deepfake_project/outputs_deepfake_project/dfdc_subset_77_jpg/test/real/real_001339.jpg,real,test,0,0.26129332184791565,0,clean,medium
/media/D1/ait_users/staff122/deepfake_project/outputs_deepfake_project/dfdc_subset_77_jpg/test/real/real_001340.jpg,real,test,0,0.4297482967376709,0,clean,medium
/media/D1/ait_users/staff122/deepfake_project/outputs_deepfake_project/dfdc_subset_77_jpg/test/real/real_001341.jpg,real,test,0,0.5743428468704224,1,clean,medium
/media/D1/ait_users/staff122/deepfake_project/outputs_deepfake_project/dfdc_subset_77_jpg/test/real/real_001342.jpg,real,test,0,0.037297774106264114,0,clean,medium
/media/D1/ait_users/staff122/deepfake_project/outputs_deepfake_project/dfdc_subset_77_jpg/test/real/real_001343.jpg,real,test,0,0.12694330513477325,0,clean,medium
/media/D1/ait_users/staff122/deepfake_project/outputs_deepfake_project/dfdc_subset_77_jpg/test/real/real_001344.jpg,real,test,0,0.27375516295433044,0,clean,medium
/media/D1/ait_users/staff122/deepfake_project/outputs_deepfake_project/dfdc_subset_77_jpg/test/real/real_001345.jpg,real,test,0,0.35453152656555176,0,clean,medium
/media/D1/ait_users/staff122/deepfake_project/outputs_deepfake_project/dfdc_subset_77_jpg/test/real/real_001346.jpg,real,test,0,0.02542972005903721,0,clean,medium
/media/D1/ait_users/staff122/deepfake_project/outputs_deepfake_project/dfdc_subset_77_jpg/test/real/real_001347.jpg,real,test,0,0.17653389275074005,0,clean,medium
/media/D1/ait_users/staff122/deepfake_project/outputs_deepfake_project/dfdc_subset_77_jpg/test/real/real_001348.jpg,real,test,0,0.03440283238887787,0,clean,medium
/media/D1/ait_users/staff122/deepfake_project/outputs_deepfake_project/dfdc_subset_77_jpg/test/real/real_001349.jpg,real,test,0,0.03539042919874191,0,clean,medium
/media/D1/ait_users/staff122/deepfake_project/outputs_deepfake_project/dfdc_subset_77_jpg/test/real/real_001350.jpg,real,test,0,0.04328879341483116,0,clean,medium
/media/D1/ait_users/staff122/deepfake_project/outputs_deepfake_project/dfdc_subset_77_jpg/test/real/real_001351.jpg,real,test,0,0.002999014686793089,0,clean,medium
/media/D1/ait_users/staff122/deepfake_project/outputs_deepfake_project/dfdc_subset_77_jpg/test/real/real_001352.jpg,real,test,0,0.004423749167472124,0,clean,medium
/media/D1/ait_users/staff122/deepfake_project/outputs_deepfake_project/dfdc_subset_77_jpg/test/real/real_001353.jpg,real,test,0,0.10328623652458191,0,clean,medium
/media/D1/ait_users/staff122/deepfake_project/outputs_deepfake_project/dfdc_subset_77_jpg/test/real/real_001354.jpg,real,test,0,0.059829097241163254,0,clean,medium
/media/D1/ait_users/staff122/deepfake_project/outputs_deepfake_project/dfdc_subset_77_jpg/test/real/real_001355.jpg,real,test,0,0.005654978100210428,0,clean,medium
/media/D1/ait_users/staff122/deepfake_project/outputs_deepfake_project/dfdc_subset_77_jpg/test/real/real_001356.jpg,real,test,0,0.0012560520553961396,0,clean,medium
/media/D1/ait_users/staff122/deepfake_project/outputs_deepfake_project/dfdc_subset_77_jpg/test/real/real_001357.jpg,real,test,0,0.005777709186077118,0,clean,medium
/media/D1/ait_users/staff122/deepfake_project/outputs_deepfake_project/dfdc_subset_77_jpg/test/real/real_001358.jpg,real,test,0,0.007661711890250444,0,clean,medium
/media/D1/ait_users/staff122/deepfake_project/outputs_deepfake_project/dfdc_subset_77_jpg/test/real/real_001359.jpg,real,test,0,0.08905678242444992,0,clean,medium
/media/D1/ait_users/staff122/deepfake_project/outputs_deepfake_project/dfdc_subset_77_jpg/test/real/real_001360.jpg,real,test,0,0.037250012159347534,0,clean,medium
/media/D1/ait_users/staff122/deepfake_project/outputs_deepfake_project/dfdc_subset_77_jpg/test/real/real_001361.jpg,real,test,0,0.011746610514819622,0,clean,medium
/media/D1/ait_users/staff122/deepfake_project/outputs_deepfake_project/dfdc_subset_77_jpg/test/real/real_001362.jpg,real,test,0,0.04307970032095909,0,clean,medium
/media/D1/ait_users/staff122/deepfake_project/outputs_deepfake_project/dfdc_subset_77_jpg/test/real/real_001363.jpg,real,test,0,0.02380703203380108,0,clean,medium
/media/D1/ait_users/staff122/deepfake_project/outputs_deepfake_project/dfdc_subset_77_jpg/test/real/real_001364.jpg,real,test,0,0.07157960534095764,0,clean,medium
/media/D1/ait_users/staff122/deepfake_project/outputs_deepfake_project/dfdc_subset_77_jpg/test/real/real_001365.jpg,real,test,0,0.030517270788550377,0,clean,medium
/media/D1/ait_users/staff122/deepfake_project/outputs_deepfake_project/dfdc_subset_77_jpg/test/real/real_001366.jpg,real,test,0,0.0060507929883897305,0,clean,medium
/media/D1/ait_users/staff122/deepfake_project/outputs_deepfake_project/dfdc_subset_77_jpg/test/real/real_001367.jpg,real,test,0,0.006613919977098703,0,clean,medium
/media/D1/ait_users/staff122/deepfake_project/outputs_deepfake_project/dfdc_subset_77_jpg/test/real/real_001368.jpg,real,test,0,0.0016293941298499703,0,clean,medium
/media/D1/ait_users/staff122/deepfake_project/outputs_deepfake_project/dfdc_subset_77_jpg/test/real/real_001369.jpg,real,test,0,0.010747271589934826,0,clean,medium
/media/D1/ait_users/staff122/deepfake_project/outputs_deepfake_project/dfdc_subset_77_jpg/test/real/real_001370.jpg,real,test,0,0.003927670884877443,0,clean,medium
/media/D1/ait_users/staff122/deepfake_project/outputs_deepfake_project/dfdc_subset_77_jpg/test/real/real_001371.jpg,real,test,0,0.15668810904026031,0,clean,medium
/media/D1/ait_users/staff122/deepfake_project/outputs_deepfake_project/dfdc_subset_77_jpg/test/real/real_001372.jpg,real,test,0,0.03653813153505325,0,clean,medium
/media/D1/ait_users/staff122/deepfake_project/outputs_deepfake_project/dfdc_subset_77_jpg/test/real/real_001373.jpg,real,test,0,0.006953175645321608,0,clean,medium
/media/D1/ait_users/staff122/deepfake_project/outputs_deepfake_project/dfdc_subset_77_jpg/test/real/real_001374.jpg,real,test,0,0.029356220737099648,0,clean,medium
/media/D1/ait_users/staff122/deepfake_project/outputs_deepfake_project/dfdc_subset_77_jpg/test/real/real_001375.jpg,real,test,0,0.6735455393791199,1,clean,medium
/media/D1/ait_users/staff122/deepfake_project/outputs_deepfake_project/dfdc_subset_77_jpg/test/real/real_001376.jpg,real,test,0,0.022812901064753532,0,clean,medium
/media/D1/ait_users/staff122/deepfake_project/outputs_deepfake_project/dfdc_subset_77_jpg/test/real/real_001377.jpg,real,test,0,0.023094719275832176,0,clean,medium
/media/D1/ait_users/staff122/deepfake_project/outputs_deepfake_project/dfdc_subset_77_jpg/test/real/real_001378.jpg,real,test,0,0.0704575777053833,0,clean,medium
/media/D1/ait_users/staff122/deepfake_project/outputs_deepfake_project/dfdc_subset_77_jpg/test/real/real_001379.jpg,real,test,0,0.16942135989665985,0,clean,medium
/media/D1/ait_users/staff122/deepfake_project/outputs_deepfake_project/dfdc_subset_77_jpg/test/real/real_001380.jpg,real,test,0,0.04345220699906349,0,clean,medium
/media/D1/ait_users/staff122/deepfake_project/outputs_deepfake_project/dfdc_subset_77_jpg/test/real/real_001381.jpg,real,test,0,0.05391537770628929,0,clean,medium
/media/D1/ait_users/staff122/deepfake_project/outputs_deepfake_project/dfdc_subset_77_jpg/test/real/real_001382.jpg,real,test,0,0.08955267816781998,0,clean,medium
/media/D1/ait_users/staff122/deepfake_project/outputs_deepfake_project/dfdc_subset_77_jpg/test/real/real_001383.jpg,real,test,0,0.17859406769275665,0,clean,medium
/media/D1/ait_users/staff122/deepfake_project/outputs_deepfake_project/dfdc_subset_77_jpg/test/real/real_001384.jpg,real,test,0,0.011773309670388699,0,clean,medium
/media/D1/ait_users/staff122/deepfake_project/outputs_deepfake_project/dfdc_subset_77_jpg/test/real/real_001385.jpg,real,test,0,0.2825242877006531,0,clean,medium
/media/D1/ait_users/staff122/deepfake_project/outputs_deepfake_project/dfdc_subset_77_jpg/test/real/real_001386.jpg,real,test,0,0.6416764855384827,1,clean,medium
/media/D1/ait_users/staff122/deepfake_project/outputs_deepfake_project/dfdc_subset_77_jpg/test/real/real_001387.jpg,real,test,0,0.04077019914984703,0,clean,medium
/media/D1/ait_users/staff122/deepfake_project/outputs_deepfake_project/dfdc_subset_77_jpg/test/real/real_001388.jpg,real,test,0,0.45413196086883545,0,clean,medium
/media/D1/ait_users/staff122/deepfake_project/outputs_deepfake_project/dfdc_subset_77_jpg/test/real/real_001389.jpg,real,test,0,0.0302526094019413,0,clean,medium
/media/D1/ait_users/staff122/deepfake_project/outputs_deepfake_project/dfdc_subset_77_jpg/test/real/real_001390.jpg,real,test,0,0.012469302862882614,0,clean,medium
/media/D1/ait_users/staff122/deepfake_project/outputs_deepfake_project/dfdc_subset_77_jpg/test/real/real_001391.jpg,real,test,0,0.057813286781311035,0,clean,medium
/media/D1/ait_users/staff122/deepfake_project/outputs_deepfake_project/dfdc_subset_77_jpg/test/real/real_001392.jpg,real,test,0,0.03927503153681755,0,clean,medium
/media/D1/ait_users/staff122/deepfake_project/outputs_deepfake_project/dfdc_subset_77_jpg/test/real/real_001393.jpg,real,test,0,0.04482866823673248,0,clean,medium
/media/D1/ait_users/staff122/deepfake_project/outputs_deepfake_project/dfdc_subset_77_jpg/test/real/real_001394.jpg,real,test,0,0.06510191410779953,0,clean,medium
/media/D1/ait_users/staff122/deepfake_project/outputs_deepfake_project/dfdc_subset_77_jpg/test/real/real_001395.jpg,real,test,0,0.012266520410776138,0,clean,medium
/media/D1/ait_users/staff122/deepfake_project/outputs_deepfake_project/dfdc_subset_77_jpg/test/real/real_001396.jpg,real,test,0,0.01610197313129902,0,clean,medium
/media/D1/ait_users/staff122/deepfake_project/outputs_deepfake_project/dfdc_subset_77_jpg/test/real/real_001397.jpg,real,test,0,0.040993720293045044,0,clean,medium
/media/D1/ait_users/staff122/deepfake_project/outputs_deepfake_project/dfdc_subset_77_jpg/test/real/real_001398.jpg,real,test,0,0.051453545689582825,0,clean,medium
/media/D1/ait_users/staff122/deepfake_project/outputs_deepfake_project/dfdc_subset_77_jpg/test/real/real_001399.jpg,real,test,0,0.08263518661260605,0,clean,medium
/media/D1/ait_users/staff122/deepfake_project/outputs_deepfake_project/dfdc_subset_77_jpg/test/real/real_001400.jpg,real,test,0,0.024197351187467575,0,clean,medium
/media/D1/ait_users/staff122/deepfake_project/outputs_deepfake_project/dfdc_subset_77_jpg/test/real/real_001401.jpg,real,test,0,0.7059773802757263,1,clean,medium
/media/D1/ait_users/staff122/deepfake_project/outputs_deepfake_project/dfdc_subset_77_jpg/test/real/real_001402.jpg,real,test,0,0.7293524742126465,1,clean,medium
/media/D1/ait_users/staff122/deepfake_project/outputs_deepfake_project/dfdc_subset_77_jpg/test/real/real_001403.jpg,real,test,0,0.16749434173107147,0,clean,medium
/media/D1/ait_users/staff122/deepfake_project/outputs_deepfake_project/dfdc_subset_77_jpg/test/real/real_001404.jpg,real,test,0,0.0396808497607708,0,clean,medium
/media/D1/ait_users/staff122/deepfake_project/outputs_deepfake_project/dfdc_subset_77_jpg/test/real/real_001405.jpg,real,test,0,0.18094681203365326,0,clean,medium
/media/D1/ait_users/staff122/deepfake_project/outputs_deepfake_project/dfdc_subset_77_jpg/test/real/real_001406.jpg,real,test,0,0.379546195268631,0,clean,medium
/media/D1/ait_users/staff122/deepfake_project/outputs_deepfake_project/dfdc_subset_77_jpg/test/real/real_001407.jpg,real,test,0,0.18821215629577637,0,clean,medium
/media/D1/ait_users/staff122/deepfake_project/outputs_deepfake_project/dfdc_subset_77_jpg/test/real/real_001408.jpg,real,test,0,0.6429510712623596,1,clean,medium
/media/D1/ait_users/staff122/deepfake_project/outputs_deepfake_project/dfdc_subset_77_jpg/test/real/real_001409.jpg,real,test,0,0.0403246209025383,0,clean,medium
/media/D1/ait_users/staff122/deepfake_project/outputs_deepfake_project/dfdc_subset_77_jpg/test/real/real_001410.jpg,real,test,0,0.03864523395895958,0,clean,medium
/media/D1/ait_users/staff122/deepfake_project/outputs_deepfake_project/dfdc_subset_77_jpg/test/real/real_001411.jpg,real,test,0,0.0103707704693079,0,clean,medium
/media/D1/ait_users/staff122/deepfake_project/outputs_deepfake_project/dfdc_subset_77_jpg/test/real/real_001412.jpg,real,test,0,0.07576517015695572,0,clean,medium
/media/D1/ait_users/staff122/deepfake_project/outputs_deepfake_project/dfdc_subset_77_jpg/test/real/real_001413.jpg,real,test,0,0.4270973801612854,0,clean,medium
/media/D1/ait_users/staff122/deepfake_project/outputs_deepfake_project/dfdc_subset_77_jpg/test/real/real_001414.jpg,real,test,0,0.01897110417485237,0,clean,medium
/media/D1/ait_users/staff122/deepfake_project/outputs_deepfake_project/dfdc_subset_77_jpg/test/real/real_001415.jpg,real,test,0,0.1374852955341339,0,clean,medium
/media/D1/ait_users/staff122/deepfake_project/outputs_deepfake_project/dfdc_subset_77_jpg/test/real/real_001416.jpg,real,test,0,0.03246789053082466,0,clean,medium
/media/D1/ait_users/staff122/deepfake_project/outputs_deepfake_project/dfdc_subset_77_jpg/test/real/real_001417.jpg,real,test,0,0.03449622169137001,0,clean,medium
/media/D1/ait_users/staff122/deepfake_project/outputs_deepfake_project/dfdc_subset_77_jpg/test/real/real_001418.jpg,real,test,0,0.31628817319869995,0,clean,medium
/media/D1/ait_users/staff122/deepfake_project/outputs_deepfake_project/dfdc_subset_77_jpg/test/real/real_001419.jpg,real,test,0,0.09817729145288467,0,clean,medium
/media/D1/ait_users/staff122/deepfake_project/outputs_deepfake_project/dfdc_subset_77_jpg/test/real/real_001420.jpg,real,test,0,0.10106280446052551,0,clean,medium
/media/D1/ait_users/staff122/deepfake_project/outputs_deepfake_project/dfdc_subset_77_jpg/test/real/real_001421.jpg,real,test,0,0.0902140811085701,0,clean,medium
/media/D1/ait_users/staff122/deepfake_project/outputs_deepfake_project/dfdc_subset_77_jpg/test/real/real_001422.jpg,real,test,0,0.015452980063855648,0,clean,medium
/media/D1/ait_users/staff122/deepfake_project/outputs_deepfake_project/dfdc_subset_77_jpg/test/real/real_001423.jpg,real,test,0,0.0194244422018528,0,clean,medium
/media/D1/ait_users/staff122/deepfake_project/outputs_deepfake_project/dfdc_subset_77_jpg/test/real/real_001424.jpg,real,test,0,0.014758773148059845,0,clean,medium
/media/D1/ait_users/staff122/deepfake_project/outputs_deepfake_project/dfdc_subset_77_jpg/test/real/real_001425.jpg,real,test,0,0.05592528358101845,0,clean,medium
/media/D1/ait_users/staff122/deepfake_project/outputs_deepfake_project/dfdc_subset_77_jpg/test/real/real_001426.jpg,real,test,0,0.055563945323228836,0,clean,medium
/media/D1/ait_users/staff122/deepfake_project/outputs_deepfake_project/dfdc_subset_77_jpg/test/real/real_001427.jpg,real,test,0,0.14318282902240753,0,clean,medium
/media/D1/ait_users/staff122/deepfake_project/outputs_deepfake_project/dfdc_subset_77_jpg/test/real/real_001428.jpg,real,test,0,0.18726477026939392,0,clean,medium
/media/D1/ait_users/staff122/deepfake_project/outputs_deepfake_project/dfdc_subset_77_jpg/test/real/real_001429.jpg,real,test,0,0.5324236750602722,1,clean,medium
/media/D1/ait_users/staff122/deepfake_project/outputs_deepfake_project/dfdc_subset_77_jpg/test/real/real_001430.jpg,real,test,0,0.8349376916885376,1,clean,medium
/media/D1/ait_users/staff122/deepfake_project/outputs_deepfake_project/dfdc_subset_77_jpg/test/real/real_001431.jpg,real,test,0,0.10028070211410522,0,clean,medium
/media/D1/ait_users/staff122/deepfake_project/outputs_deepfake_project/dfdc_subset_77_jpg/test/real/real_001432.jpg,real,test,0,0.09908251464366913,0,clean,medium
/media/D1/ait_users/staff122/deepfake_project/outputs_deepfake_project/dfdc_subset_77_jpg/test/real/real_001433.jpg,real,test,0,0.20635956525802612,0,clean,medium
/media/D1/ait_users/staff122/deepfake_project/outputs_deepfake_project/dfdc_subset_77_jpg/test/real/real_001434.jpg,real,test,0,0.3879418671131134,0,clean,medium
/media/D1/ait_users/staff122/deepfake_project/outputs_deepfake_project/dfdc_subset_77_jpg/test/real/real_001435.jpg,real,test,0,0.14987467229366302,0,clean,medium
/media/D1/ait_users/staff122/deepfake_project/outputs_deepfake_project/dfdc_subset_77_jpg/test/real/real_001436.jpg,real,test,0,0.08897437900304794,0,clean,medium
/media/D1/ait_users/staff122/deepfake_project/outputs_deepfake_project/dfdc_subset_77_jpg/test/real/real_001437.jpg,real,test,0,0.10810976475477219,0,clean,medium
/media/D1/ait_users/staff122/deepfake_project/outputs_deepfake_project/dfdc_subset_77_jpg/test/real/real_001438.jpg,real,test,0,0.2433072030544281,0,clean,medium
/media/D1/ait_users/staff122/deepfake_project/outputs_deepfake_project/dfdc_subset_77_jpg/test/real/real_001439.jpg,real,test,0,0.11254831403493881,0,clean,medium
/media/D1/ait_users/staff122/deepfake_project/outputs_deepfake_project/dfdc_subset_77_jpg/test/real/real_001440.jpg,real,test,0,0.046671900898218155,0,clean,medium
/media/D1/ait_users/staff122/deepfake_project/outputs_deepfake_project/dfdc_subset_77_jpg/test/real/real_001441.jpg,real,test,0,0.09130184352397919,0,clean,medium
/media/D1/ait_users/staff122/deepfake_project/outputs_deepfake_project/dfdc_subset_77_jpg/test/real/real_001442.jpg,real,test,0,0.1522269994020462,0,clean,medium
/media/D1/ait_users/staff122/deepfake_project/outputs_deepfake_project/dfdc_subset_77_jpg/test/real/real_001443.jpg,real,test,0,0.10519026964902878,0,clean,medium
/media/D1/ait_users/staff122/deepfake_project/outputs_deepfake_project/dfdc_subset_77_jpg/test/real/real_001444.jpg,real,test,0,0.7509154081344604,1,clean,medium
/media/D1/ait_users/staff122/deepfake_project/outputs_deepfake_project/dfdc_subset_77_jpg/test/real/real_001445.jpg,real,test,0,0.11806852370500565,0,clean,medium
/media/D1/ait_users/staff122/deepfake_project/outputs_deepfake_project/dfdc_subset_77_jpg/test/real/real_001446.jpg,real,test,0,0.1690439134836197,0,clean,medium
/media/D1/ait_users/staff122/deepfake_project/outputs_deepfake_project/dfdc_subset_77_jpg/test/real/real_001447.jpg,real,test,0,0.11079450696706772,0,clean,medium
/media/D1/ait_users/staff122/deepfake_project/outputs_deepfake_project/dfdc_subset_77_jpg/test/real/real_001448.jpg,real,test,0,0.10588125884532928,0,clean,medium
/media/D1/ait_users/staff122/deepfake_project/outputs_deepfake_project/dfdc_subset_77_jpg/test/real/real_001449.jpg,real,test,0,0.11627539247274399,0,clean,medium
/media/D1/ait_users/staff122/deepfake_project/outputs_deepfake_project/dfdc_subset_77_jpg/test/real/real_001450.jpg,real,test,0,0.09234174340963364,0,clean,medium
/media/D1/ait_users/staff122/deepfake_project/outputs_deepfake_project/dfdc_subset_77_jpg/test/real/real_001451.jpg,real,test,0,0.13950474560260773,0,clean,medium
/media/D1/ait_users/staff122/deepfake_project/outputs_deepfake_project/dfdc_subset_77_jpg/test/real/real_001452.jpg,real,test,0,0.14523276686668396,0,clean,medium
/media/D1/ait_users/staff122/deepfake_project/outputs_deepfake_project/dfdc_subset_77_jpg/test/real/real_001453.jpg,real,test,0,0.5423406958580017,1,clean,medium
/media/D1/ait_users/staff122/deepfake_project/outputs_deepfake_project/dfdc_subset_77_jpg/test/real/real_001454.jpg,real,test,0,0.06335560232400894,0,clean,medium
/media/D1/ait_users/staff122/deepfake_project/outputs_deepfake_project/dfdc_subset_77_jpg/test/real/real_001455.jpg,real,test,0,0.22605140507221222,0,clean,medium
/media/D1/ait_users/staff122/deepfake_project/outputs_deepfake_project/dfdc_subset_77_jpg/test/real/real_001456.jpg,real,test,0,0.40910178422927856,0,clean,medium
/media/D1/ait_users/staff122/deepfake_project/outputs_deepfake_project/dfdc_subset_77_jpg/test/real/real_001457.jpg,real,test,0,0.13628949224948883,0,clean,medium
/media/D1/ait_users/staff122/deepfake_project/outputs_deepfake_project/dfdc_subset_77_jpg/test/real/real_001458.jpg,real,test,0,0.11136326938867569,0,clean,medium
/media/D1/ait_users/staff122/deepfake_project/outputs_deepfake_project/dfdc_subset_77_jpg/test/real/real_001459.jpg,real,test,0,0.04769527167081833,0,clean,medium
/media/D1/ait_users/staff122/deepfake_project/outputs_deepfake_project/dfdc_subset_77_jpg/test/real/real_001460.jpg,real,test,0,0.0246365275233984,0,clean,medium
/media/D1/ait_users/staff122/deepfake_project/outputs_deepfake_project/dfdc_subset_77_jpg/test/real/real_001461.jpg,real,test,0,0.07042307406663895,0,clean,medium
/media/D1/ait_users/staff122/deepfake_project/outputs_deepfake_project/dfdc_subset_77_jpg/test/real/real_001462.jpg,real,test,0,0.0442265160381794,0,clean,medium
/media/D1/ait_users/staff122/deepfake_project/outputs_deepfake_project/dfdc_subset_77_jpg/test/real/real_001463.jpg,real,test,0,0.2023339420557022,0,clean,medium
/media/D1/ait_users/staff122/deepfake_project/outputs_deepfake_project/dfdc_subset_77_jpg/test/real/real_001464.jpg,real,test,0,0.1138470247387886,0,clean,medium
/media/D1/ait_users/staff122/deepfake_project/outputs_deepfake_project/dfdc_subset_77_jpg/test/real/real_001465.jpg,real,test,0,0.008161094971001148,0,clean,medium
/media/D1/ait_users/staff122/deepfake_project/outputs_deepfake_project/dfdc_subset_77_jpg/test/real/real_001466.jpg,real,test,0,0.03167735040187836,0,clean,medium
/media/D1/ait_users/staff122/deepfake_project/outputs_deepfake_project/dfdc_subset_77_jpg/test/real/real_001467.jpg,real,test,0,0.20238739252090454,0,clean,medium
/media/D1/ait_users/staff122/deepfake_project/outputs_deepfake_project/dfdc_subset_77_jpg/test/real/real_001468.jpg,real,test,0,0.1130676418542862,0,clean,medium
/media/D1/ait_users/staff122/deepfake_project/outputs_deepfake_project/dfdc_subset_77_jpg/test/real/real_001469.jpg,real,test,0,0.02861238643527031,0,clean,medium
/media/D1/ait_users/staff122/deepfake_project/outputs_deepfake_project/dfdc_subset_77_jpg/test/real/real_001470.jpg,real,test,0,0.011229620315134525,0,clean,medium
/media/D1/ait_users/staff122/deepfake_project/outputs_deepfake_project/dfdc_subset_77_jpg/test/real/real_001471.jpg,real,test,0,0.008492049761116505,0,clean,medium
/media/D1/ait_users/staff122/deepfake_project/outputs_deepfake_project/dfdc_subset_77_jpg/test/real/real_001472.jpg,real,test,0,0.6212453842163086,1,clean,medium
/media/D1/ait_users/staff122/deepfake_project/outputs_deepfake_project/dfdc_subset_77_jpg/test/real/real_001473.jpg,real,test,0,0.8369032740592957,1,clean,medium
/media/D1/ait_users/staff122/deepfake_project/outputs_deepfake_project/dfdc_subset_77_jpg/test/real/real_001474.jpg,real,test,0,0.39098742604255676,0,clean,medium
/media/D1/ait_users/staff122/deepfake_project/outputs_deepfake_project/dfdc_subset_77_jpg/test/real/real_001475.jpg,real,test,0,0.5593081116676331,1,clean,medium
/media/D1/ait_users/staff122/deepfake_project/outputs_deepfake_project/dfdc_subset_77_jpg/test/real/real_001476.jpg,real,test,0,0.8085628747940063,1,clean,medium
/media/D1/ait_users/staff122/deepfake_project/outputs_deepfake_project/dfdc_subset_77_jpg/test/real/real_001477.jpg,real,test,0,0.3124029040336609,0,clean,medium
/media/D1/ait_users/staff122/deepfake_project/outputs_deepfake_project/dfdc_subset_77_jpg/test/real/real_001478.jpg,real,test,0,0.7105240225791931,1,clean,medium
/media/D1/ait_users/staff122/deepfake_project/outputs_deepfake_project/dfdc_subset_77_jpg/test/real/real_001479.jpg,real,test,0,0.39740607142448425,0,clean,medium
/media/D1/ait_users/staff122/deepfake_project/outputs_deepfake_project/dfdc_subset_77_jpg/test/real/real_001480.jpg,real,test,0,0.6318730711936951,1,clean,medium
/media/D1/ait_users/staff122/deepfake_project/outputs_deepfake_project/dfdc_subset_77_jpg/test/real/real_001481.jpg,real,test,0,0.19201289117336273,0,clean,medium
/media/D1/ait_users/staff122/deepfake_project/outputs_deepfake_project/dfdc_subset_77_jpg/test/real/real_001482.jpg,real,test,0,0.11305886507034302,0,clean,medium
/media/D1/ait_users/staff122/deepfake_project/outputs_deepfake_project/dfdc_subset_77_jpg/test/real/real_001483.jpg,real,test,0,0.16780060529708862,0,clean,medium
/media/D1/ait_users/staff122/deepfake_project/outputs_deepfake_project/dfdc_subset_77_jpg/test/real/real_001484.jpg,real,test,0,0.20300477743148804,0,clean,medium
/media/D1/ait_users/staff122/deepfake_project/outputs_deepfake_project/dfdc_subset_77_jpg/test/real/real_001485.jpg,real,test,0,0.11594878882169724,0,clean,medium
/media/D1/ait_users/staff122/deepfake_project/outputs_deepfake_project/dfdc_subset_77_jpg/test/real/real_001486.jpg,real,test,0,0.28169307112693787,0,clean,medium
/media/D1/ait_users/staff122/deepfake_project/outputs_deepfake_project/dfdc_subset_77_jpg/test/real/real_001487.jpg,real,test,0,0.18267813324928284,0,clean,medium
/media/D1/ait_users/staff122/deepfake_project/outputs_deepfake_project/dfdc_subset_77_jpg/test/real/real_001488.jpg,real,test,0,0.796673595905304,1,clean,medium
/media/D1/ait_users/staff122/deepfake_project/outputs_deepfake_project/dfdc_subset_77_jpg/test/real/real_001489.jpg,real,test,0,0.7514484524726868,1,clean,medium
/media/D1/ait_users/staff122/deepfake_project/outputs_deepfake_project/dfdc_subset_77_jpg/test/real/real_001490.jpg,real,test,0,0.6840100884437561,1,clean,medium
/media/D1/ait_users/staff122/deepfake_project/outputs_deepfake_project/dfdc_subset_77_jpg/test/real/real_001491.jpg,real,test,0,0.6532411575317383,1,clean,medium
/media/D1/ait_users/staff122/deepfake_project/outputs_deepfake_project/dfdc_subset_77_jpg/test/real/real_001492.jpg,real,test,0,0.04358260706067085,0,clean,medium
/media/D1/ait_users/staff122/deepfake_project/outputs_deepfake_project/dfdc_subset_77_jpg/test/real/real_001493.jpg,real,test,0,0.32645460963249207,0,clean,medium
/media/D1/ait_users/staff122/deepfake_project/outputs_deepfake_project/dfdc_subset_77_jpg/test/real/real_001494.jpg,real,test,0,0.07239355146884918,0,clean,medium
/media/D1/ait_users/staff122/deepfake_project/outputs_deepfake_project/dfdc_subset_77_jpg/test/real/real_001495.jpg,real,test,0,0.46611082553863525,0,clean,medium
/media/D1/ait_users/staff122/deepfake_project/outputs_deepfake_project/dfdc_subset_77_jpg/test/real/real_001496.jpg,real,test,0,0.9707561731338501,1,clean,medium
/media/D1/ait_users/staff122/deepfake_project/outputs_deepfake_project/dfdc_subset_77_jpg/test/real/real_001497.jpg,real,test,0,0.06906475126743317,0,clean,medium
/media/D1/ait_users/staff122/deepfake_project/outputs_deepfake_project/dfdc_subset_77_jpg/test/real/real_001498.jpg,real,test,0,0.3616035282611847,0,clean,medium
/media/D1/ait_users/staff122/deepfake_project/outputs_deepfake_project/dfdc_subset_77_jpg/test/real/real_001499.jpg,real,test,0,0.3008836805820465,0,clean,medium
/media/D1/ait_users/staff122/deepfake_project/outputs_deepfake_project/dfdc_subset_77_jpg/test/real/real_001500.jpg,real,test,0,0.3277607262134552,0,clean,medium
/media/D1/ait_users/staff122/deepfake_project/outputs_deepfake_project/dfdc_subset_77_jpg/test/real/real_001501.jpg,real,test,0,0.04663434624671936,0,clean,medium
/media/D1/ait_users/staff122/deepfake_project/outputs_deepfake_project/dfdc_subset_77_jpg/test/real/real_001502.jpg,real,test,0,0.14408980309963226,0,clean,medium
/media/D1/ait_users/staff122/deepfake_project/outputs_deepfake_project/dfdc_subset_77_jpg/test/real/real_001503.jpg,real,test,0,0.14411410689353943,0,clean,medium
/media/D1/ait_users/staff122/deepfake_project/outputs_deepfake_project/dfdc_subset_77_jpg/test/real/real_001504.jpg,real,test,0,0.028651302680373192,0,clean,medium
/media/D1/ait_users/staff122/deepfake_project/outputs_deepfake_project/dfdc_subset_77_jpg/test/real/real_001505.jpg,real,test,0,0.02961023524403572,0,clean,medium
/media/D1/ait_users/staff122/deepfake_project/outputs_deepfake_project/dfdc_subset_77_jpg/test/real/real_001506.jpg,real,test,0,0.006015025544911623,0,clean,medium
/media/D1/ait_users/staff122/deepfake_project/outputs_deepfake_project/dfdc_subset_77_jpg/test/real/real_001507.jpg,real,test,0,0.00818680226802826,0,clean,medium
/media/D1/ait_users/staff122/deepfake_project/outputs_deepfake_project/dfdc_subset_77_jpg/test/real/real_001508.jpg,real,test,0,0.27561211585998535,0,clean,medium
/media/D1/ait_users/staff122/deepfake_project/outputs_deepfake_project/dfdc_subset_77_jpg/test/real/real_001509.jpg,real,test,0,0.007548266090452671,0,clean,medium
/media/D1/ait_users/staff122/deepfake_project/outputs_deepfake_project/dfdc_subset_77_jpg/test/real/real_001510.jpg,real,test,0,0.03438899666070938,0,clean,medium
/media/D1/ait_users/staff122/deepfake_project/outputs_deepfake_project/dfdc_subset_77_jpg/test/real/real_001511.jpg,real,test,0,0.10618189722299576,0,clean,medium
/media/D1/ait_users/staff122/deepfake_project/outputs_deepfake_project/dfdc_subset_77_jpg/test/real/real_001512.jpg,real,test,0,0.6270009875297546,1,clean,medium
/media/D1/ait_users/staff122/deepfake_project/outputs_deepfake_project/dfdc_subset_77_jpg/test/real/real_001513.jpg,real,test,0,0.5249948501586914,1,clean,medium
/media/D1/ait_users/staff122/deepfake_project/outputs_deepfake_project/dfdc_subset_77_jpg/test/real/real_001514.jpg,real,test,0,0.09557562321424484,0,clean,medium
/media/D1/ait_users/staff122/deepfake_project/outputs_deepfake_project/dfdc_subset_77_jpg/test/real/real_001515.jpg,real,test,0,0.11877858638763428,0,clean,medium
/media/D1/ait_users/staff122/deepfake_project/outputs_deepfake_project/dfdc_subset_77_jpg/test/real/real_001516.jpg,real,test,0,0.6492354273796082,1,clean,medium
/media/D1/ait_users/staff122/deepfake_project/outputs_deepfake_project/dfdc_subset_77_jpg/test/real/real_001517.jpg,real,test,0,0.09729080647230148,0,clean,medium
/media/D1/ait_users/staff122/deepfake_project/outputs_deepfake_project/dfdc_subset_77_jpg/test/real/real_001518.jpg,real,test,0,0.08147379010915756,0,clean,medium
/media/D1/ait_users/staff122/deepfake_project/outputs_deepfake_project/dfdc_subset_77_jpg/test/real/real_001519.jpg,real,test,0,0.049430154263973236,0,clean,medium
/media/D1/ait_users/staff122/deepfake_project/outputs_deepfake_project/dfdc_subset_77_jpg/test/real/real_001520.jpg,real,test,0,0.037680137902498245,0,clean,medium
/media/D1/ait_users/staff122/deepfake_project/outputs_deepfake_project/dfdc_subset_77_jpg/test/real/real_001521.jpg,real,test,0,0.13637085258960724,0,clean,medium
/media/D1/ait_users/staff122/deepfake_project/outputs_deepfake_project/dfdc_subset_77_jpg/test/real/real_001522.jpg,real,test,0,0.028162291273474693,0,clean,medium
/media/D1/ait_users/staff122/deepfake_project/outputs_deepfake_project/dfdc_subset_77_jpg/test/real/real_001523.jpg,real,test,0,0.19168391823768616,0,clean,medium
/media/D1/ait_users/staff122/deepfake_project/outputs_deepfake_project/dfdc_subset_77_jpg/test/real/real_001524.jpg,real,test,0,0.023887651041150093,0,clean,medium
/media/D1/ait_users/staff122/deepfake_project/outputs_deepfake_project/dfdc_subset_77_jpg/test/real/real_001525.jpg,real,test,0,0.0133440513163805,0,clean,medium
/media/D1/ait_users/staff122/deepfake_project/outputs_deepfake_project/dfdc_subset_77_jpg/test/real/real_001526.jpg,real,test,0,0.06658162921667099,0,clean,medium
/media/D1/ait_users/staff122/deepfake_project/outputs_deepfake_project/dfdc_subset_77_jpg/test/real/real_001527.jpg,real,test,0,0.47369635105133057,0,clean,medium
/media/D1/ait_users/staff122/deepfake_project/outputs_deepfake_project/dfdc_subset_77_jpg/test/real/real_001528.jpg,real,test,0,0.016674701124429703,0,clean,medium
/media/D1/ait_users/staff122/deepfake_project/outputs_deepfake_project/dfdc_subset_77_jpg/test/real/real_001529.jpg,real,test,0,0.00776636553928256,0,clean,medium
/media/D1/ait_users/staff122/deepfake_project/outputs_deepfake_project/dfdc_subset_77_jpg/test/real/real_001530.jpg,real,test,0,0.004403040278702974,0,clean,medium
/media/D1/ait_users/staff122/deepfake_project/outputs_deepfake_project/dfdc_subset_77_jpg/test/real/real_001531.jpg,real,test,0,0.003974802792072296,0,clean,medium
/media/D1/ait_users/staff122/deepfake_project/outputs_deepfake_project/dfdc_subset_77_jpg/test/real/real_001532.jpg,real,test,0,0.006176339462399483,0,clean,medium
/media/D1/ait_users/staff122/deepfake_project/outputs_deepfake_project/dfdc_subset_77_jpg/test/real/real_001533.jpg,real,test,0,0.09502366930246353,0,clean,medium
/media/D1/ait_users/staff122/deepfake_project/outputs_deepfake_project/dfdc_subset_77_jpg/test/real/real_001534.jpg,real,test,0,0.29504552483558655,0,clean,medium
/media/D1/ait_users/staff122/deepfake_project/outputs_deepfake_project/dfdc_subset_77_jpg/test/real/real_001535.jpg,real,test,0,0.060665201395750046,0,clean,medium
/media/D1/ait_users/staff122/deepfake_project/outputs_deepfake_project/dfdc_subset_77_jpg/test/real/real_001536.jpg,real,test,0,0.8914761543273926,1,clean,medium
/media/D1/ait_users/staff122/deepfake_project/outputs_deepfake_project/dfdc_subset_77_jpg/test/real/real_001537.jpg,real,test,0,0.7828826308250427,1,clean,medium
/media/D1/ait_users/staff122/deepfake_project/outputs_deepfake_project/dfdc_subset_77_jpg/test/real/real_001538.jpg,real,test,0,0.8317437171936035,1,clean,medium
/media/D1/ait_users/staff122/deepfake_project/outputs_deepfake_project/dfdc_subset_77_jpg/test/real/real_001539.jpg,real,test,0,0.868598222732544,1,clean,medium
/media/D1/ait_users/staff122/deepfake_project/outputs_deepfake_project/dfdc_subset_77_jpg/test/real/real_001540.jpg,real,test,0,0.9051822423934937,1,clean,medium
/media/D1/ait_users/staff122/deepfake_project/outputs_deepfake_project/dfdc_subset_77_jpg/test/real/real_001541.jpg,real,test,0,0.89955735206604,1,clean,medium
/media/D1/ait_users/staff122/deepfake_project/outputs_deepfake_project/dfdc_subset_77_jpg/test/real/real_001542.jpg,real,test,0,0.9471496343612671,1,clean,medium
/media/D1/ait_users/staff122/deepfake_project/outputs_deepfake_project/dfdc_subset_77_jpg/test/real/real_001543.jpg,real,test,0,0.9133577346801758,1,clean,medium
/media/D1/ait_users/staff122/deepfake_project/outputs_deepfake_project/dfdc_subset_77_jpg/test/real/real_001544.jpg,real,test,0,0.9258908629417419,1,clean,medium
/media/D1/ait_users/staff122/deepfake_project/outputs_deepfake_project/dfdc_subset_77_jpg/test/real/real_001545.jpg,real,test,0,0.8808439373970032,1,clean,medium
/media/D1/ait_users/staff122/deepfake_project/outputs_deepfake_project/dfdc_subset_77_jpg/test/real/real_001546.jpg,real,test,0,0.9467248320579529,1,clean,medium
/media/D1/ait_users/staff122/deepfake_project/outputs_deepfake_project/dfdc_subset_77_jpg/test/real/real_001547.jpg,real,test,0,0.9298832416534424,1,clean,medium
/media/D1/ait_users/staff122/deepfake_project/outputs_deepfake_project/dfdc_subset_77_jpg/test/real/real_001548.jpg,real,test,0,0.9117700457572937,1,clean,medium
/media/D1/ait_users/staff122/deepfake_project/outputs_deepfake_project/dfdc_subset_77_jpg/test/real/real_001549.jpg,real,test,0,0.9187929630279541,1,clean,medium
/media/D1/ait_users/staff122/deepfake_project/outputs_deepfake_project/dfdc_subset_77_jpg/test/real/real_001550.jpg,real,test,0,0.9153468012809753,1,clean,medium
/media/D1/ait_users/staff122/deepfake_project/outputs_deepfake_project/dfdc_subset_77_jpg/test/real/real_001551.jpg,real,test,0,0.9083772897720337,1,clean,medium
/media/D1/ait_users/staff122/deepfake_project/outputs_deepfake_project/dfdc_subset_77_jpg/test/real/real_001552.jpg,real,test,0,0.9595465064048767,1,clean,medium
/media/D1/ait_users/staff122/deepfake_project/outputs_deepfake_project/dfdc_subset_77_jpg/test/real/real_001553.jpg,real,test,0,0.9674211144447327,1,clean,medium
/media/D1/ait_users/staff122/deepfake_project/outputs_deepfake_project/dfdc_subset_77_jpg/test/real/real_001554.jpg,real,test,0,0.9605324864387512,1,clean,medium
/media/D1/ait_users/staff122/deepfake_project/outputs_deepfake_project/dfdc_subset_77_jpg/test/real/real_001555.jpg,real,test,0,0.45795968174934387,0,clean,medium
/media/D1/ait_users/staff122/deepfake_project/outputs_deepfake_project/dfdc_subset_77_jpg/test/real/real_001556.jpg,real,test,0,0.2714819610118866,0,clean,medium
/media/D1/ait_users/staff122/deepfake_project/outputs_deepfake_project/dfdc_subset_77_jpg/test/real/real_001557.jpg,real,test,0,0.37661150097846985,0,clean,medium
/media/D1/ait_users/staff122/deepfake_project/outputs_deepfake_project/dfdc_subset_77_jpg/test/real/real_001558.jpg,real,test,0,0.5695335865020752,1,clean,medium
/media/D1/ait_users/staff122/deepfake_project/outputs_deepfake_project/dfdc_subset_77_jpg/test/real/real_001559.jpg,real,test,0,0.4089767336845398,0,clean,medium
/media/D1/ait_users/staff122/deepfake_project/outputs_deepfake_project/dfdc_subset_77_jpg/test/real/real_001560.jpg,real,test,0,0.2269115298986435,0,clean,medium
/media/D1/ait_users/staff122/deepfake_project/outputs_deepfake_project/dfdc_subset_77_jpg/test/real/real_001561.jpg,real,test,0,0.3525632619857788,0,clean,medium
/media/D1/ait_users/staff122/deepfake_project/outputs_deepfake_project/dfdc_subset_77_jpg/test/real/real_001562.jpg,real,test,0,0.17008276283740997,0,clean,medium
/media/D1/ait_users/staff122/deepfake_project/outputs_deepfake_project/dfdc_subset_77_jpg/test/real/real_001563.jpg,real,test,0,0.243709534406662,0,clean,medium
/media/D1/ait_users/staff122/deepfake_project/outputs_deepfake_project/dfdc_subset_77_jpg/test/real/real_001564.jpg,real,test,0,0.23644638061523438,0,clean,medium
/media/D1/ait_users/staff122/deepfake_project/outputs_deepfake_project/dfdc_subset_77_jpg/test/real/real_001565.jpg,real,test,0,0.213592529296875,0,clean,medium
/media/D1/ait_users/staff122/deepfake_project/outputs_deepfake_project/dfdc_subset_77_jpg/test/real/real_001566.jpg,real,test,0,0.22513282299041748,0,clean,medium
/media/D1/ait_users/staff122/deepfake_project/outputs_deepfake_project/dfdc_subset_77_jpg/test/real/real_001567.jpg,real,test,0,0.29238787293434143,0,clean,medium
/media/D1/ait_users/staff122/deepfake_project/outputs_deepfake_project/dfdc_subset_77_jpg/test/real/real_001568.jpg,real,test,0,0.19923508167266846,0,clean,medium
/media/D1/ait_users/staff122/deepfake_project/outputs_deepfake_project/dfdc_subset_77_jpg/test/real/real_001569.jpg,real,test,0,0.39163005352020264,0,clean,medium
/media/D1/ait_users/staff122/deepfake_project/outputs_deepfake_project/dfdc_subset_77_jpg/test/real/real_001570.jpg,real,test,0,0.2503272593021393,0,clean,medium
/media/D1/ait_users/staff122/deepfake_project/outputs_deepfake_project/dfdc_subset_77_jpg/test/real/real_001571.jpg,real,test,0,0.05722957104444504,0,clean,medium
/media/D1/ait_users/staff122/deepfake_project/outputs_deepfake_project/dfdc_subset_77_jpg/test/real/real_001572.jpg,real,test,0,0.3154343366622925,0,clean,medium
/media/D1/ait_users/staff122/deepfake_project/outputs_deepfake_project/dfdc_subset_77_jpg/test/real/real_001573.jpg,real,test,0,0.01838042587041855,0,clean,medium
/media/D1/ait_users/staff122/deepfake_project/outputs_deepfake_project/dfdc_subset_77_jpg/test/real/real_001574.jpg,real,test,0,0.061923496425151825,0,clean,medium
/media/D1/ait_users/staff122/deepfake_project/outputs_deepfake_project/dfdc_subset_77_jpg/test/real/real_001575.jpg,real,test,0,0.026429103687405586,0,clean,medium
/media/D1/ait_users/staff122/deepfake_project/outputs_deepfake_project/dfdc_subset_77_jpg/test/real/real_001576.jpg,real,test,0,0.24731887876987457,0,clean,medium
/media/D1/ait_users/staff122/deepfake_project/outputs_deepfake_project/dfdc_subset_77_jpg/test/real/real_001577.jpg,real,test,0,0.0383426807820797,0,clean,medium
/media/D1/ait_users/staff122/deepfake_project/outputs_deepfake_project/dfdc_subset_77_jpg/test/real/real_001578.jpg,real,test,0,0.04357057064771652,0,clean,medium
/media/D1/ait_users/staff122/deepfake_project/outputs_deepfake_project/dfdc_subset_77_jpg/test/real/real_001579.jpg,real,test,0,0.030101481825113297,0,clean,medium
/media/D1/ait_users/staff122/deepfake_project/outputs_deepfake_project/dfdc_subset_77_jpg/test/real/real_001580.jpg,real,test,0,0.013636554591357708,0,clean,medium
/media/D1/ait_users/staff122/deepfake_project/outputs_deepfake_project/dfdc_subset_77_jpg/test/real/real_001581.jpg,real,test,0,0.006121368613094091,0,clean,medium
/media/D1/ait_users/staff122/deepfake_project/outputs_deepfake_project/dfdc_subset_77_jpg/test/real/real_001582.jpg,real,test,0,0.007968038320541382,0,clean,medium
/media/D1/ait_users/staff122/deepfake_project/outputs_deepfake_project/dfdc_subset_77_jpg/test/real/real_001583.jpg,real,test,0,0.018946455791592598,0,clean,medium
/media/D1/ait_users/staff122/deepfake_project/outputs_deepfake_project/dfdc_subset_77_jpg/test/real/real_001584.jpg,real,test,0,0.1469428688287735,0,clean,medium
/media/D1/ait_users/staff122/deepfake_project/outputs_deepfake_project/dfdc_subset_77_jpg/test/real/real_001585.jpg,real,test,0,0.05392967164516449,0,clean,medium
/media/D1/ait_users/staff122/deepfake_project/outputs_deepfake_project/dfdc_subset_77_jpg/test/real/real_001586.jpg,real,test,0,0.008978315629065037,0,clean,medium
/media/D1/ait_users/staff122/deepfake_project/outputs_deepfake_project/dfdc_subset_77_jpg/test/real/real_001587.jpg,real,test,0,0.9277245402336121,1,clean,medium
/media/D1/ait_users/staff122/deepfake_project/outputs_deepfake_project/dfdc_subset_77_jpg/test/real/real_001588.jpg,real,test,0,0.10682929307222366,0,clean,medium
/media/D1/ait_users/staff122/deepfake_project/outputs_deepfake_project/dfdc_subset_77_jpg/test/real/real_001589.jpg,real,test,0,0.008515053428709507,0,clean,medium
/media/D1/ait_users/staff122/deepfake_project/outputs_deepfake_project/dfdc_subset_77_jpg/test/real/real_001590.jpg,real,test,0,0.013016672804951668,0,clean,medium
/media/D1/ait_users/staff122/deepfake_project/outputs_deepfake_project/dfdc_subset_77_jpg/test/real/real_001591.jpg,real,test,0,0.01332127396017313,0,clean,medium
/media/D1/ait_users/staff122/deepfake_project/outputs_deepfake_project/dfdc_subset_77_jpg/test/real/real_001592.jpg,real,test,0,0.8063458204269409,1,clean,medium
/media/D1/ait_users/staff122/deepfake_project/outputs_deepfake_project/dfdc_subset_77_jpg/test/real/real_001593.jpg,real,test,0,0.12856575846672058,0,clean,medium
/media/D1/ait_users/staff122/deepfake_project/outputs_deepfake_project/dfdc_subset_77_jpg/test/real/real_001594.jpg,real,test,0,0.028577439486980438,0,clean,medium
/media/D1/ait_users/staff122/deepfake_project/outputs_deepfake_project/dfdc_subset_77_jpg/test/real/real_001595.jpg,real,test,0,0.04863554239273071,0,clean,medium
/media/D1/ait_users/staff122/deepfake_project/outputs_deepfake_project/dfdc_subset_77_jpg/test/real/real_001596.jpg,real,test,0,0.15501700341701508,0,clean,medium
/media/D1/ait_users/staff122/deepfake_project/outputs_deepfake_project/dfdc_subset_77_jpg/test/real/real_001597.jpg,real,test,0,0.03524414077401161,0,clean,medium
/media/D1/ait_users/staff122/deepfake_project/outputs_deepfake_project/dfdc_subset_77_jpg/test/real/real_001598.jpg,real,test,0,0.03768179565668106,0,clean,medium
/media/D1/ait_users/staff122/deepfake_project/outputs_deepfake_project/dfdc_subset_77_jpg/test/real/real_001599.jpg,real,test,0,0.3288443386554718,0,clean,medium
/media/D1/ait_users/staff122/deepfake_project/outputs_deepfake_project/dfdc_subset_77_jpg/test/real/real_001600.jpg,real,test,0,0.9183900952339172,1,clean,medium
/media/D1/ait_users/staff122/deepfake_project/outputs_deepfake_project/dfdc_subset_77_jpg/test/real/real_001601.jpg,real,test,0,0.9159595966339111,1,clean,medium
/media/D1/ait_users/staff122/deepfake_project/outputs_deepfake_project/dfdc_subset_77_jpg/test/real/real_001602.jpg,real,test,0,0.22948536276817322,0,clean,medium
/media/D1/ait_users/staff122/deepfake_project/outputs_deepfake_project/dfdc_subset_77_jpg/test/real/real_001603.jpg,real,test,0,0.1829862743616104,0,clean,medium
/media/D1/ait_users/staff122/deepfake_project/outputs_deepfake_project/dfdc_subset_77_jpg/test/real/real_001604.jpg,real,test,0,0.9050718545913696,1,clean,medium
/media/D1/ait_users/staff122/deepfake_project/outputs_deepfake_project/dfdc_subset_77_jpg/test/real/real_001605.jpg,real,test,0,0.16679488122463226,0,clean,medium
/media/D1/ait_users/staff122/deepfake_project/outputs_deepfake_project/dfdc_subset_77_jpg/test/real/real_001606.jpg,real,test,0,0.3191978633403778,0,clean,medium
/media/D1/ait_users/staff122/deepfake_project/outputs_deepfake_project/dfdc_subset_77_jpg/test/real/real_001607.jpg,real,test,0,0.907757043838501,1,clean,medium
/media/D1/ait_users/staff122/deepfake_project/outputs_deepfake_project/dfdc_subset_77_jpg/test/real/real_001608.jpg,real,test,0,0.32578206062316895,0,clean,medium
/media/D1/ait_users/staff122/deepfake_project/outputs_deepfake_project/dfdc_subset_77_jpg/test/real/real_001609.jpg,real,test,0,0.3418028950691223,0,clean,medium
/media/D1/ait_users/staff122/deepfake_project/outputs_deepfake_project/dfdc_subset_77_jpg/test/real/real_001610.jpg,real,test,0,0.10460101068019867,0,clean,medium
/media/D1/ait_users/staff122/deepfake_project/outputs_deepfake_project/dfdc_subset_77_jpg/test/real/real_001611.jpg,real,test,0,0.662223219871521,1,clean,medium
/media/D1/ait_users/staff122/deepfake_project/outputs_deepfake_project/dfdc_subset_77_jpg/test/real/real_001612.jpg,real,test,0,0.4770205616950989,0,clean,medium
/media/D1/ait_users/staff122/deepfake_project/outputs_deepfake_project/dfdc_subset_77_jpg/test/real/real_001613.jpg,real,test,0,0.5668346285820007,1,clean,medium
/media/D1/ait_users/staff122/deepfake_project/outputs_deepfake_project/dfdc_subset_77_jpg/test/real/real_001614.jpg,real,test,0,0.8682841658592224,1,clean,medium
/media/D1/ait_users/staff122/deepfake_project/outputs_deepfake_project/dfdc_subset_77_jpg/test/real/real_001615.jpg,real,test,0,0.6318742632865906,1,clean,medium
/media/D1/ait_users/staff122/deepfake_project/outputs_deepfake_project/dfdc_subset_77_jpg/test/real/real_001616.jpg,real,test,0,0.596879243850708,1,clean,medium
/media/D1/ait_users/staff122/deepfake_project/outputs_deepfake_project/dfdc_subset_77_jpg/test/real/real_001617.jpg,real,test,0,0.849172055721283,1,clean,medium
/media/D1/ait_users/staff122/deepfake_project/outputs_deepfake_project/dfdc_subset_77_jpg/test/real/real_001618.jpg,real,test,0,0.7012444138526917,1,clean,medium
/media/D1/ait_users/staff122/deepfake_project/outputs_deepfake_project/dfdc_subset_77_jpg/test/real/real_001619.jpg,real,test,0,0.44421640038490295,0,clean,medium
/media/D1/ait_users/staff122/deepfake_project/outputs_deepfake_project/dfdc_subset_77_jpg/test/real/real_001620.jpg,real,test,0,0.21497900784015656,0,clean,medium
/media/D1/ait_users/staff122/deepfake_project/outputs_deepfake_project/dfdc_subset_77_jpg/test/real/real_001621.jpg,real,test,0,0.40254807472229004,0,clean,medium
/media/D1/ait_users/staff122/deepfake_project/outputs_deepfake_project/dfdc_subset_77_jpg/test/real/real_001622.jpg,real,test,0,0.8453485369682312,1,clean,medium
/media/D1/ait_users/staff122/deepfake_project/outputs_deepfake_project/dfdc_subset_77_jpg/test/real/real_001623.jpg,real,test,0,0.8519420027732849,1,clean,medium
/media/D1/ait_users/staff122/deepfake_project/outputs_deepfake_project/dfdc_subset_77_jpg/test/real/real_001624.jpg,real,test,0,0.8444496393203735,1,clean,medium
/media/D1/ait_users/staff122/deepfake_project/outputs_deepfake_project/dfdc_subset_77_jpg/test/real/real_001625.jpg,real,test,0,0.6322593092918396,1,clean,medium
/media/D1/ait_users/staff122/deepfake_project/outputs_deepfake_project/dfdc_subset_77_jpg/test/real/real_001626.jpg,real,test,0,0.6153759360313416,1,clean,medium
/media/D1/ait_users/staff122/deepfake_project/outputs_deepfake_project/dfdc_subset_77_jpg/test/real/real_001627.jpg,real,test,0,0.34167444705963135,0,clean,medium
/media/D1/ait_users/staff122/deepfake_project/outputs_deepfake_project/dfdc_subset_77_jpg/test/real/real_001628.jpg,real,test,0,0.9275797009468079,1,clean,medium
/media/D1/ait_users/staff122/deepfake_project/outputs_deepfake_project/dfdc_subset_77_jpg/test/real/real_001629.jpg,real,test,0,0.9462062120437622,1,clean,medium
/media/D1/ait_users/staff122/deepfake_project/outputs_deepfake_project/dfdc_subset_77_jpg/test/real/real_001630.jpg,real,test,0,0.5443814396858215,1,clean,medium
/media/D1/ait_users/staff122/deepfake_project/outputs_deepfake_project/dfdc_subset_77_jpg/test/real/real_001631.jpg,real,test,0,0.5826984643936157,1,clean,medium
/media/D1/ait_users/staff122/deepfake_project/outputs_deepfake_project/dfdc_subset_77_jpg/test/real/real_001632.jpg,real,test,0,0.30605125427246094,0,clean,medium
/media/D1/ait_users/staff122/deepfake_project/outputs_deepfake_project/dfdc_subset_77_jpg/test/real/real_001633.jpg,real,test,0,0.4280391037464142,0,clean,medium
/media/D1/ait_users/staff122/deepfake_project/outputs_deepfake_project/dfdc_subset_77_jpg/test/real/real_001634.jpg,real,test,0,0.4762309491634369,0,clean,medium
/media/D1/ait_users/staff122/deepfake_project/outputs_deepfake_project/dfdc_subset_77_jpg/test/real/real_001635.jpg,real,test,0,0.8210108876228333,1,clean,medium
/media/D1/ait_users/staff122/deepfake_project/outputs_deepfake_project/dfdc_subset_77_jpg/test/real/real_001636.jpg,real,test,0,0.8352580666542053,1,clean,medium
/media/D1/ait_users/staff122/deepfake_project/outputs_deepfake_project/dfdc_subset_77_jpg/test/real/real_001637.jpg,real,test,0,0.8604992628097534,1,clean,medium
/media/D1/ait_users/staff122/deepfake_project/outputs_deepfake_project/dfdc_subset_77_jpg/test/real/real_001638.jpg,real,test,0,0.4594615697860718,0,clean,medium
/media/D1/ait_users/staff122/deepfake_project/outputs_deepfake_project/dfdc_subset_77_jpg/test/real/real_001639.jpg,real,test,0,0.5358643531799316,1,clean,medium
/media/D1/ait_users/staff122/deepfake_project/outputs_deepfake_project/dfdc_subset_77_jpg/test/real/real_001640.jpg,real,test,0,0.38458630442619324,0,clean,medium
/media/D1/ait_users/staff122/deepfake_project/outputs_deepfake_project/dfdc_subset_77_jpg/test/real/real_001641.jpg,real,test,0,0.5729400515556335,1,clean,medium
/media/D1/ait_users/staff122/deepfake_project/outputs_deepfake_project/dfdc_subset_77_jpg/test/real/real_001642.jpg,real,test,0,0.36941540241241455,0,clean,medium
/media/D1/ait_users/staff122/deepfake_project/outputs_deepfake_project/dfdc_subset_77_jpg/test/real/real_001643.jpg,real,test,0,0.4743326008319855,0,clean,medium
/media/D1/ait_users/staff122/deepfake_project/outputs_deepfake_project/dfdc_subset_77_jpg/test/real/real_001644.jpg,real,test,0,0.4740075469017029,0,clean,medium
/media/D1/ait_users/staff122/deepfake_project/outputs_deepfake_project/dfdc_subset_77_jpg/test/real/real_001645.jpg,real,test,0,0.3536223769187927,0,clean,medium
/media/D1/ait_users/staff122/deepfake_project/outputs_deepfake_project/dfdc_subset_77_jpg/test/real/real_001646.jpg,real,test,0,0.5103974938392639,1,clean,medium
/media/D1/ait_users/staff122/deepfake_project/outputs_deepfake_project/dfdc_subset_77_jpg/test/real/real_001647.jpg,real,test,0,0.8995100855827332,1,clean,medium
/media/D1/ait_users/staff122/deepfake_project/outputs_deepfake_project/dfdc_subset_77_jpg/test/real/real_001648.jpg,real,test,0,0.905331015586853,1,clean,medium
/media/D1/ait_users/staff122/deepfake_project/outputs_deepfake_project/dfdc_subset_77_jpg/test/real/real_001649.jpg,real,test,0,0.40765926241874695,0,clean,medium
/media/D1/ait_users/staff122/deepfake_project/outputs_deepfake_project/dfdc_subset_77_jpg/test/real/real_001650.jpg,real,test,0,0.6236591339111328,1,clean,medium
/media/D1/ait_users/staff122/deepfake_project/outputs_deepfake_project/dfdc_subset_77_jpg/test/real/real_001651.jpg,real,test,0,0.8995450139045715,1,clean,medium
/media/D1/ait_users/staff122/deepfake_project/outputs_deepfake_project/dfdc_subset_77_jpg/test/real/real_001652.jpg,real,test,0,0.2042795568704605,0,clean,medium
/media/D1/ait_users/staff122/deepfake_project/outputs_deepfake_project/dfdc_subset_77_jpg/test/real/real_001653.jpg,real,test,0,0.4232775866985321,0,clean,medium
/media/D1/ait_users/staff122/deepfake_project/outputs_deepfake_project/dfdc_subset_77_jpg/test/real/real_001654.jpg,real,test,0,0.8867936730384827,1,clean,medium
/media/D1/ait_users/staff122/deepfake_project/outputs_deepfake_project/dfdc_subset_77_jpg/test/real/real_001655.jpg,real,test,0,0.26012539863586426,0,clean,medium
/media/D1/ait_users/staff122/deepfake_project/outputs_deepfake_project/dfdc_subset_77_jpg/test/real/real_001656.jpg,real,test,0,0.18137842416763306,0,clean,medium
/media/D1/ait_users/staff122/deepfake_project/outputs_deepfake_project/dfdc_subset_77_jpg/test/real/real_001657.jpg,real,test,0,0.4099610447883606,0,clean,medium
/media/D1/ait_users/staff122/deepfake_project/outputs_deepfake_project/dfdc_subset_77_jpg/test/real/real_001658.jpg,real,test,0,0.6385716199874878,1,clean,medium
/media/D1/ait_users/staff122/deepfake_project/outputs_deepfake_project/dfdc_subset_77_jpg/test/real/real_001659.jpg,real,test,0,0.8873515725135803,1,clean,medium
/media/D1/ait_users/staff122/deepfake_project/outputs_deepfake_project/dfdc_subset_77_jpg/test/real/real_001660.jpg,real,test,0,0.20167984068393707,0,clean,medium
/media/D1/ait_users/staff122/deepfake_project/outputs_deepfake_project/dfdc_subset_77_jpg/test/real/real_001661.jpg,real,test,0,0.2549050450325012,0,clean,medium
/media/D1/ait_users/staff122/deepfake_project/outputs_deepfake_project/dfdc_subset_77_jpg/test/real/real_001662.jpg,real,test,0,0.590955913066864,1,clean,medium
/media/D1/ait_users/staff122/deepfake_project/outputs_deepfake_project/dfdc_subset_77_jpg/test/real/real_001663.jpg,real,test,0,0.4950946569442749,0,clean,medium
/media/D1/ait_users/staff122/deepfake_project/outputs_deepfake_project/dfdc_subset_77_jpg/test/real/real_001664.jpg,real,test,0,0.007652131840586662,0,clean,medium
/media/D1/ait_users/staff122/deepfake_project/outputs_deepfake_project/dfdc_subset_77_jpg/test/real/real_001665.jpg,real,test,0,0.004008755087852478,0,clean,medium
/media/D1/ait_users/staff122/deepfake_project/outputs_deepfake_project/dfdc_subset_77_jpg/test/real/real_001666.jpg,real,test,0,0.006597967818379402,0,clean,medium
/media/D1/ait_users/staff122/deepfake_project/outputs_deepfake_project/dfdc_subset_77_jpg/test/real/real_001667.jpg,real,test,0,0.014951116405427456,0,clean,medium
/media/D1/ait_users/staff122/deepfake_project/outputs_deepfake_project/dfdc_subset_77_jpg/test/real/real_001668.jpg,real,test,0,0.06907759606838226,0,clean,medium
/media/D1/ait_users/staff122/deepfake_project/outputs_deepfake_project/dfdc_subset_77_jpg/test/real/real_001669.jpg,real,test,0,0.22357553243637085,0,clean,medium
/media/D1/ait_users/staff122/deepfake_project/outputs_deepfake_project/dfdc_subset_77_jpg/test/real/real_001670.jpg,real,test,0,0.44474512338638306,0,clean,medium
/media/D1/ait_users/staff122/deepfake_project/outputs_deepfake_project/dfdc_subset_77_jpg/test/real/real_001671.jpg,real,test,0,0.11129950731992722,0,clean,medium
/media/D1/ait_users/staff122/deepfake_project/outputs_deepfake_project/dfdc_subset_77_jpg/test/real/real_001672.jpg,real,test,0,0.07363332808017731,0,clean,medium
/media/D1/ait_users/staff122/deepfake_project/outputs_deepfake_project/dfdc_subset_77_jpg/test/real/real_001673.jpg,real,test,0,0.0882345512509346,0,clean,medium
/media/D1/ait_users/staff122/deepfake_project/outputs_deepfake_project/dfdc_subset_77_jpg/test/real/real_001674.jpg,real,test,0,0.09676166623830795,0,clean,medium
/media/D1/ait_users/staff122/deepfake_project/outputs_deepfake_project/dfdc_subset_77_jpg/test/real/real_001675.jpg,real,test,0,0.2286219298839569,0,clean,medium
/media/D1/ait_users/staff122/deepfake_project/outputs_deepfake_project/dfdc_subset_77_jpg/test/real/real_001676.jpg,real,test,0,0.03874938189983368,0,clean,medium
/media/D1/ait_users/staff122/deepfake_project/outputs_deepfake_project/dfdc_subset_77_jpg/test/real/real_001677.jpg,real,test,0,0.03391968086361885,0,clean,medium
/media/D1/ait_users/staff122/deepfake_project/outputs_deepfake_project/dfdc_subset_77_jpg/test/real/real_001678.jpg,real,test,0,0.026117900386452675,0,clean,medium
/media/D1/ait_users/staff122/deepfake_project/outputs_deepfake_project/dfdc_subset_77_jpg/test/real/real_001679.jpg,real,test,0,0.024632057175040245,0,clean,medium
/media/D1/ait_users/staff122/deepfake_project/outputs_deepfake_project/dfdc_subset_77_jpg/test/real/real_001680.jpg,real,test,0,0.10297152400016785,0,clean,medium
/media/D1/ait_users/staff122/deepfake_project/outputs_deepfake_project/dfdc_subset_77_jpg/test/real/real_001681.jpg,real,test,0,0.09772590547800064,0,clean,medium
/media/D1/ait_users/staff122/deepfake_project/outputs_deepfake_project/dfdc_subset_77_jpg/test/real/real_001682.jpg,real,test,0,0.012347267009317875,0,clean,medium
/media/D1/ait_users/staff122/deepfake_project/outputs_deepfake_project/dfdc_subset_77_jpg/test/real/real_001683.jpg,real,test,0,0.04137120395898819,0,clean,medium
/media/D1/ait_users/staff122/deepfake_project/outputs_deepfake_project/dfdc_subset_77_jpg/test/real/real_001684.jpg,real,test,0,0.1432669460773468,0,clean,medium
/media/D1/ait_users/staff122/deepfake_project/outputs_deepfake_project/dfdc_subset_77_jpg/test/real/real_001685.jpg,real,test,0,0.05381510779261589,0,clean,medium
/media/D1/ait_users/staff122/deepfake_project/outputs_deepfake_project/dfdc_subset_77_jpg/test/real/real_001686.jpg,real,test,0,0.0758073478937149,0,clean,medium
/media/D1/ait_users/staff122/deepfake_project/outputs_deepfake_project/dfdc_subset_77_jpg/test/real/real_001687.jpg,real,test,0,0.07015760242938995,0,clean,medium
/media/D1/ait_users/staff122/deepfake_project/outputs_deepfake_project/dfdc_subset_77_jpg/test/real/real_001688.jpg,real,test,0,0.08239486813545227,0,clean,medium
/media/D1/ait_users/staff122/deepfake_project/outputs_deepfake_project/dfdc_subset_77_jpg/test/real/real_001689.jpg,real,test,0,0.023922691121697426,0,clean,medium
/media/D1/ait_users/staff122/deepfake_project/outputs_deepfake_project/dfdc_subset_77_jpg/test/real/real_001690.jpg,real,test,0,0.05822782590985298,0,clean,medium
/media/D1/ait_users/staff122/deepfake_project/outputs_deepfake_project/dfdc_subset_77_jpg/test/real/real_001691.jpg,real,test,0,0.03323684260249138,0,clean,medium
/media/D1/ait_users/staff122/deepfake_project/outputs_deepfake_project/dfdc_subset_77_jpg/test/real/real_001692.jpg,real,test,0,0.03595501556992531,0,clean,medium
/media/D1/ait_users/staff122/deepfake_project/outputs_deepfake_project/dfdc_subset_77_jpg/test/real/real_001693.jpg,real,test,0,0.17362593114376068,0,clean,medium
/media/D1/ait_users/staff122/deepfake_project/outputs_deepfake_project/dfdc_subset_77_jpg/test/real/real_001694.jpg,real,test,0,0.11003590375185013,0,clean,medium
/media/D1/ait_users/staff122/deepfake_project/outputs_deepfake_project/dfdc_subset_77_jpg/test/real/real_001695.jpg,real,test,0,0.11289149522781372,0,clean,medium
/media/D1/ait_users/staff122/deepfake_project/outputs_deepfake_project/dfdc_subset_77_jpg/test/real/real_001696.jpg,real,test,0,0.30831554532051086,0,clean,medium
/media/D1/ait_users/staff122/deepfake_project/outputs_deepfake_project/dfdc_subset_77_jpg/test/real/real_001697.jpg,real,test,0,0.0721643939614296,0,clean,medium
/media/D1/ait_users/staff122/deepfake_project/outputs_deepfake_project/dfdc_subset_77_jpg/test/real/real_001698.jpg,real,test,0,0.44148367643356323,0,clean,medium
/media/D1/ait_users/staff122/deepfake_project/outputs_deepfake_project/dfdc_subset_77_jpg/test/real/real_001699.jpg,real,test,0,0.3618299067020416,0,clean,medium
/media/D1/ait_users/staff122/deepfake_project/outputs_deepfake_project/dfdc_subset_77_jpg/test/real/real_001700.jpg,real,test,0,0.03418639302253723,0,clean,medium
/media/D1/ait_users/staff122/deepfake_project/outputs_deepfake_project/dfdc_subset_77_jpg/test/real/real_001701.jpg,real,test,0,0.5408176779747009,1,clean,medium
/media/D1/ait_users/staff122/deepfake_project/outputs_deepfake_project/dfdc_subset_77_jpg/test/real/real_001702.jpg,real,test,0,0.7010707855224609,1,clean,medium
/media/D1/ait_users/staff122/deepfake_project/outputs_deepfake_project/dfdc_subset_77_jpg/test/real/real_001703.jpg,real,test,0,0.8400111794471741,1,clean,medium
/media/D1/ait_users/staff122/deepfake_project/outputs_deepfake_project/dfdc_subset_77_jpg/test/real/real_001704.jpg,real,test,0,0.7662407755851746,1,clean,medium
/media/D1/ait_users/staff122/deepfake_project/outputs_deepfake_project/dfdc_subset_77_jpg/test/real/real_001705.jpg,real,test,0,0.8495399355888367,1,clean,medium
/media/D1/ait_users/staff122/deepfake_project/outputs_deepfake_project/dfdc_subset_77_jpg/test/real/real_001706.jpg,real,test,0,0.4538594186306,0,clean,medium
/media/D1/ait_users/staff122/deepfake_project/outputs_deepfake_project/dfdc_subset_77_jpg/test/real/real_001707.jpg,real,test,0,0.10008754581212997,0,clean,medium
/media/D1/ait_users/staff122/deepfake_project/outputs_deepfake_project/dfdc_subset_77_jpg/test/real/real_001708.jpg,real,test,0,0.10635533928871155,0,clean,medium
/media/D1/ait_users/staff122/deepfake_project/outputs_deepfake_project/dfdc_subset_77_jpg/test/real/real_001709.jpg,real,test,0,0.06677031517028809,0,clean,medium
/media/D1/ait_users/staff122/deepfake_project/outputs_deepfake_project/dfdc_subset_77_jpg/test/real/real_001710.jpg,real,test,0,0.4041072726249695,0,clean,medium
/media/D1/ait_users/staff122/deepfake_project/outputs_deepfake_project/dfdc_subset_77_jpg/test/real/real_001711.jpg,real,test,0,0.3200449049472809,0,clean,medium
/media/D1/ait_users/staff122/deepfake_project/outputs_deepfake_project/dfdc_subset_77_jpg/test/real/real_001712.jpg,real,test,0,0.20481550693511963,0,clean,medium
/media/D1/ait_users/staff122/deepfake_project/outputs_deepfake_project/dfdc_subset_77_jpg/test/real/real_001713.jpg,real,test,0,0.28224945068359375,0,clean,medium
/media/D1/ait_users/staff122/deepfake_project/outputs_deepfake_project/dfdc_subset_77_jpg/test/real/real_001714.jpg,real,test,0,0.08261383324861526,0,clean,medium
/media/D1/ait_users/staff122/deepfake_project/outputs_deepfake_project/dfdc_subset_77_jpg/test/real/real_001715.jpg,real,test,0,0.11879181861877441,0,clean,medium
/media/D1/ait_users/staff122/deepfake_project/outputs_deepfake_project/dfdc_subset_77_jpg/test/real/real_001716.jpg,real,test,0,0.0962439626455307,0,clean,medium
/media/D1/ait_users/staff122/deepfake_project/outputs_deepfake_project/dfdc_subset_77_jpg/test/real/real_001717.jpg,real,test,0,0.21141071617603302,0,clean,medium
/media/D1/ait_users/staff122/deepfake_project/outputs_deepfake_project/dfdc_subset_77_jpg/test/real/real_001718.jpg,real,test,0,0.7133383750915527,1,clean,medium
/media/D1/ait_users/staff122/deepfake_project/outputs_deepfake_project/dfdc_subset_77_jpg/test/real/real_001719.jpg,real,test,0,0.12273457646369934,0,clean,medium
/media/D1/ait_users/staff122/deepfake_project/outputs_deepfake_project/dfdc_subset_77_jpg/test/real/real_001720.jpg,real,test,0,0.13422365486621857,0,clean,medium
/media/D1/ait_users/staff122/deepfake_project/outputs_deepfake_project/dfdc_subset_77_jpg/test/real/real_001721.jpg,real,test,0,0.18903644382953644,0,clean,medium
/media/D1/ait_users/staff122/deepfake_project/outputs_deepfake_project/dfdc_subset_77_jpg/test/real/real_001722.jpg,real,test,0,0.08649472892284393,0,clean,medium
/media/D1/ait_users/staff122/deepfake_project/outputs_deepfake_project/dfdc_subset_77_jpg/test/real/real_001723.jpg,real,test,0,0.60927414894104,1,clean,medium
/media/D1/ait_users/staff122/deepfake_project/outputs_deepfake_project/dfdc_subset_77_jpg/test/real/real_001724.jpg,real,test,0,0.07733923941850662,0,clean,medium
/media/D1/ait_users/staff122/deepfake_project/outputs_deepfake_project/dfdc_subset_77_jpg/test/real/real_001725.jpg,real,test,0,0.10043849796056747,0,clean,medium
/media/D1/ait_users/staff122/deepfake_project/outputs_deepfake_project/dfdc_subset_77_jpg/test/real/real_001726.jpg,real,test,0,0.08017132431268692,0,clean,medium
/media/D1/ait_users/staff122/deepfake_project/outputs_deepfake_project/dfdc_subset_77_jpg/test/real/real_001727.jpg,real,test,0,0.10289324820041656,0,clean,medium
/media/D1/ait_users/staff122/deepfake_project/outputs_deepfake_project/dfdc_subset_77_jpg/test/real/real_001728.jpg,real,test,0,0.4934682846069336,0,clean,medium
/media/D1/ait_users/staff122/deepfake_project/outputs_deepfake_project/dfdc_subset_77_jpg/test/real/real_001729.jpg,real,test,0,0.12452386319637299,0,clean,medium
/media/D1/ait_users/staff122/deepfake_project/outputs_deepfake_project/dfdc_subset_77_jpg/test/real/real_001730.jpg,real,test,0,0.5828970670700073,1,clean,medium
/media/D1/ait_users/staff122/deepfake_project/outputs_deepfake_project/dfdc_subset_77_jpg/test/real/real_001731.jpg,real,test,0,0.26151812076568604,0,clean,medium
/media/D1/ait_users/staff122/deepfake_project/outputs_deepfake_project/dfdc_subset_77_jpg/test/real/real_001732.jpg,real,test,0,0.36374837160110474,0,clean,medium
/media/D1/ait_users/staff122/deepfake_project/outputs_deepfake_project/dfdc_subset_77_jpg/test/real/real_001733.jpg,real,test,0,0.019969798624515533,0,clean,medium
/media/D1/ait_users/staff122/deepfake_project/outputs_deepfake_project/dfdc_subset_77_jpg/test/real/real_001734.jpg,real,test,0,0.09936556965112686,0,clean,medium
/media/D1/ait_users/staff122/deepfake_project/outputs_deepfake_project/dfdc_subset_77_jpg/test/real/real_001735.jpg,real,test,0,0.07729293406009674,0,clean,medium
/media/D1/ait_users/staff122/deepfake_project/outputs_deepfake_project/dfdc_subset_77_jpg/test/real/real_001736.jpg,real,test,0,0.44520995020866394,0,clean,medium
/media/D1/ait_users/staff122/deepfake_project/outputs_deepfake_project/dfdc_subset_77_jpg/test/real/real_001737.jpg,real,test,0,0.03293288126587868,0,clean,medium
/media/D1/ait_users/staff122/deepfake_project/outputs_deepfake_project/dfdc_subset_77_jpg/test/real/real_001738.jpg,real,test,0,0.03528134524822235,0,clean,medium
/media/D1/ait_users/staff122/deepfake_project/outputs_deepfake_project/dfdc_subset_77_jpg/test/real/real_001739.jpg,real,test,0,0.06518780440092087,0,clean,medium
/media/D1/ait_users/staff122/deepfake_project/outputs_deepfake_project/dfdc_subset_77_jpg/test/real/real_001740.jpg,real,test,0,0.022945581004023552,0,clean,medium
/media/D1/ait_users/staff122/deepfake_project/outputs_deepfake_project/dfdc_subset_77_jpg/test/real/real_001741.jpg,real,test,0,0.10685107856988907,0,clean,medium
/media/D1/ait_users/staff122/deepfake_project/outputs_deepfake_project/dfdc_subset_77_jpg/test/real/real_001742.jpg,real,test,0,0.11628647148609161,0,clean,medium
/media/D1/ait_users/staff122/deepfake_project/outputs_deepfake_project/dfdc_subset_77_jpg/test/real/real_001743.jpg,real,test,0,0.017824996262788773,0,clean,medium
/media/D1/ait_users/staff122/deepfake_project/outputs_deepfake_project/dfdc_subset_77_jpg/test/real/real_001744.jpg,real,test,0,0.06442734599113464,0,clean,medium
/media/D1/ait_users/staff122/deepfake_project/outputs_deepfake_project/dfdc_subset_77_jpg/test/real/real_001745.jpg,real,test,0,0.04972707852721214,0,clean,medium
/media/D1/ait_users/staff122/deepfake_project/outputs_deepfake_project/dfdc_subset_77_jpg/test/real/real_001746.jpg,real,test,0,0.08460930734872818,0,clean,medium
/media/D1/ait_users/staff122/deepfake_project/outputs_deepfake_project/dfdc_subset_77_jpg/test/real/real_001747.jpg,real,test,0,0.13533377647399902,0,clean,medium
/media/D1/ait_users/staff122/deepfake_project/outputs_deepfake_project/dfdc_subset_77_jpg/test/real/real_001748.jpg,real,test,0,0.11261820048093796,0,clean,medium
/media/D1/ait_users/staff122/deepfake_project/outputs_deepfake_project/dfdc_subset_77_jpg/test/real/real_001749.jpg,real,test,0,0.05404648184776306,0,clean,medium
/media/D1/ait_users/staff122/deepfake_project/outputs_deepfake_project/dfdc_subset_77_jpg/test/real/real_001750.jpg,real,test,0,0.05297442153096199,0,clean,medium
/media/D1/ait_users/staff122/deepfake_project/outputs_deepfake_project/dfdc_subset_77_jpg/test/real/real_001751.jpg,real,test,0,0.043024394661188126,0,clean,medium
/media/D1/ait_users/staff122/deepfake_project/outputs_deepfake_project/dfdc_subset_77_jpg/test/real/real_001752.jpg,real,test,0,0.010474520735442638,0,clean,medium
/media/D1/ait_users/staff122/deepfake_project/outputs_deepfake_project/dfdc_subset_77_jpg/test/real/real_001753.jpg,real,test,0,0.07297955453395844,0,clean,medium
/media/D1/ait_users/staff122/deepfake_project/outputs_deepfake_project/dfdc_subset_77_jpg/test/real/real_001754.jpg,real,test,0,0.049799829721450806,0,clean,medium
/media/D1/ait_users/staff122/deepfake_project/outputs_deepfake_project/dfdc_subset_77_jpg/test/real/real_001755.jpg,real,test,0,0.17190906405448914,0,clean,medium
/media/D1/ait_users/staff122/deepfake_project/outputs_deepfake_project/dfdc_subset_77_jpg/test/real/real_001756.jpg,real,test,0,0.9675636887550354,1,clean,medium
/media/D1/ait_users/staff122/deepfake_project/outputs_deepfake_project/dfdc_subset_77_jpg/test/real/real_001757.jpg,real,test,0,0.11130737513303757,0,clean,medium
/media/D1/ait_users/staff122/deepfake_project/outputs_deepfake_project/dfdc_subset_77_jpg/test/real/real_001758.jpg,real,test,0,0.11569526046514511,0,clean,medium
/media/D1/ait_users/staff122/deepfake_project/outputs_deepfake_project/dfdc_subset_77_jpg/test/real/real_001759.jpg,real,test,0,0.1128637045621872,0,clean,medium
/media/D1/ait_users/staff122/deepfake_project/outputs_deepfake_project/dfdc_subset_77_jpg/test/real/real_001760.jpg,real,test,0,0.181645005941391,0,clean,medium
/media/D1/ait_users/staff122/deepfake_project/outputs_deepfake_project/dfdc_subset_77_jpg/test/real/real_001761.jpg,real,test,0,0.16964469850063324,0,clean,medium
/media/D1/ait_users/staff122/deepfake_project/outputs_deepfake_project/dfdc_subset_77_jpg/test/real/real_001762.jpg,real,test,0,0.07014164328575134,0,clean,medium
/media/D1/ait_users/staff122/deepfake_project/outputs_deepfake_project/dfdc_subset_77_jpg/test/real/real_001763.jpg,real,test,0,0.09075267612934113,0,clean,medium
/media/D1/ait_users/staff122/deepfake_project/outputs_deepfake_project/dfdc_subset_77_jpg/test/real/real_001764.jpg,real,test,0,0.0615147203207016,0,clean,medium
/media/D1/ait_users/staff122/deepfake_project/outputs_deepfake_project/dfdc_subset_77_jpg/test/real/real_001765.jpg,real,test,0,0.09714077413082123,0,clean,medium
/media/D1/ait_users/staff122/deepfake_project/outputs_deepfake_project/dfdc_subset_77_jpg/test/real/real_001766.jpg,real,test,0,0.3824765682220459,0,clean,medium
/media/D1/ait_users/staff122/deepfake_project/outputs_deepfake_project/dfdc_subset_77_jpg/test/real/real_001767.jpg,real,test,0,0.17481134831905365,0,clean,medium
/media/D1/ait_users/staff122/deepfake_project/outputs_deepfake_project/dfdc_subset_77_jpg/test/real/real_001768.jpg,real,test,0,0.17949359118938446,0,clean,medium
/media/D1/ait_users/staff122/deepfake_project/outputs_deepfake_project/dfdc_subset_77_jpg/test/real/real_001769.jpg,real,test,0,0.15648308396339417,0,clean,medium
/media/D1/ait_users/staff122/deepfake_project/outputs_deepfake_project/dfdc_subset_77_jpg/test/real/real_001770.jpg,real,test,0,0.07879817485809326,0,clean,medium
/media/D1/ait_users/staff122/deepfake_project/outputs_deepfake_project/dfdc_subset_77_jpg/test/real/real_001771.jpg,real,test,0,0.080348439514637,0,clean,medium
/media/D1/ait_users/staff122/deepfake_project/outputs_deepfake_project/dfdc_subset_77_jpg/test/real/real_001772.jpg,real,test,0,0.0201987586915493,0,clean,medium
/media/D1/ait_users/staff122/deepfake_project/outputs_deepfake_project/dfdc_subset_77_jpg/test/real/real_001773.jpg,real,test,0,0.06765258312225342,0,clean,medium
/media/D1/ait_users/staff122/deepfake_project/outputs_deepfake_project/dfdc_subset_77_jpg/test/real/real_001774.jpg,real,test,0,0.07336470484733582,0,clean,medium
/media/D1/ait_users/staff122/deepfake_project/outputs_deepfake_project/dfdc_subset_77_jpg/test/real/real_001775.jpg,real,test,0,0.2749173939228058,0,clean,medium
/media/D1/ait_users/staff122/deepfake_project/outputs_deepfake_project/dfdc_subset_77_jpg/test/real/real_001776.jpg,real,test,0,0.020724162459373474,0,clean,medium
/media/D1/ait_users/staff122/deepfake_project/outputs_deepfake_project/dfdc_subset_77_jpg/test/real/real_001777.jpg,real,test,0,0.02007858082652092,0,clean,medium
/media/D1/ait_users/staff122/deepfake_project/outputs_deepfake_project/dfdc_subset_77_jpg/test/real/real_001778.jpg,real,test,0,0.09941218048334122,0,clean,medium
/media/D1/ait_users/staff122/deepfake_project/outputs_deepfake_project/dfdc_subset_77_jpg/test/real/real_001779.jpg,real,test,0,0.11467397958040237,0,clean,medium
/media/D1/ait_users/staff122/deepfake_project/outputs_deepfake_project/dfdc_subset_77_jpg/test/real/real_001780.jpg,real,test,0,0.29032230377197266,0,clean,medium
/media/D1/ait_users/staff122/deepfake_project/outputs_deepfake_project/dfdc_subset_77_jpg/test/real/real_001781.jpg,real,test,0,0.07858625054359436,0,clean,medium
/media/D1/ait_users/staff122/deepfake_project/outputs_deepfake_project/dfdc_subset_77_jpg/test/real/real_001782.jpg,real,test,0,0.04380852356553078,0,clean,medium
/media/D1/ait_users/staff122/deepfake_project/outputs_deepfake_project/dfdc_subset_77_jpg/test/real/real_001783.jpg,real,test,0,0.006120915990322828,0,clean,medium
/media/D1/ait_users/staff122/deepfake_project/outputs_deepfake_project/dfdc_subset_77_jpg/test/real/real_001784.jpg,real,test,0,0.037086281925439835,0,clean,medium
/media/D1/ait_users/staff122/deepfake_project/outputs_deepfake_project/dfdc_subset_77_jpg/test/real/real_001785.jpg,real,test,0,0.2205207794904709,0,clean,medium
/media/D1/ait_users/staff122/deepfake_project/outputs_deepfake_project/dfdc_subset_77_jpg/test/real/real_001786.jpg,real,test,0,0.245087668299675,0,clean,medium
/media/D1/ait_users/staff122/deepfake_project/outputs_deepfake_project/dfdc_subset_77_jpg/test/real/real_001787.jpg,real,test,0,0.020918957889080048,0,clean,medium
/media/D1/ait_users/staff122/deepfake_project/outputs_deepfake_project/dfdc_subset_77_jpg/test/real/real_001788.jpg,real,test,0,0.010289582423865795,0,clean,medium
/media/D1/ait_users/staff122/deepfake_project/outputs_deepfake_project/dfdc_subset_77_jpg/test/real/real_001789.jpg,real,test,0,0.014013439416885376,0,clean,medium
/media/D1/ait_users/staff122/deepfake_project/outputs_deepfake_project/dfdc_subset_77_jpg/test/real/real_001790.jpg,real,test,0,0.07733763009309769,0,clean,medium
/media/D1/ait_users/staff122/deepfake_project/outputs_deepfake_project/dfdc_subset_77_jpg/test/real/real_001791.jpg,real,test,0,0.063832126557827,0,clean,medium
/media/D1/ait_users/staff122/deepfake_project/outputs_deepfake_project/dfdc_subset_77_jpg/test/real/real_001792.jpg,real,test,0,0.025543123483657837,0,clean,medium
/media/D1/ait_users/staff122/deepfake_project/outputs_deepfake_project/dfdc_subset_77_jpg/test/real/real_001793.jpg,real,test,0,0.07092924416065216,0,clean,medium
/media/D1/ait_users/staff122/deepfake_project/outputs_deepfake_project/dfdc_subset_77_jpg/test/real/real_001794.jpg,real,test,0,0.013074026443064213,0,clean,medium
/media/D1/ait_users/staff122/deepfake_project/outputs_deepfake_project/dfdc_subset_77_jpg/test/real/real_001795.jpg,real,test,0,0.1044028028845787,0,clean,medium
/media/D1/ait_users/staff122/deepfake_project/outputs_deepfake_project/dfdc_subset_77_jpg/test/real/real_001796.jpg,real,test,0,0.016172777861356735,0,clean,medium
/media/D1/ait_users/staff122/deepfake_project/outputs_deepfake_project/dfdc_subset_77_jpg/test/real/real_001797.jpg,real,test,0,0.04181690141558647,0,clean,medium
/media/D1/ait_users/staff122/deepfake_project/outputs_deepfake_project/dfdc_subset_77_jpg/test/real/real_001798.jpg,real,test,0,0.049655403941869736,0,clean,medium
/media/D1/ait_users/staff122/deepfake_project/outputs_deepfake_project/dfdc_subset_77_jpg/test/real/real_001799.jpg,real,test,0,0.37546998262405396,0,clean,medium
/media/D1/ait_users/staff122/deepfake_project/outputs_deepfake_project/dfdc_subset_77_jpg/test/real/real_001800.jpg,real,test,0,0.08497520536184311,0,clean,medium
/media/D1/ait_users/staff122/deepfake_project/outputs_deepfake_project/dfdc_subset_77_jpg/test/real/real_001801.jpg,real,test,0,0.03188769519329071,0,clean,medium
/media/D1/ait_users/staff122/deepfake_project/outputs_deepfake_project/dfdc_subset_77_jpg/test/real/real_001802.jpg,real,test,0,0.01713825762271881,0,clean,medium
/media/D1/ait_users/staff122/deepfake_project/outputs_deepfake_project/dfdc_subset_77_jpg/test/real/real_001803.jpg,real,test,0,0.28644466400146484,0,clean,medium
/media/D1/ait_users/staff122/deepfake_project/outputs_deepfake_project/dfdc_subset_77_jpg/test/real/real_001804.jpg,real,test,0,0.29304739832878113,0,clean,medium
/media/D1/ait_users/staff122/deepfake_project/outputs_deepfake_project/dfdc_subset_77_jpg/test/real/real_001805.jpg,real,test,0,0.24394646286964417,0,clean,medium
/media/D1/ait_users/staff122/deepfake_project/outputs_deepfake_project/dfdc_subset_77_jpg/test/real/real_001806.jpg,real,test,0,0.36884811520576477,0,clean,medium
/media/D1/ait_users/staff122/deepfake_project/outputs_deepfake_project/dfdc_subset_77_jpg/test/real/real_001807.jpg,real,test,0,0.6169477701187134,1,clean,medium
/media/D1/ait_users/staff122/deepfake_project/outputs_deepfake_project/dfdc_subset_77_jpg/test/real/real_001808.jpg,real,test,0,0.8984070420265198,1,clean,medium
/media/D1/ait_users/staff122/deepfake_project/outputs_deepfake_project/dfdc_subset_77_jpg/test/real/real_001809.jpg,real,test,0,0.3263983726501465,0,clean,medium
/media/D1/ait_users/staff122/deepfake_project/outputs_deepfake_project/dfdc_subset_77_jpg/test/real/real_001810.jpg,real,test,0,0.05068773776292801,0,clean,medium
/media/D1/ait_users/staff122/deepfake_project/outputs_deepfake_project/dfdc_subset_77_jpg/test/real/real_001811.jpg,real,test,0,0.4639435112476349,0,clean,medium
/media/D1/ait_users/staff122/deepfake_project/outputs_deepfake_project/dfdc_subset_77_jpg/test/real/real_001812.jpg,real,test,0,0.8844091296195984,1,clean,medium
/media/D1/ait_users/staff122/deepfake_project/outputs_deepfake_project/dfdc_subset_77_jpg/test/real/real_001813.jpg,real,test,0,0.5100839734077454,1,clean,medium
/media/D1/ait_users/staff122/deepfake_project/outputs_deepfake_project/dfdc_subset_77_jpg/test/real/real_001814.jpg,real,test,0,0.5539600253105164,1,clean,medium
/media/D1/ait_users/staff122/deepfake_project/outputs_deepfake_project/dfdc_subset_77_jpg/test/real/real_001815.jpg,real,test,0,0.07092402130365372,0,clean,medium
/media/D1/ait_users/staff122/deepfake_project/outputs_deepfake_project/dfdc_subset_77_jpg/test/real/real_001816.jpg,real,test,0,0.3846721351146698,0,clean,medium
/media/D1/ait_users/staff122/deepfake_project/outputs_deepfake_project/dfdc_subset_77_jpg/test/real/real_001817.jpg,real,test,0,0.2606811821460724,0,clean,medium
/media/D1/ait_users/staff122/deepfake_project/outputs_deepfake_project/dfdc_subset_77_jpg/test/real/real_001818.jpg,real,test,0,0.7928257584571838,1,clean,medium
/media/D1/ait_users/staff122/deepfake_project/outputs_deepfake_project/dfdc_subset_77_jpg/test/real/real_001819.jpg,real,test,0,0.6470292806625366,1,clean,medium
/media/D1/ait_users/staff122/deepfake_project/outputs_deepfake_project/dfdc_subset_77_jpg/test/real/real_001820.jpg,real,test,0,0.15402132272720337,0,clean,medium
/media/D1/ait_users/staff122/deepfake_project/outputs_deepfake_project/dfdc_subset_77_jpg/test/real/real_001821.jpg,real,test,0,0.2634222209453583,0,clean,medium
/media/D1/ait_users/staff122/deepfake_project/outputs_deepfake_project/dfdc_subset_77_jpg/test/real/real_001822.jpg,real,test,0,0.3078654408454895,0,clean,medium
/media/D1/ait_users/staff122/deepfake_project/outputs_deepfake_project/dfdc_subset_77_jpg/test/real/real_001823.jpg,real,test,0,0.1735820323228836,0,clean,medium
/media/D1/ait_users/staff122/deepfake_project/outputs_deepfake_project/dfdc_subset_77_jpg/test/real/real_001824.jpg,real,test,0,0.060850273817777634,0,clean,medium
/media/D1/ait_users/staff122/deepfake_project/outputs_deepfake_project/dfdc_subset_77_jpg/test/real/real_001825.jpg,real,test,0,0.06139034777879715,0,clean,medium
/media/D1/ait_users/staff122/deepfake_project/outputs_deepfake_project/dfdc_subset_77_jpg/test/real/real_001826.jpg,real,test,0,0.13160566985607147,0,clean,medium
/media/D1/ait_users/staff122/deepfake_project/outputs_deepfake_project/dfdc_subset_77_jpg/test/real/real_001827.jpg,real,test,0,0.02354787290096283,0,clean,medium
/media/D1/ait_users/staff122/deepfake_project/outputs_deepfake_project/dfdc_subset_77_jpg/test/real/real_001828.jpg,real,test,0,0.24002335965633392,0,clean,medium
/media/D1/ait_users/staff122/deepfake_project/outputs_deepfake_project/dfdc_subset_77_jpg/test/real/real_001829.jpg,real,test,0,0.07680857181549072,0,clean,medium
/media/D1/ait_users/staff122/deepfake_project/outputs_deepfake_project/dfdc_subset_77_jpg/test/real/real_001830.jpg,real,test,0,0.05099388211965561,0,clean,medium
/media/D1/ait_users/staff122/deepfake_project/outputs_deepfake_project/dfdc_subset_77_jpg/test/real/real_001831.jpg,real,test,0,0.05562788248062134,0,clean,medium
/media/D1/ait_users/staff122/deepfake_project/outputs_deepfake_project/dfdc_subset_77_jpg/test/real/real_001832.jpg,real,test,0,0.03096139244735241,0,clean,medium
/media/D1/ait_users/staff122/deepfake_project/outputs_deepfake_project/dfdc_subset_77_jpg/test/real/real_001833.jpg,real,test,0,0.0621647872030735,0,clean,medium
/media/D1/ait_users/staff122/deepfake_project/outputs_deepfake_project/dfdc_subset_77_jpg/test/real/real_001834.jpg,real,test,0,0.15021148324012756,0,clean,medium
/media/D1/ait_users/staff122/deepfake_project/outputs_deepfake_project/dfdc_subset_77_jpg/test/real/real_001835.jpg,real,test,0,0.8208080530166626,1,clean,medium
/media/D1/ait_users/staff122/deepfake_project/outputs_deepfake_project/dfdc_subset_77_jpg/test/real/real_001836.jpg,real,test,0,0.08826691657304764,0,clean,medium
/media/D1/ait_users/staff122/deepfake_project/outputs_deepfake_project/dfdc_subset_77_jpg/test/real/real_001837.jpg,real,test,0,0.03259224817156792,0,clean,medium
/media/D1/ait_users/staff122/deepfake_project/outputs_deepfake_project/dfdc_subset_77_jpg/test/real/real_001838.jpg,real,test,0,0.0761118158698082,0,clean,medium
/media/D1/ait_users/staff122/deepfake_project/outputs_deepfake_project/dfdc_subset_77_jpg/test/real/real_001839.jpg,real,test,0,0.010691356845200062,0,clean,medium
/media/D1/ait_users/staff122/deepfake_project/outputs_deepfake_project/dfdc_subset_77_jpg/test/real/real_001840.jpg,real,test,0,0.01900932937860489,0,clean,medium
/media/D1/ait_users/staff122/deepfake_project/outputs_deepfake_project/dfdc_subset_77_jpg/test/real/real_001841.jpg,real,test,0,0.22298431396484375,0,clean,medium
/media/D1/ait_users/staff122/deepfake_project/outputs_deepfake_project/dfdc_subset_77_jpg/test/real/real_001842.jpg,real,test,0,0.2435884177684784,0,clean,medium
/media/D1/ait_users/staff122/deepfake_project/outputs_deepfake_project/dfdc_subset_77_jpg/test/real/real_001843.jpg,real,test,0,0.2870875298976898,0,clean,medium
/media/D1/ait_users/staff122/deepfake_project/outputs_deepfake_project/dfdc_subset_77_jpg/test/real/real_001844.jpg,real,test,0,0.05957695469260216,0,clean,medium
/media/D1/ait_users/staff122/deepfake_project/outputs_deepfake_project/dfdc_subset_77_jpg/test/real/real_001845.jpg,real,test,0,0.03658128157258034,0,clean,medium
/media/D1/ait_users/staff122/deepfake_project/outputs_deepfake_project/dfdc_subset_77_jpg/test/real/real_001846.jpg,real,test,0,0.4388907849788666,0,clean,medium
/media/D1/ait_users/staff122/deepfake_project/outputs_deepfake_project/dfdc_subset_77_jpg/test/real/real_001847.jpg,real,test,0,0.048338815569877625,0,clean,medium
/media/D1/ait_users/staff122/deepfake_project/outputs_deepfake_project/dfdc_subset_77_jpg/test/real/real_001848.jpg,real,test,0,0.09059170633554459,0,clean,medium
/media/D1/ait_users/staff122/deepfake_project/outputs_deepfake_project/dfdc_subset_77_jpg/test/real/real_001849.jpg,real,test,0,0.05382203310728073,0,clean,medium
/media/D1/ait_users/staff122/deepfake_project/outputs_deepfake_project/dfdc_subset_77_jpg/test/real/real_001850.jpg,real,test,0,0.05504751205444336,0,clean,medium
/media/D1/ait_users/staff122/deepfake_project/outputs_deepfake_project/dfdc_subset_77_jpg/test/real/real_001851.jpg,real,test,0,0.03363773971796036,0,clean,medium
/media/D1/ait_users/staff122/deepfake_project/outputs_deepfake_project/dfdc_subset_77_jpg/test/real/real_001852.jpg,real,test,0,0.014776132069528103,0,clean,medium
/media/D1/ait_users/staff122/deepfake_project/outputs_deepfake_project/dfdc_subset_77_jpg/test/real/real_001853.jpg,real,test,0,0.02166699431836605,0,clean,medium
/media/D1/ait_users/staff122/deepfake_project/outputs_deepfake_project/dfdc_subset_77_jpg/test/real/real_001854.jpg,real,test,0,0.14011158049106598,0,clean,medium
/media/D1/ait_users/staff122/deepfake_project/outputs_deepfake_project/dfdc_subset_77_jpg/test/real/real_001855.jpg,real,test,0,0.012987222522497177,0,clean,medium
/media/D1/ait_users/staff122/deepfake_project/outputs_deepfake_project/dfdc_subset_77_jpg/test/real/real_001856.jpg,real,test,0,0.8720020055770874,1,clean,medium
/media/D1/ait_users/staff122/deepfake_project/outputs_deepfake_project/dfdc_subset_77_jpg/test/real/real_001857.jpg,real,test,0,0.8996673226356506,1,clean,medium
/media/D1/ait_users/staff122/deepfake_project/outputs_deepfake_project/dfdc_subset_77_jpg/test/real/real_001858.jpg,real,test,0,0.9766602516174316,1,clean,medium
/media/D1/ait_users/staff122/deepfake_project/outputs_deepfake_project/dfdc_subset_77_jpg/test/real/real_001859.jpg,real,test,0,0.9912665486335754,1,clean,medium
/media/D1/ait_users/staff122/deepfake_project/outputs_deepfake_project/dfdc_subset_77_jpg/test/real/real_001860.jpg,real,test,0,0.9674020409584045,1,clean,medium
/media/D1/ait_users/staff122/deepfake_project/outputs_deepfake_project/dfdc_subset_77_jpg/test/real/real_001861.jpg,real,test,0,0.9601215720176697,1,clean,medium
/media/D1/ait_users/staff122/deepfake_project/outputs_deepfake_project/dfdc_subset_77_jpg/test/real/real_001862.jpg,real,test,0,0.9523105025291443,1,clean,medium
/media/D1/ait_users/staff122/deepfake_project/outputs_deepfake_project/dfdc_subset_77_jpg/test/real/real_001863.jpg,real,test,0,0.9699903130531311,1,clean,medium
/media/D1/ait_users/staff122/deepfake_project/outputs_deepfake_project/dfdc_subset_77_jpg/test/real/real_001864.jpg,real,test,0,0.9631972312927246,1,clean,medium
/media/D1/ait_users/staff122/deepfake_project/outputs_deepfake_project/dfdc_subset_77_jpg/test/real/real_001865.jpg,real,test,0,0.9442190527915955,1,clean,medium
/media/D1/ait_users/staff122/deepfake_project/outputs_deepfake_project/dfdc_subset_77_jpg/test/real/real_001866.jpg,real,test,0,0.9236121773719788,1,clean,medium
/media/D1/ait_users/staff122/deepfake_project/outputs_deepfake_project/dfdc_subset_77_jpg/test/real/real_001867.jpg,real,test,0,0.9664909839630127,1,clean,medium
/media/D1/ait_users/staff122/deepfake_project/outputs_deepfake_project/dfdc_subset_77_jpg/test/real/real_001868.jpg,real,test,0,0.9807990789413452,1,clean,medium
/media/D1/ait_users/staff122/deepfake_project/outputs_deepfake_project/dfdc_subset_77_jpg/test/real/real_001869.jpg,real,test,0,0.9557151198387146,1,clean,medium
/media/D1/ait_users/staff122/deepfake_project/outputs_deepfake_project/dfdc_subset_77_jpg/test/real/real_001870.jpg,real,test,0,0.8943607807159424,1,clean,medium
/media/D1/ait_users/staff122/deepfake_project/outputs_deepfake_project/dfdc_subset_77_jpg/test/real/real_001871.jpg,real,test,0,0.944936215877533,1,clean,medium
/media/D1/ait_users/staff122/deepfake_project/outputs_deepfake_project/dfdc_subset_77_jpg/test/real/real_001872.jpg,real,test,0,0.7476130723953247,1,clean,medium
/media/D1/ait_users/staff122/deepfake_project/outputs_deepfake_project/dfdc_subset_77_jpg/test/real/real_001873.jpg,real,test,0,0.5980618596076965,1,clean,medium
/media/D1/ait_users/staff122/deepfake_project/outputs_deepfake_project/dfdc_subset_77_jpg/test/real/real_001874.jpg,real,test,0,0.6965394020080566,1,clean,medium
/media/D1/ait_users/staff122/deepfake_project/outputs_deepfake_project/dfdc_subset_77_jpg/test/real/real_001875.jpg,real,test,0,0.22341777384281158,0,clean,medium
/media/D1/ait_users/staff122/deepfake_project/outputs_deepfake_project/dfdc_subset_77_jpg/test/real/real_001876.jpg,real,test,0,0.5748336911201477,1,clean,medium
/media/D1/ait_users/staff122/deepfake_project/outputs_deepfake_project/dfdc_subset_77_jpg/test/real/real_001877.jpg,real,test,0,0.35175374150276184,0,clean,medium
/media/D1/ait_users/staff122/deepfake_project/outputs_deepfake_project/dfdc_subset_77_jpg/test/real/real_001878.jpg,real,test,0,0.37505942583084106,0,clean,medium
/media/D1/ait_users/staff122/deepfake_project/outputs_deepfake_project/dfdc_subset_77_jpg/test/real/real_001879.jpg,real,test,0,0.6447362303733826,1,clean,medium
/media/D1/ait_users/staff122/deepfake_project/outputs_deepfake_project/dfdc_subset_77_jpg/test/real/real_001880.jpg,real,test,0,0.640325129032135,1,clean,medium
/media/D1/ait_users/staff122/deepfake_project/outputs_deepfake_project/dfdc_subset_77_jpg/test/real/real_001881.jpg,real,test,0,0.6537359356880188,1,clean,medium
/media/D1/ait_users/staff122/deepfake_project/outputs_deepfake_project/dfdc_subset_77_jpg/test/real/real_001882.jpg,real,test,0,0.8540154695510864,1,clean,medium
/media/D1/ait_users/staff122/deepfake_project/outputs_deepfake_project/dfdc_subset_77_jpg/test/real/real_001883.jpg,real,test,0,0.6707141399383545,1,clean,medium
/media/D1/ait_users/staff122/deepfake_project/outputs_deepfake_project/dfdc_subset_77_jpg/test/real/real_001884.jpg,real,test,0,0.7213010191917419,1,clean,medium
/media/D1/ait_users/staff122/deepfake_project/outputs_deepfake_project/dfdc_subset_77_jpg/test/real/real_001885.jpg,real,test,0,0.7170683145523071,1,clean,medium
/media/D1/ait_users/staff122/deepfake_project/outputs_deepfake_project/dfdc_subset_77_jpg/test/real/real_001886.jpg,real,test,0,0.8091972470283508,1,clean,medium
/media/D1/ait_users/staff122/deepfake_project/outputs_deepfake_project/dfdc_subset_77_jpg/test/real/real_001887.jpg,real,test,0,0.838426411151886,1,clean,medium
/media/D1/ait_users/staff122/deepfake_project/outputs_deepfake_project/dfdc_subset_77_jpg/test/real/real_001888.jpg,real,test,0,0.5909869074821472,1,clean,medium
/media/D1/ait_users/staff122/deepfake_project/outputs_deepfake_project/dfdc_subset_77_jpg/test/real/real_001889.jpg,real,test,0,0.5698922276496887,1,clean,medium
/media/D1/ait_users/staff122/deepfake_project/outputs_deepfake_project/dfdc_subset_77_jpg/test/real/real_001890.jpg,real,test,0,0.4414854347705841,0,clean,medium
/media/D1/ait_users/staff122/deepfake_project/outputs_deepfake_project/dfdc_subset_77_jpg/test/real/real_001891.jpg,real,test,0,0.5705500841140747,1,clean,medium
/media/D1/ait_users/staff122/deepfake_project/outputs_deepfake_project/dfdc_subset_77_jpg/test/real/real_001892.jpg,real,test,0,0.6754412055015564,1,clean,medium
/media/D1/ait_users/staff122/deepfake_project/outputs_deepfake_project/dfdc_subset_77_jpg/test/real/real_001893.jpg,real,test,0,0.5922225713729858,1,clean,medium
/media/D1/ait_users/staff122/deepfake_project/outputs_deepfake_project/dfdc_subset_77_jpg/test/real/real_001894.jpg,real,test,0,0.6201518774032593,1,clean,medium
/media/D1/ait_users/staff122/deepfake_project/outputs_deepfake_project/dfdc_subset_77_jpg/test/real/real_001895.jpg,real,test,0,0.5217551589012146,1,clean,medium
/media/D1/ait_users/staff122/deepfake_project/outputs_deepfake_project/dfdc_subset_77_jpg/test/real/real_001896.jpg,real,test,0,0.4957035183906555,0,clean,medium
/media/D1/ait_users/staff122/deepfake_project/outputs_deepfake_project/dfdc_subset_77_jpg/test/real/real_001897.jpg,real,test,0,0.3885408639907837,0,clean,medium
/media/D1/ait_users/staff122/deepfake_project/outputs_deepfake_project/dfdc_subset_77_jpg/test/real/real_001898.jpg,real,test,0,0.38229233026504517,0,clean,medium
/media/D1/ait_users/staff122/deepfake_project/outputs_deepfake_project/dfdc_subset_77_jpg/test/real/real_001899.jpg,real,test,0,0.6974350214004517,1,clean,medium
/media/D1/ait_users/staff122/deepfake_project/outputs_deepfake_project/dfdc_subset_77_jpg/test/real/real_001900.jpg,real,test,0,0.616951048374176,1,clean,medium
/media/D1/ait_users/staff122/deepfake_project/outputs_deepfake_project/dfdc_subset_77_jpg/test/real/real_001901.jpg,real,test,0,0.5062811970710754,1,clean,medium
/media/D1/ait_users/staff122/deepfake_project/outputs_deepfake_project/dfdc_subset_77_jpg/test/real/real_001902.jpg,real,test,0,0.5613363981246948,1,clean,medium
/media/D1/ait_users/staff122/deepfake_project/outputs_deepfake_project/dfdc_subset_77_jpg/test/real/real_001903.jpg,real,test,0,0.5294068455696106,1,clean,medium
/media/D1/ait_users/staff122/deepfake_project/outputs_deepfake_project/dfdc_subset_77_jpg/test/real/real_001904.jpg,real,test,0,0.6476332545280457,1,clean,medium
/media/D1/ait_users/staff122/deepfake_project/outputs_deepfake_project/dfdc_subset_77_jpg/test/real/real_001905.jpg,real,test,0,0.41878852248191833,0,clean,medium
/media/D1/ait_users/staff122/deepfake_project/outputs_deepfake_project/dfdc_subset_77_jpg/test/real/real_001906.jpg,real,test,0,0.4490092396736145,0,clean,medium
/media/D1/ait_users/staff122/deepfake_project/outputs_deepfake_project/dfdc_subset_77_jpg/test/real/real_001907.jpg,real,test,0,0.4831494987010956,0,clean,medium
/media/D1/ait_users/staff122/deepfake_project/outputs_deepfake_project/dfdc_subset_77_jpg/test/real/real_001908.jpg,real,test,0,0.7571396231651306,1,clean,medium
/media/D1/ait_users/staff122/deepfake_project/outputs_deepfake_project/dfdc_subset_77_jpg/test/real/real_001909.jpg,real,test,0,0.6505918502807617,1,clean,medium
/media/D1/ait_users/staff122/deepfake_project/outputs_deepfake_project/dfdc_subset_77_jpg/test/real/real_001910.jpg,real,test,0,0.5900923609733582,1,clean,medium
/media/D1/ait_users/staff122/deepfake_project/outputs_deepfake_project/dfdc_subset_77_jpg/test/real/real_001911.jpg,real,test,0,0.5239850282669067,1,clean,medium
/media/D1/ait_users/staff122/deepfake_project/outputs_deepfake_project/dfdc_subset_77_jpg/test/real/real_001912.jpg,real,test,0,0.6928282976150513,1,clean,medium
/media/D1/ait_users/staff122/deepfake_project/outputs_deepfake_project/dfdc_subset_77_jpg/test/real/real_001913.jpg,real,test,0,0.3003764748573303,0,clean,medium
/media/D1/ait_users/staff122/deepfake_project/outputs_deepfake_project/dfdc_subset_77_jpg/test/real/real_001914.jpg,real,test,0,0.468659371137619,0,clean,medium
/media/D1/ait_users/staff122/deepfake_project/outputs_deepfake_project/dfdc_subset_77_jpg/test/real/real_001915.jpg,real,test,0,0.6021991968154907,1,clean,medium
/media/D1/ait_users/staff122/deepfake_project/outputs_deepfake_project/dfdc_subset_77_jpg/test/real/real_001916.jpg,real,test,0,0.29398754239082336,0,clean,medium
/media/D1/ait_users/staff122/deepfake_project/outputs_deepfake_project/dfdc_subset_77_jpg/test/real/real_001917.jpg,real,test,0,0.8122819662094116,1,clean,medium
/media/D1/ait_users/staff122/deepfake_project/outputs_deepfake_project/dfdc_subset_77_jpg/test/real/real_001918.jpg,real,test,0,0.22410465776920319,0,clean,medium
/media/D1/ait_users/staff122/deepfake_project/outputs_deepfake_project/dfdc_subset_77_jpg/test/real/real_001919.jpg,real,test,0,0.550548791885376,1,clean,medium
/media/D1/ait_users/staff122/deepfake_project/outputs_deepfake_project/dfdc_subset_77_jpg/test/real/real_001920.jpg,real,test,0,0.016903165727853775,0,clean,medium
/media/D1/ait_users/staff122/deepfake_project/outputs_deepfake_project/dfdc_subset_77_jpg/test/real/real_001921.jpg,real,test,0,0.01689533144235611,0,clean,medium
/media/D1/ait_users/staff122/deepfake_project/outputs_deepfake_project/dfdc_subset_77_jpg/test/real/real_001922.jpg,real,test,0,0.020386066287755966,0,clean,medium
/media/D1/ait_users/staff122/deepfake_project/outputs_deepfake_project/dfdc_subset_77_jpg/test/real/real_001923.jpg,real,test,0,0.34944984316825867,0,clean,medium
/media/D1/ait_users/staff122/deepfake_project/outputs_deepfake_project/dfdc_subset_77_jpg/test/real/real_001924.jpg,real,test,0,0.03167028725147247,0,clean,medium
/media/D1/ait_users/staff122/deepfake_project/outputs_deepfake_project/dfdc_subset_77_jpg/test/real/real_001925.jpg,real,test,0,0.020906101912260056,0,clean,medium
/media/D1/ait_users/staff122/deepfake_project/outputs_deepfake_project/dfdc_subset_77_jpg/test/real/real_001926.jpg,real,test,0,0.030327798798680305,0,clean,medium
/media/D1/ait_users/staff122/deepfake_project/outputs_deepfake_project/dfdc_subset_77_jpg/test/real/real_001927.jpg,real,test,0,0.1684480607509613,0,clean,medium
/media/D1/ait_users/staff122/deepfake_project/outputs_deepfake_project/dfdc_subset_77_jpg/test/real/real_001928.jpg,real,test,0,0.20875166356563568,0,clean,medium
/media/D1/ait_users/staff122/deepfake_project/outputs_deepfake_project/dfdc_subset_77_jpg/test/real/real_001929.jpg,real,test,0,0.361417680978775,0,clean,medium
/media/D1/ait_users/staff122/deepfake_project/outputs_deepfake_project/dfdc_subset_77_jpg/test/real/real_001930.jpg,real,test,0,0.7189599275588989,1,clean,medium
/media/D1/ait_users/staff122/deepfake_project/outputs_deepfake_project/dfdc_subset_77_jpg/test/real/real_001931.jpg,real,test,0,0.6723648309707642,1,clean,medium
/media/D1/ait_users/staff122/deepfake_project/outputs_deepfake_project/dfdc_subset_77_jpg/test/real/real_001932.jpg,real,test,0,0.5914182066917419,1,clean,medium
/media/D1/ait_users/staff122/deepfake_project/outputs_deepfake_project/dfdc_subset_77_jpg/test/real/real_001933.jpg,real,test,0,0.5753060579299927,1,clean,medium
/media/D1/ait_users/staff122/deepfake_project/outputs_deepfake_project/dfdc_subset_77_jpg/test/real/real_001934.jpg,real,test,0,0.529748260974884,1,clean,medium
/media/D1/ait_users/staff122/deepfake_project/outputs_deepfake_project/dfdc_subset_77_jpg/test/real/real_001935.jpg,real,test,0,0.5413000583648682,1,clean,medium
/media/D1/ait_users/staff122/deepfake_project/outputs_deepfake_project/dfdc_subset_77_jpg/test/real/real_001936.jpg,real,test,0,0.9198639988899231,1,clean,medium
/media/D1/ait_users/staff122/deepfake_project/outputs_deepfake_project/dfdc_subset_77_jpg/test/real/real_001937.jpg,real,test,0,0.8312285542488098,1,clean,medium
/media/D1/ait_users/staff122/deepfake_project/outputs_deepfake_project/dfdc_subset_77_jpg/test/real/real_001938.jpg,real,test,0,0.6011457443237305,1,clean,medium
/media/D1/ait_users/staff122/deepfake_project/outputs_deepfake_project/dfdc_subset_77_jpg/test/real/real_001939.jpg,real,test,0,0.4648030400276184,0,clean,medium
/media/D1/ait_users/staff122/deepfake_project/outputs_deepfake_project/dfdc_subset_77_jpg/test/real/real_001940.jpg,real,test,0,0.15039798617362976,0,clean,medium
/media/D1/ait_users/staff122/deepfake_project/outputs_deepfake_project/dfdc_subset_77_jpg/test/real/real_001941.jpg,real,test,0,0.12128785997629166,0,clean,medium
/media/D1/ait_users/staff122/deepfake_project/outputs_deepfake_project/dfdc_subset_77_jpg/test/real/real_001942.jpg,real,test,0,0.27440452575683594,0,clean,medium
/media/D1/ait_users/staff122/deepfake_project/outputs_deepfake_project/dfdc_subset_77_jpg/test/real/real_001943.jpg,real,test,0,0.15559537708759308,0,clean,medium
/media/D1/ait_users/staff122/deepfake_project/outputs_deepfake_project/dfdc_subset_77_jpg/test/real/real_001944.jpg,real,test,0,0.20181356370449066,0,clean,medium
/media/D1/ait_users/staff122/deepfake_project/outputs_deepfake_project/dfdc_subset_77_jpg/test/real/real_001945.jpg,real,test,0,0.5377505421638489,1,clean,medium
/media/D1/ait_users/staff122/deepfake_project/outputs_deepfake_project/dfdc_subset_77_jpg/test/real/real_001946.jpg,real,test,0,0.539872944355011,1,clean,medium
/media/D1/ait_users/staff122/deepfake_project/outputs_deepfake_project/dfdc_subset_77_jpg/test/real/real_001947.jpg,real,test,0,0.17695944011211395,0,clean,medium
/media/D1/ait_users/staff122/deepfake_project/outputs_deepfake_project/dfdc_subset_77_jpg/test/real/real_001948.jpg,real,test,0,0.08872436732053757,0,clean,medium
/media/D1/ait_users/staff122/deepfake_project/outputs_deepfake_project/dfdc_subset_77_jpg/test/real/real_001949.jpg,real,test,0,0.25109735131263733,0,clean,medium
/media/D1/ait_users/staff122/deepfake_project/outputs_deepfake_project/dfdc_subset_77_jpg/test/real/real_001950.jpg,real,test,0,0.2084255963563919,0,clean,medium
/media/D1/ait_users/staff122/deepfake_project/outputs_deepfake_project/dfdc_subset_77_jpg/test/real/real_001951.jpg,real,test,0,0.2033885419368744,0,clean,medium
/media/D1/ait_users/staff122/deepfake_project/outputs_deepfake_project/dfdc_subset_77_jpg/test/real/real_001952.jpg,real,test,0,0.7389655113220215,1,clean,medium
/media/D1/ait_users/staff122/deepfake_project/outputs_deepfake_project/dfdc_subset_77_jpg/test/real/real_001953.jpg,real,test,0,0.060690950602293015,0,clean,medium
/media/D1/ait_users/staff122/deepfake_project/outputs_deepfake_project/dfdc_subset_77_jpg/test/real/real_001954.jpg,real,test,0,0.04322186857461929,0,clean,medium
/media/D1/ait_users/staff122/deepfake_project/outputs_deepfake_project/dfdc_subset_77_jpg/test/real/real_001955.jpg,real,test,0,0.07015795260667801,0,clean,medium
/media/D1/ait_users/staff122/deepfake_project/outputs_deepfake_project/dfdc_subset_77_jpg/test/real/real_001956.jpg,real,test,0,0.31846100091934204,0,clean,medium
/media/D1/ait_users/staff122/deepfake_project/outputs_deepfake_project/dfdc_subset_77_jpg/test/real/real_001957.jpg,real,test,0,0.3878551721572876,0,clean,medium
/media/D1/ait_users/staff122/deepfake_project/outputs_deepfake_project/dfdc_subset_77_jpg/test/real/real_001958.jpg,real,test,0,0.8554285764694214,1,clean,medium
/media/D1/ait_users/staff122/deepfake_project/outputs_deepfake_project/dfdc_subset_77_jpg/test/real/real_001959.jpg,real,test,0,0.2790033519268036,0,clean,medium
/media/D1/ait_users/staff122/deepfake_project/outputs_deepfake_project/dfdc_subset_77_jpg/test/real/real_001960.jpg,real,test,0,0.12693345546722412,0,clean,medium
/media/D1/ait_users/staff122/deepfake_project/outputs_deepfake_project/dfdc_subset_77_jpg/test/real/real_001961.jpg,real,test,0,0.09057817608118057,0,clean,medium
/media/D1/ait_users/staff122/deepfake_project/outputs_deepfake_project/dfdc_subset_77_jpg/test/real/real_001962.jpg,real,test,0,0.12221165746450424,0,clean,medium
/media/D1/ait_users/staff122/deepfake_project/outputs_deepfake_project/dfdc_subset_77_jpg/test/real/real_001963.jpg,real,test,0,0.4963361918926239,0,clean,medium
/media/D1/ait_users/staff122/deepfake_project/outputs_deepfake_project/dfdc_subset_77_jpg/test/real/real_001964.jpg,real,test,0,0.18991029262542725,0,clean,medium
/media/D1/ait_users/staff122/deepfake_project/outputs_deepfake_project/dfdc_subset_77_jpg/test/real/real_001965.jpg,real,test,0,0.33798959851264954,0,clean,medium
/media/D1/ait_users/staff122/deepfake_project/outputs_deepfake_project/dfdc_subset_77_jpg/test/real/real_001966.jpg,real,test,0,0.15507841110229492,0,clean,medium
/media/D1/ait_users/staff122/deepfake_project/outputs_deepfake_project/dfdc_subset_77_jpg/test/real/real_001967.jpg,real,test,0,0.09804318100214005,0,clean,medium
/media/D1/ait_users/staff122/deepfake_project/outputs_deepfake_project/dfdc_subset_77_jpg/test/real/real_001968.jpg,real,test,0,0.4188760817050934,0,clean,medium
/media/D1/ait_users/staff122/deepfake_project/outputs_deepfake_project/dfdc_subset_77_jpg/test/real/real_001969.jpg,real,test,0,0.3095285892486572,0,clean,medium
/media/D1/ait_users/staff122/deepfake_project/outputs_deepfake_project/dfdc_subset_77_jpg/test/real/real_001970.jpg,real,test,0,0.39623644948005676,0,clean,medium
/media/D1/ait_users/staff122/deepfake_project/outputs_deepfake_project/dfdc_subset_77_jpg/test/real/real_001971.jpg,real,test,0,0.31734129786491394,0,clean,medium
/media/D1/ait_users/staff122/deepfake_project/outputs_deepfake_project/dfdc_subset_77_jpg/test/real/real_001972.jpg,real,test,0,0.10027443617582321,0,clean,medium
/media/D1/ait_users/staff122/deepfake_project/outputs_deepfake_project/dfdc_subset_77_jpg/test/real/real_001973.jpg,real,test,0,0.380620539188385,0,clean,medium
/media/D1/ait_users/staff122/deepfake_project/outputs_deepfake_project/dfdc_subset_77_jpg/test/real/real_001974.jpg,real,test,0,0.29619958996772766,0,clean,medium
/media/D1/ait_users/staff122/deepfake_project/outputs_deepfake_project/dfdc_subset_77_jpg/test/real/real_001975.jpg,real,test,0,0.1019987016916275,0,clean,medium
/media/D1/ait_users/staff122/deepfake_project/outputs_deepfake_project/dfdc_subset_77_jpg/test/real/real_001976.jpg,real,test,0,0.555894136428833,1,clean,medium
/media/D1/ait_users/staff122/deepfake_project/outputs_deepfake_project/dfdc_subset_77_jpg/test/real/real_001977.jpg,real,test,0,0.1088622510433197,0,clean,medium
/media/D1/ait_users/staff122/deepfake_project/outputs_deepfake_project/dfdc_subset_77_jpg/test/real/real_001978.jpg,real,test,0,0.3153846263885498,0,clean,medium
/media/D1/ait_users/staff122/deepfake_project/outputs_deepfake_project/dfdc_subset_77_jpg/test/real/real_001979.jpg,real,test,0,0.49939072132110596,0,clean,medium
/media/D1/ait_users/staff122/deepfake_project/outputs_deepfake_project/dfdc_subset_77_jpg/test/real/real_001980.jpg,real,test,0,0.1490236520767212,0,clean,medium
/media/D1/ait_users/staff122/deepfake_project/outputs_deepfake_project/dfdc_subset_77_jpg/test/real/real_001981.jpg,real,test,0,0.011506294831633568,0,clean,medium
/media/D1/ait_users/staff122/deepfake_project/outputs_deepfake_project/dfdc_subset_77_jpg/test/real/real_001982.jpg,real,test,0,0.5809677839279175,1,clean,medium
/media/D1/ait_users/staff122/deepfake_project/outputs_deepfake_project/dfdc_subset_77_jpg/test/real/real_001983.jpg,real,test,0,0.15496331453323364,0,clean,medium
/media/D1/ait_users/staff122/deepfake_project/outputs_deepfake_project/dfdc_subset_77_jpg/test/real/real_001984.jpg,real,test,0,0.06002490222454071,0,clean,medium
/media/D1/ait_users/staff122/deepfake_project/outputs_deepfake_project/dfdc_subset_77_jpg/test/real/real_001985.jpg,real,test,0,0.603136420249939,1,clean,medium
/media/D1/ait_users/staff122/deepfake_project/outputs_deepfake_project/dfdc_subset_77_jpg/test/real/real_001986.jpg,real,test,0,0.4628674387931824,0,clean,medium
/media/D1/ait_users/staff122/deepfake_project/outputs_deepfake_project/dfdc_subset_77_jpg/test/real/real_001987.jpg,real,test,0,0.49304088950157166,0,clean,medium
/media/D1/ait_users/staff122/deepfake_project/outputs_deepfake_project/dfdc_subset_77_jpg/test/real/real_001988.jpg,real,test,0,0.38311588764190674,0,clean,medium
/media/D1/ait_users/staff122/deepfake_project/outputs_deepfake_project/dfdc_subset_77_jpg/test/real/real_001989.jpg,real,test,0,0.22581607103347778,0,clean,medium
/media/D1/ait_users/staff122/deepfake_project/outputs_deepfake_project/dfdc_subset_77_jpg/test/real/real_001990.jpg,real,test,0,0.8423253893852234,1,clean,medium
/media/D1/ait_users/staff122/deepfake_project/outputs_deepfake_project/dfdc_subset_77_jpg/test/real/real_001991.jpg,real,test,0,0.4934289753437042,0,clean,medium
/media/D1/ait_users/staff122/deepfake_project/outputs_deepfake_project/dfdc_subset_77_jpg/test/real/real_001992.jpg,real,test,0,0.4346700608730316,0,clean,medium
/media/D1/ait_users/staff122/deepfake_project/outputs_deepfake_project/dfdc_subset_77_jpg/test/real/real_001993.jpg,real,test,0,0.5823447704315186,1,clean,medium
/media/D1/ait_users/staff122/deepfake_project/outputs_deepfake_project/dfdc_subset_77_jpg/test/real/real_001994.jpg,real,test,0,0.5430921316146851,1,clean,medium
/media/D1/ait_users/staff122/deepfake_project/outputs_deepfake_project/dfdc_subset_77_jpg/test/real/real_001995.jpg,real,test,0,0.32542380690574646,0,clean,medium
/media/D1/ait_users/staff122/deepfake_project/outputs_deepfake_project/dfdc_subset_77_jpg/test/real/real_001996.jpg,real,test,0,0.343387246131897,0,clean,medium
/media/D1/ait_users/staff122/deepfake_project/outputs_deepfake_project/dfdc_subset_77_jpg/test/real/real_001997.jpg,real,test,0,0.11578448861837387,0,clean,medium
/media/D1/ait_users/staff122/deepfake_project/outputs_deepfake_project/dfdc_subset_77_jpg/test/real/real_001998.jpg,real,test,0,0.07398482412099838,0,clean,medium
/media/D1/ait_users/staff122/deepfake_project/outputs_deepfake_project/dfdc_subset_77_jpg/test/real/real_001999.jpg,real,test,0,0.2754962146282196,0,clean,medium
/media/D1/ait_users/staff122/deepfake_project/outputs_deepfake_project/dfdc_subset_77_jpg/test/real/real_002000.jpg,real,test,0,0.0625377967953682,0,clean,medium
/media/D1/ait_users/staff122/deepfake_project/outputs_deepfake_project/dfdc_subset_77_jpg/test/real/real_002001.jpg,real,test,0,0.1141369491815567,0,clean,medium
/media/D1/ait_users/staff122/deepfake_project/outputs_deepfake_project/dfdc_subset_77_jpg/test/real/real_002002.jpg,real,test,0,0.3419305384159088,0,clean,medium
/media/D1/ait_users/staff122/deepfake_project/outputs_deepfake_project/dfdc_subset_77_jpg/test/real/real_002003.jpg,real,test,0,0.056803274899721146,0,clean,medium
/media/D1/ait_users/staff122/deepfake_project/outputs_deepfake_project/dfdc_subset_77_jpg/test/real/real_002004.jpg,real,test,0,0.07520338892936707,0,clean,medium
/media/D1/ait_users/staff122/deepfake_project/outputs_deepfake_project/dfdc_subset_77_jpg/test/real/real_002005.jpg,real,test,0,0.43236231803894043,0,clean,medium
/media/D1/ait_users/staff122/deepfake_project/outputs_deepfake_project/dfdc_subset_77_jpg/test/real/real_002006.jpg,real,test,0,0.3902687132358551,0,clean,medium
/media/D1/ait_users/staff122/deepfake_project/outputs_deepfake_project/dfdc_subset_77_jpg/test/real/real_002007.jpg,real,test,0,0.18321442604064941,0,clean,medium
/media/D1/ait_users/staff122/deepfake_project/outputs_deepfake_project/dfdc_subset_77_jpg/test/real/real_002008.jpg,real,test,0,0.7495552897453308,1,clean,medium
/media/D1/ait_users/staff122/deepfake_project/outputs_deepfake_project/dfdc_subset_77_jpg/test/real/real_002009.jpg,real,test,0,0.11647018045186996,0,clean,medium
/media/D1/ait_users/staff122/deepfake_project/outputs_deepfake_project/dfdc_subset_77_jpg/test/real/real_002010.jpg,real,test,0,0.05074864253401756,0,clean,medium
/media/D1/ait_users/staff122/deepfake_project/outputs_deepfake_project/dfdc_subset_77_jpg/test/real/real_002011.jpg,real,test,0,0.6691861152648926,1,clean,medium
/media/D1/ait_users/staff122/deepfake_project/outputs_deepfake_project/dfdc_subset_77_jpg/test/real/real_002012.jpg,real,test,0,0.07632937282323837,0,clean,medium
/media/D1/ait_users/staff122/deepfake_project/outputs_deepfake_project/dfdc_subset_77_jpg/test/real/real_002013.jpg,real,test,0,0.10853268951177597,0,clean,medium
/media/D1/ait_users/staff122/deepfake_project/outputs_deepfake_project/dfdc_subset_77_jpg/test/real/real_002014.jpg,real,test,0,0.2382960468530655,0,clean,medium
/media/D1/ait_users/staff122/deepfake_project/outputs_deepfake_project/dfdc_subset_77_jpg/test/real/real_002015.jpg,real,test,0,0.40324077010154724,0,clean,medium
/media/D1/ait_users/staff122/deepfake_project/outputs_deepfake_project/dfdc_subset_77_jpg/test/real/real_002016.jpg,real,test,0,0.6340477466583252,1,clean,medium
/media/D1/ait_users/staff122/deepfake_project/outputs_deepfake_project/dfdc_subset_77_jpg/test/real/real_002017.jpg,real,test,0,0.6225302815437317,1,clean,medium
/media/D1/ait_users/staff122/deepfake_project/outputs_deepfake_project/dfdc_subset_77_jpg/test/real/real_002018.jpg,real,test,0,0.6898636221885681,1,clean,medium
/media/D1/ait_users/staff122/deepfake_project/outputs_deepfake_project/dfdc_subset_77_jpg/test/real/real_002019.jpg,real,test,0,0.656428337097168,1,clean,medium
/media/D1/ait_users/staff122/deepfake_project/outputs_deepfake_project/dfdc_subset_77_jpg/test/real/real_002020.jpg,real,test,0,0.650385320186615,1,clean,medium
/media/D1/ait_users/staff122/deepfake_project/outputs_deepfake_project/dfdc_subset_77_jpg/test/real/real_002021.jpg,real,test,0,0.663157045841217,1,clean,medium
/media/D1/ait_users/staff122/deepfake_project/outputs_deepfake_project/dfdc_subset_77_jpg/test/real/real_002022.jpg,real,test,0,0.6326202750205994,1,clean,medium
/media/D1/ait_users/staff122/deepfake_project/outputs_deepfake_project/dfdc_subset_77_jpg/test/real/real_002023.jpg,real,test,0,0.6685015559196472,1,clean,medium
/media/D1/ait_users/staff122/deepfake_project/outputs_deepfake_project/dfdc_subset_77_jpg/test/real/real_002024.jpg,real,test,0,0.6514164805412292,1,clean,medium
/media/D1/ait_users/staff122/deepfake_project/outputs_deepfake_project/dfdc_subset_77_jpg/test/real/real_002025.jpg,real,test,0,0.6770318746566772,1,clean,medium
/media/D1/ait_users/staff122/deepfake_project/outputs_deepfake_project/dfdc_subset_77_jpg/test/real/real_002026.jpg,real,test,0,0.724236011505127,1,clean,medium
/media/D1/ait_users/staff122/deepfake_project/outputs_deepfake_project/dfdc_subset_77_jpg/test/real/real_002027.jpg,real,test,0,0.6420698761940002,1,clean,medium
/media/D1/ait_users/staff122/deepfake_project/outputs_deepfake_project/dfdc_subset_77_jpg/test/real/real_002028.jpg,real,test,0,0.5946888327598572,1,clean,medium
/media/D1/ait_users/staff122/deepfake_project/outputs_deepfake_project/dfdc_subset_77_jpg/test/real/real_002029.jpg,real,test,0,0.6810605525970459,1,clean,medium
/media/D1/ait_users/staff122/deepfake_project/outputs_deepfake_project/dfdc_subset_77_jpg/test/real/real_002030.jpg,real,test,0,0.6387800574302673,1,clean,medium
/media/D1/ait_users/staff122/deepfake_project/outputs_deepfake_project/dfdc_subset_77_jpg/test/real/real_002031.jpg,real,test,0,0.6383817195892334,1,clean,medium
/media/D1/ait_users/staff122/deepfake_project/outputs_deepfake_project/dfdc_subset_77_jpg/test/real/real_002032.jpg,real,test,0,0.6484705805778503,1,clean,medium
/media/D1/ait_users/staff122/deepfake_project/outputs_deepfake_project/dfdc_subset_77_jpg/test/real/real_002033.jpg,real,test,0,0.6393849849700928,1,clean,medium
/media/D1/ait_users/staff122/deepfake_project/outputs_deepfake_project/dfdc_subset_77_jpg/test/real/real_002034.jpg,real,test,0,0.6363412737846375,1,clean,medium
/media/D1/ait_users/staff122/deepfake_project/outputs_deepfake_project/dfdc_subset_77_jpg/test/real/real_002035.jpg,real,test,0,0.5836575627326965,1,clean,medium
/media/D1/ait_users/staff122/deepfake_project/outputs_deepfake_project/dfdc_subset_77_jpg/test/real/real_002036.jpg,real,test,0,0.6285480260848999,1,clean,medium
/media/D1/ait_users/staff122/deepfake_project/outputs_deepfake_project/dfdc_subset_77_jpg/test/real/real_002037.jpg,real,test,0,0.6392455101013184,1,clean,medium
/media/D1/ait_users/staff122/deepfake_project/outputs_deepfake_project/dfdc_subset_77_jpg/test/real/real_002038.jpg,real,test,0,0.659002423286438,1,clean,medium
/media/D1/ait_users/staff122/deepfake_project/outputs_deepfake_project/dfdc_subset_77_jpg/test/real/real_002039.jpg,real,test,0,0.6212387681007385,1,clean,medium
/media/D1/ait_users/staff122/deepfake_project/outputs_deepfake_project/dfdc_subset_77_jpg/test/real/real_002040.jpg,real,test,0,0.7333022952079773,1,clean,medium
/media/D1/ait_users/staff122/deepfake_project/outputs_deepfake_project/dfdc_subset_77_jpg/test/real/real_002041.jpg,real,test,0,0.7455258965492249,1,clean,medium
/media/D1/ait_users/staff122/deepfake_project/outputs_deepfake_project/dfdc_subset_77_jpg/test/real/real_002042.jpg,real,test,0,0.7622494697570801,1,clean,medium
/media/D1/ait_users/staff122/deepfake_project/outputs_deepfake_project/dfdc_subset_77_jpg/test/real/real_002043.jpg,real,test,0,0.6981451511383057,1,clean,medium
/media/D1/ait_users/staff122/deepfake_project/outputs_deepfake_project/dfdc_subset_77_jpg/test/real/real_002044.jpg,real,test,0,0.6204538941383362,1,clean,medium
/media/D1/ait_users/staff122/deepfake_project/outputs_deepfake_project/dfdc_subset_77_jpg/test/real/real_002045.jpg,real,test,0,0.6620223522186279,1,clean,medium
/media/D1/ait_users/staff122/deepfake_project/outputs_deepfake_project/dfdc_subset_77_jpg/test/real/real_002046.jpg,real,test,0,0.6663634181022644,1,clean,medium
/media/D1/ait_users/staff122/deepfake_project/outputs_deepfake_project/dfdc_subset_77_jpg/test/real/real_002047.jpg,real,test,0,0.6322870850563049,1,clean,medium
/media/D1/ait_users/staff122/deepfake_project/outputs_deepfake_project/dfdc_subset_77_jpg/test/real/real_002048.jpg,real,test,0,0.13863947987556458,0,clean,medium
/media/D1/ait_users/staff122/deepfake_project/outputs_deepfake_project/dfdc_subset_77_jpg/test/real/real_002049.jpg,real,test,0,0.49352219700813293,0,clean,medium
/media/D1/ait_users/staff122/deepfake_project/outputs_deepfake_project/dfdc_subset_77_jpg/test/real/real_002050.jpg,real,test,0,0.07312243431806564,0,clean,medium
/media/D1/ait_users/staff122/deepfake_project/outputs_deepfake_project/dfdc_subset_77_jpg/test/real/real_002051.jpg,real,test,0,0.027162162587046623,0,clean,medium
/media/D1/ait_users/staff122/deepfake_project/outputs_deepfake_project/dfdc_subset_77_jpg/test/real/real_002052.jpg,real,test,0,0.2000860720872879,0,clean,medium
/media/D1/ait_users/staff122/deepfake_project/outputs_deepfake_project/dfdc_subset_77_jpg/test/real/real_002053.jpg,real,test,0,0.2722609341144562,0,clean,medium
/media/D1/ait_users/staff122/deepfake_project/outputs_deepfake_project/dfdc_subset_77_jpg/test/real/real_002054.jpg,real,test,0,0.15350693464279175,0,clean,medium
/media/D1/ait_users/staff122/deepfake_project/outputs_deepfake_project/dfdc_subset_77_jpg/test/real/real_002055.jpg,real,test,0,0.18438346683979034,0,clean,medium
/media/D1/ait_users/staff122/deepfake_project/outputs_deepfake_project/dfdc_subset_77_jpg/test/real/real_002056.jpg,real,test,0,0.07195290178060532,0,clean,medium
/media/D1/ait_users/staff122/deepfake_project/outputs_deepfake_project/dfdc_subset_77_jpg/test/real/real_002057.jpg,real,test,0,0.1428537368774414,0,clean,medium
/media/D1/ait_users/staff122/deepfake_project/outputs_deepfake_project/dfdc_subset_77_jpg/test/real/real_002058.jpg,real,test,0,0.12853862345218658,0,clean,medium
/media/D1/ait_users/staff122/deepfake_project/outputs_deepfake_project/dfdc_subset_77_jpg/test/real/real_002059.jpg,real,test,0,0.2974882423877716,0,clean,medium
/media/D1/ait_users/staff122/deepfake_project/outputs_deepfake_project/dfdc_subset_77_jpg/test/real/real_002060.jpg,real,test,0,0.7527279853820801,1,clean,medium
/media/D1/ait_users/staff122/deepfake_project/outputs_deepfake_project/dfdc_subset_77_jpg/test/real/real_002061.jpg,real,test,0,0.01112718041986227,0,clean,medium
/media/D1/ait_users/staff122/deepfake_project/outputs_deepfake_project/dfdc_subset_77_jpg/test/real/real_002062.jpg,real,test,0,0.024519847705960274,0,clean,medium
/media/D1/ait_users/staff122/deepfake_project/outputs_deepfake_project/dfdc_subset_77_jpg/test/real/real_002063.jpg,real,test,0,0.035724129527807236,0,clean,medium
/media/D1/ait_users/staff122/deepfake_project/outputs_deepfake_project/dfdc_subset_77_jpg/test/real/real_002064.jpg,real,test,0,0.11641550809144974,0,clean,medium
/media/D1/ait_users/staff122/deepfake_project/outputs_deepfake_project/dfdc_subset_77_jpg/test/real/real_002065.jpg,real,test,0,0.005948412697762251,0,clean,medium
/media/D1/ait_users/staff122/deepfake_project/outputs_deepfake_project/dfdc_subset_77_jpg/test/real/real_002066.jpg,real,test,0,0.1413823962211609,0,clean,medium
/media/D1/ait_users/staff122/deepfake_project/outputs_deepfake_project/dfdc_subset_77_jpg/test/real/real_002067.jpg,real,test,0,0.08943498134613037,0,clean,medium
/media/D1/ait_users/staff122/deepfake_project/outputs_deepfake_project/dfdc_subset_77_jpg/test/real/real_002068.jpg,real,test,0,0.17319302260875702,0,clean,medium
/media/D1/ait_users/staff122/deepfake_project/outputs_deepfake_project/dfdc_subset_77_jpg/test/real/real_002069.jpg,real,test,0,0.03786224126815796,0,clean,medium
/media/D1/ait_users/staff122/deepfake_project/outputs_deepfake_project/dfdc_subset_77_jpg/test/real/real_002070.jpg,real,test,0,0.054164253175258636,0,clean,medium
/media/D1/ait_users/staff122/deepfake_project/outputs_deepfake_project/dfdc_subset_77_jpg/test/real/real_002071.jpg,real,test,0,0.3290855884552002,0,clean,medium
/media/D1/ait_users/staff122/deepfake_project/outputs_deepfake_project/dfdc_subset_77_jpg/test/real/real_002072.jpg,real,test,0,0.16926813125610352,0,clean,medium
/media/D1/ait_users/staff122/deepfake_project/outputs_deepfake_project/dfdc_subset_77_jpg/test/real/real_002073.jpg,real,test,0,0.48582860827445984,0,clean,medium
/media/D1/ait_users/staff122/deepfake_project/outputs_deepfake_project/dfdc_subset_77_jpg/test/real/real_002074.jpg,real,test,0,0.69005286693573,1,clean,medium
/media/D1/ait_users/staff122/deepfake_project/outputs_deepfake_project/dfdc_subset_77_jpg/test/real/real_002075.jpg,real,test,0,0.09931083023548126,0,clean,medium
/media/D1/ait_users/staff122/deepfake_project/outputs_deepfake_project/dfdc_subset_77_jpg/test/real/real_002076.jpg,real,test,0,0.10949009656906128,0,clean,medium
/media/D1/ait_users/staff122/deepfake_project/outputs_deepfake_project/dfdc_subset_77_jpg/test/real/real_002077.jpg,real,test,0,0.03093879669904709,0,clean,medium
/media/D1/ait_users/staff122/deepfake_project/outputs_deepfake_project/dfdc_subset_77_jpg/test/real/real_002078.jpg,real,test,0,0.02990570105612278,0,clean,medium
/media/D1/ait_users/staff122/deepfake_project/outputs_deepfake_project/dfdc_subset_77_jpg/test/real/real_002079.jpg,real,test,0,0.0683121457695961,0,clean,medium
/media/D1/ait_users/staff122/deepfake_project/outputs_deepfake_project/dfdc_subset_77_jpg/test/real/real_002080.jpg,real,test,0,0.11724582314491272,0,clean,medium
/media/D1/ait_users/staff122/deepfake_project/outputs_deepfake_project/dfdc_subset_77_jpg/test/real/real_002081.jpg,real,test,0,0.17512816190719604,0,clean,medium
/media/D1/ait_users/staff122/deepfake_project/outputs_deepfake_project/dfdc_subset_77_jpg/test/real/real_002082.jpg,real,test,0,0.21562233567237854,0,clean,medium
/media/D1/ait_users/staff122/deepfake_project/outputs_deepfake_project/dfdc_subset_77_jpg/test/real/real_002083.jpg,real,test,0,0.3423185348510742,0,clean,medium
/media/D1/ait_users/staff122/deepfake_project/outputs_deepfake_project/dfdc_subset_77_jpg/test/real/real_002084.jpg,real,test,0,0.05859672278165817,0,clean,medium
/media/D1/ait_users/staff122/deepfake_project/outputs_deepfake_project/dfdc_subset_77_jpg/test/real/real_002085.jpg,real,test,0,0.12661178410053253,0,clean,medium
/media/D1/ait_users/staff122/deepfake_project/outputs_deepfake_project/dfdc_subset_77_jpg/test/real/real_002086.jpg,real,test,0,0.23128622770309448,0,clean,medium
/media/D1/ait_users/staff122/deepfake_project/outputs_deepfake_project/dfdc_subset_77_jpg/test/real/real_002087.jpg,real,test,0,0.24882178008556366,0,clean,medium
/media/D1/ait_users/staff122/deepfake_project/outputs_deepfake_project/dfdc_subset_77_jpg/test/real/real_002088.jpg,real,test,0,0.17987501621246338,0,clean,medium
/media/D1/ait_users/staff122/deepfake_project/outputs_deepfake_project/dfdc_subset_77_jpg/test/real/real_002089.jpg,real,test,0,0.2002013474702835,0,clean,medium
/media/D1/ait_users/staff122/deepfake_project/outputs_deepfake_project/dfdc_subset_77_jpg/test/real/real_002090.jpg,real,test,0,0.13223260641098022,0,clean,medium
/media/D1/ait_users/staff122/deepfake_project/outputs_deepfake_project/dfdc_subset_77_jpg/test/real/real_002091.jpg,real,test,0,0.2268475890159607,0,clean,medium
/media/D1/ait_users/staff122/deepfake_project/outputs_deepfake_project/dfdc_subset_77_jpg/test/real/real_002092.jpg,real,test,0,0.39903494715690613,0,clean,medium
/media/D1/ait_users/staff122/deepfake_project/outputs_deepfake_project/dfdc_subset_77_jpg/test/real/real_002093.jpg,real,test,0,0.38230594992637634,0,clean,medium
/media/D1/ait_users/staff122/deepfake_project/outputs_deepfake_project/dfdc_subset_77_jpg/test/real/real_002094.jpg,real,test,0,0.18494832515716553,0,clean,medium
/media/D1/ait_users/staff122/deepfake_project/outputs_deepfake_project/dfdc_subset_77_jpg/test/real/real_002095.jpg,real,test,0,0.2878762483596802,0,clean,medium
/media/D1/ait_users/staff122/deepfake_project/outputs_deepfake_project/dfdc_subset_77_jpg/test/real/real_002096.jpg,real,test,0,0.23090200126171112,0,clean,medium
/media/D1/ait_users/staff122/deepfake_project/outputs_deepfake_project/dfdc_subset_77_jpg/test/real/real_002097.jpg,real,test,0,0.3887813985347748,0,clean,medium
/media/D1/ait_users/staff122/deepfake_project/outputs_deepfake_project/dfdc_subset_77_jpg/test/real/real_002098.jpg,real,test,0,0.13147324323654175,0,clean,medium
/media/D1/ait_users/staff122/deepfake_project/outputs_deepfake_project/dfdc_subset_77_jpg/test/real/real_002099.jpg,real,test,0,0.16242392361164093,0,clean,medium
/media/D1/ait_users/staff122/deepfake_project/outputs_deepfake_project/dfdc_subset_77_jpg/test/real/real_002100.jpg,real,test,0,0.08357049524784088,0,clean,medium
/media/D1/ait_users/staff122/deepfake_project/outputs_deepfake_project/dfdc_subset_77_jpg/test/real/real_002101.jpg,real,test,0,0.23905980587005615,0,clean,medium
/media/D1/ait_users/staff122/deepfake_project/outputs_deepfake_project/dfdc_subset_77_jpg/test/real/real_002102.jpg,real,test,0,0.2583104968070984,0,clean,medium
/media/D1/ait_users/staff122/deepfake_project/outputs_deepfake_project/dfdc_subset_77_jpg/test/real/real_002103.jpg,real,test,0,0.4211454391479492,0,clean,medium
/media/D1/ait_users/staff122/deepfake_project/outputs_deepfake_project/dfdc_subset_77_jpg/test/real/real_002104.jpg,real,test,0,0.2521198093891144,0,clean,medium
/media/D1/ait_users/staff122/deepfake_project/outputs_deepfake_project/dfdc_subset_77_jpg/test/real/real_002105.jpg,real,test,0,0.3168640434741974,0,clean,medium
/media/D1/ait_users/staff122/deepfake_project/outputs_deepfake_project/dfdc_subset_77_jpg/test/real/real_002106.jpg,real,test,0,0.3020446300506592,0,clean,medium
/media/D1/ait_users/staff122/deepfake_project/outputs_deepfake_project/dfdc_subset_77_jpg/test/real/real_002107.jpg,real,test,0,0.3421250283718109,0,clean,medium
/media/D1/ait_users/staff122/deepfake_project/outputs_deepfake_project/dfdc_subset_77_jpg/test/real/real_002108.jpg,real,test,0,0.38820764422416687,0,clean,medium
/media/D1/ait_users/staff122/deepfake_project/outputs_deepfake_project/dfdc_subset_77_jpg/test/real/real_002109.jpg,real,test,0,0.45348799228668213,0,clean,medium
/media/D1/ait_users/staff122/deepfake_project/outputs_deepfake_project/dfdc_subset_77_jpg/test/real/real_002110.jpg,real,test,0,0.29721903800964355,0,clean,medium
/media/D1/ait_users/staff122/deepfake_project/outputs_deepfake_project/dfdc_subset_77_jpg/test/real/real_002111.jpg,real,test,0,0.15349788963794708,0,clean,medium
/media/D1/ait_users/staff122/deepfake_project/outputs_deepfake_project/dfdc_subset_77_jpg/test/real/real_002112.jpg,real,test,0,0.45867201685905457,0,clean,medium
/media/D1/ait_users/staff122/deepfake_project/outputs_deepfake_project/dfdc_subset_77_jpg/test/real/real_002113.jpg,real,test,0,0.5427253246307373,1,clean,medium
/media/D1/ait_users/staff122/deepfake_project/outputs_deepfake_project/dfdc_subset_77_jpg/test/real/real_002114.jpg,real,test,0,0.47492900490760803,0,clean,medium
/media/D1/ait_users/staff122/deepfake_project/outputs_deepfake_project/dfdc_subset_77_jpg/test/real/real_002115.jpg,real,test,0,0.15388123691082,0,clean,medium
/media/D1/ait_users/staff122/deepfake_project/outputs_deepfake_project/dfdc_subset_77_jpg/test/real/real_002116.jpg,real,test,0,0.39644843339920044,0,clean,medium
/media/D1/ait_users/staff122/deepfake_project/outputs_deepfake_project/dfdc_subset_77_jpg/test/real/real_002117.jpg,real,test,0,0.06686872243881226,0,clean,medium
/media/D1/ait_users/staff122/deepfake_project/outputs_deepfake_project/dfdc_subset_77_jpg/test/real/real_002118.jpg,real,test,0,0.05594860389828682,0,clean,medium
/media/D1/ait_users/staff122/deepfake_project/outputs_deepfake_project/dfdc_subset_77_jpg/test/real/real_002119.jpg,real,test,0,0.4609694480895996,0,clean,medium
/media/D1/ait_users/staff122/deepfake_project/outputs_deepfake_project/dfdc_subset_77_jpg/test/real/real_002120.jpg,real,test,0,0.8140611052513123,1,clean,medium
/media/D1/ait_users/staff122/deepfake_project/outputs_deepfake_project/dfdc_subset_77_jpg/test/real/real_002121.jpg,real,test,0,0.10501031577587128,0,clean,medium
/media/D1/ait_users/staff122/deepfake_project/outputs_deepfake_project/dfdc_subset_77_jpg/test/real/real_002122.jpg,real,test,0,0.46750879287719727,0,clean,medium
/media/D1/ait_users/staff122/deepfake_project/outputs_deepfake_project/dfdc_subset_77_jpg/test/real/real_002123.jpg,real,test,0,0.43815478682518005,0,clean,medium
/media/D1/ait_users/staff122/deepfake_project/outputs_deepfake_project/dfdc_subset_77_jpg/test/real/real_002124.jpg,real,test,0,0.08416751772165298,0,clean,medium
/media/D1/ait_users/staff122/deepfake_project/outputs_deepfake_project/dfdc_subset_77_jpg/test/real/real_002125.jpg,real,test,0,0.8298653364181519,1,clean,medium
/media/D1/ait_users/staff122/deepfake_project/outputs_deepfake_project/dfdc_subset_77_jpg/test/real/real_002126.jpg,real,test,0,0.11095301061868668,0,clean,medium
/media/D1/ait_users/staff122/deepfake_project/outputs_deepfake_project/dfdc_subset_77_jpg/test/real/real_002127.jpg,real,test,0,0.20730383694171906,0,clean,medium
/media/D1/ait_users/staff122/deepfake_project/outputs_deepfake_project/dfdc_subset_77_jpg/test/real/real_002128.jpg,real,test,0,0.5106401443481445,1,clean,medium
/media/D1/ait_users/staff122/deepfake_project/outputs_deepfake_project/dfdc_subset_77_jpg/test/real/real_002129.jpg,real,test,0,0.7639107704162598,1,clean,medium
/media/D1/ait_users/staff122/deepfake_project/outputs_deepfake_project/dfdc_subset_77_jpg/test/real/real_002130.jpg,real,test,0,0.7150053977966309,1,clean,medium
/media/D1/ait_users/staff122/deepfake_project/outputs_deepfake_project/dfdc_subset_77_jpg/test/real/real_002131.jpg,real,test,0,0.40681928396224976,0,clean,medium
/media/D1/ait_users/staff122/deepfake_project/outputs_deepfake_project/dfdc_subset_77_jpg/test/real/real_002132.jpg,real,test,0,0.37978455424308777,0,clean,medium
/media/D1/ait_users/staff122/deepfake_project/outputs_deepfake_project/dfdc_subset_77_jpg/test/real/real_002133.jpg,real,test,0,0.3750508725643158,0,clean,medium
/media/D1/ait_users/staff122/deepfake_project/outputs_deepfake_project/dfdc_subset_77_jpg/test/real/real_002134.jpg,real,test,0,0.27382156252861023,0,clean,medium
/media/D1/ait_users/staff122/deepfake_project/outputs_deepfake_project/dfdc_subset_77_jpg/test/real/real_002135.jpg,real,test,0,0.08558004349470139,0,clean,medium
/media/D1/ait_users/staff122/deepfake_project/outputs_deepfake_project/dfdc_subset_77_jpg/test/real/real_002136.jpg,real,test,0,0.1285914033651352,0,clean,medium
/media/D1/ait_users/staff122/deepfake_project/outputs_deepfake_project/dfdc_subset_77_jpg/test/real/real_002137.jpg,real,test,0,0.10630778968334198,0,clean,medium
/media/D1/ait_users/staff122/deepfake_project/outputs_deepfake_project/dfdc_subset_77_jpg/test/real/real_002138.jpg,real,test,0,0.7899422645568848,1,clean,medium
/media/D1/ait_users/staff122/deepfake_project/outputs_deepfake_project/dfdc_subset_77_jpg/test/real/real_002139.jpg,real,test,0,0.07700110226869583,0,clean,medium
/media/D1/ait_users/staff122/deepfake_project/outputs_deepfake_project/dfdc_subset_77_jpg/test/real/real_002140.jpg,real,test,0,0.0688014104962349,0,clean,medium
/media/D1/ait_users/staff122/deepfake_project/outputs_deepfake_project/dfdc_subset_77_jpg/test/real/real_002141.jpg,real,test,0,0.42244967818260193,0,clean,medium
/media/D1/ait_users/staff122/deepfake_project/outputs_deepfake_project/dfdc_subset_77_jpg/test/real/real_002142.jpg,real,test,0,0.05587717890739441,0,clean,medium
/media/D1/ait_users/staff122/deepfake_project/outputs_deepfake_project/dfdc_subset_77_jpg/test/real/real_002143.jpg,real,test,0,0.8301375508308411,1,clean,medium
/media/D1/ait_users/staff122/deepfake_project/outputs_deepfake_project/dfdc_subset_77_jpg/test/real/real_002144.jpg,real,test,0,0.15631890296936035,0,clean,medium
/media/D1/ait_users/staff122/deepfake_project/outputs_deepfake_project/dfdc_subset_77_jpg/test/real/real_002145.jpg,real,test,0,0.13677401840686798,0,clean,medium
/media/D1/ait_users/staff122/deepfake_project/outputs_deepfake_project/dfdc_subset_77_jpg/test/real/real_002146.jpg,real,test,0,0.4095058739185333,0,clean,medium
/media/D1/ait_users/staff122/deepfake_project/outputs_deepfake_project/dfdc_subset_77_jpg/test/real/real_002147.jpg,real,test,0,0.2399161458015442,0,clean,medium
/media/D1/ait_users/staff122/deepfake_project/outputs_deepfake_project/dfdc_subset_77_jpg/test/real/real_002148.jpg,real,test,0,0.18890102207660675,0,clean,medium
/media/D1/ait_users/staff122/deepfake_project/outputs_deepfake_project/dfdc_subset_77_jpg/test/real/real_002149.jpg,real,test,0,0.09702815115451813,0,clean,medium
/media/D1/ait_users/staff122/deepfake_project/outputs_deepfake_project/dfdc_subset_77_jpg/test/real/real_002150.jpg,real,test,0,0.8698858022689819,1,clean,medium
/media/D1/ait_users/staff122/deepfake_project/outputs_deepfake_project/dfdc_subset_77_jpg/test/real/real_002151.jpg,real,test,0,0.0742877647280693,0,clean,medium
/media/D1/ait_users/staff122/deepfake_project/outputs_deepfake_project/dfdc_subset_77_jpg/test/real/real_002152.jpg,real,test,0,0.44356223940849304,0,clean,medium
/media/D1/ait_users/staff122/deepfake_project/outputs_deepfake_project/dfdc_subset_77_jpg/test/real/real_002153.jpg,real,test,0,0.5180307030677795,1,clean,medium
/media/D1/ait_users/staff122/deepfake_project/outputs_deepfake_project/dfdc_subset_77_jpg/test/real/real_002154.jpg,real,test,0,0.4102734625339508,0,clean,medium
/media/D1/ait_users/staff122/deepfake_project/outputs_deepfake_project/dfdc_subset_77_jpg/test/real/real_002155.jpg,real,test,0,0.569270133972168,1,clean,medium
/media/D1/ait_users/staff122/deepfake_project/outputs_deepfake_project/dfdc_subset_77_jpg/test/real/real_002156.jpg,real,test,0,0.347922146320343,0,clean,medium
/media/D1/ait_users/staff122/deepfake_project/outputs_deepfake_project/dfdc_subset_77_jpg/test/real/real_002157.jpg,real,test,0,0.1983119696378708,0,clean,medium
/media/D1/ait_users/staff122/deepfake_project/outputs_deepfake_project/dfdc_subset_77_jpg/test/real/real_002158.jpg,real,test,0,0.8677960634231567,1,clean,medium
/media/D1/ait_users/staff122/deepfake_project/outputs_deepfake_project/dfdc_subset_77_jpg/test/real/real_002159.jpg,real,test,0,0.695075511932373,1,clean,medium
/media/D1/ait_users/staff122/deepfake_project/outputs_deepfake_project/dfdc_subset_77_jpg/test/real/real_002160.jpg,real,test,0,0.7685269117355347,1,clean,medium
/media/D1/ait_users/staff122/deepfake_project/outputs_deepfake_project/dfdc_subset_77_jpg/test/real/real_002161.jpg,real,test,0,0.6521045565605164,1,clean,medium
/media/D1/ait_users/staff122/deepfake_project/outputs_deepfake_project/dfdc_subset_77_jpg/test/real/real_002162.jpg,real,test,0,0.3239034414291382,0,clean,medium
/media/D1/ait_users/staff122/deepfake_project/outputs_deepfake_project/dfdc_subset_77_jpg/test/real/real_002163.jpg,real,test,0,0.8635120987892151,1,clean,medium
/media/D1/ait_users/staff122/deepfake_project/outputs_deepfake_project/dfdc_subset_77_jpg/test/real/real_002164.jpg,real,test,0,0.900388777256012,1,clean,medium
/media/D1/ait_users/staff122/deepfake_project/outputs_deepfake_project/dfdc_subset_77_jpg/test/real/real_002165.jpg,real,test,0,0.08797834068536758,0,clean,medium
/media/D1/ait_users/staff122/deepfake_project/outputs_deepfake_project/dfdc_subset_77_jpg/test/real/real_002166.jpg,real,test,0,0.09459159523248672,0,clean,medium
/media/D1/ait_users/staff122/deepfake_project/outputs_deepfake_project/dfdc_subset_77_jpg/test/real/real_002167.jpg,real,test,0,0.11548599600791931,0,clean,medium
/media/D1/ait_users/staff122/deepfake_project/outputs_deepfake_project/dfdc_subset_77_jpg/test/real/real_002168.jpg,real,test,0,0.5129492282867432,1,clean,medium
/media/D1/ait_users/staff122/deepfake_project/outputs_deepfake_project/dfdc_subset_77_jpg/test/real/real_002169.jpg,real,test,0,0.27382659912109375,0,clean,medium
/media/D1/ait_users/staff122/deepfake_project/outputs_deepfake_project/dfdc_subset_77_jpg/test/real/real_002170.jpg,real,test,0,0.6851669549942017,1,clean,medium
/media/D1/ait_users/staff122/deepfake_project/outputs_deepfake_project/dfdc_subset_77_jpg/test/real/real_002171.jpg,real,test,0,0.6474072337150574,1,clean,medium
/media/D1/ait_users/staff122/deepfake_project/outputs_deepfake_project/dfdc_subset_77_jpg/test/real/real_002172.jpg,real,test,0,0.14775463938713074,0,clean,medium
/media/D1/ait_users/staff122/deepfake_project/outputs_deepfake_project/dfdc_subset_77_jpg/test/real/real_002173.jpg,real,test,0,0.46115079522132874,0,clean,medium
/media/D1/ait_users/staff122/deepfake_project/outputs_deepfake_project/dfdc_subset_77_jpg/test/real/real_002174.jpg,real,test,0,0.21391037106513977,0,clean,medium
/media/D1/ait_users/staff122/deepfake_project/outputs_deepfake_project/dfdc_subset_77_jpg/test/real/real_002175.jpg,real,test,0,0.4324290156364441,0,clean,medium
/media/D1/ait_users/staff122/deepfake_project/outputs_deepfake_project/dfdc_subset_77_jpg/test/real/real_002176.jpg,real,test,0,0.6906470060348511,1,clean,medium
/media/D1/ait_users/staff122/deepfake_project/outputs_deepfake_project/dfdc_subset_77_jpg/test/real/real_002177.jpg,real,test,0,0.12844598293304443,0,clean,medium
/media/D1/ait_users/staff122/deepfake_project/outputs_deepfake_project/dfdc_subset_77_jpg/test/real/real_002178.jpg,real,test,0,0.6544299125671387,1,clean,medium
/media/D1/ait_users/staff122/deepfake_project/outputs_deepfake_project/dfdc_subset_77_jpg/test/real/real_002179.jpg,real,test,0,0.4416954219341278,0,clean,medium
/media/D1/ait_users/staff122/deepfake_project/outputs_deepfake_project/dfdc_subset_77_jpg/test/real/real_002180.jpg,real,test,0,0.15999870002269745,0,clean,medium
/media/D1/ait_users/staff122/deepfake_project/outputs_deepfake_project/dfdc_subset_77_jpg/test/real/real_002181.jpg,real,test,0,0.11644332110881805,0,clean,medium
/media/D1/ait_users/staff122/deepfake_project/outputs_deepfake_project/dfdc_subset_77_jpg/test/real/real_002182.jpg,real,test,0,0.09522885084152222,0,clean,medium
/media/D1/ait_users/staff122/deepfake_project/outputs_deepfake_project/dfdc_subset_77_jpg/test/real/real_002183.jpg,real,test,0,0.12104479223489761,0,clean,medium
/media/D1/ait_users/staff122/deepfake_project/outputs_deepfake_project/dfdc_subset_77_jpg/test/real/real_002184.jpg,real,test,0,0.09613365679979324,0,clean,medium
/media/D1/ait_users/staff122/deepfake_project/outputs_deepfake_project/dfdc_subset_77_jpg/test/real/real_002185.jpg,real,test,0,0.7543512582778931,1,clean,medium
/media/D1/ait_users/staff122/deepfake_project/outputs_deepfake_project/dfdc_subset_77_jpg/test/real/real_002186.jpg,real,test,0,0.10237865149974823,0,clean,medium
/media/D1/ait_users/staff122/deepfake_project/outputs_deepfake_project/dfdc_subset_77_jpg/test/real/real_002187.jpg,real,test,0,0.0802009254693985,0,clean,medium
/media/D1/ait_users/staff122/deepfake_project/outputs_deepfake_project/dfdc_subset_77_jpg/test/real/real_002188.jpg,real,test,0,0.1655627340078354,0,clean,medium
/media/D1/ait_users/staff122/deepfake_project/outputs_deepfake_project/dfdc_subset_77_jpg/test/real/real_002189.jpg,real,test,0,0.12698017060756683,0,clean,medium
/media/D1/ait_users/staff122/deepfake_project/outputs_deepfake_project/dfdc_subset_77_jpg/test/real/real_002190.jpg,real,test,0,0.43693652749061584,0,clean,medium
/media/D1/ait_users/staff122/deepfake_project/outputs_deepfake_project/dfdc_subset_77_jpg/test/real/real_002191.jpg,real,test,0,0.1594279706478119,0,clean,medium
/media/D1/ait_users/staff122/deepfake_project/outputs_deepfake_project/dfdc_subset_77_jpg/test/real/real_002192.jpg,real,test,0,0.1490146964788437,0,clean,medium
/media/D1/ait_users/staff122/deepfake_project/outputs_deepfake_project/dfdc_subset_77_jpg/test/real/real_002193.jpg,real,test,0,0.23254434764385223,0,clean,medium
/media/D1/ait_users/staff122/deepfake_project/outputs_deepfake_project/dfdc_subset_77_jpg/test/real/real_002194.jpg,real,test,0,0.09272579103708267,0,clean,medium
/media/D1/ait_users/staff122/deepfake_project/outputs_deepfake_project/dfdc_subset_77_jpg/test/real/real_002195.jpg,real,test,0,0.14848902821540833,0,clean,medium
/media/D1/ait_users/staff122/deepfake_project/outputs_deepfake_project/dfdc_subset_77_jpg/test/real/real_002196.jpg,real,test,0,0.5228171348571777,1,clean,medium
/media/D1/ait_users/staff122/deepfake_project/outputs_deepfake_project/dfdc_subset_77_jpg/test/real/real_002197.jpg,real,test,0,0.13646787405014038,0,clean,medium
/media/D1/ait_users/staff122/deepfake_project/outputs_deepfake_project/dfdc_subset_77_jpg/test/real/real_002198.jpg,real,test,0,0.2950689494609833,0,clean,medium
/media/D1/ait_users/staff122/deepfake_project/outputs_deepfake_project/dfdc_subset_77_jpg/test/real/real_002199.jpg,real,test,0,0.126922145485878,0,clean,medium
/media/D1/ait_users/staff122/deepfake_project/outputs_deepfake_project/dfdc_subset_77_jpg/test/real/real_002200.jpg,real,test,0,0.5046268105506897,1,clean,medium
/media/D1/ait_users/staff122/deepfake_project/outputs_deepfake_project/dfdc_subset_77_jpg/test/real/real_002201.jpg,real,test,0,0.12310408055782318,0,clean,medium
/media/D1/ait_users/staff122/deepfake_project/outputs_deepfake_project/dfdc_subset_77_jpg/test/real/real_002202.jpg,real,test,0,0.07120925933122635,0,clean,medium
/media/D1/ait_users/staff122/deepfake_project/outputs_deepfake_project/dfdc_subset_77_jpg/test/real/real_002203.jpg,real,test,0,0.08292627334594727,0,clean,medium
/media/D1/ait_users/staff122/deepfake_project/outputs_deepfake_project/dfdc_subset_77_jpg/test/real/real_002204.jpg,real,test,0,0.47007784247398376,0,clean,medium
/media/D1/ait_users/staff122/deepfake_project/outputs_deepfake_project/dfdc_subset_77_jpg/test/real/real_002205.jpg,real,test,0,0.19482704997062683,0,clean,medium
/media/D1/ait_users/staff122/deepfake_project/outputs_deepfake_project/dfdc_subset_77_jpg/test/real/real_002206.jpg,real,test,0,0.3446956276893616,0,clean,medium
/media/D1/ait_users/staff122/deepfake_project/outputs_deepfake_project/dfdc_subset_77_jpg/test/real/real_002207.jpg,real,test,0,0.4938753545284271,0,clean,medium
/media/D1/ait_users/staff122/deepfake_project/outputs_deepfake_project/dfdc_subset_77_jpg/test/real/real_002208.jpg,real,test,0,0.6122455596923828,1,clean,medium
/media/D1/ait_users/staff122/deepfake_project/outputs_deepfake_project/dfdc_subset_77_jpg/test/real/real_002209.jpg,real,test,0,0.20765437185764313,0,clean,medium
/media/D1/ait_users/staff122/deepfake_project/outputs_deepfake_project/dfdc_subset_77_jpg/test/real/real_002210.jpg,real,test,0,0.3355059027671814,0,clean,medium
/media/D1/ait_users/staff122/deepfake_project/outputs_deepfake_project/dfdc_subset_77_jpg/test/real/real_002211.jpg,real,test,0,0.2365235686302185,0,clean,medium
/media/D1/ait_users/staff122/deepfake_project/outputs_deepfake_project/dfdc_subset_77_jpg/test/real/real_002212.jpg,real,test,0,0.8205429911613464,1,clean,medium
/media/D1/ait_users/staff122/deepfake_project/outputs_deepfake_project/dfdc_subset_77_jpg/test/real/real_002213.jpg,real,test,0,0.44627270102500916,0,clean,medium
/media/D1/ait_users/staff122/deepfake_project/outputs_deepfake_project/dfdc_subset_77_jpg/test/real/real_002214.jpg,real,test,0,0.5289267301559448,1,clean,medium
/media/D1/ait_users/staff122/deepfake_project/outputs_deepfake_project/dfdc_subset_77_jpg/test/real/real_002215.jpg,real,test,0,0.7372941374778748,1,clean,medium
/media/D1/ait_users/staff122/deepfake_project/outputs_deepfake_project/dfdc_subset_77_jpg/test/real/real_002216.jpg,real,test,0,0.5062862038612366,1,clean,medium
/media/D1/ait_users/staff122/deepfake_project/outputs_deepfake_project/dfdc_subset_77_jpg/test/real/real_002217.jpg,real,test,0,0.152344211935997,0,clean,medium
/media/D1/ait_users/staff122/deepfake_project/outputs_deepfake_project/dfdc_subset_77_jpg/test/real/real_002218.jpg,real,test,0,0.07079226523637772,0,clean,medium
/media/D1/ait_users/staff122/deepfake_project/outputs_deepfake_project/dfdc_subset_77_jpg/test/real/real_002219.jpg,real,test,0,0.08336928486824036,0,clean,medium
/media/D1/ait_users/staff122/deepfake_project/outputs_deepfake_project/dfdc_subset_77_jpg/test/real/real_002220.jpg,real,test,0,0.09525252133607864,0,clean,medium
/media/D1/ait_users/staff122/deepfake_project/outputs_deepfake_project/dfdc_subset_77_jpg/test/real/real_002221.jpg,real,test,0,0.04071315377950668,0,clean,medium
/media/D1/ait_users/staff122/deepfake_project/outputs_deepfake_project/dfdc_subset_77_jpg/test/real/real_002222.jpg,real,test,0,0.05034228414297104,0,clean,medium
/media/D1/ait_users/staff122/deepfake_project/outputs_deepfake_project/dfdc_subset_77_jpg/test/real/real_002223.jpg,real,test,0,0.09678223729133606,0,clean,medium
/media/D1/ait_users/staff122/deepfake_project/outputs_deepfake_project/dfdc_subset_77_jpg/test/real/real_002224.jpg,real,test,0,0.8324339389801025,1,clean,medium
/media/D1/ait_users/staff122/deepfake_project/outputs_deepfake_project/dfdc_subset_77_jpg/test/real/real_002225.jpg,real,test,0,0.0672638937830925,0,clean,medium
/media/D1/ait_users/staff122/deepfake_project/outputs_deepfake_project/dfdc_subset_77_jpg/test/real/real_002226.jpg,real,test,0,0.07140585035085678,0,clean,medium
/media/D1/ait_users/staff122/deepfake_project/outputs_deepfake_project/dfdc_subset_77_jpg/test/real/real_002227.jpg,real,test,0,0.061861589550971985,0,clean,medium
/media/D1/ait_users/staff122/deepfake_project/outputs_deepfake_project/dfdc_subset_77_jpg/test/real/real_002228.jpg,real,test,0,0.016396556049585342,0,clean,medium
/media/D1/ait_users/staff122/deepfake_project/outputs_deepfake_project/dfdc_subset_77_jpg/test/real/real_002229.jpg,real,test,0,0.18633884191513062,0,clean,medium
/media/D1/ait_users/staff122/deepfake_project/outputs_deepfake_project/dfdc_subset_77_jpg/test/real/real_002230.jpg,real,test,0,0.1755302995443344,0,clean,medium
/media/D1/ait_users/staff122/deepfake_project/outputs_deepfake_project/dfdc_subset_77_jpg/test/real/real_002231.jpg,real,test,0,0.09497849643230438,0,clean,medium
/media/D1/ait_users/staff122/deepfake_project/outputs_deepfake_project/dfdc_subset_77_jpg/test/real/real_002232.jpg,real,test,0,0.15157683193683624,0,clean,medium
/media/D1/ait_users/staff122/deepfake_project/outputs_deepfake_project/dfdc_subset_77_jpg/test/real/real_002233.jpg,real,test,0,0.16302645206451416,0,clean,medium
/media/D1/ait_users/staff122/deepfake_project/outputs_deepfake_project/dfdc_subset_77_jpg/test/real/real_002234.jpg,real,test,0,0.18399642407894135,0,clean,medium
/media/D1/ait_users/staff122/deepfake_project/outputs_deepfake_project/dfdc_subset_77_jpg/test/real/real_002235.jpg,real,test,0,0.3586764335632324,0,clean,medium
/media/D1/ait_users/staff122/deepfake_project/outputs_deepfake_project/dfdc_subset_77_jpg/test/real/real_002236.jpg,real,test,0,0.031854353845119476,0,clean,medium
/media/D1/ait_users/staff122/deepfake_project/outputs_deepfake_project/dfdc_subset_77_jpg/test/real/real_002237.jpg,real,test,0,0.035169802606105804,0,clean,medium
/media/D1/ait_users/staff122/deepfake_project/outputs_deepfake_project/dfdc_subset_77_jpg/test/real/real_002238.jpg,real,test,0,0.2569356858730316,0,clean,medium
/media/D1/ait_users/staff122/deepfake_project/outputs_deepfake_project/dfdc_subset_77_jpg/test/real/real_002239.jpg,real,test,0,0.32981550693511963,0,clean,medium
/media/D1/ait_users/staff122/deepfake_project/outputs_deepfake_project/dfdc_subset_77_jpg/test/real/real_002240.jpg,real,test,0,0.6677672863006592,1,clean,medium
/media/D1/ait_users/staff122/deepfake_project/outputs_deepfake_project/dfdc_subset_77_jpg/test/real/real_002241.jpg,real,test,0,0.8025134205818176,1,clean,medium
/media/D1/ait_users/staff122/deepfake_project/outputs_deepfake_project/dfdc_subset_77_jpg/test/real/real_002242.jpg,real,test,0,0.8683817982673645,1,clean,medium
/media/D1/ait_users/staff122/deepfake_project/outputs_deepfake_project/dfdc_subset_77_jpg/test/real/real_002243.jpg,real,test,0,0.7961145639419556,1,clean,medium
/media/D1/ait_users/staff122/deepfake_project/outputs_deepfake_project/dfdc_subset_77_jpg/test/real/real_002244.jpg,real,test,0,0.9268851280212402,1,clean,medium
/media/D1/ait_users/staff122/deepfake_project/outputs_deepfake_project/dfdc_subset_77_jpg/test/real/real_002245.jpg,real,test,0,0.8945684432983398,1,clean,medium
/media/D1/ait_users/staff122/deepfake_project/outputs_deepfake_project/dfdc_subset_77_jpg/test/real/real_002246.jpg,real,test,0,0.9550407528877258,1,clean,medium
/media/D1/ait_users/staff122/deepfake_project/outputs_deepfake_project/dfdc_subset_77_jpg/test/real/real_002247.jpg,real,test,0,0.8193994760513306,1,clean,medium
/media/D1/ait_users/staff122/deepfake_project/outputs_deepfake_project/dfdc_subset_77_jpg/test/real/real_002248.jpg,real,test,0,0.9512653350830078,1,clean,medium
/media/D1/ait_users/staff122/deepfake_project/outputs_deepfake_project/dfdc_subset_77_jpg/test/real/real_002249.jpg,real,test,0,0.4444696605205536,0,clean,medium
/media/D1/ait_users/staff122/deepfake_project/outputs_deepfake_project/dfdc_subset_77_jpg/test/real/real_002250.jpg,real,test,0,0.23767754435539246,0,clean,medium
/media/D1/ait_users/staff122/deepfake_project/outputs_deepfake_project/dfdc_subset_77_jpg/test/real/real_002251.jpg,real,test,0,0.7734838128089905,1,clean,medium
/media/D1/ait_users/staff122/deepfake_project/outputs_deepfake_project/dfdc_subset_77_jpg/test/real/real_002252.jpg,real,test,0,0.14845110476016998,0,clean,medium
/media/D1/ait_users/staff122/deepfake_project/outputs_deepfake_project/dfdc_subset_77_jpg/test/real/real_002253.jpg,real,test,0,0.7947368025779724,1,clean,medium
/media/D1/ait_users/staff122/deepfake_project/outputs_deepfake_project/dfdc_subset_77_jpg/test/real/real_002254.jpg,real,test,0,0.8786925673484802,1,clean,medium
/media/D1/ait_users/staff122/deepfake_project/outputs_deepfake_project/dfdc_subset_77_jpg/test/real/real_002255.jpg,real,test,0,0.2726075351238251,0,clean,medium
/media/D1/ait_users/staff122/deepfake_project/outputs_deepfake_project/dfdc_subset_77_jpg/test/real/real_002256.jpg,real,test,0,0.3306848406791687,0,clean,medium
/media/D1/ait_users/staff122/deepfake_project/outputs_deepfake_project/dfdc_subset_77_jpg/test/real/real_002257.jpg,real,test,0,0.39487844705581665,0,clean,medium
/media/D1/ait_users/staff122/deepfake_project/outputs_deepfake_project/dfdc_subset_77_jpg/test/real/real_002258.jpg,real,test,0,0.19902408123016357,0,clean,medium
/media/D1/ait_users/staff122/deepfake_project/outputs_deepfake_project/dfdc_subset_77_jpg/test/real/real_002259.jpg,real,test,0,0.7060389518737793,1,clean,medium
/media/D1/ait_users/staff122/deepfake_project/outputs_deepfake_project/dfdc_subset_77_jpg/test/real/real_002260.jpg,real,test,0,0.4492751657962799,0,clean,medium
/media/D1/ait_users/staff122/deepfake_project/outputs_deepfake_project/dfdc_subset_77_jpg/test/real/real_002261.jpg,real,test,0,0.6736173629760742,1,clean,medium
/media/D1/ait_users/staff122/deepfake_project/outputs_deepfake_project/dfdc_subset_77_jpg/test/real/real_002262.jpg,real,test,0,0.5902566909790039,1,clean,medium
/media/D1/ait_users/staff122/deepfake_project/outputs_deepfake_project/dfdc_subset_77_jpg/test/real/real_002263.jpg,real,test,0,0.7440059185028076,1,clean,medium
/media/D1/ait_users/staff122/deepfake_project/outputs_deepfake_project/dfdc_subset_77_jpg/test/real/real_002264.jpg,real,test,0,0.7637965679168701,1,clean,medium
/media/D1/ait_users/staff122/deepfake_project/outputs_deepfake_project/dfdc_subset_77_jpg/test/real/real_002265.jpg,real,test,0,0.7295984625816345,1,clean,medium
/media/D1/ait_users/staff122/deepfake_project/outputs_deepfake_project/dfdc_subset_77_jpg/test/real/real_002266.jpg,real,test,0,0.3025374710559845,0,clean,medium
/media/D1/ait_users/staff122/deepfake_project/outputs_deepfake_project/dfdc_subset_77_jpg/test/real/real_002267.jpg,real,test,0,0.19957485795021057,0,clean,medium
/media/D1/ait_users/staff122/deepfake_project/outputs_deepfake_project/dfdc_subset_77_jpg/test/real/real_002268.jpg,real,test,0,0.38026162981987,0,clean,medium
/media/D1/ait_users/staff122/deepfake_project/outputs_deepfake_project/dfdc_subset_77_jpg/test/real/real_002269.jpg,real,test,0,0.2998811900615692,0,clean,medium
/media/D1/ait_users/staff122/deepfake_project/outputs_deepfake_project/dfdc_subset_77_jpg/test/real/real_002270.jpg,real,test,0,0.3370763063430786,0,clean,medium
/media/D1/ait_users/staff122/deepfake_project/outputs_deepfake_project/dfdc_subset_77_jpg/test/real/real_002271.jpg,real,test,0,0.7750873565673828,1,clean,medium
/media/D1/ait_users/staff122/deepfake_project/outputs_deepfake_project/dfdc_subset_77_jpg/test/real/real_002272.jpg,real,test,0,0.4929220378398895,0,clean,medium
/media/D1/ait_users/staff122/deepfake_project/outputs_deepfake_project/dfdc_subset_77_jpg/test/real/real_002273.jpg,real,test,0,0.9313492774963379,1,clean,medium
/media/D1/ait_users/staff122/deepfake_project/outputs_deepfake_project/dfdc_subset_77_jpg/test/real/real_002274.jpg,real,test,0,0.5844621658325195,1,clean,medium
/media/D1/ait_users/staff122/deepfake_project/outputs_deepfake_project/dfdc_subset_77_jpg/test/real/real_002275.jpg,real,test,0,0.7016900777816772,1,clean,medium
/media/D1/ait_users/staff122/deepfake_project/outputs_deepfake_project/dfdc_subset_77_jpg/test/real/real_002276.jpg,real,test,0,0.9415627121925354,1,clean,medium
/media/D1/ait_users/staff122/deepfake_project/outputs_deepfake_project/dfdc_subset_77_jpg/test/real/real_002277.jpg,real,test,0,0.09167288988828659,0,clean,medium
/media/D1/ait_users/staff122/deepfake_project/outputs_deepfake_project/dfdc_subset_77_jpg/test/real/real_002278.jpg,real,test,0,0.588691771030426,1,clean,medium
/media/D1/ait_users/staff122/deepfake_project/outputs_deepfake_project/dfdc_subset_77_jpg/test/real/real_002279.jpg,real,test,0,0.3965992331504822,0,clean,medium
/media/D1/ait_users/staff122/deepfake_project/outputs_deepfake_project/dfdc_subset_77_jpg/test/real/real_002280.jpg,real,test,0,0.6425304412841797,1,clean,medium
/media/D1/ait_users/staff122/deepfake_project/outputs_deepfake_project/dfdc_subset_77_jpg/test/real/real_002281.jpg,real,test,0,0.7683311700820923,1,clean,medium
/media/D1/ait_users/staff122/deepfake_project/outputs_deepfake_project/dfdc_subset_77_jpg/test/real/real_002282.jpg,real,test,0,0.6722962260246277,1,clean,medium
/media/D1/ait_users/staff122/deepfake_project/outputs_deepfake_project/dfdc_subset_77_jpg/test/real/real_002283.jpg,real,test,0,0.7963824272155762,1,clean,medium
/media/D1/ait_users/staff122/deepfake_project/outputs_deepfake_project/dfdc_subset_77_jpg/test/real/real_002284.jpg,real,test,0,0.5651407837867737,1,clean,medium
/media/D1/ait_users/staff122/deepfake_project/outputs_deepfake_project/dfdc_subset_77_jpg/test/real/real_002285.jpg,real,test,0,0.6650165915489197,1,clean,medium
/media/D1/ait_users/staff122/deepfake_project/outputs_deepfake_project/dfdc_subset_77_jpg/test/real/real_002286.jpg,real,test,0,0.20248112082481384,0,clean,medium
/media/D1/ait_users/staff122/deepfake_project/outputs_deepfake_project/dfdc_subset_77_jpg/test/real/real_002287.jpg,real,test,0,0.7056620121002197,1,clean,medium
/media/D1/ait_users/staff122/deepfake_project/outputs_deepfake_project/dfdc_subset_77_jpg/test/real/real_002288.jpg,real,test,0,0.4249037206172943,0,clean,medium
/media/D1/ait_users/staff122/deepfake_project/outputs_deepfake_project/dfdc_subset_77_jpg/test/real/real_002289.jpg,real,test,0,0.2230483591556549,0,clean,medium
/media/D1/ait_users/staff122/deepfake_project/outputs_deepfake_project/dfdc_subset_77_jpg/test/real/real_002290.jpg,real,test,0,0.5751223564147949,1,clean,medium
/media/D1/ait_users/staff122/deepfake_project/outputs_deepfake_project/dfdc_subset_77_jpg/test/real/real_002291.jpg,real,test,0,0.7176825404167175,1,clean,medium
/media/D1/ait_users/staff122/deepfake_project/outputs_deepfake_project/dfdc_subset_77_jpg/test/real/real_002292.jpg,real,test,0,0.6357944011688232,1,clean,medium
/media/D1/ait_users/staff122/deepfake_project/outputs_deepfake_project/dfdc_subset_77_jpg/test/real/real_002293.jpg,real,test,0,0.7011967897415161,1,clean,medium
/media/D1/ait_users/staff122/deepfake_project/outputs_deepfake_project/dfdc_subset_77_jpg/test/real/real_002294.jpg,real,test,0,0.722084105014801,1,clean,medium
/media/D1/ait_users/staff122/deepfake_project/outputs_deepfake_project/dfdc_subset_77_jpg/test/real/real_002295.jpg,real,test,0,0.6510239839553833,1,clean,medium
/media/D1/ait_users/staff122/deepfake_project/outputs_deepfake_project/dfdc_subset_77_jpg/test/real/real_002296.jpg,real,test,0,0.34070706367492676,0,clean,medium
/media/D1/ait_users/staff122/deepfake_project/outputs_deepfake_project/dfdc_subset_77_jpg/test/real/real_002297.jpg,real,test,0,0.28221848607063293,0,clean,medium
/media/D1/ait_users/staff122/deepfake_project/outputs_deepfake_project/dfdc_subset_77_jpg/test/real/real_002298.jpg,real,test,0,0.5093036890029907,1,clean,medium
/media/D1/ait_users/staff122/deepfake_project/outputs_deepfake_project/dfdc_subset_77_jpg/test/real/real_002299.jpg,real,test,0,0.6929993033409119,1,clean,medium
/media/D1/ait_users/staff122/deepfake_project/outputs_deepfake_project/dfdc_subset_77_jpg/test/real/real_002300.jpg,real,test,0,0.3249095380306244,0,clean,medium
/media/D1/ait_users/staff122/deepfake_project/outputs_deepfake_project/dfdc_subset_77_jpg/test/real/real_002301.jpg,real,test,0,0.4083787798881531,0,clean,medium
/media/D1/ait_users/staff122/deepfake_project/outputs_deepfake_project/dfdc_subset_77_jpg/test/real/real_002302.jpg,real,test,0,0.692265510559082,1,clean,medium
/media/D1/ait_users/staff122/deepfake_project/outputs_deepfake_project/dfdc_subset_77_jpg/test/real/real_002303.jpg,real,test,0,0.4946866035461426,0,clean,medium
/media/D1/ait_users/staff122/deepfake_project/outputs_deepfake_project/dfdc_subset_77_jpg/test/real/real_002304.jpg,real,test,0,0.23466525971889496,0,clean,medium
/media/D1/ait_users/staff122/deepfake_project/outputs_deepfake_project/dfdc_subset_77_jpg/test/real/real_002305.jpg,real,test,0,0.34564411640167236,0,clean,medium
/media/D1/ait_users/staff122/deepfake_project/outputs_deepfake_project/dfdc_subset_77_jpg/test/real/real_002306.jpg,real,test,0,0.2781463861465454,0,clean,medium
/media/D1/ait_users/staff122/deepfake_project/outputs_deepfake_project/dfdc_subset_77_jpg/test/real/real_002307.jpg,real,test,0,0.05866480991244316,0,clean,medium
/media/D1/ait_users/staff122/deepfake_project/outputs_deepfake_project/dfdc_subset_77_jpg/test/real/real_002308.jpg,real,test,0,0.07801602780818939,0,clean,medium
/media/D1/ait_users/staff122/deepfake_project/outputs_deepfake_project/dfdc_subset_77_jpg/test/real/real_002309.jpg,real,test,0,0.04396003857254982,0,clean,medium
/media/D1/ait_users/staff122/deepfake_project/outputs_deepfake_project/dfdc_subset_77_jpg/test/real/real_002310.jpg,real,test,0,0.2286204993724823,0,clean,medium
/media/D1/ait_users/staff122/deepfake_project/outputs_deepfake_project/dfdc_subset_77_jpg/test/real/real_002311.jpg,real,test,0,0.08056554198265076,0,clean,medium
/media/D1/ait_users/staff122/deepfake_project/outputs_deepfake_project/dfdc_subset_77_jpg/test/real/real_002312.jpg,real,test,0,0.11361723393201828,0,clean,medium
/media/D1/ait_users/staff122/deepfake_project/outputs_deepfake_project/dfdc_subset_77_jpg/test/real/real_002313.jpg,real,test,0,0.1016920655965805,0,clean,medium
/media/D1/ait_users/staff122/deepfake_project/outputs_deepfake_project/dfdc_subset_77_jpg/test/real/real_002314.jpg,real,test,0,0.25576624274253845,0,clean,medium
/media/D1/ait_users/staff122/deepfake_project/outputs_deepfake_project/dfdc_subset_77_jpg/test/real/real_002315.jpg,real,test,0,0.11487918347120285,0,clean,medium
/media/D1/ait_users/staff122/deepfake_project/outputs_deepfake_project/dfdc_subset_77_jpg/test/real/real_002316.jpg,real,test,0,0.05287562310695648,0,clean,medium
/media/D1/ait_users/staff122/deepfake_project/outputs_deepfake_project/dfdc_subset_77_jpg/test/real/real_002317.jpg,real,test,0,0.06905914843082428,0,clean,medium
/media/D1/ait_users/staff122/deepfake_project/outputs_deepfake_project/dfdc_subset_77_jpg/test/real/real_002318.jpg,real,test,0,0.6882466673851013,1,clean,medium
/media/D1/ait_users/staff122/deepfake_project/outputs_deepfake_project/dfdc_subset_77_jpg/test/real/real_002319.jpg,real,test,0,0.418407678604126,0,clean,medium
/media/D1/ait_users/staff122/deepfake_project/outputs_deepfake_project/dfdc_subset_77_jpg/test/real/real_002320.jpg,real,test,0,0.27086442708969116,0,clean,medium
/media/D1/ait_users/staff122/deepfake_project/outputs_deepfake_project/dfdc_subset_77_jpg/test/real/real_002321.jpg,real,test,0,0.014986707828938961,0,clean,medium
/media/D1/ait_users/staff122/deepfake_project/outputs_deepfake_project/dfdc_subset_77_jpg/test/real/real_002322.jpg,real,test,0,0.3214087188243866,0,clean,medium
/media/D1/ait_users/staff122/deepfake_project/outputs_deepfake_project/dfdc_subset_77_jpg/test/real/real_002323.jpg,real,test,0,0.6347034573554993,1,clean,medium
/media/D1/ait_users/staff122/deepfake_project/outputs_deepfake_project/dfdc_subset_77_jpg/test/real/real_002324.jpg,real,test,0,0.2688172161579132,0,clean,medium
/media/D1/ait_users/staff122/deepfake_project/outputs_deepfake_project/dfdc_subset_77_jpg/test/real/real_002325.jpg,real,test,0,0.47743523120880127,0,clean,medium
/media/D1/ait_users/staff122/deepfake_project/outputs_deepfake_project/dfdc_subset_77_jpg/test/real/real_002326.jpg,real,test,0,0.2233334183692932,0,clean,medium
/media/D1/ait_users/staff122/deepfake_project/outputs_deepfake_project/dfdc_subset_77_jpg/test/real/real_002327.jpg,real,test,0,0.1220356747508049,0,clean,medium
/media/D1/ait_users/staff122/deepfake_project/outputs_deepfake_project/dfdc_subset_77_jpg/test/real/real_002328.jpg,real,test,0,0.5827637314796448,1,clean,medium
/media/D1/ait_users/staff122/deepfake_project/outputs_deepfake_project/dfdc_subset_77_jpg/test/real/real_002329.jpg,real,test,0,0.390232652425766,0,clean,medium
/media/D1/ait_users/staff122/deepfake_project/outputs_deepfake_project/dfdc_subset_77_jpg/test/real/real_002330.jpg,real,test,0,0.013130283914506435,0,clean,medium
/media/D1/ait_users/staff122/deepfake_project/outputs_deepfake_project/dfdc_subset_77_jpg/test/real/real_002331.jpg,real,test,0,0.2564352750778198,0,clean,medium
/media/D1/ait_users/staff122/deepfake_project/outputs_deepfake_project/dfdc_subset_77_jpg/test/real/real_002332.jpg,real,test,0,0.3012666404247284,0,clean,medium
/media/D1/ait_users/staff122/deepfake_project/outputs_deepfake_project/dfdc_subset_77_jpg/test/real/real_002333.jpg,real,test,0,0.17923793196678162,0,clean,medium
/media/D1/ait_users/staff122/deepfake_project/outputs_deepfake_project/dfdc_subset_77_jpg/test/real/real_002334.jpg,real,test,0,0.04880913719534874,0,clean,medium
/media/D1/ait_users/staff122/deepfake_project/outputs_deepfake_project/dfdc_subset_77_jpg/test/real/real_002335.jpg,real,test,0,0.17537806928157806,0,clean,medium
/media/D1/ait_users/staff122/deepfake_project/outputs_deepfake_project/dfdc_subset_77_jpg/test/real/real_002336.jpg,real,test,0,0.055625755339860916,0,clean,medium
/media/D1/ait_users/staff122/deepfake_project/outputs_deepfake_project/dfdc_subset_77_jpg/test/real/real_002337.jpg,real,test,0,0.04462139308452606,0,clean,medium
/media/D1/ait_users/staff122/deepfake_project/outputs_deepfake_project/dfdc_subset_77_jpg/test/real/real_002338.jpg,real,test,0,0.14738227427005768,0,clean,medium
/media/D1/ait_users/staff122/deepfake_project/outputs_deepfake_project/dfdc_subset_77_jpg/test/real/real_002339.jpg,real,test,0,0.037550948560237885,0,clean,medium
/media/D1/ait_users/staff122/deepfake_project/outputs_deepfake_project/dfdc_subset_77_jpg/test/real/real_002340.jpg,real,test,0,0.12572841346263885,0,clean,medium
/media/D1/ait_users/staff122/deepfake_project/outputs_deepfake_project/dfdc_subset_77_jpg/test/real/real_002341.jpg,real,test,0,0.08523081988096237,0,clean,medium
/media/D1/ait_users/staff122/deepfake_project/outputs_deepfake_project/dfdc_subset_77_jpg/test/real/real_002342.jpg,real,test,0,0.058036740869283676,0,clean,medium
/media/D1/ait_users/staff122/deepfake_project/outputs_deepfake_project/dfdc_subset_77_jpg/test/real/real_002343.jpg,real,test,0,0.17156358063220978,0,clean,medium
/media/D1/ait_users/staff122/deepfake_project/outputs_deepfake_project/dfdc_subset_77_jpg/test/real/real_002344.jpg,real,test,0,0.04236370325088501,0,clean,medium
/media/D1/ait_users/staff122/deepfake_project/outputs_deepfake_project/dfdc_subset_77_jpg/test/real/real_002345.jpg,real,test,0,0.02545650489628315,0,clean,medium
/media/D1/ait_users/staff122/deepfake_project/outputs_deepfake_project/dfdc_subset_77_jpg/test/real/real_002346.jpg,real,test,0,0.04134272783994675,0,clean,medium
/media/D1/ait_users/staff122/deepfake_project/outputs_deepfake_project/dfdc_subset_77_jpg/test/real/real_002347.jpg,real,test,0,0.06776934117078781,0,clean,medium
/media/D1/ait_users/staff122/deepfake_project/outputs_deepfake_project/dfdc_subset_77_jpg/test/real/real_002348.jpg,real,test,0,0.12500642240047455,0,clean,medium
/media/D1/ait_users/staff122/deepfake_project/outputs_deepfake_project/dfdc_subset_77_jpg/test/real/real_002349.jpg,real,test,0,0.15404754877090454,0,clean,medium
/media/D1/ait_users/staff122/deepfake_project/outputs_deepfake_project/dfdc_subset_77_jpg/test/real/real_002350.jpg,real,test,0,0.12646055221557617,0,clean,medium
/media/D1/ait_users/staff122/deepfake_project/outputs_deepfake_project/dfdc_subset_77_jpg/test/real/real_002351.jpg,real,test,0,0.40319526195526123,0,clean,medium
/media/D1/ait_users/staff122/deepfake_project/outputs_deepfake_project/dfdc_subset_77_jpg/test/real/real_002352.jpg,real,test,0,0.09220557659864426,0,clean,medium
/media/D1/ait_users/staff122/deepfake_project/outputs_deepfake_project/dfdc_subset_77_jpg/test/real/real_002353.jpg,real,test,0,0.01938408985733986,0,clean,medium
/media/D1/ait_users/staff122/deepfake_project/outputs_deepfake_project/dfdc_subset_77_jpg/test/real/real_002354.jpg,real,test,0,0.06661782413721085,0,clean,medium
/media/D1/ait_users/staff122/deepfake_project/outputs_deepfake_project/dfdc_subset_77_jpg/test/real/real_002355.jpg,real,test,0,0.08921261131763458,0,clean,medium
/media/D1/ait_users/staff122/deepfake_project/outputs_deepfake_project/dfdc_subset_77_jpg/test/real/real_002356.jpg,real,test,0,0.152547687292099,0,clean,medium
/media/D1/ait_users/staff122/deepfake_project/outputs_deepfake_project/dfdc_subset_77_jpg/test/real/real_002357.jpg,real,test,0,0.19474786520004272,0,clean,medium
/media/D1/ait_users/staff122/deepfake_project/outputs_deepfake_project/dfdc_subset_77_jpg/test/real/real_002358.jpg,real,test,0,0.13624344766139984,0,clean,medium
/media/D1/ait_users/staff122/deepfake_project/outputs_deepfake_project/dfdc_subset_77_jpg/test/real/real_002359.jpg,real,test,0,0.05764182657003403,0,clean,medium
/media/D1/ait_users/staff122/deepfake_project/outputs_deepfake_project/dfdc_subset_77_jpg/test/real/real_002360.jpg,real,test,0,0.0662045106291771,0,clean,medium
/media/D1/ait_users/staff122/deepfake_project/outputs_deepfake_project/dfdc_subset_77_jpg/test/real/real_002361.jpg,real,test,0,0.028398701921105385,0,clean,medium
/media/D1/ait_users/staff122/deepfake_project/outputs_deepfake_project/dfdc_subset_77_jpg/test/real/real_002362.jpg,real,test,0,0.02064288593828678,0,clean,medium
/media/D1/ait_users/staff122/deepfake_project/outputs_deepfake_project/dfdc_subset_77_jpg/test/real/real_002363.jpg,real,test,0,0.08758808672428131,0,clean,medium
/media/D1/ait_users/staff122/deepfake_project/outputs_deepfake_project/dfdc_subset_77_jpg/test/real/real_002364.jpg,real,test,0,0.3728684186935425,0,clean,medium
/media/D1/ait_users/staff122/deepfake_project/outputs_deepfake_project/dfdc_subset_77_jpg/test/real/real_002365.jpg,real,test,0,0.03890153765678406,0,clean,medium
/media/D1/ait_users/staff122/deepfake_project/outputs_deepfake_project/dfdc_subset_77_jpg/test/real/real_002366.jpg,real,test,0,0.1791532337665558,0,clean,medium
/media/D1/ait_users/staff122/deepfake_project/outputs_deepfake_project/dfdc_subset_77_jpg/test/real/real_002367.jpg,real,test,0,0.027659837156534195,0,clean,medium
/media/D1/ait_users/staff122/deepfake_project/outputs_deepfake_project/dfdc_subset_77_jpg/test/real/real_002368.jpg,real,test,0,0.6148377060890198,1,clean,medium
/media/D1/ait_users/staff122/deepfake_project/outputs_deepfake_project/dfdc_subset_77_jpg/test/real/real_002369.jpg,real,test,0,0.934177577495575,1,clean,medium
/media/D1/ait_users/staff122/deepfake_project/outputs_deepfake_project/dfdc_subset_77_jpg/test/real/real_002370.jpg,real,test,0,0.41339558362960815,0,clean,medium
/media/D1/ait_users/staff122/deepfake_project/outputs_deepfake_project/dfdc_subset_77_jpg/test/real/real_002371.jpg,real,test,0,0.6409886479377747,1,clean,medium
/media/D1/ait_users/staff122/deepfake_project/outputs_deepfake_project/dfdc_subset_77_jpg/test/real/real_002372.jpg,real,test,0,0.5651682615280151,1,clean,medium
/media/D1/ait_users/staff122/deepfake_project/outputs_deepfake_project/dfdc_subset_77_jpg/test/real/real_002373.jpg,real,test,0,0.4144182503223419,0,clean,medium
/media/D1/ait_users/staff122/deepfake_project/outputs_deepfake_project/dfdc_subset_77_jpg/test/real/real_002374.jpg,real,test,0,0.1102350726723671,0,clean,medium
/media/D1/ait_users/staff122/deepfake_project/outputs_deepfake_project/dfdc_subset_77_jpg/test/real/real_002375.jpg,real,test,0,0.4199640154838562,0,clean,medium
/media/D1/ait_users/staff122/deepfake_project/outputs_deepfake_project/dfdc_subset_77_jpg/test/real/real_002376.jpg,real,test,0,0.12840765714645386,0,clean,medium
/media/D1/ait_users/staff122/deepfake_project/outputs_deepfake_project/dfdc_subset_77_jpg/test/real/real_002377.jpg,real,test,0,0.5563321709632874,1,clean,medium
/media/D1/ait_users/staff122/deepfake_project/outputs_deepfake_project/dfdc_subset_77_jpg/test/real/real_002378.jpg,real,test,0,0.9258254170417786,1,clean,medium
/media/D1/ait_users/staff122/deepfake_project/outputs_deepfake_project/dfdc_subset_77_jpg/test/real/real_002379.jpg,real,test,0,0.3028624653816223,0,clean,medium
/media/D1/ait_users/staff122/deepfake_project/outputs_deepfake_project/dfdc_subset_77_jpg/test/real/real_002380.jpg,real,test,0,0.9056122303009033,1,clean,medium
/media/D1/ait_users/staff122/deepfake_project/outputs_deepfake_project/dfdc_subset_77_jpg/test/real/real_002381.jpg,real,test,0,0.0935194194316864,0,clean,medium
/media/D1/ait_users/staff122/deepfake_project/outputs_deepfake_project/dfdc_subset_77_jpg/test/real/real_002382.jpg,real,test,0,0.9346590638160706,1,clean,medium
/media/D1/ait_users/staff122/deepfake_project/outputs_deepfake_project/dfdc_subset_77_jpg/test/real/real_002383.jpg,real,test,0,0.7291010022163391,1,clean,medium
/media/D1/ait_users/staff122/deepfake_project/outputs_deepfake_project/dfdc_subset_77_jpg/test/real/real_002384.jpg,real,test,0,0.5059369206428528,1,clean,medium
/media/D1/ait_users/staff122/deepfake_project/outputs_deepfake_project/dfdc_subset_77_jpg/test/real/real_002385.jpg,real,test,0,0.4014607071876526,0,clean,medium
/media/D1/ait_users/staff122/deepfake_project/outputs_deepfake_project/dfdc_subset_77_jpg/test/real/real_002386.jpg,real,test,0,0.6921154260635376,1,clean,medium
/media/D1/ait_users/staff122/deepfake_project/outputs_deepfake_project/dfdc_subset_77_jpg/test/real/real_002387.jpg,real,test,0,0.685030996799469,1,clean,medium
/media/D1/ait_users/staff122/deepfake_project/outputs_deepfake_project/dfdc_subset_77_jpg/test/real/real_002388.jpg,real,test,0,0.8640527129173279,1,clean,medium
/media/D1/ait_users/staff122/deepfake_project/outputs_deepfake_project/dfdc_subset_77_jpg/test/real/real_002389.jpg,real,test,0,0.4809257388114929,0,clean,medium
/media/D1/ait_users/staff122/deepfake_project/outputs_deepfake_project/dfdc_subset_77_jpg/test/real/real_002390.jpg,real,test,0,0.7828759551048279,1,clean,medium
/media/D1/ait_users/staff122/deepfake_project/outputs_deepfake_project/dfdc_subset_77_jpg/test/real/real_002391.jpg,real,test,0,0.5860239267349243,1,clean,medium
/media/D1/ait_users/staff122/deepfake_project/outputs_deepfake_project/dfdc_subset_77_jpg/test/real/real_002392.jpg,real,test,0,0.27537912130355835,0,clean,medium
/media/D1/ait_users/staff122/deepfake_project/outputs_deepfake_project/dfdc_subset_77_jpg/test/real/real_002393.jpg,real,test,0,0.6574602127075195,1,clean,medium
/media/D1/ait_users/staff122/deepfake_project/outputs_deepfake_project/dfdc_subset_77_jpg/test/real/real_002394.jpg,real,test,0,0.837980329990387,1,clean,medium
/media/D1/ait_users/staff122/deepfake_project/outputs_deepfake_project/dfdc_subset_77_jpg/test/real/real_002395.jpg,real,test,0,0.651088535785675,1,clean,medium
/media/D1/ait_users/staff122/deepfake_project/outputs_deepfake_project/dfdc_subset_77_jpg/test/real/real_002396.jpg,real,test,0,0.7115467190742493,1,clean,medium
/media/D1/ait_users/staff122/deepfake_project/outputs_deepfake_project/dfdc_subset_77_jpg/test/real/real_002397.jpg,real,test,0,0.6451987028121948,1,clean,medium
/media/D1/ait_users/staff122/deepfake_project/outputs_deepfake_project/dfdc_subset_77_jpg/test/real/real_002398.jpg,real,test,0,0.9324058294296265,1,clean,medium
/media/D1/ait_users/staff122/deepfake_project/outputs_deepfake_project/dfdc_subset_77_jpg/test/real/real_002399.jpg,real,test,0,0.6333775520324707,1,clean,medium
/media/D1/ait_users/staff122/deepfake_project/outputs_deepfake_project/dfdc_subset_77_jpg/test/real/real_002400.jpg,real,test,0,0.32425615191459656,0,clean,medium
/media/D1/ait_users/staff122/deepfake_project/outputs_deepfake_project/dfdc_subset_77_jpg/test/real/real_002401.jpg,real,test,0,0.08674384653568268,0,clean,medium
/media/D1/ait_users/staff122/deepfake_project/outputs_deepfake_project/dfdc_subset_77_jpg/test/real/real_002402.jpg,real,test,0,0.08513414114713669,0,clean,medium
/media/D1/ait_users/staff122/deepfake_project/outputs_deepfake_project/dfdc_subset_77_jpg/test/real/real_002403.jpg,real,test,0,0.5180577635765076,1,clean,medium
/media/D1/ait_users/staff122/deepfake_project/outputs_deepfake_project/dfdc_subset_77_jpg/test/real/real_002404.jpg,real,test,0,0.04569276422262192,0,clean,medium
/media/D1/ait_users/staff122/deepfake_project/outputs_deepfake_project/dfdc_subset_77_jpg/test/real/real_002405.jpg,real,test,0,0.6342861652374268,1,clean,medium
/media/D1/ait_users/staff122/deepfake_project/outputs_deepfake_project/dfdc_subset_77_jpg/test/real/real_002406.jpg,real,test,0,0.03806507959961891,0,clean,medium
/media/D1/ait_users/staff122/deepfake_project/outputs_deepfake_project/dfdc_subset_77_jpg/test/real/real_002407.jpg,real,test,0,0.21098026633262634,0,clean,medium
/media/D1/ait_users/staff122/deepfake_project/outputs_deepfake_project/dfdc_subset_77_jpg/test/real/real_002408.jpg,real,test,0,0.0668242797255516,0,clean,medium
/media/D1/ait_users/staff122/deepfake_project/outputs_deepfake_project/dfdc_subset_77_jpg/test/real/real_002409.jpg,real,test,0,0.07378417253494263,0,clean,medium
/media/D1/ait_users/staff122/deepfake_project/outputs_deepfake_project/dfdc_subset_77_jpg/test/real/real_002410.jpg,real,test,0,0.14120180904865265,0,clean,medium
/media/D1/ait_users/staff122/deepfake_project/outputs_deepfake_project/dfdc_subset_77_jpg/test/real/real_002411.jpg,real,test,0,0.06858738511800766,0,clean,medium
/media/D1/ait_users/staff122/deepfake_project/outputs_deepfake_project/dfdc_subset_77_jpg/test/real/real_002412.jpg,real,test,0,0.029198748990893364,0,clean,medium
/media/D1/ait_users/staff122/deepfake_project/outputs_deepfake_project/dfdc_subset_77_jpg/test/real/real_002413.jpg,real,test,0,0.22962574660778046,0,clean,medium
/media/D1/ait_users/staff122/deepfake_project/outputs_deepfake_project/dfdc_subset_77_jpg/test/real/real_002414.jpg,real,test,0,0.8034202456474304,1,clean,medium
/media/D1/ait_users/staff122/deepfake_project/outputs_deepfake_project/dfdc_subset_77_jpg/test/real/real_002415.jpg,real,test,0,0.13050445914268494,0,clean,medium
/media/D1/ait_users/staff122/deepfake_project/outputs_deepfake_project/dfdc_subset_77_jpg/test/real/real_002416.jpg,real,test,0,0.10517553240060806,0,clean,medium
/media/D1/ait_users/staff122/deepfake_project/outputs_deepfake_project/dfdc_subset_77_jpg/test/real/real_002417.jpg,real,test,0,0.057847123593091965,0,clean,medium
/media/D1/ait_users/staff122/deepfake_project/outputs_deepfake_project/dfdc_subset_77_jpg/test/real/real_002418.jpg,real,test,0,0.0610194206237793,0,clean,medium
/media/D1/ait_users/staff122/deepfake_project/outputs_deepfake_project/dfdc_subset_77_jpg/test/real/real_002419.jpg,real,test,0,0.04624580219388008,0,clean,medium
/media/D1/ait_users/staff122/deepfake_project/outputs_deepfake_project/dfdc_subset_77_jpg/test/real/real_002420.jpg,real,test,0,0.07346352189779282,0,clean,medium
/media/D1/ait_users/staff122/deepfake_project/outputs_deepfake_project/dfdc_subset_77_jpg/test/real/real_002421.jpg,real,test,0,0.12106914073228836,0,clean,medium
/media/D1/ait_users/staff122/deepfake_project/outputs_deepfake_project/dfdc_subset_77_jpg/test/real/real_002422.jpg,real,test,0,0.11149942129850388,0,clean,medium
/media/D1/ait_users/staff122/deepfake_project/outputs_deepfake_project/dfdc_subset_77_jpg/test/real/real_002423.jpg,real,test,0,0.1483488827943802,0,clean,medium
/media/D1/ait_users/staff122/deepfake_project/outputs_deepfake_project/dfdc_subset_77_jpg/test/real/real_002424.jpg,real,test,0,0.02327016368508339,0,clean,medium
/media/D1/ait_users/staff122/deepfake_project/outputs_deepfake_project/dfdc_subset_77_jpg/test/real/real_002425.jpg,real,test,0,0.2472420185804367,0,clean,medium
/media/D1/ait_users/staff122/deepfake_project/outputs_deepfake_project/dfdc_subset_77_jpg/test/real/real_002426.jpg,real,test,0,0.19541390240192413,0,clean,medium
/media/D1/ait_users/staff122/deepfake_project/outputs_deepfake_project/dfdc_subset_77_jpg/test/real/real_002427.jpg,real,test,0,0.011173352599143982,0,clean,medium
/media/D1/ait_users/staff122/deepfake_project/outputs_deepfake_project/dfdc_subset_77_jpg/test/real/real_002428.jpg,real,test,0,0.02378113754093647,0,clean,medium
/media/D1/ait_users/staff122/deepfake_project/outputs_deepfake_project/dfdc_subset_77_jpg/test/real/real_002429.jpg,real,test,0,0.07090938836336136,0,clean,medium
/media/D1/ait_users/staff122/deepfake_project/outputs_deepfake_project/dfdc_subset_77_jpg/test/real/real_002430.jpg,real,test,0,0.08233822882175446,0,clean,medium
/media/D1/ait_users/staff122/deepfake_project/outputs_deepfake_project/dfdc_subset_77_jpg/test/real/real_002431.jpg,real,test,0,0.013298255391418934,0,clean,medium
/media/D1/ait_users/staff122/deepfake_project/outputs_deepfake_project/dfdc_subset_77_jpg/test/real/real_002432.jpg,real,test,0,0.5308392643928528,1,clean,medium
/media/D1/ait_users/staff122/deepfake_project/outputs_deepfake_project/dfdc_subset_77_jpg/test/real/real_002433.jpg,real,test,0,0.1107049286365509,0,clean,medium
/media/D1/ait_users/staff122/deepfake_project/outputs_deepfake_project/dfdc_subset_77_jpg/test/real/real_002434.jpg,real,test,0,0.1509508341550827,0,clean,medium
/media/D1/ait_users/staff122/deepfake_project/outputs_deepfake_project/dfdc_subset_77_jpg/test/real/real_002435.jpg,real,test,0,0.0978478342294693,0,clean,medium
/media/D1/ait_users/staff122/deepfake_project/outputs_deepfake_project/dfdc_subset_77_jpg/test/real/real_002436.jpg,real,test,0,0.42290598154067993,0,clean,medium
/media/D1/ait_users/staff122/deepfake_project/outputs_deepfake_project/dfdc_subset_77_jpg/test/real/real_002437.jpg,real,test,0,0.6892073154449463,1,clean,medium
/media/D1/ait_users/staff122/deepfake_project/outputs_deepfake_project/dfdc_subset_77_jpg/test/real/real_002438.jpg,real,test,0,0.09724395722150803,0,clean,medium
/media/D1/ait_users/staff122/deepfake_project/outputs_deepfake_project/dfdc_subset_77_jpg/test/real/real_002439.jpg,real,test,0,0.7171712517738342,1,clean,medium
/media/D1/ait_users/staff122/deepfake_project/outputs_deepfake_project/dfdc_subset_77_jpg/test/real/real_002440.jpg,real,test,0,0.22603611648082733,0,clean,medium
/media/D1/ait_users/staff122/deepfake_project/outputs_deepfake_project/dfdc_subset_77_jpg/test/real/real_002441.jpg,real,test,0,0.10228046774864197,0,clean,medium
/media/D1/ait_users/staff122/deepfake_project/outputs_deepfake_project/dfdc_subset_77_jpg/test/real/real_002442.jpg,real,test,0,0.07509741187095642,0,clean,medium
/media/D1/ait_users/staff122/deepfake_project/outputs_deepfake_project/dfdc_subset_77_jpg/test/real/real_002443.jpg,real,test,0,0.5096687078475952,1,clean,medium
/media/D1/ait_users/staff122/deepfake_project/outputs_deepfake_project/dfdc_subset_77_jpg/test/real/real_002444.jpg,real,test,0,0.4836151599884033,0,clean,medium
/media/D1/ait_users/staff122/deepfake_project/outputs_deepfake_project/dfdc_subset_77_jpg/test/real/real_002445.jpg,real,test,0,0.5166478157043457,1,clean,medium
/media/D1/ait_users/staff122/deepfake_project/outputs_deepfake_project/dfdc_subset_77_jpg/test/real/real_002446.jpg,real,test,0,0.14389905333518982,0,clean,medium
/media/D1/ait_users/staff122/deepfake_project/outputs_deepfake_project/dfdc_subset_77_jpg/test/real/real_002447.jpg,real,test,0,0.36714285612106323,0,clean,medium
/media/D1/ait_users/staff122/deepfake_project/outputs_deepfake_project/dfdc_subset_77_jpg/test/real/real_002448.jpg,real,test,0,0.5248813033103943,1,clean,medium
/media/D1/ait_users/staff122/deepfake_project/outputs_deepfake_project/dfdc_subset_77_jpg/test/real/real_002449.jpg,real,test,0,0.1513155996799469,0,clean,medium
/media/D1/ait_users/staff122/deepfake_project/outputs_deepfake_project/dfdc_subset_77_jpg/test/real/real_002450.jpg,real,test,0,0.46062520146369934,0,clean,medium
/media/D1/ait_users/staff122/deepfake_project/outputs_deepfake_project/dfdc_subset_77_jpg/test/real/real_002451.jpg,real,test,0,0.13962100446224213,0,clean,medium
/media/D1/ait_users/staff122/deepfake_project/outputs_deepfake_project/dfdc_subset_77_jpg/test/real/real_002452.jpg,real,test,0,0.16119402647018433,0,clean,medium
/media/D1/ait_users/staff122/deepfake_project/outputs_deepfake_project/dfdc_subset_77_jpg/test/real/real_002453.jpg,real,test,0,0.3937709331512451,0,clean,medium
/media/D1/ait_users/staff122/deepfake_project/outputs_deepfake_project/dfdc_subset_77_jpg/test/real/real_002454.jpg,real,test,0,0.43114107847213745,0,clean,medium
/media/D1/ait_users/staff122/deepfake_project/outputs_deepfake_project/dfdc_subset_77_jpg/test/real/real_002455.jpg,real,test,0,0.4135935604572296,0,clean,medium
/media/D1/ait_users/staff122/deepfake_project/outputs_deepfake_project/dfdc_subset_77_jpg/test/real/real_002456.jpg,real,test,0,0.4948224425315857,0,clean,medium
/media/D1/ait_users/staff122/deepfake_project/outputs_deepfake_project/dfdc_subset_77_jpg/test/real/real_002457.jpg,real,test,0,0.7076171040534973,1,clean,medium
/media/D1/ait_users/staff122/deepfake_project/outputs_deepfake_project/dfdc_subset_77_jpg/test/real/real_002458.jpg,real,test,0,0.6761163473129272,1,clean,medium
/media/D1/ait_users/staff122/deepfake_project/outputs_deepfake_project/dfdc_subset_77_jpg/test/real/real_002459.jpg,real,test,0,0.08873873949050903,0,clean,medium
/media/D1/ait_users/staff122/deepfake_project/outputs_deepfake_project/dfdc_subset_77_jpg/test/real/real_002460.jpg,real,test,0,0.41323086619377136,0,clean,medium
/media/D1/ait_users/staff122/deepfake_project/outputs_deepfake_project/dfdc_subset_77_jpg/test/real/real_002461.jpg,real,test,0,0.4041745662689209,0,clean,medium
/media/D1/ait_users/staff122/deepfake_project/outputs_deepfake_project/dfdc_subset_77_jpg/test/real/real_002462.jpg,real,test,0,0.4082924723625183,0,clean,medium
/media/D1/ait_users/staff122/deepfake_project/outputs_deepfake_project/dfdc_subset_77_jpg/test/real/real_002463.jpg,real,test,0,0.2086382657289505,0,clean,medium
/media/D1/ait_users/staff122/deepfake_project/outputs_deepfake_project/dfdc_subset_77_jpg/test/fake/fake_000000.jpg,fake,test,1,0.16186246275901794,0,clean,medium
/media/D1/ait_users/staff122/deepfake_project/outputs_deepfake_project/dfdc_subset_77_jpg/test/fake/fake_000001.jpg,fake,test,1,0.8462898135185242,1,clean,medium
/media/D1/ait_users/staff122/deepfake_project/outputs_deepfake_project/dfdc_subset_77_jpg/test/fake/fake_000002.jpg,fake,test,1,0.599814236164093,1,clean,medium
/media/D1/ait_users/staff122/deepfake_project/outputs_deepfake_project/dfdc_subset_77_jpg/test/fake/fake_000003.jpg,fake,test,1,0.1561703383922577,0,clean,medium
/media/D1/ait_users/staff122/deepfake_project/outputs_deepfake_project/dfdc_subset_77_jpg/test/fake/fake_000004.jpg,fake,test,1,0.6893813014030457,1,clean,medium
/media/D1/ait_users/staff122/deepfake_project/outputs_deepfake_project/dfdc_subset_77_jpg/test/fake/fake_000005.jpg,fake,test,1,0.40999484062194824,0,clean,medium
/media/D1/ait_users/staff122/deepfake_project/outputs_deepfake_project/dfdc_subset_77_jpg/test/fake/fake_000006.jpg,fake,test,1,0.7566782832145691,1,clean,medium
/media/D1/ait_users/staff122/deepfake_project/outputs_deepfake_project/dfdc_subset_77_jpg/test/fake/fake_000007.jpg,fake,test,1,0.32746216654777527,0,clean,medium
/media/D1/ait_users/staff122/deepfake_project/outputs_deepfake_project/dfdc_subset_77_jpg/test/fake/fake_000008.jpg,fake,test,1,0.29587748646736145,0,clean,medium
/media/D1/ait_users/staff122/deepfake_project/outputs_deepfake_project/dfdc_subset_77_jpg/test/fake/fake_000009.jpg,fake,test,1,0.4191931486129761,0,clean,medium
/media/D1/ait_users/staff122/deepfake_project/outputs_deepfake_project/dfdc_subset_77_jpg/test/fake/fake_000010.jpg,fake,test,1,0.9230369925498962,1,clean,medium
/media/D1/ait_users/staff122/deepfake_project/outputs_deepfake_project/dfdc_subset_77_jpg/test/fake/fake_000011.jpg,fake,test,1,0.43946459889411926,0,clean,medium
/media/D1/ait_users/staff122/deepfake_project/outputs_deepfake_project/dfdc_subset_77_jpg/test/fake/fake_000012.jpg,fake,test,1,0.2439412921667099,0,clean,medium
/media/D1/ait_users/staff122/deepfake_project/outputs_deepfake_project/dfdc_subset_77_jpg/test/fake/fake_000013.jpg,fake,test,1,0.9019969701766968,1,clean,medium
/media/D1/ait_users/staff122/deepfake_project/outputs_deepfake_project/dfdc_subset_77_jpg/test/fake/fake_000014.jpg,fake,test,1,0.9376310706138611,1,clean,medium
/media/D1/ait_users/staff122/deepfake_project/outputs_deepfake_project/dfdc_subset_77_jpg/test/fake/fake_000015.jpg,fake,test,1,0.33459705114364624,0,clean,medium
/media/D1/ait_users/staff122/deepfake_project/outputs_deepfake_project/dfdc_subset_77_jpg/test/fake/fake_000016.jpg,fake,test,1,0.9032751321792603,1,clean,medium
/media/D1/ait_users/staff122/deepfake_project/outputs_deepfake_project/dfdc_subset_77_jpg/test/fake/fake_000017.jpg,fake,test,1,0.1765441596508026,0,clean,medium
/media/D1/ait_users/staff122/deepfake_project/outputs_deepfake_project/dfdc_subset_77_jpg/test/fake/fake_000018.jpg,fake,test,1,0.3682136833667755,0,clean,medium
/media/D1/ait_users/staff122/deepfake_project/outputs_deepfake_project/dfdc_subset_77_jpg/test/fake/fake_000019.jpg,fake,test,1,0.576836109161377,1,clean,medium
/media/D1/ait_users/staff122/deepfake_project/outputs_deepfake_project/dfdc_subset_77_jpg/test/fake/fake_000020.jpg,fake,test,1,0.33360111713409424,0,clean,medium
/media/D1/ait_users/staff122/deepfake_project/outputs_deepfake_project/dfdc_subset_77_jpg/test/fake/fake_000021.jpg,fake,test,1,0.33182576298713684,0,clean,medium
/media/D1/ait_users/staff122/deepfake_project/outputs_deepfake_project/dfdc_subset_77_jpg/test/fake/fake_000022.jpg,fake,test,1,0.31179729104042053,0,clean,medium
/media/D1/ait_users/staff122/deepfake_project/outputs_deepfake_project/dfdc_subset_77_jpg/test/fake/fake_000023.jpg,fake,test,1,0.16010339558124542,0,clean,medium
/media/D1/ait_users/staff122/deepfake_project/outputs_deepfake_project/dfdc_subset_77_jpg/test/fake/fake_000024.jpg,fake,test,1,0.1328650414943695,0,clean,medium
/media/D1/ait_users/staff122/deepfake_project/outputs_deepfake_project/dfdc_subset_77_jpg/test/fake/fake_000025.jpg,fake,test,1,0.11005294322967529,0,clean,medium
/media/D1/ait_users/staff122/deepfake_project/outputs_deepfake_project/dfdc_subset_77_jpg/test/fake/fake_000026.jpg,fake,test,1,0.392787367105484,0,clean,medium
/media/D1/ait_users/staff122/deepfake_project/outputs_deepfake_project/dfdc_subset_77_jpg/test/fake/fake_000027.jpg,fake,test,1,0.34828436374664307,0,clean,medium
/media/D1/ait_users/staff122/deepfake_project/outputs_deepfake_project/dfdc_subset_77_jpg/test/fake/fake_000028.jpg,fake,test,1,0.28329208493232727,0,clean,medium
/media/D1/ait_users/staff122/deepfake_project/outputs_deepfake_project/dfdc_subset_77_jpg/test/fake/fake_000029.jpg,fake,test,1,0.6460874080657959,1,clean,medium
/media/D1/ait_users/staff122/deepfake_project/outputs_deepfake_project/dfdc_subset_77_jpg/test/fake/fake_000030.jpg,fake,test,1,0.10207072645425797,0,clean,medium
/media/D1/ait_users/staff122/deepfake_project/outputs_deepfake_project/dfdc_subset_77_jpg/test/fake/fake_000031.jpg,fake,test,1,0.42651820182800293,0,clean,medium
/media/D1/ait_users/staff122/deepfake_project/outputs_deepfake_project/dfdc_subset_77_jpg/test/fake/fake_000032.jpg,fake,test,1,0.7869125604629517,1,clean,medium
/media/D1/ait_users/staff122/deepfake_project/outputs_deepfake_project/dfdc_subset_77_jpg/test/fake/fake_000033.jpg,fake,test,1,0.06166648119688034,0,clean,medium
/media/D1/ait_users/staff122/deepfake_project/outputs_deepfake_project/dfdc_subset_77_jpg/test/fake/fake_000034.jpg,fake,test,1,0.23650285601615906,0,clean,medium
/media/D1/ait_users/staff122/deepfake_project/outputs_deepfake_project/dfdc_subset_77_jpg/test/fake/fake_000035.jpg,fake,test,1,0.0667666643857956,0,clean,medium
/media/D1/ait_users/staff122/deepfake_project/outputs_deepfake_project/dfdc_subset_77_jpg/test/fake/fake_000036.jpg,fake,test,1,0.22326715290546417,0,clean,medium
/media/D1/ait_users/staff122/deepfake_project/outputs_deepfake_project/dfdc_subset_77_jpg/test/fake/fake_000037.jpg,fake,test,1,0.43271327018737793,0,clean,medium
/media/D1/ait_users/staff122/deepfake_project/outputs_deepfake_project/dfdc_subset_77_jpg/test/fake/fake_000038.jpg,fake,test,1,0.3366907835006714,0,clean,medium
/media/D1/ait_users/staff122/deepfake_project/outputs_deepfake_project/dfdc_subset_77_jpg/test/fake/fake_000039.jpg,fake,test,1,0.39489853382110596,0,clean,medium
/media/D1/ait_users/staff122/deepfake_project/outputs_deepfake_project/dfdc_subset_77_jpg/test/fake/fake_000040.jpg,fake,test,1,0.39555761218070984,0,clean,medium
/media/D1/ait_users/staff122/deepfake_project/outputs_deepfake_project/dfdc_subset_77_jpg/test/fake/fake_000041.jpg,fake,test,1,0.31793954968452454,0,clean,medium
/media/D1/ait_users/staff122/deepfake_project/outputs_deepfake_project/dfdc_subset_77_jpg/test/fake/fake_000042.jpg,fake,test,1,0.2901332676410675,0,clean,medium
/media/D1/ait_users/staff122/deepfake_project/outputs_deepfake_project/dfdc_subset_77_jpg/test/fake/fake_000043.jpg,fake,test,1,0.25366508960723877,0,clean,medium
/media/D1/ait_users/staff122/deepfake_project/outputs_deepfake_project/dfdc_subset_77_jpg/test/fake/fake_000044.jpg,fake,test,1,0.5752640962600708,1,clean,medium
/media/D1/ait_users/staff122/deepfake_project/outputs_deepfake_project/dfdc_subset_77_jpg/test/fake/fake_000045.jpg,fake,test,1,0.8378998041152954,1,clean,medium
/media/D1/ait_users/staff122/deepfake_project/outputs_deepfake_project/dfdc_subset_77_jpg/test/fake/fake_000046.jpg,fake,test,1,0.14882409572601318,0,clean,medium
/media/D1/ait_users/staff122/deepfake_project/outputs_deepfake_project/dfdc_subset_77_jpg/test/fake/fake_000047.jpg,fake,test,1,0.913129448890686,1,clean,medium
/media/D1/ait_users/staff122/deepfake_project/outputs_deepfake_project/dfdc_subset_77_jpg/test/fake/fake_000048.jpg,fake,test,1,0.12487675249576569,0,clean,medium
/media/D1/ait_users/staff122/deepfake_project/outputs_deepfake_project/dfdc_subset_77_jpg/test/fake/fake_000049.jpg,fake,test,1,0.31852272152900696,0,clean,medium
/media/D1/ait_users/staff122/deepfake_project/outputs_deepfake_project/dfdc_subset_77_jpg/test/fake/fake_000050.jpg,fake,test,1,0.5171053409576416,1,clean,medium
/media/D1/ait_users/staff122/deepfake_project/outputs_deepfake_project/dfdc_subset_77_jpg/test/fake/fake_000051.jpg,fake,test,1,0.5450786352157593,1,clean,medium
/media/D1/ait_users/staff122/deepfake_project/outputs_deepfake_project/dfdc_subset_77_jpg/test/fake/fake_000052.jpg,fake,test,1,0.2155599147081375,0,clean,medium
/media/D1/ait_users/staff122/deepfake_project/outputs_deepfake_project/dfdc_subset_77_jpg/test/fake/fake_000053.jpg,fake,test,1,0.3313118517398834,0,clean,medium
/media/D1/ait_users/staff122/deepfake_project/outputs_deepfake_project/dfdc_subset_77_jpg/test/fake/fake_000054.jpg,fake,test,1,0.03882429003715515,0,clean,medium
/media/D1/ait_users/staff122/deepfake_project/outputs_deepfake_project/dfdc_subset_77_jpg/test/fake/fake_000055.jpg,fake,test,1,0.5679705142974854,1,clean,medium
/media/D1/ait_users/staff122/deepfake_project/outputs_deepfake_project/dfdc_subset_77_jpg/test/fake/fake_000056.jpg,fake,test,1,0.8730424046516418,1,clean,medium
/media/D1/ait_users/staff122/deepfake_project/outputs_deepfake_project/dfdc_subset_77_jpg/test/fake/fake_000057.jpg,fake,test,1,0.19229361414909363,0,clean,medium
/media/D1/ait_users/staff122/deepfake_project/outputs_deepfake_project/dfdc_subset_77_jpg/test/fake/fake_000058.jpg,fake,test,1,0.18238826096057892,0,clean,medium
/media/D1/ait_users/staff122/deepfake_project/outputs_deepfake_project/dfdc_subset_77_jpg/test/fake/fake_000059.jpg,fake,test,1,0.17395152151584625,0,clean,medium
/media/D1/ait_users/staff122/deepfake_project/outputs_deepfake_project/dfdc_subset_77_jpg/test/fake/fake_000060.jpg,fake,test,1,0.10139542073011398,0,clean,medium
/media/D1/ait_users/staff122/deepfake_project/outputs_deepfake_project/dfdc_subset_77_jpg/test/fake/fake_000061.jpg,fake,test,1,0.2962701916694641,0,clean,medium
/media/D1/ait_users/staff122/deepfake_project/outputs_deepfake_project/dfdc_subset_77_jpg/test/fake/fake_000062.jpg,fake,test,1,0.33582794666290283,0,clean,medium
/media/D1/ait_users/staff122/deepfake_project/outputs_deepfake_project/dfdc_subset_77_jpg/test/fake/fake_000063.jpg,fake,test,1,0.3449360728263855,0,clean,medium
/media/D1/ait_users/staff122/deepfake_project/outputs_deepfake_project/dfdc_subset_77_jpg/test/fake/fake_000064.jpg,fake,test,1,0.9072198271751404,1,clean,medium
/media/D1/ait_users/staff122/deepfake_project/outputs_deepfake_project/dfdc_subset_77_jpg/test/fake/fake_000065.jpg,fake,test,1,0.9814534187316895,1,clean,medium
/media/D1/ait_users/staff122/deepfake_project/outputs_deepfake_project/dfdc_subset_77_jpg/test/fake/fake_000066.jpg,fake,test,1,0.9054144620895386,1,clean,medium
/media/D1/ait_users/staff122/deepfake_project/outputs_deepfake_project/dfdc_subset_77_jpg/test/fake/fake_000067.jpg,fake,test,1,0.17163024842739105,0,clean,medium
/media/D1/ait_users/staff122/deepfake_project/outputs_deepfake_project/dfdc_subset_77_jpg/test/fake/fake_000068.jpg,fake,test,1,0.6958052515983582,1,clean,medium
/media/D1/ait_users/staff122/deepfake_project/outputs_deepfake_project/dfdc_subset_77_jpg/test/fake/fake_000069.jpg,fake,test,1,0.5807838439941406,1,clean,medium
/media/D1/ait_users/staff122/deepfake_project/outputs_deepfake_project/dfdc_subset_77_jpg/test/fake/fake_000070.jpg,fake,test,1,0.40808752179145813,0,clean,medium
/media/D1/ait_users/staff122/deepfake_project/outputs_deepfake_project/dfdc_subset_77_jpg/test/fake/fake_000071.jpg,fake,test,1,0.769000768661499,1,clean,medium
/media/D1/ait_users/staff122/deepfake_project/outputs_deepfake_project/dfdc_subset_77_jpg/test/fake/fake_000072.jpg,fake,test,1,0.9238418936729431,1,clean,medium
/media/D1/ait_users/staff122/deepfake_project/outputs_deepfake_project/dfdc_subset_77_jpg/test/fake/fake_000073.jpg,fake,test,1,0.25555428862571716,0,clean,medium
/media/D1/ait_users/staff122/deepfake_project/outputs_deepfake_project/dfdc_subset_77_jpg/test/fake/fake_000074.jpg,fake,test,1,0.429848849773407,0,clean,medium
/media/D1/ait_users/staff122/deepfake_project/outputs_deepfake_project/dfdc_subset_77_jpg/test/fake/fake_000075.jpg,fake,test,1,0.9861378073692322,1,clean,medium
/media/D1/ait_users/staff122/deepfake_project/outputs_deepfake_project/dfdc_subset_77_jpg/test/fake/fake_000076.jpg,fake,test,1,0.7602401971817017,1,clean,medium
/media/D1/ait_users/staff122/deepfake_project/outputs_deepfake_project/dfdc_subset_77_jpg/test/fake/fake_000077.jpg,fake,test,1,0.9346158504486084,1,clean,medium
/media/D1/ait_users/staff122/deepfake_project/outputs_deepfake_project/dfdc_subset_77_jpg/test/fake/fake_000078.jpg,fake,test,1,0.9537819027900696,1,clean,medium
/media/D1/ait_users/staff122/deepfake_project/outputs_deepfake_project/dfdc_subset_77_jpg/test/fake/fake_000079.jpg,fake,test,1,0.7414832711219788,1,clean,medium
/media/D1/ait_users/staff122/deepfake_project/outputs_deepfake_project/dfdc_subset_77_jpg/test/fake/fake_000080.jpg,fake,test,1,0.9651946425437927,1,clean,medium
/media/D1/ait_users/staff122/deepfake_project/outputs_deepfake_project/dfdc_subset_77_jpg/test/fake/fake_000081.jpg,fake,test,1,0.8552273511886597,1,clean,medium
/media/D1/ait_users/staff122/deepfake_project/outputs_deepfake_project/dfdc_subset_77_jpg/test/fake/fake_000082.jpg,fake,test,1,0.8124255537986755,1,clean,medium
/media/D1/ait_users/staff122/deepfake_project/outputs_deepfake_project/dfdc_subset_77_jpg/test/fake/fake_000083.jpg,fake,test,1,0.8810243606567383,1,clean,medium
/media/D1/ait_users/staff122/deepfake_project/outputs_deepfake_project/dfdc_subset_77_jpg/test/fake/fake_000084.jpg,fake,test,1,0.9698787927627563,1,clean,medium
/media/D1/ait_users/staff122/deepfake_project/outputs_deepfake_project/dfdc_subset_77_jpg/test/fake/fake_000085.jpg,fake,test,1,0.8257303833961487,1,clean,medium
/media/D1/ait_users/staff122/deepfake_project/outputs_deepfake_project/dfdc_subset_77_jpg/test/fake/fake_000086.jpg,fake,test,1,0.8821278214454651,1,clean,medium
/media/D1/ait_users/staff122/deepfake_project/outputs_deepfake_project/dfdc_subset_77_jpg/test/fake/fake_000087.jpg,fake,test,1,0.4497240483760834,0,clean,medium
/media/D1/ait_users/staff122/deepfake_project/outputs_deepfake_project/dfdc_subset_77_jpg/test/fake/fake_000088.jpg,fake,test,1,0.660088062286377,1,clean,medium
/media/D1/ait_users/staff122/deepfake_project/outputs_deepfake_project/dfdc_subset_77_jpg/test/fake/fake_000089.jpg,fake,test,1,0.9573501944541931,1,clean,medium
/media/D1/ait_users/staff122/deepfake_project/outputs_deepfake_project/dfdc_subset_77_jpg/test/fake/fake_000090.jpg,fake,test,1,0.5210561752319336,1,clean,medium
/media/D1/ait_users/staff122/deepfake_project/outputs_deepfake_project/dfdc_subset_77_jpg/test/fake/fake_000091.jpg,fake,test,1,0.7748242020606995,1,clean,medium
/media/D1/ait_users/staff122/deepfake_project/outputs_deepfake_project/dfdc_subset_77_jpg/test/fake/fake_000092.jpg,fake,test,1,0.4544699788093567,0,clean,medium
/media/D1/ait_users/staff122/deepfake_project/outputs_deepfake_project/dfdc_subset_77_jpg/test/fake/fake_000093.jpg,fake,test,1,0.33486297726631165,0,clean,medium
/media/D1/ait_users/staff122/deepfake_project/outputs_deepfake_project/dfdc_subset_77_jpg/test/fake/fake_000094.jpg,fake,test,1,0.5361207127571106,1,clean,medium
/media/D1/ait_users/staff122/deepfake_project/outputs_deepfake_project/dfdc_subset_77_jpg/test/fake/fake_000095.jpg,fake,test,1,0.9528294801712036,1,clean,medium
/media/D1/ait_users/staff122/deepfake_project/outputs_deepfake_project/dfdc_subset_77_jpg/test/fake/fake_000096.jpg,fake,test,1,0.16844627261161804,0,clean,medium
/media/D1/ait_users/staff122/deepfake_project/outputs_deepfake_project/dfdc_subset_77_jpg/test/fake/fake_000097.jpg,fake,test,1,0.14199580252170563,0,clean,medium
/media/D1/ait_users/staff122/deepfake_project/outputs_deepfake_project/dfdc_subset_77_jpg/test/fake/fake_000098.jpg,fake,test,1,0.15245535969734192,0,clean,medium
/media/D1/ait_users/staff122/deepfake_project/outputs_deepfake_project/dfdc_subset_77_jpg/test/fake/fake_000099.jpg,fake,test,1,0.2862607538700104,0,clean,medium
/media/D1/ait_users/staff122/deepfake_project/outputs_deepfake_project/dfdc_subset_77_jpg/test/fake/fake_000100.jpg,fake,test,1,0.8014854788780212,1,clean,medium
/media/D1/ait_users/staff122/deepfake_project/outputs_deepfake_project/dfdc_subset_77_jpg/test/fake/fake_000101.jpg,fake,test,1,0.978245198726654,1,clean,medium
/media/D1/ait_users/staff122/deepfake_project/outputs_deepfake_project/dfdc_subset_77_jpg/test/fake/fake_000102.jpg,fake,test,1,0.9609441161155701,1,clean,medium
/media/D1/ait_users/staff122/deepfake_project/outputs_deepfake_project/dfdc_subset_77_jpg/test/fake/fake_000103.jpg,fake,test,1,0.9643749594688416,1,clean,medium
/media/D1/ait_users/staff122/deepfake_project/outputs_deepfake_project/dfdc_subset_77_jpg/test/fake/fake_000104.jpg,fake,test,1,0.9899147748947144,1,clean,medium
/media/D1/ait_users/staff122/deepfake_project/outputs_deepfake_project/dfdc_subset_77_jpg/test/fake/fake_000105.jpg,fake,test,1,0.9934326410293579,1,clean,medium
/media/D1/ait_users/staff122/deepfake_project/outputs_deepfake_project/dfdc_subset_77_jpg/test/fake/fake_000106.jpg,fake,test,1,0.9934472441673279,1,clean,medium
/media/D1/ait_users/staff122/deepfake_project/outputs_deepfake_project/dfdc_subset_77_jpg/test/fake/fake_000107.jpg,fake,test,1,0.9979087114334106,1,clean,medium
/media/D1/ait_users/staff122/deepfake_project/outputs_deepfake_project/dfdc_subset_77_jpg/test/fake/fake_000108.jpg,fake,test,1,0.972569465637207,1,clean,medium
/media/D1/ait_users/staff122/deepfake_project/outputs_deepfake_project/dfdc_subset_77_jpg/test/fake/fake_000109.jpg,fake,test,1,0.9527313709259033,1,clean,medium
/media/D1/ait_users/staff122/deepfake_project/outputs_deepfake_project/dfdc_subset_77_jpg/test/fake/fake_000110.jpg,fake,test,1,0.9559593200683594,1,clean,medium
/media/D1/ait_users/staff122/deepfake_project/outputs_deepfake_project/dfdc_subset_77_jpg/test/fake/fake_000111.jpg,fake,test,1,0.9858651161193848,1,clean,medium
/media/D1/ait_users/staff122/deepfake_project/outputs_deepfake_project/dfdc_subset_77_jpg/test/fake/fake_000112.jpg,fake,test,1,0.9281687140464783,1,clean,medium
/media/D1/ait_users/staff122/deepfake_project/outputs_deepfake_project/dfdc_subset_77_jpg/test/fake/fake_000113.jpg,fake,test,1,0.87945556640625,1,clean,medium
/media/D1/ait_users/staff122/deepfake_project/outputs_deepfake_project/dfdc_subset_77_jpg/test/fake/fake_000114.jpg,fake,test,1,0.4310730993747711,0,clean,medium
/media/D1/ait_users/staff122/deepfake_project/outputs_deepfake_project/dfdc_subset_77_jpg/test/fake/fake_000115.jpg,fake,test,1,0.5104736089706421,1,clean,medium
/media/D1/ait_users/staff122/deepfake_project/outputs_deepfake_project/dfdc_subset_77_jpg/test/fake/fake_000116.jpg,fake,test,1,0.7947403192520142,1,clean,medium
/media/D1/ait_users/staff122/deepfake_project/outputs_deepfake_project/dfdc_subset_77_jpg/test/fake/fake_000117.jpg,fake,test,1,0.8809597492218018,1,clean,medium
/media/D1/ait_users/staff122/deepfake_project/outputs_deepfake_project/dfdc_subset_77_jpg/test/fake/fake_000118.jpg,fake,test,1,0.934726357460022,1,clean,medium
/media/D1/ait_users/staff122/deepfake_project/outputs_deepfake_project/dfdc_subset_77_jpg/test/fake/fake_000119.jpg,fake,test,1,0.9260526299476624,1,clean,medium
/media/D1/ait_users/staff122/deepfake_project/outputs_deepfake_project/dfdc_subset_77_jpg/test/fake/fake_000120.jpg,fake,test,1,0.9432680010795593,1,clean,medium
/media/D1/ait_users/staff122/deepfake_project/outputs_deepfake_project/dfdc_subset_77_jpg/test/fake/fake_000121.jpg,fake,test,1,0.9354854226112366,1,clean,medium
/media/D1/ait_users/staff122/deepfake_project/outputs_deepfake_project/dfdc_subset_77_jpg/test/fake/fake_000122.jpg,fake,test,1,0.995528519153595,1,clean,medium
/media/D1/ait_users/staff122/deepfake_project/outputs_deepfake_project/dfdc_subset_77_jpg/test/fake/fake_000123.jpg,fake,test,1,0.9822413325309753,1,clean,medium
/media/D1/ait_users/staff122/deepfake_project/outputs_deepfake_project/dfdc_subset_77_jpg/test/fake/fake_000124.jpg,fake,test,1,0.9977230429649353,1,clean,medium
/media/D1/ait_users/staff122/deepfake_project/outputs_deepfake_project/dfdc_subset_77_jpg/test/fake/fake_000125.jpg,fake,test,1,0.9797345995903015,1,clean,medium
/media/D1/ait_users/staff122/deepfake_project/outputs_deepfake_project/dfdc_subset_77_jpg/test/fake/fake_000126.jpg,fake,test,1,0.9902835488319397,1,clean,medium
/media/D1/ait_users/staff122/deepfake_project/outputs_deepfake_project/dfdc_subset_77_jpg/test/fake/fake_000127.jpg,fake,test,1,0.9883700609207153,1,clean,medium
/media/D1/ait_users/staff122/deepfake_project/outputs_deepfake_project/dfdc_subset_77_jpg/test/fake/fake_000128.jpg,fake,test,1,0.706084668636322,1,clean,medium
/media/D1/ait_users/staff122/deepfake_project/outputs_deepfake_project/dfdc_subset_77_jpg/test/fake/fake_000129.jpg,fake,test,1,0.7650213837623596,1,clean,medium
/media/D1/ait_users/staff122/deepfake_project/outputs_deepfake_project/dfdc_subset_77_jpg/test/fake/fake_000130.jpg,fake,test,1,0.5550984740257263,1,clean,medium
/media/D1/ait_users/staff122/deepfake_project/outputs_deepfake_project/dfdc_subset_77_jpg/test/fake/fake_000131.jpg,fake,test,1,0.420934796333313,0,clean,medium
/media/D1/ait_users/staff122/deepfake_project/outputs_deepfake_project/dfdc_subset_77_jpg/test/fake/fake_000132.jpg,fake,test,1,0.6765267848968506,1,clean,medium
/media/D1/ait_users/staff122/deepfake_project/outputs_deepfake_project/dfdc_subset_77_jpg/test/fake/fake_000133.jpg,fake,test,1,0.5823555588722229,1,clean,medium
/media/D1/ait_users/staff122/deepfake_project/outputs_deepfake_project/dfdc_subset_77_jpg/test/fake/fake_000134.jpg,fake,test,1,0.6075789928436279,1,clean,medium
/media/D1/ait_users/staff122/deepfake_project/outputs_deepfake_project/dfdc_subset_77_jpg/test/fake/fake_000135.jpg,fake,test,1,0.6666577458381653,1,clean,medium
/media/D1/ait_users/staff122/deepfake_project/outputs_deepfake_project/dfdc_subset_77_jpg/test/fake/fake_000136.jpg,fake,test,1,0.46712279319763184,0,clean,medium
/media/D1/ait_users/staff122/deepfake_project/outputs_deepfake_project/dfdc_subset_77_jpg/test/fake/fake_000137.jpg,fake,test,1,0.7327215671539307,1,clean,medium
/media/D1/ait_users/staff122/deepfake_project/outputs_deepfake_project/dfdc_subset_77_jpg/test/fake/fake_000138.jpg,fake,test,1,0.43594396114349365,0,clean,medium
/media/D1/ait_users/staff122/deepfake_project/outputs_deepfake_project/dfdc_subset_77_jpg/test/fake/fake_000139.jpg,fake,test,1,0.3617546856403351,0,clean,medium
/media/D1/ait_users/staff122/deepfake_project/outputs_deepfake_project/dfdc_subset_77_jpg/test/fake/fake_000140.jpg,fake,test,1,0.7489973306655884,1,clean,medium
/media/D1/ait_users/staff122/deepfake_project/outputs_deepfake_project/dfdc_subset_77_jpg/test/fake/fake_000141.jpg,fake,test,1,0.19214293360710144,0,clean,medium
/media/D1/ait_users/staff122/deepfake_project/outputs_deepfake_project/dfdc_subset_77_jpg/test/fake/fake_000142.jpg,fake,test,1,0.7506802082061768,1,clean,medium
/media/D1/ait_users/staff122/deepfake_project/outputs_deepfake_project/dfdc_subset_77_jpg/test/fake/fake_000143.jpg,fake,test,1,0.6226396560668945,1,clean,medium
/media/D1/ait_users/staff122/deepfake_project/outputs_deepfake_project/dfdc_subset_77_jpg/test/fake/fake_000144.jpg,fake,test,1,0.18881702423095703,0,clean,medium
/media/D1/ait_users/staff122/deepfake_project/outputs_deepfake_project/dfdc_subset_77_jpg/test/fake/fake_000145.jpg,fake,test,1,0.8175657987594604,1,clean,medium
/media/D1/ait_users/staff122/deepfake_project/outputs_deepfake_project/dfdc_subset_77_jpg/test/fake/fake_000146.jpg,fake,test,1,0.862362265586853,1,clean,medium
/media/D1/ait_users/staff122/deepfake_project/outputs_deepfake_project/dfdc_subset_77_jpg/test/fake/fake_000147.jpg,fake,test,1,0.4783326983451843,0,clean,medium
/media/D1/ait_users/staff122/deepfake_project/outputs_deepfake_project/dfdc_subset_77_jpg/test/fake/fake_000148.jpg,fake,test,1,0.38095250725746155,0,clean,medium
/media/D1/ait_users/staff122/deepfake_project/outputs_deepfake_project/dfdc_subset_77_jpg/test/fake/fake_000149.jpg,fake,test,1,0.3041311800479889,0,clean,medium
/media/D1/ait_users/staff122/deepfake_project/outputs_deepfake_project/dfdc_subset_77_jpg/test/fake/fake_000150.jpg,fake,test,1,0.15088266134262085,0,clean,medium
/media/D1/ait_users/staff122/deepfake_project/outputs_deepfake_project/dfdc_subset_77_jpg/test/fake/fake_000151.jpg,fake,test,1,0.2239646464586258,0,clean,medium
/media/D1/ait_users/staff122/deepfake_project/outputs_deepfake_project/dfdc_subset_77_jpg/test/fake/fake_000152.jpg,fake,test,1,0.10567200183868408,0,clean,medium
/media/D1/ait_users/staff122/deepfake_project/outputs_deepfake_project/dfdc_subset_77_jpg/test/fake/fake_000153.jpg,fake,test,1,0.2637096047401428,0,clean,medium
/media/D1/ait_users/staff122/deepfake_project/outputs_deepfake_project/dfdc_subset_77_jpg/test/fake/fake_000154.jpg,fake,test,1,0.2820696532726288,0,clean,medium
/media/D1/ait_users/staff122/deepfake_project/outputs_deepfake_project/dfdc_subset_77_jpg/test/fake/fake_000155.jpg,fake,test,1,0.3661298453807831,0,clean,medium
/media/D1/ait_users/staff122/deepfake_project/outputs_deepfake_project/dfdc_subset_77_jpg/test/fake/fake_000156.jpg,fake,test,1,0.3912907540798187,0,clean,medium
/media/D1/ait_users/staff122/deepfake_project/outputs_deepfake_project/dfdc_subset_77_jpg/test/fake/fake_000157.jpg,fake,test,1,0.12099327892065048,0,clean,medium
/media/D1/ait_users/staff122/deepfake_project/outputs_deepfake_project/dfdc_subset_77_jpg/test/fake/fake_000158.jpg,fake,test,1,0.3616436719894409,0,clean,medium
/media/D1/ait_users/staff122/deepfake_project/outputs_deepfake_project/dfdc_subset_77_jpg/test/fake/fake_000159.jpg,fake,test,1,0.28695815801620483,0,clean,medium
/media/D1/ait_users/staff122/deepfake_project/outputs_deepfake_project/dfdc_subset_77_jpg/test/fake/fake_000160.jpg,fake,test,1,0.6128084063529968,1,clean,medium
/media/D1/ait_users/staff122/deepfake_project/outputs_deepfake_project/dfdc_subset_77_jpg/test/fake/fake_000161.jpg,fake,test,1,0.6150006055831909,1,clean,medium
/media/D1/ait_users/staff122/deepfake_project/outputs_deepfake_project/dfdc_subset_77_jpg/test/fake/fake_000162.jpg,fake,test,1,0.6321836709976196,1,clean,medium
/media/D1/ait_users/staff122/deepfake_project/outputs_deepfake_project/dfdc_subset_77_jpg/test/fake/fake_000163.jpg,fake,test,1,0.5582025051116943,1,clean,medium
/media/D1/ait_users/staff122/deepfake_project/outputs_deepfake_project/dfdc_subset_77_jpg/test/fake/fake_000164.jpg,fake,test,1,0.5823836922645569,1,clean,medium
/media/D1/ait_users/staff122/deepfake_project/outputs_deepfake_project/dfdc_subset_77_jpg/test/fake/fake_000165.jpg,fake,test,1,0.5920448899269104,1,clean,medium
/media/D1/ait_users/staff122/deepfake_project/outputs_deepfake_project/dfdc_subset_77_jpg/test/fake/fake_000166.jpg,fake,test,1,0.6460670232772827,1,clean,medium
/media/D1/ait_users/staff122/deepfake_project/outputs_deepfake_project/dfdc_subset_77_jpg/test/fake/fake_000167.jpg,fake,test,1,0.6602113246917725,1,clean,medium
/media/D1/ait_users/staff122/deepfake_project/outputs_deepfake_project/dfdc_subset_77_jpg/test/fake/fake_000168.jpg,fake,test,1,0.6456971764564514,1,clean,medium
/media/D1/ait_users/staff122/deepfake_project/outputs_deepfake_project/dfdc_subset_77_jpg/test/fake/fake_000169.jpg,fake,test,1,0.48353758454322815,0,clean,medium
/media/D1/ait_users/staff122/deepfake_project/outputs_deepfake_project/dfdc_subset_77_jpg/test/fake/fake_000170.jpg,fake,test,1,0.5551044940948486,1,clean,medium
/media/D1/ait_users/staff122/deepfake_project/outputs_deepfake_project/dfdc_subset_77_jpg/test/fake/fake_000171.jpg,fake,test,1,0.5126324892044067,1,clean,medium
/media/D1/ait_users/staff122/deepfake_project/outputs_deepfake_project/dfdc_subset_77_jpg/test/fake/fake_000172.jpg,fake,test,1,0.6182901263237,1,clean,medium
/media/D1/ait_users/staff122/deepfake_project/outputs_deepfake_project/dfdc_subset_77_jpg/test/fake/fake_000173.jpg,fake,test,1,0.5794008374214172,1,clean,medium
/media/D1/ait_users/staff122/deepfake_project/outputs_deepfake_project/dfdc_subset_77_jpg/test/fake/fake_000174.jpg,fake,test,1,0.5981503129005432,1,clean,medium
/media/D1/ait_users/staff122/deepfake_project/outputs_deepfake_project/dfdc_subset_77_jpg/test/fake/fake_000175.jpg,fake,test,1,0.6132577657699585,1,clean,medium
/media/D1/ait_users/staff122/deepfake_project/outputs_deepfake_project/dfdc_subset_77_jpg/test/fake/fake_000176.jpg,fake,test,1,0.5745786428451538,1,clean,medium
/media/D1/ait_users/staff122/deepfake_project/outputs_deepfake_project/dfdc_subset_77_jpg/test/fake/fake_000177.jpg,fake,test,1,0.6175307631492615,1,clean,medium
/media/D1/ait_users/staff122/deepfake_project/outputs_deepfake_project/dfdc_subset_77_jpg/test/fake/fake_000178.jpg,fake,test,1,0.6262173652648926,1,clean,medium
/media/D1/ait_users/staff122/deepfake_project/outputs_deepfake_project/dfdc_subset_77_jpg/test/fake/fake_000179.jpg,fake,test,1,0.6501814723014832,1,clean,medium
/media/D1/ait_users/staff122/deepfake_project/outputs_deepfake_project/dfdc_subset_77_jpg/test/fake/fake_000180.jpg,fake,test,1,0.6129801869392395,1,clean,medium
/media/D1/ait_users/staff122/deepfake_project/outputs_deepfake_project/dfdc_subset_77_jpg/test/fake/fake_000181.jpg,fake,test,1,0.5894060730934143,1,clean,medium
/media/D1/ait_users/staff122/deepfake_project/outputs_deepfake_project/dfdc_subset_77_jpg/test/fake/fake_000182.jpg,fake,test,1,0.6464619636535645,1,clean,medium
/media/D1/ait_users/staff122/deepfake_project/outputs_deepfake_project/dfdc_subset_77_jpg/test/fake/fake_000183.jpg,fake,test,1,0.6157814860343933,1,clean,medium
/media/D1/ait_users/staff122/deepfake_project/outputs_deepfake_project/dfdc_subset_77_jpg/test/fake/fake_000184.jpg,fake,test,1,0.6473473310470581,1,clean,medium
/media/D1/ait_users/staff122/deepfake_project/outputs_deepfake_project/dfdc_subset_77_jpg/test/fake/fake_000185.jpg,fake,test,1,0.6349477171897888,1,clean,medium
/media/D1/ait_users/staff122/deepfake_project/outputs_deepfake_project/dfdc_subset_77_jpg/test/fake/fake_000186.jpg,fake,test,1,0.634138822555542,1,clean,medium
/media/D1/ait_users/staff122/deepfake_project/outputs_deepfake_project/dfdc_subset_77_jpg/test/fake/fake_000187.jpg,fake,test,1,0.6351402401924133,1,clean,medium
/media/D1/ait_users/staff122/deepfake_project/outputs_deepfake_project/dfdc_subset_77_jpg/test/fake/fake_000188.jpg,fake,test,1,0.6741098761558533,1,clean,medium
/media/D1/ait_users/staff122/deepfake_project/outputs_deepfake_project/dfdc_subset_77_jpg/test/fake/fake_000189.jpg,fake,test,1,0.6395661234855652,1,clean,medium
/media/D1/ait_users/staff122/deepfake_project/outputs_deepfake_project/dfdc_subset_77_jpg/test/fake/fake_000190.jpg,fake,test,1,0.6216508150100708,1,clean,medium
/media/D1/ait_users/staff122/deepfake_project/outputs_deepfake_project/dfdc_subset_77_jpg/test/fake/fake_000191.jpg,fake,test,1,0.614956796169281,1,clean,medium
/media/D1/ait_users/staff122/deepfake_project/outputs_deepfake_project/dfdc_subset_77_jpg/test/fake/fake_000192.jpg,fake,test,1,0.6112455725669861,1,clean,medium
/media/D1/ait_users/staff122/deepfake_project/outputs_deepfake_project/dfdc_subset_77_jpg/test/fake/fake_000193.jpg,fake,test,1,0.4089929461479187,0,clean,medium
/media/D1/ait_users/staff122/deepfake_project/outputs_deepfake_project/dfdc_subset_77_jpg/test/fake/fake_000194.jpg,fake,test,1,0.8976640105247498,1,clean,medium
/media/D1/ait_users/staff122/deepfake_project/outputs_deepfake_project/dfdc_subset_77_jpg/test/fake/fake_000195.jpg,fake,test,1,0.7525784373283386,1,clean,medium
/media/D1/ait_users/staff122/deepfake_project/outputs_deepfake_project/dfdc_subset_77_jpg/test/fake/fake_000196.jpg,fake,test,1,0.9648709297180176,1,clean,medium
/media/D1/ait_users/staff122/deepfake_project/outputs_deepfake_project/dfdc_subset_77_jpg/test/fake/fake_000197.jpg,fake,test,1,0.856114387512207,1,clean,medium
/media/D1/ait_users/staff122/deepfake_project/outputs_deepfake_project/dfdc_subset_77_jpg/test/fake/fake_000198.jpg,fake,test,1,0.6335480809211731,1,clean,medium
/media/D1/ait_users/staff122/deepfake_project/outputs_deepfake_project/dfdc_subset_77_jpg/test/fake/fake_000199.jpg,fake,test,1,0.9204754829406738,1,clean,medium
/media/D1/ait_users/staff122/deepfake_project/outputs_deepfake_project/dfdc_subset_77_jpg/test/fake/fake_000200.jpg,fake,test,1,0.9573148488998413,1,clean,medium
/media/D1/ait_users/staff122/deepfake_project/outputs_deepfake_project/dfdc_subset_77_jpg/test/fake/fake_000201.jpg,fake,test,1,0.9153757691383362,1,clean,medium
/media/D1/ait_users/staff122/deepfake_project/outputs_deepfake_project/dfdc_subset_77_jpg/test/fake/fake_000202.jpg,fake,test,1,0.8856619000434875,1,clean,medium
/media/D1/ait_users/staff122/deepfake_project/outputs_deepfake_project/dfdc_subset_77_jpg/test/fake/fake_000203.jpg,fake,test,1,0.785387396812439,1,clean,medium
/media/D1/ait_users/staff122/deepfake_project/outputs_deepfake_project/dfdc_subset_77_jpg/test/fake/fake_000204.jpg,fake,test,1,0.5032757520675659,1,clean,medium
/media/D1/ait_users/staff122/deepfake_project/outputs_deepfake_project/dfdc_subset_77_jpg/test/fake/fake_000205.jpg,fake,test,1,0.9773823618888855,1,clean,medium
/media/D1/ait_users/staff122/deepfake_project/outputs_deepfake_project/dfdc_subset_77_jpg/test/fake/fake_000206.jpg,fake,test,1,0.6522989869117737,1,clean,medium
/media/D1/ait_users/staff122/deepfake_project/outputs_deepfake_project/dfdc_subset_77_jpg/test/fake/fake_000207.jpg,fake,test,1,0.8140931725502014,1,clean,medium
/media/D1/ait_users/staff122/deepfake_project/outputs_deepfake_project/dfdc_subset_77_jpg/test/fake/fake_000208.jpg,fake,test,1,0.8382853269577026,1,clean,medium
/media/D1/ait_users/staff122/deepfake_project/outputs_deepfake_project/dfdc_subset_77_jpg/test/fake/fake_000209.jpg,fake,test,1,0.7720711827278137,1,clean,medium
/media/D1/ait_users/staff122/deepfake_project/outputs_deepfake_project/dfdc_subset_77_jpg/test/fake/fake_000210.jpg,fake,test,1,0.6911922693252563,1,clean,medium
/media/D1/ait_users/staff122/deepfake_project/outputs_deepfake_project/dfdc_subset_77_jpg/test/fake/fake_000211.jpg,fake,test,1,0.9599933624267578,1,clean,medium
/media/D1/ait_users/staff122/deepfake_project/outputs_deepfake_project/dfdc_subset_77_jpg/test/fake/fake_000212.jpg,fake,test,1,0.9361987709999084,1,clean,medium
/media/D1/ait_users/staff122/deepfake_project/outputs_deepfake_project/dfdc_subset_77_jpg/test/fake/fake_000213.jpg,fake,test,1,0.9716425538063049,1,clean,medium
/media/D1/ait_users/staff122/deepfake_project/outputs_deepfake_project/dfdc_subset_77_jpg/test/fake/fake_000214.jpg,fake,test,1,0.9321531057357788,1,clean,medium
/media/D1/ait_users/staff122/deepfake_project/outputs_deepfake_project/dfdc_subset_77_jpg/test/fake/fake_000215.jpg,fake,test,1,0.9047486782073975,1,clean,medium
/media/D1/ait_users/staff122/deepfake_project/outputs_deepfake_project/dfdc_subset_77_jpg/test/fake/fake_000216.jpg,fake,test,1,0.8002597093582153,1,clean,medium
/media/D1/ait_users/staff122/deepfake_project/outputs_deepfake_project/dfdc_subset_77_jpg/test/fake/fake_000217.jpg,fake,test,1,0.7890060544013977,1,clean,medium
/media/D1/ait_users/staff122/deepfake_project/outputs_deepfake_project/dfdc_subset_77_jpg/test/fake/fake_000218.jpg,fake,test,1,0.6042141914367676,1,clean,medium
/media/D1/ait_users/staff122/deepfake_project/outputs_deepfake_project/dfdc_subset_77_jpg/test/fake/fake_000219.jpg,fake,test,1,0.8275631666183472,1,clean,medium
/media/D1/ait_users/staff122/deepfake_project/outputs_deepfake_project/dfdc_subset_77_jpg/test/fake/fake_000220.jpg,fake,test,1,0.7897567749023438,1,clean,medium
/media/D1/ait_users/staff122/deepfake_project/outputs_deepfake_project/dfdc_subset_77_jpg/test/fake/fake_000221.jpg,fake,test,1,0.9441417455673218,1,clean,medium
/media/D1/ait_users/staff122/deepfake_project/outputs_deepfake_project/dfdc_subset_77_jpg/test/fake/fake_000222.jpg,fake,test,1,0.9737520217895508,1,clean,medium
/media/D1/ait_users/staff122/deepfake_project/outputs_deepfake_project/dfdc_subset_77_jpg/test/fake/fake_000223.jpg,fake,test,1,0.9441667199134827,1,clean,medium
/media/D1/ait_users/staff122/deepfake_project/outputs_deepfake_project/dfdc_subset_77_jpg/test/fake/fake_000224.jpg,fake,test,1,0.03915049880743027,0,clean,medium
/media/D1/ait_users/staff122/deepfake_project/outputs_deepfake_project/dfdc_subset_77_jpg/test/fake/fake_000225.jpg,fake,test,1,0.17552714049816132,0,clean,medium
/media/D1/ait_users/staff122/deepfake_project/outputs_deepfake_project/dfdc_subset_77_jpg/test/fake/fake_000226.jpg,fake,test,1,0.355404257774353,0,clean,medium
/media/D1/ait_users/staff122/deepfake_project/outputs_deepfake_project/dfdc_subset_77_jpg/test/fake/fake_000227.jpg,fake,test,1,0.6446695923805237,1,clean,medium
/media/D1/ait_users/staff122/deepfake_project/outputs_deepfake_project/dfdc_subset_77_jpg/test/fake/fake_000228.jpg,fake,test,1,0.37481510639190674,0,clean,medium
/media/D1/ait_users/staff122/deepfake_project/outputs_deepfake_project/dfdc_subset_77_jpg/test/fake/fake_000229.jpg,fake,test,1,0.22099797427654266,0,clean,medium
/media/D1/ait_users/staff122/deepfake_project/outputs_deepfake_project/dfdc_subset_77_jpg/test/fake/fake_000230.jpg,fake,test,1,0.20498785376548767,0,clean,medium
/media/D1/ait_users/staff122/deepfake_project/outputs_deepfake_project/dfdc_subset_77_jpg/test/fake/fake_000231.jpg,fake,test,1,0.5402048826217651,1,clean,medium
/media/D1/ait_users/staff122/deepfake_project/outputs_deepfake_project/dfdc_subset_77_jpg/test/fake/fake_000232.jpg,fake,test,1,0.3187090754508972,0,clean,medium
/media/D1/ait_users/staff122/deepfake_project/outputs_deepfake_project/dfdc_subset_77_jpg/test/fake/fake_000233.jpg,fake,test,1,0.24322597682476044,0,clean,medium
/media/D1/ait_users/staff122/deepfake_project/outputs_deepfake_project/dfdc_subset_77_jpg/test/fake/fake_000234.jpg,fake,test,1,0.48962387442588806,0,clean,medium
/media/D1/ait_users/staff122/deepfake_project/outputs_deepfake_project/dfdc_subset_77_jpg/test/fake/fake_000235.jpg,fake,test,1,0.16101528704166412,0,clean,medium
/media/D1/ait_users/staff122/deepfake_project/outputs_deepfake_project/dfdc_subset_77_jpg/test/fake/fake_000236.jpg,fake,test,1,0.25211867690086365,0,clean,medium
/media/D1/ait_users/staff122/deepfake_project/outputs_deepfake_project/dfdc_subset_77_jpg/test/fake/fake_000237.jpg,fake,test,1,0.047484543174505234,0,clean,medium
/media/D1/ait_users/staff122/deepfake_project/outputs_deepfake_project/dfdc_subset_77_jpg/test/fake/fake_000238.jpg,fake,test,1,0.1670270413160324,0,clean,medium
/media/D1/ait_users/staff122/deepfake_project/outputs_deepfake_project/dfdc_subset_77_jpg/test/fake/fake_000239.jpg,fake,test,1,0.24310918152332306,0,clean,medium
/media/D1/ait_users/staff122/deepfake_project/outputs_deepfake_project/dfdc_subset_77_jpg/test/fake/fake_000240.jpg,fake,test,1,0.40224120020866394,0,clean,medium
/media/D1/ait_users/staff122/deepfake_project/outputs_deepfake_project/dfdc_subset_77_jpg/test/fake/fake_000241.jpg,fake,test,1,0.30779755115509033,0,clean,medium
/media/D1/ait_users/staff122/deepfake_project/outputs_deepfake_project/dfdc_subset_77_jpg/test/fake/fake_000242.jpg,fake,test,1,0.19627664983272552,0,clean,medium
/media/D1/ait_users/staff122/deepfake_project/outputs_deepfake_project/dfdc_subset_77_jpg/test/fake/fake_000243.jpg,fake,test,1,0.09995325654745102,0,clean,medium
/media/D1/ait_users/staff122/deepfake_project/outputs_deepfake_project/dfdc_subset_77_jpg/test/fake/fake_000244.jpg,fake,test,1,0.12047435343265533,0,clean,medium
/media/D1/ait_users/staff122/deepfake_project/outputs_deepfake_project/dfdc_subset_77_jpg/test/fake/fake_000245.jpg,fake,test,1,0.11609723418951035,0,clean,medium
/media/D1/ait_users/staff122/deepfake_project/outputs_deepfake_project/dfdc_subset_77_jpg/test/fake/fake_000246.jpg,fake,test,1,0.15097521245479584,0,clean,medium
/media/D1/ait_users/staff122/deepfake_project/outputs_deepfake_project/dfdc_subset_77_jpg/test/fake/fake_000247.jpg,fake,test,1,0.18782204389572144,0,clean,medium
/media/D1/ait_users/staff122/deepfake_project/outputs_deepfake_project/dfdc_subset_77_jpg/test/fake/fake_000248.jpg,fake,test,1,0.7294440269470215,1,clean,medium
/media/D1/ait_users/staff122/deepfake_project/outputs_deepfake_project/dfdc_subset_77_jpg/test/fake/fake_000249.jpg,fake,test,1,0.8384299874305725,1,clean,medium
/media/D1/ait_users/staff122/deepfake_project/outputs_deepfake_project/dfdc_subset_77_jpg/test/fake/fake_000250.jpg,fake,test,1,0.5118973255157471,1,clean,medium
/media/D1/ait_users/staff122/deepfake_project/outputs_deepfake_project/dfdc_subset_77_jpg/test/fake/fake_000251.jpg,fake,test,1,0.2578756511211395,0,clean,medium
/media/D1/ait_users/staff122/deepfake_project/outputs_deepfake_project/dfdc_subset_77_jpg/test/fake/fake_000252.jpg,fake,test,1,0.45192673802375793,0,clean,medium
/media/D1/ait_users/staff122/deepfake_project/outputs_deepfake_project/dfdc_subset_77_jpg/test/fake/fake_000253.jpg,fake,test,1,0.7940664887428284,1,clean,medium
/media/D1/ait_users/staff122/deepfake_project/outputs_deepfake_project/dfdc_subset_77_jpg/test/fake/fake_000254.jpg,fake,test,1,0.5633754134178162,1,clean,medium
/media/D1/ait_users/staff122/deepfake_project/outputs_deepfake_project/dfdc_subset_77_jpg/test/fake/fake_000255.jpg,fake,test,1,0.255025714635849,0,clean,medium
/media/D1/ait_users/staff122/deepfake_project/outputs_deepfake_project/dfdc_subset_77_jpg/test/fake/fake_000256.jpg,fake,test,1,0.8974881172180176,1,clean,medium
/media/D1/ait_users/staff122/deepfake_project/outputs_deepfake_project/dfdc_subset_77_jpg/test/fake/fake_000257.jpg,fake,test,1,0.22732411324977875,0,clean,medium
/media/D1/ait_users/staff122/deepfake_project/outputs_deepfake_project/dfdc_subset_77_jpg/test/fake/fake_000258.jpg,fake,test,1,0.8744362592697144,1,clean,medium
/media/D1/ait_users/staff122/deepfake_project/outputs_deepfake_project/dfdc_subset_77_jpg/test/fake/fake_000259.jpg,fake,test,1,0.8917655944824219,1,clean,medium
/media/D1/ait_users/staff122/deepfake_project/outputs_deepfake_project/dfdc_subset_77_jpg/test/fake/fake_000260.jpg,fake,test,1,0.9049522876739502,1,clean,medium
/media/D1/ait_users/staff122/deepfake_project/outputs_deepfake_project/dfdc_subset_77_jpg/test/fake/fake_000261.jpg,fake,test,1,0.6878307461738586,1,clean,medium
/media/D1/ait_users/staff122/deepfake_project/outputs_deepfake_project/dfdc_subset_77_jpg/test/fake/fake_000262.jpg,fake,test,1,0.4829864203929901,0,clean,medium
/media/D1/ait_users/staff122/deepfake_project/outputs_deepfake_project/dfdc_subset_77_jpg/test/fake/fake_000263.jpg,fake,test,1,0.9115384221076965,1,clean,medium
/media/D1/ait_users/staff122/deepfake_project/outputs_deepfake_project/dfdc_subset_77_jpg/test/fake/fake_000264.jpg,fake,test,1,0.8981983065605164,1,clean,medium
/media/D1/ait_users/staff122/deepfake_project/outputs_deepfake_project/dfdc_subset_77_jpg/test/fake/fake_000265.jpg,fake,test,1,0.49905842542648315,0,clean,medium
/media/D1/ait_users/staff122/deepfake_project/outputs_deepfake_project/dfdc_subset_77_jpg/test/fake/fake_000266.jpg,fake,test,1,0.7419149279594421,1,clean,medium
/media/D1/ait_users/staff122/deepfake_project/outputs_deepfake_project/dfdc_subset_77_jpg/test/fake/fake_000267.jpg,fake,test,1,0.6509910225868225,1,clean,medium
/media/D1/ait_users/staff122/deepfake_project/outputs_deepfake_project/dfdc_subset_77_jpg/test/fake/fake_000268.jpg,fake,test,1,0.20874570310115814,0,clean,medium
/media/D1/ait_users/staff122/deepfake_project/outputs_deepfake_project/dfdc_subset_77_jpg/test/fake/fake_000269.jpg,fake,test,1,0.20392824709415436,0,clean,medium
/media/D1/ait_users/staff122/deepfake_project/outputs_deepfake_project/dfdc_subset_77_jpg/test/fake/fake_000270.jpg,fake,test,1,0.1646612584590912,0,clean,medium
/media/D1/ait_users/staff122/deepfake_project/outputs_deepfake_project/dfdc_subset_77_jpg/test/fake/fake_000271.jpg,fake,test,1,0.20496238768100739,0,clean,medium
/media/D1/ait_users/staff122/deepfake_project/outputs_deepfake_project/dfdc_subset_77_jpg/test/fake/fake_000272.jpg,fake,test,1,0.3479470908641815,0,clean,medium
/media/D1/ait_users/staff122/deepfake_project/outputs_deepfake_project/dfdc_subset_77_jpg/test/fake/fake_000273.jpg,fake,test,1,0.8873155117034912,1,clean,medium
/media/D1/ait_users/staff122/deepfake_project/outputs_deepfake_project/dfdc_subset_77_jpg/test/fake/fake_000274.jpg,fake,test,1,0.8118661046028137,1,clean,medium
/media/D1/ait_users/staff122/deepfake_project/outputs_deepfake_project/dfdc_subset_77_jpg/test/fake/fake_000275.jpg,fake,test,1,0.8557236194610596,1,clean,medium
/media/D1/ait_users/staff122/deepfake_project/outputs_deepfake_project/dfdc_subset_77_jpg/test/fake/fake_000276.jpg,fake,test,1,0.8920332193374634,1,clean,medium
/media/D1/ait_users/staff122/deepfake_project/outputs_deepfake_project/dfdc_subset_77_jpg/test/fake/fake_000277.jpg,fake,test,1,0.2593933939933777,0,clean,medium
/media/D1/ait_users/staff122/deepfake_project/outputs_deepfake_project/dfdc_subset_77_jpg/test/fake/fake_000278.jpg,fake,test,1,0.9225627779960632,1,clean,medium
/media/D1/ait_users/staff122/deepfake_project/outputs_deepfake_project/dfdc_subset_77_jpg/test/fake/fake_000279.jpg,fake,test,1,0.8979682922363281,1,clean,medium
/media/D1/ait_users/staff122/deepfake_project/outputs_deepfake_project/dfdc_subset_77_jpg/test/fake/fake_000280.jpg,fake,test,1,0.8935739994049072,1,clean,medium
/media/D1/ait_users/staff122/deepfake_project/outputs_deepfake_project/dfdc_subset_77_jpg/test/fake/fake_000281.jpg,fake,test,1,0.8875129222869873,1,clean,medium
/media/D1/ait_users/staff122/deepfake_project/outputs_deepfake_project/dfdc_subset_77_jpg/test/fake/fake_000282.jpg,fake,test,1,0.8959714770317078,1,clean,medium
/media/D1/ait_users/staff122/deepfake_project/outputs_deepfake_project/dfdc_subset_77_jpg/test/fake/fake_000283.jpg,fake,test,1,0.9024808406829834,1,clean,medium
/media/D1/ait_users/staff122/deepfake_project/outputs_deepfake_project/dfdc_subset_77_jpg/test/fake/fake_000284.jpg,fake,test,1,0.8987056016921997,1,clean,medium
/media/D1/ait_users/staff122/deepfake_project/outputs_deepfake_project/dfdc_subset_77_jpg/test/fake/fake_000285.jpg,fake,test,1,0.4269618093967438,0,clean,medium
/media/D1/ait_users/staff122/deepfake_project/outputs_deepfake_project/dfdc_subset_77_jpg/test/fake/fake_000286.jpg,fake,test,1,0.3998991847038269,0,clean,medium
/media/D1/ait_users/staff122/deepfake_project/outputs_deepfake_project/dfdc_subset_77_jpg/test/fake/fake_000287.jpg,fake,test,1,0.9234858155250549,1,clean,medium
/media/D1/ait_users/staff122/deepfake_project/outputs_deepfake_project/dfdc_subset_77_jpg/test/fake/fake_000288.jpg,fake,test,1,0.5652207732200623,1,clean,medium
/media/D1/ait_users/staff122/deepfake_project/outputs_deepfake_project/dfdc_subset_77_jpg/test/fake/fake_000289.jpg,fake,test,1,0.5673836469650269,1,clean,medium
/media/D1/ait_users/staff122/deepfake_project/outputs_deepfake_project/dfdc_subset_77_jpg/test/fake/fake_000290.jpg,fake,test,1,0.5976306796073914,1,clean,medium
/media/D1/ait_users/staff122/deepfake_project/outputs_deepfake_project/dfdc_subset_77_jpg/test/fake/fake_000291.jpg,fake,test,1,0.559600293636322,1,clean,medium
/media/D1/ait_users/staff122/deepfake_project/outputs_deepfake_project/dfdc_subset_77_jpg/test/fake/fake_000292.jpg,fake,test,1,0.5917083024978638,1,clean,medium
/media/D1/ait_users/staff122/deepfake_project/outputs_deepfake_project/dfdc_subset_77_jpg/test/fake/fake_000293.jpg,fake,test,1,0.4949154853820801,0,clean,medium
/media/D1/ait_users/staff122/deepfake_project/outputs_deepfake_project/dfdc_subset_77_jpg/test/fake/fake_000294.jpg,fake,test,1,0.48094114661216736,0,clean,medium
/media/D1/ait_users/staff122/deepfake_project/outputs_deepfake_project/dfdc_subset_77_jpg/test/fake/fake_000295.jpg,fake,test,1,0.504721999168396,1,clean,medium
/media/D1/ait_users/staff122/deepfake_project/outputs_deepfake_project/dfdc_subset_77_jpg/test/fake/fake_000296.jpg,fake,test,1,0.5036963224411011,1,clean,medium
/media/D1/ait_users/staff122/deepfake_project/outputs_deepfake_project/dfdc_subset_77_jpg/test/fake/fake_000297.jpg,fake,test,1,0.5060999393463135,1,clean,medium
/media/D1/ait_users/staff122/deepfake_project/outputs_deepfake_project/dfdc_subset_77_jpg/test/fake/fake_000298.jpg,fake,test,1,0.4864579737186432,0,clean,medium
/media/D1/ait_users/staff122/deepfake_project/outputs_deepfake_project/dfdc_subset_77_jpg/test/fake/fake_000299.jpg,fake,test,1,0.48395398259162903,0,clean,medium
/media/D1/ait_users/staff122/deepfake_project/outputs_deepfake_project/dfdc_subset_77_jpg/test/fake/fake_000300.jpg,fake,test,1,0.46878284215927124,0,clean,medium
/media/D1/ait_users/staff122/deepfake_project/outputs_deepfake_project/dfdc_subset_77_jpg/test/fake/fake_000301.jpg,fake,test,1,0.5311978459358215,1,clean,medium
/media/D1/ait_users/staff122/deepfake_project/outputs_deepfake_project/dfdc_subset_77_jpg/test/fake/fake_000302.jpg,fake,test,1,0.532431960105896,1,clean,medium
/media/D1/ait_users/staff122/deepfake_project/outputs_deepfake_project/dfdc_subset_77_jpg/test/fake/fake_000303.jpg,fake,test,1,0.5128419399261475,1,clean,medium
/media/D1/ait_users/staff122/deepfake_project/outputs_deepfake_project/dfdc_subset_77_jpg/test/fake/fake_000304.jpg,fake,test,1,0.41788697242736816,0,clean,medium
/media/D1/ait_users/staff122/deepfake_project/outputs_deepfake_project/dfdc_subset_77_jpg/test/fake/fake_000305.jpg,fake,test,1,0.3954700529575348,0,clean,medium
/media/D1/ait_users/staff122/deepfake_project/outputs_deepfake_project/dfdc_subset_77_jpg/test/fake/fake_000306.jpg,fake,test,1,0.45685070753097534,0,clean,medium
/media/D1/ait_users/staff122/deepfake_project/outputs_deepfake_project/dfdc_subset_77_jpg/test/fake/fake_000307.jpg,fake,test,1,0.49599605798721313,0,clean,medium
/media/D1/ait_users/staff122/deepfake_project/outputs_deepfake_project/dfdc_subset_77_jpg/test/fake/fake_000308.jpg,fake,test,1,0.4680221676826477,0,clean,medium
/media/D1/ait_users/staff122/deepfake_project/outputs_deepfake_project/dfdc_subset_77_jpg/test/fake/fake_000309.jpg,fake,test,1,0.2861669957637787,0,clean,medium
/media/D1/ait_users/staff122/deepfake_project/outputs_deepfake_project/dfdc_subset_77_jpg/test/fake/fake_000310.jpg,fake,test,1,0.3484768271446228,0,clean,medium
/media/D1/ait_users/staff122/deepfake_project/outputs_deepfake_project/dfdc_subset_77_jpg/test/fake/fake_000311.jpg,fake,test,1,0.4426579475402832,0,clean,medium
/media/D1/ait_users/staff122/deepfake_project/outputs_deepfake_project/dfdc_subset_77_jpg/test/fake/fake_000312.jpg,fake,test,1,0.6247963309288025,1,clean,medium
/media/D1/ait_users/staff122/deepfake_project/outputs_deepfake_project/dfdc_subset_77_jpg/test/fake/fake_000313.jpg,fake,test,1,0.617247998714447,1,clean,medium
/media/D1/ait_users/staff122/deepfake_project/outputs_deepfake_project/dfdc_subset_77_jpg/test/fake/fake_000314.jpg,fake,test,1,0.49829795956611633,0,clean,medium
/media/D1/ait_users/staff122/deepfake_project/outputs_deepfake_project/dfdc_subset_77_jpg/test/fake/fake_000315.jpg,fake,test,1,0.46809667348861694,0,clean,medium
/media/D1/ait_users/staff122/deepfake_project/outputs_deepfake_project/dfdc_subset_77_jpg/test/fake/fake_000316.jpg,fake,test,1,0.5453554391860962,1,clean,medium
/media/D1/ait_users/staff122/deepfake_project/outputs_deepfake_project/dfdc_subset_77_jpg/test/fake/fake_000317.jpg,fake,test,1,0.44937679171562195,0,clean,medium
/media/D1/ait_users/staff122/deepfake_project/outputs_deepfake_project/dfdc_subset_77_jpg/test/fake/fake_000318.jpg,fake,test,1,0.5281431078910828,1,clean,medium
/media/D1/ait_users/staff122/deepfake_project/outputs_deepfake_project/dfdc_subset_77_jpg/test/fake/fake_000319.jpg,fake,test,1,0.572018027305603,1,clean,medium
/media/D1/ait_users/staff122/deepfake_project/outputs_deepfake_project/dfdc_subset_77_jpg/test/fake/fake_000320.jpg,fake,test,1,0.05445152148604393,0,clean,medium
/media/D1/ait_users/staff122/deepfake_project/outputs_deepfake_project/dfdc_subset_77_jpg/test/fake/fake_000321.jpg,fake,test,1,0.11199763417243958,0,clean,medium
/media/D1/ait_users/staff122/deepfake_project/outputs_deepfake_project/dfdc_subset_77_jpg/test/fake/fake_000322.jpg,fake,test,1,0.12789861857891083,0,clean,medium
/media/D1/ait_users/staff122/deepfake_project/outputs_deepfake_project/dfdc_subset_77_jpg/test/fake/fake_000323.jpg,fake,test,1,0.17460273206233978,0,clean,medium
/media/D1/ait_users/staff122/deepfake_project/outputs_deepfake_project/dfdc_subset_77_jpg/test/fake/fake_000324.jpg,fake,test,1,0.10900223255157471,0,clean,medium
/media/D1/ait_users/staff122/deepfake_project/outputs_deepfake_project/dfdc_subset_77_jpg/test/fake/fake_000325.jpg,fake,test,1,0.17325837910175323,0,clean,medium
/media/D1/ait_users/staff122/deepfake_project/outputs_deepfake_project/dfdc_subset_77_jpg/test/fake/fake_000326.jpg,fake,test,1,0.1305130422115326,0,clean,medium
/media/D1/ait_users/staff122/deepfake_project/outputs_deepfake_project/dfdc_subset_77_jpg/test/fake/fake_000327.jpg,fake,test,1,0.13846321403980255,0,clean,medium
/media/D1/ait_users/staff122/deepfake_project/outputs_deepfake_project/dfdc_subset_77_jpg/test/fake/fake_000328.jpg,fake,test,1,0.022682424634695053,0,clean,medium
/media/D1/ait_users/staff122/deepfake_project/outputs_deepfake_project/dfdc_subset_77_jpg/test/fake/fake_000329.jpg,fake,test,1,0.19514435529708862,0,clean,medium
/media/D1/ait_users/staff122/deepfake_project/outputs_deepfake_project/dfdc_subset_77_jpg/test/fake/fake_000330.jpg,fake,test,1,0.12143336236476898,0,clean,medium
/media/D1/ait_users/staff122/deepfake_project/outputs_deepfake_project/dfdc_subset_77_jpg/test/fake/fake_000331.jpg,fake,test,1,0.7605022192001343,1,clean,medium
/media/D1/ait_users/staff122/deepfake_project/outputs_deepfake_project/dfdc_subset_77_jpg/test/fake/fake_000332.jpg,fake,test,1,0.9263426661491394,1,clean,medium
/media/D1/ait_users/staff122/deepfake_project/outputs_deepfake_project/dfdc_subset_77_jpg/test/fake/fake_000333.jpg,fake,test,1,0.24413073062896729,0,clean,medium
/media/D1/ait_users/staff122/deepfake_project/outputs_deepfake_project/dfdc_subset_77_jpg/test/fake/fake_000334.jpg,fake,test,1,0.19962157309055328,0,clean,medium
/media/D1/ait_users/staff122/deepfake_project/outputs_deepfake_project/dfdc_subset_77_jpg/test/fake/fake_000335.jpg,fake,test,1,0.4480884373188019,0,clean,medium
/media/D1/ait_users/staff122/deepfake_project/outputs_deepfake_project/dfdc_subset_77_jpg/test/fake/fake_000336.jpg,fake,test,1,0.1254757046699524,0,clean,medium
/media/D1/ait_users/staff122/deepfake_project/outputs_deepfake_project/dfdc_subset_77_jpg/test/fake/fake_000337.jpg,fake,test,1,0.33584466576576233,0,clean,medium
/media/D1/ait_users/staff122/deepfake_project/outputs_deepfake_project/dfdc_subset_77_jpg/test/fake/fake_000338.jpg,fake,test,1,0.8765352368354797,1,clean,medium
/media/D1/ait_users/staff122/deepfake_project/outputs_deepfake_project/dfdc_subset_77_jpg/test/fake/fake_000339.jpg,fake,test,1,0.35427218675613403,0,clean,medium
/media/D1/ait_users/staff122/deepfake_project/outputs_deepfake_project/dfdc_subset_77_jpg/test/fake/fake_000340.jpg,fake,test,1,0.10005425661802292,0,clean,medium
/media/D1/ait_users/staff122/deepfake_project/outputs_deepfake_project/dfdc_subset_77_jpg/test/fake/fake_000341.jpg,fake,test,1,0.5131070613861084,1,clean,medium
/media/D1/ait_users/staff122/deepfake_project/outputs_deepfake_project/dfdc_subset_77_jpg/test/fake/fake_000342.jpg,fake,test,1,0.2573454976081848,0,clean,medium
/media/D1/ait_users/staff122/deepfake_project/outputs_deepfake_project/dfdc_subset_77_jpg/test/fake/fake_000343.jpg,fake,test,1,0.12121007591485977,0,clean,medium
/media/D1/ait_users/staff122/deepfake_project/outputs_deepfake_project/dfdc_subset_77_jpg/test/fake/fake_000344.jpg,fake,test,1,0.659378170967102,1,clean,medium
/media/D1/ait_users/staff122/deepfake_project/outputs_deepfake_project/dfdc_subset_77_jpg/test/fake/fake_000345.jpg,fake,test,1,0.26597529649734497,0,clean,medium
/media/D1/ait_users/staff122/deepfake_project/outputs_deepfake_project/dfdc_subset_77_jpg/test/fake/fake_000346.jpg,fake,test,1,0.07639060169458389,0,clean,medium
/media/D1/ait_users/staff122/deepfake_project/outputs_deepfake_project/dfdc_subset_77_jpg/test/fake/fake_000347.jpg,fake,test,1,0.03898797184228897,0,clean,medium
/media/D1/ait_users/staff122/deepfake_project/outputs_deepfake_project/dfdc_subset_77_jpg/test/fake/fake_000348.jpg,fake,test,1,0.6734893321990967,1,clean,medium
/media/D1/ait_users/staff122/deepfake_project/outputs_deepfake_project/dfdc_subset_77_jpg/test/fake/fake_000349.jpg,fake,test,1,0.5223435163497925,1,clean,medium
/media/D1/ait_users/staff122/deepfake_project/outputs_deepfake_project/dfdc_subset_77_jpg/test/fake/fake_000350.jpg,fake,test,1,0.3542984426021576,0,clean,medium
/media/D1/ait_users/staff122/deepfake_project/outputs_deepfake_project/dfdc_subset_77_jpg/test/fake/fake_000351.jpg,fake,test,1,0.14669036865234375,0,clean,medium
/media/D1/ait_users/staff122/deepfake_project/outputs_deepfake_project/dfdc_subset_77_jpg/test/fake/fake_000352.jpg,fake,test,1,0.7364580631256104,1,clean,medium
/media/D1/ait_users/staff122/deepfake_project/outputs_deepfake_project/dfdc_subset_77_jpg/test/fake/fake_000353.jpg,fake,test,1,0.9150308966636658,1,clean,medium
/media/D1/ait_users/staff122/deepfake_project/outputs_deepfake_project/dfdc_subset_77_jpg/test/fake/fake_000354.jpg,fake,test,1,0.7124756574630737,1,clean,medium
/media/D1/ait_users/staff122/deepfake_project/outputs_deepfake_project/dfdc_subset_77_jpg/test/fake/fake_000355.jpg,fake,test,1,0.7856278419494629,1,clean,medium
/media/D1/ait_users/staff122/deepfake_project/outputs_deepfake_project/dfdc_subset_77_jpg/test/fake/fake_000356.jpg,fake,test,1,0.8076902627944946,1,clean,medium
/media/D1/ait_users/staff122/deepfake_project/outputs_deepfake_project/dfdc_subset_77_jpg/test/fake/fake_000357.jpg,fake,test,1,0.7809189558029175,1,clean,medium
/media/D1/ait_users/staff122/deepfake_project/outputs_deepfake_project/dfdc_subset_77_jpg/test/fake/fake_000358.jpg,fake,test,1,0.9477158188819885,1,clean,medium
/media/D1/ait_users/staff122/deepfake_project/outputs_deepfake_project/dfdc_subset_77_jpg/test/fake/fake_000359.jpg,fake,test,1,0.9982081651687622,1,clean,medium
/media/D1/ait_users/staff122/deepfake_project/outputs_deepfake_project/dfdc_subset_77_jpg/test/fake/fake_000360.jpg,fake,test,1,0.6665236353874207,1,clean,medium
/media/D1/ait_users/staff122/deepfake_project/outputs_deepfake_project/dfdc_subset_77_jpg/test/fake/fake_000361.jpg,fake,test,1,0.4341176450252533,0,clean,medium
/media/D1/ait_users/staff122/deepfake_project/outputs_deepfake_project/dfdc_subset_77_jpg/test/fake/fake_000362.jpg,fake,test,1,0.6809024810791016,1,clean,medium
/media/D1/ait_users/staff122/deepfake_project/outputs_deepfake_project/dfdc_subset_77_jpg/test/fake/fake_000363.jpg,fake,test,1,0.13759160041809082,0,clean,medium
/media/D1/ait_users/staff122/deepfake_project/outputs_deepfake_project/dfdc_subset_77_jpg/test/fake/fake_000364.jpg,fake,test,1,0.6579606533050537,1,clean,medium
/media/D1/ait_users/staff122/deepfake_project/outputs_deepfake_project/dfdc_subset_77_jpg/test/fake/fake_000365.jpg,fake,test,1,0.6303424835205078,1,clean,medium
/media/D1/ait_users/staff122/deepfake_project/outputs_deepfake_project/dfdc_subset_77_jpg/test/fake/fake_000366.jpg,fake,test,1,0.6323243975639343,1,clean,medium
/media/D1/ait_users/staff122/deepfake_project/outputs_deepfake_project/dfdc_subset_77_jpg/test/fake/fake_000367.jpg,fake,test,1,0.5495969653129578,1,clean,medium
/media/D1/ait_users/staff122/deepfake_project/outputs_deepfake_project/dfdc_subset_77_jpg/test/fake/fake_000368.jpg,fake,test,1,0.8264989256858826,1,clean,medium
/media/D1/ait_users/staff122/deepfake_project/outputs_deepfake_project/dfdc_subset_77_jpg/test/fake/fake_000369.jpg,fake,test,1,0.7374263405799866,1,clean,medium
/media/D1/ait_users/staff122/deepfake_project/outputs_deepfake_project/dfdc_subset_77_jpg/test/fake/fake_000370.jpg,fake,test,1,0.7604383230209351,1,clean,medium
/media/D1/ait_users/staff122/deepfake_project/outputs_deepfake_project/dfdc_subset_77_jpg/test/fake/fake_000371.jpg,fake,test,1,0.7882372736930847,1,clean,medium
/media/D1/ait_users/staff122/deepfake_project/outputs_deepfake_project/dfdc_subset_77_jpg/test/fake/fake_000372.jpg,fake,test,1,0.7314873933792114,1,clean,medium
/media/D1/ait_users/staff122/deepfake_project/outputs_deepfake_project/dfdc_subset_77_jpg/test/fake/fake_000373.jpg,fake,test,1,0.6105499267578125,1,clean,medium
/media/D1/ait_users/staff122/deepfake_project/outputs_deepfake_project/dfdc_subset_77_jpg/test/fake/fake_000374.jpg,fake,test,1,0.7150503396987915,1,clean,medium
/media/D1/ait_users/staff122/deepfake_project/outputs_deepfake_project/dfdc_subset_77_jpg/test/fake/fake_000375.jpg,fake,test,1,0.6624518036842346,1,clean,medium
/media/D1/ait_users/staff122/deepfake_project/outputs_deepfake_project/dfdc_subset_77_jpg/test/fake/fake_000376.jpg,fake,test,1,0.47278666496276855,0,clean,medium
/media/D1/ait_users/staff122/deepfake_project/outputs_deepfake_project/dfdc_subset_77_jpg/test/fake/fake_000377.jpg,fake,test,1,0.6505126357078552,1,clean,medium
/media/D1/ait_users/staff122/deepfake_project/outputs_deepfake_project/dfdc_subset_77_jpg/test/fake/fake_000378.jpg,fake,test,1,0.3482081890106201,0,clean,medium
/media/D1/ait_users/staff122/deepfake_project/outputs_deepfake_project/dfdc_subset_77_jpg/test/fake/fake_000379.jpg,fake,test,1,0.5166506171226501,1,clean,medium
/media/D1/ait_users/staff122/deepfake_project/outputs_deepfake_project/dfdc_subset_77_jpg/test/fake/fake_000380.jpg,fake,test,1,0.7366597056388855,1,clean,medium
/media/D1/ait_users/staff122/deepfake_project/outputs_deepfake_project/dfdc_subset_77_jpg/test/fake/fake_000381.jpg,fake,test,1,0.7280620336532593,1,clean,medium
/media/D1/ait_users/staff122/deepfake_project/outputs_deepfake_project/dfdc_subset_77_jpg/test/fake/fake_000382.jpg,fake,test,1,0.6219282746315002,1,clean,medium
/media/D1/ait_users/staff122/deepfake_project/outputs_deepfake_project/dfdc_subset_77_jpg/test/fake/fake_000383.jpg,fake,test,1,0.21453461050987244,0,clean,medium
/media/D1/ait_users/staff122/deepfake_project/outputs_deepfake_project/dfdc_subset_77_jpg/test/fake/fake_000384.jpg,fake,test,1,0.8517200946807861,1,clean,medium
/media/D1/ait_users/staff122/deepfake_project/outputs_deepfake_project/dfdc_subset_77_jpg/test/fake/fake_000385.jpg,fake,test,1,0.4192563593387604,0,clean,medium
/media/D1/ait_users/staff122/deepfake_project/outputs_deepfake_project/dfdc_subset_77_jpg/test/fake/fake_000386.jpg,fake,test,1,0.34046757221221924,0,clean,medium
/media/D1/ait_users/staff122/deepfake_project/outputs_deepfake_project/dfdc_subset_77_jpg/test/fake/fake_000387.jpg,fake,test,1,0.09924568235874176,0,clean,medium
/media/D1/ait_users/staff122/deepfake_project/outputs_deepfake_project/dfdc_subset_77_jpg/test/fake/fake_000388.jpg,fake,test,1,0.09160729497671127,0,clean,medium
/media/D1/ait_users/staff122/deepfake_project/outputs_deepfake_project/dfdc_subset_77_jpg/test/fake/fake_000389.jpg,fake,test,1,0.3459789454936981,0,clean,medium
/media/D1/ait_users/staff122/deepfake_project/outputs_deepfake_project/dfdc_subset_77_jpg/test/fake/fake_000390.jpg,fake,test,1,0.7024914622306824,1,clean,medium
/media/D1/ait_users/staff122/deepfake_project/outputs_deepfake_project/dfdc_subset_77_jpg/test/fake/fake_000391.jpg,fake,test,1,0.2751312255859375,0,clean,medium
/media/D1/ait_users/staff122/deepfake_project/outputs_deepfake_project/dfdc_subset_77_jpg/test/fake/fake_000392.jpg,fake,test,1,0.5874992609024048,1,clean,medium
/media/D1/ait_users/staff122/deepfake_project/outputs_deepfake_project/dfdc_subset_77_jpg/test/fake/fake_000393.jpg,fake,test,1,0.45653313398361206,0,clean,medium
/media/D1/ait_users/staff122/deepfake_project/outputs_deepfake_project/dfdc_subset_77_jpg/test/fake/fake_000394.jpg,fake,test,1,0.2741534411907196,0,clean,medium
/media/D1/ait_users/staff122/deepfake_project/outputs_deepfake_project/dfdc_subset_77_jpg/test/fake/fake_000395.jpg,fake,test,1,0.5405036211013794,1,clean,medium
/media/D1/ait_users/staff122/deepfake_project/outputs_deepfake_project/dfdc_subset_77_jpg/test/fake/fake_000396.jpg,fake,test,1,0.27930569648742676,0,clean,medium
/media/D1/ait_users/staff122/deepfake_project/outputs_deepfake_project/dfdc_subset_77_jpg/test/fake/fake_000397.jpg,fake,test,1,0.6081899404525757,1,clean,medium
/media/D1/ait_users/staff122/deepfake_project/outputs_deepfake_project/dfdc_subset_77_jpg/test/fake/fake_000398.jpg,fake,test,1,0.46494874358177185,0,clean,medium
/media/D1/ait_users/staff122/deepfake_project/outputs_deepfake_project/dfdc_subset_77_jpg/test/fake/fake_000399.jpg,fake,test,1,0.31923556327819824,0,clean,medium
/media/D1/ait_users/staff122/deepfake_project/outputs_deepfake_project/dfdc_subset_77_jpg/test/fake/fake_000400.jpg,fake,test,1,0.5677530169487,1,clean,medium
/media/D1/ait_users/staff122/deepfake_project/outputs_deepfake_project/dfdc_subset_77_jpg/test/fake/fake_000401.jpg,fake,test,1,0.2585549056529999,0,clean,medium
/media/D1/ait_users/staff122/deepfake_project/outputs_deepfake_project/dfdc_subset_77_jpg/test/fake/fake_000402.jpg,fake,test,1,0.4580491781234741,0,clean,medium
/media/D1/ait_users/staff122/deepfake_project/outputs_deepfake_project/dfdc_subset_77_jpg/test/fake/fake_000403.jpg,fake,test,1,0.4072133004665375,0,clean,medium
/media/D1/ait_users/staff122/deepfake_project/outputs_deepfake_project/dfdc_subset_77_jpg/test/fake/fake_000404.jpg,fake,test,1,0.4875856339931488,0,clean,medium
/media/D1/ait_users/staff122/deepfake_project/outputs_deepfake_project/dfdc_subset_77_jpg/test/fake/fake_000405.jpg,fake,test,1,0.11923336982727051,0,clean,medium
/media/D1/ait_users/staff122/deepfake_project/outputs_deepfake_project/dfdc_subset_77_jpg/test/fake/fake_000406.jpg,fake,test,1,0.1331923007965088,0,clean,medium
/media/D1/ait_users/staff122/deepfake_project/outputs_deepfake_project/dfdc_subset_77_jpg/test/fake/fake_000407.jpg,fake,test,1,0.2111320197582245,0,clean,medium
/media/D1/ait_users/staff122/deepfake_project/outputs_deepfake_project/dfdc_subset_77_jpg/test/fake/fake_000408.jpg,fake,test,1,0.3562985956668854,0,clean,medium
/media/D1/ait_users/staff122/deepfake_project/outputs_deepfake_project/dfdc_subset_77_jpg/test/fake/fake_000409.jpg,fake,test,1,0.12565846741199493,0,clean,medium
/media/D1/ait_users/staff122/deepfake_project/outputs_deepfake_project/dfdc_subset_77_jpg/test/fake/fake_000410.jpg,fake,test,1,0.11074861139059067,0,clean,medium
/media/D1/ait_users/staff122/deepfake_project/outputs_deepfake_project/dfdc_subset_77_jpg/test/fake/fake_000411.jpg,fake,test,1,0.2997364103794098,0,clean,medium
/media/D1/ait_users/staff122/deepfake_project/outputs_deepfake_project/dfdc_subset_77_jpg/test/fake/fake_000412.jpg,fake,test,1,0.26396891474723816,0,clean,medium
/media/D1/ait_users/staff122/deepfake_project/outputs_deepfake_project/dfdc_subset_77_jpg/test/fake/fake_000413.jpg,fake,test,1,0.10471392422914505,0,clean,medium
/media/D1/ait_users/staff122/deepfake_project/outputs_deepfake_project/dfdc_subset_77_jpg/test/fake/fake_000414.jpg,fake,test,1,0.38437870144844055,0,clean,medium
/media/D1/ait_users/staff122/deepfake_project/outputs_deepfake_project/dfdc_subset_77_jpg/test/fake/fake_000415.jpg,fake,test,1,0.6661351919174194,1,clean,medium
/media/D1/ait_users/staff122/deepfake_project/outputs_deepfake_project/dfdc_subset_77_jpg/test/fake/fake_000416.jpg,fake,test,1,0.6308383345603943,1,clean,medium
/media/D1/ait_users/staff122/deepfake_project/outputs_deepfake_project/dfdc_subset_77_jpg/test/fake/fake_000417.jpg,fake,test,1,0.672375500202179,1,clean,medium
/media/D1/ait_users/staff122/deepfake_project/outputs_deepfake_project/dfdc_subset_77_jpg/test/fake/fake_000418.jpg,fake,test,1,0.7006756067276001,1,clean,medium
/media/D1/ait_users/staff122/deepfake_project/outputs_deepfake_project/dfdc_subset_77_jpg/test/fake/fake_000419.jpg,fake,test,1,0.6752110123634338,1,clean,medium
/media/D1/ait_users/staff122/deepfake_project/outputs_deepfake_project/dfdc_subset_77_jpg/test/fake/fake_000420.jpg,fake,test,1,0.6581193804740906,1,clean,medium
/media/D1/ait_users/staff122/deepfake_project/outputs_deepfake_project/dfdc_subset_77_jpg/test/fake/fake_000421.jpg,fake,test,1,0.7228608131408691,1,clean,medium
/media/D1/ait_users/staff122/deepfake_project/outputs_deepfake_project/dfdc_subset_77_jpg/test/fake/fake_000422.jpg,fake,test,1,0.6826803684234619,1,clean,medium
/media/D1/ait_users/staff122/deepfake_project/outputs_deepfake_project/dfdc_subset_77_jpg/test/fake/fake_000423.jpg,fake,test,1,0.6815556287765503,1,clean,medium
/media/D1/ait_users/staff122/deepfake_project/outputs_deepfake_project/dfdc_subset_77_jpg/test/fake/fake_000424.jpg,fake,test,1,0.6715704798698425,1,clean,medium
/media/D1/ait_users/staff122/deepfake_project/outputs_deepfake_project/dfdc_subset_77_jpg/test/fake/fake_000425.jpg,fake,test,1,0.6850094795227051,1,clean,medium
/media/D1/ait_users/staff122/deepfake_project/outputs_deepfake_project/dfdc_subset_77_jpg/test/fake/fake_000426.jpg,fake,test,1,0.7141801118850708,1,clean,medium
/media/D1/ait_users/staff122/deepfake_project/outputs_deepfake_project/dfdc_subset_77_jpg/test/fake/fake_000427.jpg,fake,test,1,0.6519277095794678,1,clean,medium
/media/D1/ait_users/staff122/deepfake_project/outputs_deepfake_project/dfdc_subset_77_jpg/test/fake/fake_000428.jpg,fake,test,1,0.6158196330070496,1,clean,medium
/media/D1/ait_users/staff122/deepfake_project/outputs_deepfake_project/dfdc_subset_77_jpg/test/fake/fake_000429.jpg,fake,test,1,0.6877791881561279,1,clean,medium
/media/D1/ait_users/staff122/deepfake_project/outputs_deepfake_project/dfdc_subset_77_jpg/test/fake/fake_000430.jpg,fake,test,1,0.6642564535140991,1,clean,medium
/media/D1/ait_users/staff122/deepfake_project/outputs_deepfake_project/dfdc_subset_77_jpg/test/fake/fake_000431.jpg,fake,test,1,0.6626230478286743,1,clean,medium
/media/D1/ait_users/staff122/deepfake_project/outputs_deepfake_project/dfdc_subset_77_jpg/test/fake/fake_000432.jpg,fake,test,1,0.6599231362342834,1,clean,medium
/media/D1/ait_users/staff122/deepfake_project/outputs_deepfake_project/dfdc_subset_77_jpg/test/fake/fake_000433.jpg,fake,test,1,0.6459622383117676,1,clean,medium
/media/D1/ait_users/staff122/deepfake_project/outputs_deepfake_project/dfdc_subset_77_jpg/test/fake/fake_000434.jpg,fake,test,1,0.6704557538032532,1,clean,medium
/media/D1/ait_users/staff122/deepfake_project/outputs_deepfake_project/dfdc_subset_77_jpg/test/fake/fake_000435.jpg,fake,test,1,0.6015302538871765,1,clean,medium
/media/D1/ait_users/staff122/deepfake_project/outputs_deepfake_project/dfdc_subset_77_jpg/test/fake/fake_000436.jpg,fake,test,1,0.5940161943435669,1,clean,medium
/media/D1/ait_users/staff122/deepfake_project/outputs_deepfake_project/dfdc_subset_77_jpg/test/fake/fake_000437.jpg,fake,test,1,0.637958288192749,1,clean,medium
/media/D1/ait_users/staff122/deepfake_project/outputs_deepfake_project/dfdc_subset_77_jpg/test/fake/fake_000438.jpg,fake,test,1,0.6138304471969604,1,clean,medium
/media/D1/ait_users/staff122/deepfake_project/outputs_deepfake_project/dfdc_subset_77_jpg/test/fake/fake_000439.jpg,fake,test,1,0.6681279540061951,1,clean,medium
/media/D1/ait_users/staff122/deepfake_project/outputs_deepfake_project/dfdc_subset_77_jpg/test/fake/fake_000440.jpg,fake,test,1,0.7221717834472656,1,clean,medium
/media/D1/ait_users/staff122/deepfake_project/outputs_deepfake_project/dfdc_subset_77_jpg/test/fake/fake_000441.jpg,fake,test,1,0.7558606266975403,1,clean,medium
/media/D1/ait_users/staff122/deepfake_project/outputs_deepfake_project/dfdc_subset_77_jpg/test/fake/fake_000442.jpg,fake,test,1,0.784237802028656,1,clean,medium
/media/D1/ait_users/staff122/deepfake_project/outputs_deepfake_project/dfdc_subset_77_jpg/test/fake/fake_000443.jpg,fake,test,1,0.6988062262535095,1,clean,medium
/media/D1/ait_users/staff122/deepfake_project/outputs_deepfake_project/dfdc_subset_77_jpg/test/fake/fake_000444.jpg,fake,test,1,0.6462031006813049,1,clean,medium
/media/D1/ait_users/staff122/deepfake_project/outputs_deepfake_project/dfdc_subset_77_jpg/test/fake/fake_000445.jpg,fake,test,1,0.6464942693710327,1,clean,medium
/media/D1/ait_users/staff122/deepfake_project/outputs_deepfake_project/dfdc_subset_77_jpg/test/fake/fake_000446.jpg,fake,test,1,0.6932696104049683,1,clean,medium
/media/D1/ait_users/staff122/deepfake_project/outputs_deepfake_project/dfdc_subset_77_jpg/test/fake/fake_000447.jpg,fake,test,1,0.6450179219245911,1,clean,medium
/media/D1/ait_users/staff122/deepfake_project/outputs_deepfake_project/dfdc_subset_77_jpg/test/fake/fake_000448.jpg,fake,test,1,0.1172502413392067,0,clean,medium
/media/D1/ait_users/staff122/deepfake_project/outputs_deepfake_project/dfdc_subset_77_jpg/test/fake/fake_000449.jpg,fake,test,1,0.3083765506744385,0,clean,medium
/media/D1/ait_users/staff122/deepfake_project/outputs_deepfake_project/dfdc_subset_77_jpg/test/fake/fake_000450.jpg,fake,test,1,0.09543401747941971,0,clean,medium
/media/D1/ait_users/staff122/deepfake_project/outputs_deepfake_project/dfdc_subset_77_jpg/test/fake/fake_000451.jpg,fake,test,1,0.05523224547505379,0,clean,medium
/media/D1/ait_users/staff122/deepfake_project/outputs_deepfake_project/dfdc_subset_77_jpg/test/fake/fake_000452.jpg,fake,test,1,0.11994544416666031,0,clean,medium
/media/D1/ait_users/staff122/deepfake_project/outputs_deepfake_project/dfdc_subset_77_jpg/test/fake/fake_000453.jpg,fake,test,1,0.0038576603401452303,0,clean,medium
/media/D1/ait_users/staff122/deepfake_project/outputs_deepfake_project/dfdc_subset_77_jpg/test/fake/fake_000454.jpg,fake,test,1,0.0015147562371566892,0,clean,medium
/media/D1/ait_users/staff122/deepfake_project/outputs_deepfake_project/dfdc_subset_77_jpg/test/fake/fake_000455.jpg,fake,test,1,0.0018905678298324347,0,clean,medium
/media/D1/ait_users/staff122/deepfake_project/outputs_deepfake_project/dfdc_subset_77_jpg/test/fake/fake_000456.jpg,fake,test,1,0.11066661030054092,0,clean,medium
/media/D1/ait_users/staff122/deepfake_project/outputs_deepfake_project/dfdc_subset_77_jpg/test/fake/fake_000457.jpg,fake,test,1,0.8688823580741882,1,clean,medium
/media/D1/ait_users/staff122/deepfake_project/outputs_deepfake_project/dfdc_subset_77_jpg/test/fake/fake_000458.jpg,fake,test,1,0.024637121707201004,0,clean,medium
/media/D1/ait_users/staff122/deepfake_project/outputs_deepfake_project/dfdc_subset_77_jpg/test/fake/fake_000459.jpg,fake,test,1,0.07433931529521942,0,clean,medium
/media/D1/ait_users/staff122/deepfake_project/outputs_deepfake_project/dfdc_subset_77_jpg/test/fake/fake_000460.jpg,fake,test,1,0.19723379611968994,0,clean,medium
/media/D1/ait_users/staff122/deepfake_project/outputs_deepfake_project/dfdc_subset_77_jpg/test/fake/fake_000461.jpg,fake,test,1,0.042730409651994705,0,clean,medium
/media/D1/ait_users/staff122/deepfake_project/outputs_deepfake_project/dfdc_subset_77_jpg/test/fake/fake_000462.jpg,fake,test,1,0.1987161934375763,0,clean,medium
/media/D1/ait_users/staff122/deepfake_project/outputs_deepfake_project/dfdc_subset_77_jpg/test/fake/fake_000463.jpg,fake,test,1,0.9597229361534119,1,clean,medium
/media/D1/ait_users/staff122/deepfake_project/outputs_deepfake_project/dfdc_subset_77_jpg/test/fake/fake_000464.jpg,fake,test,1,0.004151631612330675,0,clean,medium
/media/D1/ait_users/staff122/deepfake_project/outputs_deepfake_project/dfdc_subset_77_jpg/test/fake/fake_000465.jpg,fake,test,1,0.014453313313424587,0,clean,medium
/media/D1/ait_users/staff122/deepfake_project/outputs_deepfake_project/dfdc_subset_77_jpg/test/fake/fake_000466.jpg,fake,test,1,0.007457222323864698,0,clean,medium
/media/D1/ait_users/staff122/deepfake_project/outputs_deepfake_project/dfdc_subset_77_jpg/test/fake/fake_000467.jpg,fake,test,1,0.00984448567032814,0,clean,medium
/media/D1/ait_users/staff122/deepfake_project/outputs_deepfake_project/dfdc_subset_77_jpg/test/fake/fake_000468.jpg,fake,test,1,0.003384976414963603,0,clean,medium
/media/D1/ait_users/staff122/deepfake_project/outputs_deepfake_project/dfdc_subset_77_jpg/test/fake/fake_000469.jpg,fake,test,1,0.021231723949313164,0,clean,medium
/media/D1/ait_users/staff122/deepfake_project/outputs_deepfake_project/dfdc_subset_77_jpg/test/fake/fake_000470.jpg,fake,test,1,0.026020945981144905,0,clean,medium
/media/D1/ait_users/staff122/deepfake_project/outputs_deepfake_project/dfdc_subset_77_jpg/test/fake/fake_000471.jpg,fake,test,1,0.8177579641342163,1,clean,medium
/media/D1/ait_users/staff122/deepfake_project/outputs_deepfake_project/dfdc_subset_77_jpg/test/fake/fake_000472.jpg,fake,test,1,0.1644577831029892,0,clean,medium
/media/D1/ait_users/staff122/deepfake_project/outputs_deepfake_project/dfdc_subset_77_jpg/test/fake/fake_000473.jpg,fake,test,1,0.8321564197540283,1,clean,medium
/media/D1/ait_users/staff122/deepfake_project/outputs_deepfake_project/dfdc_subset_77_jpg/test/fake/fake_000474.jpg,fake,test,1,0.5636247992515564,1,clean,medium
/media/D1/ait_users/staff122/deepfake_project/outputs_deepfake_project/dfdc_subset_77_jpg/test/fake/fake_000475.jpg,fake,test,1,0.2735525071620941,0,clean,medium
/media/D1/ait_users/staff122/deepfake_project/outputs_deepfake_project/dfdc_subset_77_jpg/test/fake/fake_000476.jpg,fake,test,1,0.17718589305877686,0,clean,medium
/media/D1/ait_users/staff122/deepfake_project/outputs_deepfake_project/dfdc_subset_77_jpg/test/fake/fake_000477.jpg,fake,test,1,0.11550070345401764,0,clean,medium
/media/D1/ait_users/staff122/deepfake_project/outputs_deepfake_project/dfdc_subset_77_jpg/test/fake/fake_000478.jpg,fake,test,1,0.7582279443740845,1,clean,medium
/media/D1/ait_users/staff122/deepfake_project/outputs_deepfake_project/dfdc_subset_77_jpg/test/fake/fake_000479.jpg,fake,test,1,0.10770175606012344,0,clean,medium
/media/D1/ait_users/staff122/deepfake_project/outputs_deepfake_project/dfdc_subset_77_jpg/test/fake/fake_000480.jpg,fake,test,1,0.7960423827171326,1,clean,medium
/media/D1/ait_users/staff122/deepfake_project/outputs_deepfake_project/dfdc_subset_77_jpg/test/fake/fake_000481.jpg,fake,test,1,0.31667545437812805,0,clean,medium
/media/D1/ait_users/staff122/deepfake_project/outputs_deepfake_project/dfdc_subset_77_jpg/test/fake/fake_000482.jpg,fake,test,1,0.4965354800224304,0,clean,medium
/media/D1/ait_users/staff122/deepfake_project/outputs_deepfake_project/dfdc_subset_77_jpg/test/fake/fake_000483.jpg,fake,test,1,0.2700238823890686,0,clean,medium
/media/D1/ait_users/staff122/deepfake_project/outputs_deepfake_project/dfdc_subset_77_jpg/test/fake/fake_000484.jpg,fake,test,1,0.22389636933803558,0,clean,medium
/media/D1/ait_users/staff122/deepfake_project/outputs_deepfake_project/dfdc_subset_77_jpg/test/fake/fake_000485.jpg,fake,test,1,0.09775800257921219,0,clean,medium
/media/D1/ait_users/staff122/deepfake_project/outputs_deepfake_project/dfdc_subset_77_jpg/test/fake/fake_000486.jpg,fake,test,1,0.1660427749156952,0,clean,medium
/media/D1/ait_users/staff122/deepfake_project/outputs_deepfake_project/dfdc_subset_77_jpg/test/fake/fake_000487.jpg,fake,test,1,0.21970027685165405,0,clean,medium
/media/D1/ait_users/staff122/deepfake_project/outputs_deepfake_project/dfdc_subset_77_jpg/test/fake/fake_000488.jpg,fake,test,1,0.6059086322784424,1,clean,medium
/media/D1/ait_users/staff122/deepfake_project/outputs_deepfake_project/dfdc_subset_77_jpg/test/fake/fake_000489.jpg,fake,test,1,0.6178414821624756,1,clean,medium
/media/D1/ait_users/staff122/deepfake_project/outputs_deepfake_project/dfdc_subset_77_jpg/test/fake/fake_000490.jpg,fake,test,1,0.8296570777893066,1,clean,medium
/media/D1/ait_users/staff122/deepfake_project/outputs_deepfake_project/dfdc_subset_77_jpg/test/fake/fake_000491.jpg,fake,test,1,0.5842224359512329,1,clean,medium
/media/D1/ait_users/staff122/deepfake_project/outputs_deepfake_project/dfdc_subset_77_jpg/test/fake/fake_000492.jpg,fake,test,1,0.27885451912879944,0,clean,medium
/media/D1/ait_users/staff122/deepfake_project/outputs_deepfake_project/dfdc_subset_77_jpg/test/fake/fake_000493.jpg,fake,test,1,0.8346279859542847,1,clean,medium
/media/D1/ait_users/staff122/deepfake_project/outputs_deepfake_project/dfdc_subset_77_jpg/test/fake/fake_000494.jpg,fake,test,1,0.9349697232246399,1,clean,medium
/media/D1/ait_users/staff122/deepfake_project/outputs_deepfake_project/dfdc_subset_77_jpg/test/fake/fake_000495.jpg,fake,test,1,0.8062728643417358,1,clean,medium
/media/D1/ait_users/staff122/deepfake_project/outputs_deepfake_project/dfdc_subset_77_jpg/test/fake/fake_000496.jpg,fake,test,1,0.9536698460578918,1,clean,medium
/media/D1/ait_users/staff122/deepfake_project/outputs_deepfake_project/dfdc_subset_77_jpg/test/fake/fake_000497.jpg,fake,test,1,0.2814626097679138,0,clean,medium
/media/D1/ait_users/staff122/deepfake_project/outputs_deepfake_project/dfdc_subset_77_jpg/test/fake/fake_000498.jpg,fake,test,1,0.2208797037601471,0,clean,medium
/media/D1/ait_users/staff122/deepfake_project/outputs_deepfake_project/dfdc_subset_77_jpg/test/fake/fake_000499.jpg,fake,test,1,0.1609639674425125,0,clean,medium
/media/D1/ait_users/staff122/deepfake_project/outputs_deepfake_project/dfdc_subset_77_jpg/test/fake/fake_000500.jpg,fake,test,1,0.7811002135276794,1,clean,medium
/media/D1/ait_users/staff122/deepfake_project/outputs_deepfake_project/dfdc_subset_77_jpg/test/fake/fake_000501.jpg,fake,test,1,0.800808846950531,1,clean,medium
/media/D1/ait_users/staff122/deepfake_project/outputs_deepfake_project/dfdc_subset_77_jpg/test/fake/fake_000502.jpg,fake,test,1,0.7824771404266357,1,clean,medium
/media/D1/ait_users/staff122/deepfake_project/outputs_deepfake_project/dfdc_subset_77_jpg/test/fake/fake_000503.jpg,fake,test,1,0.659332811832428,1,clean,medium
/media/D1/ait_users/staff122/deepfake_project/outputs_deepfake_project/dfdc_subset_77_jpg/test/fake/fake_000504.jpg,fake,test,1,0.22259515523910522,0,clean,medium
/media/D1/ait_users/staff122/deepfake_project/outputs_deepfake_project/dfdc_subset_77_jpg/test/fake/fake_000505.jpg,fake,test,1,0.3394888937473297,0,clean,medium
/media/D1/ait_users/staff122/deepfake_project/outputs_deepfake_project/dfdc_subset_77_jpg/test/fake/fake_000506.jpg,fake,test,1,0.25500449538230896,0,clean,medium
/media/D1/ait_users/staff122/deepfake_project/outputs_deepfake_project/dfdc_subset_77_jpg/test/fake/fake_000507.jpg,fake,test,1,0.06320248544216156,0,clean,medium
/media/D1/ait_users/staff122/deepfake_project/outputs_deepfake_project/dfdc_subset_77_jpg/test/fake/fake_000508.jpg,fake,test,1,0.10457546263933182,0,clean,medium
/media/D1/ait_users/staff122/deepfake_project/outputs_deepfake_project/dfdc_subset_77_jpg/test/fake/fake_000509.jpg,fake,test,1,0.5473902225494385,1,clean,medium
/media/D1/ait_users/staff122/deepfake_project/outputs_deepfake_project/dfdc_subset_77_jpg/test/fake/fake_000510.jpg,fake,test,1,0.8322064876556396,1,clean,medium
/media/D1/ait_users/staff122/deepfake_project/outputs_deepfake_project/dfdc_subset_77_jpg/test/fake/fake_000511.jpg,fake,test,1,0.4026729166507721,0,clean,medium
/media/D1/ait_users/staff122/deepfake_project/outputs_deepfake_project/dfdc_subset_77_jpg/test/fake/fake_000512.jpg,fake,test,1,0.3186924457550049,0,clean,medium
/media/D1/ait_users/staff122/deepfake_project/outputs_deepfake_project/dfdc_subset_77_jpg/test/fake/fake_000513.jpg,fake,test,1,0.41502925753593445,0,clean,medium
/media/D1/ait_users/staff122/deepfake_project/outputs_deepfake_project/dfdc_subset_77_jpg/test/fake/fake_000514.jpg,fake,test,1,0.20723861455917358,0,clean,medium
/media/D1/ait_users/staff122/deepfake_project/outputs_deepfake_project/dfdc_subset_77_jpg/test/fake/fake_000515.jpg,fake,test,1,0.08126839995384216,0,clean,medium
/media/D1/ait_users/staff122/deepfake_project/outputs_deepfake_project/dfdc_subset_77_jpg/test/fake/fake_000516.jpg,fake,test,1,0.08979979157447815,0,clean,medium
/media/D1/ait_users/staff122/deepfake_project/outputs_deepfake_project/dfdc_subset_77_jpg/test/fake/fake_000517.jpg,fake,test,1,0.1531800627708435,0,clean,medium
/media/D1/ait_users/staff122/deepfake_project/outputs_deepfake_project/dfdc_subset_77_jpg/test/fake/fake_000518.jpg,fake,test,1,0.06173911690711975,0,clean,medium
/media/D1/ait_users/staff122/deepfake_project/outputs_deepfake_project/dfdc_subset_77_jpg/test/fake/fake_000519.jpg,fake,test,1,0.2148916870355606,0,clean,medium
/media/D1/ait_users/staff122/deepfake_project/outputs_deepfake_project/dfdc_subset_77_jpg/test/fake/fake_000520.jpg,fake,test,1,0.21505321562290192,0,clean,medium
/media/D1/ait_users/staff122/deepfake_project/outputs_deepfake_project/dfdc_subset_77_jpg/test/fake/fake_000521.jpg,fake,test,1,0.06455013155937195,0,clean,medium
/media/D1/ait_users/staff122/deepfake_project/outputs_deepfake_project/dfdc_subset_77_jpg/test/fake/fake_000522.jpg,fake,test,1,0.23009735345840454,0,clean,medium
/media/D1/ait_users/staff122/deepfake_project/outputs_deepfake_project/dfdc_subset_77_jpg/test/fake/fake_000523.jpg,fake,test,1,0.17259980738162994,0,clean,medium
/media/D1/ait_users/staff122/deepfake_project/outputs_deepfake_project/dfdc_subset_77_jpg/test/fake/fake_000524.jpg,fake,test,1,0.1511659175157547,0,clean,medium
/media/D1/ait_users/staff122/deepfake_project/outputs_deepfake_project/dfdc_subset_77_jpg/test/fake/fake_000525.jpg,fake,test,1,0.26141002774238586,0,clean,medium
/media/D1/ait_users/staff122/deepfake_project/outputs_deepfake_project/dfdc_subset_77_jpg/test/fake/fake_000526.jpg,fake,test,1,0.1171460747718811,0,clean,medium
/media/D1/ait_users/staff122/deepfake_project/outputs_deepfake_project/dfdc_subset_77_jpg/test/fake/fake_000527.jpg,fake,test,1,0.0890696719288826,0,clean,medium
/media/D1/ait_users/staff122/deepfake_project/outputs_deepfake_project/dfdc_subset_77_jpg/test/fake/fake_000528.jpg,fake,test,1,0.20317432284355164,0,clean,medium
/media/D1/ait_users/staff122/deepfake_project/outputs_deepfake_project/dfdc_subset_77_jpg/test/fake/fake_000529.jpg,fake,test,1,0.29227215051651,0,clean,medium
/media/D1/ait_users/staff122/deepfake_project/outputs_deepfake_project/dfdc_subset_77_jpg/test/fake/fake_000530.jpg,fake,test,1,0.11347580701112747,0,clean,medium
/media/D1/ait_users/staff122/deepfake_project/outputs_deepfake_project/dfdc_subset_77_jpg/test/fake/fake_000531.jpg,fake,test,1,0.18091772496700287,0,clean,medium
/media/D1/ait_users/staff122/deepfake_project/outputs_deepfake_project/dfdc_subset_77_jpg/test/fake/fake_000532.jpg,fake,test,1,0.2377314418554306,0,clean,medium
/media/D1/ait_users/staff122/deepfake_project/outputs_deepfake_project/dfdc_subset_77_jpg/test/fake/fake_000533.jpg,fake,test,1,0.15559673309326172,0,clean,medium
/media/D1/ait_users/staff122/deepfake_project/outputs_deepfake_project/dfdc_subset_77_jpg/test/fake/fake_000534.jpg,fake,test,1,0.22313259541988373,0,clean,medium
/media/D1/ait_users/staff122/deepfake_project/outputs_deepfake_project/dfdc_subset_77_jpg/test/fake/fake_000535.jpg,fake,test,1,0.2277410924434662,0,clean,medium
/media/D1/ait_users/staff122/deepfake_project/outputs_deepfake_project/dfdc_subset_77_jpg/test/fake/fake_000536.jpg,fake,test,1,0.20003773272037506,0,clean,medium
/media/D1/ait_users/staff122/deepfake_project/outputs_deepfake_project/dfdc_subset_77_jpg/test/fake/fake_000537.jpg,fake,test,1,0.1986430585384369,0,clean,medium
/media/D1/ait_users/staff122/deepfake_project/outputs_deepfake_project/dfdc_subset_77_jpg/test/fake/fake_000538.jpg,fake,test,1,0.1476060003042221,0,clean,medium
/media/D1/ait_users/staff122/deepfake_project/outputs_deepfake_project/dfdc_subset_77_jpg/test/fake/fake_000539.jpg,fake,test,1,0.07231507450342178,0,clean,medium
/media/D1/ait_users/staff122/deepfake_project/outputs_deepfake_project/dfdc_subset_77_jpg/test/fake/fake_000540.jpg,fake,test,1,0.109556645154953,0,clean,medium
/media/D1/ait_users/staff122/deepfake_project/outputs_deepfake_project/dfdc_subset_77_jpg/test/fake/fake_000541.jpg,fake,test,1,0.17460156977176666,0,clean,medium
/media/D1/ait_users/staff122/deepfake_project/outputs_deepfake_project/dfdc_subset_77_jpg/test/fake/fake_000542.jpg,fake,test,1,0.18296439945697784,0,clean,medium
/media/D1/ait_users/staff122/deepfake_project/outputs_deepfake_project/dfdc_subset_77_jpg/test/fake/fake_000543.jpg,fake,test,1,0.24263176321983337,0,clean,medium
/media/D1/ait_users/staff122/deepfake_project/outputs_deepfake_project/dfdc_subset_77_jpg/test/fake/fake_000544.jpg,fake,test,1,0.2229703813791275,0,clean,medium
/media/D1/ait_users/staff122/deepfake_project/outputs_deepfake_project/dfdc_subset_77_jpg/test/fake/fake_000545.jpg,fake,test,1,0.10984177142381668,0,clean,medium
/media/D1/ait_users/staff122/deepfake_project/outputs_deepfake_project/dfdc_subset_77_jpg/test/fake/fake_000546.jpg,fake,test,1,0.3494549095630646,0,clean,medium
/media/D1/ait_users/staff122/deepfake_project/outputs_deepfake_project/dfdc_subset_77_jpg/test/fake/fake_000547.jpg,fake,test,1,0.209866464138031,0,clean,medium
/media/D1/ait_users/staff122/deepfake_project/outputs_deepfake_project/dfdc_subset_77_jpg/test/fake/fake_000548.jpg,fake,test,1,0.08461397886276245,0,clean,medium
/media/D1/ait_users/staff122/deepfake_project/outputs_deepfake_project/dfdc_subset_77_jpg/test/fake/fake_000549.jpg,fake,test,1,0.8929787874221802,1,clean,medium
/media/D1/ait_users/staff122/deepfake_project/outputs_deepfake_project/dfdc_subset_77_jpg/test/fake/fake_000550.jpg,fake,test,1,0.4229576885700226,0,clean,medium
/media/D1/ait_users/staff122/deepfake_project/outputs_deepfake_project/dfdc_subset_77_jpg/test/fake/fake_000551.jpg,fake,test,1,0.37607282400131226,0,clean,medium
/media/D1/ait_users/staff122/deepfake_project/outputs_deepfake_project/dfdc_subset_77_jpg/test/fake/fake_000552.jpg,fake,test,1,0.7896416187286377,1,clean,medium
/media/D1/ait_users/staff122/deepfake_project/outputs_deepfake_project/dfdc_subset_77_jpg/test/fake/fake_000553.jpg,fake,test,1,0.8245331645011902,1,clean,medium
/media/D1/ait_users/staff122/deepfake_project/outputs_deepfake_project/dfdc_subset_77_jpg/test/fake/fake_000554.jpg,fake,test,1,0.9214929938316345,1,clean,medium
/media/D1/ait_users/staff122/deepfake_project/outputs_deepfake_project/dfdc_subset_77_jpg/test/fake/fake_000555.jpg,fake,test,1,0.5966337323188782,1,clean,medium
/media/D1/ait_users/staff122/deepfake_project/outputs_deepfake_project/dfdc_subset_77_jpg/test/fake/fake_000556.jpg,fake,test,1,0.776524543762207,1,clean,medium
/media/D1/ait_users/staff122/deepfake_project/outputs_deepfake_project/dfdc_subset_77_jpg/test/fake/fake_000557.jpg,fake,test,1,0.36086323857307434,0,clean,medium
/media/D1/ait_users/staff122/deepfake_project/outputs_deepfake_project/dfdc_subset_77_jpg/test/fake/fake_000558.jpg,fake,test,1,0.6475686430931091,1,clean,medium
/media/D1/ait_users/staff122/deepfake_project/outputs_deepfake_project/dfdc_subset_77_jpg/test/fake/fake_000559.jpg,fake,test,1,0.9083325266838074,1,clean,medium
/media/D1/ait_users/staff122/deepfake_project/outputs_deepfake_project/dfdc_subset_77_jpg/test/fake/fake_000560.jpg,fake,test,1,0.8824535012245178,1,clean,medium
/media/D1/ait_users/staff122/deepfake_project/outputs_deepfake_project/dfdc_subset_77_jpg/test/fake/fake_000561.jpg,fake,test,1,0.9832854866981506,1,clean,medium
/media/D1/ait_users/staff122/deepfake_project/outputs_deepfake_project/dfdc_subset_77_jpg/test/fake/fake_000562.jpg,fake,test,1,0.15763497352600098,0,clean,medium
/media/D1/ait_users/staff122/deepfake_project/outputs_deepfake_project/dfdc_subset_77_jpg/test/fake/fake_000563.jpg,fake,test,1,0.8867053985595703,1,clean,medium
/media/D1/ait_users/staff122/deepfake_project/outputs_deepfake_project/dfdc_subset_77_jpg/test/fake/fake_000564.jpg,fake,test,1,0.8140154480934143,1,clean,medium
/media/D1/ait_users/staff122/deepfake_project/outputs_deepfake_project/dfdc_subset_77_jpg/test/fake/fake_000565.jpg,fake,test,1,0.6559327840805054,1,clean,medium
/media/D1/ait_users/staff122/deepfake_project/outputs_deepfake_project/dfdc_subset_77_jpg/test/fake/fake_000566.jpg,fake,test,1,0.9072734713554382,1,clean,medium
/media/D1/ait_users/staff122/deepfake_project/outputs_deepfake_project/dfdc_subset_77_jpg/test/fake/fake_000567.jpg,fake,test,1,0.17619231343269348,0,clean,medium
/media/D1/ait_users/staff122/deepfake_project/outputs_deepfake_project/dfdc_subset_77_jpg/test/fake/fake_000568.jpg,fake,test,1,0.515934944152832,1,clean,medium
/media/D1/ait_users/staff122/deepfake_project/outputs_deepfake_project/dfdc_subset_77_jpg/test/fake/fake_000569.jpg,fake,test,1,0.26025649905204773,0,clean,medium
/media/D1/ait_users/staff122/deepfake_project/outputs_deepfake_project/dfdc_subset_77_jpg/test/fake/fake_000570.jpg,fake,test,1,0.3455996513366699,0,clean,medium
/media/D1/ait_users/staff122/deepfake_project/outputs_deepfake_project/dfdc_subset_77_jpg/test/fake/fake_000571.jpg,fake,test,1,0.7516711354255676,1,clean,medium
/media/D1/ait_users/staff122/deepfake_project/outputs_deepfake_project/dfdc_subset_77_jpg/test/fake/fake_000572.jpg,fake,test,1,0.4749886393547058,0,clean,medium
/media/D1/ait_users/staff122/deepfake_project/outputs_deepfake_project/dfdc_subset_77_jpg/test/fake/fake_000573.jpg,fake,test,1,0.772519052028656,1,clean,medium
/media/D1/ait_users/staff122/deepfake_project/outputs_deepfake_project/dfdc_subset_77_jpg/test/fake/fake_000574.jpg,fake,test,1,0.7948787808418274,1,clean,medium
/media/D1/ait_users/staff122/deepfake_project/outputs_deepfake_project/dfdc_subset_77_jpg/test/fake/fake_000575.jpg,fake,test,1,0.8552107810974121,1,clean,medium
/media/D1/ait_users/staff122/deepfake_project/outputs_deepfake_project/dfdc_subset_77_jpg/test/fake/fake_000576.jpg,fake,test,1,0.954275906085968,1,clean,medium
/media/D1/ait_users/staff122/deepfake_project/outputs_deepfake_project/dfdc_subset_77_jpg/test/fake/fake_000577.jpg,fake,test,1,0.8128242492675781,1,clean,medium
/media/D1/ait_users/staff122/deepfake_project/outputs_deepfake_project/dfdc_subset_77_jpg/test/fake/fake_000578.jpg,fake,test,1,0.9162573218345642,1,clean,medium
/media/D1/ait_users/staff122/deepfake_project/outputs_deepfake_project/dfdc_subset_77_jpg/test/fake/fake_000579.jpg,fake,test,1,0.9627512097358704,1,clean,medium
/media/D1/ait_users/staff122/deepfake_project/outputs_deepfake_project/dfdc_subset_77_jpg/test/fake/fake_000580.jpg,fake,test,1,0.8991636633872986,1,clean,medium
/media/D1/ait_users/staff122/deepfake_project/outputs_deepfake_project/dfdc_subset_77_jpg/test/fake/fake_000581.jpg,fake,test,1,0.7097210884094238,1,clean,medium
/media/D1/ait_users/staff122/deepfake_project/outputs_deepfake_project/dfdc_subset_77_jpg/test/fake/fake_000582.jpg,fake,test,1,0.9808331727981567,1,clean,medium
/media/D1/ait_users/staff122/deepfake_project/outputs_deepfake_project/dfdc_subset_77_jpg/test/fake/fake_000583.jpg,fake,test,1,0.5932162404060364,1,clean,medium
/media/D1/ait_users/staff122/deepfake_project/outputs_deepfake_project/dfdc_subset_77_jpg/test/fake/fake_000584.jpg,fake,test,1,0.8085841536521912,1,clean,medium
/media/D1/ait_users/staff122/deepfake_project/outputs_deepfake_project/dfdc_subset_77_jpg/test/fake/fake_000585.jpg,fake,test,1,0.9967420697212219,1,clean,medium
/media/D1/ait_users/staff122/deepfake_project/outputs_deepfake_project/dfdc_subset_77_jpg/test/fake/fake_000586.jpg,fake,test,1,0.9948241710662842,1,clean,medium
/media/D1/ait_users/staff122/deepfake_project/outputs_deepfake_project/dfdc_subset_77_jpg/test/fake/fake_000587.jpg,fake,test,1,0.3440617024898529,0,clean,medium
/media/D1/ait_users/staff122/deepfake_project/outputs_deepfake_project/dfdc_subset_77_jpg/test/fake/fake_000588.jpg,fake,test,1,0.7561803460121155,1,clean,medium
/media/D1/ait_users/staff122/deepfake_project/outputs_deepfake_project/dfdc_subset_77_jpg/test/fake/fake_000589.jpg,fake,test,1,0.9114477634429932,1,clean,medium
/media/D1/ait_users/staff122/deepfake_project/outputs_deepfake_project/dfdc_subset_77_jpg/test/fake/fake_000590.jpg,fake,test,1,0.8930035829544067,1,clean,medium
/media/D1/ait_users/staff122/deepfake_project/outputs_deepfake_project/dfdc_subset_77_jpg/test/fake/fake_000591.jpg,fake,test,1,0.9691265225410461,1,clean,medium
/media/D1/ait_users/staff122/deepfake_project/outputs_deepfake_project/dfdc_subset_77_jpg/test/fake/fake_000592.jpg,fake,test,1,0.5627726316452026,1,clean,medium
/media/D1/ait_users/staff122/deepfake_project/outputs_deepfake_project/dfdc_subset_77_jpg/test/fake/fake_000593.jpg,fake,test,1,0.8848820924758911,1,clean,medium
/media/D1/ait_users/staff122/deepfake_project/outputs_deepfake_project/dfdc_subset_77_jpg/test/fake/fake_000594.jpg,fake,test,1,0.9890272617340088,1,clean,medium
/media/D1/ait_users/staff122/deepfake_project/outputs_deepfake_project/dfdc_subset_77_jpg/test/fake/fake_000595.jpg,fake,test,1,0.8522101640701294,1,clean,medium
/media/D1/ait_users/staff122/deepfake_project/outputs_deepfake_project/dfdc_subset_77_jpg/test/fake/fake_000596.jpg,fake,test,1,0.9007993936538696,1,clean,medium
/media/D1/ait_users/staff122/deepfake_project/outputs_deepfake_project/dfdc_subset_77_jpg/test/fake/fake_000597.jpg,fake,test,1,0.9436202049255371,1,clean,medium
/media/D1/ait_users/staff122/deepfake_project/outputs_deepfake_project/dfdc_subset_77_jpg/test/fake/fake_000598.jpg,fake,test,1,0.9203388690948486,1,clean,medium
/media/D1/ait_users/staff122/deepfake_project/outputs_deepfake_project/dfdc_subset_77_jpg/test/fake/fake_000599.jpg,fake,test,1,0.7799210548400879,1,clean,medium
/media/D1/ait_users/staff122/deepfake_project/outputs_deepfake_project/dfdc_subset_77_jpg/test/fake/fake_000600.jpg,fake,test,1,0.8818895816802979,1,clean,medium
/media/D1/ait_users/staff122/deepfake_project/outputs_deepfake_project/dfdc_subset_77_jpg/test/fake/fake_000601.jpg,fake,test,1,0.972402811050415,1,clean,medium
/media/D1/ait_users/staff122/deepfake_project/outputs_deepfake_project/dfdc_subset_77_jpg/test/fake/fake_000602.jpg,fake,test,1,0.6707659363746643,1,clean,medium
/media/D1/ait_users/staff122/deepfake_project/outputs_deepfake_project/dfdc_subset_77_jpg/test/fake/fake_000603.jpg,fake,test,1,0.9817801117897034,1,clean,medium
/media/D1/ait_users/staff122/deepfake_project/outputs_deepfake_project/dfdc_subset_77_jpg/test/fake/fake_000604.jpg,fake,test,1,0.7899026274681091,1,clean,medium
/media/D1/ait_users/staff122/deepfake_project/outputs_deepfake_project/dfdc_subset_77_jpg/test/fake/fake_000605.jpg,fake,test,1,0.17283640801906586,0,clean,medium
/media/D1/ait_users/staff122/deepfake_project/outputs_deepfake_project/dfdc_subset_77_jpg/test/fake/fake_000606.jpg,fake,test,1,0.6692012548446655,1,clean,medium
/media/D1/ait_users/staff122/deepfake_project/outputs_deepfake_project/dfdc_subset_77_jpg/test/fake/fake_000607.jpg,fake,test,1,0.9351845383644104,1,clean,medium
/media/D1/ait_users/staff122/deepfake_project/outputs_deepfake_project/dfdc_subset_77_jpg/test/fake/fake_000608.jpg,fake,test,1,0.9862386584281921,1,clean,medium
/media/D1/ait_users/staff122/deepfake_project/outputs_deepfake_project/dfdc_subset_77_jpg/test/fake/fake_000609.jpg,fake,test,1,0.9752217531204224,1,clean,medium
/media/D1/ait_users/staff122/deepfake_project/outputs_deepfake_project/dfdc_subset_77_jpg/test/fake/fake_000610.jpg,fake,test,1,0.984606921672821,1,clean,medium
/media/D1/ait_users/staff122/deepfake_project/outputs_deepfake_project/dfdc_subset_77_jpg/test/fake/fake_000611.jpg,fake,test,1,0.9557322263717651,1,clean,medium
/media/D1/ait_users/staff122/deepfake_project/outputs_deepfake_project/dfdc_subset_77_jpg/test/fake/fake_000612.jpg,fake,test,1,0.9945226907730103,1,clean,medium
/media/D1/ait_users/staff122/deepfake_project/outputs_deepfake_project/dfdc_subset_77_jpg/test/fake/fake_000613.jpg,fake,test,1,0.9865922331809998,1,clean,medium
/media/D1/ait_users/staff122/deepfake_project/outputs_deepfake_project/dfdc_subset_77_jpg/test/fake/fake_000614.jpg,fake,test,1,0.9793766736984253,1,clean,medium
/media/D1/ait_users/staff122/deepfake_project/outputs_deepfake_project/dfdc_subset_77_jpg/test/fake/fake_000615.jpg,fake,test,1,0.9871169924736023,1,clean,medium
/media/D1/ait_users/staff122/deepfake_project/outputs_deepfake_project/dfdc_subset_77_jpg/test/fake/fake_000616.jpg,fake,test,1,0.980688214302063,1,clean,medium
/media/D1/ait_users/staff122/deepfake_project/outputs_deepfake_project/dfdc_subset_77_jpg/test/fake/fake_000617.jpg,fake,test,1,0.7835378646850586,1,clean,medium
/media/D1/ait_users/staff122/deepfake_project/outputs_deepfake_project/dfdc_subset_77_jpg/test/fake/fake_000618.jpg,fake,test,1,0.6837060451507568,1,clean,medium
/media/D1/ait_users/staff122/deepfake_project/outputs_deepfake_project/dfdc_subset_77_jpg/test/fake/fake_000619.jpg,fake,test,1,0.27331119775772095,0,clean,medium
/media/D1/ait_users/staff122/deepfake_project/outputs_deepfake_project/dfdc_subset_77_jpg/test/fake/fake_000620.jpg,fake,test,1,0.14326082170009613,0,clean,medium
/media/D1/ait_users/staff122/deepfake_project/outputs_deepfake_project/dfdc_subset_77_jpg/test/fake/fake_000621.jpg,fake,test,1,0.3478448987007141,0,clean,medium
/media/D1/ait_users/staff122/deepfake_project/outputs_deepfake_project/dfdc_subset_77_jpg/test/fake/fake_000622.jpg,fake,test,1,0.4501706063747406,0,clean,medium
/media/D1/ait_users/staff122/deepfake_project/outputs_deepfake_project/dfdc_subset_77_jpg/test/fake/fake_000623.jpg,fake,test,1,0.825319766998291,1,clean,medium
/media/D1/ait_users/staff122/deepfake_project/outputs_deepfake_project/dfdc_subset_77_jpg/test/fake/fake_000624.jpg,fake,test,1,0.9936356544494629,1,clean,medium
/media/D1/ait_users/staff122/deepfake_project/outputs_deepfake_project/dfdc_subset_77_jpg/test/fake/fake_000625.jpg,fake,test,1,0.7107853889465332,1,clean,medium
/media/D1/ait_users/staff122/deepfake_project/outputs_deepfake_project/dfdc_subset_77_jpg/test/fake/fake_000626.jpg,fake,test,1,0.5107519626617432,1,clean,medium
/media/D1/ait_users/staff122/deepfake_project/outputs_deepfake_project/dfdc_subset_77_jpg/test/fake/fake_000627.jpg,fake,test,1,0.8801047205924988,1,clean,medium
/media/D1/ait_users/staff122/deepfake_project/outputs_deepfake_project/dfdc_subset_77_jpg/test/fake/fake_000628.jpg,fake,test,1,0.9861225485801697,1,clean,medium
/media/D1/ait_users/staff122/deepfake_project/outputs_deepfake_project/dfdc_subset_77_jpg/test/fake/fake_000629.jpg,fake,test,1,0.9768673181533813,1,clean,medium
/media/D1/ait_users/staff122/deepfake_project/outputs_deepfake_project/dfdc_subset_77_jpg/test/fake/fake_000630.jpg,fake,test,1,0.7998413443565369,1,clean,medium
/media/D1/ait_users/staff122/deepfake_project/outputs_deepfake_project/dfdc_subset_77_jpg/test/fake/fake_000631.jpg,fake,test,1,0.5511615872383118,1,clean,medium
/media/D1/ait_users/staff122/deepfake_project/outputs_deepfake_project/dfdc_subset_77_jpg/test/fake/fake_000632.jpg,fake,test,1,0.7483090162277222,1,clean,medium
/media/D1/ait_users/staff122/deepfake_project/outputs_deepfake_project/dfdc_subset_77_jpg/test/fake/fake_000633.jpg,fake,test,1,0.8250332474708557,1,clean,medium
/media/D1/ait_users/staff122/deepfake_project/outputs_deepfake_project/dfdc_subset_77_jpg/test/fake/fake_000634.jpg,fake,test,1,0.9380471706390381,1,clean,medium
/media/D1/ait_users/staff122/deepfake_project/outputs_deepfake_project/dfdc_subset_77_jpg/test/fake/fake_000635.jpg,fake,test,1,0.3445601463317871,0,clean,medium
/media/D1/ait_users/staff122/deepfake_project/outputs_deepfake_project/dfdc_subset_77_jpg/test/fake/fake_000636.jpg,fake,test,1,0.2897213101387024,0,clean,medium
/media/D1/ait_users/staff122/deepfake_project/outputs_deepfake_project/dfdc_subset_77_jpg/test/fake/fake_000637.jpg,fake,test,1,0.13731108605861664,0,clean,medium
/media/D1/ait_users/staff122/deepfake_project/outputs_deepfake_project/dfdc_subset_77_jpg/test/fake/fake_000638.jpg,fake,test,1,0.13206486403942108,0,clean,medium
/media/D1/ait_users/staff122/deepfake_project/outputs_deepfake_project/dfdc_subset_77_jpg/test/fake/fake_000639.jpg,fake,test,1,0.299168199300766,0,clean,medium
/media/D1/ait_users/staff122/deepfake_project/outputs_deepfake_project/dfdc_subset_77_jpg/test/fake/fake_000640.jpg,fake,test,1,0.03328218683600426,0,clean,medium
/media/D1/ait_users/staff122/deepfake_project/outputs_deepfake_project/dfdc_subset_77_jpg/test/fake/fake_000641.jpg,fake,test,1,0.2590792775154114,0,clean,medium
/media/D1/ait_users/staff122/deepfake_project/outputs_deepfake_project/dfdc_subset_77_jpg/test/fake/fake_000642.jpg,fake,test,1,0.09250801801681519,0,clean,medium
/media/D1/ait_users/staff122/deepfake_project/outputs_deepfake_project/dfdc_subset_77_jpg/test/fake/fake_000643.jpg,fake,test,1,0.005670961458235979,0,clean,medium
/media/D1/ait_users/staff122/deepfake_project/outputs_deepfake_project/dfdc_subset_77_jpg/test/fake/fake_000644.jpg,fake,test,1,0.029353631660342216,0,clean,medium
/media/D1/ait_users/staff122/deepfake_project/outputs_deepfake_project/dfdc_subset_77_jpg/test/fake/fake_000645.jpg,fake,test,1,0.04744953289628029,0,clean,medium
/media/D1/ait_users/staff122/deepfake_project/outputs_deepfake_project/dfdc_subset_77_jpg/test/fake/fake_000646.jpg,fake,test,1,0.02350551262497902,0,clean,medium
/media/D1/ait_users/staff122/deepfake_project/outputs_deepfake_project/dfdc_subset_77_jpg/test/fake/fake_000647.jpg,fake,test,1,0.06515466421842575,0,clean,medium
/media/D1/ait_users/staff122/deepfake_project/outputs_deepfake_project/dfdc_subset_77_jpg/test/fake/fake_000648.jpg,fake,test,1,0.053542010486125946,0,clean,medium
/media/D1/ait_users/staff122/deepfake_project/outputs_deepfake_project/dfdc_subset_77_jpg/test/fake/fake_000649.jpg,fake,test,1,0.40835970640182495,0,clean,medium
/media/D1/ait_users/staff122/deepfake_project/outputs_deepfake_project/dfdc_subset_77_jpg/test/fake/fake_000650.jpg,fake,test,1,0.31201037764549255,0,clean,medium
/media/D1/ait_users/staff122/deepfake_project/outputs_deepfake_project/dfdc_subset_77_jpg/test/fake/fake_000651.jpg,fake,test,1,0.10603219270706177,0,clean,medium
/media/D1/ait_users/staff122/deepfake_project/outputs_deepfake_project/dfdc_subset_77_jpg/test/fake/fake_000652.jpg,fake,test,1,0.5176851749420166,1,clean,medium
/media/D1/ait_users/staff122/deepfake_project/outputs_deepfake_project/dfdc_subset_77_jpg/test/fake/fake_000653.jpg,fake,test,1,0.37215784192085266,0,clean,medium
/media/D1/ait_users/staff122/deepfake_project/outputs_deepfake_project/dfdc_subset_77_jpg/test/fake/fake_000654.jpg,fake,test,1,0.2572481334209442,0,clean,medium
/media/D1/ait_users/staff122/deepfake_project/outputs_deepfake_project/dfdc_subset_77_jpg/test/fake/fake_000655.jpg,fake,test,1,0.873272716999054,1,clean,medium
/media/D1/ait_users/staff122/deepfake_project/outputs_deepfake_project/dfdc_subset_77_jpg/test/fake/fake_000656.jpg,fake,test,1,0.11586660891771317,0,clean,medium
/media/D1/ait_users/staff122/deepfake_project/outputs_deepfake_project/dfdc_subset_77_jpg/test/fake/fake_000657.jpg,fake,test,1,0.05991920083761215,0,clean,medium
/media/D1/ait_users/staff122/deepfake_project/outputs_deepfake_project/dfdc_subset_77_jpg/test/fake/fake_000658.jpg,fake,test,1,0.013714971952140331,0,clean,medium
/media/D1/ait_users/staff122/deepfake_project/outputs_deepfake_project/dfdc_subset_77_jpg/test/fake/fake_000659.jpg,fake,test,1,0.08428774774074554,0,clean,medium
/media/D1/ait_users/staff122/deepfake_project/outputs_deepfake_project/dfdc_subset_77_jpg/test/fake/fake_000660.jpg,fake,test,1,0.8878911137580872,1,clean,medium
/media/D1/ait_users/staff122/deepfake_project/outputs_deepfake_project/dfdc_subset_77_jpg/test/fake/fake_000661.jpg,fake,test,1,0.07785610109567642,0,clean,medium
/media/D1/ait_users/staff122/deepfake_project/outputs_deepfake_project/dfdc_subset_77_jpg/test/fake/fake_000662.jpg,fake,test,1,0.6124810576438904,1,clean,medium
/media/D1/ait_users/staff122/deepfake_project/outputs_deepfake_project/dfdc_subset_77_jpg/test/fake/fake_000663.jpg,fake,test,1,0.18948546051979065,0,clean,medium
/media/D1/ait_users/staff122/deepfake_project/outputs_deepfake_project/dfdc_subset_77_jpg/test/fake/fake_000664.jpg,fake,test,1,0.009390909224748611,0,clean,medium
/media/D1/ait_users/staff122/deepfake_project/outputs_deepfake_project/dfdc_subset_77_jpg/test/fake/fake_000665.jpg,fake,test,1,0.00707502756267786,0,clean,medium
/media/D1/ait_users/staff122/deepfake_project/outputs_deepfake_project/dfdc_subset_77_jpg/test/fake/fake_000666.jpg,fake,test,1,0.0034618123900145292,0,clean,medium
/media/D1/ait_users/staff122/deepfake_project/outputs_deepfake_project/dfdc_subset_77_jpg/test/fake/fake_000667.jpg,fake,test,1,0.7445929646492004,1,clean,medium
/media/D1/ait_users/staff122/deepfake_project/outputs_deepfake_project/dfdc_subset_77_jpg/test/fake/fake_000668.jpg,fake,test,1,0.05981888249516487,0,clean,medium
/media/D1/ait_users/staff122/deepfake_project/outputs_deepfake_project/dfdc_subset_77_jpg/test/fake/fake_000669.jpg,fake,test,1,0.04459690675139427,0,clean,medium
/media/D1/ait_users/staff122/deepfake_project/outputs_deepfake_project/dfdc_subset_77_jpg/test/fake/fake_000670.jpg,fake,test,1,0.026452042162418365,0,clean,medium
/media/D1/ait_users/staff122/deepfake_project/outputs_deepfake_project/dfdc_subset_77_jpg/test/fake/fake_000671.jpg,fake,test,1,0.04548143595457077,0,clean,medium
/media/D1/ait_users/staff122/deepfake_project/outputs_deepfake_project/dfdc_subset_77_jpg/test/fake/fake_000672.jpg,fake,test,1,0.8062837719917297,1,clean,medium
/media/D1/ait_users/staff122/deepfake_project/outputs_deepfake_project/dfdc_subset_77_jpg/test/fake/fake_000673.jpg,fake,test,1,0.4893797039985657,0,clean,medium
/media/D1/ait_users/staff122/deepfake_project/outputs_deepfake_project/dfdc_subset_77_jpg/test/fake/fake_000674.jpg,fake,test,1,0.5482919216156006,1,clean,medium
/media/D1/ait_users/staff122/deepfake_project/outputs_deepfake_project/dfdc_subset_77_jpg/test/fake/fake_000675.jpg,fake,test,1,0.9387186765670776,1,clean,medium
/media/D1/ait_users/staff122/deepfake_project/outputs_deepfake_project/dfdc_subset_77_jpg/test/fake/fake_000676.jpg,fake,test,1,0.8447227478027344,1,clean,medium
/media/D1/ait_users/staff122/deepfake_project/outputs_deepfake_project/dfdc_subset_77_jpg/test/fake/fake_000677.jpg,fake,test,1,0.9257235527038574,1,clean,medium
/media/D1/ait_users/staff122/deepfake_project/outputs_deepfake_project/dfdc_subset_77_jpg/test/fake/fake_000678.jpg,fake,test,1,0.9917422533035278,1,clean,medium
/media/D1/ait_users/staff122/deepfake_project/outputs_deepfake_project/dfdc_subset_77_jpg/test/fake/fake_000679.jpg,fake,test,1,0.9722559452056885,1,clean,medium
/media/D1/ait_users/staff122/deepfake_project/outputs_deepfake_project/dfdc_subset_77_jpg/test/fake/fake_000680.jpg,fake,test,1,0.9910577535629272,1,clean,medium
/media/D1/ait_users/staff122/deepfake_project/outputs_deepfake_project/dfdc_subset_77_jpg/test/fake/fake_000681.jpg,fake,test,1,0.9986446499824524,1,clean,medium
/media/D1/ait_users/staff122/deepfake_project/outputs_deepfake_project/dfdc_subset_77_jpg/test/fake/fake_000682.jpg,fake,test,1,0.9973688125610352,1,clean,medium
/media/D1/ait_users/staff122/deepfake_project/outputs_deepfake_project/dfdc_subset_77_jpg/test/fake/fake_000683.jpg,fake,test,1,0.998635470867157,1,clean,medium
/media/D1/ait_users/staff122/deepfake_project/outputs_deepfake_project/dfdc_subset_77_jpg/test/fake/fake_000684.jpg,fake,test,1,0.996315062046051,1,clean,medium
/media/D1/ait_users/staff122/deepfake_project/outputs_deepfake_project/dfdc_subset_77_jpg/test/fake/fake_000685.jpg,fake,test,1,0.998961329460144,1,clean,medium
/media/D1/ait_users/staff122/deepfake_project/outputs_deepfake_project/dfdc_subset_77_jpg/test/fake/fake_000686.jpg,fake,test,1,0.7993233799934387,1,clean,medium
/media/D1/ait_users/staff122/deepfake_project/outputs_deepfake_project/dfdc_subset_77_jpg/test/fake/fake_000687.jpg,fake,test,1,0.7340309619903564,1,clean,medium
/media/D1/ait_users/staff122/deepfake_project/outputs_deepfake_project/dfdc_subset_77_jpg/test/fake/fake_000688.jpg,fake,test,1,0.9539417624473572,1,clean,medium
/media/D1/ait_users/staff122/deepfake_project/outputs_deepfake_project/dfdc_subset_77_jpg/test/fake/fake_000689.jpg,fake,test,1,0.4389234781265259,0,clean,medium
/media/D1/ait_users/staff122/deepfake_project/outputs_deepfake_project/dfdc_subset_77_jpg/test/fake/fake_000690.jpg,fake,test,1,0.9523405432701111,1,clean,medium
/media/D1/ait_users/staff122/deepfake_project/outputs_deepfake_project/dfdc_subset_77_jpg/test/fake/fake_000691.jpg,fake,test,1,0.5124207139015198,1,clean,medium
/media/D1/ait_users/staff122/deepfake_project/outputs_deepfake_project/dfdc_subset_77_jpg/test/fake/fake_000692.jpg,fake,test,1,0.3851826786994934,0,clean,medium
/media/D1/ait_users/staff122/deepfake_project/outputs_deepfake_project/dfdc_subset_77_jpg/test/fake/fake_000693.jpg,fake,test,1,0.8153108954429626,1,clean,medium
/media/D1/ait_users/staff122/deepfake_project/outputs_deepfake_project/dfdc_subset_77_jpg/test/fake/fake_000694.jpg,fake,test,1,0.8066781163215637,1,clean,medium
/media/D1/ait_users/staff122/deepfake_project/outputs_deepfake_project/dfdc_subset_77_jpg/test/fake/fake_000695.jpg,fake,test,1,0.8375956416130066,1,clean,medium
/media/D1/ait_users/staff122/deepfake_project/outputs_deepfake_project/dfdc_subset_77_jpg/test/fake/fake_000696.jpg,fake,test,1,0.8885096311569214,1,clean,medium
/media/D1/ait_users/staff122/deepfake_project/outputs_deepfake_project/dfdc_subset_77_jpg/test/fake/fake_000697.jpg,fake,test,1,0.8898480534553528,1,clean,medium
/media/D1/ait_users/staff122/deepfake_project/outputs_deepfake_project/dfdc_subset_77_jpg/test/fake/fake_000698.jpg,fake,test,1,0.7659977078437805,1,clean,medium
/media/D1/ait_users/staff122/deepfake_project/outputs_deepfake_project/dfdc_subset_77_jpg/test/fake/fake_000699.jpg,fake,test,1,0.6675035953521729,1,clean,medium
/media/D1/ait_users/staff122/deepfake_project/outputs_deepfake_project/dfdc_subset_77_jpg/test/fake/fake_000700.jpg,fake,test,1,0.763746440410614,1,clean,medium
/media/D1/ait_users/staff122/deepfake_project/outputs_deepfake_project/dfdc_subset_77_jpg/test/fake/fake_000701.jpg,fake,test,1,0.5447641015052795,1,clean,medium
/media/D1/ait_users/staff122/deepfake_project/outputs_deepfake_project/dfdc_subset_77_jpg/test/fake/fake_000702.jpg,fake,test,1,0.43494996428489685,0,clean,medium
/media/D1/ait_users/staff122/deepfake_project/outputs_deepfake_project/dfdc_subset_77_jpg/test/fake/fake_000703.jpg,fake,test,1,0.3179331123828888,0,clean,medium
/media/D1/ait_users/staff122/deepfake_project/outputs_deepfake_project/dfdc_subset_77_jpg/test/fake/fake_000704.jpg,fake,test,1,0.8973840475082397,1,clean,medium
/media/D1/ait_users/staff122/deepfake_project/outputs_deepfake_project/dfdc_subset_77_jpg/test/fake/fake_000705.jpg,fake,test,1,0.8665514588356018,1,clean,medium
/media/D1/ait_users/staff122/deepfake_project/outputs_deepfake_project/dfdc_subset_77_jpg/test/fake/fake_000706.jpg,fake,test,1,0.9932780861854553,1,clean,medium
/media/D1/ait_users/staff122/deepfake_project/outputs_deepfake_project/dfdc_subset_77_jpg/test/fake/fake_000707.jpg,fake,test,1,0.8787871599197388,1,clean,medium
/media/D1/ait_users/staff122/deepfake_project/outputs_deepfake_project/dfdc_subset_77_jpg/test/fake/fake_000708.jpg,fake,test,1,0.15536706149578094,0,clean,medium
/media/D1/ait_users/staff122/deepfake_project/outputs_deepfake_project/dfdc_subset_77_jpg/test/fake/fake_000709.jpg,fake,test,1,0.10537990182638168,0,clean,medium
/media/D1/ait_users/staff122/deepfake_project/outputs_deepfake_project/dfdc_subset_77_jpg/test/fake/fake_000710.jpg,fake,test,1,0.11845344305038452,0,clean,medium
/media/D1/ait_users/staff122/deepfake_project/outputs_deepfake_project/dfdc_subset_77_jpg/test/fake/fake_000711.jpg,fake,test,1,0.24061210453510284,0,clean,medium
/media/D1/ait_users/staff122/deepfake_project/outputs_deepfake_project/dfdc_subset_77_jpg/test/fake/fake_000712.jpg,fake,test,1,0.8752686381340027,1,clean,medium
/media/D1/ait_users/staff122/deepfake_project/outputs_deepfake_project/dfdc_subset_77_jpg/test/fake/fake_000713.jpg,fake,test,1,0.8785880208015442,1,clean,medium
/media/D1/ait_users/staff122/deepfake_project/outputs_deepfake_project/dfdc_subset_77_jpg/test/fake/fake_000714.jpg,fake,test,1,0.929050087928772,1,clean,medium
/media/D1/ait_users/staff122/deepfake_project/outputs_deepfake_project/dfdc_subset_77_jpg/test/fake/fake_000715.jpg,fake,test,1,0.9514257907867432,1,clean,medium
/media/D1/ait_users/staff122/deepfake_project/outputs_deepfake_project/dfdc_subset_77_jpg/test/fake/fake_000716.jpg,fake,test,1,0.9263530969619751,1,clean,medium
/media/D1/ait_users/staff122/deepfake_project/outputs_deepfake_project/dfdc_subset_77_jpg/test/fake/fake_000717.jpg,fake,test,1,0.9780986309051514,1,clean,medium
/media/D1/ait_users/staff122/deepfake_project/outputs_deepfake_project/dfdc_subset_77_jpg/test/fake/fake_000718.jpg,fake,test,1,0.9843592047691345,1,clean,medium
/media/D1/ait_users/staff122/deepfake_project/outputs_deepfake_project/dfdc_subset_77_jpg/test/fake/fake_000719.jpg,fake,test,1,0.9889350533485413,1,clean,medium
/media/D1/ait_users/staff122/deepfake_project/outputs_deepfake_project/dfdc_subset_77_jpg/test/fake/fake_000720.jpg,fake,test,1,0.977110743522644,1,clean,medium
/media/D1/ait_users/staff122/deepfake_project/outputs_deepfake_project/dfdc_subset_77_jpg/test/fake/fake_000721.jpg,fake,test,1,0.9814008474349976,1,clean,medium
/media/D1/ait_users/staff122/deepfake_project/outputs_deepfake_project/dfdc_subset_77_jpg/test/fake/fake_000722.jpg,fake,test,1,0.8508510589599609,1,clean,medium
/media/D1/ait_users/staff122/deepfake_project/outputs_deepfake_project/dfdc_subset_77_jpg/test/fake/fake_000723.jpg,fake,test,1,0.9442918300628662,1,clean,medium
/media/D1/ait_users/staff122/deepfake_project/outputs_deepfake_project/dfdc_subset_77_jpg/test/fake/fake_000724.jpg,fake,test,1,0.9516277313232422,1,clean,medium
/media/D1/ait_users/staff122/deepfake_project/outputs_deepfake_project/dfdc_subset_77_jpg/test/fake/fake_000725.jpg,fake,test,1,0.7742440104484558,1,clean,medium
/media/D1/ait_users/staff122/deepfake_project/outputs_deepfake_project/dfdc_subset_77_jpg/test/fake/fake_000726.jpg,fake,test,1,0.6750152111053467,1,clean,medium
/media/D1/ait_users/staff122/deepfake_project/outputs_deepfake_project/dfdc_subset_77_jpg/test/fake/fake_000727.jpg,fake,test,1,0.649005651473999,1,clean,medium
/media/D1/ait_users/staff122/deepfake_project/outputs_deepfake_project/dfdc_subset_77_jpg/test/fake/fake_000728.jpg,fake,test,1,0.9096856713294983,1,clean,medium
/media/D1/ait_users/staff122/deepfake_project/outputs_deepfake_project/dfdc_subset_77_jpg/test/fake/fake_000729.jpg,fake,test,1,0.8794190883636475,1,clean,medium
/media/D1/ait_users/staff122/deepfake_project/outputs_deepfake_project/dfdc_subset_77_jpg/test/fake/fake_000730.jpg,fake,test,1,0.8626555800437927,1,clean,medium
/media/D1/ait_users/staff122/deepfake_project/outputs_deepfake_project/dfdc_subset_77_jpg/test/fake/fake_000731.jpg,fake,test,1,0.9766929745674133,1,clean,medium
/media/D1/ait_users/staff122/deepfake_project/outputs_deepfake_project/dfdc_subset_77_jpg/test/fake/fake_000732.jpg,fake,test,1,0.8259305953979492,1,clean,medium
/media/D1/ait_users/staff122/deepfake_project/outputs_deepfake_project/dfdc_subset_77_jpg/test/fake/fake_000733.jpg,fake,test,1,0.1650838553905487,0,clean,medium
/media/D1/ait_users/staff122/deepfake_project/outputs_deepfake_project/dfdc_subset_77_jpg/test/fake/fake_000734.jpg,fake,test,1,0.508235514163971,1,clean,medium
/media/D1/ait_users/staff122/deepfake_project/outputs_deepfake_project/dfdc_subset_77_jpg/test/fake/fake_000735.jpg,fake,test,1,0.16977810859680176,0,clean,medium
/media/D1/ait_users/staff122/deepfake_project/outputs_deepfake_project/dfdc_subset_77_jpg/test/fake/fake_000736.jpg,fake,test,1,0.4333450198173523,0,clean,medium
/media/D1/ait_users/staff122/deepfake_project/outputs_deepfake_project/dfdc_subset_77_jpg/test/fake/fake_000737.jpg,fake,test,1,0.4587180018424988,0,clean,medium
/media/D1/ait_users/staff122/deepfake_project/outputs_deepfake_project/dfdc_subset_77_jpg/test/fake/fake_000738.jpg,fake,test,1,0.6008217930793762,1,clean,medium
/media/D1/ait_users/staff122/deepfake_project/outputs_deepfake_project/dfdc_subset_77_jpg/test/fake/fake_000739.jpg,fake,test,1,0.48468878865242004,0,clean,medium
/media/D1/ait_users/staff122/deepfake_project/outputs_deepfake_project/dfdc_subset_77_jpg/test/fake/fake_000740.jpg,fake,test,1,0.5677034258842468,1,clean,medium
/media/D1/ait_users/staff122/deepfake_project/outputs_deepfake_project/dfdc_subset_77_jpg/test/fake/fake_000741.jpg,fake,test,1,0.5204015970230103,1,clean,medium
/media/D1/ait_users/staff122/deepfake_project/outputs_deepfake_project/dfdc_subset_77_jpg/test/fake/fake_000742.jpg,fake,test,1,0.6206783652305603,1,clean,medium
/media/D1/ait_users/staff122/deepfake_project/outputs_deepfake_project/dfdc_subset_77_jpg/test/fake/fake_000743.jpg,fake,test,1,0.5773866176605225,1,clean,medium
/media/D1/ait_users/staff122/deepfake_project/outputs_deepfake_project/dfdc_subset_77_jpg/test/fake/fake_000744.jpg,fake,test,1,0.5875298380851746,1,clean,medium
/media/D1/ait_users/staff122/deepfake_project/outputs_deepfake_project/dfdc_subset_77_jpg/test/fake/fake_000745.jpg,fake,test,1,0.5521802306175232,1,clean,medium
/media/D1/ait_users/staff122/deepfake_project/outputs_deepfake_project/dfdc_subset_77_jpg/test/fake/fake_000746.jpg,fake,test,1,0.5250462889671326,1,clean,medium
/media/D1/ait_users/staff122/deepfake_project/outputs_deepfake_project/dfdc_subset_77_jpg/test/fake/fake_000747.jpg,fake,test,1,0.5326055288314819,1,clean,medium
/media/D1/ait_users/staff122/deepfake_project/outputs_deepfake_project/dfdc_subset_77_jpg/test/fake/fake_000748.jpg,fake,test,1,0.5663362741470337,1,clean,medium
/media/D1/ait_users/staff122/deepfake_project/outputs_deepfake_project/dfdc_subset_77_jpg/test/fake/fake_000749.jpg,fake,test,1,0.5991247296333313,1,clean,medium
/media/D1/ait_users/staff122/deepfake_project/outputs_deepfake_project/dfdc_subset_77_jpg/test/fake/fake_000750.jpg,fake,test,1,0.5648723840713501,1,clean,medium
/media/D1/ait_users/staff122/deepfake_project/outputs_deepfake_project/dfdc_subset_77_jpg/test/fake/fake_000751.jpg,fake,test,1,0.446270227432251,0,clean,medium
/media/D1/ait_users/staff122/deepfake_project/outputs_deepfake_project/dfdc_subset_77_jpg/test/fake/fake_000752.jpg,fake,test,1,0.4274284243583679,0,clean,medium
/media/D1/ait_users/staff122/deepfake_project/outputs_deepfake_project/dfdc_subset_77_jpg/test/fake/fake_000753.jpg,fake,test,1,0.9508198499679565,1,clean,medium
/media/D1/ait_users/staff122/deepfake_project/outputs_deepfake_project/dfdc_subset_77_jpg/test/fake/fake_000754.jpg,fake,test,1,0.5512259602546692,1,clean,medium
/media/D1/ait_users/staff122/deepfake_project/outputs_deepfake_project/dfdc_subset_77_jpg/test/fake/fake_000755.jpg,fake,test,1,0.5263753533363342,1,clean,medium
/media/D1/ait_users/staff122/deepfake_project/outputs_deepfake_project/dfdc_subset_77_jpg/test/fake/fake_000756.jpg,fake,test,1,0.7468581199645996,1,clean,medium
/media/D1/ait_users/staff122/deepfake_project/outputs_deepfake_project/dfdc_subset_77_jpg/test/fake/fake_000757.jpg,fake,test,1,0.834926187992096,1,clean,medium
/media/D1/ait_users/staff122/deepfake_project/outputs_deepfake_project/dfdc_subset_77_jpg/test/fake/fake_000758.jpg,fake,test,1,0.7481216192245483,1,clean,medium
/media/D1/ait_users/staff122/deepfake_project/outputs_deepfake_project/dfdc_subset_77_jpg/test/fake/fake_000759.jpg,fake,test,1,0.4735950827598572,0,clean,medium
/media/D1/ait_users/staff122/deepfake_project/outputs_deepfake_project/dfdc_subset_77_jpg/test/fake/fake_000760.jpg,fake,test,1,0.7543023824691772,1,clean,medium
/media/D1/ait_users/staff122/deepfake_project/outputs_deepfake_project/dfdc_subset_77_jpg/test/fake/fake_000761.jpg,fake,test,1,0.8294603824615479,1,clean,medium
/media/D1/ait_users/staff122/deepfake_project/outputs_deepfake_project/dfdc_subset_77_jpg/test/fake/fake_000762.jpg,fake,test,1,0.7338447570800781,1,clean,medium
/media/D1/ait_users/staff122/deepfake_project/outputs_deepfake_project/dfdc_subset_77_jpg/test/fake/fake_000763.jpg,fake,test,1,0.7107889652252197,1,clean,medium
/media/D1/ait_users/staff122/deepfake_project/outputs_deepfake_project/dfdc_subset_77_jpg/test/fake/fake_000764.jpg,fake,test,1,0.36076590418815613,0,clean,medium
/media/D1/ait_users/staff122/deepfake_project/outputs_deepfake_project/dfdc_subset_77_jpg/test/fake/fake_000765.jpg,fake,test,1,0.805219829082489,1,clean,medium
/media/D1/ait_users/staff122/deepfake_project/outputs_deepfake_project/dfdc_subset_77_jpg/test/fake/fake_000766.jpg,fake,test,1,0.7277624607086182,1,clean,medium
/media/D1/ait_users/staff122/deepfake_project/outputs_deepfake_project/dfdc_subset_77_jpg/test/fake/fake_000767.jpg,fake,test,1,0.6819995641708374,1,clean,medium
/media/D1/ait_users/staff122/deepfake_project/outputs_deepfake_project/dfdc_subset_77_jpg/test/fake/fake_000768.jpg,fake,test,1,0.10802348703145981,0,clean,medium
/media/D1/ait_users/staff122/deepfake_project/outputs_deepfake_project/dfdc_subset_77_jpg/test/fake/fake_000769.jpg,fake,test,1,0.20319826900959015,0,clean,medium
/media/D1/ait_users/staff122/deepfake_project/outputs_deepfake_project/dfdc_subset_77_jpg/test/fake/fake_000770.jpg,fake,test,1,0.15547992289066315,0,clean,medium
/media/D1/ait_users/staff122/deepfake_project/outputs_deepfake_project/dfdc_subset_77_jpg/test/fake/fake_000771.jpg,fake,test,1,0.355013370513916,0,clean,medium
/media/D1/ait_users/staff122/deepfake_project/outputs_deepfake_project/dfdc_subset_77_jpg/test/fake/fake_000772.jpg,fake,test,1,0.22376199066638947,0,clean,medium
/media/D1/ait_users/staff122/deepfake_project/outputs_deepfake_project/dfdc_subset_77_jpg/test/fake/fake_000773.jpg,fake,test,1,0.8478405475616455,1,clean,medium
/media/D1/ait_users/staff122/deepfake_project/outputs_deepfake_project/dfdc_subset_77_jpg/test/fake/fake_000774.jpg,fake,test,1,0.12890896201133728,0,clean,medium
/media/D1/ait_users/staff122/deepfake_project/outputs_deepfake_project/dfdc_subset_77_jpg/test/fake/fake_000775.jpg,fake,test,1,0.5343602895736694,1,clean,medium
/media/D1/ait_users/staff122/deepfake_project/outputs_deepfake_project/dfdc_subset_77_jpg/test/fake/fake_000776.jpg,fake,test,1,0.8756744265556335,1,clean,medium
/media/D1/ait_users/staff122/deepfake_project/outputs_deepfake_project/dfdc_subset_77_jpg/test/fake/fake_000777.jpg,fake,test,1,0.5846943855285645,1,clean,medium
/media/D1/ait_users/staff122/deepfake_project/outputs_deepfake_project/dfdc_subset_77_jpg/test/fake/fake_000778.jpg,fake,test,1,0.5708187222480774,1,clean,medium
/media/D1/ait_users/staff122/deepfake_project/outputs_deepfake_project/dfdc_subset_77_jpg/test/fake/fake_000779.jpg,fake,test,1,0.5351458191871643,1,clean,medium
/media/D1/ait_users/staff122/deepfake_project/outputs_deepfake_project/dfdc_subset_77_jpg/test/fake/fake_000780.jpg,fake,test,1,0.9165751934051514,1,clean,medium
/media/D1/ait_users/staff122/deepfake_project/outputs_deepfake_project/dfdc_subset_77_jpg/test/fake/fake_000781.jpg,fake,test,1,0.32639235258102417,0,clean,medium
/media/D1/ait_users/staff122/deepfake_project/outputs_deepfake_project/dfdc_subset_77_jpg/test/fake/fake_000782.jpg,fake,test,1,0.5538433790206909,1,clean,medium
/media/D1/ait_users/staff122/deepfake_project/outputs_deepfake_project/dfdc_subset_77_jpg/test/fake/fake_000783.jpg,fake,test,1,0.4404994249343872,0,clean,medium
/media/D1/ait_users/staff122/deepfake_project/outputs_deepfake_project/dfdc_subset_77_jpg/test/fake/fake_000784.jpg,fake,test,1,0.8996908664703369,1,clean,medium
/media/D1/ait_users/staff122/deepfake_project/outputs_deepfake_project/dfdc_subset_77_jpg/test/fake/fake_000785.jpg,fake,test,1,0.9011731147766113,1,clean,medium
/media/D1/ait_users/staff122/deepfake_project/outputs_deepfake_project/dfdc_subset_77_jpg/test/fake/fake_000786.jpg,fake,test,1,0.897899866104126,1,clean,medium
/media/D1/ait_users/staff122/deepfake_project/outputs_deepfake_project/dfdc_subset_77_jpg/test/fake/fake_000787.jpg,fake,test,1,0.2140379250049591,0,clean,medium
/media/D1/ait_users/staff122/deepfake_project/outputs_deepfake_project/dfdc_subset_77_jpg/test/fake/fake_000788.jpg,fake,test,1,0.8808847069740295,1,clean,medium
/media/D1/ait_users/staff122/deepfake_project/outputs_deepfake_project/dfdc_subset_77_jpg/test/fake/fake_000789.jpg,fake,test,1,0.893195390701294,1,clean,medium
/media/D1/ait_users/staff122/deepfake_project/outputs_deepfake_project/dfdc_subset_77_jpg/test/fake/fake_000790.jpg,fake,test,1,0.04809385538101196,0,clean,medium
/media/D1/ait_users/staff122/deepfake_project/outputs_deepfake_project/dfdc_subset_77_jpg/test/fake/fake_000791.jpg,fake,test,1,0.8902133703231812,1,clean,medium
/media/D1/ait_users/staff122/deepfake_project/outputs_deepfake_project/dfdc_subset_77_jpg/test/fake/fake_000792.jpg,fake,test,1,0.1424550861120224,0,clean,medium
/media/D1/ait_users/staff122/deepfake_project/outputs_deepfake_project/dfdc_subset_77_jpg/test/fake/fake_000793.jpg,fake,test,1,0.378181129693985,0,clean,medium
/media/D1/ait_users/staff122/deepfake_project/outputs_deepfake_project/dfdc_subset_77_jpg/test/fake/fake_000794.jpg,fake,test,1,0.9064369201660156,1,clean,medium
/media/D1/ait_users/staff122/deepfake_project/outputs_deepfake_project/dfdc_subset_77_jpg/test/fake/fake_000795.jpg,fake,test,1,0.872851550579071,1,clean,medium
/media/D1/ait_users/staff122/deepfake_project/outputs_deepfake_project/dfdc_subset_77_jpg/test/fake/fake_000796.jpg,fake,test,1,0.88767409324646,1,clean,medium
/media/D1/ait_users/staff122/deepfake_project/outputs_deepfake_project/dfdc_subset_77_jpg/test/fake/fake_000797.jpg,fake,test,1,0.4099723696708679,0,clean,medium
/media/D1/ait_users/staff122/deepfake_project/outputs_deepfake_project/dfdc_subset_77_jpg/test/fake/fake_000798.jpg,fake,test,1,0.4479231536388397,0,clean,medium
/media/D1/ait_users/staff122/deepfake_project/outputs_deepfake_project/dfdc_subset_77_jpg/test/fake/fake_000799.jpg,fake,test,1,0.8407384157180786,1,clean,medium
/media/D1/ait_users/staff122/deepfake_project/outputs_deepfake_project/dfdc_subset_77_jpg/test/fake/fake_000800.jpg,fake,test,1,0.9971227049827576,1,clean,medium
/media/D1/ait_users/staff122/deepfake_project/outputs_deepfake_project/dfdc_subset_77_jpg/test/fake/fake_000801.jpg,fake,test,1,0.9987030029296875,1,clean,medium
/media/D1/ait_users/staff122/deepfake_project/outputs_deepfake_project/dfdc_subset_77_jpg/test/fake/fake_000802.jpg,fake,test,1,0.9980085492134094,1,clean,medium
/media/D1/ait_users/staff122/deepfake_project/outputs_deepfake_project/dfdc_subset_77_jpg/test/fake/fake_000803.jpg,fake,test,1,0.9973710775375366,1,clean,medium
/media/D1/ait_users/staff122/deepfake_project/outputs_deepfake_project/dfdc_subset_77_jpg/test/fake/fake_000804.jpg,fake,test,1,0.9955992698669434,1,clean,medium
/media/D1/ait_users/staff122/deepfake_project/outputs_deepfake_project/dfdc_subset_77_jpg/test/fake/fake_000805.jpg,fake,test,1,0.9952474236488342,1,clean,medium
/media/D1/ait_users/staff122/deepfake_project/outputs_deepfake_project/dfdc_subset_77_jpg/test/fake/fake_000806.jpg,fake,test,1,0.9991611242294312,1,clean,medium
/media/D1/ait_users/staff122/deepfake_project/outputs_deepfake_project/dfdc_subset_77_jpg/test/fake/fake_000807.jpg,fake,test,1,0.9981461763381958,1,clean,medium
/media/D1/ait_users/staff122/deepfake_project/outputs_deepfake_project/dfdc_subset_77_jpg/test/fake/fake_000808.jpg,fake,test,1,0.9979791045188904,1,clean,medium
/media/D1/ait_users/staff122/deepfake_project/outputs_deepfake_project/dfdc_subset_77_jpg/test/fake/fake_000809.jpg,fake,test,1,0.999593198299408,1,clean,medium
/media/D1/ait_users/staff122/deepfake_project/outputs_deepfake_project/dfdc_subset_77_jpg/test/fake/fake_000810.jpg,fake,test,1,0.9989489912986755,1,clean,medium
/media/D1/ait_users/staff122/deepfake_project/outputs_deepfake_project/dfdc_subset_77_jpg/test/fake/fake_000811.jpg,fake,test,1,0.9990164041519165,1,clean,medium
/media/D1/ait_users/staff122/deepfake_project/outputs_deepfake_project/dfdc_subset_77_jpg/test/fake/fake_000812.jpg,fake,test,1,0.9981677532196045,1,clean,medium
/media/D1/ait_users/staff122/deepfake_project/outputs_deepfake_project/dfdc_subset_77_jpg/test/fake/fake_000813.jpg,fake,test,1,0.9989511966705322,1,clean,medium
/media/D1/ait_users/staff122/deepfake_project/outputs_deepfake_project/dfdc_subset_77_jpg/test/fake/fake_000814.jpg,fake,test,1,0.9975259900093079,1,clean,medium
/media/D1/ait_users/staff122/deepfake_project/outputs_deepfake_project/dfdc_subset_77_jpg/test/fake/fake_000815.jpg,fake,test,1,0.9982142448425293,1,clean,medium
/media/D1/ait_users/staff122/deepfake_project/outputs_deepfake_project/dfdc_subset_77_jpg/test/fake/fake_000816.jpg,fake,test,1,0.9989365935325623,1,clean,medium
/media/D1/ait_users/staff122/deepfake_project/outputs_deepfake_project/dfdc_subset_77_jpg/test/fake/fake_000817.jpg,fake,test,1,0.6500639319419861,1,clean,medium
/media/D1/ait_users/staff122/deepfake_project/outputs_deepfake_project/dfdc_subset_77_jpg/test/fake/fake_000818.jpg,fake,test,1,0.6603943109512329,1,clean,medium
/media/D1/ait_users/staff122/deepfake_project/outputs_deepfake_project/dfdc_subset_77_jpg/test/fake/fake_000819.jpg,fake,test,1,0.9979332685470581,1,clean,medium
/media/D1/ait_users/staff122/deepfake_project/outputs_deepfake_project/dfdc_subset_77_jpg/test/fake/fake_000820.jpg,fake,test,1,0.9976713061332703,1,clean,medium
/media/D1/ait_users/staff122/deepfake_project/outputs_deepfake_project/dfdc_subset_77_jpg/test/fake/fake_000821.jpg,fake,test,1,0.9980360865592957,1,clean,medium
/media/D1/ait_users/staff122/deepfake_project/outputs_deepfake_project/dfdc_subset_77_jpg/test/fake/fake_000822.jpg,fake,test,1,0.9985252022743225,1,clean,medium
/media/D1/ait_users/staff122/deepfake_project/outputs_deepfake_project/dfdc_subset_77_jpg/test/fake/fake_000823.jpg,fake,test,1,0.9994152784347534,1,clean,medium
/media/D1/ait_users/staff122/deepfake_project/outputs_deepfake_project/dfdc_subset_77_jpg/test/fake/fake_000824.jpg,fake,test,1,0.9998102784156799,1,clean,medium
/media/D1/ait_users/staff122/deepfake_project/outputs_deepfake_project/dfdc_subset_77_jpg/test/fake/fake_000825.jpg,fake,test,1,0.9989389777183533,1,clean,medium
/media/D1/ait_users/staff122/deepfake_project/outputs_deepfake_project/dfdc_subset_77_jpg/test/fake/fake_000826.jpg,fake,test,1,0.9998099207878113,1,clean,medium
/media/D1/ait_users/staff122/deepfake_project/outputs_deepfake_project/dfdc_subset_77_jpg/test/fake/fake_000827.jpg,fake,test,1,0.9995697140693665,1,clean,medium
/media/D1/ait_users/staff122/deepfake_project/outputs_deepfake_project/dfdc_subset_77_jpg/test/fake/fake_000828.jpg,fake,test,1,0.997338593006134,1,clean,medium
/media/D1/ait_users/staff122/deepfake_project/outputs_deepfake_project/dfdc_subset_77_jpg/test/fake/fake_000829.jpg,fake,test,1,0.9970689415931702,1,clean,medium
/media/D1/ait_users/staff122/deepfake_project/outputs_deepfake_project/dfdc_subset_77_jpg/test/fake/fake_000830.jpg,fake,test,1,0.9985703229904175,1,clean,medium
/media/D1/ait_users/staff122/deepfake_project/outputs_deepfake_project/dfdc_subset_77_jpg/test/fake/fake_000831.jpg,fake,test,1,0.9966599941253662,1,clean,medium
/media/D1/ait_users/staff122/deepfake_project/outputs_deepfake_project/dfdc_subset_77_jpg/test/fake/fake_000832.jpg,fake,test,1,0.024878479540348053,0,clean,medium
/media/D1/ait_users/staff122/deepfake_project/outputs_deepfake_project/dfdc_subset_77_jpg/test/fake/fake_000833.jpg,fake,test,1,0.0036389781162142754,0,clean,medium
/media/D1/ait_users/staff122/deepfake_project/outputs_deepfake_project/dfdc_subset_77_jpg/test/fake/fake_000834.jpg,fake,test,1,0.007732626050710678,0,clean,medium
/media/D1/ait_users/staff122/deepfake_project/outputs_deepfake_project/dfdc_subset_77_jpg/test/fake/fake_000835.jpg,fake,test,1,0.005351564381271601,0,clean,medium
/media/D1/ait_users/staff122/deepfake_project/outputs_deepfake_project/dfdc_subset_77_jpg/test/fake/fake_000836.jpg,fake,test,1,0.005365130491554737,0,clean,medium
/media/D1/ait_users/staff122/deepfake_project/outputs_deepfake_project/dfdc_subset_77_jpg/test/fake/fake_000837.jpg,fake,test,1,0.003004154423251748,0,clean,medium
/media/D1/ait_users/staff122/deepfake_project/outputs_deepfake_project/dfdc_subset_77_jpg/test/fake/fake_000838.jpg,fake,test,1,0.005931411869823933,0,clean,medium
/media/D1/ait_users/staff122/deepfake_project/outputs_deepfake_project/dfdc_subset_77_jpg/test/fake/fake_000839.jpg,fake,test,1,0.0003479325969237834,0,clean,medium
/media/D1/ait_users/staff122/deepfake_project/outputs_deepfake_project/dfdc_subset_77_jpg/test/fake/fake_000840.jpg,fake,test,1,0.004705425817519426,0,clean,medium
/media/D1/ait_users/staff122/deepfake_project/outputs_deepfake_project/dfdc_subset_77_jpg/test/fake/fake_000841.jpg,fake,test,1,0.08192751556634903,0,clean,medium
/media/D1/ait_users/staff122/deepfake_project/outputs_deepfake_project/dfdc_subset_77_jpg/test/fake/fake_000842.jpg,fake,test,1,0.00834681373089552,0,clean,medium
/media/D1/ait_users/staff122/deepfake_project/outputs_deepfake_project/dfdc_subset_77_jpg/test/fake/fake_000843.jpg,fake,test,1,0.0919991135597229,0,clean,medium
/media/D1/ait_users/staff122/deepfake_project/outputs_deepfake_project/dfdc_subset_77_jpg/test/fake/fake_000844.jpg,fake,test,1,0.04725253954529762,0,clean,medium
/media/D1/ait_users/staff122/deepfake_project/outputs_deepfake_project/dfdc_subset_77_jpg/test/fake/fake_000845.jpg,fake,test,1,0.008885478600859642,0,clean,medium
/media/D1/ait_users/staff122/deepfake_project/outputs_deepfake_project/dfdc_subset_77_jpg/test/fake/fake_000846.jpg,fake,test,1,0.02858486771583557,0,clean,medium
/media/D1/ait_users/staff122/deepfake_project/outputs_deepfake_project/dfdc_subset_77_jpg/test/fake/fake_000847.jpg,fake,test,1,0.056464970111846924,0,clean,medium
/media/D1/ait_users/staff122/deepfake_project/outputs_deepfake_project/dfdc_subset_77_jpg/test/fake/fake_000848.jpg,fake,test,1,0.04046550393104553,0,clean,medium
/media/D1/ait_users/staff122/deepfake_project/outputs_deepfake_project/dfdc_subset_77_jpg/test/fake/fake_000849.jpg,fake,test,1,0.12617559731006622,0,clean,medium
/media/D1/ait_users/staff122/deepfake_project/outputs_deepfake_project/dfdc_subset_77_jpg/test/fake/fake_000850.jpg,fake,test,1,0.037967484444379807,0,clean,medium
/media/D1/ait_users/staff122/deepfake_project/outputs_deepfake_project/dfdc_subset_77_jpg/test/fake/fake_000851.jpg,fake,test,1,0.03193454071879387,0,clean,medium
/media/D1/ait_users/staff122/deepfake_project/outputs_deepfake_project/dfdc_subset_77_jpg/test/fake/fake_000852.jpg,fake,test,1,0.03020956553518772,0,clean,medium
/media/D1/ait_users/staff122/deepfake_project/outputs_deepfake_project/dfdc_subset_77_jpg/test/fake/fake_000853.jpg,fake,test,1,0.00728036742657423,0,clean,medium
/media/D1/ait_users/staff122/deepfake_project/outputs_deepfake_project/dfdc_subset_77_jpg/test/fake/fake_000854.jpg,fake,test,1,0.14355233311653137,0,clean,medium
/media/D1/ait_users/staff122/deepfake_project/outputs_deepfake_project/dfdc_subset_77_jpg/test/fake/fake_000855.jpg,fake,test,1,0.08502790331840515,0,clean,medium
/media/D1/ait_users/staff122/deepfake_project/outputs_deepfake_project/dfdc_subset_77_jpg/test/fake/fake_000856.jpg,fake,test,1,0.07580910623073578,0,clean,medium
/media/D1/ait_users/staff122/deepfake_project/outputs_deepfake_project/dfdc_subset_77_jpg/test/fake/fake_000857.jpg,fake,test,1,0.14643269777297974,0,clean,medium
/media/D1/ait_users/staff122/deepfake_project/outputs_deepfake_project/dfdc_subset_77_jpg/test/fake/fake_000858.jpg,fake,test,1,0.014928688295185566,0,clean,medium
/media/D1/ait_users/staff122/deepfake_project/outputs_deepfake_project/dfdc_subset_77_jpg/test/fake/fake_000859.jpg,fake,test,1,0.005673667415976524,0,clean,medium
/media/D1/ait_users/staff122/deepfake_project/outputs_deepfake_project/dfdc_subset_77_jpg/test/fake/fake_000860.jpg,fake,test,1,0.006358847487717867,0,clean,medium
/media/D1/ait_users/staff122/deepfake_project/outputs_deepfake_project/dfdc_subset_77_jpg/test/fake/fake_000861.jpg,fake,test,1,0.009881917387247086,0,clean,medium
/media/D1/ait_users/staff122/deepfake_project/outputs_deepfake_project/dfdc_subset_77_jpg/test/fake/fake_000862.jpg,fake,test,1,0.009155661799013615,0,clean,medium
/media/D1/ait_users/staff122/deepfake_project/outputs_deepfake_project/dfdc_subset_77_jpg/test/fake/fake_000863.jpg,fake,test,1,0.12675553560256958,0,clean,medium
/media/D1/ait_users/staff122/deepfake_project/outputs_deepfake_project/dfdc_subset_77_jpg/test/fake/fake_000864.jpg,fake,test,1,0.1929783821105957,0,clean,medium
/media/D1/ait_users/staff122/deepfake_project/outputs_deepfake_project/dfdc_subset_77_jpg/test/fake/fake_000865.jpg,fake,test,1,0.2978512942790985,0,clean,medium
/media/D1/ait_users/staff122/deepfake_project/outputs_deepfake_project/dfdc_subset_77_jpg/test/fake/fake_000866.jpg,fake,test,1,0.07003756612539291,0,clean,medium
/media/D1/ait_users/staff122/deepfake_project/outputs_deepfake_project/dfdc_subset_77_jpg/test/fake/fake_000867.jpg,fake,test,1,0.6765854954719543,1,clean,medium
/media/D1/ait_users/staff122/deepfake_project/outputs_deepfake_project/dfdc_subset_77_jpg/test/fake/fake_000868.jpg,fake,test,1,0.47101685404777527,0,clean,medium
/media/D1/ait_users/staff122/deepfake_project/outputs_deepfake_project/dfdc_subset_77_jpg/test/fake/fake_000869.jpg,fake,test,1,0.744066059589386,1,clean,medium
/media/D1/ait_users/staff122/deepfake_project/outputs_deepfake_project/dfdc_subset_77_jpg/test/fake/fake_000870.jpg,fake,test,1,0.17684301733970642,0,clean,medium
/media/D1/ait_users/staff122/deepfake_project/outputs_deepfake_project/dfdc_subset_77_jpg/test/fake/fake_000871.jpg,fake,test,1,0.17648448050022125,0,clean,medium
/media/D1/ait_users/staff122/deepfake_project/outputs_deepfake_project/dfdc_subset_77_jpg/test/fake/fake_000872.jpg,fake,test,1,0.8849202990531921,1,clean,medium
/media/D1/ait_users/staff122/deepfake_project/outputs_deepfake_project/dfdc_subset_77_jpg/test/fake/fake_000873.jpg,fake,test,1,0.4308021068572998,0,clean,medium
/media/D1/ait_users/staff122/deepfake_project/outputs_deepfake_project/dfdc_subset_77_jpg/test/fake/fake_000874.jpg,fake,test,1,0.5922605395317078,1,clean,medium
/media/D1/ait_users/staff122/deepfake_project/outputs_deepfake_project/dfdc_subset_77_jpg/test/fake/fake_000875.jpg,fake,test,1,0.9027502536773682,1,clean,medium
/media/D1/ait_users/staff122/deepfake_project/outputs_deepfake_project/dfdc_subset_77_jpg/test/fake/fake_000876.jpg,fake,test,1,0.9295080900192261,1,clean,medium
/media/D1/ait_users/staff122/deepfake_project/outputs_deepfake_project/dfdc_subset_77_jpg/test/fake/fake_000877.jpg,fake,test,1,0.44282642006874084,0,clean,medium
/media/D1/ait_users/staff122/deepfake_project/outputs_deepfake_project/dfdc_subset_77_jpg/test/fake/fake_000878.jpg,fake,test,1,0.5277933478355408,1,clean,medium
/media/D1/ait_users/staff122/deepfake_project/outputs_deepfake_project/dfdc_subset_77_jpg/test/fake/fake_000879.jpg,fake,test,1,0.34969592094421387,0,clean,medium
/media/D1/ait_users/staff122/deepfake_project/outputs_deepfake_project/dfdc_subset_77_jpg/test/fake/fake_000880.jpg,fake,test,1,0.8590572476387024,1,clean,medium
/media/D1/ait_users/staff122/deepfake_project/outputs_deepfake_project/dfdc_subset_77_jpg/test/fake/fake_000881.jpg,fake,test,1,0.49973732233047485,0,clean,medium
/media/D1/ait_users/staff122/deepfake_project/outputs_deepfake_project/dfdc_subset_77_jpg/test/fake/fake_000882.jpg,fake,test,1,0.7406573295593262,1,clean,medium
/media/D1/ait_users/staff122/deepfake_project/outputs_deepfake_project/dfdc_subset_77_jpg/test/fake/fake_000883.jpg,fake,test,1,0.4985451400279999,0,clean,medium
/media/D1/ait_users/staff122/deepfake_project/outputs_deepfake_project/dfdc_subset_77_jpg/test/fake/fake_000884.jpg,fake,test,1,0.22479504346847534,0,clean,medium
/media/D1/ait_users/staff122/deepfake_project/outputs_deepfake_project/dfdc_subset_77_jpg/test/fake/fake_000885.jpg,fake,test,1,0.2616582214832306,0,clean,medium
/media/D1/ait_users/staff122/deepfake_project/outputs_deepfake_project/dfdc_subset_77_jpg/test/fake/fake_000886.jpg,fake,test,1,0.2462417036294937,0,clean,medium
/media/D1/ait_users/staff122/deepfake_project/outputs_deepfake_project/dfdc_subset_77_jpg/test/fake/fake_000887.jpg,fake,test,1,0.33877280354499817,0,clean,medium
/media/D1/ait_users/staff122/deepfake_project/outputs_deepfake_project/dfdc_subset_77_jpg/test/fake/fake_000888.jpg,fake,test,1,0.27350401878356934,0,clean,medium
/media/D1/ait_users/staff122/deepfake_project/outputs_deepfake_project/dfdc_subset_77_jpg/test/fake/fake_000889.jpg,fake,test,1,0.5111619234085083,1,clean,medium
/media/D1/ait_users/staff122/deepfake_project/outputs_deepfake_project/dfdc_subset_77_jpg/test/fake/fake_000890.jpg,fake,test,1,0.2384192794561386,0,clean,medium
/media/D1/ait_users/staff122/deepfake_project/outputs_deepfake_project/dfdc_subset_77_jpg/test/fake/fake_000891.jpg,fake,test,1,0.5269956588745117,1,clean,medium
/media/D1/ait_users/staff122/deepfake_project/outputs_deepfake_project/dfdc_subset_77_jpg/test/fake/fake_000892.jpg,fake,test,1,0.4988315999507904,0,clean,medium
/media/D1/ait_users/staff122/deepfake_project/outputs_deepfake_project/dfdc_subset_77_jpg/test/fake/fake_000893.jpg,fake,test,1,0.4243244528770447,0,clean,medium
/media/D1/ait_users/staff122/deepfake_project/outputs_deepfake_project/dfdc_subset_77_jpg/test/fake/fake_000894.jpg,fake,test,1,0.8853886723518372,1,clean,medium
/media/D1/ait_users/staff122/deepfake_project/outputs_deepfake_project/dfdc_subset_77_jpg/test/fake/fake_000895.jpg,fake,test,1,0.12013783305883408,0,clean,medium
/media/D1/ait_users/staff122/deepfake_project/outputs_deepfake_project/dfdc_subset_77_jpg/test/fake/fake_000896.jpg,fake,test,1,0.6182441711425781,1,clean,medium
/media/D1/ait_users/staff122/deepfake_project/outputs_deepfake_project/dfdc_subset_77_jpg/test/fake/fake_000897.jpg,fake,test,1,0.4157015085220337,0,clean,medium
/media/D1/ait_users/staff122/deepfake_project/outputs_deepfake_project/dfdc_subset_77_jpg/test/fake/fake_000898.jpg,fake,test,1,0.2661281228065491,0,clean,medium
/media/D1/ait_users/staff122/deepfake_project/outputs_deepfake_project/dfdc_subset_77_jpg/test/fake/fake_000899.jpg,fake,test,1,0.15448841452598572,0,clean,medium
/media/D1/ait_users/staff122/deepfake_project/outputs_deepfake_project/dfdc_subset_77_jpg/test/fake/fake_000900.jpg,fake,test,1,0.580748975276947,1,clean,medium
/media/D1/ait_users/staff122/deepfake_project/outputs_deepfake_project/dfdc_subset_77_jpg/test/fake/fake_000901.jpg,fake,test,1,0.8261125087738037,1,clean,medium
/media/D1/ait_users/staff122/deepfake_project/outputs_deepfake_project/dfdc_subset_77_jpg/test/fake/fake_000902.jpg,fake,test,1,0.10134632885456085,0,clean,medium
/media/D1/ait_users/staff122/deepfake_project/outputs_deepfake_project/dfdc_subset_77_jpg/test/fake/fake_000903.jpg,fake,test,1,0.0624314583837986,0,clean,medium
/media/D1/ait_users/staff122/deepfake_project/outputs_deepfake_project/dfdc_subset_77_jpg/test/fake/fake_000904.jpg,fake,test,1,0.9949682354927063,1,clean,medium
/media/D1/ait_users/staff122/deepfake_project/outputs_deepfake_project/dfdc_subset_77_jpg/test/fake/fake_000905.jpg,fake,test,1,0.5346226692199707,1,clean,medium
/media/D1/ait_users/staff122/deepfake_project/outputs_deepfake_project/dfdc_subset_77_jpg/test/fake/fake_000906.jpg,fake,test,1,0.5667117834091187,1,clean,medium
/media/D1/ait_users/staff122/deepfake_project/outputs_deepfake_project/dfdc_subset_77_jpg/test/fake/fake_000907.jpg,fake,test,1,0.4921301305294037,0,clean,medium
/media/D1/ait_users/staff122/deepfake_project/outputs_deepfake_project/dfdc_subset_77_jpg/test/fake/fake_000908.jpg,fake,test,1,0.8576614856719971,1,clean,medium
/media/D1/ait_users/staff122/deepfake_project/outputs_deepfake_project/dfdc_subset_77_jpg/test/fake/fake_000909.jpg,fake,test,1,0.7971386909484863,1,clean,medium
/media/D1/ait_users/staff122/deepfake_project/outputs_deepfake_project/dfdc_subset_77_jpg/test/fake/fake_000910.jpg,fake,test,1,0.29282090067863464,0,clean,medium
/media/D1/ait_users/staff122/deepfake_project/outputs_deepfake_project/dfdc_subset_77_jpg/test/fake/fake_000911.jpg,fake,test,1,0.08133076876401901,0,clean,medium
/media/D1/ait_users/staff122/deepfake_project/outputs_deepfake_project/dfdc_subset_77_jpg/test/fake/fake_000912.jpg,fake,test,1,0.011110533960163593,0,clean,medium
/media/D1/ait_users/staff122/deepfake_project/outputs_deepfake_project/dfdc_subset_77_jpg/test/fake/fake_000913.jpg,fake,test,1,0.8626385927200317,1,clean,medium
/media/D1/ait_users/staff122/deepfake_project/outputs_deepfake_project/dfdc_subset_77_jpg/test/fake/fake_000914.jpg,fake,test,1,0.0020327691454440355,0,clean,medium
/media/D1/ait_users/staff122/deepfake_project/outputs_deepfake_project/dfdc_subset_77_jpg/test/fake/fake_000915.jpg,fake,test,1,0.15935029089450836,0,clean,medium
/media/D1/ait_users/staff122/deepfake_project/outputs_deepfake_project/dfdc_subset_77_jpg/test/fake/fake_000916.jpg,fake,test,1,0.004700551275163889,0,clean,medium
/media/D1/ait_users/staff122/deepfake_project/outputs_deepfake_project/dfdc_subset_77_jpg/test/fake/fake_000917.jpg,fake,test,1,0.8882830739021301,1,clean,medium
/media/D1/ait_users/staff122/deepfake_project/outputs_deepfake_project/dfdc_subset_77_jpg/test/fake/fake_000918.jpg,fake,test,1,0.011477942578494549,0,clean,medium
/media/D1/ait_users/staff122/deepfake_project/outputs_deepfake_project/dfdc_subset_77_jpg/test/fake/fake_000919.jpg,fake,test,1,0.14140628278255463,0,clean,medium
/media/D1/ait_users/staff122/deepfake_project/outputs_deepfake_project/dfdc_subset_77_jpg/test/fake/fake_000920.jpg,fake,test,1,0.12020128965377808,0,clean,medium
/media/D1/ait_users/staff122/deepfake_project/outputs_deepfake_project/dfdc_subset_77_jpg/test/fake/fake_000921.jpg,fake,test,1,0.281817764043808,0,clean,medium
/media/D1/ait_users/staff122/deepfake_project/outputs_deepfake_project/dfdc_subset_77_jpg/test/fake/fake_000922.jpg,fake,test,1,0.031115053221583366,0,clean,medium
/media/D1/ait_users/staff122/deepfake_project/outputs_deepfake_project/dfdc_subset_77_jpg/test/fake/fake_000923.jpg,fake,test,1,0.006863221991807222,0,clean,medium
/media/D1/ait_users/staff122/deepfake_project/outputs_deepfake_project/dfdc_subset_77_jpg/test/fake/fake_000924.jpg,fake,test,1,0.06494614481925964,0,clean,medium
/media/D1/ait_users/staff122/deepfake_project/outputs_deepfake_project/dfdc_subset_77_jpg/test/fake/fake_000925.jpg,fake,test,1,0.12786583602428436,0,clean,medium
/media/D1/ait_users/staff122/deepfake_project/outputs_deepfake_project/dfdc_subset_77_jpg/test/fake/fake_000926.jpg,fake,test,1,0.17882139980793,0,clean,medium
/media/D1/ait_users/staff122/deepfake_project/outputs_deepfake_project/dfdc_subset_77_jpg/test/fake/fake_000927.jpg,fake,test,1,0.20423106849193573,0,clean,medium
/media/D1/ait_users/staff122/deepfake_project/outputs_deepfake_project/dfdc_subset_77_jpg/test/fake/fake_000928.jpg,fake,test,1,0.5235493779182434,1,clean,medium
/media/D1/ait_users/staff122/deepfake_project/outputs_deepfake_project/dfdc_subset_77_jpg/test/fake/fake_000929.jpg,fake,test,1,0.4095386266708374,0,clean,medium
/media/D1/ait_users/staff122/deepfake_project/outputs_deepfake_project/dfdc_subset_77_jpg/test/fake/fake_000930.jpg,fake,test,1,0.6718416810035706,1,clean,medium
/media/D1/ait_users/staff122/deepfake_project/outputs_deepfake_project/dfdc_subset_77_jpg/test/fake/fake_000931.jpg,fake,test,1,0.6548364162445068,1,clean,medium
/media/D1/ait_users/staff122/deepfake_project/outputs_deepfake_project/dfdc_subset_77_jpg/test/fake/fake_000932.jpg,fake,test,1,0.19360725581645966,0,clean,medium
/media/D1/ait_users/staff122/deepfake_project/outputs_deepfake_project/dfdc_subset_77_jpg/test/fake/fake_000933.jpg,fake,test,1,0.7732197642326355,1,clean,medium
/media/D1/ait_users/staff122/deepfake_project/outputs_deepfake_project/dfdc_subset_77_jpg/test/fake/fake_000934.jpg,fake,test,1,0.6244696378707886,1,clean,medium
/media/D1/ait_users/staff122/deepfake_project/outputs_deepfake_project/dfdc_subset_77_jpg/test/fake/fake_000935.jpg,fake,test,1,0.500602662563324,1,clean,medium
/media/D1/ait_users/staff122/deepfake_project/outputs_deepfake_project/dfdc_subset_77_jpg/test/fake/fake_000936.jpg,fake,test,1,0.6042044758796692,1,clean,medium
/media/D1/ait_users/staff122/deepfake_project/outputs_deepfake_project/dfdc_subset_77_jpg/test/fake/fake_000937.jpg,fake,test,1,0.6951459646224976,1,clean,medium
/media/D1/ait_users/staff122/deepfake_project/outputs_deepfake_project/dfdc_subset_77_jpg/test/fake/fake_000938.jpg,fake,test,1,0.6999431252479553,1,clean,medium
/media/D1/ait_users/staff122/deepfake_project/outputs_deepfake_project/dfdc_subset_77_jpg/test/fake/fake_000939.jpg,fake,test,1,0.04507610201835632,0,clean,medium
/media/D1/ait_users/staff122/deepfake_project/outputs_deepfake_project/dfdc_subset_77_jpg/test/fake/fake_000940.jpg,fake,test,1,0.24702489376068115,0,clean,medium
/media/D1/ait_users/staff122/deepfake_project/outputs_deepfake_project/dfdc_subset_77_jpg/test/fake/fake_000941.jpg,fake,test,1,0.6249162554740906,1,clean,medium
/media/D1/ait_users/staff122/deepfake_project/outputs_deepfake_project/dfdc_subset_77_jpg/test/fake/fake_000942.jpg,fake,test,1,0.22973161935806274,0,clean,medium
/media/D1/ait_users/staff122/deepfake_project/outputs_deepfake_project/dfdc_subset_77_jpg/test/fake/fake_000943.jpg,fake,test,1,0.031035147607326508,0,clean,medium
/media/D1/ait_users/staff122/deepfake_project/outputs_deepfake_project/dfdc_subset_77_jpg/test/fake/fake_000944.jpg,fake,test,1,0.05774616450071335,0,clean,medium
/media/D1/ait_users/staff122/deepfake_project/outputs_deepfake_project/dfdc_subset_77_jpg/test/fake/fake_000945.jpg,fake,test,1,0.17734870314598083,0,clean,medium
/media/D1/ait_users/staff122/deepfake_project/outputs_deepfake_project/dfdc_subset_77_jpg/test/fake/fake_000946.jpg,fake,test,1,0.2293248325586319,0,clean,medium
/media/D1/ait_users/staff122/deepfake_project/outputs_deepfake_project/dfdc_subset_77_jpg/test/fake/fake_000947.jpg,fake,test,1,0.11491706222295761,0,clean,medium
/media/D1/ait_users/staff122/deepfake_project/outputs_deepfake_project/dfdc_subset_77_jpg/test/fake/fake_000948.jpg,fake,test,1,0.1904880851507187,0,clean,medium
/media/D1/ait_users/staff122/deepfake_project/outputs_deepfake_project/dfdc_subset_77_jpg/test/fake/fake_000949.jpg,fake,test,1,0.35790082812309265,0,clean,medium
/media/D1/ait_users/staff122/deepfake_project/outputs_deepfake_project/dfdc_subset_77_jpg/test/fake/fake_000950.jpg,fake,test,1,0.07805700600147247,0,clean,medium
/media/D1/ait_users/staff122/deepfake_project/outputs_deepfake_project/dfdc_subset_77_jpg/test/fake/fake_000951.jpg,fake,test,1,0.18048132956027985,0,clean,medium
/media/D1/ait_users/staff122/deepfake_project/outputs_deepfake_project/dfdc_subset_77_jpg/test/fake/fake_000952.jpg,fake,test,1,0.3892742693424225,0,clean,medium
/media/D1/ait_users/staff122/deepfake_project/outputs_deepfake_project/dfdc_subset_77_jpg/test/fake/fake_000953.jpg,fake,test,1,0.2359178066253662,0,clean,medium
/media/D1/ait_users/staff122/deepfake_project/outputs_deepfake_project/dfdc_subset_77_jpg/test/fake/fake_000954.jpg,fake,test,1,0.30189332365989685,0,clean,medium
/media/D1/ait_users/staff122/deepfake_project/outputs_deepfake_project/dfdc_subset_77_jpg/test/fake/fake_000955.jpg,fake,test,1,0.336203396320343,0,clean,medium
/media/D1/ait_users/staff122/deepfake_project/outputs_deepfake_project/dfdc_subset_77_jpg/test/fake/fake_000956.jpg,fake,test,1,0.18241341412067413,0,clean,medium
/media/D1/ait_users/staff122/deepfake_project/outputs_deepfake_project/dfdc_subset_77_jpg/test/fake/fake_000957.jpg,fake,test,1,0.12706126272678375,0,clean,medium
/media/D1/ait_users/staff122/deepfake_project/outputs_deepfake_project/dfdc_subset_77_jpg/test/fake/fake_000958.jpg,fake,test,1,0.28379738330841064,0,clean,medium
/media/D1/ait_users/staff122/deepfake_project/outputs_deepfake_project/dfdc_subset_77_jpg/test/fake/fake_000959.jpg,fake,test,1,0.2117059826850891,0,clean,medium
/media/D1/ait_users/staff122/deepfake_project/outputs_deepfake_project/dfdc_subset_77_jpg/test/fake/fake_000960.jpg,fake,test,1,0.03207193315029144,0,clean,medium
/media/D1/ait_users/staff122/deepfake_project/outputs_deepfake_project/dfdc_subset_77_jpg/test/fake/fake_000961.jpg,fake,test,1,0.04190061613917351,0,clean,medium
/media/D1/ait_users/staff122/deepfake_project/outputs_deepfake_project/dfdc_subset_77_jpg/test/fake/fake_000962.jpg,fake,test,1,0.09046357870101929,0,clean,medium
/media/D1/ait_users/staff122/deepfake_project/outputs_deepfake_project/dfdc_subset_77_jpg/test/fake/fake_000963.jpg,fake,test,1,0.060183215886354446,0,clean,medium
/media/D1/ait_users/staff122/deepfake_project/outputs_deepfake_project/dfdc_subset_77_jpg/test/fake/fake_000964.jpg,fake,test,1,0.0713721364736557,0,clean,medium
/media/D1/ait_users/staff122/deepfake_project/outputs_deepfake_project/dfdc_subset_77_jpg/test/fake/fake_000965.jpg,fake,test,1,0.07158396393060684,0,clean,medium
/media/D1/ait_users/staff122/deepfake_project/outputs_deepfake_project/dfdc_subset_77_jpg/test/fake/fake_000966.jpg,fake,test,1,0.05614011734724045,0,clean,medium
/media/D1/ait_users/staff122/deepfake_project/outputs_deepfake_project/dfdc_subset_77_jpg/test/fake/fake_000967.jpg,fake,test,1,0.06504228711128235,0,clean,medium
/media/D1/ait_users/staff122/deepfake_project/outputs_deepfake_project/dfdc_subset_77_jpg/test/fake/fake_000968.jpg,fake,test,1,0.09274280816316605,0,clean,medium
/media/D1/ait_users/staff122/deepfake_project/outputs_deepfake_project/dfdc_subset_77_jpg/test/fake/fake_000969.jpg,fake,test,1,0.4958238899707794,0,clean,medium
/media/D1/ait_users/staff122/deepfake_project/outputs_deepfake_project/dfdc_subset_77_jpg/test/fake/fake_000970.jpg,fake,test,1,0.1521497368812561,0,clean,medium
/media/D1/ait_users/staff122/deepfake_project/outputs_deepfake_project/dfdc_subset_77_jpg/test/fake/fake_000971.jpg,fake,test,1,0.28907859325408936,0,clean,medium
/media/D1/ait_users/staff122/deepfake_project/outputs_deepfake_project/dfdc_subset_77_jpg/test/fake/fake_000972.jpg,fake,test,1,0.15173760056495667,0,clean,medium
/media/D1/ait_users/staff122/deepfake_project/outputs_deepfake_project/dfdc_subset_77_jpg/test/fake/fake_000973.jpg,fake,test,1,0.03338943049311638,0,clean,medium
/media/D1/ait_users/staff122/deepfake_project/outputs_deepfake_project/dfdc_subset_77_jpg/test/fake/fake_000974.jpg,fake,test,1,0.25590723752975464,0,clean,medium
/media/D1/ait_users/staff122/deepfake_project/outputs_deepfake_project/dfdc_subset_77_jpg/test/fake/fake_000975.jpg,fake,test,1,0.06719110161066055,0,clean,medium
/media/D1/ait_users/staff122/deepfake_project/outputs_deepfake_project/dfdc_subset_77_jpg/test/fake/fake_000976.jpg,fake,test,1,0.23430132865905762,0,clean,medium
/media/D1/ait_users/staff122/deepfake_project/outputs_deepfake_project/dfdc_subset_77_jpg/test/fake/fake_000977.jpg,fake,test,1,0.28004056215286255,0,clean,medium
/media/D1/ait_users/staff122/deepfake_project/outputs_deepfake_project/dfdc_subset_77_jpg/test/fake/fake_000978.jpg,fake,test,1,0.10405940562486649,0,clean,medium
/media/D1/ait_users/staff122/deepfake_project/outputs_deepfake_project/dfdc_subset_77_jpg/test/fake/fake_000979.jpg,fake,test,1,0.24650496244430542,0,clean,medium
/media/D1/ait_users/staff122/deepfake_project/outputs_deepfake_project/dfdc_subset_77_jpg/test/fake/fake_000980.jpg,fake,test,1,0.3378719389438629,0,clean,medium
/media/D1/ait_users/staff122/deepfake_project/outputs_deepfake_project/dfdc_subset_77_jpg/test/fake/fake_000981.jpg,fake,test,1,0.07189338654279709,0,clean,medium
/media/D1/ait_users/staff122/deepfake_project/outputs_deepfake_project/dfdc_subset_77_jpg/test/fake/fake_000982.jpg,fake,test,1,0.6390140056610107,1,clean,medium
/media/D1/ait_users/staff122/deepfake_project/outputs_deepfake_project/dfdc_subset_77_jpg/test/fake/fake_000983.jpg,fake,test,1,0.44134190678596497,0,clean,medium
/media/D1/ait_users/staff122/deepfake_project/outputs_deepfake_project/dfdc_subset_77_jpg/test/fake/fake_000984.jpg,fake,test,1,0.6720117926597595,1,clean,medium
/media/D1/ait_users/staff122/deepfake_project/outputs_deepfake_project/dfdc_subset_77_jpg/test/fake/fake_000985.jpg,fake,test,1,0.4151589870452881,0,clean,medium
/media/D1/ait_users/staff122/deepfake_project/outputs_deepfake_project/dfdc_subset_77_jpg/test/fake/fake_000986.jpg,fake,test,1,0.050533849745988846,0,clean,medium
/media/D1/ait_users/staff122/deepfake_project/outputs_deepfake_project/dfdc_subset_77_jpg/test/fake/fake_000987.jpg,fake,test,1,0.11258500069379807,0,clean,medium
/media/D1/ait_users/staff122/deepfake_project/outputs_deepfake_project/dfdc_subset_77_jpg/test/fake/fake_000988.jpg,fake,test,1,0.050899237394332886,0,clean,medium
/media/D1/ait_users/staff122/deepfake_project/outputs_deepfake_project/dfdc_subset_77_jpg/test/fake/fake_000989.jpg,fake,test,1,0.16768303513526917,0,clean,medium
/media/D1/ait_users/staff122/deepfake_project/outputs_deepfake_project/dfdc_subset_77_jpg/test/fake/fake_000990.jpg,fake,test,1,0.277246356010437,0,clean,medium
/media/D1/ait_users/staff122/deepfake_project/outputs_deepfake_project/dfdc_subset_77_jpg/test/fake/fake_000991.jpg,fake,test,1,0.06427045911550522,0,clean,medium
/media/D1/ait_users/staff122/deepfake_project/outputs_deepfake_project/dfdc_subset_77_jpg/test/fake/fake_000992.jpg,fake,test,1,0.21874508261680603,0,clean,medium
/media/D1/ait_users/staff122/deepfake_project/outputs_deepfake_project/dfdc_subset_77_jpg/test/fake/fake_000993.jpg,fake,test,1,0.20920966565608978,0,clean,medium
/media/D1/ait_users/staff122/deepfake_project/outputs_deepfake_project/dfdc_subset_77_jpg/test/fake/fake_000994.jpg,fake,test,1,0.3980703353881836,0,clean,medium
/media/D1/ait_users/staff122/deepfake_project/outputs_deepfake_project/dfdc_subset_77_jpg/test/fake/fake_000995.jpg,fake,test,1,0.5341249704360962,1,clean,medium
/media/D1/ait_users/staff122/deepfake_project/outputs_deepfake_project/dfdc_subset_77_jpg/test/fake/fake_000996.jpg,fake,test,1,0.5178097486495972,1,clean,medium
/media/D1/ait_users/staff122/deepfake_project/outputs_deepfake_project/dfdc_subset_77_jpg/test/fake/fake_000997.jpg,fake,test,1,0.7030541300773621,1,clean,medium
/media/D1/ait_users/staff122/deepfake_project/outputs_deepfake_project/dfdc_subset_77_jpg/test/fake/fake_000998.jpg,fake,test,1,0.5578497648239136,1,clean,medium
/media/D1/ait_users/staff122/deepfake_project/outputs_deepfake_project/dfdc_subset_77_jpg/test/fake/fake_000999.jpg,fake,test,1,0.20715637505054474,0,clean,medium
/media/D1/ait_users/staff122/deepfake_project/outputs_deepfake_project/dfdc_subset_77_jpg/test/fake/fake_001000.jpg,fake,test,1,0.8445650935173035,1,clean,medium
/media/D1/ait_users/staff122/deepfake_project/outputs_deepfake_project/dfdc_subset_77_jpg/test/fake/fake_001001.jpg,fake,test,1,0.5867310166358948,1,clean,medium
/media/D1/ait_users/staff122/deepfake_project/outputs_deepfake_project/dfdc_subset_77_jpg/test/fake/fake_001002.jpg,fake,test,1,0.699708104133606,1,clean,medium
/media/D1/ait_users/staff122/deepfake_project/outputs_deepfake_project/dfdc_subset_77_jpg/test/fake/fake_001003.jpg,fake,test,1,0.9436794519424438,1,clean,medium
/media/D1/ait_users/staff122/deepfake_project/outputs_deepfake_project/dfdc_subset_77_jpg/test/fake/fake_001004.jpg,fake,test,1,0.6234346032142639,1,clean,medium
/media/D1/ait_users/staff122/deepfake_project/outputs_deepfake_project/dfdc_subset_77_jpg/test/fake/fake_001005.jpg,fake,test,1,0.0894593819975853,0,clean,medium
/media/D1/ait_users/staff122/deepfake_project/outputs_deepfake_project/dfdc_subset_77_jpg/test/fake/fake_001006.jpg,fake,test,1,0.5278369188308716,1,clean,medium
/media/D1/ait_users/staff122/deepfake_project/outputs_deepfake_project/dfdc_subset_77_jpg/test/fake/fake_001007.jpg,fake,test,1,0.4135286211967468,0,clean,medium
/media/D1/ait_users/staff122/deepfake_project/outputs_deepfake_project/dfdc_subset_77_jpg/test/fake/fake_001008.jpg,fake,test,1,0.8488582968711853,1,clean,medium
/media/D1/ait_users/staff122/deepfake_project/outputs_deepfake_project/dfdc_subset_77_jpg/test/fake/fake_001009.jpg,fake,test,1,0.9300845265388489,1,clean,medium
/media/D1/ait_users/staff122/deepfake_project/outputs_deepfake_project/dfdc_subset_77_jpg/test/fake/fake_001010.jpg,fake,test,1,0.6232832074165344,1,clean,medium
/media/D1/ait_users/staff122/deepfake_project/outputs_deepfake_project/dfdc_subset_77_jpg/test/fake/fake_001011.jpg,fake,test,1,0.8551451563835144,1,clean,medium
/media/D1/ait_users/staff122/deepfake_project/outputs_deepfake_project/dfdc_subset_77_jpg/test/fake/fake_001012.jpg,fake,test,1,0.9185462594032288,1,clean,medium
/media/D1/ait_users/staff122/deepfake_project/outputs_deepfake_project/dfdc_subset_77_jpg/test/fake/fake_001013.jpg,fake,test,1,0.9649949073791504,1,clean,medium
/media/D1/ait_users/staff122/deepfake_project/outputs_deepfake_project/dfdc_subset_77_jpg/test/fake/fake_001014.jpg,fake,test,1,0.9616925120353699,1,clean,medium
/media/D1/ait_users/staff122/deepfake_project/outputs_deepfake_project/dfdc_subset_77_jpg/test/fake/fake_001015.jpg,fake,test,1,0.9498131275177002,1,clean,medium
/media/D1/ait_users/staff122/deepfake_project/outputs_deepfake_project/dfdc_subset_77_jpg/test/fake/fake_001016.jpg,fake,test,1,0.9557871222496033,1,clean,medium
/media/D1/ait_users/staff122/deepfake_project/outputs_deepfake_project/dfdc_subset_77_jpg/test/fake/fake_001017.jpg,fake,test,1,0.9436931014060974,1,clean,medium
/media/D1/ait_users/staff122/deepfake_project/outputs_deepfake_project/dfdc_subset_77_jpg/test/fake/fake_001018.jpg,fake,test,1,0.8892757892608643,1,clean,medium
/media/D1/ait_users/staff122/deepfake_project/outputs_deepfake_project/dfdc_subset_77_jpg/test/fake/fake_001019.jpg,fake,test,1,0.9306643009185791,1,clean,medium
/media/D1/ait_users/staff122/deepfake_project/outputs_deepfake_project/dfdc_subset_77_jpg/test/fake/fake_001020.jpg,fake,test,1,0.7047547698020935,1,clean,medium
/media/D1/ait_users/staff122/deepfake_project/outputs_deepfake_project/dfdc_subset_77_jpg/test/fake/fake_001021.jpg,fake,test,1,0.8909040093421936,1,clean,medium
/media/D1/ait_users/staff122/deepfake_project/outputs_deepfake_project/dfdc_subset_77_jpg/test/fake/fake_001022.jpg,fake,test,1,0.8135461211204529,1,clean,medium
/media/D1/ait_users/staff122/deepfake_project/outputs_deepfake_project/dfdc_subset_77_jpg/test/fake/fake_001023.jpg,fake,test,1,0.5665805339813232,1,clean,medium
/media/D1/ait_users/staff122/deepfake_project/outputs_deepfake_project/dfdc_subset_77_jpg/test/fake/fake_001024.jpg,fake,test,1,0.4372188448905945,0,clean,medium
/media/D1/ait_users/staff122/deepfake_project/outputs_deepfake_project/dfdc_subset_77_jpg/test/fake/fake_001025.jpg,fake,test,1,0.4760441482067108,0,clean,medium
/media/D1/ait_users/staff122/deepfake_project/outputs_deepfake_project/dfdc_subset_77_jpg/test/fake/fake_001026.jpg,fake,test,1,0.4739059507846832,0,clean,medium
/media/D1/ait_users/staff122/deepfake_project/outputs_deepfake_project/dfdc_subset_77_jpg/test/fake/fake_001027.jpg,fake,test,1,0.4838046133518219,0,clean,medium
/media/D1/ait_users/staff122/deepfake_project/outputs_deepfake_project/dfdc_subset_77_jpg/test/fake/fake_001028.jpg,fake,test,1,0.4401533007621765,0,clean,medium
/media/D1/ait_users/staff122/deepfake_project/outputs_deepfake_project/dfdc_subset_77_jpg/test/fake/fake_001029.jpg,fake,test,1,0.48355552554130554,0,clean,medium
/media/D1/ait_users/staff122/deepfake_project/outputs_deepfake_project/dfdc_subset_77_jpg/test/fake/fake_001030.jpg,fake,test,1,0.49179524183273315,0,clean,medium
/media/D1/ait_users/staff122/deepfake_project/outputs_deepfake_project/dfdc_subset_77_jpg/test/fake/fake_001031.jpg,fake,test,1,0.4756435453891754,0,clean,medium
/media/D1/ait_users/staff122/deepfake_project/outputs_deepfake_project/dfdc_subset_77_jpg/test/fake/fake_001032.jpg,fake,test,1,0.4747002124786377,0,clean,medium
/media/D1/ait_users/staff122/deepfake_project/outputs_deepfake_project/dfdc_subset_77_jpg/test/fake/fake_001033.jpg,fake,test,1,0.44002512097358704,0,clean,medium
/media/D1/ait_users/staff122/deepfake_project/outputs_deepfake_project/dfdc_subset_77_jpg/test/fake/fake_001034.jpg,fake,test,1,0.49090519547462463,0,clean,medium
/media/D1/ait_users/staff122/deepfake_project/outputs_deepfake_project/dfdc_subset_77_jpg/test/fake/fake_001035.jpg,fake,test,1,0.5279389023780823,1,clean,medium
/media/D1/ait_users/staff122/deepfake_project/outputs_deepfake_project/dfdc_subset_77_jpg/test/fake/fake_001036.jpg,fake,test,1,0.5609868168830872,1,clean,medium
/media/D1/ait_users/staff122/deepfake_project/outputs_deepfake_project/dfdc_subset_77_jpg/test/fake/fake_001037.jpg,fake,test,1,0.6098068356513977,1,clean,medium
/media/D1/ait_users/staff122/deepfake_project/outputs_deepfake_project/dfdc_subset_77_jpg/test/fake/fake_001038.jpg,fake,test,1,0.5762757658958435,1,clean,medium
/media/D1/ait_users/staff122/deepfake_project/outputs_deepfake_project/dfdc_subset_77_jpg/test/fake/fake_001039.jpg,fake,test,1,0.610476553440094,1,clean,medium
/media/D1/ait_users/staff122/deepfake_project/outputs_deepfake_project/dfdc_subset_77_jpg/test/fake/fake_001040.jpg,fake,test,1,0.6246802806854248,1,clean,medium
/media/D1/ait_users/staff122/deepfake_project/outputs_deepfake_project/dfdc_subset_77_jpg/test/fake/fake_001041.jpg,fake,test,1,0.6043816208839417,1,clean,medium
/media/D1/ait_users/staff122/deepfake_project/outputs_deepfake_project/dfdc_subset_77_jpg/test/fake/fake_001042.jpg,fake,test,1,0.5104995369911194,1,clean,medium
/media/D1/ait_users/staff122/deepfake_project/outputs_deepfake_project/dfdc_subset_77_jpg/test/fake/fake_001043.jpg,fake,test,1,0.5103891491889954,1,clean,medium
/media/D1/ait_users/staff122/deepfake_project/outputs_deepfake_project/dfdc_subset_77_jpg/test/fake/fake_001044.jpg,fake,test,1,0.447762668132782,0,clean,medium
/media/D1/ait_users/staff122/deepfake_project/outputs_deepfake_project/dfdc_subset_77_jpg/test/fake/fake_001045.jpg,fake,test,1,0.4771777391433716,0,clean,medium
/media/D1/ait_users/staff122/deepfake_project/outputs_deepfake_project/dfdc_subset_77_jpg/test/fake/fake_001046.jpg,fake,test,1,0.46939364075660706,0,clean,medium
/media/D1/ait_users/staff122/deepfake_project/outputs_deepfake_project/dfdc_subset_77_jpg/test/fake/fake_001047.jpg,fake,test,1,0.5629096627235413,1,clean,medium
/media/D1/ait_users/staff122/deepfake_project/outputs_deepfake_project/dfdc_subset_77_jpg/test/fake/fake_001048.jpg,fake,test,1,0.6716490387916565,1,clean,medium
/media/D1/ait_users/staff122/deepfake_project/outputs_deepfake_project/dfdc_subset_77_jpg/test/fake/fake_001049.jpg,fake,test,1,0.5213658213615417,1,clean,medium
/media/D1/ait_users/staff122/deepfake_project/outputs_deepfake_project/dfdc_subset_77_jpg/test/fake/fake_001050.jpg,fake,test,1,0.5149043202400208,1,clean,medium
/media/D1/ait_users/staff122/deepfake_project/outputs_deepfake_project/dfdc_subset_77_jpg/test/fake/fake_001051.jpg,fake,test,1,0.5590023398399353,1,clean,medium
/media/D1/ait_users/staff122/deepfake_project/outputs_deepfake_project/dfdc_subset_77_jpg/test/fake/fake_001052.jpg,fake,test,1,0.5450973510742188,1,clean,medium
/media/D1/ait_users/staff122/deepfake_project/outputs_deepfake_project/dfdc_subset_77_jpg/test/fake/fake_001053.jpg,fake,test,1,0.5399643182754517,1,clean,medium
/media/D1/ait_users/staff122/deepfake_project/outputs_deepfake_project/dfdc_subset_77_jpg/test/fake/fake_001054.jpg,fake,test,1,0.5035992860794067,1,clean,medium
/media/D1/ait_users/staff122/deepfake_project/outputs_deepfake_project/dfdc_subset_77_jpg/test/fake/fake_001055.jpg,fake,test,1,0.5331801176071167,1,clean,medium
/media/D1/ait_users/staff122/deepfake_project/outputs_deepfake_project/dfdc_subset_77_jpg/test/fake/fake_001056.jpg,fake,test,1,0.6801819801330566,1,clean,medium
/media/D1/ait_users/staff122/deepfake_project/outputs_deepfake_project/dfdc_subset_77_jpg/test/fake/fake_001057.jpg,fake,test,1,0.4366381764411926,0,clean,medium
/media/D1/ait_users/staff122/deepfake_project/outputs_deepfake_project/dfdc_subset_77_jpg/test/fake/fake_001058.jpg,fake,test,1,0.3473392128944397,0,clean,medium
/media/D1/ait_users/staff122/deepfake_project/outputs_deepfake_project/dfdc_subset_77_jpg/test/fake/fake_001059.jpg,fake,test,1,0.7381298542022705,1,clean,medium
/media/D1/ait_users/staff122/deepfake_project/outputs_deepfake_project/dfdc_subset_77_jpg/test/fake/fake_001060.jpg,fake,test,1,0.7354246973991394,1,clean,medium
/media/D1/ait_users/staff122/deepfake_project/outputs_deepfake_project/dfdc_subset_77_jpg/test/fake/fake_001061.jpg,fake,test,1,0.8123137354850769,1,clean,medium
/media/D1/ait_users/staff122/deepfake_project/outputs_deepfake_project/dfdc_subset_77_jpg/test/fake/fake_001062.jpg,fake,test,1,0.8653440475463867,1,clean,medium
/media/D1/ait_users/staff122/deepfake_project/outputs_deepfake_project/dfdc_subset_77_jpg/test/fake/fake_001063.jpg,fake,test,1,0.7953134179115295,1,clean,medium
/media/D1/ait_users/staff122/deepfake_project/outputs_deepfake_project/dfdc_subset_77_jpg/test/fake/fake_001064.jpg,fake,test,1,0.8234370946884155,1,clean,medium
/media/D1/ait_users/staff122/deepfake_project/outputs_deepfake_project/dfdc_subset_77_jpg/test/fake/fake_001065.jpg,fake,test,1,0.8877133727073669,1,clean,medium
/media/D1/ait_users/staff122/deepfake_project/outputs_deepfake_project/dfdc_subset_77_jpg/test/fake/fake_001066.jpg,fake,test,1,0.7804139852523804,1,clean,medium
/media/D1/ait_users/staff122/deepfake_project/outputs_deepfake_project/dfdc_subset_77_jpg/test/fake/fake_001067.jpg,fake,test,1,0.4960671365261078,0,clean,medium
/media/D1/ait_users/staff122/deepfake_project/outputs_deepfake_project/dfdc_subset_77_jpg/test/fake/fake_001068.jpg,fake,test,1,0.11498815566301346,0,clean,medium
/media/D1/ait_users/staff122/deepfake_project/outputs_deepfake_project/dfdc_subset_77_jpg/test/fake/fake_001069.jpg,fake,test,1,0.6761624813079834,1,clean,medium
/media/D1/ait_users/staff122/deepfake_project/outputs_deepfake_project/dfdc_subset_77_jpg/test/fake/fake_001070.jpg,fake,test,1,0.17134445905685425,0,clean,medium
/media/D1/ait_users/staff122/deepfake_project/outputs_deepfake_project/dfdc_subset_77_jpg/test/fake/fake_001071.jpg,fake,test,1,0.5325115919113159,1,clean,medium
/media/D1/ait_users/staff122/deepfake_project/outputs_deepfake_project/dfdc_subset_77_jpg/test/fake/fake_001072.jpg,fake,test,1,0.9501813650131226,1,clean,medium
/media/D1/ait_users/staff122/deepfake_project/outputs_deepfake_project/dfdc_subset_77_jpg/test/fake/fake_001073.jpg,fake,test,1,0.23791636526584625,0,clean,medium
/media/D1/ait_users/staff122/deepfake_project/outputs_deepfake_project/dfdc_subset_77_jpg/test/fake/fake_001074.jpg,fake,test,1,0.6870829463005066,1,clean,medium
/media/D1/ait_users/staff122/deepfake_project/outputs_deepfake_project/dfdc_subset_77_jpg/test/fake/fake_001075.jpg,fake,test,1,0.8067798614501953,1,clean,medium
/media/D1/ait_users/staff122/deepfake_project/outputs_deepfake_project/dfdc_subset_77_jpg/test/fake/fake_001076.jpg,fake,test,1,0.9771713018417358,1,clean,medium
/media/D1/ait_users/staff122/deepfake_project/outputs_deepfake_project/dfdc_subset_77_jpg/test/fake/fake_001077.jpg,fake,test,1,0.9516898989677429,1,clean,medium
/media/D1/ait_users/staff122/deepfake_project/outputs_deepfake_project/dfdc_subset_77_jpg/test/fake/fake_001078.jpg,fake,test,1,0.4045361876487732,0,clean,medium
/media/D1/ait_users/staff122/deepfake_project/outputs_deepfake_project/dfdc_subset_77_jpg/test/fake/fake_001079.jpg,fake,test,1,0.38870033621788025,0,clean,medium
/media/D1/ait_users/staff122/deepfake_project/outputs_deepfake_project/dfdc_subset_77_jpg/test/fake/fake_001080.jpg,fake,test,1,0.766457736492157,1,clean,medium
/media/D1/ait_users/staff122/deepfake_project/outputs_deepfake_project/dfdc_subset_77_jpg/test/fake/fake_001081.jpg,fake,test,1,0.47720691561698914,0,clean,medium
/media/D1/ait_users/staff122/deepfake_project/outputs_deepfake_project/dfdc_subset_77_jpg/test/fake/fake_001082.jpg,fake,test,1,0.4415593445301056,0,clean,medium
/media/D1/ait_users/staff122/deepfake_project/outputs_deepfake_project/dfdc_subset_77_jpg/test/fake/fake_001083.jpg,fake,test,1,0.3809441030025482,0,clean,medium
/media/D1/ait_users/staff122/deepfake_project/outputs_deepfake_project/dfdc_subset_77_jpg/test/fake/fake_001084.jpg,fake,test,1,0.12365169823169708,0,clean,medium
/media/D1/ait_users/staff122/deepfake_project/outputs_deepfake_project/dfdc_subset_77_jpg/test/fake/fake_001085.jpg,fake,test,1,0.5679081082344055,1,clean,medium
/media/D1/ait_users/staff122/deepfake_project/outputs_deepfake_project/dfdc_subset_77_jpg/test/fake/fake_001086.jpg,fake,test,1,0.18066048622131348,0,clean,medium
/media/D1/ait_users/staff122/deepfake_project/outputs_deepfake_project/dfdc_subset_77_jpg/test/fake/fake_001087.jpg,fake,test,1,0.217393159866333,0,clean,medium
/media/D1/ait_users/staff122/deepfake_project/outputs_deepfake_project/dfdc_subset_77_jpg/test/fake/fake_001088.jpg,fake,test,1,0.018970949575304985,0,clean,medium
/media/D1/ait_users/staff122/deepfake_project/outputs_deepfake_project/dfdc_subset_77_jpg/test/fake/fake_001089.jpg,fake,test,1,0.030957365408539772,0,clean,medium
/media/D1/ait_users/staff122/deepfake_project/outputs_deepfake_project/dfdc_subset_77_jpg/test/fake/fake_001090.jpg,fake,test,1,0.07632363587617874,0,clean,medium
/media/D1/ait_users/staff122/deepfake_project/outputs_deepfake_project/dfdc_subset_77_jpg/test/fake/fake_001091.jpg,fake,test,1,0.18085172772407532,0,clean,medium
/media/D1/ait_users/staff122/deepfake_project/outputs_deepfake_project/dfdc_subset_77_jpg/test/fake/fake_001092.jpg,fake,test,1,0.09810713678598404,0,clean,medium
/media/D1/ait_users/staff122/deepfake_project/outputs_deepfake_project/dfdc_subset_77_jpg/test/fake/fake_001093.jpg,fake,test,1,0.006415856070816517,0,clean,medium
/media/D1/ait_users/staff122/deepfake_project/outputs_deepfake_project/dfdc_subset_77_jpg/test/fake/fake_001094.jpg,fake,test,1,0.008155245333909988,0,clean,medium
/media/D1/ait_users/staff122/deepfake_project/outputs_deepfake_project/dfdc_subset_77_jpg/test/fake/fake_001095.jpg,fake,test,1,0.00683108763769269,0,clean,medium
/media/D1/ait_users/staff122/deepfake_project/outputs_deepfake_project/dfdc_subset_77_jpg/test/fake/fake_001096.jpg,fake,test,1,0.008100061677396297,0,clean,medium
/media/D1/ait_users/staff122/deepfake_project/outputs_deepfake_project/dfdc_subset_77_jpg/test/fake/fake_001097.jpg,fake,test,1,0.0046636504121124744,0,clean,medium
/media/D1/ait_users/staff122/deepfake_project/outputs_deepfake_project/dfdc_subset_77_jpg/test/fake/fake_001098.jpg,fake,test,1,0.00566607853397727,0,clean,medium
/media/D1/ait_users/staff122/deepfake_project/outputs_deepfake_project/dfdc_subset_77_jpg/test/fake/fake_001099.jpg,fake,test,1,0.019663633778691292,0,clean,medium
/media/D1/ait_users/staff122/deepfake_project/outputs_deepfake_project/dfdc_subset_77_jpg/test/fake/fake_001100.jpg,fake,test,1,0.0011842031963169575,0,clean,medium
/media/D1/ait_users/staff122/deepfake_project/outputs_deepfake_project/dfdc_subset_77_jpg/test/fake/fake_001101.jpg,fake,test,1,0.01941405050456524,0,clean,medium
/media/D1/ait_users/staff122/deepfake_project/outputs_deepfake_project/dfdc_subset_77_jpg/test/fake/fake_001102.jpg,fake,test,1,0.15330800414085388,0,clean,medium
/media/D1/ait_users/staff122/deepfake_project/outputs_deepfake_project/dfdc_subset_77_jpg/test/fake/fake_001103.jpg,fake,test,1,0.19136062264442444,0,clean,medium
/media/D1/ait_users/staff122/deepfake_project/outputs_deepfake_project/dfdc_subset_77_jpg/test/fake/fake_001104.jpg,fake,test,1,0.10039467364549637,0,clean,medium
/media/D1/ait_users/staff122/deepfake_project/outputs_deepfake_project/dfdc_subset_77_jpg/test/fake/fake_001105.jpg,fake,test,1,0.03423834219574928,0,clean,medium
/media/D1/ait_users/staff122/deepfake_project/outputs_deepfake_project/dfdc_subset_77_jpg/test/fake/fake_001106.jpg,fake,test,1,0.015514859929680824,0,clean,medium
/media/D1/ait_users/staff122/deepfake_project/outputs_deepfake_project/dfdc_subset_77_jpg/test/fake/fake_001107.jpg,fake,test,1,0.01779336854815483,0,clean,medium
/media/D1/ait_users/staff122/deepfake_project/outputs_deepfake_project/dfdc_subset_77_jpg/test/fake/fake_001108.jpg,fake,test,1,0.007892193272709846,0,clean,medium
/media/D1/ait_users/staff122/deepfake_project/outputs_deepfake_project/dfdc_subset_77_jpg/test/fake/fake_001109.jpg,fake,test,1,0.014149612747132778,0,clean,medium
/media/D1/ait_users/staff122/deepfake_project/outputs_deepfake_project/dfdc_subset_77_jpg/test/fake/fake_001110.jpg,fake,test,1,0.04014097899198532,0,clean,medium
/media/D1/ait_users/staff122/deepfake_project/outputs_deepfake_project/dfdc_subset_77_jpg/test/fake/fake_001111.jpg,fake,test,1,0.031039832159876823,0,clean,medium
/media/D1/ait_users/staff122/deepfake_project/outputs_deepfake_project/dfdc_subset_77_jpg/test/fake/fake_001112.jpg,fake,test,1,0.0808165892958641,0,clean,medium
/media/D1/ait_users/staff122/deepfake_project/outputs_deepfake_project/dfdc_subset_77_jpg/test/fake/fake_001113.jpg,fake,test,1,0.03738811984658241,0,clean,medium
/media/D1/ait_users/staff122/deepfake_project/outputs_deepfake_project/dfdc_subset_77_jpg/test/fake/fake_001114.jpg,fake,test,1,0.479839950799942,0,clean,medium
/media/D1/ait_users/staff122/deepfake_project/outputs_deepfake_project/dfdc_subset_77_jpg/test/fake/fake_001115.jpg,fake,test,1,0.03466225042939186,0,clean,medium
/media/D1/ait_users/staff122/deepfake_project/outputs_deepfake_project/dfdc_subset_77_jpg/test/fake/fake_001116.jpg,fake,test,1,0.10071840137243271,0,clean,medium
/media/D1/ait_users/staff122/deepfake_project/outputs_deepfake_project/dfdc_subset_77_jpg/test/fake/fake_001117.jpg,fake,test,1,0.004739847965538502,0,clean,medium
/media/D1/ait_users/staff122/deepfake_project/outputs_deepfake_project/dfdc_subset_77_jpg/test/fake/fake_001118.jpg,fake,test,1,0.042480502277612686,0,clean,medium
/media/D1/ait_users/staff122/deepfake_project/outputs_deepfake_project/dfdc_subset_77_jpg/test/fake/fake_001119.jpg,fake,test,1,0.08133945614099503,0,clean,medium
/media/D1/ait_users/staff122/deepfake_project/outputs_deepfake_project/dfdc_subset_77_jpg/test/fake/fake_001120.jpg,fake,test,1,0.2811283767223358,0,clean,medium
/media/D1/ait_users/staff122/deepfake_project/outputs_deepfake_project/dfdc_subset_77_jpg/test/fake/fake_001121.jpg,fake,test,1,0.24972499907016754,0,clean,medium
/media/D1/ait_users/staff122/deepfake_project/outputs_deepfake_project/dfdc_subset_77_jpg/test/fake/fake_001122.jpg,fake,test,1,0.5340284109115601,1,clean,medium
/media/D1/ait_users/staff122/deepfake_project/outputs_deepfake_project/dfdc_subset_77_jpg/test/fake/fake_001123.jpg,fake,test,1,0.8272212743759155,1,clean,medium
/media/D1/ait_users/staff122/deepfake_project/outputs_deepfake_project/dfdc_subset_77_jpg/test/fake/fake_001124.jpg,fake,test,1,0.5217050909996033,1,clean,medium
/media/D1/ait_users/staff122/deepfake_project/outputs_deepfake_project/dfdc_subset_77_jpg/test/fake/fake_001125.jpg,fake,test,1,0.05404236167669296,0,clean,medium
/media/D1/ait_users/staff122/deepfake_project/outputs_deepfake_project/dfdc_subset_77_jpg/test/fake/fake_001126.jpg,fake,test,1,0.22121240198612213,0,clean,medium
/media/D1/ait_users/staff122/deepfake_project/outputs_deepfake_project/dfdc_subset_77_jpg/test/fake/fake_001127.jpg,fake,test,1,0.09463749080896378,0,clean,medium
/media/D1/ait_users/staff122/deepfake_project/outputs_deepfake_project/dfdc_subset_77_jpg/test/fake/fake_001128.jpg,fake,test,1,0.10602129995822906,0,clean,medium
/media/D1/ait_users/staff122/deepfake_project/outputs_deepfake_project/dfdc_subset_77_jpg/test/fake/fake_001129.jpg,fake,test,1,0.13504831492900848,0,clean,medium
/media/D1/ait_users/staff122/deepfake_project/outputs_deepfake_project/dfdc_subset_77_jpg/test/fake/fake_001130.jpg,fake,test,1,0.2856091856956482,0,clean,medium
/media/D1/ait_users/staff122/deepfake_project/outputs_deepfake_project/dfdc_subset_77_jpg/test/fake/fake_001131.jpg,fake,test,1,0.163502037525177,0,clean,medium
/media/D1/ait_users/staff122/deepfake_project/outputs_deepfake_project/dfdc_subset_77_jpg/test/fake/fake_001132.jpg,fake,test,1,0.0526803620159626,0,clean,medium
/media/D1/ait_users/staff122/deepfake_project/outputs_deepfake_project/dfdc_subset_77_jpg/test/fake/fake_001133.jpg,fake,test,1,0.5503543615341187,1,clean,medium
/media/D1/ait_users/staff122/deepfake_project/outputs_deepfake_project/dfdc_subset_77_jpg/test/fake/fake_001134.jpg,fake,test,1,0.6343957185745239,1,clean,medium
/media/D1/ait_users/staff122/deepfake_project/outputs_deepfake_project/dfdc_subset_77_jpg/test/fake/fake_001135.jpg,fake,test,1,0.39108678698539734,0,clean,medium
/media/D1/ait_users/staff122/deepfake_project/outputs_deepfake_project/dfdc_subset_77_jpg/test/fake/fake_001136.jpg,fake,test,1,0.5352692604064941,1,clean,medium
/media/D1/ait_users/staff122/deepfake_project/outputs_deepfake_project/dfdc_subset_77_jpg/test/fake/fake_001137.jpg,fake,test,1,0.4067825376987457,0,clean,medium
/media/D1/ait_users/staff122/deepfake_project/outputs_deepfake_project/dfdc_subset_77_jpg/test/fake/fake_001138.jpg,fake,test,1,0.3486888110637665,0,clean,medium
/media/D1/ait_users/staff122/deepfake_project/outputs_deepfake_project/dfdc_subset_77_jpg/test/fake/fake_001139.jpg,fake,test,1,0.3007289469242096,0,clean,medium
/media/D1/ait_users/staff122/deepfake_project/outputs_deepfake_project/dfdc_subset_77_jpg/test/fake/fake_001140.jpg,fake,test,1,0.27225247025489807,0,clean,medium
/media/D1/ait_users/staff122/deepfake_project/outputs_deepfake_project/dfdc_subset_77_jpg/test/fake/fake_001141.jpg,fake,test,1,0.6423189043998718,1,clean,medium
/media/D1/ait_users/staff122/deepfake_project/outputs_deepfake_project/dfdc_subset_77_jpg/test/fake/fake_001142.jpg,fake,test,1,0.19233442842960358,0,clean,medium
/media/D1/ait_users/staff122/deepfake_project/outputs_deepfake_project/dfdc_subset_77_jpg/test/fake/fake_001143.jpg,fake,test,1,0.14328157901763916,0,clean,medium
/media/D1/ait_users/staff122/deepfake_project/outputs_deepfake_project/dfdc_subset_77_jpg/test/fake/fake_001144.jpg,fake,test,1,0.6582145690917969,1,clean,medium
/media/D1/ait_users/staff122/deepfake_project/outputs_deepfake_project/dfdc_subset_77_jpg/test/fake/fake_001145.jpg,fake,test,1,0.4214641749858856,0,clean,medium
/media/D1/ait_users/staff122/deepfake_project/outputs_deepfake_project/dfdc_subset_77_jpg/test/fake/fake_001146.jpg,fake,test,1,0.10653200000524521,0,clean,medium
/media/D1/ait_users/staff122/deepfake_project/outputs_deepfake_project/dfdc_subset_77_jpg/test/fake/fake_001147.jpg,fake,test,1,0.24181930720806122,0,clean,medium
/media/D1/ait_users/staff122/deepfake_project/outputs_deepfake_project/dfdc_subset_77_jpg/test/fake/fake_001148.jpg,fake,test,1,0.29918909072875977,0,clean,medium
/media/D1/ait_users/staff122/deepfake_project/outputs_deepfake_project/dfdc_subset_77_jpg/test/fake/fake_001149.jpg,fake,test,1,0.17074106633663177,0,clean,medium
/media/D1/ait_users/staff122/deepfake_project/outputs_deepfake_project/dfdc_subset_77_jpg/test/fake/fake_001150.jpg,fake,test,1,0.04772414639592171,0,clean,medium
/media/D1/ait_users/staff122/deepfake_project/outputs_deepfake_project/dfdc_subset_77_jpg/test/fake/fake_001151.jpg,fake,test,1,0.17728139460086823,0,clean,medium
/media/D1/ait_users/staff122/deepfake_project/outputs_deepfake_project/dfdc_subset_77_jpg/test/fake/fake_001152.jpg,fake,test,1,0.8841388821601868,1,clean,medium
/media/D1/ait_users/staff122/deepfake_project/outputs_deepfake_project/dfdc_subset_77_jpg/test/fake/fake_001153.jpg,fake,test,1,0.9541143774986267,1,clean,medium
/media/D1/ait_users/staff122/deepfake_project/outputs_deepfake_project/dfdc_subset_77_jpg/test/fake/fake_001154.jpg,fake,test,1,0.945306658744812,1,clean,medium
/media/D1/ait_users/staff122/deepfake_project/outputs_deepfake_project/dfdc_subset_77_jpg/test/fake/fake_001155.jpg,fake,test,1,0.9745055437088013,1,clean,medium
/media/D1/ait_users/staff122/deepfake_project/outputs_deepfake_project/dfdc_subset_77_jpg/test/fake/fake_001156.jpg,fake,test,1,0.9680618047714233,1,clean,medium
/media/D1/ait_users/staff122/deepfake_project/outputs_deepfake_project/dfdc_subset_77_jpg/test/fake/fake_001157.jpg,fake,test,1,0.9883904457092285,1,clean,medium
/media/D1/ait_users/staff122/deepfake_project/outputs_deepfake_project/dfdc_subset_77_jpg/test/fake/fake_001158.jpg,fake,test,1,0.9738926887512207,1,clean,medium
/media/D1/ait_users/staff122/deepfake_project/outputs_deepfake_project/dfdc_subset_77_jpg/test/fake/fake_001159.jpg,fake,test,1,0.9903823733329773,1,clean,medium
/media/D1/ait_users/staff122/deepfake_project/outputs_deepfake_project/dfdc_subset_77_jpg/test/fake/fake_001160.jpg,fake,test,1,0.995460569858551,1,clean,medium
/media/D1/ait_users/staff122/deepfake_project/outputs_deepfake_project/dfdc_subset_77_jpg/test/fake/fake_001161.jpg,fake,test,1,0.9970556497573853,1,clean,medium
/media/D1/ait_users/staff122/deepfake_project/outputs_deepfake_project/dfdc_subset_77_jpg/test/fake/fake_001162.jpg,fake,test,1,0.996815025806427,1,clean,medium
/media/D1/ait_users/staff122/deepfake_project/outputs_deepfake_project/dfdc_subset_77_jpg/test/fake/fake_001163.jpg,fake,test,1,0.9890557527542114,1,clean,medium
/media/D1/ait_users/staff122/deepfake_project/outputs_deepfake_project/dfdc_subset_77_jpg/test/fake/fake_001164.jpg,fake,test,1,0.959363579750061,1,clean,medium
/media/D1/ait_users/staff122/deepfake_project/outputs_deepfake_project/dfdc_subset_77_jpg/test/fake/fake_001165.jpg,fake,test,1,0.9320622682571411,1,clean,medium
/media/D1/ait_users/staff122/deepfake_project/outputs_deepfake_project/dfdc_subset_77_jpg/test/fake/fake_001166.jpg,fake,test,1,0.610115647315979,1,clean,medium
/media/D1/ait_users/staff122/deepfake_project/outputs_deepfake_project/dfdc_subset_77_jpg/test/fake/fake_001167.jpg,fake,test,1,0.6330329775810242,1,clean,medium
/media/D1/ait_users/staff122/deepfake_project/outputs_deepfake_project/dfdc_subset_77_jpg/test/fake/fake_001168.jpg,fake,test,1,0.4472495913505554,0,clean,medium
/media/D1/ait_users/staff122/deepfake_project/outputs_deepfake_project/dfdc_subset_77_jpg/test/fake/fake_001169.jpg,fake,test,1,0.5826318860054016,1,clean,medium
/media/D1/ait_users/staff122/deepfake_project/outputs_deepfake_project/dfdc_subset_77_jpg/test/fake/fake_001170.jpg,fake,test,1,0.6483843922615051,1,clean,medium
/media/D1/ait_users/staff122/deepfake_project/outputs_deepfake_project/dfdc_subset_77_jpg/test/fake/fake_001171.jpg,fake,test,1,0.45318061113357544,0,clean,medium
/media/D1/ait_users/staff122/deepfake_project/outputs_deepfake_project/dfdc_subset_77_jpg/test/fake/fake_001172.jpg,fake,test,1,0.5436393618583679,1,clean,medium
/media/D1/ait_users/staff122/deepfake_project/outputs_deepfake_project/dfdc_subset_77_jpg/test/fake/fake_001173.jpg,fake,test,1,0.5161085724830627,1,clean,medium
/media/D1/ait_users/staff122/deepfake_project/outputs_deepfake_project/dfdc_subset_77_jpg/test/fake/fake_001174.jpg,fake,test,1,0.6293125748634338,1,clean,medium
/media/D1/ait_users/staff122/deepfake_project/outputs_deepfake_project/dfdc_subset_77_jpg/test/fake/fake_001175.jpg,fake,test,1,0.5649153590202332,1,clean,medium
/media/D1/ait_users/staff122/deepfake_project/outputs_deepfake_project/dfdc_subset_77_jpg/test/fake/fake_001176.jpg,fake,test,1,0.794937789440155,1,clean,medium
/media/D1/ait_users/staff122/deepfake_project/outputs_deepfake_project/dfdc_subset_77_jpg/test/fake/fake_001177.jpg,fake,test,1,0.9703943729400635,1,clean,medium
/media/D1/ait_users/staff122/deepfake_project/outputs_deepfake_project/dfdc_subset_77_jpg/test/fake/fake_001178.jpg,fake,test,1,0.8500095009803772,1,clean,medium
/media/D1/ait_users/staff122/deepfake_project/outputs_deepfake_project/dfdc_subset_77_jpg/test/fake/fake_001179.jpg,fake,test,1,0.9770742058753967,1,clean,medium
/media/D1/ait_users/staff122/deepfake_project/outputs_deepfake_project/dfdc_subset_77_jpg/test/fake/fake_001180.jpg,fake,test,1,0.9923007488250732,1,clean,medium
/media/D1/ait_users/staff122/deepfake_project/outputs_deepfake_project/dfdc_subset_77_jpg/test/fake/fake_001181.jpg,fake,test,1,0.986967146396637,1,clean,medium
/media/D1/ait_users/staff122/deepfake_project/outputs_deepfake_project/dfdc_subset_77_jpg/test/fake/fake_001182.jpg,fake,test,1,0.8033686876296997,1,clean,medium
/media/D1/ait_users/staff122/deepfake_project/outputs_deepfake_project/dfdc_subset_77_jpg/test/fake/fake_001183.jpg,fake,test,1,0.3744529187679291,0,clean,medium
/media/D1/ait_users/staff122/deepfake_project/outputs_deepfake_project/dfdc_subset_77_jpg/test/fake/fake_001184.jpg,fake,test,1,0.7213672399520874,1,clean,medium
/media/D1/ait_users/staff122/deepfake_project/outputs_deepfake_project/dfdc_subset_77_jpg/test/fake/fake_001185.jpg,fake,test,1,0.5596804618835449,1,clean,medium
/media/D1/ait_users/staff122/deepfake_project/outputs_deepfake_project/dfdc_subset_77_jpg/test/fake/fake_001186.jpg,fake,test,1,0.6360934376716614,1,clean,medium
/media/D1/ait_users/staff122/deepfake_project/outputs_deepfake_project/dfdc_subset_77_jpg/test/fake/fake_001187.jpg,fake,test,1,0.7373585104942322,1,clean,medium
/media/D1/ait_users/staff122/deepfake_project/outputs_deepfake_project/dfdc_subset_77_jpg/test/fake/fake_001188.jpg,fake,test,1,0.6863230466842651,1,clean,medium
/media/D1/ait_users/staff122/deepfake_project/outputs_deepfake_project/dfdc_subset_77_jpg/test/fake/fake_001189.jpg,fake,test,1,0.6822998523712158,1,clean,medium
/media/D1/ait_users/staff122/deepfake_project/outputs_deepfake_project/dfdc_subset_77_jpg/test/fake/fake_001190.jpg,fake,test,1,0.5726401209831238,1,clean,medium
/media/D1/ait_users/staff122/deepfake_project/outputs_deepfake_project/dfdc_subset_77_jpg/test/fake/fake_001191.jpg,fake,test,1,0.6846189498901367,1,clean,medium
/media/D1/ait_users/staff122/deepfake_project/outputs_deepfake_project/dfdc_subset_77_jpg/test/fake/fake_001192.jpg,fake,test,1,0.6865103244781494,1,clean,medium
/media/D1/ait_users/staff122/deepfake_project/outputs_deepfake_project/dfdc_subset_77_jpg/test/fake/fake_001193.jpg,fake,test,1,0.6414017081260681,1,clean,medium
/media/D1/ait_users/staff122/deepfake_project/outputs_deepfake_project/dfdc_subset_77_jpg/test/fake/fake_001194.jpg,fake,test,1,0.5811737775802612,1,clean,medium
/media/D1/ait_users/staff122/deepfake_project/outputs_deepfake_project/dfdc_subset_77_jpg/test/fake/fake_001195.jpg,fake,test,1,0.6335940361022949,1,clean,medium
/media/D1/ait_users/staff122/deepfake_project/outputs_deepfake_project/dfdc_subset_77_jpg/test/fake/fake_001196.jpg,fake,test,1,0.5823651552200317,1,clean,medium
/media/D1/ait_users/staff122/deepfake_project/outputs_deepfake_project/dfdc_subset_77_jpg/test/fake/fake_001197.jpg,fake,test,1,0.5713297724723816,1,clean,medium
/media/D1/ait_users/staff122/deepfake_project/outputs_deepfake_project/dfdc_subset_77_jpg/test/fake/fake_001198.jpg,fake,test,1,0.687004566192627,1,clean,medium
/media/D1/ait_users/staff122/deepfake_project/outputs_deepfake_project/dfdc_subset_77_jpg/test/fake/fake_001199.jpg,fake,test,1,0.6974680423736572,1,clean,medium
/media/D1/ait_users/staff122/deepfake_project/outputs_deepfake_project/dfdc_subset_77_jpg/test/fake/fake_001200.jpg,fake,test,1,0.584355890750885,1,clean,medium
/media/D1/ait_users/staff122/deepfake_project/outputs_deepfake_project/dfdc_subset_77_jpg/test/fake/fake_001201.jpg,fake,test,1,0.577414870262146,1,clean,medium
/media/D1/ait_users/staff122/deepfake_project/outputs_deepfake_project/dfdc_subset_77_jpg/test/fake/fake_001202.jpg,fake,test,1,0.7393044233322144,1,clean,medium
/media/D1/ait_users/staff122/deepfake_project/outputs_deepfake_project/dfdc_subset_77_jpg/test/fake/fake_001203.jpg,fake,test,1,0.6564676761627197,1,clean,medium
/media/D1/ait_users/staff122/deepfake_project/outputs_deepfake_project/dfdc_subset_77_jpg/test/fake/fake_001204.jpg,fake,test,1,0.6743431091308594,1,clean,medium
/media/D1/ait_users/staff122/deepfake_project/outputs_deepfake_project/dfdc_subset_77_jpg/test/fake/fake_001205.jpg,fake,test,1,0.6702350974082947,1,clean,medium
/media/D1/ait_users/staff122/deepfake_project/outputs_deepfake_project/dfdc_subset_77_jpg/test/fake/fake_001206.jpg,fake,test,1,0.5848309993743896,1,clean,medium
/media/D1/ait_users/staff122/deepfake_project/outputs_deepfake_project/dfdc_subset_77_jpg/test/fake/fake_001207.jpg,fake,test,1,0.6576405763626099,1,clean,medium
/media/D1/ait_users/staff122/deepfake_project/outputs_deepfake_project/dfdc_subset_77_jpg/test/fake/fake_001208.jpg,fake,test,1,0.6122583746910095,1,clean,medium
/media/D1/ait_users/staff122/deepfake_project/outputs_deepfake_project/dfdc_subset_77_jpg/test/fake/fake_001209.jpg,fake,test,1,0.6233228445053101,1,clean,medium
/media/D1/ait_users/staff122/deepfake_project/outputs_deepfake_project/dfdc_subset_77_jpg/test/fake/fake_001210.jpg,fake,test,1,0.5732466578483582,1,clean,medium
/media/D1/ait_users/staff122/deepfake_project/outputs_deepfake_project/dfdc_subset_77_jpg/test/fake/fake_001211.jpg,fake,test,1,0.4631938338279724,0,clean,medium
/media/D1/ait_users/staff122/deepfake_project/outputs_deepfake_project/dfdc_subset_77_jpg/test/fake/fake_001212.jpg,fake,test,1,0.6132526993751526,1,clean,medium
/media/D1/ait_users/staff122/deepfake_project/outputs_deepfake_project/dfdc_subset_77_jpg/test/fake/fake_001213.jpg,fake,test,1,0.5851544737815857,1,clean,medium
/media/D1/ait_users/staff122/deepfake_project/outputs_deepfake_project/dfdc_subset_77_jpg/test/fake/fake_001214.jpg,fake,test,1,0.5961796045303345,1,clean,medium
/media/D1/ait_users/staff122/deepfake_project/outputs_deepfake_project/dfdc_subset_77_jpg/test/fake/fake_001215.jpg,fake,test,1,0.6828430891036987,1,clean,medium
/media/D1/ait_users/staff122/deepfake_project/outputs_deepfake_project/dfdc_subset_77_jpg/test/fake/fake_001216.jpg,fake,test,1,0.9685216546058655,1,clean,medium
/media/D1/ait_users/staff122/deepfake_project/outputs_deepfake_project/dfdc_subset_77_jpg/test/fake/fake_001217.jpg,fake,test,1,0.9447785019874573,1,clean,medium
/media/D1/ait_users/staff122/deepfake_project/outputs_deepfake_project/dfdc_subset_77_jpg/test/fake/fake_001218.jpg,fake,test,1,0.9690021276473999,1,clean,medium
/media/D1/ait_users/staff122/deepfake_project/outputs_deepfake_project/dfdc_subset_77_jpg/test/fake/fake_001219.jpg,fake,test,1,0.9324598908424377,1,clean,medium
/media/D1/ait_users/staff122/deepfake_project/outputs_deepfake_project/dfdc_subset_77_jpg/test/fake/fake_001220.jpg,fake,test,1,0.7902362942695618,1,clean,medium
/media/D1/ait_users/staff122/deepfake_project/outputs_deepfake_project/dfdc_subset_77_jpg/test/fake/fake_001221.jpg,fake,test,1,0.9250078797340393,1,clean,medium
/media/D1/ait_users/staff122/deepfake_project/outputs_deepfake_project/dfdc_subset_77_jpg/test/fake/fake_001222.jpg,fake,test,1,0.7322908639907837,1,clean,medium
/media/D1/ait_users/staff122/deepfake_project/outputs_deepfake_project/dfdc_subset_77_jpg/test/fake/fake_001223.jpg,fake,test,1,0.9534336924552917,1,clean,medium
/media/D1/ait_users/staff122/deepfake_project/outputs_deepfake_project/dfdc_subset_77_jpg/test/fake/fake_001224.jpg,fake,test,1,0.9700613021850586,1,clean,medium
/media/D1/ait_users/staff122/deepfake_project/outputs_deepfake_project/dfdc_subset_77_jpg/test/fake/fake_001225.jpg,fake,test,1,0.8628182411193848,1,clean,medium
/media/D1/ait_users/staff122/deepfake_project/outputs_deepfake_project/dfdc_subset_77_jpg/test/fake/fake_001226.jpg,fake,test,1,0.6085607409477234,1,clean,medium
/media/D1/ait_users/staff122/deepfake_project/outputs_deepfake_project/dfdc_subset_77_jpg/test/fake/fake_001227.jpg,fake,test,1,0.9369489550590515,1,clean,medium
/media/D1/ait_users/staff122/deepfake_project/outputs_deepfake_project/dfdc_subset_77_jpg/test/fake/fake_001228.jpg,fake,test,1,0.9342984557151794,1,clean,medium
/media/D1/ait_users/staff122/deepfake_project/outputs_deepfake_project/dfdc_subset_77_jpg/test/fake/fake_001229.jpg,fake,test,1,0.8106110095977783,1,clean,medium
/media/D1/ait_users/staff122/deepfake_project/outputs_deepfake_project/dfdc_subset_77_jpg/test/fake/fake_001230.jpg,fake,test,1,0.9467683434486389,1,clean,medium
/media/D1/ait_users/staff122/deepfake_project/outputs_deepfake_project/dfdc_subset_77_jpg/test/fake/fake_001231.jpg,fake,test,1,0.8967527151107788,1,clean,medium
/media/D1/ait_users/staff122/deepfake_project/outputs_deepfake_project/dfdc_subset_77_jpg/test/fake/fake_001232.jpg,fake,test,1,0.8150893449783325,1,clean,medium
/media/D1/ait_users/staff122/deepfake_project/outputs_deepfake_project/dfdc_subset_77_jpg/test/fake/fake_001233.jpg,fake,test,1,0.6161997318267822,1,clean,medium
/media/D1/ait_users/staff122/deepfake_project/outputs_deepfake_project/dfdc_subset_77_jpg/test/fake/fake_001234.jpg,fake,test,1,0.903898298740387,1,clean,medium
/media/D1/ait_users/staff122/deepfake_project/outputs_deepfake_project/dfdc_subset_77_jpg/test/fake/fake_001235.jpg,fake,test,1,0.7391045689582825,1,clean,medium
/media/D1/ait_users/staff122/deepfake_project/outputs_deepfake_project/dfdc_subset_77_jpg/test/fake/fake_001236.jpg,fake,test,1,0.9449867606163025,1,clean,medium
/media/D1/ait_users/staff122/deepfake_project/outputs_deepfake_project/dfdc_subset_77_jpg/test/fake/fake_001237.jpg,fake,test,1,0.8484200239181519,1,clean,medium
/media/D1/ait_users/staff122/deepfake_project/outputs_deepfake_project/dfdc_subset_77_jpg/test/fake/fake_001238.jpg,fake,test,1,0.8613770008087158,1,clean,medium
/media/D1/ait_users/staff122/deepfake_project/outputs_deepfake_project/dfdc_subset_77_jpg/test/fake/fake_001239.jpg,fake,test,1,0.9013110399246216,1,clean,medium
/media/D1/ait_users/staff122/deepfake_project/outputs_deepfake_project/dfdc_subset_77_jpg/test/fake/fake_001240.jpg,fake,test,1,0.9365479946136475,1,clean,medium
/media/D1/ait_users/staff122/deepfake_project/outputs_deepfake_project/dfdc_subset_77_jpg/test/fake/fake_001241.jpg,fake,test,1,0.9720768332481384,1,clean,medium
/media/D1/ait_users/staff122/deepfake_project/outputs_deepfake_project/dfdc_subset_77_jpg/test/fake/fake_001242.jpg,fake,test,1,0.8313079476356506,1,clean,medium
/media/D1/ait_users/staff122/deepfake_project/outputs_deepfake_project/dfdc_subset_77_jpg/test/fake/fake_001243.jpg,fake,test,1,0.7468880414962769,1,clean,medium
/media/D1/ait_users/staff122/deepfake_project/outputs_deepfake_project/dfdc_subset_77_jpg/test/fake/fake_001244.jpg,fake,test,1,0.9265644550323486,1,clean,medium
/media/D1/ait_users/staff122/deepfake_project/outputs_deepfake_project/dfdc_subset_77_jpg/test/fake/fake_001245.jpg,fake,test,1,0.956737220287323,1,clean,medium
/media/D1/ait_users/staff122/deepfake_project/outputs_deepfake_project/dfdc_subset_77_jpg/test/fake/fake_001246.jpg,fake,test,1,0.8856952786445618,1,clean,medium
/media/D1/ait_users/staff122/deepfake_project/outputs_deepfake_project/dfdc_subset_77_jpg/test/fake/fake_001247.jpg,fake,test,1,0.6441822052001953,1,clean,medium
/media/D1/ait_users/staff122/deepfake_project/outputs_deepfake_project/dfdc_subset_77_jpg/test/fake/fake_001248.jpg,fake,test,1,0.05081436038017273,0,clean,medium
/media/D1/ait_users/staff122/deepfake_project/outputs_deepfake_project/dfdc_subset_77_jpg/test/fake/fake_001249.jpg,fake,test,1,0.6739238500595093,1,clean,medium
/media/D1/ait_users/staff122/deepfake_project/outputs_deepfake_project/dfdc_subset_77_jpg/test/fake/fake_001250.jpg,fake,test,1,0.7484785318374634,1,clean,medium
/media/D1/ait_users/staff122/deepfake_project/outputs_deepfake_project/dfdc_subset_77_jpg/test/fake/fake_001251.jpg,fake,test,1,0.025388162583112717,0,clean,medium
/media/D1/ait_users/staff122/deepfake_project/outputs_deepfake_project/dfdc_subset_77_jpg/test/fake/fake_001252.jpg,fake,test,1,0.2708060145378113,0,clean,medium
/media/D1/ait_users/staff122/deepfake_project/outputs_deepfake_project/dfdc_subset_77_jpg/test/fake/fake_001253.jpg,fake,test,1,0.2260531187057495,0,clean,medium
/media/D1/ait_users/staff122/deepfake_project/outputs_deepfake_project/dfdc_subset_77_jpg/test/fake/fake_001254.jpg,fake,test,1,0.026503223925828934,0,clean,medium
/media/D1/ait_users/staff122/deepfake_project/outputs_deepfake_project/dfdc_subset_77_jpg/test/fake/fake_001255.jpg,fake,test,1,0.0462559349834919,0,clean,medium
/media/D1/ait_users/staff122/deepfake_project/outputs_deepfake_project/dfdc_subset_77_jpg/test/fake/fake_001256.jpg,fake,test,1,0.02874009869992733,0,clean,medium
/media/D1/ait_users/staff122/deepfake_project/outputs_deepfake_project/dfdc_subset_77_jpg/test/fake/fake_001257.jpg,fake,test,1,0.06989089399576187,0,clean,medium
/media/D1/ait_users/staff122/deepfake_project/outputs_deepfake_project/dfdc_subset_77_jpg/test/fake/fake_001258.jpg,fake,test,1,0.03306141123175621,0,clean,medium
/media/D1/ait_users/staff122/deepfake_project/outputs_deepfake_project/dfdc_subset_77_jpg/test/fake/fake_001259.jpg,fake,test,1,0.039120640605688095,0,clean,medium
/media/D1/ait_users/staff122/deepfake_project/outputs_deepfake_project/dfdc_subset_77_jpg/test/fake/fake_001260.jpg,fake,test,1,0.02137354388833046,0,clean,medium
/media/D1/ait_users/staff122/deepfake_project/outputs_deepfake_project/dfdc_subset_77_jpg/test/fake/fake_001261.jpg,fake,test,1,0.008890309371054173,0,clean,medium
/media/D1/ait_users/staff122/deepfake_project/outputs_deepfake_project/dfdc_subset_77_jpg/test/fake/fake_001262.jpg,fake,test,1,0.1568201184272766,0,clean,medium
/media/D1/ait_users/staff122/deepfake_project/outputs_deepfake_project/dfdc_subset_77_jpg/test/fake/fake_001263.jpg,fake,test,1,0.11476027965545654,0,clean,medium
/media/D1/ait_users/staff122/deepfake_project/outputs_deepfake_project/dfdc_subset_77_jpg/test/fake/fake_001264.jpg,fake,test,1,0.10280352085828781,0,clean,medium
/media/D1/ait_users/staff122/deepfake_project/outputs_deepfake_project/dfdc_subset_77_jpg/test/fake/fake_001265.jpg,fake,test,1,0.038309015333652496,0,clean,medium
/media/D1/ait_users/staff122/deepfake_project/outputs_deepfake_project/dfdc_subset_77_jpg/test/fake/fake_001266.jpg,fake,test,1,0.017700696364045143,0,clean,medium
/media/D1/ait_users/staff122/deepfake_project/outputs_deepfake_project/dfdc_subset_77_jpg/test/fake/fake_001267.jpg,fake,test,1,0.057708967477083206,0,clean,medium
/media/D1/ait_users/staff122/deepfake_project/outputs_deepfake_project/dfdc_subset_77_jpg/test/fake/fake_001268.jpg,fake,test,1,0.02707833983004093,0,clean,medium
/media/D1/ait_users/staff122/deepfake_project/outputs_deepfake_project/dfdc_subset_77_jpg/test/fake/fake_001269.jpg,fake,test,1,0.04864035174250603,0,clean,medium
/media/D1/ait_users/staff122/deepfake_project/outputs_deepfake_project/dfdc_subset_77_jpg/test/fake/fake_001270.jpg,fake,test,1,0.09910131245851517,0,clean,medium
/media/D1/ait_users/staff122/deepfake_project/outputs_deepfake_project/dfdc_subset_77_jpg/test/fake/fake_001271.jpg,fake,test,1,0.034972868859767914,0,clean,medium
/media/D1/ait_users/staff122/deepfake_project/outputs_deepfake_project/dfdc_subset_77_jpg/test/fake/fake_001272.jpg,fake,test,1,0.08397119492292404,0,clean,medium
/media/D1/ait_users/staff122/deepfake_project/outputs_deepfake_project/dfdc_subset_77_jpg/test/fake/fake_001273.jpg,fake,test,1,0.3710123300552368,0,clean,medium
/media/D1/ait_users/staff122/deepfake_project/outputs_deepfake_project/dfdc_subset_77_jpg/test/fake/fake_001274.jpg,fake,test,1,0.03365446627140045,0,clean,medium
/media/D1/ait_users/staff122/deepfake_project/outputs_deepfake_project/dfdc_subset_77_jpg/test/fake/fake_001275.jpg,fake,test,1,0.15570782124996185,0,clean,medium
/media/D1/ait_users/staff122/deepfake_project/outputs_deepfake_project/dfdc_subset_77_jpg/test/fake/fake_001276.jpg,fake,test,1,0.30826273560523987,0,clean,medium
/media/D1/ait_users/staff122/deepfake_project/outputs_deepfake_project/dfdc_subset_77_jpg/test/fake/fake_001277.jpg,fake,test,1,0.06910983473062515,0,clean,medium
/media/D1/ait_users/staff122/deepfake_project/outputs_deepfake_project/dfdc_subset_77_jpg/test/fake/fake_001278.jpg,fake,test,1,0.0926135778427124,0,clean,medium
/media/D1/ait_users/staff122/deepfake_project/outputs_deepfake_project/dfdc_subset_77_jpg/test/fake/fake_001279.jpg,fake,test,1,0.04923030361533165,0,clean,medium
/media/D1/ait_users/staff122/deepfake_project/outputs_deepfake_project/dfdc_subset_77_jpg/test/fake/fake_001280.jpg,fake,test,1,0.9460019469261169,1,clean,medium
/media/D1/ait_users/staff122/deepfake_project/outputs_deepfake_project/dfdc_subset_77_jpg/test/fake/fake_001281.jpg,fake,test,1,0.9979816675186157,1,clean,medium
/media/D1/ait_users/staff122/deepfake_project/outputs_deepfake_project/dfdc_subset_77_jpg/test/fake/fake_001282.jpg,fake,test,1,0.9877910614013672,1,clean,medium
/media/D1/ait_users/staff122/deepfake_project/outputs_deepfake_project/dfdc_subset_77_jpg/test/fake/fake_001283.jpg,fake,test,1,0.9928106665611267,1,clean,medium
/media/D1/ait_users/staff122/deepfake_project/outputs_deepfake_project/dfdc_subset_77_jpg/test/fake/fake_001284.jpg,fake,test,1,0.9859297871589661,1,clean,medium
/media/D1/ait_users/staff122/deepfake_project/outputs_deepfake_project/dfdc_subset_77_jpg/test/fake/fake_001285.jpg,fake,test,1,0.9858747124671936,1,clean,medium
/media/D1/ait_users/staff122/deepfake_project/outputs_deepfake_project/dfdc_subset_77_jpg/test/fake/fake_001286.jpg,fake,test,1,0.9948076605796814,1,clean,medium
/media/D1/ait_users/staff122/deepfake_project/outputs_deepfake_project/dfdc_subset_77_jpg/test/fake/fake_001287.jpg,fake,test,1,0.9917141795158386,1,clean,medium
/media/D1/ait_users/staff122/deepfake_project/outputs_deepfake_project/dfdc_subset_77_jpg/test/fake/fake_001288.jpg,fake,test,1,0.9975579977035522,1,clean,medium
/media/D1/ait_users/staff122/deepfake_project/outputs_deepfake_project/dfdc_subset_77_jpg/test/fake/fake_001289.jpg,fake,test,1,0.9922663569450378,1,clean,medium
/media/D1/ait_users/staff122/deepfake_project/outputs_deepfake_project/dfdc_subset_77_jpg/test/fake/fake_001290.jpg,fake,test,1,0.978800356388092,1,clean,medium
/media/D1/ait_users/staff122/deepfake_project/outputs_deepfake_project/dfdc_subset_77_jpg/test/fake/fake_001291.jpg,fake,test,1,0.9953296184539795,1,clean,medium
/media/D1/ait_users/staff122/deepfake_project/outputs_deepfake_project/dfdc_subset_77_jpg/test/fake/fake_001292.jpg,fake,test,1,0.9787852764129639,1,clean,medium
/media/D1/ait_users/staff122/deepfake_project/outputs_deepfake_project/dfdc_subset_77_jpg/test/fake/fake_001293.jpg,fake,test,1,0.993752658367157,1,clean,medium
/media/D1/ait_users/staff122/deepfake_project/outputs_deepfake_project/dfdc_subset_77_jpg/test/fake/fake_001294.jpg,fake,test,1,0.9941144585609436,1,clean,medium
/media/D1/ait_users/staff122/deepfake_project/outputs_deepfake_project/dfdc_subset_77_jpg/test/fake/fake_001295.jpg,fake,test,1,0.9811317920684814,1,clean,medium
/media/D1/ait_users/staff122/deepfake_project/outputs_deepfake_project/dfdc_subset_77_jpg/test/fake/fake_001296.jpg,fake,test,1,0.9899054169654846,1,clean,medium
/media/D1/ait_users/staff122/deepfake_project/outputs_deepfake_project/dfdc_subset_77_jpg/test/fake/fake_001297.jpg,fake,test,1,0.9951691031455994,1,clean,medium
/media/D1/ait_users/staff122/deepfake_project/outputs_deepfake_project/dfdc_subset_77_jpg/test/fake/fake_001298.jpg,fake,test,1,0.9964593052864075,1,clean,medium
/media/D1/ait_users/staff122/deepfake_project/outputs_deepfake_project/dfdc_subset_77_jpg/test/fake/fake_001299.jpg,fake,test,1,0.9660122394561768,1,clean,medium
/media/D1/ait_users/staff122/deepfake_project/outputs_deepfake_project/dfdc_subset_77_jpg/test/fake/fake_001300.jpg,fake,test,1,0.9963841438293457,1,clean,medium
/media/D1/ait_users/staff122/deepfake_project/outputs_deepfake_project/dfdc_subset_77_jpg/test/fake/fake_001301.jpg,fake,test,1,0.9970139265060425,1,clean,medium
/media/D1/ait_users/staff122/deepfake_project/outputs_deepfake_project/dfdc_subset_77_jpg/test/fake/fake_001302.jpg,fake,test,1,0.9914802312850952,1,clean,medium
/media/D1/ait_users/staff122/deepfake_project/outputs_deepfake_project/dfdc_subset_77_jpg/test/fake/fake_001303.jpg,fake,test,1,0.987928569316864,1,clean,medium
/media/D1/ait_users/staff122/deepfake_project/outputs_deepfake_project/dfdc_subset_77_jpg/test/fake/fake_001304.jpg,fake,test,1,0.9359700083732605,1,clean,medium
/media/D1/ait_users/staff122/deepfake_project/outputs_deepfake_project/dfdc_subset_77_jpg/test/fake/fake_001305.jpg,fake,test,1,0.9866747260093689,1,clean,medium
/media/D1/ait_users/staff122/deepfake_project/outputs_deepfake_project/dfdc_subset_77_jpg/test/fake/fake_001306.jpg,fake,test,1,0.9909219145774841,1,clean,medium
/media/D1/ait_users/staff122/deepfake_project/outputs_deepfake_project/dfdc_subset_77_jpg/test/fake/fake_001307.jpg,fake,test,1,0.9956207871437073,1,clean,medium
/media/D1/ait_users/staff122/deepfake_project/outputs_deepfake_project/dfdc_subset_77_jpg/test/fake/fake_001308.jpg,fake,test,1,0.995995283126831,1,clean,medium
/media/D1/ait_users/staff122/deepfake_project/outputs_deepfake_project/dfdc_subset_77_jpg/test/fake/fake_001309.jpg,fake,test,1,0.9880907535552979,1,clean,medium
/media/D1/ait_users/staff122/deepfake_project/outputs_deepfake_project/dfdc_subset_77_jpg/test/fake/fake_001310.jpg,fake,test,1,0.9821386337280273,1,clean,medium
/media/D1/ait_users/staff122/deepfake_project/outputs_deepfake_project/dfdc_subset_77_jpg/test/fake/fake_001311.jpg,fake,test,1,0.9558787941932678,1,clean,medium
/media/D1/ait_users/staff122/deepfake_project/outputs_deepfake_project/dfdc_subset_77_jpg/test/fake/fake_001312.jpg,fake,test,1,0.18173058331012726,0,clean,medium
/media/D1/ait_users/staff122/deepfake_project/outputs_deepfake_project/dfdc_subset_77_jpg/test/fake/fake_001313.jpg,fake,test,1,0.10196168720722198,0,clean,medium
/media/D1/ait_users/staff122/deepfake_project/outputs_deepfake_project/dfdc_subset_77_jpg/test/fake/fake_001314.jpg,fake,test,1,0.16709591448307037,0,clean,medium
/media/D1/ait_users/staff122/deepfake_project/outputs_deepfake_project/dfdc_subset_77_jpg/test/fake/fake_001315.jpg,fake,test,1,0.1891181468963623,0,clean,medium
/media/D1/ait_users/staff122/deepfake_project/outputs_deepfake_project/dfdc_subset_77_jpg/test/fake/fake_001316.jpg,fake,test,1,0.012949585914611816,0,clean,medium
/media/D1/ait_users/staff122/deepfake_project/outputs_deepfake_project/dfdc_subset_77_jpg/test/fake/fake_001317.jpg,fake,test,1,0.4238874614238739,0,clean,medium
/media/D1/ait_users/staff122/deepfake_project/outputs_deepfake_project/dfdc_subset_77_jpg/test/fake/fake_001318.jpg,fake,test,1,0.24666926264762878,0,clean,medium
/media/D1/ait_users/staff122/deepfake_project/outputs_deepfake_project/dfdc_subset_77_jpg/test/fake/fake_001319.jpg,fake,test,1,0.4753207564353943,0,clean,medium
/media/D1/ait_users/staff122/deepfake_project/outputs_deepfake_project/dfdc_subset_77_jpg/test/fake/fake_001320.jpg,fake,test,1,0.8698476552963257,1,clean,medium
/media/D1/ait_users/staff122/deepfake_project/outputs_deepfake_project/dfdc_subset_77_jpg/test/fake/fake_001321.jpg,fake,test,1,0.5731288194656372,1,clean,medium
/media/D1/ait_users/staff122/deepfake_project/outputs_deepfake_project/dfdc_subset_77_jpg/test/fake/fake_001322.jpg,fake,test,1,0.5252097845077515,1,clean,medium
/media/D1/ait_users/staff122/deepfake_project/outputs_deepfake_project/dfdc_subset_77_jpg/test/fake/fake_001323.jpg,fake,test,1,0.7946622967720032,1,clean,medium
/media/D1/ait_users/staff122/deepfake_project/outputs_deepfake_project/dfdc_subset_77_jpg/test/fake/fake_001324.jpg,fake,test,1,0.8867242336273193,1,clean,medium
/media/D1/ait_users/staff122/deepfake_project/outputs_deepfake_project/dfdc_subset_77_jpg/test/fake/fake_001325.jpg,fake,test,1,0.8725009560585022,1,clean,medium
/media/D1/ait_users/staff122/deepfake_project/outputs_deepfake_project/dfdc_subset_77_jpg/test/fake/fake_001326.jpg,fake,test,1,0.7940797805786133,1,clean,medium
/media/D1/ait_users/staff122/deepfake_project/outputs_deepfake_project/dfdc_subset_77_jpg/test/fake/fake_001327.jpg,fake,test,1,0.6129692792892456,1,clean,medium
/media/D1/ait_users/staff122/deepfake_project/outputs_deepfake_project/dfdc_subset_77_jpg/test/fake/fake_001328.jpg,fake,test,1,0.23984505236148834,0,clean,medium
/media/D1/ait_users/staff122/deepfake_project/outputs_deepfake_project/dfdc_subset_77_jpg/test/fake/fake_001329.jpg,fake,test,1,0.21723014116287231,0,clean,medium
/media/D1/ait_users/staff122/deepfake_project/outputs_deepfake_project/dfdc_subset_77_jpg/test/fake/fake_001330.jpg,fake,test,1,0.8365157842636108,1,clean,medium
/media/D1/ait_users/staff122/deepfake_project/outputs_deepfake_project/dfdc_subset_77_jpg/test/fake/fake_001331.jpg,fake,test,1,0.6460010409355164,1,clean,medium
/media/D1/ait_users/staff122/deepfake_project/outputs_deepfake_project/dfdc_subset_77_jpg/test/fake/fake_001332.jpg,fake,test,1,0.48670846223831177,0,clean,medium
/media/D1/ait_users/staff122/deepfake_project/outputs_deepfake_project/dfdc_subset_77_jpg/test/fake/fake_001333.jpg,fake,test,1,0.7510290741920471,1,clean,medium
/media/D1/ait_users/staff122/deepfake_project/outputs_deepfake_project/dfdc_subset_77_jpg/test/fake/fake_001334.jpg,fake,test,1,0.5194532871246338,1,clean,medium
/media/D1/ait_users/staff122/deepfake_project/outputs_deepfake_project/dfdc_subset_77_jpg/test/fake/fake_001335.jpg,fake,test,1,0.19208881258964539,0,clean,medium
/media/D1/ait_users/staff122/deepfake_project/outputs_deepfake_project/dfdc_subset_77_jpg/test/fake/fake_001336.jpg,fake,test,1,0.8083600997924805,1,clean,medium
/media/D1/ait_users/staff122/deepfake_project/outputs_deepfake_project/dfdc_subset_77_jpg/test/fake/fake_001337.jpg,fake,test,1,0.7723122835159302,1,clean,medium
/media/D1/ait_users/staff122/deepfake_project/outputs_deepfake_project/dfdc_subset_77_jpg/test/fake/fake_001338.jpg,fake,test,1,0.6148438453674316,1,clean,medium
/media/D1/ait_users/staff122/deepfake_project/outputs_deepfake_project/dfdc_subset_77_jpg/test/fake/fake_001339.jpg,fake,test,1,0.5885711312294006,1,clean,medium
/media/D1/ait_users/staff122/deepfake_project/outputs_deepfake_project/dfdc_subset_77_jpg/test/fake/fake_001340.jpg,fake,test,1,0.38444292545318604,0,clean,medium
/media/D1/ait_users/staff122/deepfake_project/outputs_deepfake_project/dfdc_subset_77_jpg/test/fake/fake_001341.jpg,fake,test,1,0.2236599624156952,0,clean,medium
/media/D1/ait_users/staff122/deepfake_project/outputs_deepfake_project/dfdc_subset_77_jpg/test/fake/fake_001342.jpg,fake,test,1,0.14799027144908905,0,clean,medium
/media/D1/ait_users/staff122/deepfake_project/outputs_deepfake_project/dfdc_subset_77_jpg/test/fake/fake_001343.jpg,fake,test,1,0.44693443179130554,0,clean,medium
/media/D1/ait_users/staff122/deepfake_project/outputs_deepfake_project/dfdc_subset_77_jpg/test/fake/fake_001344.jpg,fake,test,1,0.20116369426250458,0,clean,medium
/media/D1/ait_users/staff122/deepfake_project/outputs_deepfake_project/dfdc_subset_77_jpg/test/fake/fake_001345.jpg,fake,test,1,0.16019219160079956,0,clean,medium
/media/D1/ait_users/staff122/deepfake_project/outputs_deepfake_project/dfdc_subset_77_jpg/test/fake/fake_001346.jpg,fake,test,1,0.06887637823820114,0,clean,medium
/media/D1/ait_users/staff122/deepfake_project/outputs_deepfake_project/dfdc_subset_77_jpg/test/fake/fake_001347.jpg,fake,test,1,0.12707310914993286,0,clean,medium
/media/D1/ait_users/staff122/deepfake_project/outputs_deepfake_project/dfdc_subset_77_jpg/test/fake/fake_001348.jpg,fake,test,1,0.3555801808834076,0,clean,medium
/media/D1/ait_users/staff122/deepfake_project/outputs_deepfake_project/dfdc_subset_77_jpg/test/fake/fake_001349.jpg,fake,test,1,0.08917318284511566,0,clean,medium
/media/D1/ait_users/staff122/deepfake_project/outputs_deepfake_project/dfdc_subset_77_jpg/test/fake/fake_001350.jpg,fake,test,1,0.3445333242416382,0,clean,medium
/media/D1/ait_users/staff122/deepfake_project/outputs_deepfake_project/dfdc_subset_77_jpg/test/fake/fake_001351.jpg,fake,test,1,0.08499941229820251,0,clean,medium
/media/D1/ait_users/staff122/deepfake_project/outputs_deepfake_project/dfdc_subset_77_jpg/test/fake/fake_001352.jpg,fake,test,1,0.2728339433670044,0,clean,medium
/media/D1/ait_users/staff122/deepfake_project/outputs_deepfake_project/dfdc_subset_77_jpg/test/fake/fake_001353.jpg,fake,test,1,0.0577818788588047,0,clean,medium
/media/D1/ait_users/staff122/deepfake_project/outputs_deepfake_project/dfdc_subset_77_jpg/test/fake/fake_001354.jpg,fake,test,1,0.007492666598409414,0,clean,medium
/media/D1/ait_users/staff122/deepfake_project/outputs_deepfake_project/dfdc_subset_77_jpg/test/fake/fake_001355.jpg,fake,test,1,0.21868672966957092,0,clean,medium
/media/D1/ait_users/staff122/deepfake_project/outputs_deepfake_project/dfdc_subset_77_jpg/test/fake/fake_001356.jpg,fake,test,1,0.15781576931476593,0,clean,medium
/media/D1/ait_users/staff122/deepfake_project/outputs_deepfake_project/dfdc_subset_77_jpg/test/fake/fake_001357.jpg,fake,test,1,0.03014828823506832,0,clean,medium
/media/D1/ait_users/staff122/deepfake_project/outputs_deepfake_project/dfdc_subset_77_jpg/test/fake/fake_001358.jpg,fake,test,1,0.05188760533928871,0,clean,medium
/media/D1/ait_users/staff122/deepfake_project/outputs_deepfake_project/dfdc_subset_77_jpg/test/fake/fake_001359.jpg,fake,test,1,0.08140376210212708,0,clean,medium
/media/D1/ait_users/staff122/deepfake_project/outputs_deepfake_project/dfdc_subset_77_jpg/test/fake/fake_001360.jpg,fake,test,1,0.217205211520195,0,clean,medium
/media/D1/ait_users/staff122/deepfake_project/outputs_deepfake_project/dfdc_subset_77_jpg/test/fake/fake_001361.jpg,fake,test,1,0.091545969247818,0,clean,medium
/media/D1/ait_users/staff122/deepfake_project/outputs_deepfake_project/dfdc_subset_77_jpg/test/fake/fake_001362.jpg,fake,test,1,0.730709969997406,1,clean,medium
/media/D1/ait_users/staff122/deepfake_project/outputs_deepfake_project/dfdc_subset_77_jpg/test/fake/fake_001363.jpg,fake,test,1,0.7703621983528137,1,clean,medium
/media/D1/ait_users/staff122/deepfake_project/outputs_deepfake_project/dfdc_subset_77_jpg/test/fake/fake_001364.jpg,fake,test,1,0.2352977842092514,0,clean,medium
/media/D1/ait_users/staff122/deepfake_project/outputs_deepfake_project/dfdc_subset_77_jpg/test/fake/fake_001365.jpg,fake,test,1,0.08232530951499939,0,clean,medium
/media/D1/ait_users/staff122/deepfake_project/outputs_deepfake_project/dfdc_subset_77_jpg/test/fake/fake_001366.jpg,fake,test,1,0.13338352739810944,0,clean,medium
/media/D1/ait_users/staff122/deepfake_project/outputs_deepfake_project/dfdc_subset_77_jpg/test/fake/fake_001367.jpg,fake,test,1,0.1740485280752182,0,clean,medium
/media/D1/ait_users/staff122/deepfake_project/outputs_deepfake_project/dfdc_subset_77_jpg/test/fake/fake_001368.jpg,fake,test,1,0.35884198546409607,0,clean,medium
/media/D1/ait_users/staff122/deepfake_project/outputs_deepfake_project/dfdc_subset_77_jpg/test/fake/fake_001369.jpg,fake,test,1,0.5238779783248901,1,clean,medium
/media/D1/ait_users/staff122/deepfake_project/outputs_deepfake_project/dfdc_subset_77_jpg/test/fake/fake_001370.jpg,fake,test,1,0.11508119851350784,0,clean,medium
/media/D1/ait_users/staff122/deepfake_project/outputs_deepfake_project/dfdc_subset_77_jpg/test/fake/fake_001371.jpg,fake,test,1,0.5142543315887451,1,clean,medium
/media/D1/ait_users/staff122/deepfake_project/outputs_deepfake_project/dfdc_subset_77_jpg/test/fake/fake_001372.jpg,fake,test,1,0.3340311050415039,0,clean,medium
/media/D1/ait_users/staff122/deepfake_project/outputs_deepfake_project/dfdc_subset_77_jpg/test/fake/fake_001373.jpg,fake,test,1,0.23671138286590576,0,clean,medium
/media/D1/ait_users/staff122/deepfake_project/outputs_deepfake_project/dfdc_subset_77_jpg/test/fake/fake_001374.jpg,fake,test,1,0.042738527059555054,0,clean,medium
/media/D1/ait_users/staff122/deepfake_project/outputs_deepfake_project/dfdc_subset_77_jpg/test/fake/fake_001375.jpg,fake,test,1,0.0071741440333426,0,clean,medium
/media/D1/ait_users/staff122/deepfake_project/outputs_deepfake_project/dfdc_subset_77_jpg/test/fake/fake_001376.jpg,fake,test,1,0.27504557371139526,0,clean,medium
/media/D1/ait_users/staff122/deepfake_project/outputs_deepfake_project/dfdc_subset_77_jpg/test/fake/fake_001377.jpg,fake,test,1,0.3812080919742584,0,clean,medium
/media/D1/ait_users/staff122/deepfake_project/outputs_deepfake_project/dfdc_subset_77_jpg/test/fake/fake_001378.jpg,fake,test,1,0.2433943897485733,0,clean,medium
/media/D1/ait_users/staff122/deepfake_project/outputs_deepfake_project/dfdc_subset_77_jpg/test/fake/fake_001379.jpg,fake,test,1,0.46885132789611816,0,clean,medium
/media/D1/ait_users/staff122/deepfake_project/outputs_deepfake_project/dfdc_subset_77_jpg/test/fake/fake_001380.jpg,fake,test,1,0.3909781575202942,0,clean,medium
/media/D1/ait_users/staff122/deepfake_project/outputs_deepfake_project/dfdc_subset_77_jpg/test/fake/fake_001381.jpg,fake,test,1,0.5780739784240723,1,clean,medium
/media/D1/ait_users/staff122/deepfake_project/outputs_deepfake_project/dfdc_subset_77_jpg/test/fake/fake_001382.jpg,fake,test,1,0.522455632686615,1,clean,medium
/media/D1/ait_users/staff122/deepfake_project/outputs_deepfake_project/dfdc_subset_77_jpg/test/fake/fake_001383.jpg,fake,test,1,0.4151047468185425,0,clean,medium
/media/D1/ait_users/staff122/deepfake_project/outputs_deepfake_project/dfdc_subset_77_jpg/test/fake/fake_001384.jpg,fake,test,1,0.21382461488246918,0,clean,medium
/media/D1/ait_users/staff122/deepfake_project/outputs_deepfake_project/dfdc_subset_77_jpg/test/fake/fake_001385.jpg,fake,test,1,0.46593552827835083,0,clean,medium
/media/D1/ait_users/staff122/deepfake_project/outputs_deepfake_project/dfdc_subset_77_jpg/test/fake/fake_001386.jpg,fake,test,1,0.3584260940551758,0,clean,medium
/media/D1/ait_users/staff122/deepfake_project/outputs_deepfake_project/dfdc_subset_77_jpg/test/fake/fake_001387.jpg,fake,test,1,0.5963311195373535,1,clean,medium
/media/D1/ait_users/staff122/deepfake_project/outputs_deepfake_project/dfdc_subset_77_jpg/test/fake/fake_001388.jpg,fake,test,1,0.4345687925815582,0,clean,medium
/media/D1/ait_users/staff122/deepfake_project/outputs_deepfake_project/dfdc_subset_77_jpg/test/fake/fake_001389.jpg,fake,test,1,0.11016970872879028,0,clean,medium
/media/D1/ait_users/staff122/deepfake_project/outputs_deepfake_project/dfdc_subset_77_jpg/test/fake/fake_001390.jpg,fake,test,1,0.30107417702674866,0,clean,medium
/media/D1/ait_users/staff122/deepfake_project/outputs_deepfake_project/dfdc_subset_77_jpg/test/fake/fake_001391.jpg,fake,test,1,0.12022119015455246,0,clean,medium
/media/D1/ait_users/staff122/deepfake_project/outputs_deepfake_project/dfdc_subset_77_jpg/test/fake/fake_001392.jpg,fake,test,1,0.15595495700836182,0,clean,medium
/media/D1/ait_users/staff122/deepfake_project/outputs_deepfake_project/dfdc_subset_77_jpg/test/fake/fake_001393.jpg,fake,test,1,0.10753075033426285,0,clean,medium
/media/D1/ait_users/staff122/deepfake_project/outputs_deepfake_project/dfdc_subset_77_jpg/test/fake/fake_001394.jpg,fake,test,1,0.12294565141201019,0,clean,medium
/media/D1/ait_users/staff122/deepfake_project/outputs_deepfake_project/dfdc_subset_77_jpg/test/fake/fake_001395.jpg,fake,test,1,0.08239559829235077,0,clean,medium
/media/D1/ait_users/staff122/deepfake_project/outputs_deepfake_project/dfdc_subset_77_jpg/test/fake/fake_001396.jpg,fake,test,1,0.13547112047672272,0,clean,medium
/media/D1/ait_users/staff122/deepfake_project/outputs_deepfake_project/dfdc_subset_77_jpg/test/fake/fake_001397.jpg,fake,test,1,0.687583863735199,1,clean,medium
/media/D1/ait_users/staff122/deepfake_project/outputs_deepfake_project/dfdc_subset_77_jpg/test/fake/fake_001398.jpg,fake,test,1,0.6441828012466431,1,clean,medium
/media/D1/ait_users/staff122/deepfake_project/outputs_deepfake_project/dfdc_subset_77_jpg/test/fake/fake_001399.jpg,fake,test,1,0.2554618716239929,0,clean,medium
/media/D1/ait_users/staff122/deepfake_project/outputs_deepfake_project/dfdc_subset_77_jpg/test/fake/fake_001400.jpg,fake,test,1,0.2109452337026596,0,clean,medium
/media/D1/ait_users/staff122/deepfake_project/outputs_deepfake_project/dfdc_subset_77_jpg/test/fake/fake_001401.jpg,fake,test,1,0.15172737836837769,0,clean,medium
/media/D1/ait_users/staff122/deepfake_project/outputs_deepfake_project/dfdc_subset_77_jpg/test/fake/fake_001402.jpg,fake,test,1,0.3955080509185791,0,clean,medium
/media/D1/ait_users/staff122/deepfake_project/outputs_deepfake_project/dfdc_subset_77_jpg/test/fake/fake_001403.jpg,fake,test,1,0.44870585203170776,0,clean,medium
/media/D1/ait_users/staff122/deepfake_project/outputs_deepfake_project/dfdc_subset_77_jpg/test/fake/fake_001404.jpg,fake,test,1,0.39679035544395447,0,clean,medium
/media/D1/ait_users/staff122/deepfake_project/outputs_deepfake_project/dfdc_subset_77_jpg/test/fake/fake_001405.jpg,fake,test,1,0.36916977167129517,0,clean,medium
/media/D1/ait_users/staff122/deepfake_project/outputs_deepfake_project/dfdc_subset_77_jpg/test/fake/fake_001406.jpg,fake,test,1,0.3918077349662781,0,clean,medium
/media/D1/ait_users/staff122/deepfake_project/outputs_deepfake_project/dfdc_subset_77_jpg/test/fake/fake_001407.jpg,fake,test,1,0.2773095965385437,0,clean,medium
/media/D1/ait_users/staff122/deepfake_project/outputs_deepfake_project/dfdc_subset_77_jpg/test/fake/fake_001408.jpg,fake,test,1,0.9743973016738892,1,clean,medium
/media/D1/ait_users/staff122/deepfake_project/outputs_deepfake_project/dfdc_subset_77_jpg/test/fake/fake_001409.jpg,fake,test,1,0.8979020714759827,1,clean,medium
/media/D1/ait_users/staff122/deepfake_project/outputs_deepfake_project/dfdc_subset_77_jpg/test/fake/fake_001410.jpg,fake,test,1,0.8921822309494019,1,clean,medium
/media/D1/ait_users/staff122/deepfake_project/outputs_deepfake_project/dfdc_subset_77_jpg/test/fake/fake_001411.jpg,fake,test,1,0.7435070872306824,1,clean,medium
/media/D1/ait_users/staff122/deepfake_project/outputs_deepfake_project/dfdc_subset_77_jpg/test/fake/fake_001412.jpg,fake,test,1,0.9477923512458801,1,clean,medium
/media/D1/ait_users/staff122/deepfake_project/outputs_deepfake_project/dfdc_subset_77_jpg/test/fake/fake_001413.jpg,fake,test,1,0.9134715795516968,1,clean,medium
/media/D1/ait_users/staff122/deepfake_project/outputs_deepfake_project/dfdc_subset_77_jpg/test/fake/fake_001414.jpg,fake,test,1,0.97788405418396,1,clean,medium
/media/D1/ait_users/staff122/deepfake_project/outputs_deepfake_project/dfdc_subset_77_jpg/test/fake/fake_001415.jpg,fake,test,1,0.806907594203949,1,clean,medium
/media/D1/ait_users/staff122/deepfake_project/outputs_deepfake_project/dfdc_subset_77_jpg/test/fake/fake_001416.jpg,fake,test,1,0.6729311943054199,1,clean,medium
/media/D1/ait_users/staff122/deepfake_project/outputs_deepfake_project/dfdc_subset_77_jpg/test/fake/fake_001417.jpg,fake,test,1,0.8660395741462708,1,clean,medium
/media/D1/ait_users/staff122/deepfake_project/outputs_deepfake_project/dfdc_subset_77_jpg/test/fake/fake_001418.jpg,fake,test,1,0.7786268591880798,1,clean,medium
/media/D1/ait_users/staff122/deepfake_project/outputs_deepfake_project/dfdc_subset_77_jpg/test/fake/fake_001419.jpg,fake,test,1,0.9424573183059692,1,clean,medium
/media/D1/ait_users/staff122/deepfake_project/outputs_deepfake_project/dfdc_subset_77_jpg/test/fake/fake_001420.jpg,fake,test,1,0.8802880644798279,1,clean,medium
/media/D1/ait_users/staff122/deepfake_project/outputs_deepfake_project/dfdc_subset_77_jpg/test/fake/fake_001421.jpg,fake,test,1,0.9344705939292908,1,clean,medium
/media/D1/ait_users/staff122/deepfake_project/outputs_deepfake_project/dfdc_subset_77_jpg/test/fake/fake_001422.jpg,fake,test,1,0.8933908939361572,1,clean,medium
/media/D1/ait_users/staff122/deepfake_project/outputs_deepfake_project/dfdc_subset_77_jpg/test/fake/fake_001423.jpg,fake,test,1,0.886910617351532,1,clean,medium
/media/D1/ait_users/staff122/deepfake_project/outputs_deepfake_project/dfdc_subset_77_jpg/test/fake/fake_001424.jpg,fake,test,1,0.9541196823120117,1,clean,medium
/media/D1/ait_users/staff122/deepfake_project/outputs_deepfake_project/dfdc_subset_77_jpg/test/fake/fake_001425.jpg,fake,test,1,0.9727824926376343,1,clean,medium
/media/D1/ait_users/staff122/deepfake_project/outputs_deepfake_project/dfdc_subset_77_jpg/test/fake/fake_001426.jpg,fake,test,1,0.9895344376564026,1,clean,medium
/media/D1/ait_users/staff122/deepfake_project/outputs_deepfake_project/dfdc_subset_77_jpg/test/fake/fake_001427.jpg,fake,test,1,0.9687631130218506,1,clean,medium
/media/D1/ait_users/staff122/deepfake_project/outputs_deepfake_project/dfdc_subset_77_jpg/test/fake/fake_001428.jpg,fake,test,1,0.9558641910552979,1,clean,medium
/media/D1/ait_users/staff122/deepfake_project/outputs_deepfake_project/dfdc_subset_77_jpg/test/fake/fake_001429.jpg,fake,test,1,0.9481029510498047,1,clean,medium
/media/D1/ait_users/staff122/deepfake_project/outputs_deepfake_project/dfdc_subset_77_jpg/test/fake/fake_001430.jpg,fake,test,1,0.9217414855957031,1,clean,medium
/media/D1/ait_users/staff122/deepfake_project/outputs_deepfake_project/dfdc_subset_77_jpg/test/fake/fake_001431.jpg,fake,test,1,0.9806221723556519,1,clean,medium
/media/D1/ait_users/staff122/deepfake_project/outputs_deepfake_project/dfdc_subset_77_jpg/test/fake/fake_001432.jpg,fake,test,1,0.9802166819572449,1,clean,medium
/media/D1/ait_users/staff122/deepfake_project/outputs_deepfake_project/dfdc_subset_77_jpg/test/fake/fake_001433.jpg,fake,test,1,0.9425656199455261,1,clean,medium
/media/D1/ait_users/staff122/deepfake_project/outputs_deepfake_project/dfdc_subset_77_jpg/test/fake/fake_001434.jpg,fake,test,1,0.8286692500114441,1,clean,medium
/media/D1/ait_users/staff122/deepfake_project/outputs_deepfake_project/dfdc_subset_77_jpg/test/fake/fake_001435.jpg,fake,test,1,0.9725655913352966,1,clean,medium
/media/D1/ait_users/staff122/deepfake_project/outputs_deepfake_project/dfdc_subset_77_jpg/test/fake/fake_001436.jpg,fake,test,1,0.885036051273346,1,clean,medium
/media/D1/ait_users/staff122/deepfake_project/outputs_deepfake_project/dfdc_subset_77_jpg/test/fake/fake_001437.jpg,fake,test,1,0.9622515439987183,1,clean,medium
/media/D1/ait_users/staff122/deepfake_project/outputs_deepfake_project/dfdc_subset_77_jpg/test/fake/fake_001438.jpg,fake,test,1,0.9641947150230408,1,clean,medium
/media/D1/ait_users/staff122/deepfake_project/outputs_deepfake_project/dfdc_subset_77_jpg/test/fake/fake_001439.jpg,fake,test,1,0.8099826574325562,1,clean,medium
/media/D1/ait_users/staff122/deepfake_project/outputs_deepfake_project/dfdc_subset_77_jpg/test/fake/fake_001440.jpg,fake,test,1,0.8613840937614441,1,clean,medium
/media/D1/ait_users/staff122/deepfake_project/outputs_deepfake_project/dfdc_subset_77_jpg/test/fake/fake_001441.jpg,fake,test,1,0.005617441609501839,0,clean,medium
/media/D1/ait_users/staff122/deepfake_project/outputs_deepfake_project/dfdc_subset_77_jpg/test/fake/fake_001442.jpg,fake,test,1,0.0009614446316845715,0,clean,medium
/media/D1/ait_users/staff122/deepfake_project/outputs_deepfake_project/dfdc_subset_77_jpg/test/fake/fake_001443.jpg,fake,test,1,0.49078473448753357,0,clean,medium
/media/D1/ait_users/staff122/deepfake_project/outputs_deepfake_project/dfdc_subset_77_jpg/test/fake/fake_001444.jpg,fake,test,1,0.027814161032438278,0,clean,medium
/media/D1/ait_users/staff122/deepfake_project/outputs_deepfake_project/dfdc_subset_77_jpg/test/fake/fake_001445.jpg,fake,test,1,0.9246768355369568,1,clean,medium
/media/D1/ait_users/staff122/deepfake_project/outputs_deepfake_project/dfdc_subset_77_jpg/test/fake/fake_001446.jpg,fake,test,1,0.0035684043541550636,0,clean,medium
/media/D1/ait_users/staff122/deepfake_project/outputs_deepfake_project/dfdc_subset_77_jpg/test/fake/fake_001447.jpg,fake,test,1,0.17754250764846802,0,clean,medium
/media/D1/ait_users/staff122/deepfake_project/outputs_deepfake_project/dfdc_subset_77_jpg/test/fake/fake_001448.jpg,fake,test,1,0.09668146818876266,0,clean,medium
/media/D1/ait_users/staff122/deepfake_project/outputs_deepfake_project/dfdc_subset_77_jpg/test/fake/fake_001449.jpg,fake,test,1,0.7198859453201294,1,clean,medium
/media/D1/ait_users/staff122/deepfake_project/outputs_deepfake_project/dfdc_subset_77_jpg/test/fake/fake_001450.jpg,fake,test,1,0.9610397815704346,1,clean,medium
/media/D1/ait_users/staff122/deepfake_project/outputs_deepfake_project/dfdc_subset_77_jpg/test/fake/fake_001451.jpg,fake,test,1,0.7552512884140015,1,clean,medium
/media/D1/ait_users/staff122/deepfake_project/outputs_deepfake_project/dfdc_subset_77_jpg/test/fake/fake_001452.jpg,fake,test,1,0.8418033123016357,1,clean,medium
/media/D1/ait_users/staff122/deepfake_project/outputs_deepfake_project/dfdc_subset_77_jpg/test/fake/fake_001453.jpg,fake,test,1,0.1750560998916626,0,clean,medium
/media/D1/ait_users/staff122/deepfake_project/outputs_deepfake_project/dfdc_subset_77_jpg/test/fake/fake_001454.jpg,fake,test,1,0.2703428864479065,0,clean,medium
/media/D1/ait_users/staff122/deepfake_project/outputs_deepfake_project/dfdc_subset_77_jpg/test/fake/fake_001455.jpg,fake,test,1,0.1706526130437851,0,clean,medium
/media/D1/ait_users/staff122/deepfake_project/outputs_deepfake_project/dfdc_subset_77_jpg/test/fake/fake_001456.jpg,fake,test,1,0.34969207644462585,0,clean,medium
/media/D1/ait_users/staff122/deepfake_project/outputs_deepfake_project/dfdc_subset_77_jpg/test/fake/fake_001457.jpg,fake,test,1,0.636046290397644,1,clean,medium
/media/D1/ait_users/staff122/deepfake_project/outputs_deepfake_project/dfdc_subset_77_jpg/test/fake/fake_001458.jpg,fake,test,1,0.14953802525997162,0,clean,medium
/media/D1/ait_users/staff122/deepfake_project/outputs_deepfake_project/dfdc_subset_77_jpg/test/fake/fake_001459.jpg,fake,test,1,0.34532269835472107,0,clean,medium
/media/D1/ait_users/staff122/deepfake_project/outputs_deepfake_project/dfdc_subset_77_jpg/test/fake/fake_001460.jpg,fake,test,1,0.2147396057844162,0,clean,medium
/media/D1/ait_users/staff122/deepfake_project/outputs_deepfake_project/dfdc_subset_77_jpg/test/fake/fake_001461.jpg,fake,test,1,0.0012222194345667958,0,clean,medium
/media/D1/ait_users/staff122/deepfake_project/outputs_deepfake_project/dfdc_subset_77_jpg/test/fake/fake_001462.jpg,fake,test,1,0.03401850536465645,0,clean,medium
/media/D1/ait_users/staff122/deepfake_project/outputs_deepfake_project/dfdc_subset_77_jpg/test/fake/fake_001463.jpg,fake,test,1,0.984872579574585,1,clean,medium
/media/D1/ait_users/staff122/deepfake_project/outputs_deepfake_project/dfdc_subset_77_jpg/test/fake/fake_001464.jpg,fake,test,1,0.3841690719127655,0,clean,medium
/media/D1/ait_users/staff122/deepfake_project/outputs_deepfake_project/dfdc_subset_77_jpg/test/fake/fake_001465.jpg,fake,test,1,0.8958489894866943,1,clean,medium
/media/D1/ait_users/staff122/deepfake_project/outputs_deepfake_project/dfdc_subset_77_jpg/test/fake/fake_001466.jpg,fake,test,1,0.4362410008907318,0,clean,medium
/media/D1/ait_users/staff122/deepfake_project/outputs_deepfake_project/dfdc_subset_77_jpg/test/fake/fake_001467.jpg,fake,test,1,0.6825975775718689,1,clean,medium
/media/D1/ait_users/staff122/deepfake_project/outputs_deepfake_project/dfdc_subset_77_jpg/test/fake/fake_001468.jpg,fake,test,1,0.16936804354190826,0,clean,medium
/media/D1/ait_users/staff122/deepfake_project/outputs_deepfake_project/dfdc_subset_77_jpg/test/fake/fake_001469.jpg,fake,test,1,0.09811391681432724,0,clean,medium
/media/D1/ait_users/staff122/deepfake_project/outputs_deepfake_project/dfdc_subset_77_jpg/test/fake/fake_001470.jpg,fake,test,1,0.8174360394477844,1,clean,medium
/media/D1/ait_users/staff122/deepfake_project/outputs_deepfake_project/dfdc_subset_77_jpg/test/fake/fake_001471.jpg,fake,test,1,0.6785646677017212,1,clean,medium
/media/D1/ait_users/staff122/deepfake_project/outputs_deepfake_project/dfdc_subset_77_jpg/test/fake/fake_001472.jpg,fake,test,1,0.021793432533740997,0,clean,medium
/media/D1/ait_users/staff122/deepfake_project/outputs_deepfake_project/dfdc_subset_77_jpg/test/fake/fake_001473.jpg,fake,test,1,0.024483127519488335,0,clean,medium
/media/D1/ait_users/staff122/deepfake_project/outputs_deepfake_project/dfdc_subset_77_jpg/test/fake/fake_001474.jpg,fake,test,1,0.033955883234739304,0,clean,medium
/media/D1/ait_users/staff122/deepfake_project/outputs_deepfake_project/dfdc_subset_77_jpg/test/fake/fake_001475.jpg,fake,test,1,0.13388457894325256,0,clean,medium
/media/D1/ait_users/staff122/deepfake_project/outputs_deepfake_project/dfdc_subset_77_jpg/test/fake/fake_001476.jpg,fake,test,1,0.23659253120422363,0,clean,medium
/media/D1/ait_users/staff122/deepfake_project/outputs_deepfake_project/dfdc_subset_77_jpg/test/fake/fake_001477.jpg,fake,test,1,0.3893525302410126,0,clean,medium
/media/D1/ait_users/staff122/deepfake_project/outputs_deepfake_project/dfdc_subset_77_jpg/test/fake/fake_001478.jpg,fake,test,1,0.07627564668655396,0,clean,medium
/media/D1/ait_users/staff122/deepfake_project/outputs_deepfake_project/dfdc_subset_77_jpg/test/fake/fake_001479.jpg,fake,test,1,0.11248812824487686,0,clean,medium
/media/D1/ait_users/staff122/deepfake_project/outputs_deepfake_project/dfdc_subset_77_jpg/test/fake/fake_001480.jpg,fake,test,1,0.04056673124432564,0,clean,medium
/media/D1/ait_users/staff122/deepfake_project/outputs_deepfake_project/dfdc_subset_77_jpg/test/fake/fake_001481.jpg,fake,test,1,0.09832931309938431,0,clean,medium
/media/D1/ait_users/staff122/deepfake_project/outputs_deepfake_project/dfdc_subset_77_jpg/test/fake/fake_001482.jpg,fake,test,1,0.05926087126135826,0,clean,medium
/media/D1/ait_users/staff122/deepfake_project/outputs_deepfake_project/dfdc_subset_77_jpg/test/fake/fake_001483.jpg,fake,test,1,0.23186980187892914,0,clean,medium
/media/D1/ait_users/staff122/deepfake_project/outputs_deepfake_project/dfdc_subset_77_jpg/test/fake/fake_001484.jpg,fake,test,1,0.08657654374837875,0,clean,medium
/media/D1/ait_users/staff122/deepfake_project/outputs_deepfake_project/dfdc_subset_77_jpg/test/fake/fake_001485.jpg,fake,test,1,0.06174594536423683,0,clean,medium
/media/D1/ait_users/staff122/deepfake_project/outputs_deepfake_project/dfdc_subset_77_jpg/test/fake/fake_001486.jpg,fake,test,1,0.10589274019002914,0,clean,medium
/media/D1/ait_users/staff122/deepfake_project/outputs_deepfake_project/dfdc_subset_77_jpg/test/fake/fake_001487.jpg,fake,test,1,0.09945889562368393,0,clean,medium
/media/D1/ait_users/staff122/deepfake_project/outputs_deepfake_project/dfdc_subset_77_jpg/test/fake/fake_001488.jpg,fake,test,1,0.05165063962340355,0,clean,medium
/media/D1/ait_users/staff122/deepfake_project/outputs_deepfake_project/dfdc_subset_77_jpg/test/fake/fake_001489.jpg,fake,test,1,0.03079027496278286,0,clean,medium
/media/D1/ait_users/staff122/deepfake_project/outputs_deepfake_project/dfdc_subset_77_jpg/test/fake/fake_001490.jpg,fake,test,1,0.006788813043385744,0,clean,medium
/media/D1/ait_users/staff122/deepfake_project/outputs_deepfake_project/dfdc_subset_77_jpg/test/fake/fake_001491.jpg,fake,test,1,0.04187871888279915,0,clean,medium
/media/D1/ait_users/staff122/deepfake_project/outputs_deepfake_project/dfdc_subset_77_jpg/test/fake/fake_001492.jpg,fake,test,1,0.1771007925271988,0,clean,medium
/media/D1/ait_users/staff122/deepfake_project/outputs_deepfake_project/dfdc_subset_77_jpg/test/fake/fake_001493.jpg,fake,test,1,0.38654839992523193,0,clean,medium
/media/D1/ait_users/staff122/deepfake_project/outputs_deepfake_project/dfdc_subset_77_jpg/test/fake/fake_001494.jpg,fake,test,1,0.09755382686853409,0,clean,medium
/media/D1/ait_users/staff122/deepfake_project/outputs_deepfake_project/dfdc_subset_77_jpg/test/fake/fake_001495.jpg,fake,test,1,0.5473909974098206,1,clean,medium
/media/D1/ait_users/staff122/deepfake_project/outputs_deepfake_project/dfdc_subset_77_jpg/test/fake/fake_001496.jpg,fake,test,1,0.014386432245373726,0,clean,medium
/media/D1/ait_users/staff122/deepfake_project/outputs_deepfake_project/dfdc_subset_77_jpg/test/fake/fake_001497.jpg,fake,test,1,0.08532088994979858,0,clean,medium
/media/D1/ait_users/staff122/deepfake_project/outputs_deepfake_project/dfdc_subset_77_jpg/test/fake/fake_001498.jpg,fake,test,1,0.2771536707878113,0,clean,medium
/media/D1/ait_users/staff122/deepfake_project/outputs_deepfake_project/dfdc_subset_77_jpg/test/fake/fake_001499.jpg,fake,test,1,0.0791095569729805,0,clean,medium
/media/D1/ait_users/staff122/deepfake_project/outputs_deepfake_project/dfdc_subset_77_jpg/test/fake/fake_001500.jpg,fake,test,1,0.07850847393274307,0,clean,medium
/media/D1/ait_users/staff122/deepfake_project/outputs_deepfake_project/dfdc_subset_77_jpg/test/fake/fake_001501.jpg,fake,test,1,0.04506998881697655,0,clean,medium
/media/D1/ait_users/staff122/deepfake_project/outputs_deepfake_project/dfdc_subset_77_jpg/test/fake/fake_001502.jpg,fake,test,1,0.07398758828639984,0,clean,medium
/media/D1/ait_users/staff122/deepfake_project/outputs_deepfake_project/dfdc_subset_77_jpg/test/fake/fake_001503.jpg,fake,test,1,0.039837874472141266,0,clean,medium
/media/D1/ait_users/staff122/deepfake_project/outputs_deepfake_project/dfdc_subset_77_jpg/test/fake/fake_001504.jpg,fake,test,1,0.3206762671470642,0,clean,medium
/media/D1/ait_users/staff122/deepfake_project/outputs_deepfake_project/dfdc_subset_77_jpg/test/fake/fake_001505.jpg,fake,test,1,0.7900663614273071,1,clean,medium
/media/D1/ait_users/staff122/deepfake_project/outputs_deepfake_project/dfdc_subset_77_jpg/test/fake/fake_001506.jpg,fake,test,1,0.6244701743125916,1,clean,medium
/media/D1/ait_users/staff122/deepfake_project/outputs_deepfake_project/dfdc_subset_77_jpg/test/fake/fake_001507.jpg,fake,test,1,0.7407614588737488,1,clean,medium
/media/D1/ait_users/staff122/deepfake_project/outputs_deepfake_project/dfdc_subset_77_jpg/test/fake/fake_001508.jpg,fake,test,1,0.7345288991928101,1,clean,medium
/media/D1/ait_users/staff122/deepfake_project/outputs_deepfake_project/dfdc_subset_77_jpg/test/fake/fake_001509.jpg,fake,test,1,0.06092900410294533,0,clean,medium
/media/D1/ait_users/staff122/deepfake_project/outputs_deepfake_project/dfdc_subset_77_jpg/test/fake/fake_001510.jpg,fake,test,1,0.07186737656593323,0,clean,medium
/media/D1/ait_users/staff122/deepfake_project/outputs_deepfake_project/dfdc_subset_77_jpg/test/fake/fake_001511.jpg,fake,test,1,0.03445277363061905,0,clean,medium
/media/D1/ait_users/staff122/deepfake_project/outputs_deepfake_project/dfdc_subset_77_jpg/test/fake/fake_001512.jpg,fake,test,1,0.059860195964574814,0,clean,medium
/media/D1/ait_users/staff122/deepfake_project/outputs_deepfake_project/dfdc_subset_77_jpg/test/fake/fake_001513.jpg,fake,test,1,0.05794314667582512,0,clean,medium
/media/D1/ait_users/staff122/deepfake_project/outputs_deepfake_project/dfdc_subset_77_jpg/test/fake/fake_001514.jpg,fake,test,1,0.1176300048828125,0,clean,medium
/media/D1/ait_users/staff122/deepfake_project/outputs_deepfake_project/dfdc_subset_77_jpg/test/fake/fake_001515.jpg,fake,test,1,0.10554561764001846,0,clean,medium
/media/D1/ait_users/staff122/deepfake_project/outputs_deepfake_project/dfdc_subset_77_jpg/test/fake/fake_001516.jpg,fake,test,1,0.032631732523441315,0,clean,medium
/media/D1/ait_users/staff122/deepfake_project/outputs_deepfake_project/dfdc_subset_77_jpg/test/fake/fake_001517.jpg,fake,test,1,0.12688377499580383,0,clean,medium
/media/D1/ait_users/staff122/deepfake_project/outputs_deepfake_project/dfdc_subset_77_jpg/test/fake/fake_001518.jpg,fake,test,1,0.11088693886995316,0,clean,medium
/media/D1/ait_users/staff122/deepfake_project/outputs_deepfake_project/dfdc_subset_77_jpg/test/fake/fake_001519.jpg,fake,test,1,0.08429872989654541,0,clean,medium
/media/D1/ait_users/staff122/deepfake_project/outputs_deepfake_project/dfdc_subset_77_jpg/test/fake/fake_001520.jpg,fake,test,1,0.10721740126609802,0,clean,medium
/media/D1/ait_users/staff122/deepfake_project/outputs_deepfake_project/dfdc_subset_77_jpg/test/fake/fake_001521.jpg,fake,test,1,0.31844833493232727,0,clean,medium
/media/D1/ait_users/staff122/deepfake_project/outputs_deepfake_project/dfdc_subset_77_jpg/test/fake/fake_001522.jpg,fake,test,1,0.41838812828063965,0,clean,medium
/media/D1/ait_users/staff122/deepfake_project/outputs_deepfake_project/dfdc_subset_77_jpg/test/fake/fake_001523.jpg,fake,test,1,0.06765013933181763,0,clean,medium
/media/D1/ait_users/staff122/deepfake_project/outputs_deepfake_project/dfdc_subset_77_jpg/test/fake/fake_001524.jpg,fake,test,1,0.1689838171005249,0,clean,medium
/media/D1/ait_users/staff122/deepfake_project/outputs_deepfake_project/dfdc_subset_77_jpg/test/fake/fake_001525.jpg,fake,test,1,0.1160188838839531,0,clean,medium
/media/D1/ait_users/staff122/deepfake_project/outputs_deepfake_project/dfdc_subset_77_jpg/test/fake/fake_001526.jpg,fake,test,1,0.21831732988357544,0,clean,medium
/media/D1/ait_users/staff122/deepfake_project/outputs_deepfake_project/dfdc_subset_77_jpg/test/fake/fake_001527.jpg,fake,test,1,0.3271022439002991,0,clean,medium
/media/D1/ait_users/staff122/deepfake_project/outputs_deepfake_project/dfdc_subset_77_jpg/test/fake/fake_001528.jpg,fake,test,1,0.17722682654857635,0,clean,medium
/media/D1/ait_users/staff122/deepfake_project/outputs_deepfake_project/dfdc_subset_77_jpg/test/fake/fake_001529.jpg,fake,test,1,0.2248922735452652,0,clean,medium
/media/D1/ait_users/staff122/deepfake_project/outputs_deepfake_project/dfdc_subset_77_jpg/test/fake/fake_001530.jpg,fake,test,1,0.38187646865844727,0,clean,medium
/media/D1/ait_users/staff122/deepfake_project/outputs_deepfake_project/dfdc_subset_77_jpg/test/fake/fake_001531.jpg,fake,test,1,0.26672688126564026,0,clean,medium
/media/D1/ait_users/staff122/deepfake_project/outputs_deepfake_project/dfdc_subset_77_jpg/test/fake/fake_001532.jpg,fake,test,1,0.2081422358751297,0,clean,medium
/media/D1/ait_users/staff122/deepfake_project/outputs_deepfake_project/dfdc_subset_77_jpg/test/fake/fake_001533.jpg,fake,test,1,0.35031601786613464,0,clean,medium
/media/D1/ait_users/staff122/deepfake_project/outputs_deepfake_project/dfdc_subset_77_jpg/test/fake/fake_001534.jpg,fake,test,1,0.20155096054077148,0,clean,medium
/media/D1/ait_users/staff122/deepfake_project/outputs_deepfake_project/dfdc_subset_77_jpg/test/fake/fake_001535.jpg,fake,test,1,0.40642616152763367,0,clean,medium
/media/D1/ait_users/staff122/deepfake_project/outputs_deepfake_project/dfdc_subset_77_jpg/test/fake/fake_001536.jpg,fake,test,1,0.4090093672275543,0,clean,medium
/media/D1/ait_users/staff122/deepfake_project/outputs_deepfake_project/dfdc_subset_77_jpg/test/fake/fake_001537.jpg,fake,test,1,0.6145393252372742,1,clean,medium
/media/D1/ait_users/staff122/deepfake_project/outputs_deepfake_project/dfdc_subset_77_jpg/test/fake/fake_001538.jpg,fake,test,1,0.7845902442932129,1,clean,medium
/media/D1/ait_users/staff122/deepfake_project/outputs_deepfake_project/dfdc_subset_77_jpg/test/fake/fake_001539.jpg,fake,test,1,0.6471990346908569,1,clean,medium
/media/D1/ait_users/staff122/deepfake_project/outputs_deepfake_project/dfdc_subset_77_jpg/test/fake/fake_001540.jpg,fake,test,1,0.8054386377334595,1,clean,medium
/media/D1/ait_users/staff122/deepfake_project/outputs_deepfake_project/dfdc_subset_77_jpg/test/fake/fake_001541.jpg,fake,test,1,0.7838872671127319,1,clean,medium
/media/D1/ait_users/staff122/deepfake_project/outputs_deepfake_project/dfdc_subset_77_jpg/test/fake/fake_001542.jpg,fake,test,1,0.61980140209198,1,clean,medium
/media/D1/ait_users/staff122/deepfake_project/outputs_deepfake_project/dfdc_subset_77_jpg/test/fake/fake_001543.jpg,fake,test,1,0.48139023780822754,0,clean,medium
/media/D1/ait_users/staff122/deepfake_project/outputs_deepfake_project/dfdc_subset_77_jpg/test/fake/fake_001544.jpg,fake,test,1,0.6138611435890198,1,clean,medium
/media/D1/ait_users/staff122/deepfake_project/outputs_deepfake_project/dfdc_subset_77_jpg/test/fake/fake_001545.jpg,fake,test,1,0.5999835133552551,1,clean,medium
/media/D1/ait_users/staff122/deepfake_project/outputs_deepfake_project/dfdc_subset_77_jpg/test/fake/fake_001546.jpg,fake,test,1,0.21381530165672302,0,clean,medium
/media/D1/ait_users/staff122/deepfake_project/outputs_deepfake_project/dfdc_subset_77_jpg/test/fake/fake_001547.jpg,fake,test,1,0.5023579597473145,1,clean,medium
/media/D1/ait_users/staff122/deepfake_project/outputs_deepfake_project/dfdc_subset_77_jpg/test/fake/fake_001548.jpg,fake,test,1,0.49919939041137695,0,clean,medium
/media/D1/ait_users/staff122/deepfake_project/outputs_deepfake_project/dfdc_subset_77_jpg/test/fake/fake_001549.jpg,fake,test,1,0.28747355937957764,0,clean,medium
/media/D1/ait_users/staff122/deepfake_project/outputs_deepfake_project/dfdc_subset_77_jpg/test/fake/fake_001550.jpg,fake,test,1,0.47344425320625305,0,clean,medium
/media/D1/ait_users/staff122/deepfake_project/outputs_deepfake_project/dfdc_subset_77_jpg/test/fake/fake_001551.jpg,fake,test,1,0.35384467244148254,0,clean,medium
/media/D1/ait_users/staff122/deepfake_project/outputs_deepfake_project/dfdc_subset_77_jpg/test/fake/fake_001552.jpg,fake,test,1,0.7535394430160522,1,clean,medium
/media/D1/ait_users/staff122/deepfake_project/outputs_deepfake_project/dfdc_subset_77_jpg/test/fake/fake_001553.jpg,fake,test,1,0.6931774020195007,1,clean,medium
/media/D1/ait_users/staff122/deepfake_project/outputs_deepfake_project/dfdc_subset_77_jpg/test/fake/fake_001554.jpg,fake,test,1,0.7878004312515259,1,clean,medium
/media/D1/ait_users/staff122/deepfake_project/outputs_deepfake_project/dfdc_subset_77_jpg/test/fake/fake_001555.jpg,fake,test,1,0.7980459332466125,1,clean,medium
/media/D1/ait_users/staff122/deepfake_project/outputs_deepfake_project/dfdc_subset_77_jpg/test/fake/fake_001556.jpg,fake,test,1,0.577542245388031,1,clean,medium
/media/D1/ait_users/staff122/deepfake_project/outputs_deepfake_project/dfdc_subset_77_jpg/test/fake/fake_001557.jpg,fake,test,1,0.4081155061721802,0,clean,medium
/media/D1/ait_users/staff122/deepfake_project/outputs_deepfake_project/dfdc_subset_77_jpg/test/fake/fake_001558.jpg,fake,test,1,0.31806984543800354,0,clean,medium
/media/D1/ait_users/staff122/deepfake_project/outputs_deepfake_project/dfdc_subset_77_jpg/test/fake/fake_001559.jpg,fake,test,1,0.26694491505622864,0,clean,medium
/media/D1/ait_users/staff122/deepfake_project/outputs_deepfake_project/dfdc_subset_77_jpg/test/fake/fake_001560.jpg,fake,test,1,0.6053130626678467,1,clean,medium
/media/D1/ait_users/staff122/deepfake_project/outputs_deepfake_project/dfdc_subset_77_jpg/test/fake/fake_001561.jpg,fake,test,1,0.6685419678688049,1,clean,medium
/media/D1/ait_users/staff122/deepfake_project/outputs_deepfake_project/dfdc_subset_77_jpg/test/fake/fake_001562.jpg,fake,test,1,0.5633018016815186,1,clean,medium
/media/D1/ait_users/staff122/deepfake_project/outputs_deepfake_project/dfdc_subset_77_jpg/test/fake/fake_001563.jpg,fake,test,1,0.22109179198741913,0,clean,medium
/media/D1/ait_users/staff122/deepfake_project/outputs_deepfake_project/dfdc_subset_77_jpg/test/fake/fake_001564.jpg,fake,test,1,0.08478661626577377,0,clean,medium
/media/D1/ait_users/staff122/deepfake_project/outputs_deepfake_project/dfdc_subset_77_jpg/test/fake/fake_001565.jpg,fake,test,1,0.4513939917087555,0,clean,medium
/media/D1/ait_users/staff122/deepfake_project/outputs_deepfake_project/dfdc_subset_77_jpg/test/fake/fake_001566.jpg,fake,test,1,0.25870031118392944,0,clean,medium
/media/D1/ait_users/staff122/deepfake_project/outputs_deepfake_project/dfdc_subset_77_jpg/test/fake/fake_001567.jpg,fake,test,1,0.8552374839782715,1,clean,medium
/media/D1/ait_users/staff122/deepfake_project/outputs_deepfake_project/dfdc_subset_77_jpg/test/fake/fake_001568.jpg,fake,test,1,0.10167304426431656,0,clean,medium
/media/D1/ait_users/staff122/deepfake_project/outputs_deepfake_project/dfdc_subset_77_jpg/test/fake/fake_001569.jpg,fake,test,1,0.8437895178794861,1,clean,medium
/media/D1/ait_users/staff122/deepfake_project/outputs_deepfake_project/dfdc_subset_77_jpg/test/fake/fake_001570.jpg,fake,test,1,0.08198437839746475,0,clean,medium
/media/D1/ait_users/staff122/deepfake_project/outputs_deepfake_project/dfdc_subset_77_jpg/test/fake/fake_001571.jpg,fake,test,1,0.08490681648254395,0,clean,medium
/media/D1/ait_users/staff122/deepfake_project/outputs_deepfake_project/dfdc_subset_77_jpg/test/fake/fake_001572.jpg,fake,test,1,0.07409025728702545,0,clean,medium
/media/D1/ait_users/staff122/deepfake_project/outputs_deepfake_project/dfdc_subset_77_jpg/test/fake/fake_001573.jpg,fake,test,1,0.025299083441495895,0,clean,medium
/media/D1/ait_users/staff122/deepfake_project/outputs_deepfake_project/dfdc_subset_77_jpg/test/fake/fake_001574.jpg,fake,test,1,0.12349317222833633,0,clean,medium
/media/D1/ait_users/staff122/deepfake_project/outputs_deepfake_project/dfdc_subset_77_jpg/test/fake/fake_001575.jpg,fake,test,1,0.2513611316680908,0,clean,medium
/media/D1/ait_users/staff122/deepfake_project/outputs_deepfake_project/dfdc_subset_77_jpg/test/fake/fake_001576.jpg,fake,test,1,0.1692606806755066,0,clean,medium
/media/D1/ait_users/staff122/deepfake_project/outputs_deepfake_project/dfdc_subset_77_jpg/test/fake/fake_001577.jpg,fake,test,1,0.298703670501709,0,clean,medium
/media/D1/ait_users/staff122/deepfake_project/outputs_deepfake_project/dfdc_subset_77_jpg/test/fake/fake_001578.jpg,fake,test,1,0.42637357115745544,0,clean,medium
/media/D1/ait_users/staff122/deepfake_project/outputs_deepfake_project/dfdc_subset_77_jpg/test/fake/fake_001579.jpg,fake,test,1,0.5036514401435852,1,clean,medium
/media/D1/ait_users/staff122/deepfake_project/outputs_deepfake_project/dfdc_subset_77_jpg/test/fake/fake_001580.jpg,fake,test,1,0.186000794172287,0,clean,medium
/media/D1/ait_users/staff122/deepfake_project/outputs_deepfake_project/dfdc_subset_77_jpg/test/fake/fake_001581.jpg,fake,test,1,0.16860279440879822,0,clean,medium
/media/D1/ait_users/staff122/deepfake_project/outputs_deepfake_project/dfdc_subset_77_jpg/test/fake/fake_001582.jpg,fake,test,1,0.4139915704727173,0,clean,medium
/media/D1/ait_users/staff122/deepfake_project/outputs_deepfake_project/dfdc_subset_77_jpg/test/fake/fake_001583.jpg,fake,test,1,0.33368775248527527,0,clean,medium
/media/D1/ait_users/staff122/deepfake_project/outputs_deepfake_project/dfdc_subset_77_jpg/test/fake/fake_001584.jpg,fake,test,1,0.04930765554308891,0,clean,medium
/media/D1/ait_users/staff122/deepfake_project/outputs_deepfake_project/dfdc_subset_77_jpg/test/fake/fake_001585.jpg,fake,test,1,0.07356776297092438,0,clean,medium
/media/D1/ait_users/staff122/deepfake_project/outputs_deepfake_project/dfdc_subset_77_jpg/test/fake/fake_001586.jpg,fake,test,1,0.2135484665632248,0,clean,medium
/media/D1/ait_users/staff122/deepfake_project/outputs_deepfake_project/dfdc_subset_77_jpg/test/fake/fake_001587.jpg,fake,test,1,0.12145642936229706,0,clean,medium
/media/D1/ait_users/staff122/deepfake_project/outputs_deepfake_project/dfdc_subset_77_jpg/test/fake/fake_001588.jpg,fake,test,1,0.2664778232574463,0,clean,medium
/media/D1/ait_users/staff122/deepfake_project/outputs_deepfake_project/dfdc_subset_77_jpg/test/fake/fake_001589.jpg,fake,test,1,0.8087249398231506,1,clean,medium
/media/D1/ait_users/staff122/deepfake_project/outputs_deepfake_project/dfdc_subset_77_jpg/test/fake/fake_001590.jpg,fake,test,1,0.0311618410050869,0,clean,medium
/media/D1/ait_users/staff122/deepfake_project/outputs_deepfake_project/dfdc_subset_77_jpg/test/fake/fake_001591.jpg,fake,test,1,0.038425512611866,0,clean,medium
/media/D1/ait_users/staff122/deepfake_project/outputs_deepfake_project/dfdc_subset_77_jpg/test/fake/fake_001592.jpg,fake,test,1,0.09616995602846146,0,clean,medium
/media/D1/ait_users/staff122/deepfake_project/outputs_deepfake_project/dfdc_subset_77_jpg/test/fake/fake_001593.jpg,fake,test,1,0.11338631063699722,0,clean,medium
/media/D1/ait_users/staff122/deepfake_project/outputs_deepfake_project/dfdc_subset_77_jpg/test/fake/fake_001594.jpg,fake,test,1,0.007678892929106951,0,clean,medium
/media/D1/ait_users/staff122/deepfake_project/outputs_deepfake_project/dfdc_subset_77_jpg/test/fake/fake_001595.jpg,fake,test,1,0.27616599202156067,0,clean,medium
/media/D1/ait_users/staff122/deepfake_project/outputs_deepfake_project/dfdc_subset_77_jpg/test/fake/fake_001596.jpg,fake,test,1,0.032764945179224014,0,clean,medium
/media/D1/ait_users/staff122/deepfake_project/outputs_deepfake_project/dfdc_subset_77_jpg/test/fake/fake_001597.jpg,fake,test,1,0.05117643252015114,0,clean,medium
/media/D1/ait_users/staff122/deepfake_project/outputs_deepfake_project/dfdc_subset_77_jpg/test/fake/fake_001598.jpg,fake,test,1,0.1976798176765442,0,clean,medium
/media/D1/ait_users/staff122/deepfake_project/outputs_deepfake_project/dfdc_subset_77_jpg/test/fake/fake_001599.jpg,fake,test,1,0.30580785870552063,0,clean,medium
/media/D1/ait_users/staff122/deepfake_project/outputs_deepfake_project/dfdc_subset_77_jpg/test/fake/fake_001600.jpg,fake,test,1,0.8579466938972473,1,clean,medium
/media/D1/ait_users/staff122/deepfake_project/outputs_deepfake_project/dfdc_subset_77_jpg/test/fake/fake_001601.jpg,fake,test,1,0.9956827163696289,1,clean,medium
/media/D1/ait_users/staff122/deepfake_project/outputs_deepfake_project/dfdc_subset_77_jpg/test/fake/fake_001602.jpg,fake,test,1,0.9711592793464661,1,clean,medium
/media/D1/ait_users/staff122/deepfake_project/outputs_deepfake_project/dfdc_subset_77_jpg/test/fake/fake_001603.jpg,fake,test,1,0.9772835373878479,1,clean,medium
/media/D1/ait_users/staff122/deepfake_project/outputs_deepfake_project/dfdc_subset_77_jpg/test/fake/fake_001604.jpg,fake,test,1,0.9867542386054993,1,clean,medium
/media/D1/ait_users/staff122/deepfake_project/outputs_deepfake_project/dfdc_subset_77_jpg/test/fake/fake_001605.jpg,fake,test,1,0.8825519680976868,1,clean,medium
/media/D1/ait_users/staff122/deepfake_project/outputs_deepfake_project/dfdc_subset_77_jpg/test/fake/fake_001606.jpg,fake,test,1,0.9369975924491882,1,clean,medium
/media/D1/ait_users/staff122/deepfake_project/outputs_deepfake_project/dfdc_subset_77_jpg/test/fake/fake_001607.jpg,fake,test,1,0.9909380674362183,1,clean,medium
/media/D1/ait_users/staff122/deepfake_project/outputs_deepfake_project/dfdc_subset_77_jpg/test/fake/fake_001608.jpg,fake,test,1,0.9953699707984924,1,clean,medium
/media/D1/ait_users/staff122/deepfake_project/outputs_deepfake_project/dfdc_subset_77_jpg/test/fake/fake_001609.jpg,fake,test,1,0.9727746248245239,1,clean,medium
/media/D1/ait_users/staff122/deepfake_project/outputs_deepfake_project/dfdc_subset_77_jpg/test/fake/fake_001610.jpg,fake,test,1,0.9637510776519775,1,clean,medium
/media/D1/ait_users/staff122/deepfake_project/outputs_deepfake_project/dfdc_subset_77_jpg/test/fake/fake_001611.jpg,fake,test,1,0.9909908771514893,1,clean,medium
/media/D1/ait_users/staff122/deepfake_project/outputs_deepfake_project/dfdc_subset_77_jpg/test/fake/fake_001612.jpg,fake,test,1,0.9824063777923584,1,clean,medium
/media/D1/ait_users/staff122/deepfake_project/outputs_deepfake_project/dfdc_subset_77_jpg/test/fake/fake_001613.jpg,fake,test,1,0.9948558807373047,1,clean,medium
/media/D1/ait_users/staff122/deepfake_project/outputs_deepfake_project/dfdc_subset_77_jpg/test/fake/fake_001614.jpg,fake,test,1,0.9924479722976685,1,clean,medium
/media/D1/ait_users/staff122/deepfake_project/outputs_deepfake_project/dfdc_subset_77_jpg/test/fake/fake_001615.jpg,fake,test,1,0.9866906404495239,1,clean,medium
/media/D1/ait_users/staff122/deepfake_project/outputs_deepfake_project/dfdc_subset_77_jpg/test/fake/fake_001616.jpg,fake,test,1,0.9902114272117615,1,clean,medium
/media/D1/ait_users/staff122/deepfake_project/outputs_deepfake_project/dfdc_subset_77_jpg/test/fake/fake_001617.jpg,fake,test,1,0.9570190906524658,1,clean,medium
/media/D1/ait_users/staff122/deepfake_project/outputs_deepfake_project/dfdc_subset_77_jpg/test/fake/fake_001618.jpg,fake,test,1,0.9978199005126953,1,clean,medium
/media/D1/ait_users/staff122/deepfake_project/outputs_deepfake_project/dfdc_subset_77_jpg/test/fake/fake_001619.jpg,fake,test,1,0.944581925868988,1,clean,medium
/media/D1/ait_users/staff122/deepfake_project/outputs_deepfake_project/dfdc_subset_77_jpg/test/fake/fake_001620.jpg,fake,test,1,0.9992581009864807,1,clean,medium
/media/D1/ait_users/staff122/deepfake_project/outputs_deepfake_project/dfdc_subset_77_jpg/test/fake/fake_001621.jpg,fake,test,1,0.9871790409088135,1,clean,medium
/media/D1/ait_users/staff122/deepfake_project/outputs_deepfake_project/dfdc_subset_77_jpg/test/fake/fake_001622.jpg,fake,test,1,0.9987187385559082,1,clean,medium
/media/D1/ait_users/staff122/deepfake_project/outputs_deepfake_project/dfdc_subset_77_jpg/test/fake/fake_001623.jpg,fake,test,1,0.9909777641296387,1,clean,medium
/media/D1/ait_users/staff122/deepfake_project/outputs_deepfake_project/dfdc_subset_77_jpg/test/fake/fake_001624.jpg,fake,test,1,0.9843184351921082,1,clean,medium
/media/D1/ait_users/staff122/deepfake_project/outputs_deepfake_project/dfdc_subset_77_jpg/test/fake/fake_001625.jpg,fake,test,1,0.9910107851028442,1,clean,medium
/media/D1/ait_users/staff122/deepfake_project/outputs_deepfake_project/dfdc_subset_77_jpg/test/fake/fake_001626.jpg,fake,test,1,0.9949566721916199,1,clean,medium
/media/D1/ait_users/staff122/deepfake_project/outputs_deepfake_project/dfdc_subset_77_jpg/test/fake/fake_001627.jpg,fake,test,1,0.991336464881897,1,clean,medium
/media/D1/ait_users/staff122/deepfake_project/outputs_deepfake_project/dfdc_subset_77_jpg/test/fake/fake_001628.jpg,fake,test,1,0.9918307662010193,1,clean,medium
/media/D1/ait_users/staff122/deepfake_project/outputs_deepfake_project/dfdc_subset_77_jpg/test/fake/fake_001629.jpg,fake,test,1,0.9945684671401978,1,clean,medium
/media/D1/ait_users/staff122/deepfake_project/outputs_deepfake_project/dfdc_subset_77_jpg/test/fake/fake_001630.jpg,fake,test,1,0.9553766250610352,1,clean,medium
/media/D1/ait_users/staff122/deepfake_project/outputs_deepfake_project/dfdc_subset_77_jpg/test/fake/fake_001631.jpg,fake,test,1,0.9567609429359436,1,clean,medium
/media/D1/ait_users/staff122/deepfake_project/outputs_deepfake_project/dfdc_subset_77_jpg/test/fake/fake_001632.jpg,fake,test,1,0.11484406143426895,0,clean,medium
/media/D1/ait_users/staff122/deepfake_project/outputs_deepfake_project/dfdc_subset_77_jpg/test/fake/fake_001633.jpg,fake,test,1,0.41565707325935364,0,clean,medium
/media/D1/ait_users/staff122/deepfake_project/outputs_deepfake_project/dfdc_subset_77_jpg/test/fake/fake_001634.jpg,fake,test,1,0.7573025226593018,1,clean,medium
/media/D1/ait_users/staff122/deepfake_project/outputs_deepfake_project/dfdc_subset_77_jpg/test/fake/fake_001635.jpg,fake,test,1,0.3107494115829468,0,clean,medium
/media/D1/ait_users/staff122/deepfake_project/outputs_deepfake_project/dfdc_subset_77_jpg/test/fake/fake_001636.jpg,fake,test,1,0.7865251302719116,1,clean,medium
/media/D1/ait_users/staff122/deepfake_project/outputs_deepfake_project/dfdc_subset_77_jpg/test/fake/fake_001637.jpg,fake,test,1,0.3946097195148468,0,clean,medium
/media/D1/ait_users/staff122/deepfake_project/outputs_deepfake_project/dfdc_subset_77_jpg/test/fake/fake_001638.jpg,fake,test,1,0.24062101542949677,0,clean,medium
/media/D1/ait_users/staff122/deepfake_project/outputs_deepfake_project/dfdc_subset_77_jpg/test/fake/fake_001639.jpg,fake,test,1,0.4634174406528473,0,clean,medium
/media/D1/ait_users/staff122/deepfake_project/outputs_deepfake_project/dfdc_subset_77_jpg/test/fake/fake_001640.jpg,fake,test,1,0.27362778782844543,0,clean,medium
/media/D1/ait_users/staff122/deepfake_project/outputs_deepfake_project/dfdc_subset_77_jpg/test/fake/fake_001641.jpg,fake,test,1,0.9339906573295593,1,clean,medium
/media/D1/ait_users/staff122/deepfake_project/outputs_deepfake_project/dfdc_subset_77_jpg/test/fake/fake_001642.jpg,fake,test,1,0.026093855500221252,0,clean,medium
/media/D1/ait_users/staff122/deepfake_project/outputs_deepfake_project/dfdc_subset_77_jpg/test/fake/fake_001643.jpg,fake,test,1,0.020810643211007118,0,clean,medium
/media/D1/ait_users/staff122/deepfake_project/outputs_deepfake_project/dfdc_subset_77_jpg/test/fake/fake_001644.jpg,fake,test,1,0.22050194442272186,0,clean,medium
/media/D1/ait_users/staff122/deepfake_project/outputs_deepfake_project/dfdc_subset_77_jpg/test/fake/fake_001645.jpg,fake,test,1,0.5751598477363586,1,clean,medium
/media/D1/ait_users/staff122/deepfake_project/outputs_deepfake_project/dfdc_subset_77_jpg/test/fake/fake_001646.jpg,fake,test,1,0.20342473685741425,0,clean,medium
/media/D1/ait_users/staff122/deepfake_project/outputs_deepfake_project/dfdc_subset_77_jpg/test/fake/fake_001647.jpg,fake,test,1,0.3923172950744629,0,clean,medium
/media/D1/ait_users/staff122/deepfake_project/outputs_deepfake_project/dfdc_subset_77_jpg/test/fake/fake_001648.jpg,fake,test,1,0.1748056858778,0,clean,medium
/media/D1/ait_users/staff122/deepfake_project/outputs_deepfake_project/dfdc_subset_77_jpg/test/fake/fake_001649.jpg,fake,test,1,0.36393770575523376,0,clean,medium
/media/D1/ait_users/staff122/deepfake_project/outputs_deepfake_project/dfdc_subset_77_jpg/test/fake/fake_001650.jpg,fake,test,1,0.47525474429130554,0,clean,medium
/media/D1/ait_users/staff122/deepfake_project/outputs_deepfake_project/dfdc_subset_77_jpg/test/fake/fake_001651.jpg,fake,test,1,0.3119819164276123,0,clean,medium
/media/D1/ait_users/staff122/deepfake_project/outputs_deepfake_project/dfdc_subset_77_jpg/test/fake/fake_001652.jpg,fake,test,1,0.332172155380249,0,clean,medium
/media/D1/ait_users/staff122/deepfake_project/outputs_deepfake_project/dfdc_subset_77_jpg/test/fake/fake_001653.jpg,fake,test,1,0.4663461446762085,0,clean,medium
/media/D1/ait_users/staff122/deepfake_project/outputs_deepfake_project/dfdc_subset_77_jpg/test/fake/fake_001654.jpg,fake,test,1,0.5797373652458191,1,clean,medium
/media/D1/ait_users/staff122/deepfake_project/outputs_deepfake_project/dfdc_subset_77_jpg/test/fake/fake_001655.jpg,fake,test,1,0.27530547976493835,0,clean,medium
/media/D1/ait_users/staff122/deepfake_project/outputs_deepfake_project/dfdc_subset_77_jpg/test/fake/fake_001656.jpg,fake,test,1,0.03430362790822983,0,clean,medium
/media/D1/ait_users/staff122/deepfake_project/outputs_deepfake_project/dfdc_subset_77_jpg/test/fake/fake_001657.jpg,fake,test,1,0.129293754696846,0,clean,medium
/media/D1/ait_users/staff122/deepfake_project/outputs_deepfake_project/dfdc_subset_77_jpg/test/fake/fake_001658.jpg,fake,test,1,0.004976531490683556,0,clean,medium
/media/D1/ait_users/staff122/deepfake_project/outputs_deepfake_project/dfdc_subset_77_jpg/test/fake/fake_001659.jpg,fake,test,1,0.15222658216953278,0,clean,medium
/media/D1/ait_users/staff122/deepfake_project/outputs_deepfake_project/dfdc_subset_77_jpg/test/fake/fake_001660.jpg,fake,test,1,0.16732294857501984,0,clean,medium
/media/D1/ait_users/staff122/deepfake_project/outputs_deepfake_project/dfdc_subset_77_jpg/test/fake/fake_001661.jpg,fake,test,1,0.49072811007499695,0,clean,medium
/media/D1/ait_users/staff122/deepfake_project/outputs_deepfake_project/dfdc_subset_77_jpg/test/fake/fake_001662.jpg,fake,test,1,0.6170064210891724,1,clean,medium
/media/D1/ait_users/staff122/deepfake_project/outputs_deepfake_project/dfdc_subset_77_jpg/test/fake/fake_001663.jpg,fake,test,1,0.18110720813274384,0,clean,medium
/media/D1/ait_users/staff122/deepfake_project/outputs_deepfake_project/dfdc_subset_77_jpg/test/fake/fake_001664.jpg,fake,test,1,0.7471740245819092,1,clean,medium
/media/D1/ait_users/staff122/deepfake_project/outputs_deepfake_project/dfdc_subset_77_jpg/test/fake/fake_001665.jpg,fake,test,1,0.9264853596687317,1,clean,medium
/media/D1/ait_users/staff122/deepfake_project/outputs_deepfake_project/dfdc_subset_77_jpg/test/fake/fake_001666.jpg,fake,test,1,0.7873722314834595,1,clean,medium
/media/D1/ait_users/staff122/deepfake_project/outputs_deepfake_project/dfdc_subset_77_jpg/test/fake/fake_001667.jpg,fake,test,1,0.8283783197402954,1,clean,medium
/media/D1/ait_users/staff122/deepfake_project/outputs_deepfake_project/dfdc_subset_77_jpg/test/fake/fake_001668.jpg,fake,test,1,0.9143886566162109,1,clean,medium
/media/D1/ait_users/staff122/deepfake_project/outputs_deepfake_project/dfdc_subset_77_jpg/test/fake/fake_001669.jpg,fake,test,1,0.9253528118133545,1,clean,medium
/media/D1/ait_users/staff122/deepfake_project/outputs_deepfake_project/dfdc_subset_77_jpg/test/fake/fake_001670.jpg,fake,test,1,0.9686874747276306,1,clean,medium
/media/D1/ait_users/staff122/deepfake_project/outputs_deepfake_project/dfdc_subset_77_jpg/test/fake/fake_001671.jpg,fake,test,1,0.8763811588287354,1,clean,medium
/media/D1/ait_users/staff122/deepfake_project/outputs_deepfake_project/dfdc_subset_77_jpg/test/fake/fake_001672.jpg,fake,test,1,0.9238665103912354,1,clean,medium
/media/D1/ait_users/staff122/deepfake_project/outputs_deepfake_project/dfdc_subset_77_jpg/test/fake/fake_001673.jpg,fake,test,1,0.9545114040374756,1,clean,medium
/media/D1/ait_users/staff122/deepfake_project/outputs_deepfake_project/dfdc_subset_77_jpg/test/fake/fake_001674.jpg,fake,test,1,0.9382936358451843,1,clean,medium
/media/D1/ait_users/staff122/deepfake_project/outputs_deepfake_project/dfdc_subset_77_jpg/test/fake/fake_001675.jpg,fake,test,1,0.9388222694396973,1,clean,medium
/media/D1/ait_users/staff122/deepfake_project/outputs_deepfake_project/dfdc_subset_77_jpg/test/fake/fake_001676.jpg,fake,test,1,0.9387689828872681,1,clean,medium
/media/D1/ait_users/staff122/deepfake_project/outputs_deepfake_project/dfdc_subset_77_jpg/test/fake/fake_001677.jpg,fake,test,1,0.871906578540802,1,clean,medium
/media/D1/ait_users/staff122/deepfake_project/outputs_deepfake_project/dfdc_subset_77_jpg/test/fake/fake_001678.jpg,fake,test,1,0.9603782296180725,1,clean,medium
/media/D1/ait_users/staff122/deepfake_project/outputs_deepfake_project/dfdc_subset_77_jpg/test/fake/fake_001679.jpg,fake,test,1,0.8372295498847961,1,clean,medium
/media/D1/ait_users/staff122/deepfake_project/outputs_deepfake_project/dfdc_subset_77_jpg/test/fake/fake_001680.jpg,fake,test,1,0.8814807534217834,1,clean,medium
/media/D1/ait_users/staff122/deepfake_project/outputs_deepfake_project/dfdc_subset_77_jpg/test/fake/fake_001681.jpg,fake,test,1,0.7531291246414185,1,clean,medium
/media/D1/ait_users/staff122/deepfake_project/outputs_deepfake_project/dfdc_subset_77_jpg/test/fake/fake_001682.jpg,fake,test,1,0.5166293978691101,1,clean,medium
/media/D1/ait_users/staff122/deepfake_project/outputs_deepfake_project/dfdc_subset_77_jpg/test/fake/fake_001683.jpg,fake,test,1,0.5262197256088257,1,clean,medium
/media/D1/ait_users/staff122/deepfake_project/outputs_deepfake_project/dfdc_subset_77_jpg/test/fake/fake_001684.jpg,fake,test,1,0.2201942354440689,0,clean,medium
/media/D1/ait_users/staff122/deepfake_project/outputs_deepfake_project/dfdc_subset_77_jpg/test/fake/fake_001685.jpg,fake,test,1,0.6111147403717041,1,clean,medium
/media/D1/ait_users/staff122/deepfake_project/outputs_deepfake_project/dfdc_subset_77_jpg/test/fake/fake_001686.jpg,fake,test,1,0.18289166688919067,0,clean,medium
/media/D1/ait_users/staff122/deepfake_project/outputs_deepfake_project/dfdc_subset_77_jpg/test/fake/fake_001687.jpg,fake,test,1,0.6053752899169922,1,clean,medium
/media/D1/ait_users/staff122/deepfake_project/outputs_deepfake_project/dfdc_subset_77_jpg/test/fake/fake_001688.jpg,fake,test,1,0.6250509023666382,1,clean,medium
/media/D1/ait_users/staff122/deepfake_project/outputs_deepfake_project/dfdc_subset_77_jpg/test/fake/fake_001689.jpg,fake,test,1,0.8287794589996338,1,clean,medium
/media/D1/ait_users/staff122/deepfake_project/outputs_deepfake_project/dfdc_subset_77_jpg/test/fake/fake_001690.jpg,fake,test,1,0.8654727935791016,1,clean,medium
/media/D1/ait_users/staff122/deepfake_project/outputs_deepfake_project/dfdc_subset_77_jpg/test/fake/fake_001691.jpg,fake,test,1,0.7463898062705994,1,clean,medium
/media/D1/ait_users/staff122/deepfake_project/outputs_deepfake_project/dfdc_subset_77_jpg/test/fake/fake_001692.jpg,fake,test,1,0.8632034063339233,1,clean,medium
/media/D1/ait_users/staff122/deepfake_project/outputs_deepfake_project/dfdc_subset_77_jpg/test/fake/fake_001693.jpg,fake,test,1,0.924684464931488,1,clean,medium
/media/D1/ait_users/staff122/deepfake_project/outputs_deepfake_project/dfdc_subset_77_jpg/test/fake/fake_001694.jpg,fake,test,1,0.8796277642250061,1,clean,medium
/media/D1/ait_users/staff122/deepfake_project/outputs_deepfake_project/dfdc_subset_77_jpg/test/fake/fake_001695.jpg,fake,test,1,0.8684213161468506,1,clean,medium
/media/D1/ait_users/staff122/deepfake_project/outputs_deepfake_project/dfdc_subset_77_jpg/test/fake/fake_001696.jpg,fake,test,1,0.536288321018219,1,clean,medium
/media/D1/ait_users/staff122/deepfake_project/outputs_deepfake_project/dfdc_subset_77_jpg/test/fake/fake_001697.jpg,fake,test,1,0.6349873542785645,1,clean,medium
/media/D1/ait_users/staff122/deepfake_project/outputs_deepfake_project/dfdc_subset_77_jpg/test/fake/fake_001698.jpg,fake,test,1,0.6266170740127563,1,clean,medium
/media/D1/ait_users/staff122/deepfake_project/outputs_deepfake_project/dfdc_subset_77_jpg/test/fake/fake_001699.jpg,fake,test,1,0.543017566204071,1,clean,medium
/media/D1/ait_users/staff122/deepfake_project/outputs_deepfake_project/dfdc_subset_77_jpg/test/fake/fake_001700.jpg,fake,test,1,0.5328977108001709,1,clean,medium
/media/D1/ait_users/staff122/deepfake_project/outputs_deepfake_project/dfdc_subset_77_jpg/test/fake/fake_001701.jpg,fake,test,1,0.46963930130004883,0,clean,medium
/media/D1/ait_users/staff122/deepfake_project/outputs_deepfake_project/dfdc_subset_77_jpg/test/fake/fake_001702.jpg,fake,test,1,0.6234197020530701,1,clean,medium
/media/D1/ait_users/staff122/deepfake_project/outputs_deepfake_project/dfdc_subset_77_jpg/test/fake/fake_001703.jpg,fake,test,1,0.6317675113677979,1,clean,medium
/media/D1/ait_users/staff122/deepfake_project/outputs_deepfake_project/dfdc_subset_77_jpg/test/fake/fake_001704.jpg,fake,test,1,0.6835955381393433,1,clean,medium
/media/D1/ait_users/staff122/deepfake_project/outputs_deepfake_project/dfdc_subset_77_jpg/test/fake/fake_001705.jpg,fake,test,1,0.6332000494003296,1,clean,medium
/media/D1/ait_users/staff122/deepfake_project/outputs_deepfake_project/dfdc_subset_77_jpg/test/fake/fake_001706.jpg,fake,test,1,0.6533243656158447,1,clean,medium
/media/D1/ait_users/staff122/deepfake_project/outputs_deepfake_project/dfdc_subset_77_jpg/test/fake/fake_001707.jpg,fake,test,1,0.6497060060501099,1,clean,medium
/media/D1/ait_users/staff122/deepfake_project/outputs_deepfake_project/dfdc_subset_77_jpg/test/fake/fake_001708.jpg,fake,test,1,0.6457216739654541,1,clean,medium
/media/D1/ait_users/staff122/deepfake_project/outputs_deepfake_project/dfdc_subset_77_jpg/test/fake/fake_001709.jpg,fake,test,1,0.4158441722393036,0,clean,medium
/media/D1/ait_users/staff122/deepfake_project/outputs_deepfake_project/dfdc_subset_77_jpg/test/fake/fake_001710.jpg,fake,test,1,0.657626748085022,1,clean,medium
/media/D1/ait_users/staff122/deepfake_project/outputs_deepfake_project/dfdc_subset_77_jpg/test/fake/fake_001711.jpg,fake,test,1,0.5641101598739624,1,clean,medium
/media/D1/ait_users/staff122/deepfake_project/outputs_deepfake_project/dfdc_subset_77_jpg/test/fake/fake_001712.jpg,fake,test,1,0.5412039160728455,1,clean,medium
/media/D1/ait_users/staff122/deepfake_project/outputs_deepfake_project/dfdc_subset_77_jpg/test/fake/fake_001713.jpg,fake,test,1,0.5055497884750366,1,clean,medium
/media/D1/ait_users/staff122/deepfake_project/outputs_deepfake_project/dfdc_subset_77_jpg/test/fake/fake_001714.jpg,fake,test,1,0.5427021384239197,1,clean,medium
/media/D1/ait_users/staff122/deepfake_project/outputs_deepfake_project/dfdc_subset_77_jpg/test/fake/fake_001715.jpg,fake,test,1,0.5623936057090759,1,clean,medium
/media/D1/ait_users/staff122/deepfake_project/outputs_deepfake_project/dfdc_subset_77_jpg/test/fake/fake_001716.jpg,fake,test,1,0.576810896396637,1,clean,medium
/media/D1/ait_users/staff122/deepfake_project/outputs_deepfake_project/dfdc_subset_77_jpg/test/fake/fake_001717.jpg,fake,test,1,0.5370655059814453,1,clean,medium
/media/D1/ait_users/staff122/deepfake_project/outputs_deepfake_project/dfdc_subset_77_jpg/test/fake/fake_001718.jpg,fake,test,1,0.5570207834243774,1,clean,medium
/media/D1/ait_users/staff122/deepfake_project/outputs_deepfake_project/dfdc_subset_77_jpg/test/fake/fake_001719.jpg,fake,test,1,0.5418802499771118,1,clean,medium
/media/D1/ait_users/staff122/deepfake_project/outputs_deepfake_project/dfdc_subset_77_jpg/test/fake/fake_001720.jpg,fake,test,1,0.4766933023929596,0,clean,medium
/media/D1/ait_users/staff122/deepfake_project/outputs_deepfake_project/dfdc_subset_77_jpg/test/fake/fake_001721.jpg,fake,test,1,0.5878294110298157,1,clean,medium
/media/D1/ait_users/staff122/deepfake_project/outputs_deepfake_project/dfdc_subset_77_jpg/test/fake/fake_001722.jpg,fake,test,1,0.4890778064727783,0,clean,medium
/media/D1/ait_users/staff122/deepfake_project/outputs_deepfake_project/dfdc_subset_77_jpg/test/fake/fake_001723.jpg,fake,test,1,0.570663332939148,1,clean,medium
/media/D1/ait_users/staff122/deepfake_project/outputs_deepfake_project/dfdc_subset_77_jpg/test/fake/fake_001724.jpg,fake,test,1,0.5950878858566284,1,clean,medium
/media/D1/ait_users/staff122/deepfake_project/outputs_deepfake_project/dfdc_subset_77_jpg/test/fake/fake_001725.jpg,fake,test,1,0.6397310495376587,1,clean,medium
/media/D1/ait_users/staff122/deepfake_project/outputs_deepfake_project/dfdc_subset_77_jpg/test/fake/fake_001726.jpg,fake,test,1,0.5452442765235901,1,clean,medium
/media/D1/ait_users/staff122/deepfake_project/outputs_deepfake_project/dfdc_subset_77_jpg/test/fake/fake_001727.jpg,fake,test,1,0.5060718059539795,1,clean,medium
/media/D1/ait_users/staff122/deepfake_project/outputs_deepfake_project/dfdc_subset_77_jpg/test/fake/fake_001728.jpg,fake,test,1,0.06280363351106644,0,clean,medium
/media/D1/ait_users/staff122/deepfake_project/outputs_deepfake_project/dfdc_subset_77_jpg/test/fake/fake_001729.jpg,fake,test,1,0.560114860534668,1,clean,medium
/media/D1/ait_users/staff122/deepfake_project/outputs_deepfake_project/dfdc_subset_77_jpg/test/fake/fake_001730.jpg,fake,test,1,0.5602720379829407,1,clean,medium
/media/D1/ait_users/staff122/deepfake_project/outputs_deepfake_project/dfdc_subset_77_jpg/test/fake/fake_001731.jpg,fake,test,1,0.030844159424304962,0,clean,medium
/media/D1/ait_users/staff122/deepfake_project/outputs_deepfake_project/dfdc_subset_77_jpg/test/fake/fake_001732.jpg,fake,test,1,0.021794123575091362,0,clean,medium
/media/D1/ait_users/staff122/deepfake_project/outputs_deepfake_project/dfdc_subset_77_jpg/test/fake/fake_001733.jpg,fake,test,1,0.006434943526983261,0,clean,medium
/media/D1/ait_users/staff122/deepfake_project/outputs_deepfake_project/dfdc_subset_77_jpg/test/fake/fake_001734.jpg,fake,test,1,0.002430869033560157,0,clean,medium
/media/D1/ait_users/staff122/deepfake_project/outputs_deepfake_project/dfdc_subset_77_jpg/test/fake/fake_001735.jpg,fake,test,1,0.008595873601734638,0,clean,medium
/media/D1/ait_users/staff122/deepfake_project/outputs_deepfake_project/dfdc_subset_77_jpg/test/fake/fake_001736.jpg,fake,test,1,0.03565705940127373,0,clean,medium
/media/D1/ait_users/staff122/deepfake_project/outputs_deepfake_project/dfdc_subset_77_jpg/test/fake/fake_001737.jpg,fake,test,1,0.09102626144886017,0,clean,medium
/media/D1/ait_users/staff122/deepfake_project/outputs_deepfake_project/dfdc_subset_77_jpg/test/fake/fake_001738.jpg,fake,test,1,0.07495865225791931,0,clean,medium
/media/D1/ait_users/staff122/deepfake_project/outputs_deepfake_project/dfdc_subset_77_jpg/test/fake/fake_001739.jpg,fake,test,1,0.231375589966774,0,clean,medium
/media/D1/ait_users/staff122/deepfake_project/outputs_deepfake_project/dfdc_subset_77_jpg/test/fake/fake_001740.jpg,fake,test,1,0.5894666314125061,1,clean,medium
/media/D1/ait_users/staff122/deepfake_project/outputs_deepfake_project/dfdc_subset_77_jpg/test/fake/fake_001741.jpg,fake,test,1,0.12709687650203705,0,clean,medium
/media/D1/ait_users/staff122/deepfake_project/outputs_deepfake_project/dfdc_subset_77_jpg/test/fake/fake_001742.jpg,fake,test,1,0.20627793669700623,0,clean,medium
/media/D1/ait_users/staff122/deepfake_project/outputs_deepfake_project/dfdc_subset_77_jpg/test/fake/fake_001743.jpg,fake,test,1,0.15207786858081818,0,clean,medium
/media/D1/ait_users/staff122/deepfake_project/outputs_deepfake_project/dfdc_subset_77_jpg/test/fake/fake_001744.jpg,fake,test,1,0.002451051026582718,0,clean,medium
/media/D1/ait_users/staff122/deepfake_project/outputs_deepfake_project/dfdc_subset_77_jpg/test/fake/fake_001745.jpg,fake,test,1,0.042224470525979996,0,clean,medium
/media/D1/ait_users/staff122/deepfake_project/outputs_deepfake_project/dfdc_subset_77_jpg/test/fake/fake_001746.jpg,fake,test,1,0.02825038507580757,0,clean,medium
/media/D1/ait_users/staff122/deepfake_project/outputs_deepfake_project/dfdc_subset_77_jpg/test/fake/fake_001747.jpg,fake,test,1,0.006574698723852634,0,clean,medium
/media/D1/ait_users/staff122/deepfake_project/outputs_deepfake_project/dfdc_subset_77_jpg/test/fake/fake_001748.jpg,fake,test,1,0.012029841542243958,0,clean,medium
/media/D1/ait_users/staff122/deepfake_project/outputs_deepfake_project/dfdc_subset_77_jpg/test/fake/fake_001749.jpg,fake,test,1,0.0030380908865481615,0,clean,medium
/media/D1/ait_users/staff122/deepfake_project/outputs_deepfake_project/dfdc_subset_77_jpg/test/fake/fake_001750.jpg,fake,test,1,0.002569377887994051,0,clean,medium
/media/D1/ait_users/staff122/deepfake_project/outputs_deepfake_project/dfdc_subset_77_jpg/test/fake/fake_001751.jpg,fake,test,1,0.0021976882126182318,0,clean,medium
/media/D1/ait_users/staff122/deepfake_project/outputs_deepfake_project/dfdc_subset_77_jpg/test/fake/fake_001752.jpg,fake,test,1,0.002730706939473748,0,clean,medium
/media/D1/ait_users/staff122/deepfake_project/outputs_deepfake_project/dfdc_subset_77_jpg/test/fake/fake_001753.jpg,fake,test,1,0.0062994584441185,0,clean,medium
/media/D1/ait_users/staff122/deepfake_project/outputs_deepfake_project/dfdc_subset_77_jpg/test/fake/fake_001754.jpg,fake,test,1,0.008373863063752651,0,clean,medium
/media/D1/ait_users/staff122/deepfake_project/outputs_deepfake_project/dfdc_subset_77_jpg/test/fake/fake_001755.jpg,fake,test,1,0.0017588824266567826,0,clean,medium
/media/D1/ait_users/staff122/deepfake_project/outputs_deepfake_project/dfdc_subset_77_jpg/test/fake/fake_001756.jpg,fake,test,1,0.009550194256007671,0,clean,medium
/media/D1/ait_users/staff122/deepfake_project/outputs_deepfake_project/dfdc_subset_77_jpg/test/fake/fake_001757.jpg,fake,test,1,0.012734315358102322,0,clean,medium
/media/D1/ait_users/staff122/deepfake_project/outputs_deepfake_project/dfdc_subset_77_jpg/test/fake/fake_001758.jpg,fake,test,1,0.9621028304100037,1,clean,medium
/media/D1/ait_users/staff122/deepfake_project/outputs_deepfake_project/dfdc_subset_77_jpg/test/fake/fake_001759.jpg,fake,test,1,0.15958331525325775,0,clean,medium
/media/D1/ait_users/staff122/deepfake_project/outputs_deepfake_project/dfdc_subset_77_jpg/test/fake/fake_001760.jpg,fake,test,1,0.08285066485404968,0,clean,medium
/media/D1/ait_users/staff122/deepfake_project/outputs_deepfake_project/dfdc_subset_77_jpg/test/fake/fake_001761.jpg,fake,test,1,0.24941954016685486,0,clean,medium
/media/D1/ait_users/staff122/deepfake_project/outputs_deepfake_project/dfdc_subset_77_jpg/test/fake/fake_001762.jpg,fake,test,1,0.8622187972068787,1,clean,medium
/media/D1/ait_users/staff122/deepfake_project/outputs_deepfake_project/dfdc_subset_77_jpg/test/fake/fake_001763.jpg,fake,test,1,0.1797269731760025,0,clean,medium
/media/D1/ait_users/staff122/deepfake_project/outputs_deepfake_project/dfdc_subset_77_jpg/test/fake/fake_001764.jpg,fake,test,1,0.07012040168046951,0,clean,medium
/media/D1/ait_users/staff122/deepfake_project/outputs_deepfake_project/dfdc_subset_77_jpg/test/fake/fake_001765.jpg,fake,test,1,0.13525927066802979,0,clean,medium
/media/D1/ait_users/staff122/deepfake_project/outputs_deepfake_project/dfdc_subset_77_jpg/test/fake/fake_001766.jpg,fake,test,1,0.06934093683958054,0,clean,medium
/media/D1/ait_users/staff122/deepfake_project/outputs_deepfake_project/dfdc_subset_77_jpg/test/fake/fake_001767.jpg,fake,test,1,0.09277216345071793,0,clean,medium
/media/D1/ait_users/staff122/deepfake_project/outputs_deepfake_project/dfdc_subset_77_jpg/test/fake/fake_001768.jpg,fake,test,1,0.13362495601177216,0,clean,medium
/media/D1/ait_users/staff122/deepfake_project/outputs_deepfake_project/dfdc_subset_77_jpg/test/fake/fake_001769.jpg,fake,test,1,0.10034134238958359,0,clean,medium
/media/D1/ait_users/staff122/deepfake_project/outputs_deepfake_project/dfdc_subset_77_jpg/test/fake/fake_001770.jpg,fake,test,1,0.14931651949882507,0,clean,medium
/media/D1/ait_users/staff122/deepfake_project/outputs_deepfake_project/dfdc_subset_77_jpg/test/fake/fake_001771.jpg,fake,test,1,0.20581482350826263,0,clean,medium
/media/D1/ait_users/staff122/deepfake_project/outputs_deepfake_project/dfdc_subset_77_jpg/test/fake/fake_001772.jpg,fake,test,1,0.11992210894823074,0,clean,medium
/media/D1/ait_users/staff122/deepfake_project/outputs_deepfake_project/dfdc_subset_77_jpg/test/fake/fake_001773.jpg,fake,test,1,0.24152599275112152,0,clean,medium
/media/D1/ait_users/staff122/deepfake_project/outputs_deepfake_project/dfdc_subset_77_jpg/test/fake/fake_001774.jpg,fake,test,1,0.6129217743873596,1,clean,medium
/media/D1/ait_users/staff122/deepfake_project/outputs_deepfake_project/dfdc_subset_77_jpg/test/fake/fake_001775.jpg,fake,test,1,0.5814481973648071,1,clean,medium
/media/D1/ait_users/staff122/deepfake_project/outputs_deepfake_project/dfdc_subset_77_jpg/test/fake/fake_001776.jpg,fake,test,1,0.6347364783287048,1,clean,medium
/media/D1/ait_users/staff122/deepfake_project/outputs_deepfake_project/dfdc_subset_77_jpg/test/fake/fake_001777.jpg,fake,test,1,0.8631372451782227,1,clean,medium
/media/D1/ait_users/staff122/deepfake_project/outputs_deepfake_project/dfdc_subset_77_jpg/test/fake/fake_001778.jpg,fake,test,1,0.962841272354126,1,clean,medium
/media/D1/ait_users/staff122/deepfake_project/outputs_deepfake_project/dfdc_subset_77_jpg/test/fake/fake_001779.jpg,fake,test,1,0.1333645135164261,0,clean,medium
/media/D1/ait_users/staff122/deepfake_project/outputs_deepfake_project/dfdc_subset_77_jpg/test/fake/fake_001780.jpg,fake,test,1,0.159499391913414,0,clean,medium
/media/D1/ait_users/staff122/deepfake_project/outputs_deepfake_project/dfdc_subset_77_jpg/test/fake/fake_001781.jpg,fake,test,1,0.49517348408699036,0,clean,medium
/media/D1/ait_users/staff122/deepfake_project/outputs_deepfake_project/dfdc_subset_77_jpg/test/fake/fake_001782.jpg,fake,test,1,0.24268612265586853,0,clean,medium
/media/D1/ait_users/staff122/deepfake_project/outputs_deepfake_project/dfdc_subset_77_jpg/test/fake/fake_001783.jpg,fake,test,1,0.12438763678073883,0,clean,medium
/media/D1/ait_users/staff122/deepfake_project/outputs_deepfake_project/dfdc_subset_77_jpg/test/fake/fake_001784.jpg,fake,test,1,0.2507047951221466,0,clean,medium
/media/D1/ait_users/staff122/deepfake_project/outputs_deepfake_project/dfdc_subset_77_jpg/test/fake/fake_001785.jpg,fake,test,1,0.3067258596420288,0,clean,medium
/media/D1/ait_users/staff122/deepfake_project/outputs_deepfake_project/dfdc_subset_77_jpg/test/fake/fake_001786.jpg,fake,test,1,0.34936732053756714,0,clean,medium
/media/D1/ait_users/staff122/deepfake_project/outputs_deepfake_project/dfdc_subset_77_jpg/test/fake/fake_001787.jpg,fake,test,1,0.17157702147960663,0,clean,medium
/media/D1/ait_users/staff122/deepfake_project/outputs_deepfake_project/dfdc_subset_77_jpg/test/fake/fake_001788.jpg,fake,test,1,0.04472680017352104,0,clean,medium
/media/D1/ait_users/staff122/deepfake_project/outputs_deepfake_project/dfdc_subset_77_jpg/test/fake/fake_001789.jpg,fake,test,1,0.057878848165273666,0,clean,medium
/media/D1/ait_users/staff122/deepfake_project/outputs_deepfake_project/dfdc_subset_77_jpg/test/fake/fake_001790.jpg,fake,test,1,0.443917840719223,0,clean,medium
/media/D1/ait_users/staff122/deepfake_project/outputs_deepfake_project/dfdc_subset_77_jpg/test/fake/fake_001791.jpg,fake,test,1,0.15827636420726776,0,clean,medium
/media/D1/ait_users/staff122/deepfake_project/outputs_deepfake_project/dfdc_subset_77_jpg/test/fake/fake_001792.jpg,fake,test,1,0.6163365840911865,1,clean,medium
/media/D1/ait_users/staff122/deepfake_project/outputs_deepfake_project/dfdc_subset_77_jpg/test/fake/fake_001793.jpg,fake,test,1,0.31572526693344116,0,clean,medium
/media/D1/ait_users/staff122/deepfake_project/outputs_deepfake_project/dfdc_subset_77_jpg/test/fake/fake_001794.jpg,fake,test,1,0.11306487023830414,0,clean,medium
/media/D1/ait_users/staff122/deepfake_project/outputs_deepfake_project/dfdc_subset_77_jpg/test/fake/fake_001795.jpg,fake,test,1,0.19648201763629913,0,clean,medium
/media/D1/ait_users/staff122/deepfake_project/outputs_deepfake_project/dfdc_subset_77_jpg/test/fake/fake_001796.jpg,fake,test,1,0.9167783260345459,1,clean,medium
/media/D1/ait_users/staff122/deepfake_project/outputs_deepfake_project/dfdc_subset_77_jpg/test/fake/fake_001797.jpg,fake,test,1,0.12775519490242004,0,clean,medium
/media/D1/ait_users/staff122/deepfake_project/outputs_deepfake_project/dfdc_subset_77_jpg/test/fake/fake_001798.jpg,fake,test,1,0.33163928985595703,0,clean,medium
/media/D1/ait_users/staff122/deepfake_project/outputs_deepfake_project/dfdc_subset_77_jpg/test/fake/fake_001799.jpg,fake,test,1,0.43502652645111084,0,clean,medium
/media/D1/ait_users/staff122/deepfake_project/outputs_deepfake_project/dfdc_subset_77_jpg/test/fake/fake_001800.jpg,fake,test,1,0.5597405433654785,1,clean,medium
/media/D1/ait_users/staff122/deepfake_project/outputs_deepfake_project/dfdc_subset_77_jpg/test/fake/fake_001801.jpg,fake,test,1,0.03501658886671066,0,clean,medium
/media/D1/ait_users/staff122/deepfake_project/outputs_deepfake_project/dfdc_subset_77_jpg/test/fake/fake_001802.jpg,fake,test,1,0.05786973610520363,0,clean,medium
/media/D1/ait_users/staff122/deepfake_project/outputs_deepfake_project/dfdc_subset_77_jpg/test/fake/fake_001803.jpg,fake,test,1,0.2996502220630646,0,clean,medium
/media/D1/ait_users/staff122/deepfake_project/outputs_deepfake_project/dfdc_subset_77_jpg/test/fake/fake_001804.jpg,fake,test,1,0.7755309343338013,1,clean,medium
/media/D1/ait_users/staff122/deepfake_project/outputs_deepfake_project/dfdc_subset_77_jpg/test/fake/fake_001805.jpg,fake,test,1,0.4782027006149292,0,clean,medium
/media/D1/ait_users/staff122/deepfake_project/outputs_deepfake_project/dfdc_subset_77_jpg/test/fake/fake_001806.jpg,fake,test,1,0.8370773792266846,1,clean,medium
/media/D1/ait_users/staff122/deepfake_project/outputs_deepfake_project/dfdc_subset_77_jpg/test/fake/fake_001807.jpg,fake,test,1,0.4530920684337616,0,clean,medium
/media/D1/ait_users/staff122/deepfake_project/outputs_deepfake_project/dfdc_subset_77_jpg/test/fake/fake_001808.jpg,fake,test,1,0.9573349356651306,1,clean,medium
/media/D1/ait_users/staff122/deepfake_project/outputs_deepfake_project/dfdc_subset_77_jpg/test/fake/fake_001809.jpg,fake,test,1,0.8189767599105835,1,clean,medium
/media/D1/ait_users/staff122/deepfake_project/outputs_deepfake_project/dfdc_subset_77_jpg/test/fake/fake_001810.jpg,fake,test,1,0.4243132174015045,0,clean,medium
/media/D1/ait_users/staff122/deepfake_project/outputs_deepfake_project/dfdc_subset_77_jpg/test/fake/fake_001811.jpg,fake,test,1,0.1882086992263794,0,clean,medium
/media/D1/ait_users/staff122/deepfake_project/outputs_deepfake_project/dfdc_subset_77_jpg/test/fake/fake_001812.jpg,fake,test,1,0.5047323703765869,1,clean,medium
/media/D1/ait_users/staff122/deepfake_project/outputs_deepfake_project/dfdc_subset_77_jpg/test/fake/fake_001813.jpg,fake,test,1,0.3438921868801117,0,clean,medium
/media/D1/ait_users/staff122/deepfake_project/outputs_deepfake_project/dfdc_subset_77_jpg/test/fake/fake_001814.jpg,fake,test,1,0.2862759530544281,0,clean,medium
/media/D1/ait_users/staff122/deepfake_project/outputs_deepfake_project/dfdc_subset_77_jpg/test/fake/fake_001815.jpg,fake,test,1,0.37413379549980164,0,clean,medium
/media/D1/ait_users/staff122/deepfake_project/outputs_deepfake_project/dfdc_subset_77_jpg/test/fake/fake_001816.jpg,fake,test,1,0.891414999961853,1,clean,medium
/media/D1/ait_users/staff122/deepfake_project/outputs_deepfake_project/dfdc_subset_77_jpg/test/fake/fake_001817.jpg,fake,test,1,0.5778667330741882,1,clean,medium
/media/D1/ait_users/staff122/deepfake_project/outputs_deepfake_project/dfdc_subset_77_jpg/test/fake/fake_001818.jpg,fake,test,1,0.9164534211158752,1,clean,medium
/media/D1/ait_users/staff122/deepfake_project/outputs_deepfake_project/dfdc_subset_77_jpg/test/fake/fake_001819.jpg,fake,test,1,0.6368852853775024,1,clean,medium
/media/D1/ait_users/staff122/deepfake_project/outputs_deepfake_project/dfdc_subset_77_jpg/test/fake/fake_001820.jpg,fake,test,1,0.9590808153152466,1,clean,medium
/media/D1/ait_users/staff122/deepfake_project/outputs_deepfake_project/dfdc_subset_77_jpg/test/fake/fake_001821.jpg,fake,test,1,0.6850507855415344,1,clean,medium
/media/D1/ait_users/staff122/deepfake_project/outputs_deepfake_project/dfdc_subset_77_jpg/test/fake/fake_001822.jpg,fake,test,1,0.9825080037117004,1,clean,medium
/media/D1/ait_users/staff122/deepfake_project/outputs_deepfake_project/dfdc_subset_77_jpg/test/fake/fake_001823.jpg,fake,test,1,0.8375850915908813,1,clean,medium
/media/D1/ait_users/staff122/deepfake_project/outputs_deepfake_project/dfdc_subset_77_jpg/test/fake/fake_001824.jpg,fake,test,1,0.4154459834098816,0,clean,medium
/media/D1/ait_users/staff122/deepfake_project/outputs_deepfake_project/dfdc_subset_77_jpg/test/fake/fake_001825.jpg,fake,test,1,0.7909151911735535,1,clean,medium
/media/D1/ait_users/staff122/deepfake_project/outputs_deepfake_project/dfdc_subset_77_jpg/test/fake/fake_001826.jpg,fake,test,1,0.7933996915817261,1,clean,medium
/media/D1/ait_users/staff122/deepfake_project/outputs_deepfake_project/dfdc_subset_77_jpg/test/fake/fake_001827.jpg,fake,test,1,0.7860650420188904,1,clean,medium
/media/D1/ait_users/staff122/deepfake_project/outputs_deepfake_project/dfdc_subset_77_jpg/test/fake/fake_001828.jpg,fake,test,1,0.985142171382904,1,clean,medium
/media/D1/ait_users/staff122/deepfake_project/outputs_deepfake_project/dfdc_subset_77_jpg/test/fake/fake_001829.jpg,fake,test,1,0.9831127524375916,1,clean,medium
/media/D1/ait_users/staff122/deepfake_project/outputs_deepfake_project/dfdc_subset_77_jpg/test/fake/fake_001830.jpg,fake,test,1,0.9746759533882141,1,clean,medium
/media/D1/ait_users/staff122/deepfake_project/outputs_deepfake_project/dfdc_subset_77_jpg/test/fake/fake_001831.jpg,fake,test,1,0.8165883421897888,1,clean,medium
/media/D1/ait_users/staff122/deepfake_project/outputs_deepfake_project/dfdc_subset_77_jpg/test/fake/fake_001832.jpg,fake,test,1,0.7797788381576538,1,clean,medium
/media/D1/ait_users/staff122/deepfake_project/outputs_deepfake_project/dfdc_subset_77_jpg/test/fake/fake_001833.jpg,fake,test,1,0.9333246350288391,1,clean,medium
/media/D1/ait_users/staff122/deepfake_project/outputs_deepfake_project/dfdc_subset_77_jpg/test/fake/fake_001834.jpg,fake,test,1,0.8826844692230225,1,clean,medium
/media/D1/ait_users/staff122/deepfake_project/outputs_deepfake_project/dfdc_subset_77_jpg/test/fake/fake_001835.jpg,fake,test,1,0.19767658412456512,0,clean,medium
/media/D1/ait_users/staff122/deepfake_project/outputs_deepfake_project/dfdc_subset_77_jpg/test/fake/fake_001836.jpg,fake,test,1,0.6522330641746521,1,clean,medium
/media/D1/ait_users/staff122/deepfake_project/outputs_deepfake_project/dfdc_subset_77_jpg/test/fake/fake_001837.jpg,fake,test,1,0.6923502087593079,1,clean,medium
/media/D1/ait_users/staff122/deepfake_project/outputs_deepfake_project/dfdc_subset_77_jpg/test/fake/fake_001838.jpg,fake,test,1,0.9696972966194153,1,clean,medium
/media/D1/ait_users/staff122/deepfake_project/outputs_deepfake_project/dfdc_subset_77_jpg/test/fake/fake_001839.jpg,fake,test,1,0.7125769853591919,1,clean,medium
/media/D1/ait_users/staff122/deepfake_project/outputs_deepfake_project/dfdc_subset_77_jpg/test/fake/fake_001840.jpg,fake,test,1,0.9323214292526245,1,clean,medium
/media/D1/ait_users/staff122/deepfake_project/outputs_deepfake_project/dfdc_subset_77_jpg/test/fake/fake_001841.jpg,fake,test,1,0.21982277929782867,0,clean,medium
/media/D1/ait_users/staff122/deepfake_project/outputs_deepfake_project/dfdc_subset_77_jpg/test/fake/fake_001842.jpg,fake,test,1,0.25014185905456543,0,clean,medium
/media/D1/ait_users/staff122/deepfake_project/outputs_deepfake_project/dfdc_subset_77_jpg/test/fake/fake_001843.jpg,fake,test,1,0.9388307929039001,1,clean,medium
/media/D1/ait_users/staff122/deepfake_project/outputs_deepfake_project/dfdc_subset_77_jpg/test/fake/fake_001844.jpg,fake,test,1,0.48152825236320496,0,clean,medium
/media/D1/ait_users/staff122/deepfake_project/outputs_deepfake_project/dfdc_subset_77_jpg/test/fake/fake_001845.jpg,fake,test,1,0.5061764717102051,1,clean,medium
/media/D1/ait_users/staff122/deepfake_project/outputs_deepfake_project/dfdc_subset_77_jpg/test/fake/fake_001846.jpg,fake,test,1,0.23679210245609283,0,clean,medium
/media/D1/ait_users/staff122/deepfake_project/outputs_deepfake_project/dfdc_subset_77_jpg/test/fake/fake_001847.jpg,fake,test,1,0.255713552236557,0,clean,medium
/media/D1/ait_users/staff122/deepfake_project/outputs_deepfake_project/dfdc_subset_77_jpg/test/fake/fake_001848.jpg,fake,test,1,0.25783976912498474,0,clean,medium
/media/D1/ait_users/staff122/deepfake_project/outputs_deepfake_project/dfdc_subset_77_jpg/test/fake/fake_001849.jpg,fake,test,1,0.37391555309295654,0,clean,medium
/media/D1/ait_users/staff122/deepfake_project/outputs_deepfake_project/dfdc_subset_77_jpg/test/fake/fake_001850.jpg,fake,test,1,0.9849351644515991,1,clean,medium
/media/D1/ait_users/staff122/deepfake_project/outputs_deepfake_project/dfdc_subset_77_jpg/test/fake/fake_001851.jpg,fake,test,1,0.5213881731033325,1,clean,medium
/media/D1/ait_users/staff122/deepfake_project/outputs_deepfake_project/dfdc_subset_77_jpg/test/fake/fake_001852.jpg,fake,test,1,0.9933274984359741,1,clean,medium
/media/D1/ait_users/staff122/deepfake_project/outputs_deepfake_project/dfdc_subset_77_jpg/test/fake/fake_001853.jpg,fake,test,1,0.987971842288971,1,clean,medium
/media/D1/ait_users/staff122/deepfake_project/outputs_deepfake_project/dfdc_subset_77_jpg/test/fake/fake_001854.jpg,fake,test,1,0.6203727126121521,1,clean,medium
/media/D1/ait_users/staff122/deepfake_project/outputs_deepfake_project/dfdc_subset_77_jpg/test/fake/fake_001855.jpg,fake,test,1,0.9017873406410217,1,clean,medium
/media/D1/ait_users/staff122/deepfake_project/outputs_deepfake_project/dfdc_subset_77_jpg/test/fake/fake_001856.jpg,fake,test,1,0.4944634437561035,0,clean,medium
/media/D1/ait_users/staff122/deepfake_project/outputs_deepfake_project/dfdc_subset_77_jpg/test/fake/fake_001857.jpg,fake,test,1,0.477164089679718,0,clean,medium
/media/D1/ait_users/staff122/deepfake_project/outputs_deepfake_project/dfdc_subset_77_jpg/test/fake/fake_001858.jpg,fake,test,1,0.5377631783485413,1,clean,medium
/media/D1/ait_users/staff122/deepfake_project/outputs_deepfake_project/dfdc_subset_77_jpg/test/fake/fake_001859.jpg,fake,test,1,0.4755106568336487,0,clean,medium
/media/D1/ait_users/staff122/deepfake_project/outputs_deepfake_project/dfdc_subset_77_jpg/test/fake/fake_001860.jpg,fake,test,1,0.5300824046134949,1,clean,medium
/media/D1/ait_users/staff122/deepfake_project/outputs_deepfake_project/dfdc_subset_77_jpg/test/fake/fake_001861.jpg,fake,test,1,0.5771245956420898,1,clean,medium
/media/D1/ait_users/staff122/deepfake_project/outputs_deepfake_project/dfdc_subset_77_jpg/test/fake/fake_001862.jpg,fake,test,1,0.5202500224113464,1,clean,medium
/media/D1/ait_users/staff122/deepfake_project/outputs_deepfake_project/dfdc_subset_77_jpg/test/fake/fake_001863.jpg,fake,test,1,0.5628017783164978,1,clean,medium
/media/D1/ait_users/staff122/deepfake_project/outputs_deepfake_project/dfdc_subset_77_jpg/test/fake/fake_001864.jpg,fake,test,1,0.5432577729225159,1,clean,medium
/media/D1/ait_users/staff122/deepfake_project/outputs_deepfake_project/dfdc_subset_77_jpg/test/fake/fake_001865.jpg,fake,test,1,0.6354378461837769,1,clean,medium
/media/D1/ait_users/staff122/deepfake_project/outputs_deepfake_project/dfdc_subset_77_jpg/test/fake/fake_001866.jpg,fake,test,1,0.6525920629501343,1,clean,medium
/media/D1/ait_users/staff122/deepfake_project/outputs_deepfake_project/dfdc_subset_77_jpg/test/fake/fake_001867.jpg,fake,test,1,0.6208381056785583,1,clean,medium
/media/D1/ait_users/staff122/deepfake_project/outputs_deepfake_project/dfdc_subset_77_jpg/test/fake/fake_001868.jpg,fake,test,1,0.5150376558303833,1,clean,medium
/media/D1/ait_users/staff122/deepfake_project/outputs_deepfake_project/dfdc_subset_77_jpg/test/fake/fake_001869.jpg,fake,test,1,0.5542203783988953,1,clean,medium
/media/D1/ait_users/staff122/deepfake_project/outputs_deepfake_project/dfdc_subset_77_jpg/test/fake/fake_001870.jpg,fake,test,1,0.5381959676742554,1,clean,medium
/media/D1/ait_users/staff122/deepfake_project/outputs_deepfake_project/dfdc_subset_77_jpg/test/fake/fake_001871.jpg,fake,test,1,0.5373188257217407,1,clean,medium
/media/D1/ait_users/staff122/deepfake_project/outputs_deepfake_project/dfdc_subset_77_jpg/test/fake/fake_001872.jpg,fake,test,1,0.7152132391929626,1,clean,medium
/media/D1/ait_users/staff122/deepfake_project/outputs_deepfake_project/dfdc_subset_77_jpg/test/fake/fake_001873.jpg,fake,test,1,0.4547910690307617,0,clean,medium
/media/D1/ait_users/staff122/deepfake_project/outputs_deepfake_project/dfdc_subset_77_jpg/test/fake/fake_001874.jpg,fake,test,1,0.5323757529258728,1,clean,medium
/media/D1/ait_users/staff122/deepfake_project/outputs_deepfake_project/dfdc_subset_77_jpg/test/fake/fake_001875.jpg,fake,test,1,0.689881443977356,1,clean,medium
/media/D1/ait_users/staff122/deepfake_project/outputs_deepfake_project/dfdc_subset_77_jpg/test/fake/fake_001876.jpg,fake,test,1,0.4255542755126953,0,clean,medium
/media/D1/ait_users/staff122/deepfake_project/outputs_deepfake_project/dfdc_subset_77_jpg/test/fake/fake_001877.jpg,fake,test,1,0.4561033844947815,0,clean,medium
/media/D1/ait_users/staff122/deepfake_project/outputs_deepfake_project/dfdc_subset_77_jpg/test/fake/fake_001878.jpg,fake,test,1,0.5281917452812195,1,clean,medium
/media/D1/ait_users/staff122/deepfake_project/outputs_deepfake_project/dfdc_subset_77_jpg/test/fake/fake_001879.jpg,fake,test,1,0.5297940969467163,1,clean,medium
/media/D1/ait_users/staff122/deepfake_project/outputs_deepfake_project/dfdc_subset_77_jpg/test/fake/fake_001880.jpg,fake,test,1,0.5324142575263977,1,clean,medium
/media/D1/ait_users/staff122/deepfake_project/outputs_deepfake_project/dfdc_subset_77_jpg/test/fake/fake_001881.jpg,fake,test,1,0.5484633445739746,1,clean,medium
/media/D1/ait_users/staff122/deepfake_project/outputs_deepfake_project/dfdc_subset_77_jpg/test/fake/fake_001882.jpg,fake,test,1,0.5491920709609985,1,clean,medium
/media/D1/ait_users/staff122/deepfake_project/outputs_deepfake_project/dfdc_subset_77_jpg/test/fake/fake_001883.jpg,fake,test,1,0.5414115786552429,1,clean,medium
/media/D1/ait_users/staff122/deepfake_project/outputs_deepfake_project/dfdc_subset_77_jpg/test/fake/fake_001884.jpg,fake,test,1,0.4106777310371399,0,clean,medium
/media/D1/ait_users/staff122/deepfake_project/outputs_deepfake_project/dfdc_subset_77_jpg/test/fake/fake_001885.jpg,fake,test,1,0.654230535030365,1,clean,medium
/media/D1/ait_users/staff122/deepfake_project/outputs_deepfake_project/dfdc_subset_77_jpg/test/fake/fake_001886.jpg,fake,test,1,0.45966750383377075,0,clean,medium
/media/D1/ait_users/staff122/deepfake_project/outputs_deepfake_project/dfdc_subset_77_jpg/test/fake/fake_001887.jpg,fake,test,1,0.5777384042739868,1,clean,medium
/media/D1/ait_users/staff122/deepfake_project/outputs_deepfake_project/dfdc_subset_77_jpg/test/fake/fake_001888.jpg,fake,test,1,0.5153411030769348,1,clean,medium
/media/D1/ait_users/staff122/deepfake_project/outputs_deepfake_project/dfdc_subset_77_jpg/test/fake/fake_001889.jpg,fake,test,1,0.4756038784980774,0,clean,medium
/media/D1/ait_users/staff122/deepfake_project/outputs_deepfake_project/dfdc_subset_77_jpg/test/fake/fake_001890.jpg,fake,test,1,0.5161165595054626,1,clean,medium
/media/D1/ait_users/staff122/deepfake_project/outputs_deepfake_project/dfdc_subset_77_jpg/test/fake/fake_001891.jpg,fake,test,1,0.5169855356216431,1,clean,medium
/media/D1/ait_users/staff122/deepfake_project/outputs_deepfake_project/dfdc_subset_77_jpg/test/fake/fake_001892.jpg,fake,test,1,0.48887568712234497,0,clean,medium
/media/D1/ait_users/staff122/deepfake_project/outputs_deepfake_project/dfdc_subset_77_jpg/test/fake/fake_001893.jpg,fake,test,1,0.3384682536125183,0,clean,medium
/media/D1/ait_users/staff122/deepfake_project/outputs_deepfake_project/dfdc_subset_77_jpg/test/fake/fake_001894.jpg,fake,test,1,0.5682782530784607,1,clean,medium
/media/D1/ait_users/staff122/deepfake_project/outputs_deepfake_project/dfdc_subset_77_jpg/test/fake/fake_001895.jpg,fake,test,1,0.6049083471298218,1,clean,medium
/media/D1/ait_users/staff122/deepfake_project/outputs_deepfake_project/dfdc_subset_77_jpg/test/fake/fake_001896.jpg,fake,test,1,0.36420518159866333,0,clean,medium
/media/D1/ait_users/staff122/deepfake_project/outputs_deepfake_project/dfdc_subset_77_jpg/test/fake/fake_001897.jpg,fake,test,1,0.53412264585495,1,clean,medium
/media/D1/ait_users/staff122/deepfake_project/outputs_deepfake_project/dfdc_subset_77_jpg/test/fake/fake_001898.jpg,fake,test,1,0.2898469865322113,0,clean,medium
/media/D1/ait_users/staff122/deepfake_project/outputs_deepfake_project/dfdc_subset_77_jpg/test/fake/fake_001899.jpg,fake,test,1,0.7326628565788269,1,clean,medium
/media/D1/ait_users/staff122/deepfake_project/outputs_deepfake_project/dfdc_subset_77_jpg/test/fake/fake_001900.jpg,fake,test,1,0.8746750950813293,1,clean,medium
/media/D1/ait_users/staff122/deepfake_project/outputs_deepfake_project/dfdc_subset_77_jpg/test/fake/fake_001901.jpg,fake,test,1,0.7025526762008667,1,clean,medium
/media/D1/ait_users/staff122/deepfake_project/outputs_deepfake_project/dfdc_subset_77_jpg/test/fake/fake_001902.jpg,fake,test,1,0.4541187286376953,0,clean,medium
/media/D1/ait_users/staff122/deepfake_project/outputs_deepfake_project/dfdc_subset_77_jpg/test/fake/fake_001903.jpg,fake,test,1,0.5557513236999512,1,clean,medium
/media/D1/ait_users/staff122/deepfake_project/outputs_deepfake_project/dfdc_subset_77_jpg/test/fake/fake_001904.jpg,fake,test,1,0.09964073449373245,0,clean,medium
/media/D1/ait_users/staff122/deepfake_project/outputs_deepfake_project/dfdc_subset_77_jpg/test/fake/fake_001905.jpg,fake,test,1,0.6451928615570068,1,clean,medium
/media/D1/ait_users/staff122/deepfake_project/outputs_deepfake_project/dfdc_subset_77_jpg/test/fake/fake_001906.jpg,fake,test,1,0.44053030014038086,0,clean,medium
/media/D1/ait_users/staff122/deepfake_project/outputs_deepfake_project/dfdc_subset_77_jpg/test/fake/fake_001907.jpg,fake,test,1,0.47751668095588684,0,clean,medium
/media/D1/ait_users/staff122/deepfake_project/outputs_deepfake_project/dfdc_subset_77_jpg/test/fake/fake_001908.jpg,fake,test,1,0.36823582649230957,0,clean,medium
/media/D1/ait_users/staff122/deepfake_project/outputs_deepfake_project/dfdc_subset_77_jpg/test/fake/fake_001909.jpg,fake,test,1,0.9409270286560059,1,clean,medium
/media/D1/ait_users/staff122/deepfake_project/outputs_deepfake_project/dfdc_subset_77_jpg/test/fake/fake_001910.jpg,fake,test,1,0.13766427338123322,0,clean,medium
/media/D1/ait_users/staff122/deepfake_project/outputs_deepfake_project/dfdc_subset_77_jpg/test/fake/fake_001911.jpg,fake,test,1,0.9397218227386475,1,clean,medium
/media/D1/ait_users/staff122/deepfake_project/outputs_deepfake_project/dfdc_subset_77_jpg/test/fake/fake_001912.jpg,fake,test,1,0.858748733997345,1,clean,medium
/media/D1/ait_users/staff122/deepfake_project/outputs_deepfake_project/dfdc_subset_77_jpg/test/fake/fake_001913.jpg,fake,test,1,0.3351084291934967,0,clean,medium
/media/D1/ait_users/staff122/deepfake_project/outputs_deepfake_project/dfdc_subset_77_jpg/test/fake/fake_001914.jpg,fake,test,1,0.19116045534610748,0,clean,medium
/media/D1/ait_users/staff122/deepfake_project/outputs_deepfake_project/dfdc_subset_77_jpg/test/fake/fake_001915.jpg,fake,test,1,0.2967979311943054,0,clean,medium
/media/D1/ait_users/staff122/deepfake_project/outputs_deepfake_project/dfdc_subset_77_jpg/test/fake/fake_001916.jpg,fake,test,1,0.45419177412986755,0,clean,medium
/media/D1/ait_users/staff122/deepfake_project/outputs_deepfake_project/dfdc_subset_77_jpg/test/fake/fake_001917.jpg,fake,test,1,0.4755358099937439,0,clean,medium
/media/D1/ait_users/staff122/deepfake_project/outputs_deepfake_project/dfdc_subset_77_jpg/test/fake/fake_001918.jpg,fake,test,1,0.5603652000427246,1,clean,medium
/media/D1/ait_users/staff122/deepfake_project/outputs_deepfake_project/dfdc_subset_77_jpg/test/fake/fake_001919.jpg,fake,test,1,0.48984193801879883,0,clean,medium
/media/D1/ait_users/staff122/deepfake_project/outputs_deepfake_project/dfdc_subset_77_jpg/test/fake/fake_001920.jpg,fake,test,1,0.9431319832801819,1,clean,medium
/media/D1/ait_users/staff122/deepfake_project/outputs_deepfake_project/dfdc_subset_77_jpg/test/fake/fake_001921.jpg,fake,test,1,0.996905505657196,1,clean,medium
/media/D1/ait_users/staff122/deepfake_project/outputs_deepfake_project/dfdc_subset_77_jpg/test/fake/fake_001922.jpg,fake,test,1,0.9995160102844238,1,clean,medium
/media/D1/ait_users/staff122/deepfake_project/outputs_deepfake_project/dfdc_subset_77_jpg/test/fake/fake_001923.jpg,fake,test,1,0.9937408566474915,1,clean,medium
/media/D1/ait_users/staff122/deepfake_project/outputs_deepfake_project/dfdc_subset_77_jpg/test/fake/fake_001924.jpg,fake,test,1,0.999161958694458,1,clean,medium
/media/D1/ait_users/staff122/deepfake_project/outputs_deepfake_project/dfdc_subset_77_jpg/test/fake/fake_001925.jpg,fake,test,1,0.9508816003799438,1,clean,medium
/media/D1/ait_users/staff122/deepfake_project/outputs_deepfake_project/dfdc_subset_77_jpg/test/fake/fake_001926.jpg,fake,test,1,0.999242901802063,1,clean,medium
/media/D1/ait_users/staff122/deepfake_project/outputs_deepfake_project/dfdc_subset_77_jpg/test/fake/fake_001927.jpg,fake,test,1,0.9986891150474548,1,clean,medium
/media/D1/ait_users/staff122/deepfake_project/outputs_deepfake_project/dfdc_subset_77_jpg/test/fake/fake_001928.jpg,fake,test,1,0.9981241822242737,1,clean,medium
/media/D1/ait_users/staff122/deepfake_project/outputs_deepfake_project/dfdc_subset_77_jpg/test/fake/fake_001929.jpg,fake,test,1,0.9983256459236145,1,clean,medium
/media/D1/ait_users/staff122/deepfake_project/outputs_deepfake_project/dfdc_subset_77_jpg/test/fake/fake_001930.jpg,fake,test,1,0.9947198629379272,1,clean,medium
/media/D1/ait_users/staff122/deepfake_project/outputs_deepfake_project/dfdc_subset_77_jpg/test/fake/fake_001931.jpg,fake,test,1,0.977340579032898,1,clean,medium
/media/D1/ait_users/staff122/deepfake_project/outputs_deepfake_project/dfdc_subset_77_jpg/test/fake/fake_001932.jpg,fake,test,1,0.9843236804008484,1,clean,medium
/media/D1/ait_users/staff122/deepfake_project/outputs_deepfake_project/dfdc_subset_77_jpg/test/fake/fake_001933.jpg,fake,test,1,0.9990767240524292,1,clean,medium
/media/D1/ait_users/staff122/deepfake_project/outputs_deepfake_project/dfdc_subset_77_jpg/test/fake/fake_001934.jpg,fake,test,1,0.9856666922569275,1,clean,medium
/media/D1/ait_users/staff122/deepfake_project/outputs_deepfake_project/dfdc_subset_77_jpg/test/fake/fake_001935.jpg,fake,test,1,0.9981030225753784,1,clean,medium
/media/D1/ait_users/staff122/deepfake_project/outputs_deepfake_project/dfdc_subset_77_jpg/test/fake/fake_001936.jpg,fake,test,1,0.9801295399665833,1,clean,medium
/media/D1/ait_users/staff122/deepfake_project/outputs_deepfake_project/dfdc_subset_77_jpg/test/fake/fake_001937.jpg,fake,test,1,0.9841563105583191,1,clean,medium
/media/D1/ait_users/staff122/deepfake_project/outputs_deepfake_project/dfdc_subset_77_jpg/test/fake/fake_001938.jpg,fake,test,1,0.97223299741745,1,clean,medium
/media/D1/ait_users/staff122/deepfake_project/outputs_deepfake_project/dfdc_subset_77_jpg/test/fake/fake_001939.jpg,fake,test,1,0.740378737449646,1,clean,medium
/media/D1/ait_users/staff122/deepfake_project/outputs_deepfake_project/dfdc_subset_77_jpg/test/fake/fake_001940.jpg,fake,test,1,0.9386904239654541,1,clean,medium
/media/D1/ait_users/staff122/deepfake_project/outputs_deepfake_project/dfdc_subset_77_jpg/test/fake/fake_001941.jpg,fake,test,1,0.9899225831031799,1,clean,medium
/media/D1/ait_users/staff122/deepfake_project/outputs_deepfake_project/dfdc_subset_77_jpg/test/fake/fake_001942.jpg,fake,test,1,0.9959161877632141,1,clean,medium
/media/D1/ait_users/staff122/deepfake_project/outputs_deepfake_project/dfdc_subset_77_jpg/test/fake/fake_001943.jpg,fake,test,1,0.9542073011398315,1,clean,medium
/media/D1/ait_users/staff122/deepfake_project/outputs_deepfake_project/dfdc_subset_77_jpg/test/fake/fake_001944.jpg,fake,test,1,0.9924588799476624,1,clean,medium
/media/D1/ait_users/staff122/deepfake_project/outputs_deepfake_project/dfdc_subset_77_jpg/test/fake/fake_001945.jpg,fake,test,1,0.9979698061943054,1,clean,medium
/media/D1/ait_users/staff122/deepfake_project/outputs_deepfake_project/dfdc_subset_77_jpg/test/fake/fake_001946.jpg,fake,test,1,0.9983121156692505,1,clean,medium
/media/D1/ait_users/staff122/deepfake_project/outputs_deepfake_project/dfdc_subset_77_jpg/test/fake/fake_001947.jpg,fake,test,1,0.9992642998695374,1,clean,medium
/media/D1/ait_users/staff122/deepfake_project/outputs_deepfake_project/dfdc_subset_77_jpg/test/fake/fake_001948.jpg,fake,test,1,0.9949147701263428,1,clean,medium
/media/D1/ait_users/staff122/deepfake_project/outputs_deepfake_project/dfdc_subset_77_jpg/test/fake/fake_001949.jpg,fake,test,1,0.9644441604614258,1,clean,medium
/media/D1/ait_users/staff122/deepfake_project/outputs_deepfake_project/dfdc_subset_77_jpg/test/fake/fake_001950.jpg,fake,test,1,0.9993593096733093,1,clean,medium
/media/D1/ait_users/staff122/deepfake_project/outputs_deepfake_project/dfdc_subset_77_jpg/test/fake/fake_001951.jpg,fake,test,1,0.9964136481285095,1,clean,medium
/media/D1/ait_users/staff122/deepfake_project/outputs_deepfake_project/dfdc_subset_77_jpg/test/fake/fake_001952.jpg,fake,test,1,0.08978384733200073,0,clean,medium
/media/D1/ait_users/staff122/deepfake_project/outputs_deepfake_project/dfdc_subset_77_jpg/test/fake/fake_001953.jpg,fake,test,1,0.2758646309375763,0,clean,medium
/media/D1/ait_users/staff122/deepfake_project/outputs_deepfake_project/dfdc_subset_77_jpg/test/fake/fake_001954.jpg,fake,test,1,0.34656208753585815,0,clean,medium
/media/D1/ait_users/staff122/deepfake_project/outputs_deepfake_project/dfdc_subset_77_jpg/test/fake/fake_001955.jpg,fake,test,1,0.148054838180542,0,clean,medium
/media/D1/ait_users/staff122/deepfake_project/outputs_deepfake_project/dfdc_subset_77_jpg/test/fake/fake_001956.jpg,fake,test,1,0.4824296236038208,0,clean,medium
/media/D1/ait_users/staff122/deepfake_project/outputs_deepfake_project/dfdc_subset_77_jpg/test/fake/fake_001957.jpg,fake,test,1,0.06611672788858414,0,clean,medium
/media/D1/ait_users/staff122/deepfake_project/outputs_deepfake_project/dfdc_subset_77_jpg/test/fake/fake_001958.jpg,fake,test,1,0.7747053503990173,1,clean,medium
/media/D1/ait_users/staff122/deepfake_project/outputs_deepfake_project/dfdc_subset_77_jpg/test/fake/fake_001959.jpg,fake,test,1,0.03272329270839691,0,clean,medium
/media/D1/ait_users/staff122/deepfake_project/outputs_deepfake_project/dfdc_subset_77_jpg/test/fake/fake_001960.jpg,fake,test,1,0.06169974058866501,0,clean,medium
/media/D1/ait_users/staff122/deepfake_project/outputs_deepfake_project/dfdc_subset_77_jpg/test/fake/fake_001961.jpg,fake,test,1,0.1844549924135208,0,clean,medium
/media/D1/ait_users/staff122/deepfake_project/outputs_deepfake_project/dfdc_subset_77_jpg/test/fake/fake_001962.jpg,fake,test,1,0.40893882513046265,0,clean,medium
/media/D1/ait_users/staff122/deepfake_project/outputs_deepfake_project/dfdc_subset_77_jpg/test/fake/fake_001963.jpg,fake,test,1,0.10794512927532196,0,clean,medium
/media/D1/ait_users/staff122/deepfake_project/outputs_deepfake_project/dfdc_subset_77_jpg/test/fake/fake_001964.jpg,fake,test,1,0.18356633186340332,0,clean,medium
/media/D1/ait_users/staff122/deepfake_project/outputs_deepfake_project/dfdc_subset_77_jpg/test/fake/fake_001965.jpg,fake,test,1,0.06908639520406723,0,clean,medium
/media/D1/ait_users/staff122/deepfake_project/outputs_deepfake_project/dfdc_subset_77_jpg/test/fake/fake_001966.jpg,fake,test,1,0.008912731893360615,0,clean,medium
/media/D1/ait_users/staff122/deepfake_project/outputs_deepfake_project/dfdc_subset_77_jpg/test/fake/fake_001967.jpg,fake,test,1,0.03770770505070686,0,clean,medium
/media/D1/ait_users/staff122/deepfake_project/outputs_deepfake_project/dfdc_subset_77_jpg/test/fake/fake_001968.jpg,fake,test,1,0.11098422855138779,0,clean,medium
/media/D1/ait_users/staff122/deepfake_project/outputs_deepfake_project/dfdc_subset_77_jpg/test/fake/fake_001969.jpg,fake,test,1,0.018061626702547073,0,clean,medium
/media/D1/ait_users/staff122/deepfake_project/outputs_deepfake_project/dfdc_subset_77_jpg/test/fake/fake_001970.jpg,fake,test,1,0.14844219386577606,0,clean,medium
/media/D1/ait_users/staff122/deepfake_project/outputs_deepfake_project/dfdc_subset_77_jpg/test/fake/fake_001971.jpg,fake,test,1,0.013349520042538643,0,clean,medium
/media/D1/ait_users/staff122/deepfake_project/outputs_deepfake_project/dfdc_subset_77_jpg/test/fake/fake_001972.jpg,fake,test,1,0.028162971138954163,0,clean,medium
/media/D1/ait_users/staff122/deepfake_project/outputs_deepfake_project/dfdc_subset_77_jpg/test/fake/fake_001973.jpg,fake,test,1,0.13689984381198883,0,clean,medium
/media/D1/ait_users/staff122/deepfake_project/outputs_deepfake_project/dfdc_subset_77_jpg/test/fake/fake_001974.jpg,fake,test,1,0.018403463065624237,0,clean,medium
/media/D1/ait_users/staff122/deepfake_project/outputs_deepfake_project/dfdc_subset_77_jpg/test/fake/fake_001975.jpg,fake,test,1,0.05494286119937897,0,clean,medium
/media/D1/ait_users/staff122/deepfake_project/outputs_deepfake_project/dfdc_subset_77_jpg/test/fake/fake_001976.jpg,fake,test,1,0.11782723665237427,0,clean,medium
/media/D1/ait_users/staff122/deepfake_project/outputs_deepfake_project/dfdc_subset_77_jpg/test/fake/fake_001977.jpg,fake,test,1,0.08574997633695602,0,clean,medium
/media/D1/ait_users/staff122/deepfake_project/outputs_deepfake_project/dfdc_subset_77_jpg/test/fake/fake_001978.jpg,fake,test,1,0.5575605630874634,1,clean,medium
/media/D1/ait_users/staff122/deepfake_project/outputs_deepfake_project/dfdc_subset_77_jpg/test/fake/fake_001979.jpg,fake,test,1,0.1102389469742775,0,clean,medium
/media/D1/ait_users/staff122/deepfake_project/outputs_deepfake_project/dfdc_subset_77_jpg/test/fake/fake_001980.jpg,fake,test,1,0.11031392216682434,0,clean,medium
/media/D1/ait_users/staff122/deepfake_project/outputs_deepfake_project/dfdc_subset_77_jpg/test/fake/fake_001981.jpg,fake,test,1,0.11784127354621887,0,clean,medium
/media/D1/ait_users/staff122/deepfake_project/outputs_deepfake_project/dfdc_subset_77_jpg/test/fake/fake_001982.jpg,fake,test,1,0.030182145535945892,0,clean,medium
/media/D1/ait_users/staff122/deepfake_project/outputs_deepfake_project/dfdc_subset_77_jpg/test/fake/fake_001983.jpg,fake,test,1,0.014317596331238747,0,clean,medium
/media/D1/ait_users/staff122/deepfake_project/outputs_deepfake_project/dfdc_subset_77_jpg/test/fake/fake_001984.jpg,fake,test,1,0.6626461148262024,1,clean,medium
/media/D1/ait_users/staff122/deepfake_project/outputs_deepfake_project/dfdc_subset_77_jpg/test/fake/fake_001985.jpg,fake,test,1,0.8820942044258118,1,clean,medium
/media/D1/ait_users/staff122/deepfake_project/outputs_deepfake_project/dfdc_subset_77_jpg/test/fake/fake_001986.jpg,fake,test,1,0.8486793637275696,1,clean,medium
/media/D1/ait_users/staff122/deepfake_project/outputs_deepfake_project/dfdc_subset_77_jpg/test/fake/fake_001987.jpg,fake,test,1,0.9454607367515564,1,clean,medium
/media/D1/ait_users/staff122/deepfake_project/outputs_deepfake_project/dfdc_subset_77_jpg/test/fake/fake_001988.jpg,fake,test,1,0.934428870677948,1,clean,medium
/media/D1/ait_users/staff122/deepfake_project/outputs_deepfake_project/dfdc_subset_77_jpg/test/fake/fake_001989.jpg,fake,test,1,0.9692380428314209,1,clean,medium
/media/D1/ait_users/staff122/deepfake_project/outputs_deepfake_project/dfdc_subset_77_jpg/test/fake/fake_001990.jpg,fake,test,1,0.9727491140365601,1,clean,medium
/media/D1/ait_users/staff122/deepfake_project/outputs_deepfake_project/dfdc_subset_77_jpg/test/fake/fake_001991.jpg,fake,test,1,0.9868519902229309,1,clean,medium
/media/D1/ait_users/staff122/deepfake_project/outputs_deepfake_project/dfdc_subset_77_jpg/test/fake/fake_001992.jpg,fake,test,1,0.9918990135192871,1,clean,medium
/media/D1/ait_users/staff122/deepfake_project/outputs_deepfake_project/dfdc_subset_77_jpg/test/fake/fake_001993.jpg,fake,test,1,0.9809972047805786,1,clean,medium
/media/D1/ait_users/staff122/deepfake_project/outputs_deepfake_project/dfdc_subset_77_jpg/test/fake/fake_001994.jpg,fake,test,1,0.9478702545166016,1,clean,medium
/media/D1/ait_users/staff122/deepfake_project/outputs_deepfake_project/dfdc_subset_77_jpg/test/fake/fake_001995.jpg,fake,test,1,0.9794884920120239,1,clean,medium
/media/D1/ait_users/staff122/deepfake_project/outputs_deepfake_project/dfdc_subset_77_jpg/test/fake/fake_001996.jpg,fake,test,1,0.9832777380943298,1,clean,medium
/media/D1/ait_users/staff122/deepfake_project/outputs_deepfake_project/dfdc_subset_77_jpg/test/fake/fake_001997.jpg,fake,test,1,0.9622337818145752,1,clean,medium
/media/D1/ait_users/staff122/deepfake_project/outputs_deepfake_project/dfdc_subset_77_jpg/test/fake/fake_001998.jpg,fake,test,1,0.9711582064628601,1,clean,medium
/media/D1/ait_users/staff122/deepfake_project/outputs_deepfake_project/dfdc_subset_77_jpg/test/fake/fake_001999.jpg,fake,test,1,0.9740521311759949,1,clean,medium
/media/D1/ait_users/staff122/deepfake_project/outputs_deepfake_project/dfdc_subset_77_jpg/test/fake/fake_002000.jpg,fake,test,1,0.8850983381271362,1,clean,medium
/media/D1/ait_users/staff122/deepfake_project/outputs_deepfake_project/dfdc_subset_77_jpg/test/fake/fake_002001.jpg,fake,test,1,0.8632851243019104,1,clean,medium
/media/D1/ait_users/staff122/deepfake_project/outputs_deepfake_project/dfdc_subset_77_jpg/test/fake/fake_002002.jpg,fake,test,1,0.8431055545806885,1,clean,medium
/media/D1/ait_users/staff122/deepfake_project/outputs_deepfake_project/dfdc_subset_77_jpg/test/fake/fake_002003.jpg,fake,test,1,0.9797400832176208,1,clean,medium
/media/D1/ait_users/staff122/deepfake_project/outputs_deepfake_project/dfdc_subset_77_jpg/test/fake/fake_002004.jpg,fake,test,1,0.8475388288497925,1,clean,medium
/media/D1/ait_users/staff122/deepfake_project/outputs_deepfake_project/dfdc_subset_77_jpg/test/fake/fake_002005.jpg,fake,test,1,0.7539698481559753,1,clean,medium
/media/D1/ait_users/staff122/deepfake_project/outputs_deepfake_project/dfdc_subset_77_jpg/test/fake/fake_002006.jpg,fake,test,1,0.9770540595054626,1,clean,medium
/media/D1/ait_users/staff122/deepfake_project/outputs_deepfake_project/dfdc_subset_77_jpg/test/fake/fake_002007.jpg,fake,test,1,0.970253050327301,1,clean,medium
/media/D1/ait_users/staff122/deepfake_project/outputs_deepfake_project/dfdc_subset_77_jpg/test/fake/fake_002008.jpg,fake,test,1,0.9029055237770081,1,clean,medium
/media/D1/ait_users/staff122/deepfake_project/outputs_deepfake_project/dfdc_subset_77_jpg/test/fake/fake_002009.jpg,fake,test,1,0.868473470211029,1,clean,medium
/media/D1/ait_users/staff122/deepfake_project/outputs_deepfake_project/dfdc_subset_77_jpg/test/fake/fake_002010.jpg,fake,test,1,0.8257403373718262,1,clean,medium
/media/D1/ait_users/staff122/deepfake_project/outputs_deepfake_project/dfdc_subset_77_jpg/test/fake/fake_002011.jpg,fake,test,1,0.9827103018760681,1,clean,medium
/media/D1/ait_users/staff122/deepfake_project/outputs_deepfake_project/dfdc_subset_77_jpg/test/fake/fake_002012.jpg,fake,test,1,0.9878163933753967,1,clean,medium
/media/D1/ait_users/staff122/deepfake_project/outputs_deepfake_project/dfdc_subset_77_jpg/test/fake/fake_002013.jpg,fake,test,1,0.9259929656982422,1,clean,medium
/media/D1/ait_users/staff122/deepfake_project/outputs_deepfake_project/dfdc_subset_77_jpg/test/fake/fake_002014.jpg,fake,test,1,0.8101186156272888,1,clean,medium
/media/D1/ait_users/staff122/deepfake_project/outputs_deepfake_project/dfdc_subset_77_jpg/test/fake/fake_002015.jpg,fake,test,1,0.6316299438476562,1,clean,medium
/media/D1/ait_users/staff122/deepfake_project/outputs_deepfake_project/dfdc_subset_77_jpg/test/fake/fake_002016.jpg,fake,test,1,0.44222506880760193,0,clean,medium
/media/D1/ait_users/staff122/deepfake_project/outputs_deepfake_project/dfdc_subset_77_jpg/test/fake/fake_002017.jpg,fake,test,1,0.8835898637771606,1,clean,medium
/media/D1/ait_users/staff122/deepfake_project/outputs_deepfake_project/dfdc_subset_77_jpg/test/fake/fake_002018.jpg,fake,test,1,0.5755338668823242,1,clean,medium
/media/D1/ait_users/staff122/deepfake_project/outputs_deepfake_project/dfdc_subset_77_jpg/test/fake/fake_002019.jpg,fake,test,1,0.5015495419502258,1,clean,medium
/media/D1/ait_users/staff122/deepfake_project/outputs_deepfake_project/dfdc_subset_77_jpg/test/fake/fake_002020.jpg,fake,test,1,0.6745353937149048,1,clean,medium
/media/D1/ait_users/staff122/deepfake_project/outputs_deepfake_project/dfdc_subset_77_jpg/test/fake/fake_002021.jpg,fake,test,1,0.5180489420890808,1,clean,medium
/media/D1/ait_users/staff122/deepfake_project/outputs_deepfake_project/dfdc_subset_77_jpg/test/fake/fake_002022.jpg,fake,test,1,0.3552786111831665,0,clean,medium
/media/D1/ait_users/staff122/deepfake_project/outputs_deepfake_project/dfdc_subset_77_jpg/test/fake/fake_002023.jpg,fake,test,1,0.8531126379966736,1,clean,medium
/media/D1/ait_users/staff122/deepfake_project/outputs_deepfake_project/dfdc_subset_77_jpg/test/fake/fake_002024.jpg,fake,test,1,0.5890357494354248,1,clean,medium
/media/D1/ait_users/staff122/deepfake_project/outputs_deepfake_project/dfdc_subset_77_jpg/test/fake/fake_002025.jpg,fake,test,1,0.7020996809005737,1,clean,medium
/media/D1/ait_users/staff122/deepfake_project/outputs_deepfake_project/dfdc_subset_77_jpg/test/fake/fake_002026.jpg,fake,test,1,0.6822312474250793,1,clean,medium
/media/D1/ait_users/staff122/deepfake_project/outputs_deepfake_project/dfdc_subset_77_jpg/test/fake/fake_002027.jpg,fake,test,1,0.480085164308548,0,clean,medium
/media/D1/ait_users/staff122/deepfake_project/outputs_deepfake_project/dfdc_subset_77_jpg/test/fake/fake_002028.jpg,fake,test,1,0.38802680373191833,0,clean,medium
/media/D1/ait_users/staff122/deepfake_project/outputs_deepfake_project/dfdc_subset_77_jpg/test/fake/fake_002029.jpg,fake,test,1,0.15214167535305023,0,clean,medium
/media/D1/ait_users/staff122/deepfake_project/outputs_deepfake_project/dfdc_subset_77_jpg/test/fake/fake_002030.jpg,fake,test,1,0.28974735736846924,0,clean,medium
/media/D1/ait_users/staff122/deepfake_project/outputs_deepfake_project/dfdc_subset_77_jpg/test/fake/fake_002031.jpg,fake,test,1,0.3868972957134247,0,clean,medium
/media/D1/ait_users/staff122/deepfake_project/outputs_deepfake_project/dfdc_subset_77_jpg/test/fake/fake_002032.jpg,fake,test,1,0.586826503276825,1,clean,medium
/media/D1/ait_users/staff122/deepfake_project/outputs_deepfake_project/dfdc_subset_77_jpg/test/fake/fake_002033.jpg,fake,test,1,0.41467708349227905,0,clean,medium
/media/D1/ait_users/staff122/deepfake_project/outputs_deepfake_project/dfdc_subset_77_jpg/test/fake/fake_002034.jpg,fake,test,1,0.5793383121490479,1,clean,medium
/media/D1/ait_users/staff122/deepfake_project/outputs_deepfake_project/dfdc_subset_77_jpg/test/fake/fake_002035.jpg,fake,test,1,0.11690742522478104,0,clean,medium
/media/D1/ait_users/staff122/deepfake_project/outputs_deepfake_project/dfdc_subset_77_jpg/test/fake/fake_002036.jpg,fake,test,1,0.5224812030792236,1,clean,medium
/media/D1/ait_users/staff122/deepfake_project/outputs_deepfake_project/dfdc_subset_77_jpg/test/fake/fake_002037.jpg,fake,test,1,0.107026606798172,0,clean,medium
/media/D1/ait_users/staff122/deepfake_project/outputs_deepfake_project/dfdc_subset_77_jpg/test/fake/fake_002038.jpg,fake,test,1,0.5087149739265442,1,clean,medium
/media/D1/ait_users/staff122/deepfake_project/outputs_deepfake_project/dfdc_subset_77_jpg/test/fake/fake_002039.jpg,fake,test,1,0.6729499697685242,1,clean,medium
/media/D1/ait_users/staff122/deepfake_project/outputs_deepfake_project/dfdc_subset_77_jpg/test/fake/fake_002040.jpg,fake,test,1,0.5695313811302185,1,clean,medium
/media/D1/ait_users/staff122/deepfake_project/outputs_deepfake_project/dfdc_subset_77_jpg/test/fake/fake_002041.jpg,fake,test,1,0.7885326147079468,1,clean,medium
/media/D1/ait_users/staff122/deepfake_project/outputs_deepfake_project/dfdc_subset_77_jpg/test/fake/fake_002042.jpg,fake,test,1,0.8302498459815979,1,clean,medium
/media/D1/ait_users/staff122/deepfake_project/outputs_deepfake_project/dfdc_subset_77_jpg/test/fake/fake_002043.jpg,fake,test,1,0.5056448578834534,1,clean,medium
/media/D1/ait_users/staff122/deepfake_project/outputs_deepfake_project/dfdc_subset_77_jpg/test/fake/fake_002044.jpg,fake,test,1,0.1857859492301941,0,clean,medium
/media/D1/ait_users/staff122/deepfake_project/outputs_deepfake_project/dfdc_subset_77_jpg/test/fake/fake_002045.jpg,fake,test,1,0.21574044227600098,0,clean,medium
/media/D1/ait_users/staff122/deepfake_project/outputs_deepfake_project/dfdc_subset_77_jpg/test/fake/fake_002046.jpg,fake,test,1,0.5720289945602417,1,clean,medium
/media/D1/ait_users/staff122/deepfake_project/outputs_deepfake_project/dfdc_subset_77_jpg/test/fake/fake_002047.jpg,fake,test,1,0.5196734070777893,1,clean,medium
/media/D1/ait_users/staff122/deepfake_project/outputs_deepfake_project/dfdc_subset_77_jpg/test/fake/fake_002048.jpg,fake,test,1,0.0733814686536789,0,clean,medium
/media/D1/ait_users/staff122/deepfake_project/outputs_deepfake_project/dfdc_subset_77_jpg/test/fake/fake_002049.jpg,fake,test,1,0.5983307361602783,1,clean,medium
/media/D1/ait_users/staff122/deepfake_project/outputs_deepfake_project/dfdc_subset_77_jpg/test/fake/fake_002050.jpg,fake,test,1,0.3798148036003113,0,clean,medium
/media/D1/ait_users/staff122/deepfake_project/outputs_deepfake_project/dfdc_subset_77_jpg/test/fake/fake_002051.jpg,fake,test,1,0.1629595160484314,0,clean,medium
/media/D1/ait_users/staff122/deepfake_project/outputs_deepfake_project/dfdc_subset_77_jpg/test/fake/fake_002052.jpg,fake,test,1,0.1063411608338356,0,clean,medium
/media/D1/ait_users/staff122/deepfake_project/outputs_deepfake_project/dfdc_subset_77_jpg/test/fake/fake_002053.jpg,fake,test,1,0.4776352345943451,0,clean,medium
/media/D1/ait_users/staff122/deepfake_project/outputs_deepfake_project/dfdc_subset_77_jpg/test/fake/fake_002054.jpg,fake,test,1,0.2490726262331009,0,clean,medium
/media/D1/ait_users/staff122/deepfake_project/outputs_deepfake_project/dfdc_subset_77_jpg/test/fake/fake_002055.jpg,fake,test,1,0.3826073706150055,0,clean,medium
/media/D1/ait_users/staff122/deepfake_project/outputs_deepfake_project/dfdc_subset_77_jpg/test/fake/fake_002056.jpg,fake,test,1,0.15463104844093323,0,clean,medium
/media/D1/ait_users/staff122/deepfake_project/outputs_deepfake_project/dfdc_subset_77_jpg/test/fake/fake_002057.jpg,fake,test,1,0.2218877673149109,0,clean,medium
/media/D1/ait_users/staff122/deepfake_project/outputs_deepfake_project/dfdc_subset_77_jpg/test/fake/fake_002058.jpg,fake,test,1,0.24112290143966675,0,clean,medium
/media/D1/ait_users/staff122/deepfake_project/outputs_deepfake_project/dfdc_subset_77_jpg/test/fake/fake_002059.jpg,fake,test,1,0.10047891736030579,0,clean,medium
/media/D1/ait_users/staff122/deepfake_project/outputs_deepfake_project/dfdc_subset_77_jpg/test/fake/fake_002060.jpg,fake,test,1,0.08879725635051727,0,clean,medium
/media/D1/ait_users/staff122/deepfake_project/outputs_deepfake_project/dfdc_subset_77_jpg/test/fake/fake_002061.jpg,fake,test,1,0.20610618591308594,0,clean,medium
/media/D1/ait_users/staff122/deepfake_project/outputs_deepfake_project/dfdc_subset_77_jpg/test/fake/fake_002062.jpg,fake,test,1,0.2530437111854553,0,clean,medium
/media/D1/ait_users/staff122/deepfake_project/outputs_deepfake_project/dfdc_subset_77_jpg/test/fake/fake_002063.jpg,fake,test,1,0.13563275337219238,0,clean,medium
/media/D1/ait_users/staff122/deepfake_project/outputs_deepfake_project/dfdc_subset_77_jpg/test/fake/fake_002064.jpg,fake,test,1,0.11959516257047653,0,clean,medium
/media/D1/ait_users/staff122/deepfake_project/outputs_deepfake_project/dfdc_subset_77_jpg/test/fake/fake_002065.jpg,fake,test,1,0.5737062096595764,1,clean,medium
/media/D1/ait_users/staff122/deepfake_project/outputs_deepfake_project/dfdc_subset_77_jpg/test/fake/fake_002066.jpg,fake,test,1,0.10620920360088348,0,clean,medium
/media/D1/ait_users/staff122/deepfake_project/outputs_deepfake_project/dfdc_subset_77_jpg/test/fake/fake_002067.jpg,fake,test,1,0.42662152647972107,0,clean,medium
/media/D1/ait_users/staff122/deepfake_project/outputs_deepfake_project/dfdc_subset_77_jpg/test/fake/fake_002068.jpg,fake,test,1,0.4683724641799927,0,clean,medium
/media/D1/ait_users/staff122/deepfake_project/outputs_deepfake_project/dfdc_subset_77_jpg/test/fake/fake_002069.jpg,fake,test,1,0.221910297870636,0,clean,medium
/media/D1/ait_users/staff122/deepfake_project/outputs_deepfake_project/dfdc_subset_77_jpg/test/fake/fake_002070.jpg,fake,test,1,0.11137652397155762,0,clean,medium
/media/D1/ait_users/staff122/deepfake_project/outputs_deepfake_project/dfdc_subset_77_jpg/test/fake/fake_002071.jpg,fake,test,1,0.11012420058250427,0,clean,medium
/media/D1/ait_users/staff122/deepfake_project/outputs_deepfake_project/dfdc_subset_77_jpg/test/fake/fake_002072.jpg,fake,test,1,0.1893043965101242,0,clean,medium
/media/D1/ait_users/staff122/deepfake_project/outputs_deepfake_project/dfdc_subset_77_jpg/test/fake/fake_002073.jpg,fake,test,1,0.550438642501831,1,clean,medium
/media/D1/ait_users/staff122/deepfake_project/outputs_deepfake_project/dfdc_subset_77_jpg/test/fake/fake_002074.jpg,fake,test,1,0.19138331711292267,0,clean,medium
/media/D1/ait_users/staff122/deepfake_project/outputs_deepfake_project/dfdc_subset_77_jpg/test/fake/fake_002075.jpg,fake,test,1,0.09634540975093842,0,clean,medium
/media/D1/ait_users/staff122/deepfake_project/outputs_deepfake_project/dfdc_subset_77_jpg/test/fake/fake_002076.jpg,fake,test,1,0.06066466122865677,0,clean,medium
/media/D1/ait_users/staff122/deepfake_project/outputs_deepfake_project/dfdc_subset_77_jpg/test/fake/fake_002077.jpg,fake,test,1,0.40616968274116516,0,clean,medium
/media/D1/ait_users/staff122/deepfake_project/outputs_deepfake_project/dfdc_subset_77_jpg/test/fake/fake_002078.jpg,fake,test,1,0.3124612867832184,0,clean,medium
/media/D1/ait_users/staff122/deepfake_project/outputs_deepfake_project/dfdc_subset_77_jpg/test/fake/fake_002079.jpg,fake,test,1,0.09942759573459625,0,clean,medium
/media/D1/ait_users/staff122/deepfake_project/outputs_deepfake_project/dfdc_subset_77_jpg/test/fake/fake_002080.jpg,fake,test,1,0.5646012425422668,1,clean,medium
/media/D1/ait_users/staff122/deepfake_project/outputs_deepfake_project/dfdc_subset_77_jpg/test/fake/fake_002081.jpg,fake,test,1,0.7572892904281616,1,clean,medium
/media/D1/ait_users/staff122/deepfake_project/outputs_deepfake_project/dfdc_subset_77_jpg/test/fake/fake_002082.jpg,fake,test,1,0.2986142337322235,0,clean,medium
/media/D1/ait_users/staff122/deepfake_project/outputs_deepfake_project/dfdc_subset_77_jpg/test/fake/fake_002083.jpg,fake,test,1,0.5487815737724304,1,clean,medium
/media/D1/ait_users/staff122/deepfake_project/outputs_deepfake_project/dfdc_subset_77_jpg/test/fake/fake_002084.jpg,fake,test,1,0.972674548625946,1,clean,medium
/media/D1/ait_users/staff122/deepfake_project/outputs_deepfake_project/dfdc_subset_77_jpg/test/fake/fake_002085.jpg,fake,test,1,0.9061340689659119,1,clean,medium
/media/D1/ait_users/staff122/deepfake_project/outputs_deepfake_project/dfdc_subset_77_jpg/test/fake/fake_002086.jpg,fake,test,1,0.33232036232948303,0,clean,medium
/media/D1/ait_users/staff122/deepfake_project/outputs_deepfake_project/dfdc_subset_77_jpg/test/fake/fake_002087.jpg,fake,test,1,0.22616411745548248,0,clean,medium
/media/D1/ait_users/staff122/deepfake_project/outputs_deepfake_project/dfdc_subset_77_jpg/test/fake/fake_002088.jpg,fake,test,1,0.9660258293151855,1,clean,medium
/media/D1/ait_users/staff122/deepfake_project/outputs_deepfake_project/dfdc_subset_77_jpg/test/fake/fake_002089.jpg,fake,test,1,0.9495659470558167,1,clean,medium
/media/D1/ait_users/staff122/deepfake_project/outputs_deepfake_project/dfdc_subset_77_jpg/test/fake/fake_002090.jpg,fake,test,1,0.8449335694313049,1,clean,medium
/media/D1/ait_users/staff122/deepfake_project/outputs_deepfake_project/dfdc_subset_77_jpg/test/fake/fake_002091.jpg,fake,test,1,0.8814694285392761,1,clean,medium
/media/D1/ait_users/staff122/deepfake_project/outputs_deepfake_project/dfdc_subset_77_jpg/test/fake/fake_002092.jpg,fake,test,1,0.972874104976654,1,clean,medium
/media/D1/ait_users/staff122/deepfake_project/outputs_deepfake_project/dfdc_subset_77_jpg/test/fake/fake_002093.jpg,fake,test,1,0.9317084550857544,1,clean,medium
/media/D1/ait_users/staff122/deepfake_project/outputs_deepfake_project/dfdc_subset_77_jpg/test/fake/fake_002094.jpg,fake,test,1,0.9742159247398376,1,clean,medium
/media/D1/ait_users/staff122/deepfake_project/outputs_deepfake_project/dfdc_subset_77_jpg/test/fake/fake_002095.jpg,fake,test,1,0.9820907711982727,1,clean,medium
/media/D1/ait_users/staff122/deepfake_project/outputs_deepfake_project/dfdc_subset_77_jpg/test/fake/fake_002096.jpg,fake,test,1,0.8854916095733643,1,clean,medium
/media/D1/ait_users/staff122/deepfake_project/outputs_deepfake_project/dfdc_subset_77_jpg/test/fake/fake_002097.jpg,fake,test,1,0.4726473093032837,0,clean,medium
/media/D1/ait_users/staff122/deepfake_project/outputs_deepfake_project/dfdc_subset_77_jpg/test/fake/fake_002098.jpg,fake,test,1,0.0651860162615776,0,clean,medium
/media/D1/ait_users/staff122/deepfake_project/outputs_deepfake_project/dfdc_subset_77_jpg/test/fake/fake_002099.jpg,fake,test,1,0.11836951971054077,0,clean,medium
/media/D1/ait_users/staff122/deepfake_project/outputs_deepfake_project/dfdc_subset_77_jpg/test/fake/fake_002100.jpg,fake,test,1,0.7872645258903503,1,clean,medium
/media/D1/ait_users/staff122/deepfake_project/outputs_deepfake_project/dfdc_subset_77_jpg/test/fake/fake_002101.jpg,fake,test,1,0.9250917434692383,1,clean,medium
/media/D1/ait_users/staff122/deepfake_project/outputs_deepfake_project/dfdc_subset_77_jpg/test/fake/fake_002102.jpg,fake,test,1,0.9237900972366333,1,clean,medium
/media/D1/ait_users/staff122/deepfake_project/outputs_deepfake_project/dfdc_subset_77_jpg/test/fake/fake_002103.jpg,fake,test,1,0.8952880501747131,1,clean,medium
/media/D1/ait_users/staff122/deepfake_project/outputs_deepfake_project/dfdc_subset_77_jpg/test/fake/fake_002104.jpg,fake,test,1,0.8696244359016418,1,clean,medium
/media/D1/ait_users/staff122/deepfake_project/outputs_deepfake_project/dfdc_subset_77_jpg/test/fake/fake_002105.jpg,fake,test,1,0.8409168124198914,1,clean,medium
/media/D1/ait_users/staff122/deepfake_project/outputs_deepfake_project/dfdc_subset_77_jpg/test/fake/fake_002106.jpg,fake,test,1,0.6797520518302917,1,clean,medium
/media/D1/ait_users/staff122/deepfake_project/outputs_deepfake_project/dfdc_subset_77_jpg/test/fake/fake_002107.jpg,fake,test,1,0.48073598742485046,0,clean,medium
/media/D1/ait_users/staff122/deepfake_project/outputs_deepfake_project/dfdc_subset_77_jpg/test/fake/fake_002108.jpg,fake,test,1,0.5766636729240417,1,clean,medium
/media/D1/ait_users/staff122/deepfake_project/outputs_deepfake_project/dfdc_subset_77_jpg/test/fake/fake_002109.jpg,fake,test,1,0.9848676323890686,1,clean,medium
/media/D1/ait_users/staff122/deepfake_project/outputs_deepfake_project/dfdc_subset_77_jpg/test/fake/fake_002110.jpg,fake,test,1,0.9474364519119263,1,clean,medium
/media/D1/ait_users/staff122/deepfake_project/outputs_deepfake_project/dfdc_subset_77_jpg/test/fake/fake_002111.jpg,fake,test,1,0.9425361752510071,1,clean,medium
/media/D1/ait_users/staff122/deepfake_project/outputs_deepfake_project/dfdc_subset_77_jpg/test/fake/fake_002112.jpg,fake,test,1,0.736847996711731,1,clean,medium
/media/D1/ait_users/staff122/deepfake_project/outputs_deepfake_project/dfdc_subset_77_jpg/test/fake/fake_002113.jpg,fake,test,1,0.4994276463985443,0,clean,medium
/media/D1/ait_users/staff122/deepfake_project/outputs_deepfake_project/dfdc_subset_77_jpg/test/fake/fake_002114.jpg,fake,test,1,0.06688389182090759,0,clean,medium
/media/D1/ait_users/staff122/deepfake_project/outputs_deepfake_project/dfdc_subset_77_jpg/test/fake/fake_002115.jpg,fake,test,1,0.5177443027496338,1,clean,medium
/media/D1/ait_users/staff122/deepfake_project/outputs_deepfake_project/dfdc_subset_77_jpg/test/fake/fake_002116.jpg,fake,test,1,0.3384106457233429,0,clean,medium
/media/D1/ait_users/staff122/deepfake_project/outputs_deepfake_project/dfdc_subset_77_jpg/test/fake/fake_002117.jpg,fake,test,1,0.7414767146110535,1,clean,medium
/media/D1/ait_users/staff122/deepfake_project/outputs_deepfake_project/dfdc_subset_77_jpg/test/fake/fake_002118.jpg,fake,test,1,0.8105375170707703,1,clean,medium
/media/D1/ait_users/staff122/deepfake_project/outputs_deepfake_project/dfdc_subset_77_jpg/test/fake/fake_002119.jpg,fake,test,1,0.8352077007293701,1,clean,medium
/media/D1/ait_users/staff122/deepfake_project/outputs_deepfake_project/dfdc_subset_77_jpg/test/fake/fake_002120.jpg,fake,test,1,0.43803954124450684,0,clean,medium
/media/D1/ait_users/staff122/deepfake_project/outputs_deepfake_project/dfdc_subset_77_jpg/test/fake/fake_002121.jpg,fake,test,1,0.6722138524055481,1,clean,medium
/media/D1/ait_users/staff122/deepfake_project/outputs_deepfake_project/dfdc_subset_77_jpg/test/fake/fake_002122.jpg,fake,test,1,0.23860646784305573,0,clean,medium
/media/D1/ait_users/staff122/deepfake_project/outputs_deepfake_project/dfdc_subset_77_jpg/test/fake/fake_002123.jpg,fake,test,1,0.7849355936050415,1,clean,medium
/media/D1/ait_users/staff122/deepfake_project/outputs_deepfake_project/dfdc_subset_77_jpg/test/fake/fake_002124.jpg,fake,test,1,0.8092450499534607,1,clean,medium
/media/D1/ait_users/staff122/deepfake_project/outputs_deepfake_project/dfdc_subset_77_jpg/test/fake/fake_002125.jpg,fake,test,1,0.6726914644241333,1,clean,medium
/media/D1/ait_users/staff122/deepfake_project/outputs_deepfake_project/dfdc_subset_77_jpg/test/fake/fake_002126.jpg,fake,test,1,0.40449821949005127,0,clean,medium
/media/D1/ait_users/staff122/deepfake_project/outputs_deepfake_project/dfdc_subset_77_jpg/test/fake/fake_002127.jpg,fake,test,1,0.4686843156814575,0,clean,medium
/media/D1/ait_users/staff122/deepfake_project/outputs_deepfake_project/dfdc_subset_77_jpg/test/fake/fake_002128.jpg,fake,test,1,0.6039454936981201,1,clean,medium
/media/D1/ait_users/staff122/deepfake_project/outputs_deepfake_project/dfdc_subset_77_jpg/test/fake/fake_002129.jpg,fake,test,1,0.703497588634491,1,clean,medium
/media/D1/ait_users/staff122/deepfake_project/outputs_deepfake_project/dfdc_subset_77_jpg/test/fake/fake_002130.jpg,fake,test,1,0.868682861328125,1,clean,medium
/media/D1/ait_users/staff122/deepfake_project/outputs_deepfake_project/dfdc_subset_77_jpg/test/fake/fake_002131.jpg,fake,test,1,0.41576600074768066,0,clean,medium
/media/D1/ait_users/staff122/deepfake_project/outputs_deepfake_project/dfdc_subset_77_jpg/test/fake/fake_002132.jpg,fake,test,1,0.4502964913845062,0,clean,medium
/media/D1/ait_users/staff122/deepfake_project/outputs_deepfake_project/dfdc_subset_77_jpg/test/fake/fake_002133.jpg,fake,test,1,0.30971476435661316,0,clean,medium
/media/D1/ait_users/staff122/deepfake_project/outputs_deepfake_project/dfdc_subset_77_jpg/test/fake/fake_002134.jpg,fake,test,1,0.31528541445732117,0,clean,medium
/media/D1/ait_users/staff122/deepfake_project/outputs_deepfake_project/dfdc_subset_77_jpg/test/fake/fake_002135.jpg,fake,test,1,0.5143114924430847,1,clean,medium
/media/D1/ait_users/staff122/deepfake_project/outputs_deepfake_project/dfdc_subset_77_jpg/test/fake/fake_002136.jpg,fake,test,1,0.7452024221420288,1,clean,medium
/media/D1/ait_users/staff122/deepfake_project/outputs_deepfake_project/dfdc_subset_77_jpg/test/fake/fake_002137.jpg,fake,test,1,0.6625463366508484,1,clean,medium
/media/D1/ait_users/staff122/deepfake_project/outputs_deepfake_project/dfdc_subset_77_jpg/test/fake/fake_002138.jpg,fake,test,1,0.4008479416370392,0,clean,medium
/media/D1/ait_users/staff122/deepfake_project/outputs_deepfake_project/dfdc_subset_77_jpg/test/fake/fake_002139.jpg,fake,test,1,0.5878531336784363,1,clean,medium
/media/D1/ait_users/staff122/deepfake_project/outputs_deepfake_project/dfdc_subset_77_jpg/test/fake/fake_002140.jpg,fake,test,1,0.5427026748657227,1,clean,medium
/media/D1/ait_users/staff122/deepfake_project/outputs_deepfake_project/dfdc_subset_77_jpg/test/fake/fake_002141.jpg,fake,test,1,0.43065324425697327,0,clean,medium
/media/D1/ait_users/staff122/deepfake_project/outputs_deepfake_project/dfdc_subset_77_jpg/test/fake/fake_002142.jpg,fake,test,1,0.3623877763748169,0,clean,medium
/media/D1/ait_users/staff122/deepfake_project/outputs_deepfake_project/dfdc_subset_77_jpg/test/fake/fake_002143.jpg,fake,test,1,0.4170687198638916,0,clean,medium
/media/D1/ait_users/staff122/deepfake_project/outputs_deepfake_project/dfdc_subset_77_jpg/test/fake/fake_002144.jpg,fake,test,1,0.222882941365242,0,clean,medium
/media/D1/ait_users/staff122/deepfake_project/outputs_deepfake_project/dfdc_subset_77_jpg/test/fake/fake_002145.jpg,fake,test,1,0.7777560949325562,1,clean,medium
/media/D1/ait_users/staff122/deepfake_project/outputs_deepfake_project/dfdc_subset_77_jpg/test/fake/fake_002146.jpg,fake,test,1,0.6785967350006104,1,clean,medium
/media/D1/ait_users/staff122/deepfake_project/outputs_deepfake_project/dfdc_subset_77_jpg/test/fake/fake_002147.jpg,fake,test,1,0.39235085248947144,0,clean,medium
/media/D1/ait_users/staff122/deepfake_project/outputs_deepfake_project/dfdc_subset_77_jpg/test/fake/fake_002148.jpg,fake,test,1,0.3560656011104584,0,clean,medium
/media/D1/ait_users/staff122/deepfake_project/outputs_deepfake_project/dfdc_subset_77_jpg/test/fake/fake_002149.jpg,fake,test,1,0.5769394040107727,1,clean,medium
/media/D1/ait_users/staff122/deepfake_project/outputs_deepfake_project/dfdc_subset_77_jpg/test/fake/fake_002150.jpg,fake,test,1,0.46632516384124756,0,clean,medium
/media/D1/ait_users/staff122/deepfake_project/outputs_deepfake_project/dfdc_subset_77_jpg/test/fake/fake_002151.jpg,fake,test,1,0.3425828516483307,0,clean,medium
/media/D1/ait_users/staff122/deepfake_project/outputs_deepfake_project/dfdc_subset_77_jpg/test/fake/fake_002152.jpg,fake,test,1,0.6364791393280029,1,clean,medium
/media/D1/ait_users/staff122/deepfake_project/outputs_deepfake_project/dfdc_subset_77_jpg/test/fake/fake_002153.jpg,fake,test,1,0.38487130403518677,0,clean,medium
/media/D1/ait_users/staff122/deepfake_project/outputs_deepfake_project/dfdc_subset_77_jpg/test/fake/fake_002154.jpg,fake,test,1,0.6172395348548889,1,clean,medium
/media/D1/ait_users/staff122/deepfake_project/outputs_deepfake_project/dfdc_subset_77_jpg/test/fake/fake_002155.jpg,fake,test,1,0.8449528813362122,1,clean,medium
/media/D1/ait_users/staff122/deepfake_project/outputs_deepfake_project/dfdc_subset_77_jpg/test/fake/fake_002156.jpg,fake,test,1,0.8897590041160583,1,clean,medium
/media/D1/ait_users/staff122/deepfake_project/outputs_deepfake_project/dfdc_subset_77_jpg/test/fake/fake_002157.jpg,fake,test,1,0.7540833950042725,1,clean,medium
/media/D1/ait_users/staff122/deepfake_project/outputs_deepfake_project/dfdc_subset_77_jpg/test/fake/fake_002158.jpg,fake,test,1,0.8760671019554138,1,clean,medium
/media/D1/ait_users/staff122/deepfake_project/outputs_deepfake_project/dfdc_subset_77_jpg/test/fake/fake_002159.jpg,fake,test,1,0.9686166048049927,1,clean,medium
/media/D1/ait_users/staff122/deepfake_project/outputs_deepfake_project/dfdc_subset_77_jpg/test/fake/fake_002160.jpg,fake,test,1,0.4853200316429138,0,clean,medium
/media/D1/ait_users/staff122/deepfake_project/outputs_deepfake_project/dfdc_subset_77_jpg/test/fake/fake_002161.jpg,fake,test,1,0.9323076009750366,1,clean,medium
/media/D1/ait_users/staff122/deepfake_project/outputs_deepfake_project/dfdc_subset_77_jpg/test/fake/fake_002162.jpg,fake,test,1,0.4873299300670624,0,clean,medium
/media/D1/ait_users/staff122/deepfake_project/outputs_deepfake_project/dfdc_subset_77_jpg/test/fake/fake_002163.jpg,fake,test,1,0.5658055543899536,1,clean,medium
/media/D1/ait_users/staff122/deepfake_project/outputs_deepfake_project/dfdc_subset_77_jpg/test/fake/fake_002164.jpg,fake,test,1,0.771574079990387,1,clean,medium
/media/D1/ait_users/staff122/deepfake_project/outputs_deepfake_project/dfdc_subset_77_jpg/test/fake/fake_002165.jpg,fake,test,1,0.6725294589996338,1,clean,medium
/media/D1/ait_users/staff122/deepfake_project/outputs_deepfake_project/dfdc_subset_77_jpg/test/fake/fake_002166.jpg,fake,test,1,0.8040580153465271,1,clean,medium
/media/D1/ait_users/staff122/deepfake_project/outputs_deepfake_project/dfdc_subset_77_jpg/test/fake/fake_002167.jpg,fake,test,1,0.5728829503059387,1,clean,medium
/media/D1/ait_users/staff122/deepfake_project/outputs_deepfake_project/dfdc_subset_77_jpg/test/fake/fake_002168.jpg,fake,test,1,0.541681170463562,1,clean,medium
/media/D1/ait_users/staff122/deepfake_project/outputs_deepfake_project/dfdc_subset_77_jpg/test/fake/fake_002169.jpg,fake,test,1,0.7066365480422974,1,clean,medium
/media/D1/ait_users/staff122/deepfake_project/outputs_deepfake_project/dfdc_subset_77_jpg/test/fake/fake_002170.jpg,fake,test,1,0.4141325354576111,0,clean,medium
/media/D1/ait_users/staff122/deepfake_project/outputs_deepfake_project/dfdc_subset_77_jpg/test/fake/fake_002171.jpg,fake,test,1,0.4878409802913666,0,clean,medium
/media/D1/ait_users/staff122/deepfake_project/outputs_deepfake_project/dfdc_subset_77_jpg/test/fake/fake_002172.jpg,fake,test,1,0.2359212189912796,0,clean,medium
/media/D1/ait_users/staff122/deepfake_project/outputs_deepfake_project/dfdc_subset_77_jpg/test/fake/fake_002173.jpg,fake,test,1,0.43030476570129395,0,clean,medium
/media/D1/ait_users/staff122/deepfake_project/outputs_deepfake_project/dfdc_subset_77_jpg/test/fake/fake_002174.jpg,fake,test,1,0.6375064253807068,1,clean,medium
/media/D1/ait_users/staff122/deepfake_project/outputs_deepfake_project/dfdc_subset_77_jpg/test/fake/fake_002175.jpg,fake,test,1,0.11991527676582336,0,clean,medium
/media/D1/ait_users/staff122/deepfake_project/outputs_deepfake_project/dfdc_subset_77_jpg/test/fake/fake_002176.jpg,fake,test,1,0.6329299807548523,1,clean,medium
/media/D1/ait_users/staff122/deepfake_project/outputs_deepfake_project/dfdc_subset_77_jpg/test/fake/fake_002177.jpg,fake,test,1,0.6553223133087158,1,clean,medium
/media/D1/ait_users/staff122/deepfake_project/outputs_deepfake_project/dfdc_subset_77_jpg/test/fake/fake_002178.jpg,fake,test,1,0.6533374190330505,1,clean,medium
/media/D1/ait_users/staff122/deepfake_project/outputs_deepfake_project/dfdc_subset_77_jpg/test/fake/fake_002179.jpg,fake,test,1,0.6489157676696777,1,clean,medium
/media/D1/ait_users/staff122/deepfake_project/outputs_deepfake_project/dfdc_subset_77_jpg/test/fake/fake_002180.jpg,fake,test,1,0.6430219411849976,1,clean,medium
/media/D1/ait_users/staff122/deepfake_project/outputs_deepfake_project/dfdc_subset_77_jpg/test/fake/fake_002181.jpg,fake,test,1,0.5702510476112366,1,clean,medium
/media/D1/ait_users/staff122/deepfake_project/outputs_deepfake_project/dfdc_subset_77_jpg/test/fake/fake_002182.jpg,fake,test,1,0.5849190950393677,1,clean,medium
/media/D1/ait_users/staff122/deepfake_project/outputs_deepfake_project/dfdc_subset_77_jpg/test/fake/fake_002183.jpg,fake,test,1,0.5529499053955078,1,clean,medium
/media/D1/ait_users/staff122/deepfake_project/outputs_deepfake_project/dfdc_subset_77_jpg/test/fake/fake_002184.jpg,fake,test,1,0.5635863542556763,1,clean,medium
/media/D1/ait_users/staff122/deepfake_project/outputs_deepfake_project/dfdc_subset_77_jpg/test/fake/fake_002185.jpg,fake,test,1,0.662510871887207,1,clean,medium
/media/D1/ait_users/staff122/deepfake_project/outputs_deepfake_project/dfdc_subset_77_jpg/test/fake/fake_002186.jpg,fake,test,1,0.5921342372894287,1,clean,medium
/media/D1/ait_users/staff122/deepfake_project/outputs_deepfake_project/dfdc_subset_77_jpg/test/fake/fake_002187.jpg,fake,test,1,0.4990648627281189,0,clean,medium
/media/D1/ait_users/staff122/deepfake_project/outputs_deepfake_project/dfdc_subset_77_jpg/test/fake/fake_002188.jpg,fake,test,1,0.582290530204773,1,clean,medium
/media/D1/ait_users/staff122/deepfake_project/outputs_deepfake_project/dfdc_subset_77_jpg/test/fake/fake_002189.jpg,fake,test,1,0.6196504831314087,1,clean,medium
/media/D1/ait_users/staff122/deepfake_project/outputs_deepfake_project/dfdc_subset_77_jpg/test/fake/fake_002190.jpg,fake,test,1,0.4618915319442749,0,clean,medium
/media/D1/ait_users/staff122/deepfake_project/outputs_deepfake_project/dfdc_subset_77_jpg/test/fake/fake_002191.jpg,fake,test,1,0.556869626045227,1,clean,medium
/media/D1/ait_users/staff122/deepfake_project/outputs_deepfake_project/dfdc_subset_77_jpg/test/fake/fake_002192.jpg,fake,test,1,0.5147240161895752,1,clean,medium
/media/D1/ait_users/staff122/deepfake_project/outputs_deepfake_project/dfdc_subset_77_jpg/test/fake/fake_002193.jpg,fake,test,1,0.6403616070747375,1,clean,medium
/media/D1/ait_users/staff122/deepfake_project/outputs_deepfake_project/dfdc_subset_77_jpg/test/fake/fake_002194.jpg,fake,test,1,0.5276714563369751,1,clean,medium
/media/D1/ait_users/staff122/deepfake_project/outputs_deepfake_project/dfdc_subset_77_jpg/test/fake/fake_002195.jpg,fake,test,1,0.49439793825149536,0,clean,medium
/media/D1/ait_users/staff122/deepfake_project/outputs_deepfake_project/dfdc_subset_77_jpg/test/fake/fake_002196.jpg,fake,test,1,0.6032002568244934,1,clean,medium
/media/D1/ait_users/staff122/deepfake_project/outputs_deepfake_project/dfdc_subset_77_jpg/test/fake/fake_002197.jpg,fake,test,1,0.48345205187797546,0,clean,medium
/media/D1/ait_users/staff122/deepfake_project/outputs_deepfake_project/dfdc_subset_77_jpg/test/fake/fake_002198.jpg,fake,test,1,0.5843225717544556,1,clean,medium
/media/D1/ait_users/staff122/deepfake_project/outputs_deepfake_project/dfdc_subset_77_jpg/test/fake/fake_002199.jpg,fake,test,1,0.47747477889060974,0,clean,medium
/media/D1/ait_users/staff122/deepfake_project/outputs_deepfake_project/dfdc_subset_77_jpg/test/fake/fake_002200.jpg,fake,test,1,0.5503379106521606,1,clean,medium
/media/D1/ait_users/staff122/deepfake_project/outputs_deepfake_project/dfdc_subset_77_jpg/test/fake/fake_002201.jpg,fake,test,1,0.5870931148529053,1,clean,medium
/media/D1/ait_users/staff122/deepfake_project/outputs_deepfake_project/dfdc_subset_77_jpg/test/fake/fake_002202.jpg,fake,test,1,0.481400728225708,0,clean,medium
/media/D1/ait_users/staff122/deepfake_project/outputs_deepfake_project/dfdc_subset_77_jpg/test/fake/fake_002203.jpg,fake,test,1,0.5609242916107178,1,clean,medium
/media/D1/ait_users/staff122/deepfake_project/outputs_deepfake_project/dfdc_subset_77_jpg/test/fake/fake_002204.jpg,fake,test,1,0.5825968980789185,1,clean,medium
/media/D1/ait_users/staff122/deepfake_project/outputs_deepfake_project/dfdc_subset_77_jpg/test/fake/fake_002205.jpg,fake,test,1,0.5670176148414612,1,clean,medium
/media/D1/ait_users/staff122/deepfake_project/outputs_deepfake_project/dfdc_subset_77_jpg/test/fake/fake_002206.jpg,fake,test,1,0.5449364185333252,1,clean,medium
/media/D1/ait_users/staff122/deepfake_project/outputs_deepfake_project/dfdc_subset_77_jpg/test/fake/fake_002207.jpg,fake,test,1,0.6426749229431152,1,clean,medium
/media/D1/ait_users/staff122/deepfake_project/outputs_deepfake_project/dfdc_subset_77_jpg/test/fake/fake_002208.jpg,fake,test,1,0.9938977360725403,1,clean,medium
/media/D1/ait_users/staff122/deepfake_project/outputs_deepfake_project/dfdc_subset_77_jpg/test/fake/fake_002209.jpg,fake,test,1,0.991546094417572,1,clean,medium
/media/D1/ait_users/staff122/deepfake_project/outputs_deepfake_project/dfdc_subset_77_jpg/test/fake/fake_002210.jpg,fake,test,1,0.9889528751373291,1,clean,medium
/media/D1/ait_users/staff122/deepfake_project/outputs_deepfake_project/dfdc_subset_77_jpg/test/fake/fake_002211.jpg,fake,test,1,0.9744487404823303,1,clean,medium
/media/D1/ait_users/staff122/deepfake_project/outputs_deepfake_project/dfdc_subset_77_jpg/test/fake/fake_002212.jpg,fake,test,1,0.9898859262466431,1,clean,medium
/media/D1/ait_users/staff122/deepfake_project/outputs_deepfake_project/dfdc_subset_77_jpg/test/fake/fake_002213.jpg,fake,test,1,0.9982806444168091,1,clean,medium
/media/D1/ait_users/staff122/deepfake_project/outputs_deepfake_project/dfdc_subset_77_jpg/test/fake/fake_002214.jpg,fake,test,1,0.999006450176239,1,clean,medium
/media/D1/ait_users/staff122/deepfake_project/outputs_deepfake_project/dfdc_subset_77_jpg/test/fake/fake_002215.jpg,fake,test,1,0.9998339414596558,1,clean,medium
/media/D1/ait_users/staff122/deepfake_project/outputs_deepfake_project/dfdc_subset_77_jpg/test/fake/fake_002216.jpg,fake,test,1,0.9993889331817627,1,clean,medium
/media/D1/ait_users/staff122/deepfake_project/outputs_deepfake_project/dfdc_subset_77_jpg/test/fake/fake_002217.jpg,fake,test,1,0.9992073178291321,1,clean,medium
/media/D1/ait_users/staff122/deepfake_project/outputs_deepfake_project/dfdc_subset_77_jpg/test/fake/fake_002218.jpg,fake,test,1,0.9991185069084167,1,clean,medium
/media/D1/ait_users/staff122/deepfake_project/outputs_deepfake_project/dfdc_subset_77_jpg/test/fake/fake_002219.jpg,fake,test,1,0.9995755553245544,1,clean,medium
/media/D1/ait_users/staff122/deepfake_project/outputs_deepfake_project/dfdc_subset_77_jpg/test/fake/fake_002220.jpg,fake,test,1,0.9990383386611938,1,clean,medium
/media/D1/ait_users/staff122/deepfake_project/outputs_deepfake_project/dfdc_subset_77_jpg/test/fake/fake_002221.jpg,fake,test,1,0.9990139007568359,1,clean,medium
/media/D1/ait_users/staff122/deepfake_project/outputs_deepfake_project/dfdc_subset_77_jpg/test/fake/fake_002222.jpg,fake,test,1,0.9953393936157227,1,clean,medium
/media/D1/ait_users/staff122/deepfake_project/outputs_deepfake_project/dfdc_subset_77_jpg/test/fake/fake_002223.jpg,fake,test,1,0.9905879497528076,1,clean,medium
/media/D1/ait_users/staff122/deepfake_project/outputs_deepfake_project/dfdc_subset_77_jpg/test/fake/fake_002224.jpg,fake,test,1,0.9960164427757263,1,clean,medium
/media/D1/ait_users/staff122/deepfake_project/outputs_deepfake_project/dfdc_subset_77_jpg/test/fake/fake_002225.jpg,fake,test,1,0.9937746524810791,1,clean,medium
/media/D1/ait_users/staff122/deepfake_project/outputs_deepfake_project/dfdc_subset_77_jpg/test/fake/fake_002226.jpg,fake,test,1,0.9926838278770447,1,clean,medium
/media/D1/ait_users/staff122/deepfake_project/outputs_deepfake_project/dfdc_subset_77_jpg/test/fake/fake_002227.jpg,fake,test,1,0.9985430240631104,1,clean,medium
/media/D1/ait_users/staff122/deepfake_project/outputs_deepfake_project/dfdc_subset_77_jpg/test/fake/fake_002228.jpg,fake,test,1,0.9981071949005127,1,clean,medium
/media/D1/ait_users/staff122/deepfake_project/outputs_deepfake_project/dfdc_subset_77_jpg/test/fake/fake_002229.jpg,fake,test,1,0.9967690706253052,1,clean,medium
/media/D1/ait_users/staff122/deepfake_project/outputs_deepfake_project/dfdc_subset_77_jpg/test/fake/fake_002230.jpg,fake,test,1,0.9971901774406433,1,clean,medium
/media/D1/ait_users/staff122/deepfake_project/outputs_deepfake_project/dfdc_subset_77_jpg/test/fake/fake_002231.jpg,fake,test,1,0.9948800802230835,1,clean,medium
/media/D1/ait_users/staff122/deepfake_project/outputs_deepfake_project/dfdc_subset_77_jpg/test/fake/fake_002232.jpg,fake,test,1,0.9946746826171875,1,clean,medium
/media/D1/ait_users/staff122/deepfake_project/outputs_deepfake_project/dfdc_subset_77_jpg/test/fake/fake_002233.jpg,fake,test,1,0.9990808963775635,1,clean,medium
/media/D1/ait_users/staff122/deepfake_project/outputs_deepfake_project/dfdc_subset_77_jpg/test/fake/fake_002234.jpg,fake,test,1,0.9994959831237793,1,clean,medium
/media/D1/ait_users/staff122/deepfake_project/outputs_deepfake_project/dfdc_subset_77_jpg/test/fake/fake_002235.jpg,fake,test,1,0.9991129040718079,1,clean,medium
/media/D1/ait_users/staff122/deepfake_project/outputs_deepfake_project/dfdc_subset_77_jpg/test/fake/fake_002236.jpg,fake,test,1,0.9992799162864685,1,clean,medium
/media/D1/ait_users/staff122/deepfake_project/outputs_deepfake_project/dfdc_subset_77_jpg/test/fake/fake_002237.jpg,fake,test,1,0.9977376461029053,1,clean,medium
/media/D1/ait_users/staff122/deepfake_project/outputs_deepfake_project/dfdc_subset_77_jpg/test/fake/fake_002238.jpg,fake,test,1,0.9995130300521851,1,clean,medium
/media/D1/ait_users/staff122/deepfake_project/outputs_deepfake_project/dfdc_subset_77_jpg/test/fake/fake_002239.jpg,fake,test,1,0.9998824596405029,1,clean,medium
/media/D1/ait_users/staff122/deepfake_project/outputs_deepfake_project/dfdc_subset_77_jpg/test/fake/fake_002240.jpg,fake,test,1,0.6516583561897278,1,clean,medium
/media/D1/ait_users/staff122/deepfake_project/outputs_deepfake_project/dfdc_subset_77_jpg/test/fake/fake_002241.jpg,fake,test,1,0.6455575227737427,1,clean,medium
/media/D1/ait_users/staff122/deepfake_project/outputs_deepfake_project/dfdc_subset_77_jpg/test/fake/fake_002242.jpg,fake,test,1,0.728357195854187,1,clean,medium
/media/D1/ait_users/staff122/deepfake_project/outputs_deepfake_project/dfdc_subset_77_jpg/test/fake/fake_002243.jpg,fake,test,1,0.6703357100486755,1,clean,medium
/media/D1/ait_users/staff122/deepfake_project/outputs_deepfake_project/dfdc_subset_77_jpg/test/fake/fake_002244.jpg,fake,test,1,0.6749758720397949,1,clean,medium
/media/D1/ait_users/staff122/deepfake_project/outputs_deepfake_project/dfdc_subset_77_jpg/test/fake/fake_002245.jpg,fake,test,1,0.6718082427978516,1,clean,medium
/media/D1/ait_users/staff122/deepfake_project/outputs_deepfake_project/dfdc_subset_77_jpg/test/fake/fake_002246.jpg,fake,test,1,0.6593917608261108,1,clean,medium
/media/D1/ait_users/staff122/deepfake_project/outputs_deepfake_project/dfdc_subset_77_jpg/test/fake/fake_002247.jpg,fake,test,1,0.6548936367034912,1,clean,medium
/media/D1/ait_users/staff122/deepfake_project/outputs_deepfake_project/dfdc_subset_77_jpg/test/fake/fake_002248.jpg,fake,test,1,0.6649889945983887,1,clean,medium
/media/D1/ait_users/staff122/deepfake_project/outputs_deepfake_project/dfdc_subset_77_jpg/test/fake/fake_002249.jpg,fake,test,1,0.6555981636047363,1,clean,medium
/media/D1/ait_users/staff122/deepfake_project/outputs_deepfake_project/dfdc_subset_77_jpg/test/fake/fake_002250.jpg,fake,test,1,0.6944897174835205,1,clean,medium
/media/D1/ait_users/staff122/deepfake_project/outputs_deepfake_project/dfdc_subset_77_jpg/test/fake/fake_002251.jpg,fake,test,1,0.6838930249214172,1,clean,medium
/media/D1/ait_users/staff122/deepfake_project/outputs_deepfake_project/dfdc_subset_77_jpg/test/fake/fake_002252.jpg,fake,test,1,0.5926728844642639,1,clean,medium
/media/D1/ait_users/staff122/deepfake_project/outputs_deepfake_project/dfdc_subset_77_jpg/test/fake/fake_002253.jpg,fake,test,1,0.6776929497718811,1,clean,medium
/media/D1/ait_users/staff122/deepfake_project/outputs_deepfake_project/dfdc_subset_77_jpg/test/fake/fake_002254.jpg,fake,test,1,0.6290228366851807,1,clean,medium
/media/D1/ait_users/staff122/deepfake_project/outputs_deepfake_project/dfdc_subset_77_jpg/test/fake/fake_002255.jpg,fake,test,1,0.6547321677207947,1,clean,medium
/media/D1/ait_users/staff122/deepfake_project/outputs_deepfake_project/dfdc_subset_77_jpg/test/fake/fake_002256.jpg,fake,test,1,0.6423399448394775,1,clean,medium
/media/D1/ait_users/staff122/deepfake_project/outputs_deepfake_project/dfdc_subset_77_jpg/test/fake/fake_002257.jpg,fake,test,1,0.6247175931930542,1,clean,medium
/media/D1/ait_users/staff122/deepfake_project/outputs_deepfake_project/dfdc_subset_77_jpg/test/fake/fake_002258.jpg,fake,test,1,0.5888510346412659,1,clean,medium
/media/D1/ait_users/staff122/deepfake_project/outputs_deepfake_project/dfdc_subset_77_jpg/test/fake/fake_002259.jpg,fake,test,1,0.6120904088020325,1,clean,medium
/media/D1/ait_users/staff122/deepfake_project/outputs_deepfake_project/dfdc_subset_77_jpg/test/fake/fake_002260.jpg,fake,test,1,0.614011824131012,1,clean,medium
/media/D1/ait_users/staff122/deepfake_project/outputs_deepfake_project/dfdc_subset_77_jpg/test/fake/fake_002261.jpg,fake,test,1,0.6451539397239685,1,clean,medium
/media/D1/ait_users/staff122/deepfake_project/outputs_deepfake_project/dfdc_subset_77_jpg/test/fake/fake_002262.jpg,fake,test,1,0.5953155159950256,1,clean,medium
/media/D1/ait_users/staff122/deepfake_project/outputs_deepfake_project/dfdc_subset_77_jpg/test/fake/fake_002263.jpg,fake,test,1,0.6218279600143433,1,clean,medium
/media/D1/ait_users/staff122/deepfake_project/outputs_deepfake_project/dfdc_subset_77_jpg/test/fake/fake_002264.jpg,fake,test,1,0.7369385361671448,1,clean,medium
/media/D1/ait_users/staff122/deepfake_project/outputs_deepfake_project/dfdc_subset_77_jpg/test/fake/fake_002265.jpg,fake,test,1,0.7559688687324524,1,clean,medium
/media/D1/ait_users/staff122/deepfake_project/outputs_deepfake_project/dfdc_subset_77_jpg/test/fake/fake_002266.jpg,fake,test,1,0.7462159395217896,1,clean,medium
/media/D1/ait_users/staff122/deepfake_project/outputs_deepfake_project/dfdc_subset_77_jpg/test/fake/fake_002267.jpg,fake,test,1,0.7020764350891113,1,clean,medium
/media/D1/ait_users/staff122/deepfake_project/outputs_deepfake_project/dfdc_subset_77_jpg/test/fake/fake_002268.jpg,fake,test,1,0.6199142932891846,1,clean,medium
/media/D1/ait_users/staff122/deepfake_project/outputs_deepfake_project/dfdc_subset_77_jpg/test/fake/fake_002269.jpg,fake,test,1,0.6466112732887268,1,clean,medium
/media/D1/ait_users/staff122/deepfake_project/outputs_deepfake_project/dfdc_subset_77_jpg/test/fake/fake_002270.jpg,fake,test,1,0.6427704095840454,1,clean,medium
/media/D1/ait_users/staff122/deepfake_project/outputs_deepfake_project/dfdc_subset_77_jpg/test/fake/fake_002271.jpg,fake,test,1,0.6264600157737732,1,clean,medium
/media/D1/ait_users/staff122/deepfake_project/outputs_deepfake_project/dfdc_subset_77_jpg/test/fake/fake_002272.jpg,fake,test,1,0.9493896961212158,1,clean,medium
/media/D1/ait_users/staff122/deepfake_project/outputs_deepfake_project/dfdc_subset_77_jpg/test/fake/fake_002273.jpg,fake,test,1,0.9770632982254028,1,clean,medium
/media/D1/ait_users/staff122/deepfake_project/outputs_deepfake_project/dfdc_subset_77_jpg/test/fake/fake_002274.jpg,fake,test,1,0.9401386380195618,1,clean,medium
/media/D1/ait_users/staff122/deepfake_project/outputs_deepfake_project/dfdc_subset_77_jpg/test/fake/fake_002275.jpg,fake,test,1,0.9510242938995361,1,clean,medium
/media/D1/ait_users/staff122/deepfake_project/outputs_deepfake_project/dfdc_subset_77_jpg/test/fake/fake_002276.jpg,fake,test,1,0.9899178147315979,1,clean,medium
/media/D1/ait_users/staff122/deepfake_project/outputs_deepfake_project/dfdc_subset_77_jpg/test/fake/fake_002277.jpg,fake,test,1,0.9952076077461243,1,clean,medium
/media/D1/ait_users/staff122/deepfake_project/outputs_deepfake_project/dfdc_subset_77_jpg/test/fake/fake_002278.jpg,fake,test,1,0.9860893487930298,1,clean,medium
/media/D1/ait_users/staff122/deepfake_project/outputs_deepfake_project/dfdc_subset_77_jpg/test/fake/fake_002279.jpg,fake,test,1,0.9812256693840027,1,clean,medium
/media/D1/ait_users/staff122/deepfake_project/outputs_deepfake_project/dfdc_subset_77_jpg/test/fake/fake_002280.jpg,fake,test,1,0.9754995107650757,1,clean,medium
/media/D1/ait_users/staff122/deepfake_project/outputs_deepfake_project/dfdc_subset_77_jpg/test/fake/fake_002281.jpg,fake,test,1,0.9992609620094299,1,clean,medium
/media/D1/ait_users/staff122/deepfake_project/outputs_deepfake_project/dfdc_subset_77_jpg/test/fake/fake_002282.jpg,fake,test,1,0.9994173049926758,1,clean,medium
/media/D1/ait_users/staff122/deepfake_project/outputs_deepfake_project/dfdc_subset_77_jpg/test/fake/fake_002283.jpg,fake,test,1,0.9934086799621582,1,clean,medium
/media/D1/ait_users/staff122/deepfake_project/outputs_deepfake_project/dfdc_subset_77_jpg/test/fake/fake_002284.jpg,fake,test,1,0.9977543950080872,1,clean,medium
/media/D1/ait_users/staff122/deepfake_project/outputs_deepfake_project/dfdc_subset_77_jpg/test/fake/fake_002285.jpg,fake,test,1,0.9902607798576355,1,clean,medium
/media/D1/ait_users/staff122/deepfake_project/outputs_deepfake_project/dfdc_subset_77_jpg/test/fake/fake_002286.jpg,fake,test,1,0.9921988844871521,1,clean,medium
/media/D1/ait_users/staff122/deepfake_project/outputs_deepfake_project/dfdc_subset_77_jpg/test/fake/fake_002287.jpg,fake,test,1,0.9745379090309143,1,clean,medium
/media/D1/ait_users/staff122/deepfake_project/outputs_deepfake_project/dfdc_subset_77_jpg/test/fake/fake_002288.jpg,fake,test,1,0.9729247689247131,1,clean,medium
/media/D1/ait_users/staff122/deepfake_project/outputs_deepfake_project/dfdc_subset_77_jpg/test/fake/fake_002289.jpg,fake,test,1,0.9593043327331543,1,clean,medium
/media/D1/ait_users/staff122/deepfake_project/outputs_deepfake_project/dfdc_subset_77_jpg/test/fake/fake_002290.jpg,fake,test,1,0.9943998456001282,1,clean,medium
/media/D1/ait_users/staff122/deepfake_project/outputs_deepfake_project/dfdc_subset_77_jpg/test/fake/fake_002291.jpg,fake,test,1,0.9708163738250732,1,clean,medium
/media/D1/ait_users/staff122/deepfake_project/outputs_deepfake_project/dfdc_subset_77_jpg/test/fake/fake_002292.jpg,fake,test,1,0.9822117686271667,1,clean,medium
/media/D1/ait_users/staff122/deepfake_project/outputs_deepfake_project/dfdc_subset_77_jpg/test/fake/fake_002293.jpg,fake,test,1,0.9521991610527039,1,clean,medium
/media/D1/ait_users/staff122/deepfake_project/outputs_deepfake_project/dfdc_subset_77_jpg/test/fake/fake_002294.jpg,fake,test,1,0.9946805834770203,1,clean,medium
/media/D1/ait_users/staff122/deepfake_project/outputs_deepfake_project/dfdc_subset_77_jpg/test/fake/fake_002295.jpg,fake,test,1,0.9716659784317017,1,clean,medium
/media/D1/ait_users/staff122/deepfake_project/outputs_deepfake_project/dfdc_subset_77_jpg/test/fake/fake_002296.jpg,fake,test,1,0.9899011254310608,1,clean,medium
/media/D1/ait_users/staff122/deepfake_project/outputs_deepfake_project/dfdc_subset_77_jpg/test/fake/fake_002297.jpg,fake,test,1,0.9957283139228821,1,clean,medium
/media/D1/ait_users/staff122/deepfake_project/outputs_deepfake_project/dfdc_subset_77_jpg/test/fake/fake_002298.jpg,fake,test,1,0.9847437739372253,1,clean,medium
/media/D1/ait_users/staff122/deepfake_project/outputs_deepfake_project/dfdc_subset_77_jpg/test/fake/fake_002299.jpg,fake,test,1,0.9900935292243958,1,clean,medium
/media/D1/ait_users/staff122/deepfake_project/outputs_deepfake_project/dfdc_subset_77_jpg/test/fake/fake_002300.jpg,fake,test,1,0.9973859190940857,1,clean,medium
/media/D1/ait_users/staff122/deepfake_project/outputs_deepfake_project/dfdc_subset_77_jpg/test/fake/fake_002301.jpg,fake,test,1,0.8156426548957825,1,clean,medium
/media/D1/ait_users/staff122/deepfake_project/outputs_deepfake_project/dfdc_subset_77_jpg/test/fake/fake_002302.jpg,fake,test,1,0.9314857125282288,1,clean,medium
/media/D1/ait_users/staff122/deepfake_project/outputs_deepfake_project/dfdc_subset_77_jpg/test/fake/fake_002303.jpg,fake,test,1,0.8743561506271362,1,clean,medium
/media/D1/ait_users/staff122/deepfake_project/outputs_deepfake_project/dfdc_subset_77_jpg/test/fake/fake_002304.jpg,fake,test,1,0.6507666110992432,1,clean,medium
/media/D1/ait_users/staff122/deepfake_project/outputs_deepfake_project/dfdc_subset_77_jpg/test/fake/fake_002305.jpg,fake,test,1,0.7756770253181458,1,clean,medium
/media/D1/ait_users/staff122/deepfake_project/outputs_deepfake_project/dfdc_subset_77_jpg/test/fake/fake_002306.jpg,fake,test,1,0.6084650158882141,1,clean,medium
/media/D1/ait_users/staff122/deepfake_project/outputs_deepfake_project/dfdc_subset_77_jpg/test/fake/fake_002307.jpg,fake,test,1,0.439230352640152,0,clean,medium
/media/D1/ait_users/staff122/deepfake_project/outputs_deepfake_project/dfdc_subset_77_jpg/test/fake/fake_002308.jpg,fake,test,1,0.3618757724761963,0,clean,medium
/media/D1/ait_users/staff122/deepfake_project/outputs_deepfake_project/dfdc_subset_77_jpg/test/fake/fake_002309.jpg,fake,test,1,0.8937385678291321,1,clean,medium
/media/D1/ait_users/staff122/deepfake_project/outputs_deepfake_project/dfdc_subset_77_jpg/test/fake/fake_002310.jpg,fake,test,1,0.8975284695625305,1,clean,medium
/media/D1/ait_users/staff122/deepfake_project/outputs_deepfake_project/dfdc_subset_77_jpg/test/fake/fake_002311.jpg,fake,test,1,0.8925869464874268,1,clean,medium
/media/D1/ait_users/staff122/deepfake_project/outputs_deepfake_project/dfdc_subset_77_jpg/test/fake/fake_002312.jpg,fake,test,1,0.6031719446182251,1,clean,medium
/media/D1/ait_users/staff122/deepfake_project/outputs_deepfake_project/dfdc_subset_77_jpg/test/fake/fake_002313.jpg,fake,test,1,0.8651823997497559,1,clean,medium
/media/D1/ait_users/staff122/deepfake_project/outputs_deepfake_project/dfdc_subset_77_jpg/test/fake/fake_002314.jpg,fake,test,1,0.8762259483337402,1,clean,medium
/media/D1/ait_users/staff122/deepfake_project/outputs_deepfake_project/dfdc_subset_77_jpg/test/fake/fake_002315.jpg,fake,test,1,0.321754515171051,0,clean,medium
/media/D1/ait_users/staff122/deepfake_project/outputs_deepfake_project/dfdc_subset_77_jpg/test/fake/fake_002316.jpg,fake,test,1,0.8533626794815063,1,clean,medium
/media/D1/ait_users/staff122/deepfake_project/outputs_deepfake_project/dfdc_subset_77_jpg/test/fake/fake_002317.jpg,fake,test,1,0.421482115983963,0,clean,medium
/media/D1/ait_users/staff122/deepfake_project/outputs_deepfake_project/dfdc_subset_77_jpg/test/fake/fake_002318.jpg,fake,test,1,0.5841709971427917,1,clean,medium
/media/D1/ait_users/staff122/deepfake_project/outputs_deepfake_project/dfdc_subset_77_jpg/test/fake/fake_002319.jpg,fake,test,1,0.49168553948402405,0,clean,medium
/media/D1/ait_users/staff122/deepfake_project/outputs_deepfake_project/dfdc_subset_77_jpg/test/fake/fake_002320.jpg,fake,test,1,0.8547408580780029,1,clean,medium
/media/D1/ait_users/staff122/deepfake_project/outputs_deepfake_project/dfdc_subset_77_jpg/test/fake/fake_002321.jpg,fake,test,1,0.8063547015190125,1,clean,medium
/media/D1/ait_users/staff122/deepfake_project/outputs_deepfake_project/dfdc_subset_77_jpg/test/fake/fake_002322.jpg,fake,test,1,0.875839352607727,1,clean,medium
/media/D1/ait_users/staff122/deepfake_project/outputs_deepfake_project/dfdc_subset_77_jpg/test/fake/fake_002323.jpg,fake,test,1,0.3885865807533264,0,clean,medium
/media/D1/ait_users/staff122/deepfake_project/outputs_deepfake_project/dfdc_subset_77_jpg/test/fake/fake_002324.jpg,fake,test,1,0.3139221966266632,0,clean,medium
/media/D1/ait_users/staff122/deepfake_project/outputs_deepfake_project/dfdc_subset_77_jpg/test/fake/fake_002325.jpg,fake,test,1,0.32215771079063416,0,clean,medium
/media/D1/ait_users/staff122/deepfake_project/outputs_deepfake_project/dfdc_subset_77_jpg/test/fake/fake_002326.jpg,fake,test,1,0.3191036283969879,0,clean,medium
/media/D1/ait_users/staff122/deepfake_project/outputs_deepfake_project/dfdc_subset_77_jpg/test/fake/fake_002327.jpg,fake,test,1,0.29886770248413086,0,clean,medium
/media/D1/ait_users/staff122/deepfake_project/outputs_deepfake_project/dfdc_subset_77_jpg/test/fake/fake_002328.jpg,fake,test,1,0.3788209557533264,0,clean,medium
/media/D1/ait_users/staff122/deepfake_project/outputs_deepfake_project/dfdc_subset_77_jpg/test/fake/fake_002329.jpg,fake,test,1,0.5014711618423462,1,clean,medium
/media/D1/ait_users/staff122/deepfake_project/outputs_deepfake_project/dfdc_subset_77_jpg/test/fake/fake_002330.jpg,fake,test,1,0.652925431728363,1,clean,medium
/media/D1/ait_users/staff122/deepfake_project/outputs_deepfake_project/dfdc_subset_77_jpg/test/fake/fake_002331.jpg,fake,test,1,0.7562208771705627,1,clean,medium
/media/D1/ait_users/staff122/deepfake_project/outputs_deepfake_project/dfdc_subset_77_jpg/test/fake/fake_002332.jpg,fake,test,1,0.39607763290405273,0,clean,medium
/media/D1/ait_users/staff122/deepfake_project/outputs_deepfake_project/dfdc_subset_77_jpg/test/fake/fake_002333.jpg,fake,test,1,0.5889158248901367,1,clean,medium
/media/D1/ait_users/staff122/deepfake_project/outputs_deepfake_project/dfdc_subset_77_jpg/test/fake/fake_002334.jpg,fake,test,1,0.9076763987541199,1,clean,medium
/media/D1/ait_users/staff122/deepfake_project/outputs_deepfake_project/dfdc_subset_77_jpg/test/fake/fake_002335.jpg,fake,test,1,0.9085838794708252,1,clean,medium
/media/D1/ait_users/staff122/deepfake_project/outputs_deepfake_project/dfdc_subset_77_jpg/test/fake/fake_002336.jpg,fake,test,1,0.14623165130615234,0,clean,medium
/media/D1/ait_users/staff122/deepfake_project/outputs_deepfake_project/dfdc_subset_77_jpg/test/fake/fake_002337.jpg,fake,test,1,0.724327802658081,1,clean,medium
/media/D1/ait_users/staff122/deepfake_project/outputs_deepfake_project/dfdc_subset_77_jpg/test/fake/fake_002338.jpg,fake,test,1,0.23938411474227905,0,clean,medium
/media/D1/ait_users/staff122/deepfake_project/outputs_deepfake_project/dfdc_subset_77_jpg/test/fake/fake_002339.jpg,fake,test,1,0.876078188419342,1,clean,medium
/media/D1/ait_users/staff122/deepfake_project/outputs_deepfake_project/dfdc_subset_77_jpg/test/fake/fake_002340.jpg,fake,test,1,0.9786493182182312,1,clean,medium
/media/D1/ait_users/staff122/deepfake_project/outputs_deepfake_project/dfdc_subset_77_jpg/test/fake/fake_002341.jpg,fake,test,1,0.9067054986953735,1,clean,medium
/media/D1/ait_users/staff122/deepfake_project/outputs_deepfake_project/dfdc_subset_77_jpg/test/fake/fake_002342.jpg,fake,test,1,0.9568794369697571,1,clean,medium
/media/D1/ait_users/staff122/deepfake_project/outputs_deepfake_project/dfdc_subset_77_jpg/test/fake/fake_002343.jpg,fake,test,1,0.041237130761146545,0,clean,medium
/media/D1/ait_users/staff122/deepfake_project/outputs_deepfake_project/dfdc_subset_77_jpg/test/fake/fake_002344.jpg,fake,test,1,0.1676606982946396,0,clean,medium
/media/D1/ait_users/staff122/deepfake_project/outputs_deepfake_project/dfdc_subset_77_jpg/test/fake/fake_002345.jpg,fake,test,1,0.6656252145767212,1,clean,medium
/media/D1/ait_users/staff122/deepfake_project/outputs_deepfake_project/dfdc_subset_77_jpg/test/fake/fake_002346.jpg,fake,test,1,0.37011563777923584,0,clean,medium
/media/D1/ait_users/staff122/deepfake_project/outputs_deepfake_project/dfdc_subset_77_jpg/test/fake/fake_002347.jpg,fake,test,1,0.6800473928451538,1,clean,medium
/media/D1/ait_users/staff122/deepfake_project/outputs_deepfake_project/dfdc_subset_77_jpg/test/fake/fake_002348.jpg,fake,test,1,0.8734493255615234,1,clean,medium
/media/D1/ait_users/staff122/deepfake_project/outputs_deepfake_project/dfdc_subset_77_jpg/test/fake/fake_002349.jpg,fake,test,1,0.4679121971130371,0,clean,medium
/media/D1/ait_users/staff122/deepfake_project/outputs_deepfake_project/dfdc_subset_77_jpg/test/fake/fake_002350.jpg,fake,test,1,0.7405485510826111,1,clean,medium
/media/D1/ait_users/staff122/deepfake_project/outputs_deepfake_project/dfdc_subset_77_jpg/test/fake/fake_002351.jpg,fake,test,1,0.8319627642631531,1,clean,medium
/media/D1/ait_users/staff122/deepfake_project/outputs_deepfake_project/dfdc_subset_77_jpg/test/fake/fake_002352.jpg,fake,test,1,0.6864812970161438,1,clean,medium
/media/D1/ait_users/staff122/deepfake_project/outputs_deepfake_project/dfdc_subset_77_jpg/test/fake/fake_002353.jpg,fake,test,1,0.061319392174482346,0,clean,medium
/media/D1/ait_users/staff122/deepfake_project/outputs_deepfake_project/dfdc_subset_77_jpg/test/fake/fake_002354.jpg,fake,test,1,0.6535304188728333,1,clean,medium
/media/D1/ait_users/staff122/deepfake_project/outputs_deepfake_project/dfdc_subset_77_jpg/test/fake/fake_002355.jpg,fake,test,1,0.4110644459724426,0,clean,medium
/media/D1/ait_users/staff122/deepfake_project/outputs_deepfake_project/dfdc_subset_77_jpg/test/fake/fake_002356.jpg,fake,test,1,0.7722877264022827,1,clean,medium
/media/D1/ait_users/staff122/deepfake_project/outputs_deepfake_project/dfdc_subset_77_jpg/test/fake/fake_002357.jpg,fake,test,1,0.9273706078529358,1,clean,medium
/media/D1/ait_users/staff122/deepfake_project/outputs_deepfake_project/dfdc_subset_77_jpg/test/fake/fake_002358.jpg,fake,test,1,0.28507545590400696,0,clean,medium
/media/D1/ait_users/staff122/deepfake_project/outputs_deepfake_project/dfdc_subset_77_jpg/test/fake/fake_002359.jpg,fake,test,1,0.5888999700546265,1,clean,medium
/media/D1/ait_users/staff122/deepfake_project/outputs_deepfake_project/dfdc_subset_77_jpg/test/fake/fake_002360.jpg,fake,test,1,0.15477155148983002,0,clean,medium
/media/D1/ait_users/staff122/deepfake_project/outputs_deepfake_project/dfdc_subset_77_jpg/test/fake/fake_002361.jpg,fake,test,1,0.6766384840011597,1,clean,medium
/media/D1/ait_users/staff122/deepfake_project/outputs_deepfake_project/dfdc_subset_77_jpg/test/fake/fake_002362.jpg,fake,test,1,0.06930945813655853,0,clean,medium
/media/D1/ait_users/staff122/deepfake_project/outputs_deepfake_project/dfdc_subset_77_jpg/test/fake/fake_002363.jpg,fake,test,1,0.6961790323257446,1,clean,medium
/media/D1/ait_users/staff122/deepfake_project/outputs_deepfake_project/dfdc_subset_77_jpg/test/fake/fake_002364.jpg,fake,test,1,0.9859746098518372,1,clean,medium
/media/D1/ait_users/staff122/deepfake_project/outputs_deepfake_project/dfdc_subset_77_jpg/test/fake/fake_002365.jpg,fake,test,1,0.8316389918327332,1,clean,medium
/media/D1/ait_users/staff122/deepfake_project/outputs_deepfake_project/dfdc_subset_77_jpg/test/fake/fake_002366.jpg,fake,test,1,0.580932080745697,1,clean,medium
/media/D1/ait_users/staff122/deepfake_project/outputs_deepfake_project/dfdc_subset_77_jpg/test/fake/fake_002367.jpg,fake,test,1,0.6323015689849854,1,clean,medium
/media/D1/ait_users/staff122/deepfake_project/outputs_deepfake_project/dfdc_subset_77_jpg/test/fake/fake_002368.jpg,fake,test,1,0.127040296792984,0,clean,medium
/media/D1/ait_users/staff122/deepfake_project/outputs_deepfake_project/dfdc_subset_77_jpg/test/fake/fake_002369.jpg,fake,test,1,0.864351749420166,1,clean,medium
/media/D1/ait_users/staff122/deepfake_project/outputs_deepfake_project/dfdc_subset_77_jpg/test/fake/fake_002370.jpg,fake,test,1,0.2034565508365631,0,clean,medium
/media/D1/ait_users/staff122/deepfake_project/outputs_deepfake_project/dfdc_subset_77_jpg/test/fake/fake_002371.jpg,fake,test,1,0.3001405596733093,0,clean,medium
/media/D1/ait_users/staff122/deepfake_project/outputs_deepfake_project/dfdc_subset_77_jpg/test/fake/fake_002372.jpg,fake,test,1,0.21391279995441437,0,clean,medium
/media/D1/ait_users/staff122/deepfake_project/outputs_deepfake_project/dfdc_subset_77_jpg/test/fake/fake_002373.jpg,fake,test,1,0.7333937883377075,1,clean,medium
/media/D1/ait_users/staff122/deepfake_project/outputs_deepfake_project/dfdc_subset_77_jpg/test/fake/fake_002374.jpg,fake,test,1,0.28986454010009766,0,clean,medium
/media/D1/ait_users/staff122/deepfake_project/outputs_deepfake_project/dfdc_subset_77_jpg/test/fake/fake_002375.jpg,fake,test,1,0.5601801872253418,1,clean,medium
/media/D1/ait_users/staff122/deepfake_project/outputs_deepfake_project/dfdc_subset_77_jpg/test/fake/fake_002376.jpg,fake,test,1,0.16437619924545288,0,clean,medium
/media/D1/ait_users/staff122/deepfake_project/outputs_deepfake_project/dfdc_subset_77_jpg/test/fake/fake_002377.jpg,fake,test,1,0.13251373171806335,0,clean,medium
/media/D1/ait_users/staff122/deepfake_project/outputs_deepfake_project/dfdc_subset_77_jpg/test/fake/fake_002378.jpg,fake,test,1,0.1690741628408432,0,clean,medium
/media/D1/ait_users/staff122/deepfake_project/outputs_deepfake_project/dfdc_subset_77_jpg/test/fake/fake_002379.jpg,fake,test,1,0.06000698730349541,0,clean,medium
/media/D1/ait_users/staff122/deepfake_project/outputs_deepfake_project/dfdc_subset_77_jpg/test/fake/fake_002380.jpg,fake,test,1,0.2234525829553604,0,clean,medium
/media/D1/ait_users/staff122/deepfake_project/outputs_deepfake_project/dfdc_subset_77_jpg/test/fake/fake_002381.jpg,fake,test,1,0.47024843096733093,0,clean,medium
/media/D1/ait_users/staff122/deepfake_project/outputs_deepfake_project/dfdc_subset_77_jpg/test/fake/fake_002382.jpg,fake,test,1,0.3079555630683899,0,clean,medium
/media/D1/ait_users/staff122/deepfake_project/outputs_deepfake_project/dfdc_subset_77_jpg/test/fake/fake_002383.jpg,fake,test,1,0.21934545040130615,0,clean,medium
/media/D1/ait_users/staff122/deepfake_project/outputs_deepfake_project/dfdc_subset_77_jpg/test/fake/fake_002384.jpg,fake,test,1,0.18808706104755402,0,clean,medium
/media/D1/ait_users/staff122/deepfake_project/outputs_deepfake_project/dfdc_subset_77_jpg/test/fake/fake_002385.jpg,fake,test,1,0.1854582130908966,0,clean,medium
/media/D1/ait_users/staff122/deepfake_project/outputs_deepfake_project/dfdc_subset_77_jpg/test/fake/fake_002386.jpg,fake,test,1,0.14196966588497162,0,clean,medium
/media/D1/ait_users/staff122/deepfake_project/outputs_deepfake_project/dfdc_subset_77_jpg/test/fake/fake_002387.jpg,fake,test,1,0.24713103473186493,0,clean,medium
/media/D1/ait_users/staff122/deepfake_project/outputs_deepfake_project/dfdc_subset_77_jpg/test/fake/fake_002388.jpg,fake,test,1,0.15264832973480225,0,clean,medium
/media/D1/ait_users/staff122/deepfake_project/outputs_deepfake_project/dfdc_subset_77_jpg/test/fake/fake_002389.jpg,fake,test,1,0.22647961974143982,0,clean,medium
/media/D1/ait_users/staff122/deepfake_project/outputs_deepfake_project/dfdc_subset_77_jpg/test/fake/fake_002390.jpg,fake,test,1,0.11433254927396774,0,clean,medium
/media/D1/ait_users/staff122/deepfake_project/outputs_deepfake_project/dfdc_subset_77_jpg/test/fake/fake_002391.jpg,fake,test,1,0.2991986572742462,0,clean,medium
/media/D1/ait_users/staff122/deepfake_project/outputs_deepfake_project/dfdc_subset_77_jpg/test/fake/fake_002392.jpg,fake,test,1,0.26692575216293335,0,clean,medium
/media/D1/ait_users/staff122/deepfake_project/outputs_deepfake_project/dfdc_subset_77_jpg/test/fake/fake_002393.jpg,fake,test,1,0.39147865772247314,0,clean,medium
/media/D1/ait_users/staff122/deepfake_project/outputs_deepfake_project/dfdc_subset_77_jpg/test/fake/fake_002394.jpg,fake,test,1,0.45622822642326355,0,clean,medium
/media/D1/ait_users/staff122/deepfake_project/outputs_deepfake_project/dfdc_subset_77_jpg/test/fake/fake_002395.jpg,fake,test,1,0.2115037590265274,0,clean,medium
/media/D1/ait_users/staff122/deepfake_project/outputs_deepfake_project/dfdc_subset_77_jpg/test/fake/fake_002396.jpg,fake,test,1,0.07966746389865875,0,clean,medium
/media/D1/ait_users/staff122/deepfake_project/outputs_deepfake_project/dfdc_subset_77_jpg/test/fake/fake_002397.jpg,fake,test,1,0.5101886987686157,1,clean,medium
/media/D1/ait_users/staff122/deepfake_project/outputs_deepfake_project/dfdc_subset_77_jpg/test/fake/fake_002398.jpg,fake,test,1,0.08374655246734619,0,clean,medium
/media/D1/ait_users/staff122/deepfake_project/outputs_deepfake_project/dfdc_subset_77_jpg/test/fake/fake_002399.jpg,fake,test,1,0.06284293532371521,0,clean,medium
/media/D1/ait_users/staff122/deepfake_project/outputs_deepfake_project/dfdc_subset_77_jpg/test/fake/fake_002400.jpg,fake,test,1,0.5137597918510437,1,clean,medium
/media/D1/ait_users/staff122/deepfake_project/outputs_deepfake_project/dfdc_subset_77_jpg/test/fake/fake_002401.jpg,fake,test,1,0.43298420310020447,0,clean,medium
/media/D1/ait_users/staff122/deepfake_project/outputs_deepfake_project/dfdc_subset_77_jpg/test/fake/fake_002402.jpg,fake,test,1,0.5744006633758545,1,clean,medium
/media/D1/ait_users/staff122/deepfake_project/outputs_deepfake_project/dfdc_subset_77_jpg/test/fake/fake_002403.jpg,fake,test,1,0.49967747926712036,0,clean,medium
/media/D1/ait_users/staff122/deepfake_project/outputs_deepfake_project/dfdc_subset_77_jpg/test/fake/fake_002404.jpg,fake,test,1,0.7052847146987915,1,clean,medium
/media/D1/ait_users/staff122/deepfake_project/outputs_deepfake_project/dfdc_subset_77_jpg/test/fake/fake_002405.jpg,fake,test,1,0.5693598985671997,1,clean,medium
/media/D1/ait_users/staff122/deepfake_project/outputs_deepfake_project/dfdc_subset_77_jpg/test/fake/fake_002406.jpg,fake,test,1,0.5109938979148865,1,clean,medium
/media/D1/ait_users/staff122/deepfake_project/outputs_deepfake_project/dfdc_subset_77_jpg/test/fake/fake_002407.jpg,fake,test,1,0.5769582390785217,1,clean,medium
/media/D1/ait_users/staff122/deepfake_project/outputs_deepfake_project/dfdc_subset_77_jpg/test/fake/fake_002408.jpg,fake,test,1,0.5131306052207947,1,clean,medium
/media/D1/ait_users/staff122/deepfake_project/outputs_deepfake_project/dfdc_subset_77_jpg/test/fake/fake_002409.jpg,fake,test,1,0.6214834451675415,1,clean,medium
/media/D1/ait_users/staff122/deepfake_project/outputs_deepfake_project/dfdc_subset_77_jpg/test/fake/fake_002410.jpg,fake,test,1,0.6506966352462769,1,clean,medium
/media/D1/ait_users/staff122/deepfake_project/outputs_deepfake_project/dfdc_subset_77_jpg/test/fake/fake_002411.jpg,fake,test,1,0.588187038898468,1,clean,medium
/media/D1/ait_users/staff122/deepfake_project/outputs_deepfake_project/dfdc_subset_77_jpg/test/fake/fake_002412.jpg,fake,test,1,0.5219455361366272,1,clean,medium
/media/D1/ait_users/staff122/deepfake_project/outputs_deepfake_project/dfdc_subset_77_jpg/test/fake/fake_002413.jpg,fake,test,1,0.5115888714790344,1,clean,medium
/media/D1/ait_users/staff122/deepfake_project/outputs_deepfake_project/dfdc_subset_77_jpg/test/fake/fake_002414.jpg,fake,test,1,0.5166051983833313,1,clean,medium
/media/D1/ait_users/staff122/deepfake_project/outputs_deepfake_project/dfdc_subset_77_jpg/test/fake/fake_002415.jpg,fake,test,1,0.5515350103378296,1,clean,medium
/media/D1/ait_users/staff122/deepfake_project/outputs_deepfake_project/dfdc_subset_77_jpg/test/fake/fake_002416.jpg,fake,test,1,0.47274813055992126,0,clean,medium
/media/D1/ait_users/staff122/deepfake_project/outputs_deepfake_project/dfdc_subset_77_jpg/test/fake/fake_002417.jpg,fake,test,1,0.4625128507614136,0,clean,medium
/media/D1/ait_users/staff122/deepfake_project/outputs_deepfake_project/dfdc_subset_77_jpg/test/fake/fake_002418.jpg,fake,test,1,0.4646330177783966,0,clean,medium
/media/D1/ait_users/staff122/deepfake_project/outputs_deepfake_project/dfdc_subset_77_jpg/test/fake/fake_002419.jpg,fake,test,1,0.5241203904151917,1,clean,medium
/media/D1/ait_users/staff122/deepfake_project/outputs_deepfake_project/dfdc_subset_77_jpg/test/fake/fake_002420.jpg,fake,test,1,0.44809162616729736,0,clean,medium
/media/D1/ait_users/staff122/deepfake_project/outputs_deepfake_project/dfdc_subset_77_jpg/test/fake/fake_002421.jpg,fake,test,1,0.4456292390823364,0,clean,medium
/media/D1/ait_users/staff122/deepfake_project/outputs_deepfake_project/dfdc_subset_77_jpg/test/fake/fake_002422.jpg,fake,test,1,0.5201519727706909,1,clean,medium
/media/D1/ait_users/staff122/deepfake_project/outputs_deepfake_project/dfdc_subset_77_jpg/test/fake/fake_002423.jpg,fake,test,1,0.5040832161903381,1,clean,medium
/media/D1/ait_users/staff122/deepfake_project/outputs_deepfake_project/dfdc_subset_77_jpg/test/fake/fake_002424.jpg,fake,test,1,0.4931057393550873,0,clean,medium
/media/D1/ait_users/staff122/deepfake_project/outputs_deepfake_project/dfdc_subset_77_jpg/test/fake/fake_002425.jpg,fake,test,1,0.567198634147644,1,clean,medium
/media/D1/ait_users/staff122/deepfake_project/outputs_deepfake_project/dfdc_subset_77_jpg/test/fake/fake_002426.jpg,fake,test,1,0.5490378141403198,1,clean,medium
/media/D1/ait_users/staff122/deepfake_project/outputs_deepfake_project/dfdc_subset_77_jpg/test/fake/fake_002427.jpg,fake,test,1,0.5527991652488708,1,clean,medium
/media/D1/ait_users/staff122/deepfake_project/outputs_deepfake_project/dfdc_subset_77_jpg/test/fake/fake_002428.jpg,fake,test,1,0.5060851573944092,1,clean,medium
/media/D1/ait_users/staff122/deepfake_project/outputs_deepfake_project/dfdc_subset_77_jpg/test/fake/fake_002429.jpg,fake,test,1,0.6697412729263306,1,clean,medium
/media/D1/ait_users/staff122/deepfake_project/outputs_deepfake_project/dfdc_subset_77_jpg/test/fake/fake_002430.jpg,fake,test,1,0.4837181568145752,0,clean,medium
/media/D1/ait_users/staff122/deepfake_project/outputs_deepfake_project/dfdc_subset_77_jpg/test/fake/fake_002431.jpg,fake,test,1,0.5515807867050171,1,clean,medium
/media/D1/ait_users/staff122/deepfake_project/outputs_deepfake_project/dfdc_subset_77_jpg/test/fake/fake_002432.jpg,fake,test,1,0.4181506931781769,0,clean,medium
/media/D1/ait_users/staff122/deepfake_project/outputs_deepfake_project/dfdc_subset_77_jpg/test/fake/fake_002433.jpg,fake,test,1,0.43265286087989807,0,clean,medium
/media/D1/ait_users/staff122/deepfake_project/outputs_deepfake_project/dfdc_subset_77_jpg/test/fake/fake_002434.jpg,fake,test,1,0.6591363549232483,1,clean,medium
/media/D1/ait_users/staff122/deepfake_project/outputs_deepfake_project/dfdc_subset_77_jpg/test/fake/fake_002435.jpg,fake,test,1,0.31707558035850525,0,clean,medium
/media/D1/ait_users/staff122/deepfake_project/outputs_deepfake_project/dfdc_subset_77_jpg/test/fake/fake_002436.jpg,fake,test,1,0.5567675232887268,1,clean,medium
/media/D1/ait_users/staff122/deepfake_project/outputs_deepfake_project/dfdc_subset_77_jpg/test/fake/fake_002437.jpg,fake,test,1,0.7392157912254333,1,clean,medium
/media/D1/ait_users/staff122/deepfake_project/outputs_deepfake_project/dfdc_subset_77_jpg/test/fake/fake_002438.jpg,fake,test,1,0.3418634235858917,0,clean,medium
/media/D1/ait_users/staff122/deepfake_project/outputs_deepfake_project/dfdc_subset_77_jpg/test/fake/fake_002439.jpg,fake,test,1,0.10909409821033478,0,clean,medium
/media/D1/ait_users/staff122/deepfake_project/outputs_deepfake_project/dfdc_subset_77_jpg/test/fake/fake_002440.jpg,fake,test,1,0.20094457268714905,0,clean,medium
/media/D1/ait_users/staff122/deepfake_project/outputs_deepfake_project/dfdc_subset_77_jpg/test/fake/fake_002441.jpg,fake,test,1,0.15958397090435028,0,clean,medium
/media/D1/ait_users/staff122/deepfake_project/outputs_deepfake_project/dfdc_subset_77_jpg/test/fake/fake_002442.jpg,fake,test,1,0.38402044773101807,0,clean,medium
/media/D1/ait_users/staff122/deepfake_project/outputs_deepfake_project/dfdc_subset_77_jpg/test/fake/fake_002443.jpg,fake,test,1,0.9649372696876526,1,clean,medium
/media/D1/ait_users/staff122/deepfake_project/outputs_deepfake_project/dfdc_subset_77_jpg/test/fake/fake_002444.jpg,fake,test,1,0.5404592752456665,1,clean,medium
/media/D1/ait_users/staff122/deepfake_project/outputs_deepfake_project/dfdc_subset_77_jpg/test/fake/fake_002445.jpg,fake,test,1,0.7462746500968933,1,clean,medium
/media/D1/ait_users/staff122/deepfake_project/outputs_deepfake_project/dfdc_subset_77_jpg/test/fake/fake_002446.jpg,fake,test,1,0.4520932137966156,0,clean,medium
/media/D1/ait_users/staff122/deepfake_project/outputs_deepfake_project/dfdc_subset_77_jpg/test/fake/fake_002447.jpg,fake,test,1,0.6286331415176392,1,clean,medium
/media/D1/ait_users/staff122/deepfake_project/outputs_deepfake_project/dfdc_subset_77_jpg/test/fake/fake_002448.jpg,fake,test,1,0.7561827898025513,1,clean,medium
/media/D1/ait_users/staff122/deepfake_project/outputs_deepfake_project/dfdc_subset_77_jpg/test/fake/fake_002449.jpg,fake,test,1,0.3272193670272827,0,clean,medium
/media/D1/ait_users/staff122/deepfake_project/outputs_deepfake_project/dfdc_subset_77_jpg/test/fake/fake_002450.jpg,fake,test,1,0.9484352469444275,1,clean,medium
/media/D1/ait_users/staff122/deepfake_project/outputs_deepfake_project/dfdc_subset_77_jpg/test/fake/fake_002451.jpg,fake,test,1,0.8238240480422974,1,clean,medium
/media/D1/ait_users/staff122/deepfake_project/outputs_deepfake_project/dfdc_subset_77_jpg/test/fake/fake_002452.jpg,fake,test,1,0.48521679639816284,0,clean,medium
/media/D1/ait_users/staff122/deepfake_project/outputs_deepfake_project/dfdc_subset_77_jpg/test/fake/fake_002453.jpg,fake,test,1,0.4408303201198578,0,clean,medium
/media/D1/ait_users/staff122/deepfake_project/outputs_deepfake_project/dfdc_subset_77_jpg/test/fake/fake_002454.jpg,fake,test,1,0.4010544419288635,0,clean,medium
/media/D1/ait_users/staff122/deepfake_project/outputs_deepfake_project/dfdc_subset_77_jpg/test/fake/fake_002455.jpg,fake,test,1,0.44956108927726746,0,clean,medium
/media/D1/ait_users/staff122/deepfake_project/outputs_deepfake_project/dfdc_subset_77_jpg/test/fake/fake_002456.jpg,fake,test,1,0.3009074330329895,0,clean,medium
/media/D1/ait_users/staff122/deepfake_project/outputs_deepfake_project/dfdc_subset_77_jpg/test/fake/fake_002457.jpg,fake,test,1,0.23413413763046265,0,clean,medium
/media/D1/ait_users/staff122/deepfake_project/outputs_deepfake_project/dfdc_subset_77_jpg/test/fake/fake_002458.jpg,fake,test,1,0.2789071202278137,0,clean,medium
/media/D1/ait_users/staff122/deepfake_project/outputs_deepfake_project/dfdc_subset_77_jpg/test/fake/fake_002459.jpg,fake,test,1,0.40440797805786133,0,clean,medium
/media/D1/ait_users/staff122/deepfake_project/outputs_deepfake_project/dfdc_subset_77_jpg/test/fake/fake_002460.jpg,fake,test,1,0.5332512259483337,1,clean,medium
/media/D1/ait_users/staff122/deepfake_project/outputs_deepfake_project/dfdc_subset_77_jpg/test/fake/fake_002461.jpg,fake,test,1,0.5384660363197327,1,clean,medium
/media/D1/ait_users/staff122/deepfake_project/outputs_deepfake_project/dfdc_subset_77_jpg/test/fake/fake_002462.jpg,fake,test,1,0.18221336603164673,0,clean,medium
/media/D1/ait_users/staff122/deepfake_project/outputs_deepfake_project/dfdc_subset_77_jpg/test/fake/fake_002463.jpg,fake,test,1,0.40947839617729187,0,clean,medium
