image_path,video_name,method,label,fake_probability,prediction,degradation,severity
/media/D1/ait_users/staff122/deepfake_project/outputs_deepfake_project/dfdc_subset_77_jpg/test/real/real_000000.jpg,real,test,0,0.5154247283935547,1,clean,medium
/media/D1/ait_users/staff122/deepfake_project/outputs_deepfake_project/dfdc_subset_77_jpg/test/real/real_000001.jpg,real,test,0,0.5101488828659058,1,clean,medium
/media/D1/ait_users/staff122/deepfake_project/outputs_deepfake_project/dfdc_subset_77_jpg/test/real/real_000002.jpg,real,test,0,0.5061141848564148,1,clean,medium
/media/D1/ait_users/staff122/deepfake_project/outputs_deepfake_project/dfdc_subset_77_jpg/test/real/real_000003.jpg,real,test,0,0.04265950620174408,0,clean,medium
/media/D1/ait_users/staff122/deepfake_project/outputs_deepfake_project/dfdc_subset_77_jpg/test/real/real_000004.jpg,real,test,0,0.35937073826789856,0,clean,medium
/media/D1/ait_users/staff122/deepfake_project/outputs_deepfake_project/dfdc_subset_77_jpg/test/real/real_000005.jpg,real,test,0,0.44457560777664185,0,clean,medium
/media/D1/ait_users/staff122/deepfake_project/outputs_deepfake_project/dfdc_subset_77_jpg/test/real/real_000006.jpg,real,test,0,0.09197963774204254,0,clean,medium
/media/D1/ait_users/staff122/deepfake_project/outputs_deepfake_project/dfdc_subset_77_jpg/test/real/real_000007.jpg,real,test,0,0.028886083513498306,0,clean,medium
/media/D1/ait_users/staff122/deepfake_project/outputs_deepfake_project/dfdc_subset_77_jpg/test/real/real_000008.jpg,real,test,0,0.006184040103107691,0,clean,medium
/media/D1/ait_users/staff122/deepfake_project/outputs_deepfake_project/dfdc_subset_77_jpg/test/real/real_000009.jpg,real,test,0,0.005174285266548395,0,clean,medium
/media/D1/ait_users/staff122/deepfake_project/outputs_deepfake_project/dfdc_subset_77_jpg/test/real/real_000010.jpg,real,test,0,0.008873317390680313,0,clean,medium
/media/D1/ait_users/staff122/deepfake_project/outputs_deepfake_project/dfdc_subset_77_jpg/test/real/real_000011.jpg,real,test,0,0.023449469357728958,0,clean,medium
/media/D1/ait_users/staff122/deepfake_project/outputs_deepfake_project/dfdc_subset_77_jpg/test/real/real_000012.jpg,real,test,0,0.01793762668967247,0,clean,medium
/media/D1/ait_users/staff122/deepfake_project/outputs_deepfake_project/dfdc_subset_77_jpg/test/real/real_000013.jpg,real,test,0,0.018019676208496094,0,clean,medium
/media/D1/ait_users/staff122/deepfake_project/outputs_deepfake_project/dfdc_subset_77_jpg/test/real/real_000014.jpg,real,test,0,0.9565292000770569,1,clean,medium
/media/D1/ait_users/staff122/deepfake_project/outputs_deepfake_project/dfdc_subset_77_jpg/test/real/real_000015.jpg,real,test,0,0.4751228392124176,0,clean,medium
/media/D1/ait_users/staff122/deepfake_project/outputs_deepfake_project/dfdc_subset_77_jpg/test/real/real_000016.jpg,real,test,0,0.6976662278175354,1,clean,medium
/media/D1/ait_users/staff122/deepfake_project/outputs_deepfake_project/dfdc_subset_77_jpg/test/real/real_000017.jpg,real,test,0,0.861160933971405,1,clean,medium
/media/D1/ait_users/staff122/deepfake_project/outputs_deepfake_project/dfdc_subset_77_jpg/test/real/real_000018.jpg,real,test,0,0.6767796874046326,1,clean,medium
/media/D1/ait_users/staff122/deepfake_project/outputs_deepfake_project/dfdc_subset_77_jpg/test/real/real_000019.jpg,real,test,0,0.5617416501045227,1,clean,medium
/media/D1/ait_users/staff122/deepfake_project/outputs_deepfake_project/dfdc_subset_77_jpg/test/real/real_000020.jpg,real,test,0,0.5598786473274231,1,clean,medium
/media/D1/ait_users/staff122/deepfake_project/outputs_deepfake_project/dfdc_subset_77_jpg/test/real/real_000021.jpg,real,test,0,0.02407674677670002,0,clean,medium
/media/D1/ait_users/staff122/deepfake_project/outputs_deepfake_project/dfdc_subset_77_jpg/test/real/real_000022.jpg,real,test,0,0.36977988481521606,0,clean,medium
/media/D1/ait_users/staff122/deepfake_project/outputs_deepfake_project/dfdc_subset_77_jpg/test/real/real_000023.jpg,real,test,0,0.02249167673289776,0,clean,medium
/media/D1/ait_users/staff122/deepfake_project/outputs_deepfake_project/dfdc_subset_77_jpg/test/real/real_000024.jpg,real,test,0,0.010557186789810658,0,clean,medium
/media/D1/ait_users/staff122/deepfake_project/outputs_deepfake_project/dfdc_subset_77_jpg/test/real/real_000025.jpg,real,test,0,0.017457038164138794,0,clean,medium
/media/D1/ait_users/staff122/deepfake_project/outputs_deepfake_project/dfdc_subset_77_jpg/test/real/real_000026.jpg,real,test,0,0.010792924091219902,0,clean,medium
/media/D1/ait_users/staff122/deepfake_project/outputs_deepfake_project/dfdc_subset_77_jpg/test/real/real_000027.jpg,real,test,0,0.0920172855257988,0,clean,medium
/media/D1/ait_users/staff122/deepfake_project/outputs_deepfake_project/dfdc_subset_77_jpg/test/real/real_000028.jpg,real,test,0,0.08245307952165604,0,clean,medium
/media/D1/ait_users/staff122/deepfake_project/outputs_deepfake_project/dfdc_subset_77_jpg/test/real/real_000029.jpg,real,test,0,0.1836998611688614,0,clean,medium
/media/D1/ait_users/staff122/deepfake_project/outputs_deepfake_project/dfdc_subset_77_jpg/test/real/real_000030.jpg,real,test,0,0.4785583019256592,0,clean,medium
/media/D1/ait_users/staff122/deepfake_project/outputs_deepfake_project/dfdc_subset_77_jpg/test/real/real_000031.jpg,real,test,0,0.4962283968925476,0,clean,medium
/media/D1/ait_users/staff122/deepfake_project/outputs_deepfake_project/dfdc_subset_77_jpg/test/real/real_000032.jpg,real,test,0,0.12578406929969788,0,clean,medium
/media/D1/ait_users/staff122/deepfake_project/outputs_deepfake_project/dfdc_subset_77_jpg/test/real/real_000033.jpg,real,test,0,0.1446625143289566,0,clean,medium
/media/D1/ait_users/staff122/deepfake_project/outputs_deepfake_project/dfdc_subset_77_jpg/test/real/real_000034.jpg,real,test,0,0.09281007200479507,0,clean,medium
/media/D1/ait_users/staff122/deepfake_project/outputs_deepfake_project/dfdc_subset_77_jpg/test/real/real_000035.jpg,real,test,0,0.3156569302082062,0,clean,medium
/media/D1/ait_users/staff122/deepfake_project/outputs_deepfake_project/dfdc_subset_77_jpg/test/real/real_000036.jpg,real,test,0,0.31201300024986267,0,clean,medium
/media/D1/ait_users/staff122/deepfake_project/outputs_deepfake_project/dfdc_subset_77_jpg/test/real/real_000037.jpg,real,test,0,0.319571852684021,0,clean,medium
/media/D1/ait_users/staff122/deepfake_project/outputs_deepfake_project/dfdc_subset_77_jpg/test/real/real_000038.jpg,real,test,0,0.22977851331233978,0,clean,medium
/media/D1/ait_users/staff122/deepfake_project/outputs_deepfake_project/dfdc_subset_77_jpg/test/real/real_000039.jpg,real,test,0,0.08384829759597778,0,clean,medium
/media/D1/ait_users/staff122/deepfake_project/outputs_deepfake_project/dfdc_subset_77_jpg/test/real/real_000040.jpg,real,test,0,0.252248078584671,0,clean,medium
/media/D1/ait_users/staff122/deepfake_project/outputs_deepfake_project/dfdc_subset_77_jpg/test/real/real_000041.jpg,real,test,0,0.25747695565223694,0,clean,medium
/media/D1/ait_users/staff122/deepfake_project/outputs_deepfake_project/dfdc_subset_77_jpg/test/real/real_000042.jpg,real,test,0,0.2306869626045227,0,clean,medium
/media/D1/ait_users/staff122/deepfake_project/outputs_deepfake_project/dfdc_subset_77_jpg/test/real/real_000043.jpg,real,test,0,0.06389288604259491,0,clean,medium
/media/D1/ait_users/staff122/deepfake_project/outputs_deepfake_project/dfdc_subset_77_jpg/test/real/real_000044.jpg,real,test,0,0.016004152595996857,0,clean,medium
/media/D1/ait_users/staff122/deepfake_project/outputs_deepfake_project/dfdc_subset_77_jpg/test/real/real_000045.jpg,real,test,0,0.007166593801230192,0,clean,medium
/media/D1/ait_users/staff122/deepfake_project/outputs_deepfake_project/dfdc_subset_77_jpg/test/real/real_000046.jpg,real,test,0,0.0384979173541069,0,clean,medium
/media/D1/ait_users/staff122/deepfake_project/outputs_deepfake_project/dfdc_subset_77_jpg/test/real/real_000047.jpg,real,test,0,0.06602371484041214,0,clean,medium
/media/D1/ait_users/staff122/deepfake_project/outputs_deepfake_project/dfdc_subset_77_jpg/test/real/real_000048.jpg,real,test,0,0.0492025651037693,0,clean,medium
/media/D1/ait_users/staff122/deepfake_project/outputs_deepfake_project/dfdc_subset_77_jpg/test/real/real_000049.jpg,real,test,0,0.09116160124540329,0,clean,medium
/media/D1/ait_users/staff122/deepfake_project/outputs_deepfake_project/dfdc_subset_77_jpg/test/real/real_000050.jpg,real,test,0,0.12807489931583405,0,clean,medium
/media/D1/ait_users/staff122/deepfake_project/outputs_deepfake_project/dfdc_subset_77_jpg/test/real/real_000051.jpg,real,test,0,0.4118790328502655,0,clean,medium
/media/D1/ait_users/staff122/deepfake_project/outputs_deepfake_project/dfdc_subset_77_jpg/test/real/real_000052.jpg,real,test,0,0.5511338114738464,1,clean,medium
/media/D1/ait_users/staff122/deepfake_project/outputs_deepfake_project/dfdc_subset_77_jpg/test/real/real_000053.jpg,real,test,0,0.5493731498718262,1,clean,medium
/media/D1/ait_users/staff122/deepfake_project/outputs_deepfake_project/dfdc_subset_77_jpg/test/real/real_000054.jpg,real,test,0,0.3419419229030609,0,clean,medium
/media/D1/ait_users/staff122/deepfake_project/outputs_deepfake_project/dfdc_subset_77_jpg/test/real/real_000055.jpg,real,test,0,0.10076309740543365,0,clean,medium
/media/D1/ait_users/staff122/deepfake_project/outputs_deepfake_project/dfdc_subset_77_jpg/test/real/real_000056.jpg,real,test,0,0.12005984783172607,0,clean,medium
/media/D1/ait_users/staff122/deepfake_project/outputs_deepfake_project/dfdc_subset_77_jpg/test/real/real_000057.jpg,real,test,0,0.13385766744613647,0,clean,medium
/media/D1/ait_users/staff122/deepfake_project/outputs_deepfake_project/dfdc_subset_77_jpg/test/real/real_000058.jpg,real,test,0,0.2365305870771408,0,clean,medium
/media/D1/ait_users/staff122/deepfake_project/outputs_deepfake_project/dfdc_subset_77_jpg/test/real/real_000059.jpg,real,test,0,0.41735368967056274,0,clean,medium
/media/D1/ait_users/staff122/deepfake_project/outputs_deepfake_project/dfdc_subset_77_jpg/test/real/real_000060.jpg,real,test,0,0.15921801328659058,0,clean,medium
/media/D1/ait_users/staff122/deepfake_project/outputs_deepfake_project/dfdc_subset_77_jpg/test/real/real_000061.jpg,real,test,0,0.12084026634693146,0,clean,medium
/media/D1/ait_users/staff122/deepfake_project/outputs_deepfake_project/dfdc_subset_77_jpg/test/real/real_000062.jpg,real,test,0,0.060592085123062134,0,clean,medium
/media/D1/ait_users/staff122/deepfake_project/outputs_deepfake_project/dfdc_subset_77_jpg/test/real/real_000063.jpg,real,test,0,0.17622531950473785,0,clean,medium
/media/D1/ait_users/staff122/deepfake_project/outputs_deepfake_project/dfdc_subset_77_jpg/test/real/real_000064.jpg,real,test,0,0.19085361063480377,0,clean,medium
/media/D1/ait_users/staff122/deepfake_project/outputs_deepfake_project/dfdc_subset_77_jpg/test/real/real_000065.jpg,real,test,0,0.26814767718315125,0,clean,medium
/media/D1/ait_users/staff122/deepfake_project/outputs_deepfake_project/dfdc_subset_77_jpg/test/real/real_000066.jpg,real,test,0,0.7147537469863892,1,clean,medium
/media/D1/ait_users/staff122/deepfake_project/outputs_deepfake_project/dfdc_subset_77_jpg/test/real/real_000067.jpg,real,test,0,0.32733282446861267,0,clean,medium
/media/D1/ait_users/staff122/deepfake_project/outputs_deepfake_project/dfdc_subset_77_jpg/test/real/real_000068.jpg,real,test,0,0.333172470331192,0,clean,medium
/media/D1/ait_users/staff122/deepfake_project/outputs_deepfake_project/dfdc_subset_77_jpg/test/real/real_000069.jpg,real,test,0,0.38823801279067993,0,clean,medium
/media/D1/ait_users/staff122/deepfake_project/outputs_deepfake_project/dfdc_subset_77_jpg/test/real/real_000070.jpg,real,test,0,0.3701380491256714,0,clean,medium
/media/D1/ait_users/staff122/deepfake_project/outputs_deepfake_project/dfdc_subset_77_jpg/test/real/real_000071.jpg,real,test,0,0.6605348587036133,1,clean,medium
/media/D1/ait_users/staff122/deepfake_project/outputs_deepfake_project/dfdc_subset_77_jpg/test/real/real_000072.jpg,real,test,0,0.28572386503219604,0,clean,medium
/media/D1/ait_users/staff122/deepfake_project/outputs_deepfake_project/dfdc_subset_77_jpg/test/real/real_000073.jpg,real,test,0,0.5006169080734253,1,clean,medium
/media/D1/ait_users/staff122/deepfake_project/outputs_deepfake_project/dfdc_subset_77_jpg/test/real/real_000074.jpg,real,test,0,0.6065150499343872,1,clean,medium
/media/D1/ait_users/staff122/deepfake_project/outputs_deepfake_project/dfdc_subset_77_jpg/test/real/real_000075.jpg,real,test,0,0.494732141494751,0,clean,medium
/media/D1/ait_users/staff122/deepfake_project/outputs_deepfake_project/dfdc_subset_77_jpg/test/real/real_000076.jpg,real,test,0,0.6210021376609802,1,clean,medium
/media/D1/ait_users/staff122/deepfake_project/outputs_deepfake_project/dfdc_subset_77_jpg/test/real/real_000077.jpg,real,test,0,0.5558313131332397,1,clean,medium
/media/D1/ait_users/staff122/deepfake_project/outputs_deepfake_project/dfdc_subset_77_jpg/test/real/real_000078.jpg,real,test,0,0.4647110402584076,0,clean,medium
/media/D1/ait_users/staff122/deepfake_project/outputs_deepfake_project/dfdc_subset_77_jpg/test/real/real_000079.jpg,real,test,0,0.546894907951355,1,clean,medium
/media/D1/ait_users/staff122/deepfake_project/outputs_deepfake_project/dfdc_subset_77_jpg/test/real/real_000080.jpg,real,test,0,0.91783607006073,1,clean,medium
/media/D1/ait_users/staff122/deepfake_project/outputs_deepfake_project/dfdc_subset_77_jpg/test/real/real_000081.jpg,real,test,0,0.8802324533462524,1,clean,medium
/media/D1/ait_users/staff122/deepfake_project/outputs_deepfake_project/dfdc_subset_77_jpg/test/real/real_000082.jpg,real,test,0,0.25986093282699585,0,clean,medium
/media/D1/ait_users/staff122/deepfake_project/outputs_deepfake_project/dfdc_subset_77_jpg/test/real/real_000083.jpg,real,test,0,0.8044381737709045,1,clean,medium
/media/D1/ait_users/staff122/deepfake_project/outputs_deepfake_project/dfdc_subset_77_jpg/test/real/real_000084.jpg,real,test,0,0.347942054271698,0,clean,medium
/media/D1/ait_users/staff122/deepfake_project/outputs_deepfake_project/dfdc_subset_77_jpg/test/real/real_000085.jpg,real,test,0,0.6469487547874451,1,clean,medium
/media/D1/ait_users/staff122/deepfake_project/outputs_deepfake_project/dfdc_subset_77_jpg/test/real/real_000086.jpg,real,test,0,0.379329651594162,0,clean,medium
/media/D1/ait_users/staff122/deepfake_project/outputs_deepfake_project/dfdc_subset_77_jpg/test/real/real_000087.jpg,real,test,0,0.6881809234619141,1,clean,medium
/media/D1/ait_users/staff122/deepfake_project/outputs_deepfake_project/dfdc_subset_77_jpg/test/real/real_000088.jpg,real,test,0,0.491314560174942,0,clean,medium
/media/D1/ait_users/staff122/deepfake_project/outputs_deepfake_project/dfdc_subset_77_jpg/test/real/real_000089.jpg,real,test,0,0.4104417860507965,0,clean,medium
/media/D1/ait_users/staff122/deepfake_project/outputs_deepfake_project/dfdc_subset_77_jpg/test/real/real_000090.jpg,real,test,0,0.5609794855117798,1,clean,medium
/media/D1/ait_users/staff122/deepfake_project/outputs_deepfake_project/dfdc_subset_77_jpg/test/real/real_000091.jpg,real,test,0,0.6169613599777222,1,clean,medium
/media/D1/ait_users/staff122/deepfake_project/outputs_deepfake_project/dfdc_subset_77_jpg/test/real/real_000092.jpg,real,test,0,0.49046775698661804,0,clean,medium
/media/D1/ait_users/staff122/deepfake_project/outputs_deepfake_project/dfdc_subset_77_jpg/test/real/real_000093.jpg,real,test,0,0.9015320539474487,1,clean,medium
/media/D1/ait_users/staff122/deepfake_project/outputs_deepfake_project/dfdc_subset_77_jpg/test/real/real_000094.jpg,real,test,0,0.6382662653923035,1,clean,medium
/media/D1/ait_users/staff122/deepfake_project/outputs_deepfake_project/dfdc_subset_77_jpg/test/real/real_000095.jpg,real,test,0,0.5303731560707092,1,clean,medium
/media/D1/ait_users/staff122/deepfake_project/outputs_deepfake_project/dfdc_subset_77_jpg/test/real/real_000096.jpg,real,test,0,0.46429410576820374,0,clean,medium
/media/D1/ait_users/staff122/deepfake_project/outputs_deepfake_project/dfdc_subset_77_jpg/test/real/real_000097.jpg,real,test,0,0.01611839048564434,0,clean,medium
/media/D1/ait_users/staff122/deepfake_project/outputs_deepfake_project/dfdc_subset_77_jpg/test/real/real_000098.jpg,real,test,0,0.0764278918504715,0,clean,medium
/media/D1/ait_users/staff122/deepfake_project/outputs_deepfake_project/dfdc_subset_77_jpg/test/real/real_000099.jpg,real,test,0,0.007961561903357506,0,clean,medium
/media/D1/ait_users/staff122/deepfake_project/outputs_deepfake_project/dfdc_subset_77_jpg/test/real/real_000100.jpg,real,test,0,0.012918089516460896,0,clean,medium
/media/D1/ait_users/staff122/deepfake_project/outputs_deepfake_project/dfdc_subset_77_jpg/test/real/real_000101.jpg,real,test,0,0.012503675185143948,0,clean,medium
/media/D1/ait_users/staff122/deepfake_project/outputs_deepfake_project/dfdc_subset_77_jpg/test/real/real_000102.jpg,real,test,0,0.1435145139694214,0,clean,medium
/media/D1/ait_users/staff122/deepfake_project/outputs_deepfake_project/dfdc_subset_77_jpg/test/real/real_000103.jpg,real,test,0,0.003226788016036153,0,clean,medium
/media/D1/ait_users/staff122/deepfake_project/outputs_deepfake_project/dfdc_subset_77_jpg/test/real/real_000104.jpg,real,test,0,0.14338210225105286,0,clean,medium
/media/D1/ait_users/staff122/deepfake_project/outputs_deepfake_project/dfdc_subset_77_jpg/test/real/real_000105.jpg,real,test,0,0.024935627356171608,0,clean,medium
/media/D1/ait_users/staff122/deepfake_project/outputs_deepfake_project/dfdc_subset_77_jpg/test/real/real_000106.jpg,real,test,0,0.3499709963798523,0,clean,medium
/media/D1/ait_users/staff122/deepfake_project/outputs_deepfake_project/dfdc_subset_77_jpg/test/real/real_000107.jpg,real,test,0,0.10388363152742386,0,clean,medium
/media/D1/ait_users/staff122/deepfake_project/outputs_deepfake_project/dfdc_subset_77_jpg/test/real/real_000108.jpg,real,test,0,0.14811813831329346,0,clean,medium
/media/D1/ait_users/staff122/deepfake_project/outputs_deepfake_project/dfdc_subset_77_jpg/test/real/real_000109.jpg,real,test,0,0.19657741487026215,0,clean,medium
/media/D1/ait_users/staff122/deepfake_project/outputs_deepfake_project/dfdc_subset_77_jpg/test/real/real_000110.jpg,real,test,0,0.14645333588123322,0,clean,medium
/media/D1/ait_users/staff122/deepfake_project/outputs_deepfake_project/dfdc_subset_77_jpg/test/real/real_000111.jpg,real,test,0,0.44007354974746704,0,clean,medium
/media/D1/ait_users/staff122/deepfake_project/outputs_deepfake_project/dfdc_subset_77_jpg/test/real/real_000112.jpg,real,test,0,0.25055497884750366,0,clean,medium
/media/D1/ait_users/staff122/deepfake_project/outputs_deepfake_project/dfdc_subset_77_jpg/test/real/real_000113.jpg,real,test,0,0.2569621801376343,0,clean,medium
/media/D1/ait_users/staff122/deepfake_project/outputs_deepfake_project/dfdc_subset_77_jpg/test/real/real_000114.jpg,real,test,0,0.13737840950489044,0,clean,medium
/media/D1/ait_users/staff122/deepfake_project/outputs_deepfake_project/dfdc_subset_77_jpg/test/real/real_000115.jpg,real,test,0,0.17356142401695251,0,clean,medium
/media/D1/ait_users/staff122/deepfake_project/outputs_deepfake_project/dfdc_subset_77_jpg/test/real/real_000116.jpg,real,test,0,0.17752625048160553,0,clean,medium
/media/D1/ait_users/staff122/deepfake_project/outputs_deepfake_project/dfdc_subset_77_jpg/test/real/real_000117.jpg,real,test,0,0.3625631034374237,0,clean,medium
/media/D1/ait_users/staff122/deepfake_project/outputs_deepfake_project/dfdc_subset_77_jpg/test/real/real_000118.jpg,real,test,0,0.2338537871837616,0,clean,medium
/media/D1/ait_users/staff122/deepfake_project/outputs_deepfake_project/dfdc_subset_77_jpg/test/real/real_000119.jpg,real,test,0,0.17387375235557556,0,clean,medium
/media/D1/ait_users/staff122/deepfake_project/outputs_deepfake_project/dfdc_subset_77_jpg/test/real/real_000120.jpg,real,test,0,0.0653640404343605,0,clean,medium
/media/D1/ait_users/staff122/deepfake_project/outputs_deepfake_project/dfdc_subset_77_jpg/test/real/real_000121.jpg,real,test,0,0.07741469144821167,0,clean,medium
/media/D1/ait_users/staff122/deepfake_project/outputs_deepfake_project/dfdc_subset_77_jpg/test/real/real_000122.jpg,real,test,0,0.16290004551410675,0,clean,medium
/media/D1/ait_users/staff122/deepfake_project/outputs_deepfake_project/dfdc_subset_77_jpg/test/real/real_000123.jpg,real,test,0,0.08646026253700256,0,clean,medium
/media/D1/ait_users/staff122/deepfake_project/outputs_deepfake_project/dfdc_subset_77_jpg/test/real/real_000124.jpg,real,test,0,0.17396336793899536,0,clean,medium
/media/D1/ait_users/staff122/deepfake_project/outputs_deepfake_project/dfdc_subset_77_jpg/test/real/real_000125.jpg,real,test,0,0.07540372014045715,0,clean,medium
/media/D1/ait_users/staff122/deepfake_project/outputs_deepfake_project/dfdc_subset_77_jpg/test/real/real_000126.jpg,real,test,0,0.0807456225156784,0,clean,medium
/media/D1/ait_users/staff122/deepfake_project/outputs_deepfake_project/dfdc_subset_77_jpg/test/real/real_000127.jpg,real,test,0,0.21241876482963562,0,clean,medium
/media/D1/ait_users/staff122/deepfake_project/outputs_deepfake_project/dfdc_subset_77_jpg/test/real/real_000128.jpg,real,test,0,0.1383432149887085,0,clean,medium
/media/D1/ait_users/staff122/deepfake_project/outputs_deepfake_project/dfdc_subset_77_jpg/test/real/real_000129.jpg,real,test,0,0.2048727571964264,0,clean,medium
/media/D1/ait_users/staff122/deepfake_project/outputs_deepfake_project/dfdc_subset_77_jpg/test/real/real_000130.jpg,real,test,0,0.23245830833911896,0,clean,medium
/media/D1/ait_users/staff122/deepfake_project/outputs_deepfake_project/dfdc_subset_77_jpg/test/real/real_000131.jpg,real,test,0,0.6642394065856934,1,clean,medium
/media/D1/ait_users/staff122/deepfake_project/outputs_deepfake_project/dfdc_subset_77_jpg/test/real/real_000132.jpg,real,test,0,0.3147793412208557,0,clean,medium
/media/D1/ait_users/staff122/deepfake_project/outputs_deepfake_project/dfdc_subset_77_jpg/test/real/real_000133.jpg,real,test,0,0.09957384318113327,0,clean,medium
/media/D1/ait_users/staff122/deepfake_project/outputs_deepfake_project/dfdc_subset_77_jpg/test/real/real_000134.jpg,real,test,0,0.1318604052066803,0,clean,medium
/media/D1/ait_users/staff122/deepfake_project/outputs_deepfake_project/dfdc_subset_77_jpg/test/real/real_000135.jpg,real,test,0,0.1981208622455597,0,clean,medium
/media/D1/ait_users/staff122/deepfake_project/outputs_deepfake_project/dfdc_subset_77_jpg/test/real/real_000136.jpg,real,test,0,0.17258423566818237,0,clean,medium
/media/D1/ait_users/staff122/deepfake_project/outputs_deepfake_project/dfdc_subset_77_jpg/test/real/real_000137.jpg,real,test,0,0.13439799845218658,0,clean,medium
/media/D1/ait_users/staff122/deepfake_project/outputs_deepfake_project/dfdc_subset_77_jpg/test/real/real_000138.jpg,real,test,0,0.13763241469860077,0,clean,medium
/media/D1/ait_users/staff122/deepfake_project/outputs_deepfake_project/dfdc_subset_77_jpg/test/real/real_000139.jpg,real,test,0,0.20651443302631378,0,clean,medium
/media/D1/ait_users/staff122/deepfake_project/outputs_deepfake_project/dfdc_subset_77_jpg/test/real/real_000140.jpg,real,test,0,0.1055801510810852,0,clean,medium
/media/D1/ait_users/staff122/deepfake_project/outputs_deepfake_project/dfdc_subset_77_jpg/test/real/real_000141.jpg,real,test,0,0.28317660093307495,0,clean,medium
/media/D1/ait_users/staff122/deepfake_project/outputs_deepfake_project/dfdc_subset_77_jpg/test/real/real_000142.jpg,real,test,0,0.2940221130847931,0,clean,medium
/media/D1/ait_users/staff122/deepfake_project/outputs_deepfake_project/dfdc_subset_77_jpg/test/real/real_000143.jpg,real,test,0,0.10774009674787521,0,clean,medium
/media/D1/ait_users/staff122/deepfake_project/outputs_deepfake_project/dfdc_subset_77_jpg/test/real/real_000144.jpg,real,test,0,0.15180794894695282,0,clean,medium
/media/D1/ait_users/staff122/deepfake_project/outputs_deepfake_project/dfdc_subset_77_jpg/test/real/real_000145.jpg,real,test,0,0.4016009271144867,0,clean,medium
/media/D1/ait_users/staff122/deepfake_project/outputs_deepfake_project/dfdc_subset_77_jpg/test/real/real_000146.jpg,real,test,0,0.23712575435638428,0,clean,medium
/media/D1/ait_users/staff122/deepfake_project/outputs_deepfake_project/dfdc_subset_77_jpg/test/real/real_000147.jpg,real,test,0,0.5435170531272888,1,clean,medium
/media/D1/ait_users/staff122/deepfake_project/outputs_deepfake_project/dfdc_subset_77_jpg/test/real/real_000148.jpg,real,test,0,0.16210943460464478,0,clean,medium
/media/D1/ait_users/staff122/deepfake_project/outputs_deepfake_project/dfdc_subset_77_jpg/test/real/real_000149.jpg,real,test,0,0.5475136041641235,1,clean,medium
/media/D1/ait_users/staff122/deepfake_project/outputs_deepfake_project/dfdc_subset_77_jpg/test/real/real_000150.jpg,real,test,0,0.1504354029893875,0,clean,medium
/media/D1/ait_users/staff122/deepfake_project/outputs_deepfake_project/dfdc_subset_77_jpg/test/real/real_000151.jpg,real,test,0,0.3302828073501587,0,clean,medium
/media/D1/ait_users/staff122/deepfake_project/outputs_deepfake_project/dfdc_subset_77_jpg/test/real/real_000152.jpg,real,test,0,0.23524247109889984,0,clean,medium
/media/D1/ait_users/staff122/deepfake_project/outputs_deepfake_project/dfdc_subset_77_jpg/test/real/real_000153.jpg,real,test,0,0.1441887766122818,0,clean,medium
/media/D1/ait_users/staff122/deepfake_project/outputs_deepfake_project/dfdc_subset_77_jpg/test/real/real_000154.jpg,real,test,0,0.4920661151409149,0,clean,medium
/media/D1/ait_users/staff122/deepfake_project/outputs_deepfake_project/dfdc_subset_77_jpg/test/real/real_000155.jpg,real,test,0,0.39512377977371216,0,clean,medium
/media/D1/ait_users/staff122/deepfake_project/outputs_deepfake_project/dfdc_subset_77_jpg/test/real/real_000156.jpg,real,test,0,0.3730235695838928,0,clean,medium
/media/D1/ait_users/staff122/deepfake_project/outputs_deepfake_project/dfdc_subset_77_jpg/test/real/real_000157.jpg,real,test,0,0.17706426978111267,0,clean,medium
/media/D1/ait_users/staff122/deepfake_project/outputs_deepfake_project/dfdc_subset_77_jpg/test/real/real_000158.jpg,real,test,0,0.7884936332702637,1,clean,medium
/media/D1/ait_users/staff122/deepfake_project/outputs_deepfake_project/dfdc_subset_77_jpg/test/real/real_000159.jpg,real,test,0,0.3680804669857025,0,clean,medium
/media/D1/ait_users/staff122/deepfake_project/outputs_deepfake_project/dfdc_subset_77_jpg/test/real/real_000160.jpg,real,test,0,0.007905896753072739,0,clean,medium
/media/D1/ait_users/staff122/deepfake_project/outputs_deepfake_project/dfdc_subset_77_jpg/test/real/real_000161.jpg,real,test,0,0.15085174143314362,0,clean,medium
/media/D1/ait_users/staff122/deepfake_project/outputs_deepfake_project/dfdc_subset_77_jpg/test/real/real_000162.jpg,real,test,0,0.2158963978290558,0,clean,medium
/media/D1/ait_users/staff122/deepfake_project/outputs_deepfake_project/dfdc_subset_77_jpg/test/real/real_000163.jpg,real,test,0,0.20089329779148102,0,clean,medium
/media/D1/ait_users/staff122/deepfake_project/outputs_deepfake_project/dfdc_subset_77_jpg/test/real/real_000164.jpg,real,test,0,0.219315305352211,0,clean,medium
/media/D1/ait_users/staff122/deepfake_project/outputs_deepfake_project/dfdc_subset_77_jpg/test/real/real_000165.jpg,real,test,0,0.5106940865516663,1,clean,medium
/media/D1/ait_users/staff122/deepfake_project/outputs_deepfake_project/dfdc_subset_77_jpg/test/real/real_000166.jpg,real,test,0,0.2055051624774933,0,clean,medium
/media/D1/ait_users/staff122/deepfake_project/outputs_deepfake_project/dfdc_subset_77_jpg/test/real/real_000167.jpg,real,test,0,0.4902040660381317,0,clean,medium
/media/D1/ait_users/staff122/deepfake_project/outputs_deepfake_project/dfdc_subset_77_jpg/test/real/real_000168.jpg,real,test,0,0.4686299264431,0,clean,medium
/media/D1/ait_users/staff122/deepfake_project/outputs_deepfake_project/dfdc_subset_77_jpg/test/real/real_000169.jpg,real,test,0,0.3694593012332916,0,clean,medium
/media/D1/ait_users/staff122/deepfake_project/outputs_deepfake_project/dfdc_subset_77_jpg/test/real/real_000170.jpg,real,test,0,0.48468413949012756,0,clean,medium
/media/D1/ait_users/staff122/deepfake_project/outputs_deepfake_project/dfdc_subset_77_jpg/test/real/real_000171.jpg,real,test,0,0.5171250700950623,1,clean,medium
/media/D1/ait_users/staff122/deepfake_project/outputs_deepfake_project/dfdc_subset_77_jpg/test/real/real_000172.jpg,real,test,0,0.30156102776527405,0,clean,medium
/media/D1/ait_users/staff122/deepfake_project/outputs_deepfake_project/dfdc_subset_77_jpg/test/real/real_000173.jpg,real,test,0,0.21665921807289124,0,clean,medium
/media/D1/ait_users/staff122/deepfake_project/outputs_deepfake_project/dfdc_subset_77_jpg/test/real/real_000174.jpg,real,test,0,0.49749937653541565,0,clean,medium
/media/D1/ait_users/staff122/deepfake_project/outputs_deepfake_project/dfdc_subset_77_jpg/test/real/real_000175.jpg,real,test,0,0.00419889111071825,0,clean,medium
/media/D1/ait_users/staff122/deepfake_project/outputs_deepfake_project/dfdc_subset_77_jpg/test/real/real_000176.jpg,real,test,0,0.01499235350638628,0,clean,medium
/media/D1/ait_users/staff122/deepfake_project/outputs_deepfake_project/dfdc_subset_77_jpg/test/real/real_000177.jpg,real,test,0,0.48893943428993225,0,clean,medium
/media/D1/ait_users/staff122/deepfake_project/outputs_deepfake_project/dfdc_subset_77_jpg/test/real/real_000178.jpg,real,test,0,0.14424480497837067,0,clean,medium
/media/D1/ait_users/staff122/deepfake_project/outputs_deepfake_project/dfdc_subset_77_jpg/test/real/real_000179.jpg,real,test,0,0.49232420325279236,0,clean,medium
/media/D1/ait_users/staff122/deepfake_project/outputs_deepfake_project/dfdc_subset_77_jpg/test/real/real_000180.jpg,real,test,0,0.009189746342599392,0,clean,medium
/media/D1/ait_users/staff122/deepfake_project/outputs_deepfake_project/dfdc_subset_77_jpg/test/real/real_000181.jpg,real,test,0,0.01185245718806982,0,clean,medium
/media/D1/ait_users/staff122/deepfake_project/outputs_deepfake_project/dfdc_subset_77_jpg/test/real/real_000182.jpg,real,test,0,0.015576940961182117,0,clean,medium
/media/D1/ait_users/staff122/deepfake_project/outputs_deepfake_project/dfdc_subset_77_jpg/test/real/real_000183.jpg,real,test,0,0.6144773960113525,1,clean,medium
/media/D1/ait_users/staff122/deepfake_project/outputs_deepfake_project/dfdc_subset_77_jpg/test/real/real_000184.jpg,real,test,0,0.06683062016963959,0,clean,medium
/media/D1/ait_users/staff122/deepfake_project/outputs_deepfake_project/dfdc_subset_77_jpg/test/real/real_000185.jpg,real,test,0,0.021153470501303673,0,clean,medium
/media/D1/ait_users/staff122/deepfake_project/outputs_deepfake_project/dfdc_subset_77_jpg/test/real/real_000186.jpg,real,test,0,0.13262905180454254,0,clean,medium
/media/D1/ait_users/staff122/deepfake_project/outputs_deepfake_project/dfdc_subset_77_jpg/test/real/real_000187.jpg,real,test,0,0.19891038537025452,0,clean,medium
/media/D1/ait_users/staff122/deepfake_project/outputs_deepfake_project/dfdc_subset_77_jpg/test/real/real_000188.jpg,real,test,0,0.26102325320243835,0,clean,medium
/media/D1/ait_users/staff122/deepfake_project/outputs_deepfake_project/dfdc_subset_77_jpg/test/real/real_000189.jpg,real,test,0,0.2351377159357071,0,clean,medium
/media/D1/ait_users/staff122/deepfake_project/outputs_deepfake_project/dfdc_subset_77_jpg/test/real/real_000190.jpg,real,test,0,0.45021364092826843,0,clean,medium
/media/D1/ait_users/staff122/deepfake_project/outputs_deepfake_project/dfdc_subset_77_jpg/test/real/real_000191.jpg,real,test,0,0.49631109833717346,0,clean,medium
/media/D1/ait_users/staff122/deepfake_project/outputs_deepfake_project/dfdc_subset_77_jpg/test/real/real_000192.jpg,real,test,0,0.3394972085952759,0,clean,medium
/media/D1/ait_users/staff122/deepfake_project/outputs_deepfake_project/dfdc_subset_77_jpg/test/real/real_000193.jpg,real,test,0,0.011593700386583805,0,clean,medium
/media/D1/ait_users/staff122/deepfake_project/outputs_deepfake_project/dfdc_subset_77_jpg/test/real/real_000194.jpg,real,test,0,0.18120858073234558,0,clean,medium
/media/D1/ait_users/staff122/deepfake_project/outputs_deepfake_project/dfdc_subset_77_jpg/test/real/real_000195.jpg,real,test,0,0.06715276092290878,0,clean,medium
/media/D1/ait_users/staff122/deepfake_project/outputs_deepfake_project/dfdc_subset_77_jpg/test/real/real_000196.jpg,real,test,0,0.3535038232803345,0,clean,medium
/media/D1/ait_users/staff122/deepfake_project/outputs_deepfake_project/dfdc_subset_77_jpg/test/real/real_000197.jpg,real,test,0,0.40416252613067627,0,clean,medium
/media/D1/ait_users/staff122/deepfake_project/outputs_deepfake_project/dfdc_subset_77_jpg/test/real/real_000198.jpg,real,test,0,0.43910959362983704,0,clean,medium
/media/D1/ait_users/staff122/deepfake_project/outputs_deepfake_project/dfdc_subset_77_jpg/test/real/real_000199.jpg,real,test,0,0.42396706342697144,0,clean,medium
/media/D1/ait_users/staff122/deepfake_project/outputs_deepfake_project/dfdc_subset_77_jpg/test/real/real_000200.jpg,real,test,0,0.39892563223838806,0,clean,medium
/media/D1/ait_users/staff122/deepfake_project/outputs_deepfake_project/dfdc_subset_77_jpg/test/real/real_000201.jpg,real,test,0,0.3318884074687958,0,clean,medium
/media/D1/ait_users/staff122/deepfake_project/outputs_deepfake_project/dfdc_subset_77_jpg/test/real/real_000202.jpg,real,test,0,0.5149738192558289,1,clean,medium
/media/D1/ait_users/staff122/deepfake_project/outputs_deepfake_project/dfdc_subset_77_jpg/test/real/real_000203.jpg,real,test,0,0.10549741983413696,0,clean,medium
/media/D1/ait_users/staff122/deepfake_project/outputs_deepfake_project/dfdc_subset_77_jpg/test/real/real_000204.jpg,real,test,0,0.09416702389717102,0,clean,medium
/media/D1/ait_users/staff122/deepfake_project/outputs_deepfake_project/dfdc_subset_77_jpg/test/real/real_000205.jpg,real,test,0,0.3886238932609558,0,clean,medium
/media/D1/ait_users/staff122/deepfake_project/outputs_deepfake_project/dfdc_subset_77_jpg/test/real/real_000206.jpg,real,test,0,0.40876805782318115,0,clean,medium
/media/D1/ait_users/staff122/deepfake_project/outputs_deepfake_project/dfdc_subset_77_jpg/test/real/real_000207.jpg,real,test,0,0.11282701790332794,0,clean,medium
/media/D1/ait_users/staff122/deepfake_project/outputs_deepfake_project/dfdc_subset_77_jpg/test/real/real_000208.jpg,real,test,0,0.08793608844280243,0,clean,medium
/media/D1/ait_users/staff122/deepfake_project/outputs_deepfake_project/dfdc_subset_77_jpg/test/real/real_000209.jpg,real,test,0,0.17077966034412384,0,clean,medium
/media/D1/ait_users/staff122/deepfake_project/outputs_deepfake_project/dfdc_subset_77_jpg/test/real/real_000210.jpg,real,test,0,0.5794281363487244,1,clean,medium
/media/D1/ait_users/staff122/deepfake_project/outputs_deepfake_project/dfdc_subset_77_jpg/test/real/real_000211.jpg,real,test,0,0.10401900857686996,0,clean,medium
/media/D1/ait_users/staff122/deepfake_project/outputs_deepfake_project/dfdc_subset_77_jpg/test/real/real_000212.jpg,real,test,0,0.3740062117576599,0,clean,medium
/media/D1/ait_users/staff122/deepfake_project/outputs_deepfake_project/dfdc_subset_77_jpg/test/real/real_000213.jpg,real,test,0,0.12923063337802887,0,clean,medium
/media/D1/ait_users/staff122/deepfake_project/outputs_deepfake_project/dfdc_subset_77_jpg/test/real/real_000214.jpg,real,test,0,0.04413232207298279,0,clean,medium
/media/D1/ait_users/staff122/deepfake_project/outputs_deepfake_project/dfdc_subset_77_jpg/test/real/real_000215.jpg,real,test,0,0.1661662608385086,0,clean,medium
/media/D1/ait_users/staff122/deepfake_project/outputs_deepfake_project/dfdc_subset_77_jpg/test/real/real_000216.jpg,real,test,0,0.3666580617427826,0,clean,medium
/media/D1/ait_users/staff122/deepfake_project/outputs_deepfake_project/dfdc_subset_77_jpg/test/real/real_000217.jpg,real,test,0,0.040622174739837646,0,clean,medium
/media/D1/ait_users/staff122/deepfake_project/outputs_deepfake_project/dfdc_subset_77_jpg/test/real/real_000218.jpg,real,test,0,0.0570259690284729,0,clean,medium
/media/D1/ait_users/staff122/deepfake_project/outputs_deepfake_project/dfdc_subset_77_jpg/test/real/real_000219.jpg,real,test,0,0.05498967319726944,0,clean,medium
/media/D1/ait_users/staff122/deepfake_project/outputs_deepfake_project/dfdc_subset_77_jpg/test/real/real_000220.jpg,real,test,0,0.5581285357475281,1,clean,medium
/media/D1/ait_users/staff122/deepfake_project/outputs_deepfake_project/dfdc_subset_77_jpg/test/real/real_000221.jpg,real,test,0,0.3787396252155304,0,clean,medium
/media/D1/ait_users/staff122/deepfake_project/outputs_deepfake_project/dfdc_subset_77_jpg/test/real/real_000222.jpg,real,test,0,0.05834835395216942,0,clean,medium
/media/D1/ait_users/staff122/deepfake_project/outputs_deepfake_project/dfdc_subset_77_jpg/test/real/real_000223.jpg,real,test,0,0.009826320223510265,0,clean,medium
/media/D1/ait_users/staff122/deepfake_project/outputs_deepfake_project/dfdc_subset_77_jpg/test/real/real_000224.jpg,real,test,0,0.0588645413517952,0,clean,medium
/media/D1/ait_users/staff122/deepfake_project/outputs_deepfake_project/dfdc_subset_77_jpg/test/real/real_000225.jpg,real,test,0,0.06899932026863098,0,clean,medium
/media/D1/ait_users/staff122/deepfake_project/outputs_deepfake_project/dfdc_subset_77_jpg/test/real/real_000226.jpg,real,test,0,0.15506112575531006,0,clean,medium
/media/D1/ait_users/staff122/deepfake_project/outputs_deepfake_project/dfdc_subset_77_jpg/test/real/real_000227.jpg,real,test,0,0.29068639874458313,0,clean,medium
/media/D1/ait_users/staff122/deepfake_project/outputs_deepfake_project/dfdc_subset_77_jpg/test/real/real_000228.jpg,real,test,0,0.21095037460327148,0,clean,medium
/media/D1/ait_users/staff122/deepfake_project/outputs_deepfake_project/dfdc_subset_77_jpg/test/real/real_000229.jpg,real,test,0,0.19248606264591217,0,clean,medium
/media/D1/ait_users/staff122/deepfake_project/outputs_deepfake_project/dfdc_subset_77_jpg/test/real/real_000230.jpg,real,test,0,0.07285932451486588,0,clean,medium
/media/D1/ait_users/staff122/deepfake_project/outputs_deepfake_project/dfdc_subset_77_jpg/test/real/real_000231.jpg,real,test,0,0.07914423197507858,0,clean,medium
/media/D1/ait_users/staff122/deepfake_project/outputs_deepfake_project/dfdc_subset_77_jpg/test/real/real_000232.jpg,real,test,0,0.026645878329873085,0,clean,medium
/media/D1/ait_users/staff122/deepfake_project/outputs_deepfake_project/dfdc_subset_77_jpg/test/real/real_000233.jpg,real,test,0,0.1809312105178833,0,clean,medium
/media/D1/ait_users/staff122/deepfake_project/outputs_deepfake_project/dfdc_subset_77_jpg/test/real/real_000234.jpg,real,test,0,0.05410982668399811,0,clean,medium
/media/D1/ait_users/staff122/deepfake_project/outputs_deepfake_project/dfdc_subset_77_jpg/test/real/real_000235.jpg,real,test,0,0.08753127604722977,0,clean,medium
/media/D1/ait_users/staff122/deepfake_project/outputs_deepfake_project/dfdc_subset_77_jpg/test/real/real_000236.jpg,real,test,0,0.12650170922279358,0,clean,medium
/media/D1/ait_users/staff122/deepfake_project/outputs_deepfake_project/dfdc_subset_77_jpg/test/real/real_000237.jpg,real,test,0,0.1801612228155136,0,clean,medium
/media/D1/ait_users/staff122/deepfake_project/outputs_deepfake_project/dfdc_subset_77_jpg/test/real/real_000238.jpg,real,test,0,0.18750636279582977,0,clean,medium
/media/D1/ait_users/staff122/deepfake_project/outputs_deepfake_project/dfdc_subset_77_jpg/test/real/real_000239.jpg,real,test,0,0.08565308898687363,0,clean,medium
/media/D1/ait_users/staff122/deepfake_project/outputs_deepfake_project/dfdc_subset_77_jpg/test/real/real_000240.jpg,real,test,0,0.3702739477157593,0,clean,medium
/media/D1/ait_users/staff122/deepfake_project/outputs_deepfake_project/dfdc_subset_77_jpg/test/real/real_000241.jpg,real,test,0,0.38650187849998474,0,clean,medium
/media/D1/ait_users/staff122/deepfake_project/outputs_deepfake_project/dfdc_subset_77_jpg/test/real/real_000242.jpg,real,test,0,0.1657285839319229,0,clean,medium
/media/D1/ait_users/staff122/deepfake_project/outputs_deepfake_project/dfdc_subset_77_jpg/test/real/real_000243.jpg,real,test,0,0.15908671915531158,0,clean,medium
/media/D1/ait_users/staff122/deepfake_project/outputs_deepfake_project/dfdc_subset_77_jpg/test/real/real_000244.jpg,real,test,0,0.021494964137673378,0,clean,medium
/media/D1/ait_users/staff122/deepfake_project/outputs_deepfake_project/dfdc_subset_77_jpg/test/real/real_000245.jpg,real,test,0,0.08403962850570679,0,clean,medium
/media/D1/ait_users/staff122/deepfake_project/outputs_deepfake_project/dfdc_subset_77_jpg/test/real/real_000246.jpg,real,test,0,0.14594686031341553,0,clean,medium
/media/D1/ait_users/staff122/deepfake_project/outputs_deepfake_project/dfdc_subset_77_jpg/test/real/real_000247.jpg,real,test,0,0.4494306743144989,0,clean,medium
/media/D1/ait_users/staff122/deepfake_project/outputs_deepfake_project/dfdc_subset_77_jpg/test/real/real_000248.jpg,real,test,0,0.0714225098490715,0,clean,medium
/media/D1/ait_users/staff122/deepfake_project/outputs_deepfake_project/dfdc_subset_77_jpg/test/real/real_000249.jpg,real,test,0,0.526943027973175,1,clean,medium
/media/D1/ait_users/staff122/deepfake_project/outputs_deepfake_project/dfdc_subset_77_jpg/test/real/real_000250.jpg,real,test,0,0.5716693997383118,1,clean,medium
/media/D1/ait_users/staff122/deepfake_project/outputs_deepfake_project/dfdc_subset_77_jpg/test/real/real_000251.jpg,real,test,0,0.280412882566452,0,clean,medium
/media/D1/ait_users/staff122/deepfake_project/outputs_deepfake_project/dfdc_subset_77_jpg/test/real/real_000252.jpg,real,test,0,0.5107006430625916,1,clean,medium
/media/D1/ait_users/staff122/deepfake_project/outputs_deepfake_project/dfdc_subset_77_jpg/test/real/real_000253.jpg,real,test,0,0.5407226085662842,1,clean,medium
/media/D1/ait_users/staff122/deepfake_project/outputs_deepfake_project/dfdc_subset_77_jpg/test/real/real_000254.jpg,real,test,0,0.25951850414276123,0,clean,medium
/media/D1/ait_users/staff122/deepfake_project/outputs_deepfake_project/dfdc_subset_77_jpg/test/real/real_000255.jpg,real,test,0,0.18733224272727966,0,clean,medium
/media/D1/ait_users/staff122/deepfake_project/outputs_deepfake_project/dfdc_subset_77_jpg/test/real/real_000256.jpg,real,test,0,0.01395572442561388,0,clean,medium
/media/D1/ait_users/staff122/deepfake_project/outputs_deepfake_project/dfdc_subset_77_jpg/test/real/real_000257.jpg,real,test,0,0.09192933887243271,0,clean,medium
/media/D1/ait_users/staff122/deepfake_project/outputs_deepfake_project/dfdc_subset_77_jpg/test/real/real_000258.jpg,real,test,0,0.026770764961838722,0,clean,medium
/media/D1/ait_users/staff122/deepfake_project/outputs_deepfake_project/dfdc_subset_77_jpg/test/real/real_000259.jpg,real,test,0,0.009170355275273323,0,clean,medium
/media/D1/ait_users/staff122/deepfake_project/outputs_deepfake_project/dfdc_subset_77_jpg/test/real/real_000260.jpg,real,test,0,0.028229422867298126,0,clean,medium
/media/D1/ait_users/staff122/deepfake_project/outputs_deepfake_project/dfdc_subset_77_jpg/test/real/real_000261.jpg,real,test,0,0.01097650732845068,0,clean,medium
/media/D1/ait_users/staff122/deepfake_project/outputs_deepfake_project/dfdc_subset_77_jpg/test/real/real_000262.jpg,real,test,0,0.08355499058961868,0,clean,medium
/media/D1/ait_users/staff122/deepfake_project/outputs_deepfake_project/dfdc_subset_77_jpg/test/real/real_000263.jpg,real,test,0,0.06962472945451736,0,clean,medium
/media/D1/ait_users/staff122/deepfake_project/outputs_deepfake_project/dfdc_subset_77_jpg/test/real/real_000264.jpg,real,test,0,0.18811647593975067,0,clean,medium
/media/D1/ait_users/staff122/deepfake_project/outputs_deepfake_project/dfdc_subset_77_jpg/test/real/real_000265.jpg,real,test,0,0.025082815438508987,0,clean,medium
/media/D1/ait_users/staff122/deepfake_project/outputs_deepfake_project/dfdc_subset_77_jpg/test/real/real_000266.jpg,real,test,0,0.010613257996737957,0,clean,medium
/media/D1/ait_users/staff122/deepfake_project/outputs_deepfake_project/dfdc_subset_77_jpg/test/real/real_000267.jpg,real,test,0,0.020398033782839775,0,clean,medium
/media/D1/ait_users/staff122/deepfake_project/outputs_deepfake_project/dfdc_subset_77_jpg/test/real/real_000268.jpg,real,test,0,0.019680442288517952,0,clean,medium
/media/D1/ait_users/staff122/deepfake_project/outputs_deepfake_project/dfdc_subset_77_jpg/test/real/real_000269.jpg,real,test,0,0.02105022966861725,0,clean,medium
/media/D1/ait_users/staff122/deepfake_project/outputs_deepfake_project/dfdc_subset_77_jpg/test/real/real_000270.jpg,real,test,0,0.013168689794838428,0,clean,medium
/media/D1/ait_users/staff122/deepfake_project/outputs_deepfake_project/dfdc_subset_77_jpg/test/real/real_000271.jpg,real,test,0,0.02308124303817749,0,clean,medium
/media/D1/ait_users/staff122/deepfake_project/outputs_deepfake_project/dfdc_subset_77_jpg/test/real/real_000272.jpg,real,test,0,0.005393228959292173,0,clean,medium
/media/D1/ait_users/staff122/deepfake_project/outputs_deepfake_project/dfdc_subset_77_jpg/test/real/real_000273.jpg,real,test,0,0.015196469612419605,0,clean,medium
/media/D1/ait_users/staff122/deepfake_project/outputs_deepfake_project/dfdc_subset_77_jpg/test/real/real_000274.jpg,real,test,0,0.03867819532752037,0,clean,medium
/media/D1/ait_users/staff122/deepfake_project/outputs_deepfake_project/dfdc_subset_77_jpg/test/real/real_000275.jpg,real,test,0,0.04168669879436493,0,clean,medium
/media/D1/ait_users/staff122/deepfake_project/outputs_deepfake_project/dfdc_subset_77_jpg/test/real/real_000276.jpg,real,test,0,0.01998896710574627,0,clean,medium
/media/D1/ait_users/staff122/deepfake_project/outputs_deepfake_project/dfdc_subset_77_jpg/test/real/real_000277.jpg,real,test,0,0.0040894197300076485,0,clean,medium
/media/D1/ait_users/staff122/deepfake_project/outputs_deepfake_project/dfdc_subset_77_jpg/test/real/real_000278.jpg,real,test,0,0.0032421026844531298,0,clean,medium
/media/D1/ait_users/staff122/deepfake_project/outputs_deepfake_project/dfdc_subset_77_jpg/test/real/real_000279.jpg,real,test,0,0.01591796614229679,0,clean,medium
/media/D1/ait_users/staff122/deepfake_project/outputs_deepfake_project/dfdc_subset_77_jpg/test/real/real_000280.jpg,real,test,0,0.007451084442436695,0,clean,medium
/media/D1/ait_users/staff122/deepfake_project/outputs_deepfake_project/dfdc_subset_77_jpg/test/real/real_000281.jpg,real,test,0,0.00679463567212224,0,clean,medium
/media/D1/ait_users/staff122/deepfake_project/outputs_deepfake_project/dfdc_subset_77_jpg/test/real/real_000282.jpg,real,test,0,0.007044666912406683,0,clean,medium
/media/D1/ait_users/staff122/deepfake_project/outputs_deepfake_project/dfdc_subset_77_jpg/test/real/real_000283.jpg,real,test,0,0.0040550269186496735,0,clean,medium
/media/D1/ait_users/staff122/deepfake_project/outputs_deepfake_project/dfdc_subset_77_jpg/test/real/real_000284.jpg,real,test,0,0.04237721487879753,0,clean,medium
/media/D1/ait_users/staff122/deepfake_project/outputs_deepfake_project/dfdc_subset_77_jpg/test/real/real_000285.jpg,real,test,0,0.011131410486996174,0,clean,medium
/media/D1/ait_users/staff122/deepfake_project/outputs_deepfake_project/dfdc_subset_77_jpg/test/real/real_000286.jpg,real,test,0,0.007079293020069599,0,clean,medium
/media/D1/ait_users/staff122/deepfake_project/outputs_deepfake_project/dfdc_subset_77_jpg/test/real/real_000287.jpg,real,test,0,0.0050273737870156765,0,clean,medium
/media/D1/ait_users/staff122/deepfake_project/outputs_deepfake_project/dfdc_subset_77_jpg/test/real/real_000288.jpg,real,test,0,0.26556482911109924,0,clean,medium
/media/D1/ait_users/staff122/deepfake_project/outputs_deepfake_project/dfdc_subset_77_jpg/test/real/real_000289.jpg,real,test,0,0.2566177546977997,0,clean,medium
/media/D1/ait_users/staff122/deepfake_project/outputs_deepfake_project/dfdc_subset_77_jpg/test/real/real_000290.jpg,real,test,0,0.25562986731529236,0,clean,medium
/media/D1/ait_users/staff122/deepfake_project/outputs_deepfake_project/dfdc_subset_77_jpg/test/real/real_000291.jpg,real,test,0,0.261297345161438,0,clean,medium
/media/D1/ait_users/staff122/deepfake_project/outputs_deepfake_project/dfdc_subset_77_jpg/test/real/real_000292.jpg,real,test,0,0.24142134189605713,0,clean,medium
/media/D1/ait_users/staff122/deepfake_project/outputs_deepfake_project/dfdc_subset_77_jpg/test/real/real_000293.jpg,real,test,0,0.2639801800251007,0,clean,medium
/media/D1/ait_users/staff122/deepfake_project/outputs_deepfake_project/dfdc_subset_77_jpg/test/real/real_000294.jpg,real,test,0,0.29138416051864624,0,clean,medium
/media/D1/ait_users/staff122/deepfake_project/outputs_deepfake_project/dfdc_subset_77_jpg/test/real/real_000295.jpg,real,test,0,0.3022478222846985,0,clean,medium
/media/D1/ait_users/staff122/deepfake_project/outputs_deepfake_project/dfdc_subset_77_jpg/test/real/real_000296.jpg,real,test,0,0.25484514236450195,0,clean,medium
/media/D1/ait_users/staff122/deepfake_project/outputs_deepfake_project/dfdc_subset_77_jpg/test/real/real_000297.jpg,real,test,0,0.2554611265659332,0,clean,medium
/media/D1/ait_users/staff122/deepfake_project/outputs_deepfake_project/dfdc_subset_77_jpg/test/real/real_000298.jpg,real,test,0,0.2242254763841629,0,clean,medium
/media/D1/ait_users/staff122/deepfake_project/outputs_deepfake_project/dfdc_subset_77_jpg/test/real/real_000299.jpg,real,test,0,0.32297271490097046,0,clean,medium
/media/D1/ait_users/staff122/deepfake_project/outputs_deepfake_project/dfdc_subset_77_jpg/test/real/real_000300.jpg,real,test,0,0.2517189681529999,0,clean,medium
/media/D1/ait_users/staff122/deepfake_project/outputs_deepfake_project/dfdc_subset_77_jpg/test/real/real_000301.jpg,real,test,0,0.25508812069892883,0,clean,medium
/media/D1/ait_users/staff122/deepfake_project/outputs_deepfake_project/dfdc_subset_77_jpg/test/real/real_000302.jpg,real,test,0,0.2539563477039337,0,clean,medium
/media/D1/ait_users/staff122/deepfake_project/outputs_deepfake_project/dfdc_subset_77_jpg/test/real/real_000303.jpg,real,test,0,0.2769440710544586,0,clean,medium
/media/D1/ait_users/staff122/deepfake_project/outputs_deepfake_project/dfdc_subset_77_jpg/test/real/real_000304.jpg,real,test,0,0.2804645299911499,0,clean,medium
/media/D1/ait_users/staff122/deepfake_project/outputs_deepfake_project/dfdc_subset_77_jpg/test/real/real_000305.jpg,real,test,0,0.3000519275665283,0,clean,medium
/media/D1/ait_users/staff122/deepfake_project/outputs_deepfake_project/dfdc_subset_77_jpg/test/real/real_000306.jpg,real,test,0,0.2491721659898758,0,clean,medium
/media/D1/ait_users/staff122/deepfake_project/outputs_deepfake_project/dfdc_subset_77_jpg/test/real/real_000307.jpg,real,test,0,0.27569252252578735,0,clean,medium
/media/D1/ait_users/staff122/deepfake_project/outputs_deepfake_project/dfdc_subset_77_jpg/test/real/real_000308.jpg,real,test,0,0.28084924817085266,0,clean,medium
/media/D1/ait_users/staff122/deepfake_project/outputs_deepfake_project/dfdc_subset_77_jpg/test/real/real_000309.jpg,real,test,0,0.23075227439403534,0,clean,medium
/media/D1/ait_users/staff122/deepfake_project/outputs_deepfake_project/dfdc_subset_77_jpg/test/real/real_000310.jpg,real,test,0,0.22850188612937927,0,clean,medium
/media/D1/ait_users/staff122/deepfake_project/outputs_deepfake_project/dfdc_subset_77_jpg/test/real/real_000311.jpg,real,test,0,0.19226156175136566,0,clean,medium
/media/D1/ait_users/staff122/deepfake_project/outputs_deepfake_project/dfdc_subset_77_jpg/test/real/real_000312.jpg,real,test,0,0.2851914167404175,0,clean,medium
/media/D1/ait_users/staff122/deepfake_project/outputs_deepfake_project/dfdc_subset_77_jpg/test/real/real_000313.jpg,real,test,0,0.1660362035036087,0,clean,medium
/media/D1/ait_users/staff122/deepfake_project/outputs_deepfake_project/dfdc_subset_77_jpg/test/real/real_000314.jpg,real,test,0,0.294772744178772,0,clean,medium
/media/D1/ait_users/staff122/deepfake_project/outputs_deepfake_project/dfdc_subset_77_jpg/test/real/real_000315.jpg,real,test,0,0.308622807264328,0,clean,medium
/media/D1/ait_users/staff122/deepfake_project/outputs_deepfake_project/dfdc_subset_77_jpg/test/real/real_000316.jpg,real,test,0,0.24727946519851685,0,clean,medium
/media/D1/ait_users/staff122/deepfake_project/outputs_deepfake_project/dfdc_subset_77_jpg/test/real/real_000317.jpg,real,test,0,0.26917651295661926,0,clean,medium
/media/D1/ait_users/staff122/deepfake_project/outputs_deepfake_project/dfdc_subset_77_jpg/test/real/real_000318.jpg,real,test,0,0.24052055180072784,0,clean,medium
/media/D1/ait_users/staff122/deepfake_project/outputs_deepfake_project/dfdc_subset_77_jpg/test/real/real_000319.jpg,real,test,0,0.2181536704301834,0,clean,medium
/media/D1/ait_users/staff122/deepfake_project/outputs_deepfake_project/dfdc_subset_77_jpg/test/real/real_000320.jpg,real,test,0,0.14387546479701996,0,clean,medium
/media/D1/ait_users/staff122/deepfake_project/outputs_deepfake_project/dfdc_subset_77_jpg/test/real/real_000321.jpg,real,test,0,0.3438987731933594,0,clean,medium
/media/D1/ait_users/staff122/deepfake_project/outputs_deepfake_project/dfdc_subset_77_jpg/test/real/real_000322.jpg,real,test,0,0.7217569947242737,1,clean,medium
/media/D1/ait_users/staff122/deepfake_project/outputs_deepfake_project/dfdc_subset_77_jpg/test/real/real_000323.jpg,real,test,0,0.27949845790863037,0,clean,medium
/media/D1/ait_users/staff122/deepfake_project/outputs_deepfake_project/dfdc_subset_77_jpg/test/real/real_000324.jpg,real,test,0,0.18690966069698334,0,clean,medium
/media/D1/ait_users/staff122/deepfake_project/outputs_deepfake_project/dfdc_subset_77_jpg/test/real/real_000325.jpg,real,test,0,0.06842193752527237,0,clean,medium
/media/D1/ait_users/staff122/deepfake_project/outputs_deepfake_project/dfdc_subset_77_jpg/test/real/real_000326.jpg,real,test,0,0.06889425218105316,0,clean,medium
/media/D1/ait_users/staff122/deepfake_project/outputs_deepfake_project/dfdc_subset_77_jpg/test/real/real_000327.jpg,real,test,0,0.14657539129257202,0,clean,medium
/media/D1/ait_users/staff122/deepfake_project/outputs_deepfake_project/dfdc_subset_77_jpg/test/real/real_000328.jpg,real,test,0,0.03001455031335354,0,clean,medium
/media/D1/ait_users/staff122/deepfake_project/outputs_deepfake_project/dfdc_subset_77_jpg/test/real/real_000329.jpg,real,test,0,0.10729988664388657,0,clean,medium
/media/D1/ait_users/staff122/deepfake_project/outputs_deepfake_project/dfdc_subset_77_jpg/test/real/real_000330.jpg,real,test,0,0.25027695298194885,0,clean,medium
/media/D1/ait_users/staff122/deepfake_project/outputs_deepfake_project/dfdc_subset_77_jpg/test/real/real_000331.jpg,real,test,0,0.33711907267570496,0,clean,medium
/media/D1/ait_users/staff122/deepfake_project/outputs_deepfake_project/dfdc_subset_77_jpg/test/real/real_000332.jpg,real,test,0,0.2865806221961975,0,clean,medium
/media/D1/ait_users/staff122/deepfake_project/outputs_deepfake_project/dfdc_subset_77_jpg/test/real/real_000333.jpg,real,test,0,0.21143223345279694,0,clean,medium
/media/D1/ait_users/staff122/deepfake_project/outputs_deepfake_project/dfdc_subset_77_jpg/test/real/real_000334.jpg,real,test,0,0.07996561378240585,0,clean,medium
/media/D1/ait_users/staff122/deepfake_project/outputs_deepfake_project/dfdc_subset_77_jpg/test/real/real_000335.jpg,real,test,0,0.056763648986816406,0,clean,medium
/media/D1/ait_users/staff122/deepfake_project/outputs_deepfake_project/dfdc_subset_77_jpg/test/real/real_000336.jpg,real,test,0,0.02938777208328247,0,clean,medium
/media/D1/ait_users/staff122/deepfake_project/outputs_deepfake_project/dfdc_subset_77_jpg/test/real/real_000337.jpg,real,test,0,0.6585309505462646,1,clean,medium
/media/D1/ait_users/staff122/deepfake_project/outputs_deepfake_project/dfdc_subset_77_jpg/test/real/real_000338.jpg,real,test,0,0.06340042501688004,0,clean,medium
/media/D1/ait_users/staff122/deepfake_project/outputs_deepfake_project/dfdc_subset_77_jpg/test/real/real_000339.jpg,real,test,0,0.18620295822620392,0,clean,medium
/media/D1/ait_users/staff122/deepfake_project/outputs_deepfake_project/dfdc_subset_77_jpg/test/real/real_000340.jpg,real,test,0,0.13247135281562805,0,clean,medium
/media/D1/ait_users/staff122/deepfake_project/outputs_deepfake_project/dfdc_subset_77_jpg/test/real/real_000341.jpg,real,test,0,0.03812028840184212,0,clean,medium
/media/D1/ait_users/staff122/deepfake_project/outputs_deepfake_project/dfdc_subset_77_jpg/test/real/real_000342.jpg,real,test,0,0.16920968890190125,0,clean,medium
/media/D1/ait_users/staff122/deepfake_project/outputs_deepfake_project/dfdc_subset_77_jpg/test/real/real_000343.jpg,real,test,0,0.0291220061480999,0,clean,medium
/media/D1/ait_users/staff122/deepfake_project/outputs_deepfake_project/dfdc_subset_77_jpg/test/real/real_000344.jpg,real,test,0,0.09864899516105652,0,clean,medium
/media/D1/ait_users/staff122/deepfake_project/outputs_deepfake_project/dfdc_subset_77_jpg/test/real/real_000345.jpg,real,test,0,0.5436835289001465,1,clean,medium
/media/D1/ait_users/staff122/deepfake_project/outputs_deepfake_project/dfdc_subset_77_jpg/test/real/real_000346.jpg,real,test,0,0.3093373477458954,0,clean,medium
/media/D1/ait_users/staff122/deepfake_project/outputs_deepfake_project/dfdc_subset_77_jpg/test/real/real_000347.jpg,real,test,0,0.09543945640325546,0,clean,medium
/media/D1/ait_users/staff122/deepfake_project/outputs_deepfake_project/dfdc_subset_77_jpg/test/real/real_000348.jpg,real,test,0,0.04112884774804115,0,clean,medium
/media/D1/ait_users/staff122/deepfake_project/outputs_deepfake_project/dfdc_subset_77_jpg/test/real/real_000349.jpg,real,test,0,0.16488075256347656,0,clean,medium
/media/D1/ait_users/staff122/deepfake_project/outputs_deepfake_project/dfdc_subset_77_jpg/test/real/real_000350.jpg,real,test,0,0.24614077806472778,0,clean,medium
/media/D1/ait_users/staff122/deepfake_project/outputs_deepfake_project/dfdc_subset_77_jpg/test/real/real_000351.jpg,real,test,0,0.3730657398700714,0,clean,medium
/media/D1/ait_users/staff122/deepfake_project/outputs_deepfake_project/dfdc_subset_77_jpg/test/real/real_000352.jpg,real,test,0,0.07038567215204239,0,clean,medium
/media/D1/ait_users/staff122/deepfake_project/outputs_deepfake_project/dfdc_subset_77_jpg/test/real/real_000353.jpg,real,test,0,0.2904677987098694,0,clean,medium
/media/D1/ait_users/staff122/deepfake_project/outputs_deepfake_project/dfdc_subset_77_jpg/test/real/real_000354.jpg,real,test,0,0.481018990278244,0,clean,medium
/media/D1/ait_users/staff122/deepfake_project/outputs_deepfake_project/dfdc_subset_77_jpg/test/real/real_000355.jpg,real,test,0,0.41092267632484436,0,clean,medium
/media/D1/ait_users/staff122/deepfake_project/outputs_deepfake_project/dfdc_subset_77_jpg/test/real/real_000356.jpg,real,test,0,0.33892330527305603,0,clean,medium
/media/D1/ait_users/staff122/deepfake_project/outputs_deepfake_project/dfdc_subset_77_jpg/test/real/real_000357.jpg,real,test,0,0.1921457201242447,0,clean,medium
/media/D1/ait_users/staff122/deepfake_project/outputs_deepfake_project/dfdc_subset_77_jpg/test/real/real_000358.jpg,real,test,0,0.5325291156768799,1,clean,medium
/media/D1/ait_users/staff122/deepfake_project/outputs_deepfake_project/dfdc_subset_77_jpg/test/real/real_000359.jpg,real,test,0,0.45723700523376465,0,clean,medium
/media/D1/ait_users/staff122/deepfake_project/outputs_deepfake_project/dfdc_subset_77_jpg/test/real/real_000360.jpg,real,test,0,0.4200062155723572,0,clean,medium
/media/D1/ait_users/staff122/deepfake_project/outputs_deepfake_project/dfdc_subset_77_jpg/test/real/real_000361.jpg,real,test,0,0.2763414978981018,0,clean,medium
/media/D1/ait_users/staff122/deepfake_project/outputs_deepfake_project/dfdc_subset_77_jpg/test/real/real_000362.jpg,real,test,0,0.4622863233089447,0,clean,medium
/media/D1/ait_users/staff122/deepfake_project/outputs_deepfake_project/dfdc_subset_77_jpg/test/real/real_000363.jpg,real,test,0,0.41244614124298096,0,clean,medium
/media/D1/ait_users/staff122/deepfake_project/outputs_deepfake_project/dfdc_subset_77_jpg/test/real/real_000364.jpg,real,test,0,0.6140784025192261,1,clean,medium
/media/D1/ait_users/staff122/deepfake_project/outputs_deepfake_project/dfdc_subset_77_jpg/test/real/real_000365.jpg,real,test,0,0.5642318725585938,1,clean,medium
/media/D1/ait_users/staff122/deepfake_project/outputs_deepfake_project/dfdc_subset_77_jpg/test/real/real_000366.jpg,real,test,0,0.5653225779533386,1,clean,medium
/media/D1/ait_users/staff122/deepfake_project/outputs_deepfake_project/dfdc_subset_77_jpg/test/real/real_000367.jpg,real,test,0,0.4182954728603363,0,clean,medium
/media/D1/ait_users/staff122/deepfake_project/outputs_deepfake_project/dfdc_subset_77_jpg/test/real/real_000368.jpg,real,test,0,0.28503087162971497,0,clean,medium
/media/D1/ait_users/staff122/deepfake_project/outputs_deepfake_project/dfdc_subset_77_jpg/test/real/real_000369.jpg,real,test,0,0.697249174118042,1,clean,medium
/media/D1/ait_users/staff122/deepfake_project/outputs_deepfake_project/dfdc_subset_77_jpg/test/real/real_000370.jpg,real,test,0,0.4092944264411926,0,clean,medium
/media/D1/ait_users/staff122/deepfake_project/outputs_deepfake_project/dfdc_subset_77_jpg/test/real/real_000371.jpg,real,test,0,0.07852985709905624,0,clean,medium
/media/D1/ait_users/staff122/deepfake_project/outputs_deepfake_project/dfdc_subset_77_jpg/test/real/real_000372.jpg,real,test,0,0.1443612426519394,0,clean,medium
/media/D1/ait_users/staff122/deepfake_project/outputs_deepfake_project/dfdc_subset_77_jpg/test/real/real_000373.jpg,real,test,0,0.47252655029296875,0,clean,medium
/media/D1/ait_users/staff122/deepfake_project/outputs_deepfake_project/dfdc_subset_77_jpg/test/real/real_000374.jpg,real,test,0,0.2851445972919464,0,clean,medium
/media/D1/ait_users/staff122/deepfake_project/outputs_deepfake_project/dfdc_subset_77_jpg/test/real/real_000375.jpg,real,test,0,0.6825863718986511,1,clean,medium
/media/D1/ait_users/staff122/deepfake_project/outputs_deepfake_project/dfdc_subset_77_jpg/test/real/real_000376.jpg,real,test,0,0.5065529346466064,1,clean,medium
/media/D1/ait_users/staff122/deepfake_project/outputs_deepfake_project/dfdc_subset_77_jpg/test/real/real_000377.jpg,real,test,0,0.15986214578151703,0,clean,medium
/media/D1/ait_users/staff122/deepfake_project/outputs_deepfake_project/dfdc_subset_77_jpg/test/real/real_000378.jpg,real,test,0,0.520758867263794,1,clean,medium
/media/D1/ait_users/staff122/deepfake_project/outputs_deepfake_project/dfdc_subset_77_jpg/test/real/real_000379.jpg,real,test,0,0.2070641964673996,0,clean,medium
/media/D1/ait_users/staff122/deepfake_project/outputs_deepfake_project/dfdc_subset_77_jpg/test/real/real_000380.jpg,real,test,0,0.2806062400341034,0,clean,medium
/media/D1/ait_users/staff122/deepfake_project/outputs_deepfake_project/dfdc_subset_77_jpg/test/real/real_000381.jpg,real,test,0,0.6811580657958984,1,clean,medium
/media/D1/ait_users/staff122/deepfake_project/outputs_deepfake_project/dfdc_subset_77_jpg/test/real/real_000382.jpg,real,test,0,0.5232979655265808,1,clean,medium
/media/D1/ait_users/staff122/deepfake_project/outputs_deepfake_project/dfdc_subset_77_jpg/test/real/real_000383.jpg,real,test,0,0.2012508660554886,0,clean,medium
/media/D1/ait_users/staff122/deepfake_project/outputs_deepfake_project/dfdc_subset_77_jpg/test/real/real_000384.jpg,real,test,0,0.8850316405296326,1,clean,medium
/media/D1/ait_users/staff122/deepfake_project/outputs_deepfake_project/dfdc_subset_77_jpg/test/real/real_000385.jpg,real,test,0,0.6554625034332275,1,clean,medium
/media/D1/ait_users/staff122/deepfake_project/outputs_deepfake_project/dfdc_subset_77_jpg/test/real/real_000386.jpg,real,test,0,0.3567456901073456,0,clean,medium
/media/D1/ait_users/staff122/deepfake_project/outputs_deepfake_project/dfdc_subset_77_jpg/test/real/real_000387.jpg,real,test,0,0.21973557770252228,0,clean,medium
/media/D1/ait_users/staff122/deepfake_project/outputs_deepfake_project/dfdc_subset_77_jpg/test/real/real_000388.jpg,real,test,0,0.09845402836799622,0,clean,medium
/media/D1/ait_users/staff122/deepfake_project/outputs_deepfake_project/dfdc_subset_77_jpg/test/real/real_000389.jpg,real,test,0,0.04911812022328377,0,clean,medium
/media/D1/ait_users/staff122/deepfake_project/outputs_deepfake_project/dfdc_subset_77_jpg/test/real/real_000390.jpg,real,test,0,0.07447409629821777,0,clean,medium
/media/D1/ait_users/staff122/deepfake_project/outputs_deepfake_project/dfdc_subset_77_jpg/test/real/real_000391.jpg,real,test,0,0.24868269264698029,0,clean,medium
/media/D1/ait_users/staff122/deepfake_project/outputs_deepfake_project/dfdc_subset_77_jpg/test/real/real_000392.jpg,real,test,0,0.2360062301158905,0,clean,medium
/media/D1/ait_users/staff122/deepfake_project/outputs_deepfake_project/dfdc_subset_77_jpg/test/real/real_000393.jpg,real,test,0,0.10293938964605331,0,clean,medium
/media/D1/ait_users/staff122/deepfake_project/outputs_deepfake_project/dfdc_subset_77_jpg/test/real/real_000394.jpg,real,test,0,0.039573170244693756,0,clean,medium
/media/D1/ait_users/staff122/deepfake_project/outputs_deepfake_project/dfdc_subset_77_jpg/test/real/real_000395.jpg,real,test,0,0.05914226919412613,0,clean,medium
/media/D1/ait_users/staff122/deepfake_project/outputs_deepfake_project/dfdc_subset_77_jpg/test/real/real_000396.jpg,real,test,0,0.21392418444156647,0,clean,medium
/media/D1/ait_users/staff122/deepfake_project/outputs_deepfake_project/dfdc_subset_77_jpg/test/real/real_000397.jpg,real,test,0,0.27117860317230225,0,clean,medium
/media/D1/ait_users/staff122/deepfake_project/outputs_deepfake_project/dfdc_subset_77_jpg/test/real/real_000398.jpg,real,test,0,0.6374611854553223,1,clean,medium
/media/D1/ait_users/staff122/deepfake_project/outputs_deepfake_project/dfdc_subset_77_jpg/test/real/real_000399.jpg,real,test,0,0.09308825433254242,0,clean,medium
/media/D1/ait_users/staff122/deepfake_project/outputs_deepfake_project/dfdc_subset_77_jpg/test/real/real_000400.jpg,real,test,0,0.31731393933296204,0,clean,medium
/media/D1/ait_users/staff122/deepfake_project/outputs_deepfake_project/dfdc_subset_77_jpg/test/real/real_000401.jpg,real,test,0,0.17525576055049896,0,clean,medium
/media/D1/ait_users/staff122/deepfake_project/outputs_deepfake_project/dfdc_subset_77_jpg/test/real/real_000402.jpg,real,test,0,0.833541989326477,1,clean,medium
/media/D1/ait_users/staff122/deepfake_project/outputs_deepfake_project/dfdc_subset_77_jpg/test/real/real_000403.jpg,real,test,0,0.16497685015201569,0,clean,medium
/media/D1/ait_users/staff122/deepfake_project/outputs_deepfake_project/dfdc_subset_77_jpg/test/real/real_000404.jpg,real,test,0,0.18505889177322388,0,clean,medium
/media/D1/ait_users/staff122/deepfake_project/outputs_deepfake_project/dfdc_subset_77_jpg/test/real/real_000405.jpg,real,test,0,0.7862818241119385,1,clean,medium
/media/D1/ait_users/staff122/deepfake_project/outputs_deepfake_project/dfdc_subset_77_jpg/test/real/real_000406.jpg,real,test,0,0.3058091700077057,0,clean,medium
/media/D1/ait_users/staff122/deepfake_project/outputs_deepfake_project/dfdc_subset_77_jpg/test/real/real_000407.jpg,real,test,0,0.09665573388338089,0,clean,medium
/media/D1/ait_users/staff122/deepfake_project/outputs_deepfake_project/dfdc_subset_77_jpg/test/real/real_000408.jpg,real,test,0,0.06888610869646072,0,clean,medium
/media/D1/ait_users/staff122/deepfake_project/outputs_deepfake_project/dfdc_subset_77_jpg/test/real/real_000409.jpg,real,test,0,0.04687575623393059,0,clean,medium
/media/D1/ait_users/staff122/deepfake_project/outputs_deepfake_project/dfdc_subset_77_jpg/test/real/real_000410.jpg,real,test,0,0.15177854895591736,0,clean,medium
/media/D1/ait_users/staff122/deepfake_project/outputs_deepfake_project/dfdc_subset_77_jpg/test/real/real_000411.jpg,real,test,0,0.2829103171825409,0,clean,medium
/media/D1/ait_users/staff122/deepfake_project/outputs_deepfake_project/dfdc_subset_77_jpg/test/real/real_000412.jpg,real,test,0,0.1746056228876114,0,clean,medium
/media/D1/ait_users/staff122/deepfake_project/outputs_deepfake_project/dfdc_subset_77_jpg/test/real/real_000413.jpg,real,test,0,0.4054208993911743,0,clean,medium
/media/D1/ait_users/staff122/deepfake_project/outputs_deepfake_project/dfdc_subset_77_jpg/test/real/real_000414.jpg,real,test,0,0.5539645552635193,1,clean,medium
/media/D1/ait_users/staff122/deepfake_project/outputs_deepfake_project/dfdc_subset_77_jpg/test/real/real_000415.jpg,real,test,0,0.38531842827796936,0,clean,medium
/media/D1/ait_users/staff122/deepfake_project/outputs_deepfake_project/dfdc_subset_77_jpg/test/real/real_000416.jpg,real,test,0,0.1774829924106598,0,clean,medium
/media/D1/ait_users/staff122/deepfake_project/outputs_deepfake_project/dfdc_subset_77_jpg/test/real/real_000417.jpg,real,test,0,0.47079646587371826,0,clean,medium
/media/D1/ait_users/staff122/deepfake_project/outputs_deepfake_project/dfdc_subset_77_jpg/test/real/real_000418.jpg,real,test,0,0.29472166299819946,0,clean,medium
/media/D1/ait_users/staff122/deepfake_project/outputs_deepfake_project/dfdc_subset_77_jpg/test/real/real_000419.jpg,real,test,0,0.3866081237792969,0,clean,medium
/media/D1/ait_users/staff122/deepfake_project/outputs_deepfake_project/dfdc_subset_77_jpg/test/real/real_000420.jpg,real,test,0,0.29429367184638977,0,clean,medium
/media/D1/ait_users/staff122/deepfake_project/outputs_deepfake_project/dfdc_subset_77_jpg/test/real/real_000421.jpg,real,test,0,0.5503920912742615,1,clean,medium
/media/D1/ait_users/staff122/deepfake_project/outputs_deepfake_project/dfdc_subset_77_jpg/test/real/real_000422.jpg,real,test,0,0.2517051696777344,0,clean,medium
/media/D1/ait_users/staff122/deepfake_project/outputs_deepfake_project/dfdc_subset_77_jpg/test/real/real_000423.jpg,real,test,0,0.4111458361148834,0,clean,medium
/media/D1/ait_users/staff122/deepfake_project/outputs_deepfake_project/dfdc_subset_77_jpg/test/real/real_000424.jpg,real,test,0,0.44926169514656067,0,clean,medium
/media/D1/ait_users/staff122/deepfake_project/outputs_deepfake_project/dfdc_subset_77_jpg/test/real/real_000425.jpg,real,test,0,0.44393986463546753,0,clean,medium
/media/D1/ait_users/staff122/deepfake_project/outputs_deepfake_project/dfdc_subset_77_jpg/test/real/real_000426.jpg,real,test,0,0.3795696794986725,0,clean,medium
/media/D1/ait_users/staff122/deepfake_project/outputs_deepfake_project/dfdc_subset_77_jpg/test/real/real_000427.jpg,real,test,0,0.2029820829629898,0,clean,medium
/media/D1/ait_users/staff122/deepfake_project/outputs_deepfake_project/dfdc_subset_77_jpg/test/real/real_000428.jpg,real,test,0,0.5576879382133484,1,clean,medium
/media/D1/ait_users/staff122/deepfake_project/outputs_deepfake_project/dfdc_subset_77_jpg/test/real/real_000429.jpg,real,test,0,0.20304200053215027,0,clean,medium
/media/D1/ait_users/staff122/deepfake_project/outputs_deepfake_project/dfdc_subset_77_jpg/test/real/real_000430.jpg,real,test,0,0.09635982662439346,0,clean,medium
/media/D1/ait_users/staff122/deepfake_project/outputs_deepfake_project/dfdc_subset_77_jpg/test/real/real_000431.jpg,real,test,0,0.09726092964410782,0,clean,medium
/media/D1/ait_users/staff122/deepfake_project/outputs_deepfake_project/dfdc_subset_77_jpg/test/real/real_000432.jpg,real,test,0,0.1899813860654831,0,clean,medium
/media/D1/ait_users/staff122/deepfake_project/outputs_deepfake_project/dfdc_subset_77_jpg/test/real/real_000433.jpg,real,test,0,0.0750388354063034,0,clean,medium
/media/D1/ait_users/staff122/deepfake_project/outputs_deepfake_project/dfdc_subset_77_jpg/test/real/real_000434.jpg,real,test,0,0.07526905089616776,0,clean,medium
/media/D1/ait_users/staff122/deepfake_project/outputs_deepfake_project/dfdc_subset_77_jpg/test/real/real_000435.jpg,real,test,0,0.050056342035532,0,clean,medium
/media/D1/ait_users/staff122/deepfake_project/outputs_deepfake_project/dfdc_subset_77_jpg/test/real/real_000436.jpg,real,test,0,0.11299660801887512,0,clean,medium
/media/D1/ait_users/staff122/deepfake_project/outputs_deepfake_project/dfdc_subset_77_jpg/test/real/real_000437.jpg,real,test,0,0.41285157203674316,0,clean,medium
/media/D1/ait_users/staff122/deepfake_project/outputs_deepfake_project/dfdc_subset_77_jpg/test/real/real_000438.jpg,real,test,0,0.8077433705329895,1,clean,medium
/media/D1/ait_users/staff122/deepfake_project/outputs_deepfake_project/dfdc_subset_77_jpg/test/real/real_000439.jpg,real,test,0,0.12757670879364014,0,clean,medium
/media/D1/ait_users/staff122/deepfake_project/outputs_deepfake_project/dfdc_subset_77_jpg/test/real/real_000440.jpg,real,test,0,0.22603468596935272,0,clean,medium
/media/D1/ait_users/staff122/deepfake_project/outputs_deepfake_project/dfdc_subset_77_jpg/test/real/real_000441.jpg,real,test,0,0.05413486808538437,0,clean,medium
/media/D1/ait_users/staff122/deepfake_project/outputs_deepfake_project/dfdc_subset_77_jpg/test/real/real_000442.jpg,real,test,0,0.41312798857688904,0,clean,medium
/media/D1/ait_users/staff122/deepfake_project/outputs_deepfake_project/dfdc_subset_77_jpg/test/real/real_000443.jpg,real,test,0,0.1681041121482849,0,clean,medium
/media/D1/ait_users/staff122/deepfake_project/outputs_deepfake_project/dfdc_subset_77_jpg/test/real/real_000444.jpg,real,test,0,0.1539764404296875,0,clean,medium
/media/D1/ait_users/staff122/deepfake_project/outputs_deepfake_project/dfdc_subset_77_jpg/test/real/real_000445.jpg,real,test,0,0.272133469581604,0,clean,medium
/media/D1/ait_users/staff122/deepfake_project/outputs_deepfake_project/dfdc_subset_77_jpg/test/real/real_000446.jpg,real,test,0,0.08188890665769577,0,clean,medium
/media/D1/ait_users/staff122/deepfake_project/outputs_deepfake_project/dfdc_subset_77_jpg/test/real/real_000447.jpg,real,test,0,0.02743159793317318,0,clean,medium
/media/D1/ait_users/staff122/deepfake_project/outputs_deepfake_project/dfdc_subset_77_jpg/test/real/real_000448.jpg,real,test,0,0.7744156122207642,1,clean,medium
/media/D1/ait_users/staff122/deepfake_project/outputs_deepfake_project/dfdc_subset_77_jpg/test/real/real_000449.jpg,real,test,0,0.9033802151679993,1,clean,medium
/media/D1/ait_users/staff122/deepfake_project/outputs_deepfake_project/dfdc_subset_77_jpg/test/real/real_000450.jpg,real,test,0,0.9106374979019165,1,clean,medium
/media/D1/ait_users/staff122/deepfake_project/outputs_deepfake_project/dfdc_subset_77_jpg/test/real/real_000451.jpg,real,test,0,0.838792622089386,1,clean,medium
/media/D1/ait_users/staff122/deepfake_project/outputs_deepfake_project/dfdc_subset_77_jpg/test/real/real_000452.jpg,real,test,0,0.7340279817581177,1,clean,medium
/media/D1/ait_users/staff122/deepfake_project/outputs_deepfake_project/dfdc_subset_77_jpg/test/real/real_000453.jpg,real,test,0,0.31224972009658813,0,clean,medium
/media/D1/ait_users/staff122/deepfake_project/outputs_deepfake_project/dfdc_subset_77_jpg/test/real/real_000454.jpg,real,test,0,0.4843110740184784,0,clean,medium
/media/D1/ait_users/staff122/deepfake_project/outputs_deepfake_project/dfdc_subset_77_jpg/test/real/real_000455.jpg,real,test,0,0.7202025055885315,1,clean,medium
/media/D1/ait_users/staff122/deepfake_project/outputs_deepfake_project/dfdc_subset_77_jpg/test/real/real_000456.jpg,real,test,0,0.14698028564453125,0,clean,medium
/media/D1/ait_users/staff122/deepfake_project/outputs_deepfake_project/dfdc_subset_77_jpg/test/real/real_000457.jpg,real,test,0,0.7956404685974121,1,clean,medium
/media/D1/ait_users/staff122/deepfake_project/outputs_deepfake_project/dfdc_subset_77_jpg/test/real/real_000458.jpg,real,test,0,0.3806599974632263,0,clean,medium
/media/D1/ait_users/staff122/deepfake_project/outputs_deepfake_project/dfdc_subset_77_jpg/test/real/real_000459.jpg,real,test,0,0.47344639897346497,0,clean,medium
/media/D1/ait_users/staff122/deepfake_project/outputs_deepfake_project/dfdc_subset_77_jpg/test/real/real_000460.jpg,real,test,0,0.4827116131782532,0,clean,medium
/media/D1/ait_users/staff122/deepfake_project/outputs_deepfake_project/dfdc_subset_77_jpg/test/real/real_000461.jpg,real,test,0,0.4685899317264557,0,clean,medium
/media/D1/ait_users/staff122/deepfake_project/outputs_deepfake_project/dfdc_subset_77_jpg/test/real/real_000462.jpg,real,test,0,0.33405813574790955,0,clean,medium
/media/D1/ait_users/staff122/deepfake_project/outputs_deepfake_project/dfdc_subset_77_jpg/test/real/real_000463.jpg,real,test,0,0.35812920331954956,0,clean,medium
/media/D1/ait_users/staff122/deepfake_project/outputs_deepfake_project/dfdc_subset_77_jpg/test/real/real_000464.jpg,real,test,0,0.37977758049964905,0,clean,medium
/media/D1/ait_users/staff122/deepfake_project/outputs_deepfake_project/dfdc_subset_77_jpg/test/real/real_000465.jpg,real,test,0,0.3374735713005066,0,clean,medium
/media/D1/ait_users/staff122/deepfake_project/outputs_deepfake_project/dfdc_subset_77_jpg/test/real/real_000466.jpg,real,test,0,0.30566078424453735,0,clean,medium
/media/D1/ait_users/staff122/deepfake_project/outputs_deepfake_project/dfdc_subset_77_jpg/test/real/real_000467.jpg,real,test,0,0.6508095264434814,1,clean,medium
/media/D1/ait_users/staff122/deepfake_project/outputs_deepfake_project/dfdc_subset_77_jpg/test/real/real_000468.jpg,real,test,0,0.11465563625097275,0,clean,medium
/media/D1/ait_users/staff122/deepfake_project/outputs_deepfake_project/dfdc_subset_77_jpg/test/real/real_000469.jpg,real,test,0,0.4161641001701355,0,clean,medium
/media/D1/ait_users/staff122/deepfake_project/outputs_deepfake_project/dfdc_subset_77_jpg/test/real/real_000470.jpg,real,test,0,0.947615921497345,1,clean,medium
/media/D1/ait_users/staff122/deepfake_project/outputs_deepfake_project/dfdc_subset_77_jpg/test/real/real_000471.jpg,real,test,0,0.8847953081130981,1,clean,medium
/media/D1/ait_users/staff122/deepfake_project/outputs_deepfake_project/dfdc_subset_77_jpg/test/real/real_000472.jpg,real,test,0,0.4467737674713135,0,clean,medium
/media/D1/ait_users/staff122/deepfake_project/outputs_deepfake_project/dfdc_subset_77_jpg/test/real/real_000473.jpg,real,test,0,0.6709710359573364,1,clean,medium
/media/D1/ait_users/staff122/deepfake_project/outputs_deepfake_project/dfdc_subset_77_jpg/test/real/real_000474.jpg,real,test,0,0.08665848523378372,0,clean,medium
/media/D1/ait_users/staff122/deepfake_project/outputs_deepfake_project/dfdc_subset_77_jpg/test/real/real_000475.jpg,real,test,0,0.3240005373954773,0,clean,medium
/media/D1/ait_users/staff122/deepfake_project/outputs_deepfake_project/dfdc_subset_77_jpg/test/real/real_000476.jpg,real,test,0,0.530765950679779,1,clean,medium
/media/D1/ait_users/staff122/deepfake_project/outputs_deepfake_project/dfdc_subset_77_jpg/test/real/real_000477.jpg,real,test,0,0.414207398891449,0,clean,medium
/media/D1/ait_users/staff122/deepfake_project/outputs_deepfake_project/dfdc_subset_77_jpg/test/real/real_000478.jpg,real,test,0,0.5665000677108765,1,clean,medium
/media/D1/ait_users/staff122/deepfake_project/outputs_deepfake_project/dfdc_subset_77_jpg/test/real/real_000479.jpg,real,test,0,0.19032780826091766,0,clean,medium
/media/D1/ait_users/staff122/deepfake_project/outputs_deepfake_project/dfdc_subset_77_jpg/test/real/real_000480.jpg,real,test,0,0.01496068574488163,0,clean,medium
/media/D1/ait_users/staff122/deepfake_project/outputs_deepfake_project/dfdc_subset_77_jpg/test/real/real_000481.jpg,real,test,0,0.19693884253501892,0,clean,medium
/media/D1/ait_users/staff122/deepfake_project/outputs_deepfake_project/dfdc_subset_77_jpg/test/real/real_000482.jpg,real,test,0,0.2588616609573364,0,clean,medium
/media/D1/ait_users/staff122/deepfake_project/outputs_deepfake_project/dfdc_subset_77_jpg/test/real/real_000483.jpg,real,test,0,0.12564802169799805,0,clean,medium
/media/D1/ait_users/staff122/deepfake_project/outputs_deepfake_project/dfdc_subset_77_jpg/test/real/real_000484.jpg,real,test,0,0.018517648801207542,0,clean,medium
/media/D1/ait_users/staff122/deepfake_project/outputs_deepfake_project/dfdc_subset_77_jpg/test/real/real_000485.jpg,real,test,0,0.017334401607513428,0,clean,medium
/media/D1/ait_users/staff122/deepfake_project/outputs_deepfake_project/dfdc_subset_77_jpg/test/real/real_000486.jpg,real,test,0,0.030000364407896996,0,clean,medium
/media/D1/ait_users/staff122/deepfake_project/outputs_deepfake_project/dfdc_subset_77_jpg/test/real/real_000487.jpg,real,test,0,0.03588719666004181,0,clean,medium
/media/D1/ait_users/staff122/deepfake_project/outputs_deepfake_project/dfdc_subset_77_jpg/test/real/real_000488.jpg,real,test,0,0.02508453093469143,0,clean,medium
/media/D1/ait_users/staff122/deepfake_project/outputs_deepfake_project/dfdc_subset_77_jpg/test/real/real_000489.jpg,real,test,0,0.006907084956765175,0,clean,medium
/media/D1/ait_users/staff122/deepfake_project/outputs_deepfake_project/dfdc_subset_77_jpg/test/real/real_000490.jpg,real,test,0,0.019109534099698067,0,clean,medium
/media/D1/ait_users/staff122/deepfake_project/outputs_deepfake_project/dfdc_subset_77_jpg/test/real/real_000491.jpg,real,test,0,0.0050001563504338264,0,clean,medium
/media/D1/ait_users/staff122/deepfake_project/outputs_deepfake_project/dfdc_subset_77_jpg/test/real/real_000492.jpg,real,test,0,0.01143314503133297,0,clean,medium
/media/D1/ait_users/staff122/deepfake_project/outputs_deepfake_project/dfdc_subset_77_jpg/test/real/real_000493.jpg,real,test,0,0.015732891857624054,0,clean,medium
/media/D1/ait_users/staff122/deepfake_project/outputs_deepfake_project/dfdc_subset_77_jpg/test/real/real_000494.jpg,real,test,0,0.022663235664367676,0,clean,medium
/media/D1/ait_users/staff122/deepfake_project/outputs_deepfake_project/dfdc_subset_77_jpg/test/real/real_000495.jpg,real,test,0,0.042857009917497635,0,clean,medium
/media/D1/ait_users/staff122/deepfake_project/outputs_deepfake_project/dfdc_subset_77_jpg/test/real/real_000496.jpg,real,test,0,0.07243110984563828,0,clean,medium
/media/D1/ait_users/staff122/deepfake_project/outputs_deepfake_project/dfdc_subset_77_jpg/test/real/real_000497.jpg,real,test,0,0.1463543325662613,0,clean,medium
/media/D1/ait_users/staff122/deepfake_project/outputs_deepfake_project/dfdc_subset_77_jpg/test/real/real_000498.jpg,real,test,0,0.35445302724838257,0,clean,medium
/media/D1/ait_users/staff122/deepfake_project/outputs_deepfake_project/dfdc_subset_77_jpg/test/real/real_000499.jpg,real,test,0,0.2092142105102539,0,clean,medium
/media/D1/ait_users/staff122/deepfake_project/outputs_deepfake_project/dfdc_subset_77_jpg/test/real/real_000500.jpg,real,test,0,0.09123456478118896,0,clean,medium
/media/D1/ait_users/staff122/deepfake_project/outputs_deepfake_project/dfdc_subset_77_jpg/test/real/real_000501.jpg,real,test,0,0.7812207937240601,1,clean,medium
/media/D1/ait_users/staff122/deepfake_project/outputs_deepfake_project/dfdc_subset_77_jpg/test/real/real_000502.jpg,real,test,0,0.26967254281044006,0,clean,medium
/media/D1/ait_users/staff122/deepfake_project/outputs_deepfake_project/dfdc_subset_77_jpg/test/real/real_000503.jpg,real,test,0,0.023606128990650177,0,clean,medium
/media/D1/ait_users/staff122/deepfake_project/outputs_deepfake_project/dfdc_subset_77_jpg/test/real/real_000504.jpg,real,test,0,0.01573326252400875,0,clean,medium
/media/D1/ait_users/staff122/deepfake_project/outputs_deepfake_project/dfdc_subset_77_jpg/test/real/real_000505.jpg,real,test,0,0.3463805317878723,0,clean,medium
/media/D1/ait_users/staff122/deepfake_project/outputs_deepfake_project/dfdc_subset_77_jpg/test/real/real_000506.jpg,real,test,0,0.027378985658288002,0,clean,medium
/media/D1/ait_users/staff122/deepfake_project/outputs_deepfake_project/dfdc_subset_77_jpg/test/real/real_000507.jpg,real,test,0,0.41494879126548767,0,clean,medium
/media/D1/ait_users/staff122/deepfake_project/outputs_deepfake_project/dfdc_subset_77_jpg/test/real/real_000508.jpg,real,test,0,0.04641144350171089,0,clean,medium
/media/D1/ait_users/staff122/deepfake_project/outputs_deepfake_project/dfdc_subset_77_jpg/test/real/real_000509.jpg,real,test,0,0.0710676908493042,0,clean,medium
/media/D1/ait_users/staff122/deepfake_project/outputs_deepfake_project/dfdc_subset_77_jpg/test/real/real_000510.jpg,real,test,0,0.19105719029903412,0,clean,medium
/media/D1/ait_users/staff122/deepfake_project/outputs_deepfake_project/dfdc_subset_77_jpg/test/real/real_000511.jpg,real,test,0,0.00917811319231987,0,clean,medium
/media/D1/ait_users/staff122/deepfake_project/outputs_deepfake_project/dfdc_subset_77_jpg/test/real/real_000512.jpg,real,test,0,0.08932914584875107,0,clean,medium
/media/D1/ait_users/staff122/deepfake_project/outputs_deepfake_project/dfdc_subset_77_jpg/test/real/real_000513.jpg,real,test,0,0.1038719043135643,0,clean,medium
/media/D1/ait_users/staff122/deepfake_project/outputs_deepfake_project/dfdc_subset_77_jpg/test/real/real_000514.jpg,real,test,0,0.31958264112472534,0,clean,medium
/media/D1/ait_users/staff122/deepfake_project/outputs_deepfake_project/dfdc_subset_77_jpg/test/real/real_000515.jpg,real,test,0,0.10389096289873123,0,clean,medium
/media/D1/ait_users/staff122/deepfake_project/outputs_deepfake_project/dfdc_subset_77_jpg/test/real/real_000516.jpg,real,test,0,0.18204888701438904,0,clean,medium
/media/D1/ait_users/staff122/deepfake_project/outputs_deepfake_project/dfdc_subset_77_jpg/test/real/real_000517.jpg,real,test,0,0.12099011987447739,0,clean,medium
/media/D1/ait_users/staff122/deepfake_project/outputs_deepfake_project/dfdc_subset_77_jpg/test/real/real_000518.jpg,real,test,0,0.1121525764465332,0,clean,medium
/media/D1/ait_users/staff122/deepfake_project/outputs_deepfake_project/dfdc_subset_77_jpg/test/real/real_000519.jpg,real,test,0,0.07734374701976776,0,clean,medium
/media/D1/ait_users/staff122/deepfake_project/outputs_deepfake_project/dfdc_subset_77_jpg/test/real/real_000520.jpg,real,test,0,0.27287712693214417,0,clean,medium
/media/D1/ait_users/staff122/deepfake_project/outputs_deepfake_project/dfdc_subset_77_jpg/test/real/real_000521.jpg,real,test,0,0.07817008346319199,0,clean,medium
/media/D1/ait_users/staff122/deepfake_project/outputs_deepfake_project/dfdc_subset_77_jpg/test/real/real_000522.jpg,real,test,0,0.1775018572807312,0,clean,medium
/media/D1/ait_users/staff122/deepfake_project/outputs_deepfake_project/dfdc_subset_77_jpg/test/real/real_000523.jpg,real,test,0,0.3606266379356384,0,clean,medium
/media/D1/ait_users/staff122/deepfake_project/outputs_deepfake_project/dfdc_subset_77_jpg/test/real/real_000524.jpg,real,test,0,0.1732160896062851,0,clean,medium
/media/D1/ait_users/staff122/deepfake_project/outputs_deepfake_project/dfdc_subset_77_jpg/test/real/real_000525.jpg,real,test,0,0.18463672697544098,0,clean,medium
/media/D1/ait_users/staff122/deepfake_project/outputs_deepfake_project/dfdc_subset_77_jpg/test/real/real_000526.jpg,real,test,0,0.21003393828868866,0,clean,medium
/media/D1/ait_users/staff122/deepfake_project/outputs_deepfake_project/dfdc_subset_77_jpg/test/real/real_000527.jpg,real,test,0,0.08666295558214188,0,clean,medium
/media/D1/ait_users/staff122/deepfake_project/outputs_deepfake_project/dfdc_subset_77_jpg/test/real/real_000528.jpg,real,test,0,0.13692565262317657,0,clean,medium
/media/D1/ait_users/staff122/deepfake_project/outputs_deepfake_project/dfdc_subset_77_jpg/test/real/real_000529.jpg,real,test,0,0.33981722593307495,0,clean,medium
/media/D1/ait_users/staff122/deepfake_project/outputs_deepfake_project/dfdc_subset_77_jpg/test/real/real_000530.jpg,real,test,0,0.2916363477706909,0,clean,medium
/media/D1/ait_users/staff122/deepfake_project/outputs_deepfake_project/dfdc_subset_77_jpg/test/real/real_000531.jpg,real,test,0,0.3186289370059967,0,clean,medium
/media/D1/ait_users/staff122/deepfake_project/outputs_deepfake_project/dfdc_subset_77_jpg/test/real/real_000532.jpg,real,test,0,0.05420166254043579,0,clean,medium
/media/D1/ait_users/staff122/deepfake_project/outputs_deepfake_project/dfdc_subset_77_jpg/test/real/real_000533.jpg,real,test,0,0.33022621273994446,0,clean,medium
/media/D1/ait_users/staff122/deepfake_project/outputs_deepfake_project/dfdc_subset_77_jpg/test/real/real_000534.jpg,real,test,0,0.6760735511779785,1,clean,medium
/media/D1/ait_users/staff122/deepfake_project/outputs_deepfake_project/dfdc_subset_77_jpg/test/real/real_000535.jpg,real,test,0,0.8052221536636353,1,clean,medium
/media/D1/ait_users/staff122/deepfake_project/outputs_deepfake_project/dfdc_subset_77_jpg/test/real/real_000536.jpg,real,test,0,0.21194808185100555,0,clean,medium
/media/D1/ait_users/staff122/deepfake_project/outputs_deepfake_project/dfdc_subset_77_jpg/test/real/real_000537.jpg,real,test,0,0.10667510330677032,0,clean,medium
/media/D1/ait_users/staff122/deepfake_project/outputs_deepfake_project/dfdc_subset_77_jpg/test/real/real_000538.jpg,real,test,0,0.06522569060325623,0,clean,medium
/media/D1/ait_users/staff122/deepfake_project/outputs_deepfake_project/dfdc_subset_77_jpg/test/real/real_000539.jpg,real,test,0,0.017897026613354683,0,clean,medium
/media/D1/ait_users/staff122/deepfake_project/outputs_deepfake_project/dfdc_subset_77_jpg/test/real/real_000540.jpg,real,test,0,0.15706799924373627,0,clean,medium
/media/D1/ait_users/staff122/deepfake_project/outputs_deepfake_project/dfdc_subset_77_jpg/test/real/real_000541.jpg,real,test,0,0.07281165570020676,0,clean,medium
/media/D1/ait_users/staff122/deepfake_project/outputs_deepfake_project/dfdc_subset_77_jpg/test/real/real_000542.jpg,real,test,0,0.12718704342842102,0,clean,medium
/media/D1/ait_users/staff122/deepfake_project/outputs_deepfake_project/dfdc_subset_77_jpg/test/real/real_000543.jpg,real,test,0,0.08992165327072144,0,clean,medium
/media/D1/ait_users/staff122/deepfake_project/outputs_deepfake_project/dfdc_subset_77_jpg/test/real/real_000544.jpg,real,test,0,0.11478634178638458,0,clean,medium
/media/D1/ait_users/staff122/deepfake_project/outputs_deepfake_project/dfdc_subset_77_jpg/test/real/real_000545.jpg,real,test,0,0.008375708013772964,0,clean,medium
/media/D1/ait_users/staff122/deepfake_project/outputs_deepfake_project/dfdc_subset_77_jpg/test/real/real_000546.jpg,real,test,0,0.028058646246790886,0,clean,medium
/media/D1/ait_users/staff122/deepfake_project/outputs_deepfake_project/dfdc_subset_77_jpg/test/real/real_000547.jpg,real,test,0,0.004495839588344097,0,clean,medium
/media/D1/ait_users/staff122/deepfake_project/outputs_deepfake_project/dfdc_subset_77_jpg/test/real/real_000548.jpg,real,test,0,0.04259295389056206,0,clean,medium
/media/D1/ait_users/staff122/deepfake_project/outputs_deepfake_project/dfdc_subset_77_jpg/test/real/real_000549.jpg,real,test,0,0.14674320816993713,0,clean,medium
/media/D1/ait_users/staff122/deepfake_project/outputs_deepfake_project/dfdc_subset_77_jpg/test/real/real_000550.jpg,real,test,0,0.13083267211914062,0,clean,medium
/media/D1/ait_users/staff122/deepfake_project/outputs_deepfake_project/dfdc_subset_77_jpg/test/real/real_000551.jpg,real,test,0,0.0515550896525383,0,clean,medium
/media/D1/ait_users/staff122/deepfake_project/outputs_deepfake_project/dfdc_subset_77_jpg/test/real/real_000552.jpg,real,test,0,0.028046496212482452,0,clean,medium
/media/D1/ait_users/staff122/deepfake_project/outputs_deepfake_project/dfdc_subset_77_jpg/test/real/real_000553.jpg,real,test,0,0.03543709218502045,0,clean,medium
/media/D1/ait_users/staff122/deepfake_project/outputs_deepfake_project/dfdc_subset_77_jpg/test/real/real_000554.jpg,real,test,0,0.038206547498703,0,clean,medium
/media/D1/ait_users/staff122/deepfake_project/outputs_deepfake_project/dfdc_subset_77_jpg/test/real/real_000555.jpg,real,test,0,0.11077392846345901,0,clean,medium
/media/D1/ait_users/staff122/deepfake_project/outputs_deepfake_project/dfdc_subset_77_jpg/test/real/real_000556.jpg,real,test,0,0.06005397066473961,0,clean,medium
/media/D1/ait_users/staff122/deepfake_project/outputs_deepfake_project/dfdc_subset_77_jpg/test/real/real_000557.jpg,real,test,0,0.0587870329618454,0,clean,medium
/media/D1/ait_users/staff122/deepfake_project/outputs_deepfake_project/dfdc_subset_77_jpg/test/real/real_000558.jpg,real,test,0,0.06806766241788864,0,clean,medium
/media/D1/ait_users/staff122/deepfake_project/outputs_deepfake_project/dfdc_subset_77_jpg/test/real/real_000559.jpg,real,test,0,0.05376794561743736,0,clean,medium
/media/D1/ait_users/staff122/deepfake_project/outputs_deepfake_project/dfdc_subset_77_jpg/test/real/real_000560.jpg,real,test,0,0.036517370492219925,0,clean,medium
/media/D1/ait_users/staff122/deepfake_project/outputs_deepfake_project/dfdc_subset_77_jpg/test/real/real_000561.jpg,real,test,0,0.04218168184161186,0,clean,medium
/media/D1/ait_users/staff122/deepfake_project/outputs_deepfake_project/dfdc_subset_77_jpg/test/real/real_000562.jpg,real,test,0,0.07163196057081223,0,clean,medium
/media/D1/ait_users/staff122/deepfake_project/outputs_deepfake_project/dfdc_subset_77_jpg/test/real/real_000563.jpg,real,test,0,0.0774991363286972,0,clean,medium
/media/D1/ait_users/staff122/deepfake_project/outputs_deepfake_project/dfdc_subset_77_jpg/test/real/real_000564.jpg,real,test,0,0.1220763772726059,0,clean,medium
/media/D1/ait_users/staff122/deepfake_project/outputs_deepfake_project/dfdc_subset_77_jpg/test/real/real_000565.jpg,real,test,0,0.09678385406732559,0,clean,medium
/media/D1/ait_users/staff122/deepfake_project/outputs_deepfake_project/dfdc_subset_77_jpg/test/real/real_000566.jpg,real,test,0,0.07007189840078354,0,clean,medium
/media/D1/ait_users/staff122/deepfake_project/outputs_deepfake_project/dfdc_subset_77_jpg/test/real/real_000567.jpg,real,test,0,0.05538828670978546,0,clean,medium
/media/D1/ait_users/staff122/deepfake_project/outputs_deepfake_project/dfdc_subset_77_jpg/test/real/real_000568.jpg,real,test,0,0.13298611342906952,0,clean,medium
/media/D1/ait_users/staff122/deepfake_project/outputs_deepfake_project/dfdc_subset_77_jpg/test/real/real_000569.jpg,real,test,0,0.058129508048295975,0,clean,medium
/media/D1/ait_users/staff122/deepfake_project/outputs_deepfake_project/dfdc_subset_77_jpg/test/real/real_000570.jpg,real,test,0,0.02415841445326805,0,clean,medium
/media/D1/ait_users/staff122/deepfake_project/outputs_deepfake_project/dfdc_subset_77_jpg/test/real/real_000571.jpg,real,test,0,0.017323555424809456,0,clean,medium
/media/D1/ait_users/staff122/deepfake_project/outputs_deepfake_project/dfdc_subset_77_jpg/test/real/real_000572.jpg,real,test,0,0.0160316601395607,0,clean,medium
/media/D1/ait_users/staff122/deepfake_project/outputs_deepfake_project/dfdc_subset_77_jpg/test/real/real_000573.jpg,real,test,0,0.035961952060461044,0,clean,medium
/media/D1/ait_users/staff122/deepfake_project/outputs_deepfake_project/dfdc_subset_77_jpg/test/real/real_000574.jpg,real,test,0,0.049603454768657684,0,clean,medium
/media/D1/ait_users/staff122/deepfake_project/outputs_deepfake_project/dfdc_subset_77_jpg/test/real/real_000575.jpg,real,test,0,0.04828989878296852,0,clean,medium
/media/D1/ait_users/staff122/deepfake_project/outputs_deepfake_project/dfdc_subset_77_jpg/test/real/real_000576.jpg,real,test,0,0.04478686675429344,0,clean,medium
/media/D1/ait_users/staff122/deepfake_project/outputs_deepfake_project/dfdc_subset_77_jpg/test/real/real_000577.jpg,real,test,0,0.09435206651687622,0,clean,medium
/media/D1/ait_users/staff122/deepfake_project/outputs_deepfake_project/dfdc_subset_77_jpg/test/real/real_000578.jpg,real,test,0,0.40480318665504456,0,clean,medium
/media/D1/ait_users/staff122/deepfake_project/outputs_deepfake_project/dfdc_subset_77_jpg/test/real/real_000579.jpg,real,test,0,0.43569058179855347,0,clean,medium
/media/D1/ait_users/staff122/deepfake_project/outputs_deepfake_project/dfdc_subset_77_jpg/test/real/real_000580.jpg,real,test,0,0.5638445615768433,1,clean,medium
/media/D1/ait_users/staff122/deepfake_project/outputs_deepfake_project/dfdc_subset_77_jpg/test/real/real_000581.jpg,real,test,0,0.40820661187171936,0,clean,medium
/media/D1/ait_users/staff122/deepfake_project/outputs_deepfake_project/dfdc_subset_77_jpg/test/real/real_000582.jpg,real,test,0,0.4504561722278595,0,clean,medium
/media/D1/ait_users/staff122/deepfake_project/outputs_deepfake_project/dfdc_subset_77_jpg/test/real/real_000583.jpg,real,test,0,0.12287634611129761,0,clean,medium
/media/D1/ait_users/staff122/deepfake_project/outputs_deepfake_project/dfdc_subset_77_jpg/test/real/real_000584.jpg,real,test,0,0.464834064245224,0,clean,medium
/media/D1/ait_users/staff122/deepfake_project/outputs_deepfake_project/dfdc_subset_77_jpg/test/real/real_000585.jpg,real,test,0,0.18268530070781708,0,clean,medium
/media/D1/ait_users/staff122/deepfake_project/outputs_deepfake_project/dfdc_subset_77_jpg/test/real/real_000586.jpg,real,test,0,0.014885330572724342,0,clean,medium
/media/D1/ait_users/staff122/deepfake_project/outputs_deepfake_project/dfdc_subset_77_jpg/test/real/real_000587.jpg,real,test,0,0.03604622930288315,0,clean,medium
/media/D1/ait_users/staff122/deepfake_project/outputs_deepfake_project/dfdc_subset_77_jpg/test/real/real_000588.jpg,real,test,0,0.39622023701667786,0,clean,medium
/media/D1/ait_users/staff122/deepfake_project/outputs_deepfake_project/dfdc_subset_77_jpg/test/real/real_000589.jpg,real,test,0,0.1066061332821846,0,clean,medium
/media/D1/ait_users/staff122/deepfake_project/outputs_deepfake_project/dfdc_subset_77_jpg/test/real/real_000590.jpg,real,test,0,0.21735915541648865,0,clean,medium
/media/D1/ait_users/staff122/deepfake_project/outputs_deepfake_project/dfdc_subset_77_jpg/test/real/real_000591.jpg,real,test,0,0.501274824142456,1,clean,medium
/media/D1/ait_users/staff122/deepfake_project/outputs_deepfake_project/dfdc_subset_77_jpg/test/real/real_000592.jpg,real,test,0,0.4412684738636017,0,clean,medium
/media/D1/ait_users/staff122/deepfake_project/outputs_deepfake_project/dfdc_subset_77_jpg/test/real/real_000593.jpg,real,test,0,0.05407961830496788,0,clean,medium
/media/D1/ait_users/staff122/deepfake_project/outputs_deepfake_project/dfdc_subset_77_jpg/test/real/real_000594.jpg,real,test,0,0.5042804479598999,1,clean,medium
/media/D1/ait_users/staff122/deepfake_project/outputs_deepfake_project/dfdc_subset_77_jpg/test/real/real_000595.jpg,real,test,0,0.24759967625141144,0,clean,medium
/media/D1/ait_users/staff122/deepfake_project/outputs_deepfake_project/dfdc_subset_77_jpg/test/real/real_000596.jpg,real,test,0,0.4960896670818329,0,clean,medium
/media/D1/ait_users/staff122/deepfake_project/outputs_deepfake_project/dfdc_subset_77_jpg/test/real/real_000597.jpg,real,test,0,0.4963935613632202,0,clean,medium
/media/D1/ait_users/staff122/deepfake_project/outputs_deepfake_project/dfdc_subset_77_jpg/test/real/real_000598.jpg,real,test,0,0.18235620856285095,0,clean,medium
/media/D1/ait_users/staff122/deepfake_project/outputs_deepfake_project/dfdc_subset_77_jpg/test/real/real_000599.jpg,real,test,0,0.4420948326587677,0,clean,medium
/media/D1/ait_users/staff122/deepfake_project/outputs_deepfake_project/dfdc_subset_77_jpg/test/real/real_000600.jpg,real,test,0,0.14532949030399323,0,clean,medium
/media/D1/ait_users/staff122/deepfake_project/outputs_deepfake_project/dfdc_subset_77_jpg/test/real/real_000601.jpg,real,test,0,0.4518073797225952,0,clean,medium
/media/D1/ait_users/staff122/deepfake_project/outputs_deepfake_project/dfdc_subset_77_jpg/test/real/real_000602.jpg,real,test,0,0.5531278848648071,1,clean,medium
/media/D1/ait_users/staff122/deepfake_project/outputs_deepfake_project/dfdc_subset_77_jpg/test/real/real_000603.jpg,real,test,0,0.3575085401535034,0,clean,medium
/media/D1/ait_users/staff122/deepfake_project/outputs_deepfake_project/dfdc_subset_77_jpg/test/real/real_000604.jpg,real,test,0,0.5029913187026978,1,clean,medium
/media/D1/ait_users/staff122/deepfake_project/outputs_deepfake_project/dfdc_subset_77_jpg/test/real/real_000605.jpg,real,test,0,0.43537500500679016,0,clean,medium
/media/D1/ait_users/staff122/deepfake_project/outputs_deepfake_project/dfdc_subset_77_jpg/test/real/real_000606.jpg,real,test,0,0.4337942600250244,0,clean,medium
/media/D1/ait_users/staff122/deepfake_project/outputs_deepfake_project/dfdc_subset_77_jpg/test/real/real_000607.jpg,real,test,0,0.3116813004016876,0,clean,medium
/media/D1/ait_users/staff122/deepfake_project/outputs_deepfake_project/dfdc_subset_77_jpg/test/real/real_000608.jpg,real,test,0,0.13556799292564392,0,clean,medium
/media/D1/ait_users/staff122/deepfake_project/outputs_deepfake_project/dfdc_subset_77_jpg/test/real/real_000609.jpg,real,test,0,0.19469641149044037,0,clean,medium
/media/D1/ait_users/staff122/deepfake_project/outputs_deepfake_project/dfdc_subset_77_jpg/test/real/real_000610.jpg,real,test,0,0.20825691521167755,0,clean,medium
/media/D1/ait_users/staff122/deepfake_project/outputs_deepfake_project/dfdc_subset_77_jpg/test/real/real_000611.jpg,real,test,0,0.24416688084602356,0,clean,medium
/media/D1/ait_users/staff122/deepfake_project/outputs_deepfake_project/dfdc_subset_77_jpg/test/real/real_000612.jpg,real,test,0,0.18159595131874084,0,clean,medium
/media/D1/ait_users/staff122/deepfake_project/outputs_deepfake_project/dfdc_subset_77_jpg/test/real/real_000613.jpg,real,test,0,0.13242502510547638,0,clean,medium
/media/D1/ait_users/staff122/deepfake_project/outputs_deepfake_project/dfdc_subset_77_jpg/test/real/real_000614.jpg,real,test,0,0.7609189748764038,1,clean,medium
/media/D1/ait_users/staff122/deepfake_project/outputs_deepfake_project/dfdc_subset_77_jpg/test/real/real_000615.jpg,real,test,0,0.35763540863990784,0,clean,medium
/media/D1/ait_users/staff122/deepfake_project/outputs_deepfake_project/dfdc_subset_77_jpg/test/real/real_000616.jpg,real,test,0,0.07164379954338074,0,clean,medium
/media/D1/ait_users/staff122/deepfake_project/outputs_deepfake_project/dfdc_subset_77_jpg/test/real/real_000617.jpg,real,test,0,0.17054665088653564,0,clean,medium
/media/D1/ait_users/staff122/deepfake_project/outputs_deepfake_project/dfdc_subset_77_jpg/test/real/real_000618.jpg,real,test,0,0.14835289120674133,0,clean,medium
/media/D1/ait_users/staff122/deepfake_project/outputs_deepfake_project/dfdc_subset_77_jpg/test/real/real_000619.jpg,real,test,0,0.09829433262348175,0,clean,medium
/media/D1/ait_users/staff122/deepfake_project/outputs_deepfake_project/dfdc_subset_77_jpg/test/real/real_000620.jpg,real,test,0,0.5829071998596191,1,clean,medium
/media/D1/ait_users/staff122/deepfake_project/outputs_deepfake_project/dfdc_subset_77_jpg/test/real/real_000621.jpg,real,test,0,0.03684040531516075,0,clean,medium
/media/D1/ait_users/staff122/deepfake_project/outputs_deepfake_project/dfdc_subset_77_jpg/test/real/real_000622.jpg,real,test,0,0.05689700320363045,0,clean,medium
/media/D1/ait_users/staff122/deepfake_project/outputs_deepfake_project/dfdc_subset_77_jpg/test/real/real_000623.jpg,real,test,0,0.06564243882894516,0,clean,medium
/media/D1/ait_users/staff122/deepfake_project/outputs_deepfake_project/dfdc_subset_77_jpg/test/real/real_000624.jpg,real,test,0,0.26044636964797974,0,clean,medium
/media/D1/ait_users/staff122/deepfake_project/outputs_deepfake_project/dfdc_subset_77_jpg/test/real/real_000625.jpg,real,test,0,0.4577481746673584,0,clean,medium
/media/D1/ait_users/staff122/deepfake_project/outputs_deepfake_project/dfdc_subset_77_jpg/test/real/real_000626.jpg,real,test,0,0.719400942325592,1,clean,medium
/media/D1/ait_users/staff122/deepfake_project/outputs_deepfake_project/dfdc_subset_77_jpg/test/real/real_000627.jpg,real,test,0,0.5674961805343628,1,clean,medium
/media/D1/ait_users/staff122/deepfake_project/outputs_deepfake_project/dfdc_subset_77_jpg/test/real/real_000628.jpg,real,test,0,0.39294949173927307,0,clean,medium
/media/D1/ait_users/staff122/deepfake_project/outputs_deepfake_project/dfdc_subset_77_jpg/test/real/real_000629.jpg,real,test,0,0.30760300159454346,0,clean,medium
/media/D1/ait_users/staff122/deepfake_project/outputs_deepfake_project/dfdc_subset_77_jpg/test/real/real_000630.jpg,real,test,0,0.09810509532690048,0,clean,medium
/media/D1/ait_users/staff122/deepfake_project/outputs_deepfake_project/dfdc_subset_77_jpg/test/real/real_000631.jpg,real,test,0,0.46182015538215637,0,clean,medium
/media/D1/ait_users/staff122/deepfake_project/outputs_deepfake_project/dfdc_subset_77_jpg/test/real/real_000632.jpg,real,test,0,0.23254963755607605,0,clean,medium
/media/D1/ait_users/staff122/deepfake_project/outputs_deepfake_project/dfdc_subset_77_jpg/test/real/real_000633.jpg,real,test,0,0.2199789434671402,0,clean,medium
/media/D1/ait_users/staff122/deepfake_project/outputs_deepfake_project/dfdc_subset_77_jpg/test/real/real_000634.jpg,real,test,0,0.20101864635944366,0,clean,medium
/media/D1/ait_users/staff122/deepfake_project/outputs_deepfake_project/dfdc_subset_77_jpg/test/real/real_000635.jpg,real,test,0,0.475841760635376,0,clean,medium
/media/D1/ait_users/staff122/deepfake_project/outputs_deepfake_project/dfdc_subset_77_jpg/test/real/real_000636.jpg,real,test,0,0.43415722250938416,0,clean,medium
/media/D1/ait_users/staff122/deepfake_project/outputs_deepfake_project/dfdc_subset_77_jpg/test/real/real_000637.jpg,real,test,0,0.0817069262266159,0,clean,medium
/media/D1/ait_users/staff122/deepfake_project/outputs_deepfake_project/dfdc_subset_77_jpg/test/real/real_000638.jpg,real,test,0,0.21115492284297943,0,clean,medium
/media/D1/ait_users/staff122/deepfake_project/outputs_deepfake_project/dfdc_subset_77_jpg/test/real/real_000639.jpg,real,test,0,0.05318621173501015,0,clean,medium
/media/D1/ait_users/staff122/deepfake_project/outputs_deepfake_project/dfdc_subset_77_jpg/test/real/real_000640.jpg,real,test,0,0.005993002559989691,0,clean,medium
/media/D1/ait_users/staff122/deepfake_project/outputs_deepfake_project/dfdc_subset_77_jpg/test/real/real_000641.jpg,real,test,0,0.02894388511776924,0,clean,medium
/media/D1/ait_users/staff122/deepfake_project/outputs_deepfake_project/dfdc_subset_77_jpg/test/real/real_000642.jpg,real,test,0,0.29881155490875244,0,clean,medium
/media/D1/ait_users/staff122/deepfake_project/outputs_deepfake_project/dfdc_subset_77_jpg/test/real/real_000643.jpg,real,test,0,0.027220170944929123,0,clean,medium
/media/D1/ait_users/staff122/deepfake_project/outputs_deepfake_project/dfdc_subset_77_jpg/test/real/real_000644.jpg,real,test,0,0.028137439861893654,0,clean,medium
/media/D1/ait_users/staff122/deepfake_project/outputs_deepfake_project/dfdc_subset_77_jpg/test/real/real_000645.jpg,real,test,0,0.04968489333987236,0,clean,medium
/media/D1/ait_users/staff122/deepfake_project/outputs_deepfake_project/dfdc_subset_77_jpg/test/real/real_000646.jpg,real,test,0,0.08582189679145813,0,clean,medium
/media/D1/ait_users/staff122/deepfake_project/outputs_deepfake_project/dfdc_subset_77_jpg/test/real/real_000647.jpg,real,test,0,0.017727911472320557,0,clean,medium
/media/D1/ait_users/staff122/deepfake_project/outputs_deepfake_project/dfdc_subset_77_jpg/test/real/real_000648.jpg,real,test,0,0.042850274592638016,0,clean,medium
/media/D1/ait_users/staff122/deepfake_project/outputs_deepfake_project/dfdc_subset_77_jpg/test/real/real_000649.jpg,real,test,0,0.010557364672422409,0,clean,medium
/media/D1/ait_users/staff122/deepfake_project/outputs_deepfake_project/dfdc_subset_77_jpg/test/real/real_000650.jpg,real,test,0,0.018290741369128227,0,clean,medium
/media/D1/ait_users/staff122/deepfake_project/outputs_deepfake_project/dfdc_subset_77_jpg/test/real/real_000651.jpg,real,test,0,0.02858208678662777,0,clean,medium
/media/D1/ait_users/staff122/deepfake_project/outputs_deepfake_project/dfdc_subset_77_jpg/test/real/real_000652.jpg,real,test,0,0.03857151418924332,0,clean,medium
/media/D1/ait_users/staff122/deepfake_project/outputs_deepfake_project/dfdc_subset_77_jpg/test/real/real_000653.jpg,real,test,0,0.02977602183818817,0,clean,medium
/media/D1/ait_users/staff122/deepfake_project/outputs_deepfake_project/dfdc_subset_77_jpg/test/real/real_000654.jpg,real,test,0,0.028308873996138573,0,clean,medium
/media/D1/ait_users/staff122/deepfake_project/outputs_deepfake_project/dfdc_subset_77_jpg/test/real/real_000655.jpg,real,test,0,0.008985216729342937,0,clean,medium
/media/D1/ait_users/staff122/deepfake_project/outputs_deepfake_project/dfdc_subset_77_jpg/test/real/real_000656.jpg,real,test,0,0.30127233266830444,0,clean,medium
/media/D1/ait_users/staff122/deepfake_project/outputs_deepfake_project/dfdc_subset_77_jpg/test/real/real_000657.jpg,real,test,0,0.08855091035366058,0,clean,medium
/media/D1/ait_users/staff122/deepfake_project/outputs_deepfake_project/dfdc_subset_77_jpg/test/real/real_000658.jpg,real,test,0,0.15271754562854767,0,clean,medium
/media/D1/ait_users/staff122/deepfake_project/outputs_deepfake_project/dfdc_subset_77_jpg/test/real/real_000659.jpg,real,test,0,0.050604354590177536,0,clean,medium
/media/D1/ait_users/staff122/deepfake_project/outputs_deepfake_project/dfdc_subset_77_jpg/test/real/real_000660.jpg,real,test,0,0.19650833308696747,0,clean,medium
/media/D1/ait_users/staff122/deepfake_project/outputs_deepfake_project/dfdc_subset_77_jpg/test/real/real_000661.jpg,real,test,0,0.03137588873505592,0,clean,medium
/media/D1/ait_users/staff122/deepfake_project/outputs_deepfake_project/dfdc_subset_77_jpg/test/real/real_000662.jpg,real,test,0,0.039863042533397675,0,clean,medium
/media/D1/ait_users/staff122/deepfake_project/outputs_deepfake_project/dfdc_subset_77_jpg/test/real/real_000663.jpg,real,test,0,0.01275411993265152,0,clean,medium
/media/D1/ait_users/staff122/deepfake_project/outputs_deepfake_project/dfdc_subset_77_jpg/test/real/real_000664.jpg,real,test,0,0.07478739321231842,0,clean,medium
/media/D1/ait_users/staff122/deepfake_project/outputs_deepfake_project/dfdc_subset_77_jpg/test/real/real_000665.jpg,real,test,0,0.024908345192670822,0,clean,medium
/media/D1/ait_users/staff122/deepfake_project/outputs_deepfake_project/dfdc_subset_77_jpg/test/real/real_000666.jpg,real,test,0,0.020870573818683624,0,clean,medium
/media/D1/ait_users/staff122/deepfake_project/outputs_deepfake_project/dfdc_subset_77_jpg/test/real/real_000667.jpg,real,test,0,0.023852186277508736,0,clean,medium
/media/D1/ait_users/staff122/deepfake_project/outputs_deepfake_project/dfdc_subset_77_jpg/test/real/real_000668.jpg,real,test,0,0.03059105947613716,0,clean,medium
/media/D1/ait_users/staff122/deepfake_project/outputs_deepfake_project/dfdc_subset_77_jpg/test/real/real_000669.jpg,real,test,0,0.15985196828842163,0,clean,medium
/media/D1/ait_users/staff122/deepfake_project/outputs_deepfake_project/dfdc_subset_77_jpg/test/real/real_000670.jpg,real,test,0,0.035707902163267136,0,clean,medium
/media/D1/ait_users/staff122/deepfake_project/outputs_deepfake_project/dfdc_subset_77_jpg/test/real/real_000671.jpg,real,test,0,0.025728290900588036,0,clean,medium
/media/D1/ait_users/staff122/deepfake_project/outputs_deepfake_project/dfdc_subset_77_jpg/test/real/real_000672.jpg,real,test,0,0.16403716802597046,0,clean,medium
/media/D1/ait_users/staff122/deepfake_project/outputs_deepfake_project/dfdc_subset_77_jpg/test/real/real_000673.jpg,real,test,0,0.3878638446331024,0,clean,medium
/media/D1/ait_users/staff122/deepfake_project/outputs_deepfake_project/dfdc_subset_77_jpg/test/real/real_000674.jpg,real,test,0,0.3796771466732025,0,clean,medium
/media/D1/ait_users/staff122/deepfake_project/outputs_deepfake_project/dfdc_subset_77_jpg/test/real/real_000675.jpg,real,test,0,0.3965994417667389,0,clean,medium
/media/D1/ait_users/staff122/deepfake_project/outputs_deepfake_project/dfdc_subset_77_jpg/test/real/real_000676.jpg,real,test,0,0.2008209377527237,0,clean,medium
/media/D1/ait_users/staff122/deepfake_project/outputs_deepfake_project/dfdc_subset_77_jpg/test/real/real_000677.jpg,real,test,0,0.030367067083716393,0,clean,medium
/media/D1/ait_users/staff122/deepfake_project/outputs_deepfake_project/dfdc_subset_77_jpg/test/real/real_000678.jpg,real,test,0,0.038005709648132324,0,clean,medium
/media/D1/ait_users/staff122/deepfake_project/outputs_deepfake_project/dfdc_subset_77_jpg/test/real/real_000679.jpg,real,test,0,0.2952873706817627,0,clean,medium
/media/D1/ait_users/staff122/deepfake_project/outputs_deepfake_project/dfdc_subset_77_jpg/test/real/real_000680.jpg,real,test,0,0.4087711572647095,0,clean,medium
/media/D1/ait_users/staff122/deepfake_project/outputs_deepfake_project/dfdc_subset_77_jpg/test/real/real_000681.jpg,real,test,0,0.18297655880451202,0,clean,medium
/media/D1/ait_users/staff122/deepfake_project/outputs_deepfake_project/dfdc_subset_77_jpg/test/real/real_000682.jpg,real,test,0,0.3768203556537628,0,clean,medium
/media/D1/ait_users/staff122/deepfake_project/outputs_deepfake_project/dfdc_subset_77_jpg/test/real/real_000683.jpg,real,test,0,0.39932769536972046,0,clean,medium
/media/D1/ait_users/staff122/deepfake_project/outputs_deepfake_project/dfdc_subset_77_jpg/test/real/real_000684.jpg,real,test,0,0.4799211025238037,0,clean,medium
/media/D1/ait_users/staff122/deepfake_project/outputs_deepfake_project/dfdc_subset_77_jpg/test/real/real_000685.jpg,real,test,0,0.30989962816238403,0,clean,medium
/media/D1/ait_users/staff122/deepfake_project/outputs_deepfake_project/dfdc_subset_77_jpg/test/real/real_000686.jpg,real,test,0,0.10667234659194946,0,clean,medium
/media/D1/ait_users/staff122/deepfake_project/outputs_deepfake_project/dfdc_subset_77_jpg/test/real/real_000687.jpg,real,test,0,0.46309715509414673,0,clean,medium
/media/D1/ait_users/staff122/deepfake_project/outputs_deepfake_project/dfdc_subset_77_jpg/test/real/real_000688.jpg,real,test,0,0.21946308016777039,0,clean,medium
/media/D1/ait_users/staff122/deepfake_project/outputs_deepfake_project/dfdc_subset_77_jpg/test/real/real_000689.jpg,real,test,0,0.22492486238479614,0,clean,medium
/media/D1/ait_users/staff122/deepfake_project/outputs_deepfake_project/dfdc_subset_77_jpg/test/real/real_000690.jpg,real,test,0,0.4674414098262787,0,clean,medium
/media/D1/ait_users/staff122/deepfake_project/outputs_deepfake_project/dfdc_subset_77_jpg/test/real/real_000691.jpg,real,test,0,0.17935705184936523,0,clean,medium
/media/D1/ait_users/staff122/deepfake_project/outputs_deepfake_project/dfdc_subset_77_jpg/test/real/real_000692.jpg,real,test,0,0.0767701044678688,0,clean,medium
/media/D1/ait_users/staff122/deepfake_project/outputs_deepfake_project/dfdc_subset_77_jpg/test/real/real_000693.jpg,real,test,0,0.2068539261817932,0,clean,medium
/media/D1/ait_users/staff122/deepfake_project/outputs_deepfake_project/dfdc_subset_77_jpg/test/real/real_000694.jpg,real,test,0,0.2211173176765442,0,clean,medium
/media/D1/ait_users/staff122/deepfake_project/outputs_deepfake_project/dfdc_subset_77_jpg/test/real/real_000695.jpg,real,test,0,0.2550889253616333,0,clean,medium
/media/D1/ait_users/staff122/deepfake_project/outputs_deepfake_project/dfdc_subset_77_jpg/test/real/real_000696.jpg,real,test,0,0.3992162048816681,0,clean,medium
/media/D1/ait_users/staff122/deepfake_project/outputs_deepfake_project/dfdc_subset_77_jpg/test/real/real_000697.jpg,real,test,0,0.2629144787788391,0,clean,medium
/media/D1/ait_users/staff122/deepfake_project/outputs_deepfake_project/dfdc_subset_77_jpg/test/real/real_000698.jpg,real,test,0,0.30389562249183655,0,clean,medium
/media/D1/ait_users/staff122/deepfake_project/outputs_deepfake_project/dfdc_subset_77_jpg/test/real/real_000699.jpg,real,test,0,0.21359863877296448,0,clean,medium
/media/D1/ait_users/staff122/deepfake_project/outputs_deepfake_project/dfdc_subset_77_jpg/test/real/real_000700.jpg,real,test,0,0.1761610358953476,0,clean,medium
/media/D1/ait_users/staff122/deepfake_project/outputs_deepfake_project/dfdc_subset_77_jpg/test/real/real_000701.jpg,real,test,0,0.21269114315509796,0,clean,medium
/media/D1/ait_users/staff122/deepfake_project/outputs_deepfake_project/dfdc_subset_77_jpg/test/real/real_000702.jpg,real,test,0,0.36930152773857117,0,clean,medium
/media/D1/ait_users/staff122/deepfake_project/outputs_deepfake_project/dfdc_subset_77_jpg/test/real/real_000703.jpg,real,test,0,0.0062455786392092705,0,clean,medium
/media/D1/ait_users/staff122/deepfake_project/outputs_deepfake_project/dfdc_subset_77_jpg/test/real/real_000704.jpg,real,test,0,0.3469301760196686,0,clean,medium
/media/D1/ait_users/staff122/deepfake_project/outputs_deepfake_project/dfdc_subset_77_jpg/test/real/real_000705.jpg,real,test,0,0.3248627781867981,0,clean,medium
/media/D1/ait_users/staff122/deepfake_project/outputs_deepfake_project/dfdc_subset_77_jpg/test/real/real_000706.jpg,real,test,0,0.12859022617340088,0,clean,medium
/media/D1/ait_users/staff122/deepfake_project/outputs_deepfake_project/dfdc_subset_77_jpg/test/real/real_000707.jpg,real,test,0,0.043430574238300323,0,clean,medium
/media/D1/ait_users/staff122/deepfake_project/outputs_deepfake_project/dfdc_subset_77_jpg/test/real/real_000708.jpg,real,test,0,0.13102401793003082,0,clean,medium
/media/D1/ait_users/staff122/deepfake_project/outputs_deepfake_project/dfdc_subset_77_jpg/test/real/real_000709.jpg,real,test,0,0.203314408659935,0,clean,medium
/media/D1/ait_users/staff122/deepfake_project/outputs_deepfake_project/dfdc_subset_77_jpg/test/real/real_000710.jpg,real,test,0,0.5900719165802002,1,clean,medium
/media/D1/ait_users/staff122/deepfake_project/outputs_deepfake_project/dfdc_subset_77_jpg/test/real/real_000711.jpg,real,test,0,0.06773126870393753,0,clean,medium
/media/D1/ait_users/staff122/deepfake_project/outputs_deepfake_project/dfdc_subset_77_jpg/test/real/real_000712.jpg,real,test,0,0.05105022341012955,0,clean,medium
/media/D1/ait_users/staff122/deepfake_project/outputs_deepfake_project/dfdc_subset_77_jpg/test/real/real_000713.jpg,real,test,0,0.03558265045285225,0,clean,medium
/media/D1/ait_users/staff122/deepfake_project/outputs_deepfake_project/dfdc_subset_77_jpg/test/real/real_000714.jpg,real,test,0,0.44672659039497375,0,clean,medium
/media/D1/ait_users/staff122/deepfake_project/outputs_deepfake_project/dfdc_subset_77_jpg/test/real/real_000715.jpg,real,test,0,0.507716178894043,1,clean,medium
/media/D1/ait_users/staff122/deepfake_project/outputs_deepfake_project/dfdc_subset_77_jpg/test/real/real_000716.jpg,real,test,0,0.5415593385696411,1,clean,medium
/media/D1/ait_users/staff122/deepfake_project/outputs_deepfake_project/dfdc_subset_77_jpg/test/real/real_000717.jpg,real,test,0,0.4067477285861969,0,clean,medium
/media/D1/ait_users/staff122/deepfake_project/outputs_deepfake_project/dfdc_subset_77_jpg/test/real/real_000718.jpg,real,test,0,0.3253915309906006,0,clean,medium
/media/D1/ait_users/staff122/deepfake_project/outputs_deepfake_project/dfdc_subset_77_jpg/test/real/real_000719.jpg,real,test,0,0.02736975997686386,0,clean,medium
/media/D1/ait_users/staff122/deepfake_project/outputs_deepfake_project/dfdc_subset_77_jpg/test/real/real_000720.jpg,real,test,0,0.09845452755689621,0,clean,medium
/media/D1/ait_users/staff122/deepfake_project/outputs_deepfake_project/dfdc_subset_77_jpg/test/real/real_000721.jpg,real,test,0,0.14544419944286346,0,clean,medium
/media/D1/ait_users/staff122/deepfake_project/outputs_deepfake_project/dfdc_subset_77_jpg/test/real/real_000722.jpg,real,test,0,0.4215043783187866,0,clean,medium
/media/D1/ait_users/staff122/deepfake_project/outputs_deepfake_project/dfdc_subset_77_jpg/test/real/real_000723.jpg,real,test,0,0.14447559416294098,0,clean,medium
/media/D1/ait_users/staff122/deepfake_project/outputs_deepfake_project/dfdc_subset_77_jpg/test/real/real_000724.jpg,real,test,0,0.45305925607681274,0,clean,medium
/media/D1/ait_users/staff122/deepfake_project/outputs_deepfake_project/dfdc_subset_77_jpg/test/real/real_000725.jpg,real,test,0,0.0376688651740551,0,clean,medium
/media/D1/ait_users/staff122/deepfake_project/outputs_deepfake_project/dfdc_subset_77_jpg/test/real/real_000726.jpg,real,test,0,0.09904797375202179,0,clean,medium
/media/D1/ait_users/staff122/deepfake_project/outputs_deepfake_project/dfdc_subset_77_jpg/test/real/real_000727.jpg,real,test,0,0.1317111998796463,0,clean,medium
/media/D1/ait_users/staff122/deepfake_project/outputs_deepfake_project/dfdc_subset_77_jpg/test/real/real_000728.jpg,real,test,0,0.2041759341955185,0,clean,medium
/media/D1/ait_users/staff122/deepfake_project/outputs_deepfake_project/dfdc_subset_77_jpg/test/real/real_000729.jpg,real,test,0,0.17536525428295135,0,clean,medium
/media/D1/ait_users/staff122/deepfake_project/outputs_deepfake_project/dfdc_subset_77_jpg/test/real/real_000730.jpg,real,test,0,0.05715439096093178,0,clean,medium
/media/D1/ait_users/staff122/deepfake_project/outputs_deepfake_project/dfdc_subset_77_jpg/test/real/real_000731.jpg,real,test,0,0.8936588764190674,1,clean,medium
/media/D1/ait_users/staff122/deepfake_project/outputs_deepfake_project/dfdc_subset_77_jpg/test/real/real_000732.jpg,real,test,0,0.03788265958428383,0,clean,medium
/media/D1/ait_users/staff122/deepfake_project/outputs_deepfake_project/dfdc_subset_77_jpg/test/real/real_000733.jpg,real,test,0,0.036831412464380264,0,clean,medium
/media/D1/ait_users/staff122/deepfake_project/outputs_deepfake_project/dfdc_subset_77_jpg/test/real/real_000734.jpg,real,test,0,0.11872722953557968,0,clean,medium
/media/D1/ait_users/staff122/deepfake_project/outputs_deepfake_project/dfdc_subset_77_jpg/test/real/real_000735.jpg,real,test,0,0.1751794070005417,0,clean,medium
/media/D1/ait_users/staff122/deepfake_project/outputs_deepfake_project/dfdc_subset_77_jpg/test/real/real_000736.jpg,real,test,0,0.0155415628105402,0,clean,medium
/media/D1/ait_users/staff122/deepfake_project/outputs_deepfake_project/dfdc_subset_77_jpg/test/real/real_000737.jpg,real,test,0,0.024469979107379913,0,clean,medium
/media/D1/ait_users/staff122/deepfake_project/outputs_deepfake_project/dfdc_subset_77_jpg/test/real/real_000738.jpg,real,test,0,0.008517855778336525,0,clean,medium
/media/D1/ait_users/staff122/deepfake_project/outputs_deepfake_project/dfdc_subset_77_jpg/test/real/real_000739.jpg,real,test,0,0.005839631427079439,0,clean,medium
/media/D1/ait_users/staff122/deepfake_project/outputs_deepfake_project/dfdc_subset_77_jpg/test/real/real_000740.jpg,real,test,0,0.05295087397098541,0,clean,medium
/media/D1/ait_users/staff122/deepfake_project/outputs_deepfake_project/dfdc_subset_77_jpg/test/real/real_000741.jpg,real,test,0,0.008480630815029144,0,clean,medium
/media/D1/ait_users/staff122/deepfake_project/outputs_deepfake_project/dfdc_subset_77_jpg/test/real/real_000742.jpg,real,test,0,0.004694811999797821,0,clean,medium
/media/D1/ait_users/staff122/deepfake_project/outputs_deepfake_project/dfdc_subset_77_jpg/test/real/real_000743.jpg,real,test,0,0.0022568905260413885,0,clean,medium
/media/D1/ait_users/staff122/deepfake_project/outputs_deepfake_project/dfdc_subset_77_jpg/test/real/real_000744.jpg,real,test,0,0.014524150639772415,0,clean,medium
/media/D1/ait_users/staff122/deepfake_project/outputs_deepfake_project/dfdc_subset_77_jpg/test/real/real_000745.jpg,real,test,0,0.022144563496112823,0,clean,medium
/media/D1/ait_users/staff122/deepfake_project/outputs_deepfake_project/dfdc_subset_77_jpg/test/real/real_000746.jpg,real,test,0,0.012844047509133816,0,clean,medium
/media/D1/ait_users/staff122/deepfake_project/outputs_deepfake_project/dfdc_subset_77_jpg/test/real/real_000747.jpg,real,test,0,0.012217487208545208,0,clean,medium
/media/D1/ait_users/staff122/deepfake_project/outputs_deepfake_project/dfdc_subset_77_jpg/test/real/real_000748.jpg,real,test,0,0.002735971473157406,0,clean,medium
/media/D1/ait_users/staff122/deepfake_project/outputs_deepfake_project/dfdc_subset_77_jpg/test/real/real_000749.jpg,real,test,0,0.028437884524464607,0,clean,medium
/media/D1/ait_users/staff122/deepfake_project/outputs_deepfake_project/dfdc_subset_77_jpg/test/real/real_000750.jpg,real,test,0,0.022118868306279182,0,clean,medium
/media/D1/ait_users/staff122/deepfake_project/outputs_deepfake_project/dfdc_subset_77_jpg/test/real/real_000751.jpg,real,test,0,0.07225636392831802,0,clean,medium
/media/D1/ait_users/staff122/deepfake_project/outputs_deepfake_project/dfdc_subset_77_jpg/test/real/real_000752.jpg,real,test,0,0.015141107141971588,0,clean,medium
/media/D1/ait_users/staff122/deepfake_project/outputs_deepfake_project/dfdc_subset_77_jpg/test/real/real_000753.jpg,real,test,0,0.004728263709694147,0,clean,medium
/media/D1/ait_users/staff122/deepfake_project/outputs_deepfake_project/dfdc_subset_77_jpg/test/real/real_000754.jpg,real,test,0,0.01859416253864765,0,clean,medium
/media/D1/ait_users/staff122/deepfake_project/outputs_deepfake_project/dfdc_subset_77_jpg/test/real/real_000755.jpg,real,test,0,0.02117508463561535,0,clean,medium
/media/D1/ait_users/staff122/deepfake_project/outputs_deepfake_project/dfdc_subset_77_jpg/test/real/real_000756.jpg,real,test,0,0.007411985658109188,0,clean,medium
/media/D1/ait_users/staff122/deepfake_project/outputs_deepfake_project/dfdc_subset_77_jpg/test/real/real_000757.jpg,real,test,0,0.022062432020902634,0,clean,medium
/media/D1/ait_users/staff122/deepfake_project/outputs_deepfake_project/dfdc_subset_77_jpg/test/real/real_000758.jpg,real,test,0,0.008041689172387123,0,clean,medium
/media/D1/ait_users/staff122/deepfake_project/outputs_deepfake_project/dfdc_subset_77_jpg/test/real/real_000759.jpg,real,test,0,0.0039473180659115314,0,clean,medium
/media/D1/ait_users/staff122/deepfake_project/outputs_deepfake_project/dfdc_subset_77_jpg/test/real/real_000760.jpg,real,test,0,0.0016441692132502794,0,clean,medium
/media/D1/ait_users/staff122/deepfake_project/outputs_deepfake_project/dfdc_subset_77_jpg/test/real/real_000761.jpg,real,test,0,0.005390630569308996,0,clean,medium
/media/D1/ait_users/staff122/deepfake_project/outputs_deepfake_project/dfdc_subset_77_jpg/test/real/real_000762.jpg,real,test,0,0.004316806793212891,0,clean,medium
/media/D1/ait_users/staff122/deepfake_project/outputs_deepfake_project/dfdc_subset_77_jpg/test/real/real_000763.jpg,real,test,0,0.004785530734807253,0,clean,medium
/media/D1/ait_users/staff122/deepfake_project/outputs_deepfake_project/dfdc_subset_77_jpg/test/real/real_000764.jpg,real,test,0,0.010866756550967693,0,clean,medium
/media/D1/ait_users/staff122/deepfake_project/outputs_deepfake_project/dfdc_subset_77_jpg/test/real/real_000765.jpg,real,test,0,0.010466556064784527,0,clean,medium
/media/D1/ait_users/staff122/deepfake_project/outputs_deepfake_project/dfdc_subset_77_jpg/test/real/real_000766.jpg,real,test,0,0.005575201939791441,0,clean,medium
/media/D1/ait_users/staff122/deepfake_project/outputs_deepfake_project/dfdc_subset_77_jpg/test/real/real_000767.jpg,real,test,0,0.0053804367780685425,0,clean,medium
/media/D1/ait_users/staff122/deepfake_project/outputs_deepfake_project/dfdc_subset_77_jpg/test/real/real_000768.jpg,real,test,0,0.007672471925616264,0,clean,medium
/media/D1/ait_users/staff122/deepfake_project/outputs_deepfake_project/dfdc_subset_77_jpg/test/real/real_000769.jpg,real,test,0,0.559632420539856,1,clean,medium
/media/D1/ait_users/staff122/deepfake_project/outputs_deepfake_project/dfdc_subset_77_jpg/test/real/real_000770.jpg,real,test,0,0.08344819396734238,0,clean,medium
/media/D1/ait_users/staff122/deepfake_project/outputs_deepfake_project/dfdc_subset_77_jpg/test/real/real_000771.jpg,real,test,0,0.17784205079078674,0,clean,medium
/media/D1/ait_users/staff122/deepfake_project/outputs_deepfake_project/dfdc_subset_77_jpg/test/real/real_000772.jpg,real,test,0,0.08278339356184006,0,clean,medium
/media/D1/ait_users/staff122/deepfake_project/outputs_deepfake_project/dfdc_subset_77_jpg/test/real/real_000773.jpg,real,test,0,0.10901812463998795,0,clean,medium
/media/D1/ait_users/staff122/deepfake_project/outputs_deepfake_project/dfdc_subset_77_jpg/test/real/real_000774.jpg,real,test,0,0.027625638991594315,0,clean,medium
/media/D1/ait_users/staff122/deepfake_project/outputs_deepfake_project/dfdc_subset_77_jpg/test/real/real_000775.jpg,real,test,0,0.03974341228604317,0,clean,medium
/media/D1/ait_users/staff122/deepfake_project/outputs_deepfake_project/dfdc_subset_77_jpg/test/real/real_000776.jpg,real,test,0,0.1127527505159378,0,clean,medium
/media/D1/ait_users/staff122/deepfake_project/outputs_deepfake_project/dfdc_subset_77_jpg/test/real/real_000777.jpg,real,test,0,0.14183926582336426,0,clean,medium
/media/D1/ait_users/staff122/deepfake_project/outputs_deepfake_project/dfdc_subset_77_jpg/test/real/real_000778.jpg,real,test,0,0.11033938080072403,0,clean,medium
/media/D1/ait_users/staff122/deepfake_project/outputs_deepfake_project/dfdc_subset_77_jpg/test/real/real_000779.jpg,real,test,0,0.13507553935050964,0,clean,medium
/media/D1/ait_users/staff122/deepfake_project/outputs_deepfake_project/dfdc_subset_77_jpg/test/real/real_000780.jpg,real,test,0,0.05411989241838455,0,clean,medium
/media/D1/ait_users/staff122/deepfake_project/outputs_deepfake_project/dfdc_subset_77_jpg/test/real/real_000781.jpg,real,test,0,0.17990407347679138,0,clean,medium
/media/D1/ait_users/staff122/deepfake_project/outputs_deepfake_project/dfdc_subset_77_jpg/test/real/real_000782.jpg,real,test,0,0.11908659338951111,0,clean,medium
/media/D1/ait_users/staff122/deepfake_project/outputs_deepfake_project/dfdc_subset_77_jpg/test/real/real_000783.jpg,real,test,0,0.2847961485385895,0,clean,medium
/media/D1/ait_users/staff122/deepfake_project/outputs_deepfake_project/dfdc_subset_77_jpg/test/real/real_000784.jpg,real,test,0,0.01881708763539791,0,clean,medium
/media/D1/ait_users/staff122/deepfake_project/outputs_deepfake_project/dfdc_subset_77_jpg/test/real/real_000785.jpg,real,test,0,0.04521779716014862,0,clean,medium
/media/D1/ait_users/staff122/deepfake_project/outputs_deepfake_project/dfdc_subset_77_jpg/test/real/real_000786.jpg,real,test,0,0.07271267473697662,0,clean,medium
/media/D1/ait_users/staff122/deepfake_project/outputs_deepfake_project/dfdc_subset_77_jpg/test/real/real_000787.jpg,real,test,0,0.019961373880505562,0,clean,medium
/media/D1/ait_users/staff122/deepfake_project/outputs_deepfake_project/dfdc_subset_77_jpg/test/real/real_000788.jpg,real,test,0,0.01689453050494194,0,clean,medium
/media/D1/ait_users/staff122/deepfake_project/outputs_deepfake_project/dfdc_subset_77_jpg/test/real/real_000789.jpg,real,test,0,0.010896020568907261,0,clean,medium
/media/D1/ait_users/staff122/deepfake_project/outputs_deepfake_project/dfdc_subset_77_jpg/test/real/real_000790.jpg,real,test,0,0.2844161093235016,0,clean,medium
/media/D1/ait_users/staff122/deepfake_project/outputs_deepfake_project/dfdc_subset_77_jpg/test/real/real_000791.jpg,real,test,0,0.10986200720071793,0,clean,medium
/media/D1/ait_users/staff122/deepfake_project/outputs_deepfake_project/dfdc_subset_77_jpg/test/real/real_000792.jpg,real,test,0,0.07887892425060272,0,clean,medium
/media/D1/ait_users/staff122/deepfake_project/outputs_deepfake_project/dfdc_subset_77_jpg/test/real/real_000793.jpg,real,test,0,0.060413189232349396,0,clean,medium
/media/D1/ait_users/staff122/deepfake_project/outputs_deepfake_project/dfdc_subset_77_jpg/test/real/real_000794.jpg,real,test,0,0.026577178388834,0,clean,medium
/media/D1/ait_users/staff122/deepfake_project/outputs_deepfake_project/dfdc_subset_77_jpg/test/real/real_000795.jpg,real,test,0,0.023815542459487915,0,clean,medium
/media/D1/ait_users/staff122/deepfake_project/outputs_deepfake_project/dfdc_subset_77_jpg/test/real/real_000796.jpg,real,test,0,0.12466226518154144,0,clean,medium
/media/D1/ait_users/staff122/deepfake_project/outputs_deepfake_project/dfdc_subset_77_jpg/test/real/real_000797.jpg,real,test,0,0.07344182580709457,0,clean,medium
/media/D1/ait_users/staff122/deepfake_project/outputs_deepfake_project/dfdc_subset_77_jpg/test/real/real_000798.jpg,real,test,0,0.028039613738656044,0,clean,medium
/media/D1/ait_users/staff122/deepfake_project/outputs_deepfake_project/dfdc_subset_77_jpg/test/real/real_000799.jpg,real,test,0,0.14660392701625824,0,clean,medium
/media/D1/ait_users/staff122/deepfake_project/outputs_deepfake_project/dfdc_subset_77_jpg/test/real/real_000800.jpg,real,test,0,0.27052372694015503,0,clean,medium
/media/D1/ait_users/staff122/deepfake_project/outputs_deepfake_project/dfdc_subset_77_jpg/test/real/real_000801.jpg,real,test,0,0.12133637815713882,0,clean,medium
/media/D1/ait_users/staff122/deepfake_project/outputs_deepfake_project/dfdc_subset_77_jpg/test/real/real_000802.jpg,real,test,0,0.4768074154853821,0,clean,medium
/media/D1/ait_users/staff122/deepfake_project/outputs_deepfake_project/dfdc_subset_77_jpg/test/real/real_000803.jpg,real,test,0,0.4452506899833679,0,clean,medium
/media/D1/ait_users/staff122/deepfake_project/outputs_deepfake_project/dfdc_subset_77_jpg/test/real/real_000804.jpg,real,test,0,0.2746596038341522,0,clean,medium
/media/D1/ait_users/staff122/deepfake_project/outputs_deepfake_project/dfdc_subset_77_jpg/test/real/real_000805.jpg,real,test,0,0.6674461364746094,1,clean,medium
/media/D1/ait_users/staff122/deepfake_project/outputs_deepfake_project/dfdc_subset_77_jpg/test/real/real_000806.jpg,real,test,0,0.4434191882610321,0,clean,medium
/media/D1/ait_users/staff122/deepfake_project/outputs_deepfake_project/dfdc_subset_77_jpg/test/real/real_000807.jpg,real,test,0,0.456658273935318,0,clean,medium
/media/D1/ait_users/staff122/deepfake_project/outputs_deepfake_project/dfdc_subset_77_jpg/test/real/real_000808.jpg,real,test,0,0.4357810616493225,0,clean,medium
/media/D1/ait_users/staff122/deepfake_project/outputs_deepfake_project/dfdc_subset_77_jpg/test/real/real_000809.jpg,real,test,0,0.7680706977844238,1,clean,medium
/media/D1/ait_users/staff122/deepfake_project/outputs_deepfake_project/dfdc_subset_77_jpg/test/real/real_000810.jpg,real,test,0,0.4360333979129791,0,clean,medium
/media/D1/ait_users/staff122/deepfake_project/outputs_deepfake_project/dfdc_subset_77_jpg/test/real/real_000811.jpg,real,test,0,0.42028576135635376,0,clean,medium
/media/D1/ait_users/staff122/deepfake_project/outputs_deepfake_project/dfdc_subset_77_jpg/test/real/real_000812.jpg,real,test,0,0.24321295320987701,0,clean,medium
/media/D1/ait_users/staff122/deepfake_project/outputs_deepfake_project/dfdc_subset_77_jpg/test/real/real_000813.jpg,real,test,0,0.43107789754867554,0,clean,medium
/media/D1/ait_users/staff122/deepfake_project/outputs_deepfake_project/dfdc_subset_77_jpg/test/real/real_000814.jpg,real,test,0,0.4388764500617981,0,clean,medium
/media/D1/ait_users/staff122/deepfake_project/outputs_deepfake_project/dfdc_subset_77_jpg/test/real/real_000815.jpg,real,test,0,0.43067073822021484,0,clean,medium
/media/D1/ait_users/staff122/deepfake_project/outputs_deepfake_project/dfdc_subset_77_jpg/test/real/real_000816.jpg,real,test,0,0.4430626928806305,0,clean,medium
/media/D1/ait_users/staff122/deepfake_project/outputs_deepfake_project/dfdc_subset_77_jpg/test/real/real_000817.jpg,real,test,0,0.4539989233016968,0,clean,medium
/media/D1/ait_users/staff122/deepfake_project/outputs_deepfake_project/dfdc_subset_77_jpg/test/real/real_000818.jpg,real,test,0,0.4445969760417938,0,clean,medium
/media/D1/ait_users/staff122/deepfake_project/outputs_deepfake_project/dfdc_subset_77_jpg/test/real/real_000819.jpg,real,test,0,0.43689435720443726,0,clean,medium
/media/D1/ait_users/staff122/deepfake_project/outputs_deepfake_project/dfdc_subset_77_jpg/test/real/real_000820.jpg,real,test,0,0.44556695222854614,0,clean,medium
/media/D1/ait_users/staff122/deepfake_project/outputs_deepfake_project/dfdc_subset_77_jpg/test/real/real_000821.jpg,real,test,0,0.4438522756099701,0,clean,medium
/media/D1/ait_users/staff122/deepfake_project/outputs_deepfake_project/dfdc_subset_77_jpg/test/real/real_000822.jpg,real,test,0,0.4263150990009308,0,clean,medium
/media/D1/ait_users/staff122/deepfake_project/outputs_deepfake_project/dfdc_subset_77_jpg/test/real/real_000823.jpg,real,test,0,0.4264076054096222,0,clean,medium
/media/D1/ait_users/staff122/deepfake_project/outputs_deepfake_project/dfdc_subset_77_jpg/test/real/real_000824.jpg,real,test,0,0.4396117627620697,0,clean,medium
/media/D1/ait_users/staff122/deepfake_project/outputs_deepfake_project/dfdc_subset_77_jpg/test/real/real_000825.jpg,real,test,0,0.15975727140903473,0,clean,medium
/media/D1/ait_users/staff122/deepfake_project/outputs_deepfake_project/dfdc_subset_77_jpg/test/real/real_000826.jpg,real,test,0,0.41168004274368286,0,clean,medium
/media/D1/ait_users/staff122/deepfake_project/outputs_deepfake_project/dfdc_subset_77_jpg/test/real/real_000827.jpg,real,test,0,0.5404696464538574,1,clean,medium
/media/D1/ait_users/staff122/deepfake_project/outputs_deepfake_project/dfdc_subset_77_jpg/test/real/real_000828.jpg,real,test,0,0.46417099237442017,0,clean,medium
/media/D1/ait_users/staff122/deepfake_project/outputs_deepfake_project/dfdc_subset_77_jpg/test/real/real_000829.jpg,real,test,0,0.7861988544464111,1,clean,medium
/media/D1/ait_users/staff122/deepfake_project/outputs_deepfake_project/dfdc_subset_77_jpg/test/real/real_000830.jpg,real,test,0,0.7561292052268982,1,clean,medium
/media/D1/ait_users/staff122/deepfake_project/outputs_deepfake_project/dfdc_subset_77_jpg/test/real/real_000831.jpg,real,test,0,0.4775717258453369,0,clean,medium
/media/D1/ait_users/staff122/deepfake_project/outputs_deepfake_project/dfdc_subset_77_jpg/test/real/real_000832.jpg,real,test,0,0.04818342998623848,0,clean,medium
/media/D1/ait_users/staff122/deepfake_project/outputs_deepfake_project/dfdc_subset_77_jpg/test/real/real_000833.jpg,real,test,0,0.0570019856095314,0,clean,medium
/media/D1/ait_users/staff122/deepfake_project/outputs_deepfake_project/dfdc_subset_77_jpg/test/real/real_000834.jpg,real,test,0,0.04966255649924278,0,clean,medium
/media/D1/ait_users/staff122/deepfake_project/outputs_deepfake_project/dfdc_subset_77_jpg/test/real/real_000835.jpg,real,test,0,0.816741943359375,1,clean,medium
/media/D1/ait_users/staff122/deepfake_project/outputs_deepfake_project/dfdc_subset_77_jpg/test/real/real_000836.jpg,real,test,0,0.18478791415691376,0,clean,medium
/media/D1/ait_users/staff122/deepfake_project/outputs_deepfake_project/dfdc_subset_77_jpg/test/real/real_000837.jpg,real,test,0,0.05616931989789009,0,clean,medium
/media/D1/ait_users/staff122/deepfake_project/outputs_deepfake_project/dfdc_subset_77_jpg/test/real/real_000838.jpg,real,test,0,0.14791952073574066,0,clean,medium
/media/D1/ait_users/staff122/deepfake_project/outputs_deepfake_project/dfdc_subset_77_jpg/test/real/real_000839.jpg,real,test,0,0.49529826641082764,0,clean,medium
/media/D1/ait_users/staff122/deepfake_project/outputs_deepfake_project/dfdc_subset_77_jpg/test/real/real_000840.jpg,real,test,0,0.13122272491455078,0,clean,medium
/media/D1/ait_users/staff122/deepfake_project/outputs_deepfake_project/dfdc_subset_77_jpg/test/real/real_000841.jpg,real,test,0,0.4724351167678833,0,clean,medium
/media/D1/ait_users/staff122/deepfake_project/outputs_deepfake_project/dfdc_subset_77_jpg/test/real/real_000842.jpg,real,test,0,0.017474040389060974,0,clean,medium
/media/D1/ait_users/staff122/deepfake_project/outputs_deepfake_project/dfdc_subset_77_jpg/test/real/real_000843.jpg,real,test,0,0.02221977524459362,0,clean,medium
/media/D1/ait_users/staff122/deepfake_project/outputs_deepfake_project/dfdc_subset_77_jpg/test/real/real_000844.jpg,real,test,0,0.011015779338777065,0,clean,medium
/media/D1/ait_users/staff122/deepfake_project/outputs_deepfake_project/dfdc_subset_77_jpg/test/real/real_000845.jpg,real,test,0,0.008550736121833324,0,clean,medium
/media/D1/ait_users/staff122/deepfake_project/outputs_deepfake_project/dfdc_subset_77_jpg/test/real/real_000846.jpg,real,test,0,0.12524515390396118,0,clean,medium
/media/D1/ait_users/staff122/deepfake_project/outputs_deepfake_project/dfdc_subset_77_jpg/test/real/real_000847.jpg,real,test,0,0.19356386363506317,0,clean,medium
/media/D1/ait_users/staff122/deepfake_project/outputs_deepfake_project/dfdc_subset_77_jpg/test/real/real_000848.jpg,real,test,0,0.7948660850524902,1,clean,medium
/media/D1/ait_users/staff122/deepfake_project/outputs_deepfake_project/dfdc_subset_77_jpg/test/real/real_000849.jpg,real,test,0,0.022279735654592514,0,clean,medium
/media/D1/ait_users/staff122/deepfake_project/outputs_deepfake_project/dfdc_subset_77_jpg/test/real/real_000850.jpg,real,test,0,0.0439816452562809,0,clean,medium
/media/D1/ait_users/staff122/deepfake_project/outputs_deepfake_project/dfdc_subset_77_jpg/test/real/real_000851.jpg,real,test,0,0.04694560542702675,0,clean,medium
/media/D1/ait_users/staff122/deepfake_project/outputs_deepfake_project/dfdc_subset_77_jpg/test/real/real_000852.jpg,real,test,0,0.03443779796361923,0,clean,medium
/media/D1/ait_users/staff122/deepfake_project/outputs_deepfake_project/dfdc_subset_77_jpg/test/real/real_000853.jpg,real,test,0,0.04987697675824165,0,clean,medium
/media/D1/ait_users/staff122/deepfake_project/outputs_deepfake_project/dfdc_subset_77_jpg/test/real/real_000854.jpg,real,test,0,0.057028766721487045,0,clean,medium
/media/D1/ait_users/staff122/deepfake_project/outputs_deepfake_project/dfdc_subset_77_jpg/test/real/real_000855.jpg,real,test,0,0.04392293840646744,0,clean,medium
/media/D1/ait_users/staff122/deepfake_project/outputs_deepfake_project/dfdc_subset_77_jpg/test/real/real_000856.jpg,real,test,0,0.07060012966394424,0,clean,medium
/media/D1/ait_users/staff122/deepfake_project/outputs_deepfake_project/dfdc_subset_77_jpg/test/real/real_000857.jpg,real,test,0,0.009385937824845314,0,clean,medium
/media/D1/ait_users/staff122/deepfake_project/outputs_deepfake_project/dfdc_subset_77_jpg/test/real/real_000858.jpg,real,test,0,0.7090734839439392,1,clean,medium
/media/D1/ait_users/staff122/deepfake_project/outputs_deepfake_project/dfdc_subset_77_jpg/test/real/real_000859.jpg,real,test,0,0.03817394748330116,0,clean,medium
/media/D1/ait_users/staff122/deepfake_project/outputs_deepfake_project/dfdc_subset_77_jpg/test/real/real_000860.jpg,real,test,0,0.008935416117310524,0,clean,medium
/media/D1/ait_users/staff122/deepfake_project/outputs_deepfake_project/dfdc_subset_77_jpg/test/real/real_000861.jpg,real,test,0,0.018447550013661385,0,clean,medium
/media/D1/ait_users/staff122/deepfake_project/outputs_deepfake_project/dfdc_subset_77_jpg/test/real/real_000862.jpg,real,test,0,0.12449657917022705,0,clean,medium
/media/D1/ait_users/staff122/deepfake_project/outputs_deepfake_project/dfdc_subset_77_jpg/test/real/real_000863.jpg,real,test,0,0.6267648339271545,1,clean,medium
/media/D1/ait_users/staff122/deepfake_project/outputs_deepfake_project/dfdc_subset_77_jpg/test/real/real_000864.jpg,real,test,0,0.1936608999967575,0,clean,medium
/media/D1/ait_users/staff122/deepfake_project/outputs_deepfake_project/dfdc_subset_77_jpg/test/real/real_000865.jpg,real,test,0,0.17721973359584808,0,clean,medium
/media/D1/ait_users/staff122/deepfake_project/outputs_deepfake_project/dfdc_subset_77_jpg/test/real/real_000866.jpg,real,test,0,0.5386936068534851,1,clean,medium
/media/D1/ait_users/staff122/deepfake_project/outputs_deepfake_project/dfdc_subset_77_jpg/test/real/real_000867.jpg,real,test,0,0.2232343554496765,0,clean,medium
/media/D1/ait_users/staff122/deepfake_project/outputs_deepfake_project/dfdc_subset_77_jpg/test/real/real_000868.jpg,real,test,0,0.1819281280040741,0,clean,medium
/media/D1/ait_users/staff122/deepfake_project/outputs_deepfake_project/dfdc_subset_77_jpg/test/real/real_000869.jpg,real,test,0,0.2424537092447281,0,clean,medium
/media/D1/ait_users/staff122/deepfake_project/outputs_deepfake_project/dfdc_subset_77_jpg/test/real/real_000870.jpg,real,test,0,0.1505642980337143,0,clean,medium
/media/D1/ait_users/staff122/deepfake_project/outputs_deepfake_project/dfdc_subset_77_jpg/test/real/real_000871.jpg,real,test,0,0.07180091738700867,0,clean,medium
/media/D1/ait_users/staff122/deepfake_project/outputs_deepfake_project/dfdc_subset_77_jpg/test/real/real_000872.jpg,real,test,0,0.4087154269218445,0,clean,medium
/media/D1/ait_users/staff122/deepfake_project/outputs_deepfake_project/dfdc_subset_77_jpg/test/real/real_000873.jpg,real,test,0,0.7330507636070251,1,clean,medium
/media/D1/ait_users/staff122/deepfake_project/outputs_deepfake_project/dfdc_subset_77_jpg/test/real/real_000874.jpg,real,test,0,0.38647785782814026,0,clean,medium
/media/D1/ait_users/staff122/deepfake_project/outputs_deepfake_project/dfdc_subset_77_jpg/test/real/real_000875.jpg,real,test,0,0.40671995282173157,0,clean,medium
/media/D1/ait_users/staff122/deepfake_project/outputs_deepfake_project/dfdc_subset_77_jpg/test/real/real_000876.jpg,real,test,0,0.08890610933303833,0,clean,medium
/media/D1/ait_users/staff122/deepfake_project/outputs_deepfake_project/dfdc_subset_77_jpg/test/real/real_000877.jpg,real,test,0,0.12615147233009338,0,clean,medium
/media/D1/ait_users/staff122/deepfake_project/outputs_deepfake_project/dfdc_subset_77_jpg/test/real/real_000878.jpg,real,test,0,0.2831868529319763,0,clean,medium
/media/D1/ait_users/staff122/deepfake_project/outputs_deepfake_project/dfdc_subset_77_jpg/test/real/real_000879.jpg,real,test,0,0.49853381514549255,0,clean,medium
/media/D1/ait_users/staff122/deepfake_project/outputs_deepfake_project/dfdc_subset_77_jpg/test/real/real_000880.jpg,real,test,0,0.1293758600950241,0,clean,medium
/media/D1/ait_users/staff122/deepfake_project/outputs_deepfake_project/dfdc_subset_77_jpg/test/real/real_000881.jpg,real,test,0,0.2064284086227417,0,clean,medium
/media/D1/ait_users/staff122/deepfake_project/outputs_deepfake_project/dfdc_subset_77_jpg/test/real/real_000882.jpg,real,test,0,0.17549432814121246,0,clean,medium
/media/D1/ait_users/staff122/deepfake_project/outputs_deepfake_project/dfdc_subset_77_jpg/test/real/real_000883.jpg,real,test,0,0.1640530824661255,0,clean,medium
/media/D1/ait_users/staff122/deepfake_project/outputs_deepfake_project/dfdc_subset_77_jpg/test/real/real_000884.jpg,real,test,0,0.37785103917121887,0,clean,medium
/media/D1/ait_users/staff122/deepfake_project/outputs_deepfake_project/dfdc_subset_77_jpg/test/real/real_000885.jpg,real,test,0,0.5174669027328491,1,clean,medium
/media/D1/ait_users/staff122/deepfake_project/outputs_deepfake_project/dfdc_subset_77_jpg/test/real/real_000886.jpg,real,test,0,0.29799968004226685,0,clean,medium
/media/D1/ait_users/staff122/deepfake_project/outputs_deepfake_project/dfdc_subset_77_jpg/test/real/real_000887.jpg,real,test,0,0.7637640833854675,1,clean,medium
/media/D1/ait_users/staff122/deepfake_project/outputs_deepfake_project/dfdc_subset_77_jpg/test/real/real_000888.jpg,real,test,0,0.24828583002090454,0,clean,medium
/media/D1/ait_users/staff122/deepfake_project/outputs_deepfake_project/dfdc_subset_77_jpg/test/real/real_000889.jpg,real,test,0,0.4487389624118805,0,clean,medium
/media/D1/ait_users/staff122/deepfake_project/outputs_deepfake_project/dfdc_subset_77_jpg/test/real/real_000890.jpg,real,test,0,0.0956469252705574,0,clean,medium
/media/D1/ait_users/staff122/deepfake_project/outputs_deepfake_project/dfdc_subset_77_jpg/test/real/real_000891.jpg,real,test,0,0.35394495725631714,0,clean,medium
/media/D1/ait_users/staff122/deepfake_project/outputs_deepfake_project/dfdc_subset_77_jpg/test/real/real_000892.jpg,real,test,0,0.29215139150619507,0,clean,medium
/media/D1/ait_users/staff122/deepfake_project/outputs_deepfake_project/dfdc_subset_77_jpg/test/real/real_000893.jpg,real,test,0,0.05982593074440956,0,clean,medium
/media/D1/ait_users/staff122/deepfake_project/outputs_deepfake_project/dfdc_subset_77_jpg/test/real/real_000894.jpg,real,test,0,0.2143869549036026,0,clean,medium
/media/D1/ait_users/staff122/deepfake_project/outputs_deepfake_project/dfdc_subset_77_jpg/test/real/real_000895.jpg,real,test,0,0.41242045164108276,0,clean,medium
/media/D1/ait_users/staff122/deepfake_project/outputs_deepfake_project/dfdc_subset_77_jpg/test/real/real_000896.jpg,real,test,0,0.3129185736179352,0,clean,medium
/media/D1/ait_users/staff122/deepfake_project/outputs_deepfake_project/dfdc_subset_77_jpg/test/real/real_000897.jpg,real,test,0,0.0181086715310812,0,clean,medium
/media/D1/ait_users/staff122/deepfake_project/outputs_deepfake_project/dfdc_subset_77_jpg/test/real/real_000898.jpg,real,test,0,0.028870314359664917,0,clean,medium
/media/D1/ait_users/staff122/deepfake_project/outputs_deepfake_project/dfdc_subset_77_jpg/test/real/real_000899.jpg,real,test,0,0.022372765466570854,0,clean,medium
/media/D1/ait_users/staff122/deepfake_project/outputs_deepfake_project/dfdc_subset_77_jpg/test/real/real_000900.jpg,real,test,0,0.09070124477148056,0,clean,medium
/media/D1/ait_users/staff122/deepfake_project/outputs_deepfake_project/dfdc_subset_77_jpg/test/real/real_000901.jpg,real,test,0,0.013566653244197369,0,clean,medium
/media/D1/ait_users/staff122/deepfake_project/outputs_deepfake_project/dfdc_subset_77_jpg/test/real/real_000902.jpg,real,test,0,0.1230277270078659,0,clean,medium
/media/D1/ait_users/staff122/deepfake_project/outputs_deepfake_project/dfdc_subset_77_jpg/test/real/real_000903.jpg,real,test,0,0.06500523537397385,0,clean,medium
/media/D1/ait_users/staff122/deepfake_project/outputs_deepfake_project/dfdc_subset_77_jpg/test/real/real_000904.jpg,real,test,0,0.15690745413303375,0,clean,medium
/media/D1/ait_users/staff122/deepfake_project/outputs_deepfake_project/dfdc_subset_77_jpg/test/real/real_000905.jpg,real,test,0,0.044256214052438736,0,clean,medium
/media/D1/ait_users/staff122/deepfake_project/outputs_deepfake_project/dfdc_subset_77_jpg/test/real/real_000906.jpg,real,test,0,0.04243450611829758,0,clean,medium
/media/D1/ait_users/staff122/deepfake_project/outputs_deepfake_project/dfdc_subset_77_jpg/test/real/real_000907.jpg,real,test,0,0.06911875307559967,0,clean,medium
/media/D1/ait_users/staff122/deepfake_project/outputs_deepfake_project/dfdc_subset_77_jpg/test/real/real_000908.jpg,real,test,0,0.04228431358933449,0,clean,medium
/media/D1/ait_users/staff122/deepfake_project/outputs_deepfake_project/dfdc_subset_77_jpg/test/real/real_000909.jpg,real,test,0,0.12286122888326645,0,clean,medium
/media/D1/ait_users/staff122/deepfake_project/outputs_deepfake_project/dfdc_subset_77_jpg/test/real/real_000910.jpg,real,test,0,0.07912308722734451,0,clean,medium
/media/D1/ait_users/staff122/deepfake_project/outputs_deepfake_project/dfdc_subset_77_jpg/test/real/real_000911.jpg,real,test,0,0.04260756075382233,0,clean,medium
/media/D1/ait_users/staff122/deepfake_project/outputs_deepfake_project/dfdc_subset_77_jpg/test/real/real_000912.jpg,real,test,0,0.025424307212233543,0,clean,medium
/media/D1/ait_users/staff122/deepfake_project/outputs_deepfake_project/dfdc_subset_77_jpg/test/real/real_000913.jpg,real,test,0,0.02015855722129345,0,clean,medium
/media/D1/ait_users/staff122/deepfake_project/outputs_deepfake_project/dfdc_subset_77_jpg/test/real/real_000914.jpg,real,test,0,0.11810562759637833,0,clean,medium
/media/D1/ait_users/staff122/deepfake_project/outputs_deepfake_project/dfdc_subset_77_jpg/test/real/real_000915.jpg,real,test,0,0.29497092962265015,0,clean,medium
/media/D1/ait_users/staff122/deepfake_project/outputs_deepfake_project/dfdc_subset_77_jpg/test/real/real_000916.jpg,real,test,0,0.040300581604242325,0,clean,medium
/media/D1/ait_users/staff122/deepfake_project/outputs_deepfake_project/dfdc_subset_77_jpg/test/real/real_000917.jpg,real,test,0,0.06427942961454391,0,clean,medium
/media/D1/ait_users/staff122/deepfake_project/outputs_deepfake_project/dfdc_subset_77_jpg/test/real/real_000918.jpg,real,test,0,0.035507138818502426,0,clean,medium
/media/D1/ait_users/staff122/deepfake_project/outputs_deepfake_project/dfdc_subset_77_jpg/test/real/real_000919.jpg,real,test,0,0.03184311464428902,0,clean,medium
/media/D1/ait_users/staff122/deepfake_project/outputs_deepfake_project/dfdc_subset_77_jpg/test/real/real_000920.jpg,real,test,0,0.01469565648585558,0,clean,medium
/media/D1/ait_users/staff122/deepfake_project/outputs_deepfake_project/dfdc_subset_77_jpg/test/real/real_000921.jpg,real,test,0,0.1688397228717804,0,clean,medium
/media/D1/ait_users/staff122/deepfake_project/outputs_deepfake_project/dfdc_subset_77_jpg/test/real/real_000922.jpg,real,test,0,0.20805545151233673,0,clean,medium
/media/D1/ait_users/staff122/deepfake_project/outputs_deepfake_project/dfdc_subset_77_jpg/test/real/real_000923.jpg,real,test,0,0.06595544517040253,0,clean,medium
/media/D1/ait_users/staff122/deepfake_project/outputs_deepfake_project/dfdc_subset_77_jpg/test/real/real_000924.jpg,real,test,0,0.17075897753238678,0,clean,medium
/media/D1/ait_users/staff122/deepfake_project/outputs_deepfake_project/dfdc_subset_77_jpg/test/real/real_000925.jpg,real,test,0,0.04358570650219917,0,clean,medium
/media/D1/ait_users/staff122/deepfake_project/outputs_deepfake_project/dfdc_subset_77_jpg/test/real/real_000926.jpg,real,test,0,0.1390732377767563,0,clean,medium
/media/D1/ait_users/staff122/deepfake_project/outputs_deepfake_project/dfdc_subset_77_jpg/test/real/real_000927.jpg,real,test,0,0.1560119092464447,0,clean,medium
/media/D1/ait_users/staff122/deepfake_project/outputs_deepfake_project/dfdc_subset_77_jpg/test/real/real_000928.jpg,real,test,0,0.2677024304866791,0,clean,medium
/media/D1/ait_users/staff122/deepfake_project/outputs_deepfake_project/dfdc_subset_77_jpg/test/real/real_000929.jpg,real,test,0,0.2431333363056183,0,clean,medium
/media/D1/ait_users/staff122/deepfake_project/outputs_deepfake_project/dfdc_subset_77_jpg/test/real/real_000930.jpg,real,test,0,0.2983531951904297,0,clean,medium
/media/D1/ait_users/staff122/deepfake_project/outputs_deepfake_project/dfdc_subset_77_jpg/test/real/real_000931.jpg,real,test,0,0.11640428751707077,0,clean,medium
/media/D1/ait_users/staff122/deepfake_project/outputs_deepfake_project/dfdc_subset_77_jpg/test/real/real_000932.jpg,real,test,0,0.27767688035964966,0,clean,medium
/media/D1/ait_users/staff122/deepfake_project/outputs_deepfake_project/dfdc_subset_77_jpg/test/real/real_000933.jpg,real,test,0,0.05414539575576782,0,clean,medium
/media/D1/ait_users/staff122/deepfake_project/outputs_deepfake_project/dfdc_subset_77_jpg/test/real/real_000934.jpg,real,test,0,0.15409117937088013,0,clean,medium
/media/D1/ait_users/staff122/deepfake_project/outputs_deepfake_project/dfdc_subset_77_jpg/test/real/real_000935.jpg,real,test,0,0.05868932604789734,0,clean,medium
/media/D1/ait_users/staff122/deepfake_project/outputs_deepfake_project/dfdc_subset_77_jpg/test/real/real_000936.jpg,real,test,0,0.1470598727464676,0,clean,medium
/media/D1/ait_users/staff122/deepfake_project/outputs_deepfake_project/dfdc_subset_77_jpg/test/real/real_000937.jpg,real,test,0,0.1911301463842392,0,clean,medium
/media/D1/ait_users/staff122/deepfake_project/outputs_deepfake_project/dfdc_subset_77_jpg/test/real/real_000938.jpg,real,test,0,0.013409096747636795,0,clean,medium
/media/D1/ait_users/staff122/deepfake_project/outputs_deepfake_project/dfdc_subset_77_jpg/test/real/real_000939.jpg,real,test,0,0.038863491266965866,0,clean,medium
/media/D1/ait_users/staff122/deepfake_project/outputs_deepfake_project/dfdc_subset_77_jpg/test/real/real_000940.jpg,real,test,0,0.034233272075653076,0,clean,medium
/media/D1/ait_users/staff122/deepfake_project/outputs_deepfake_project/dfdc_subset_77_jpg/test/real/real_000941.jpg,real,test,0,0.2674989104270935,0,clean,medium
/media/D1/ait_users/staff122/deepfake_project/outputs_deepfake_project/dfdc_subset_77_jpg/test/real/real_000942.jpg,real,test,0,0.19794923067092896,0,clean,medium
/media/D1/ait_users/staff122/deepfake_project/outputs_deepfake_project/dfdc_subset_77_jpg/test/real/real_000943.jpg,real,test,0,0.045246969908475876,0,clean,medium
/media/D1/ait_users/staff122/deepfake_project/outputs_deepfake_project/dfdc_subset_77_jpg/test/real/real_000944.jpg,real,test,0,0.13874901831150055,0,clean,medium
/media/D1/ait_users/staff122/deepfake_project/outputs_deepfake_project/dfdc_subset_77_jpg/test/real/real_000945.jpg,real,test,0,0.1886947751045227,0,clean,medium
/media/D1/ait_users/staff122/deepfake_project/outputs_deepfake_project/dfdc_subset_77_jpg/test/real/real_000946.jpg,real,test,0,0.013113086111843586,0,clean,medium
/media/D1/ait_users/staff122/deepfake_project/outputs_deepfake_project/dfdc_subset_77_jpg/test/real/real_000947.jpg,real,test,0,0.014289065264165401,0,clean,medium
/media/D1/ait_users/staff122/deepfake_project/outputs_deepfake_project/dfdc_subset_77_jpg/test/real/real_000948.jpg,real,test,0,0.21592439711093903,0,clean,medium
/media/D1/ait_users/staff122/deepfake_project/outputs_deepfake_project/dfdc_subset_77_jpg/test/real/real_000949.jpg,real,test,0,0.003888859413564205,0,clean,medium
/media/D1/ait_users/staff122/deepfake_project/outputs_deepfake_project/dfdc_subset_77_jpg/test/real/real_000950.jpg,real,test,0,0.021363962441682816,0,clean,medium
/media/D1/ait_users/staff122/deepfake_project/outputs_deepfake_project/dfdc_subset_77_jpg/test/real/real_000951.jpg,real,test,0,0.025905095040798187,0,clean,medium
/media/D1/ait_users/staff122/deepfake_project/outputs_deepfake_project/dfdc_subset_77_jpg/test/real/real_000952.jpg,real,test,0,0.027608118951320648,0,clean,medium
/media/D1/ait_users/staff122/deepfake_project/outputs_deepfake_project/dfdc_subset_77_jpg/test/real/real_000953.jpg,real,test,0,0.10583554953336716,0,clean,medium
/media/D1/ait_users/staff122/deepfake_project/outputs_deepfake_project/dfdc_subset_77_jpg/test/real/real_000954.jpg,real,test,0,0.010774916037917137,0,clean,medium
/media/D1/ait_users/staff122/deepfake_project/outputs_deepfake_project/dfdc_subset_77_jpg/test/real/real_000955.jpg,real,test,0,0.0116517199203372,0,clean,medium
/media/D1/ait_users/staff122/deepfake_project/outputs_deepfake_project/dfdc_subset_77_jpg/test/real/real_000956.jpg,real,test,0,0.2635878622531891,0,clean,medium
/media/D1/ait_users/staff122/deepfake_project/outputs_deepfake_project/dfdc_subset_77_jpg/test/real/real_000957.jpg,real,test,0,0.015958603471517563,0,clean,medium
/media/D1/ait_users/staff122/deepfake_project/outputs_deepfake_project/dfdc_subset_77_jpg/test/real/real_000958.jpg,real,test,0,0.09799061715602875,0,clean,medium
/media/D1/ait_users/staff122/deepfake_project/outputs_deepfake_project/dfdc_subset_77_jpg/test/real/real_000959.jpg,real,test,0,0.21433348953723907,0,clean,medium
/media/D1/ait_users/staff122/deepfake_project/outputs_deepfake_project/dfdc_subset_77_jpg/test/real/real_000960.jpg,real,test,0,0.024305131286382675,0,clean,medium
/media/D1/ait_users/staff122/deepfake_project/outputs_deepfake_project/dfdc_subset_77_jpg/test/real/real_000961.jpg,real,test,0,0.3690659701824188,0,clean,medium
/media/D1/ait_users/staff122/deepfake_project/outputs_deepfake_project/dfdc_subset_77_jpg/test/real/real_000962.jpg,real,test,0,0.08443456143140793,0,clean,medium
/media/D1/ait_users/staff122/deepfake_project/outputs_deepfake_project/dfdc_subset_77_jpg/test/real/real_000963.jpg,real,test,0,0.08574602007865906,0,clean,medium
/media/D1/ait_users/staff122/deepfake_project/outputs_deepfake_project/dfdc_subset_77_jpg/test/real/real_000964.jpg,real,test,0,0.06094951927661896,0,clean,medium
/media/D1/ait_users/staff122/deepfake_project/outputs_deepfake_project/dfdc_subset_77_jpg/test/real/real_000965.jpg,real,test,0,0.11913155019283295,0,clean,medium
/media/D1/ait_users/staff122/deepfake_project/outputs_deepfake_project/dfdc_subset_77_jpg/test/real/real_000966.jpg,real,test,0,0.0866408571600914,0,clean,medium
/media/D1/ait_users/staff122/deepfake_project/outputs_deepfake_project/dfdc_subset_77_jpg/test/real/real_000967.jpg,real,test,0,0.19936200976371765,0,clean,medium
/media/D1/ait_users/staff122/deepfake_project/outputs_deepfake_project/dfdc_subset_77_jpg/test/real/real_000968.jpg,real,test,0,0.37613996863365173,0,clean,medium
/media/D1/ait_users/staff122/deepfake_project/outputs_deepfake_project/dfdc_subset_77_jpg/test/real/real_000969.jpg,real,test,0,0.23752838373184204,0,clean,medium
/media/D1/ait_users/staff122/deepfake_project/outputs_deepfake_project/dfdc_subset_77_jpg/test/real/real_000970.jpg,real,test,0,0.1509498506784439,0,clean,medium
/media/D1/ait_users/staff122/deepfake_project/outputs_deepfake_project/dfdc_subset_77_jpg/test/real/real_000971.jpg,real,test,0,0.3695494830608368,0,clean,medium
/media/D1/ait_users/staff122/deepfake_project/outputs_deepfake_project/dfdc_subset_77_jpg/test/real/real_000972.jpg,real,test,0,0.019081853330135345,0,clean,medium
/media/D1/ait_users/staff122/deepfake_project/outputs_deepfake_project/dfdc_subset_77_jpg/test/real/real_000973.jpg,real,test,0,0.038969121873378754,0,clean,medium
/media/D1/ait_users/staff122/deepfake_project/outputs_deepfake_project/dfdc_subset_77_jpg/test/real/real_000974.jpg,real,test,0,0.041195470839738846,0,clean,medium
/media/D1/ait_users/staff122/deepfake_project/outputs_deepfake_project/dfdc_subset_77_jpg/test/real/real_000975.jpg,real,test,0,0.11043354868888855,0,clean,medium
/media/D1/ait_users/staff122/deepfake_project/outputs_deepfake_project/dfdc_subset_77_jpg/test/real/real_000976.jpg,real,test,0,0.16787876188755035,0,clean,medium
/media/D1/ait_users/staff122/deepfake_project/outputs_deepfake_project/dfdc_subset_77_jpg/test/real/real_000977.jpg,real,test,0,0.06333640962839127,0,clean,medium
/media/D1/ait_users/staff122/deepfake_project/outputs_deepfake_project/dfdc_subset_77_jpg/test/real/real_000978.jpg,real,test,0,0.06124422699213028,0,clean,medium
/media/D1/ait_users/staff122/deepfake_project/outputs_deepfake_project/dfdc_subset_77_jpg/test/real/real_000979.jpg,real,test,0,0.061792872846126556,0,clean,medium
/media/D1/ait_users/staff122/deepfake_project/outputs_deepfake_project/dfdc_subset_77_jpg/test/real/real_000980.jpg,real,test,0,0.043167844414711,0,clean,medium
/media/D1/ait_users/staff122/deepfake_project/outputs_deepfake_project/dfdc_subset_77_jpg/test/real/real_000981.jpg,real,test,0,0.05415697023272514,0,clean,medium
/media/D1/ait_users/staff122/deepfake_project/outputs_deepfake_project/dfdc_subset_77_jpg/test/real/real_000982.jpg,real,test,0,0.07536787539720535,0,clean,medium
/media/D1/ait_users/staff122/deepfake_project/outputs_deepfake_project/dfdc_subset_77_jpg/test/real/real_000983.jpg,real,test,0,0.01226731762290001,0,clean,medium
/media/D1/ait_users/staff122/deepfake_project/outputs_deepfake_project/dfdc_subset_77_jpg/test/real/real_000984.jpg,real,test,0,0.050425849854946136,0,clean,medium
/media/D1/ait_users/staff122/deepfake_project/outputs_deepfake_project/dfdc_subset_77_jpg/test/real/real_000985.jpg,real,test,0,0.06642038375139236,0,clean,medium
/media/D1/ait_users/staff122/deepfake_project/outputs_deepfake_project/dfdc_subset_77_jpg/test/real/real_000986.jpg,real,test,0,0.14113789796829224,0,clean,medium
/media/D1/ait_users/staff122/deepfake_project/outputs_deepfake_project/dfdc_subset_77_jpg/test/real/real_000987.jpg,real,test,0,0.07760045677423477,0,clean,medium
/media/D1/ait_users/staff122/deepfake_project/outputs_deepfake_project/dfdc_subset_77_jpg/test/real/real_000988.jpg,real,test,0,0.17803102731704712,0,clean,medium
/media/D1/ait_users/staff122/deepfake_project/outputs_deepfake_project/dfdc_subset_77_jpg/test/real/real_000989.jpg,real,test,0,0.04449370130896568,0,clean,medium
/media/D1/ait_users/staff122/deepfake_project/outputs_deepfake_project/dfdc_subset_77_jpg/test/real/real_000990.jpg,real,test,0,0.06093103066086769,0,clean,medium
/media/D1/ait_users/staff122/deepfake_project/outputs_deepfake_project/dfdc_subset_77_jpg/test/real/real_000991.jpg,real,test,0,0.057137381285429,0,clean,medium
/media/D1/ait_users/staff122/deepfake_project/outputs_deepfake_project/dfdc_subset_77_jpg/test/real/real_000992.jpg,real,test,0,0.4261929988861084,0,clean,medium
/media/D1/ait_users/staff122/deepfake_project/outputs_deepfake_project/dfdc_subset_77_jpg/test/real/real_000993.jpg,real,test,0,0.4332105219364166,0,clean,medium
/media/D1/ait_users/staff122/deepfake_project/outputs_deepfake_project/dfdc_subset_77_jpg/test/real/real_000994.jpg,real,test,0,0.44968438148498535,0,clean,medium
/media/D1/ait_users/staff122/deepfake_project/outputs_deepfake_project/dfdc_subset_77_jpg/test/real/real_000995.jpg,real,test,0,0.4273279905319214,0,clean,medium
/media/D1/ait_users/staff122/deepfake_project/outputs_deepfake_project/dfdc_subset_77_jpg/test/real/real_000996.jpg,real,test,0,0.42654359340667725,0,clean,medium
/media/D1/ait_users/staff122/deepfake_project/outputs_deepfake_project/dfdc_subset_77_jpg/test/real/real_000997.jpg,real,test,0,0.4461449384689331,0,clean,medium
/media/D1/ait_users/staff122/deepfake_project/outputs_deepfake_project/dfdc_subset_77_jpg/test/real/real_000998.jpg,real,test,0,0.4187258780002594,0,clean,medium
/media/D1/ait_users/staff122/deepfake_project/outputs_deepfake_project/dfdc_subset_77_jpg/test/real/real_000999.jpg,real,test,0,0.4059099853038788,0,clean,medium
/media/D1/ait_users/staff122/deepfake_project/outputs_deepfake_project/dfdc_subset_77_jpg/test/real/real_001000.jpg,real,test,0,0.434894859790802,0,clean,medium
/media/D1/ait_users/staff122/deepfake_project/outputs_deepfake_project/dfdc_subset_77_jpg/test/real/real_001001.jpg,real,test,0,0.41397824883461,0,clean,medium
/media/D1/ait_users/staff122/deepfake_project/outputs_deepfake_project/dfdc_subset_77_jpg/test/real/real_001002.jpg,real,test,0,0.40969136357307434,0,clean,medium
/media/D1/ait_users/staff122/deepfake_project/outputs_deepfake_project/dfdc_subset_77_jpg/test/real/real_001003.jpg,real,test,0,0.19077958166599274,0,clean,medium
/media/D1/ait_users/staff122/deepfake_project/outputs_deepfake_project/dfdc_subset_77_jpg/test/real/real_001004.jpg,real,test,0,0.2134665846824646,0,clean,medium
/media/D1/ait_users/staff122/deepfake_project/outputs_deepfake_project/dfdc_subset_77_jpg/test/real/real_001005.jpg,real,test,0,0.43480342626571655,0,clean,medium
/media/D1/ait_users/staff122/deepfake_project/outputs_deepfake_project/dfdc_subset_77_jpg/test/real/real_001006.jpg,real,test,0,0.42647460103034973,0,clean,medium
/media/D1/ait_users/staff122/deepfake_project/outputs_deepfake_project/dfdc_subset_77_jpg/test/real/real_001007.jpg,real,test,0,0.2806074023246765,0,clean,medium
/media/D1/ait_users/staff122/deepfake_project/outputs_deepfake_project/dfdc_subset_77_jpg/test/real/real_001008.jpg,real,test,0,0.42458009719848633,0,clean,medium
/media/D1/ait_users/staff122/deepfake_project/outputs_deepfake_project/dfdc_subset_77_jpg/test/real/real_001009.jpg,real,test,0,0.2868257462978363,0,clean,medium
/media/D1/ait_users/staff122/deepfake_project/outputs_deepfake_project/dfdc_subset_77_jpg/test/real/real_001010.jpg,real,test,0,0.2001999467611313,0,clean,medium
/media/D1/ait_users/staff122/deepfake_project/outputs_deepfake_project/dfdc_subset_77_jpg/test/real/real_001011.jpg,real,test,0,0.34193816781044006,0,clean,medium
/media/D1/ait_users/staff122/deepfake_project/outputs_deepfake_project/dfdc_subset_77_jpg/test/real/real_001012.jpg,real,test,0,0.28159472346305847,0,clean,medium
/media/D1/ait_users/staff122/deepfake_project/outputs_deepfake_project/dfdc_subset_77_jpg/test/real/real_001013.jpg,real,test,0,0.26807376742362976,0,clean,medium
/media/D1/ait_users/staff122/deepfake_project/outputs_deepfake_project/dfdc_subset_77_jpg/test/real/real_001014.jpg,real,test,0,0.1113668829202652,0,clean,medium
/media/D1/ait_users/staff122/deepfake_project/outputs_deepfake_project/dfdc_subset_77_jpg/test/real/real_001015.jpg,real,test,0,0.4037899672985077,0,clean,medium
/media/D1/ait_users/staff122/deepfake_project/outputs_deepfake_project/dfdc_subset_77_jpg/test/real/real_001016.jpg,real,test,0,0.04847376048564911,0,clean,medium
/media/D1/ait_users/staff122/deepfake_project/outputs_deepfake_project/dfdc_subset_77_jpg/test/real/real_001017.jpg,real,test,0,0.41528230905532837,0,clean,medium
/media/D1/ait_users/staff122/deepfake_project/outputs_deepfake_project/dfdc_subset_77_jpg/test/real/real_001018.jpg,real,test,0,0.43792787194252014,0,clean,medium
/media/D1/ait_users/staff122/deepfake_project/outputs_deepfake_project/dfdc_subset_77_jpg/test/real/real_001019.jpg,real,test,0,0.4036983251571655,0,clean,medium
/media/D1/ait_users/staff122/deepfake_project/outputs_deepfake_project/dfdc_subset_77_jpg/test/real/real_001020.jpg,real,test,0,0.08707691729068756,0,clean,medium
/media/D1/ait_users/staff122/deepfake_project/outputs_deepfake_project/dfdc_subset_77_jpg/test/real/real_001021.jpg,real,test,0,0.4258124828338623,0,clean,medium
/media/D1/ait_users/staff122/deepfake_project/outputs_deepfake_project/dfdc_subset_77_jpg/test/real/real_001022.jpg,real,test,0,0.4286275804042816,0,clean,medium
/media/D1/ait_users/staff122/deepfake_project/outputs_deepfake_project/dfdc_subset_77_jpg/test/real/real_001023.jpg,real,test,0,0.3425057530403137,0,clean,medium
/media/D1/ait_users/staff122/deepfake_project/outputs_deepfake_project/dfdc_subset_77_jpg/test/real/real_001024.jpg,real,test,0,0.023768963292241096,0,clean,medium
/media/D1/ait_users/staff122/deepfake_project/outputs_deepfake_project/dfdc_subset_77_jpg/test/real/real_001025.jpg,real,test,0,0.021901756525039673,0,clean,medium
/media/D1/ait_users/staff122/deepfake_project/outputs_deepfake_project/dfdc_subset_77_jpg/test/real/real_001026.jpg,real,test,0,0.16015543043613434,0,clean,medium
/media/D1/ait_users/staff122/deepfake_project/outputs_deepfake_project/dfdc_subset_77_jpg/test/real/real_001027.jpg,real,test,0,0.04649300128221512,0,clean,medium
/media/D1/ait_users/staff122/deepfake_project/outputs_deepfake_project/dfdc_subset_77_jpg/test/real/real_001028.jpg,real,test,0,0.028583740815520287,0,clean,medium
/media/D1/ait_users/staff122/deepfake_project/outputs_deepfake_project/dfdc_subset_77_jpg/test/real/real_001029.jpg,real,test,0,0.024861061945557594,0,clean,medium
/media/D1/ait_users/staff122/deepfake_project/outputs_deepfake_project/dfdc_subset_77_jpg/test/real/real_001030.jpg,real,test,0,0.05829419568181038,0,clean,medium
/media/D1/ait_users/staff122/deepfake_project/outputs_deepfake_project/dfdc_subset_77_jpg/test/real/real_001031.jpg,real,test,0,0.08128111809492111,0,clean,medium
/media/D1/ait_users/staff122/deepfake_project/outputs_deepfake_project/dfdc_subset_77_jpg/test/real/real_001032.jpg,real,test,0,0.3502523601055145,0,clean,medium
/media/D1/ait_users/staff122/deepfake_project/outputs_deepfake_project/dfdc_subset_77_jpg/test/real/real_001033.jpg,real,test,0,0.07959304749965668,0,clean,medium
/media/D1/ait_users/staff122/deepfake_project/outputs_deepfake_project/dfdc_subset_77_jpg/test/real/real_001034.jpg,real,test,0,0.21324105560779572,0,clean,medium
/media/D1/ait_users/staff122/deepfake_project/outputs_deepfake_project/dfdc_subset_77_jpg/test/real/real_001035.jpg,real,test,0,0.17270314693450928,0,clean,medium
/media/D1/ait_users/staff122/deepfake_project/outputs_deepfake_project/dfdc_subset_77_jpg/test/real/real_001036.jpg,real,test,0,0.30172255635261536,0,clean,medium
/media/D1/ait_users/staff122/deepfake_project/outputs_deepfake_project/dfdc_subset_77_jpg/test/real/real_001037.jpg,real,test,0,0.18931958079338074,0,clean,medium
/media/D1/ait_users/staff122/deepfake_project/outputs_deepfake_project/dfdc_subset_77_jpg/test/real/real_001038.jpg,real,test,0,0.25980594754219055,0,clean,medium
/media/D1/ait_users/staff122/deepfake_project/outputs_deepfake_project/dfdc_subset_77_jpg/test/real/real_001039.jpg,real,test,0,0.33155548572540283,0,clean,medium
/media/D1/ait_users/staff122/deepfake_project/outputs_deepfake_project/dfdc_subset_77_jpg/test/real/real_001040.jpg,real,test,0,0.1022581234574318,0,clean,medium
/media/D1/ait_users/staff122/deepfake_project/outputs_deepfake_project/dfdc_subset_77_jpg/test/real/real_001041.jpg,real,test,0,0.13685961067676544,0,clean,medium
/media/D1/ait_users/staff122/deepfake_project/outputs_deepfake_project/dfdc_subset_77_jpg/test/real/real_001042.jpg,real,test,0,0.08527237176895142,0,clean,medium
/media/D1/ait_users/staff122/deepfake_project/outputs_deepfake_project/dfdc_subset_77_jpg/test/real/real_001043.jpg,real,test,0,0.22889208793640137,0,clean,medium
/media/D1/ait_users/staff122/deepfake_project/outputs_deepfake_project/dfdc_subset_77_jpg/test/real/real_001044.jpg,real,test,0,0.06660822778940201,0,clean,medium
/media/D1/ait_users/staff122/deepfake_project/outputs_deepfake_project/dfdc_subset_77_jpg/test/real/real_001045.jpg,real,test,0,0.0597849115729332,0,clean,medium
/media/D1/ait_users/staff122/deepfake_project/outputs_deepfake_project/dfdc_subset_77_jpg/test/real/real_001046.jpg,real,test,0,0.39592716097831726,0,clean,medium
/media/D1/ait_users/staff122/deepfake_project/outputs_deepfake_project/dfdc_subset_77_jpg/test/real/real_001047.jpg,real,test,0,0.04801679402589798,0,clean,medium
/media/D1/ait_users/staff122/deepfake_project/outputs_deepfake_project/dfdc_subset_77_jpg/test/real/real_001048.jpg,real,test,0,0.08910848945379257,0,clean,medium
/media/D1/ait_users/staff122/deepfake_project/outputs_deepfake_project/dfdc_subset_77_jpg/test/real/real_001049.jpg,real,test,0,0.11137464642524719,0,clean,medium
/media/D1/ait_users/staff122/deepfake_project/outputs_deepfake_project/dfdc_subset_77_jpg/test/real/real_001050.jpg,real,test,0,0.30514073371887207,0,clean,medium
/media/D1/ait_users/staff122/deepfake_project/outputs_deepfake_project/dfdc_subset_77_jpg/test/real/real_001051.jpg,real,test,0,0.23838630318641663,0,clean,medium
/media/D1/ait_users/staff122/deepfake_project/outputs_deepfake_project/dfdc_subset_77_jpg/test/real/real_001052.jpg,real,test,0,0.15219652652740479,0,clean,medium
/media/D1/ait_users/staff122/deepfake_project/outputs_deepfake_project/dfdc_subset_77_jpg/test/real/real_001053.jpg,real,test,0,0.542946994304657,1,clean,medium
/media/D1/ait_users/staff122/deepfake_project/outputs_deepfake_project/dfdc_subset_77_jpg/test/real/real_001054.jpg,real,test,0,0.13293485343456268,0,clean,medium
/media/D1/ait_users/staff122/deepfake_project/outputs_deepfake_project/dfdc_subset_77_jpg/test/real/real_001055.jpg,real,test,0,0.14357249438762665,0,clean,medium
/media/D1/ait_users/staff122/deepfake_project/outputs_deepfake_project/dfdc_subset_77_jpg/test/real/real_001056.jpg,real,test,0,0.47803810238838196,0,clean,medium
/media/D1/ait_users/staff122/deepfake_project/outputs_deepfake_project/dfdc_subset_77_jpg/test/real/real_001057.jpg,real,test,0,0.5622329711914062,1,clean,medium
/media/D1/ait_users/staff122/deepfake_project/outputs_deepfake_project/dfdc_subset_77_jpg/test/real/real_001058.jpg,real,test,0,0.43707388639450073,0,clean,medium
/media/D1/ait_users/staff122/deepfake_project/outputs_deepfake_project/dfdc_subset_77_jpg/test/real/real_001059.jpg,real,test,0,0.5147049427032471,1,clean,medium
/media/D1/ait_users/staff122/deepfake_project/outputs_deepfake_project/dfdc_subset_77_jpg/test/real/real_001060.jpg,real,test,0,0.43664711713790894,0,clean,medium
/media/D1/ait_users/staff122/deepfake_project/outputs_deepfake_project/dfdc_subset_77_jpg/test/real/real_001061.jpg,real,test,0,0.41177788376808167,0,clean,medium
/media/D1/ait_users/staff122/deepfake_project/outputs_deepfake_project/dfdc_subset_77_jpg/test/real/real_001062.jpg,real,test,0,0.32221946120262146,0,clean,medium
/media/D1/ait_users/staff122/deepfake_project/outputs_deepfake_project/dfdc_subset_77_jpg/test/real/real_001063.jpg,real,test,0,0.43444862961769104,0,clean,medium
/media/D1/ait_users/staff122/deepfake_project/outputs_deepfake_project/dfdc_subset_77_jpg/test/real/real_001064.jpg,real,test,0,0.43783339858055115,0,clean,medium
/media/D1/ait_users/staff122/deepfake_project/outputs_deepfake_project/dfdc_subset_77_jpg/test/real/real_001065.jpg,real,test,0,0.4948882758617401,0,clean,medium
/media/D1/ait_users/staff122/deepfake_project/outputs_deepfake_project/dfdc_subset_77_jpg/test/real/real_001066.jpg,real,test,0,0.4528961479663849,0,clean,medium
/media/D1/ait_users/staff122/deepfake_project/outputs_deepfake_project/dfdc_subset_77_jpg/test/real/real_001067.jpg,real,test,0,0.7949186563491821,1,clean,medium
/media/D1/ait_users/staff122/deepfake_project/outputs_deepfake_project/dfdc_subset_77_jpg/test/real/real_001068.jpg,real,test,0,0.5163676142692566,1,clean,medium
/media/D1/ait_users/staff122/deepfake_project/outputs_deepfake_project/dfdc_subset_77_jpg/test/real/real_001069.jpg,real,test,0,0.42619335651397705,0,clean,medium
/media/D1/ait_users/staff122/deepfake_project/outputs_deepfake_project/dfdc_subset_77_jpg/test/real/real_001070.jpg,real,test,0,0.41560935974121094,0,clean,medium
/media/D1/ait_users/staff122/deepfake_project/outputs_deepfake_project/dfdc_subset_77_jpg/test/real/real_001071.jpg,real,test,0,0.420999675989151,0,clean,medium
/media/D1/ait_users/staff122/deepfake_project/outputs_deepfake_project/dfdc_subset_77_jpg/test/real/real_001072.jpg,real,test,0,0.6535004377365112,1,clean,medium
/media/D1/ait_users/staff122/deepfake_project/outputs_deepfake_project/dfdc_subset_77_jpg/test/real/real_001073.jpg,real,test,0,0.45187002420425415,0,clean,medium
/media/D1/ait_users/staff122/deepfake_project/outputs_deepfake_project/dfdc_subset_77_jpg/test/real/real_001074.jpg,real,test,0,0.1863255351781845,0,clean,medium
/media/D1/ait_users/staff122/deepfake_project/outputs_deepfake_project/dfdc_subset_77_jpg/test/real/real_001075.jpg,real,test,0,0.4285649359226227,0,clean,medium
/media/D1/ait_users/staff122/deepfake_project/outputs_deepfake_project/dfdc_subset_77_jpg/test/real/real_001076.jpg,real,test,0,0.4330076575279236,0,clean,medium
/media/D1/ait_users/staff122/deepfake_project/outputs_deepfake_project/dfdc_subset_77_jpg/test/real/real_001077.jpg,real,test,0,0.4297313392162323,0,clean,medium
/media/D1/ait_users/staff122/deepfake_project/outputs_deepfake_project/dfdc_subset_77_jpg/test/real/real_001078.jpg,real,test,0,0.4377443492412567,0,clean,medium
/media/D1/ait_users/staff122/deepfake_project/outputs_deepfake_project/dfdc_subset_77_jpg/test/real/real_001079.jpg,real,test,0,0.4292963147163391,0,clean,medium
/media/D1/ait_users/staff122/deepfake_project/outputs_deepfake_project/dfdc_subset_77_jpg/test/real/real_001080.jpg,real,test,0,0.4452829658985138,0,clean,medium
/media/D1/ait_users/staff122/deepfake_project/outputs_deepfake_project/dfdc_subset_77_jpg/test/real/real_001081.jpg,real,test,0,0.45169058442115784,0,clean,medium
/media/D1/ait_users/staff122/deepfake_project/outputs_deepfake_project/dfdc_subset_77_jpg/test/real/real_001082.jpg,real,test,0,0.4434490203857422,0,clean,medium
/media/D1/ait_users/staff122/deepfake_project/outputs_deepfake_project/dfdc_subset_77_jpg/test/real/real_001083.jpg,real,test,0,0.42411893606185913,0,clean,medium
/media/D1/ait_users/staff122/deepfake_project/outputs_deepfake_project/dfdc_subset_77_jpg/test/real/real_001084.jpg,real,test,0,0.4545239806175232,0,clean,medium
/media/D1/ait_users/staff122/deepfake_project/outputs_deepfake_project/dfdc_subset_77_jpg/test/real/real_001085.jpg,real,test,0,0.4270930290222168,0,clean,medium
/media/D1/ait_users/staff122/deepfake_project/outputs_deepfake_project/dfdc_subset_77_jpg/test/real/real_001086.jpg,real,test,0,0.4203227162361145,0,clean,medium
/media/D1/ait_users/staff122/deepfake_project/outputs_deepfake_project/dfdc_subset_77_jpg/test/real/real_001087.jpg,real,test,0,0.4161761999130249,0,clean,medium
/media/D1/ait_users/staff122/deepfake_project/outputs_deepfake_project/dfdc_subset_77_jpg/test/real/real_001088.jpg,real,test,0,0.4178764522075653,0,clean,medium
/media/D1/ait_users/staff122/deepfake_project/outputs_deepfake_project/dfdc_subset_77_jpg/test/real/real_001089.jpg,real,test,0,0.031814686954021454,0,clean,medium
/media/D1/ait_users/staff122/deepfake_project/outputs_deepfake_project/dfdc_subset_77_jpg/test/real/real_001090.jpg,real,test,0,0.34603241086006165,0,clean,medium
/media/D1/ait_users/staff122/deepfake_project/outputs_deepfake_project/dfdc_subset_77_jpg/test/real/real_001091.jpg,real,test,0,0.01832033134996891,0,clean,medium
/media/D1/ait_users/staff122/deepfake_project/outputs_deepfake_project/dfdc_subset_77_jpg/test/real/real_001092.jpg,real,test,0,0.1526920050382614,0,clean,medium
/media/D1/ait_users/staff122/deepfake_project/outputs_deepfake_project/dfdc_subset_77_jpg/test/real/real_001093.jpg,real,test,0,0.04028121381998062,0,clean,medium
/media/D1/ait_users/staff122/deepfake_project/outputs_deepfake_project/dfdc_subset_77_jpg/test/real/real_001094.jpg,real,test,0,0.03982376307249069,0,clean,medium
/media/D1/ait_users/staff122/deepfake_project/outputs_deepfake_project/dfdc_subset_77_jpg/test/real/real_001095.jpg,real,test,0,0.018132036551833153,0,clean,medium
/media/D1/ait_users/staff122/deepfake_project/outputs_deepfake_project/dfdc_subset_77_jpg/test/real/real_001096.jpg,real,test,0,0.16876491904258728,0,clean,medium
/media/D1/ait_users/staff122/deepfake_project/outputs_deepfake_project/dfdc_subset_77_jpg/test/real/real_001097.jpg,real,test,0,0.13272954523563385,0,clean,medium
/media/D1/ait_users/staff122/deepfake_project/outputs_deepfake_project/dfdc_subset_77_jpg/test/real/real_001098.jpg,real,test,0,0.01230277307331562,0,clean,medium
/media/D1/ait_users/staff122/deepfake_project/outputs_deepfake_project/dfdc_subset_77_jpg/test/real/real_001099.jpg,real,test,0,0.051099106669425964,0,clean,medium
/media/D1/ait_users/staff122/deepfake_project/outputs_deepfake_project/dfdc_subset_77_jpg/test/real/real_001100.jpg,real,test,0,0.007256385404616594,0,clean,medium
/media/D1/ait_users/staff122/deepfake_project/outputs_deepfake_project/dfdc_subset_77_jpg/test/real/real_001101.jpg,real,test,0,0.009692471474409103,0,clean,medium
/media/D1/ait_users/staff122/deepfake_project/outputs_deepfake_project/dfdc_subset_77_jpg/test/real/real_001102.jpg,real,test,0,0.621867835521698,1,clean,medium
/media/D1/ait_users/staff122/deepfake_project/outputs_deepfake_project/dfdc_subset_77_jpg/test/real/real_001103.jpg,real,test,0,0.01883052848279476,0,clean,medium
/media/D1/ait_users/staff122/deepfake_project/outputs_deepfake_project/dfdc_subset_77_jpg/test/real/real_001104.jpg,real,test,0,0.011901377700269222,0,clean,medium
/media/D1/ait_users/staff122/deepfake_project/outputs_deepfake_project/dfdc_subset_77_jpg/test/real/real_001105.jpg,real,test,0,0.007314557675272226,0,clean,medium
/media/D1/ait_users/staff122/deepfake_project/outputs_deepfake_project/dfdc_subset_77_jpg/test/real/real_001106.jpg,real,test,0,0.008065351285040379,0,clean,medium
/media/D1/ait_users/staff122/deepfake_project/outputs_deepfake_project/dfdc_subset_77_jpg/test/real/real_001107.jpg,real,test,0,0.00970767904073,0,clean,medium
/media/D1/ait_users/staff122/deepfake_project/outputs_deepfake_project/dfdc_subset_77_jpg/test/real/real_001108.jpg,real,test,0,0.02878342755138874,0,clean,medium
/media/D1/ait_users/staff122/deepfake_project/outputs_deepfake_project/dfdc_subset_77_jpg/test/real/real_001109.jpg,real,test,0,0.04598308727145195,0,clean,medium
/media/D1/ait_users/staff122/deepfake_project/outputs_deepfake_project/dfdc_subset_77_jpg/test/real/real_001110.jpg,real,test,0,0.03548254445195198,0,clean,medium
/media/D1/ait_users/staff122/deepfake_project/outputs_deepfake_project/dfdc_subset_77_jpg/test/real/real_001111.jpg,real,test,0,0.48200735449790955,0,clean,medium
/media/D1/ait_users/staff122/deepfake_project/outputs_deepfake_project/dfdc_subset_77_jpg/test/real/real_001112.jpg,real,test,0,0.18147006630897522,0,clean,medium
/media/D1/ait_users/staff122/deepfake_project/outputs_deepfake_project/dfdc_subset_77_jpg/test/real/real_001113.jpg,real,test,0,0.569491982460022,1,clean,medium
/media/D1/ait_users/staff122/deepfake_project/outputs_deepfake_project/dfdc_subset_77_jpg/test/real/real_001114.jpg,real,test,0,0.1670735776424408,0,clean,medium
/media/D1/ait_users/staff122/deepfake_project/outputs_deepfake_project/dfdc_subset_77_jpg/test/real/real_001115.jpg,real,test,0,0.2339000701904297,0,clean,medium
/media/D1/ait_users/staff122/deepfake_project/outputs_deepfake_project/dfdc_subset_77_jpg/test/real/real_001116.jpg,real,test,0,0.49168911576271057,0,clean,medium
/media/D1/ait_users/staff122/deepfake_project/outputs_deepfake_project/dfdc_subset_77_jpg/test/real/real_001117.jpg,real,test,0,0.37760433554649353,0,clean,medium
/media/D1/ait_users/staff122/deepfake_project/outputs_deepfake_project/dfdc_subset_77_jpg/test/real/real_001118.jpg,real,test,0,0.04810822382569313,0,clean,medium
/media/D1/ait_users/staff122/deepfake_project/outputs_deepfake_project/dfdc_subset_77_jpg/test/real/real_001119.jpg,real,test,0,0.4940389394760132,0,clean,medium
/media/D1/ait_users/staff122/deepfake_project/outputs_deepfake_project/dfdc_subset_77_jpg/test/real/real_001120.jpg,real,test,0,0.19351045787334442,0,clean,medium
/media/D1/ait_users/staff122/deepfake_project/outputs_deepfake_project/dfdc_subset_77_jpg/test/real/real_001121.jpg,real,test,0,0.3790053725242615,0,clean,medium
/media/D1/ait_users/staff122/deepfake_project/outputs_deepfake_project/dfdc_subset_77_jpg/test/real/real_001122.jpg,real,test,0,0.12630674242973328,0,clean,medium
/media/D1/ait_users/staff122/deepfake_project/outputs_deepfake_project/dfdc_subset_77_jpg/test/real/real_001123.jpg,real,test,0,0.10259975492954254,0,clean,medium
/media/D1/ait_users/staff122/deepfake_project/outputs_deepfake_project/dfdc_subset_77_jpg/test/real/real_001124.jpg,real,test,0,0.04760856181383133,0,clean,medium
/media/D1/ait_users/staff122/deepfake_project/outputs_deepfake_project/dfdc_subset_77_jpg/test/real/real_001125.jpg,real,test,0,0.10589782148599625,0,clean,medium
/media/D1/ait_users/staff122/deepfake_project/outputs_deepfake_project/dfdc_subset_77_jpg/test/real/real_001126.jpg,real,test,0,0.2158532738685608,0,clean,medium
/media/D1/ait_users/staff122/deepfake_project/outputs_deepfake_project/dfdc_subset_77_jpg/test/real/real_001127.jpg,real,test,0,0.11309505254030228,0,clean,medium
/media/D1/ait_users/staff122/deepfake_project/outputs_deepfake_project/dfdc_subset_77_jpg/test/real/real_001128.jpg,real,test,0,0.6110283732414246,1,clean,medium
/media/D1/ait_users/staff122/deepfake_project/outputs_deepfake_project/dfdc_subset_77_jpg/test/real/real_001129.jpg,real,test,0,0.021307019516825676,0,clean,medium
/media/D1/ait_users/staff122/deepfake_project/outputs_deepfake_project/dfdc_subset_77_jpg/test/real/real_001130.jpg,real,test,0,0.11861470341682434,0,clean,medium
/media/D1/ait_users/staff122/deepfake_project/outputs_deepfake_project/dfdc_subset_77_jpg/test/real/real_001131.jpg,real,test,0,0.0787045806646347,0,clean,medium
/media/D1/ait_users/staff122/deepfake_project/outputs_deepfake_project/dfdc_subset_77_jpg/test/real/real_001132.jpg,real,test,0,0.15394268929958344,0,clean,medium
/media/D1/ait_users/staff122/deepfake_project/outputs_deepfake_project/dfdc_subset_77_jpg/test/real/real_001133.jpg,real,test,0,0.022983526811003685,0,clean,medium
/media/D1/ait_users/staff122/deepfake_project/outputs_deepfake_project/dfdc_subset_77_jpg/test/real/real_001134.jpg,real,test,0,0.02202507294714451,0,clean,medium
/media/D1/ait_users/staff122/deepfake_project/outputs_deepfake_project/dfdc_subset_77_jpg/test/real/real_001135.jpg,real,test,0,0.34239286184310913,0,clean,medium
/media/D1/ait_users/staff122/deepfake_project/outputs_deepfake_project/dfdc_subset_77_jpg/test/real/real_001136.jpg,real,test,0,0.13948802649974823,0,clean,medium
/media/D1/ait_users/staff122/deepfake_project/outputs_deepfake_project/dfdc_subset_77_jpg/test/real/real_001137.jpg,real,test,0,0.034284189343452454,0,clean,medium
/media/D1/ait_users/staff122/deepfake_project/outputs_deepfake_project/dfdc_subset_77_jpg/test/real/real_001138.jpg,real,test,0,0.1313752382993698,0,clean,medium
/media/D1/ait_users/staff122/deepfake_project/outputs_deepfake_project/dfdc_subset_77_jpg/test/real/real_001139.jpg,real,test,0,0.015604926273226738,0,clean,medium
/media/D1/ait_users/staff122/deepfake_project/outputs_deepfake_project/dfdc_subset_77_jpg/test/real/real_001140.jpg,real,test,0,0.02116210199892521,0,clean,medium
/media/D1/ait_users/staff122/deepfake_project/outputs_deepfake_project/dfdc_subset_77_jpg/test/real/real_001141.jpg,real,test,0,0.08507179468870163,0,clean,medium
/media/D1/ait_users/staff122/deepfake_project/outputs_deepfake_project/dfdc_subset_77_jpg/test/real/real_001142.jpg,real,test,0,0.008092263713479042,0,clean,medium
/media/D1/ait_users/staff122/deepfake_project/outputs_deepfake_project/dfdc_subset_77_jpg/test/real/real_001143.jpg,real,test,0,0.10245352983474731,0,clean,medium
/media/D1/ait_users/staff122/deepfake_project/outputs_deepfake_project/dfdc_subset_77_jpg/test/real/real_001144.jpg,real,test,0,0.06748367846012115,0,clean,medium
/media/D1/ait_users/staff122/deepfake_project/outputs_deepfake_project/dfdc_subset_77_jpg/test/real/real_001145.jpg,real,test,0,0.04885430261492729,0,clean,medium
/media/D1/ait_users/staff122/deepfake_project/outputs_deepfake_project/dfdc_subset_77_jpg/test/real/real_001146.jpg,real,test,0,0.09279429167509079,0,clean,medium
/media/D1/ait_users/staff122/deepfake_project/outputs_deepfake_project/dfdc_subset_77_jpg/test/real/real_001147.jpg,real,test,0,0.07407651841640472,0,clean,medium
/media/D1/ait_users/staff122/deepfake_project/outputs_deepfake_project/dfdc_subset_77_jpg/test/real/real_001148.jpg,real,test,0,0.14968006312847137,0,clean,medium
/media/D1/ait_users/staff122/deepfake_project/outputs_deepfake_project/dfdc_subset_77_jpg/test/real/real_001149.jpg,real,test,0,0.026065504178404808,0,clean,medium
/media/D1/ait_users/staff122/deepfake_project/outputs_deepfake_project/dfdc_subset_77_jpg/test/real/real_001150.jpg,real,test,0,0.0187339149415493,0,clean,medium
/media/D1/ait_users/staff122/deepfake_project/outputs_deepfake_project/dfdc_subset_77_jpg/test/real/real_001151.jpg,real,test,0,0.12978363037109375,0,clean,medium
/media/D1/ait_users/staff122/deepfake_project/outputs_deepfake_project/dfdc_subset_77_jpg/test/real/real_001152.jpg,real,test,0,0.46718329191207886,0,clean,medium
/media/D1/ait_users/staff122/deepfake_project/outputs_deepfake_project/dfdc_subset_77_jpg/test/real/real_001153.jpg,real,test,0,0.40653491020202637,0,clean,medium
/media/D1/ait_users/staff122/deepfake_project/outputs_deepfake_project/dfdc_subset_77_jpg/test/real/real_001154.jpg,real,test,0,0.46697065234184265,0,clean,medium
/media/D1/ait_users/staff122/deepfake_project/outputs_deepfake_project/dfdc_subset_77_jpg/test/real/real_001155.jpg,real,test,0,0.4971362054347992,0,clean,medium
/media/D1/ait_users/staff122/deepfake_project/outputs_deepfake_project/dfdc_subset_77_jpg/test/real/real_001156.jpg,real,test,0,0.4973004162311554,0,clean,medium
/media/D1/ait_users/staff122/deepfake_project/outputs_deepfake_project/dfdc_subset_77_jpg/test/real/real_001157.jpg,real,test,0,0.4971388280391693,0,clean,medium
/media/D1/ait_users/staff122/deepfake_project/outputs_deepfake_project/dfdc_subset_77_jpg/test/real/real_001158.jpg,real,test,0,0.47152313590049744,0,clean,medium
/media/D1/ait_users/staff122/deepfake_project/outputs_deepfake_project/dfdc_subset_77_jpg/test/real/real_001159.jpg,real,test,0,0.4718841314315796,0,clean,medium
/media/D1/ait_users/staff122/deepfake_project/outputs_deepfake_project/dfdc_subset_77_jpg/test/real/real_001160.jpg,real,test,0,0.4750955402851105,0,clean,medium
/media/D1/ait_users/staff122/deepfake_project/outputs_deepfake_project/dfdc_subset_77_jpg/test/real/real_001161.jpg,real,test,0,0.47855326533317566,0,clean,medium
/media/D1/ait_users/staff122/deepfake_project/outputs_deepfake_project/dfdc_subset_77_jpg/test/real/real_001162.jpg,real,test,0,0.011721300892531872,0,clean,medium
/media/D1/ait_users/staff122/deepfake_project/outputs_deepfake_project/dfdc_subset_77_jpg/test/real/real_001163.jpg,real,test,0,0.5344746708869934,1,clean,medium
/media/D1/ait_users/staff122/deepfake_project/outputs_deepfake_project/dfdc_subset_77_jpg/test/real/real_001164.jpg,real,test,0,0.4789259433746338,0,clean,medium
/media/D1/ait_users/staff122/deepfake_project/outputs_deepfake_project/dfdc_subset_77_jpg/test/real/real_001165.jpg,real,test,0,0.4956868588924408,0,clean,medium
/media/D1/ait_users/staff122/deepfake_project/outputs_deepfake_project/dfdc_subset_77_jpg/test/real/real_001166.jpg,real,test,0,0.6917262673377991,1,clean,medium
/media/D1/ait_users/staff122/deepfake_project/outputs_deepfake_project/dfdc_subset_77_jpg/test/real/real_001167.jpg,real,test,0,0.504869818687439,1,clean,medium
/media/D1/ait_users/staff122/deepfake_project/outputs_deepfake_project/dfdc_subset_77_jpg/test/real/real_001168.jpg,real,test,0,0.05876484513282776,0,clean,medium
/media/D1/ait_users/staff122/deepfake_project/outputs_deepfake_project/dfdc_subset_77_jpg/test/real/real_001169.jpg,real,test,0,0.5870097875595093,1,clean,medium
/media/D1/ait_users/staff122/deepfake_project/outputs_deepfake_project/dfdc_subset_77_jpg/test/real/real_001170.jpg,real,test,0,0.4624464511871338,0,clean,medium
/media/D1/ait_users/staff122/deepfake_project/outputs_deepfake_project/dfdc_subset_77_jpg/test/real/real_001171.jpg,real,test,0,0.031210487708449364,0,clean,medium
/media/D1/ait_users/staff122/deepfake_project/outputs_deepfake_project/dfdc_subset_77_jpg/test/real/real_001172.jpg,real,test,0,0.03744741156697273,0,clean,medium
/media/D1/ait_users/staff122/deepfake_project/outputs_deepfake_project/dfdc_subset_77_jpg/test/real/real_001173.jpg,real,test,0,0.08019460737705231,0,clean,medium
/media/D1/ait_users/staff122/deepfake_project/outputs_deepfake_project/dfdc_subset_77_jpg/test/real/real_001174.jpg,real,test,0,0.058129508048295975,0,clean,medium
/media/D1/ait_users/staff122/deepfake_project/outputs_deepfake_project/dfdc_subset_77_jpg/test/real/real_001175.jpg,real,test,0,0.05895204469561577,0,clean,medium
/media/D1/ait_users/staff122/deepfake_project/outputs_deepfake_project/dfdc_subset_77_jpg/test/real/real_001176.jpg,real,test,0,0.02528221905231476,0,clean,medium
/media/D1/ait_users/staff122/deepfake_project/outputs_deepfake_project/dfdc_subset_77_jpg/test/real/real_001177.jpg,real,test,0,0.4920862317085266,0,clean,medium
/media/D1/ait_users/staff122/deepfake_project/outputs_deepfake_project/dfdc_subset_77_jpg/test/real/real_001178.jpg,real,test,0,0.37224265933036804,0,clean,medium
/media/D1/ait_users/staff122/deepfake_project/outputs_deepfake_project/dfdc_subset_77_jpg/test/real/real_001179.jpg,real,test,0,0.06982439011335373,0,clean,medium
/media/D1/ait_users/staff122/deepfake_project/outputs_deepfake_project/dfdc_subset_77_jpg/test/real/real_001180.jpg,real,test,0,0.026871223002672195,0,clean,medium
/media/D1/ait_users/staff122/deepfake_project/outputs_deepfake_project/dfdc_subset_77_jpg/test/real/real_001181.jpg,real,test,0,0.4874531626701355,0,clean,medium
/media/D1/ait_users/staff122/deepfake_project/outputs_deepfake_project/dfdc_subset_77_jpg/test/real/real_001182.jpg,real,test,0,0.4921765625476837,0,clean,medium
/media/D1/ait_users/staff122/deepfake_project/outputs_deepfake_project/dfdc_subset_77_jpg/test/real/real_001183.jpg,real,test,0,0.05152276158332825,0,clean,medium
/media/D1/ait_users/staff122/deepfake_project/outputs_deepfake_project/dfdc_subset_77_jpg/test/real/real_001184.jpg,real,test,0,0.00800019409507513,0,clean,medium
/media/D1/ait_users/staff122/deepfake_project/outputs_deepfake_project/dfdc_subset_77_jpg/test/real/real_001185.jpg,real,test,0,0.33828240633010864,0,clean,medium
/media/D1/ait_users/staff122/deepfake_project/outputs_deepfake_project/dfdc_subset_77_jpg/test/real/real_001186.jpg,real,test,0,0.07699673622846603,0,clean,medium
/media/D1/ait_users/staff122/deepfake_project/outputs_deepfake_project/dfdc_subset_77_jpg/test/real/real_001187.jpg,real,test,0,0.019609510898590088,0,clean,medium
/media/D1/ait_users/staff122/deepfake_project/outputs_deepfake_project/dfdc_subset_77_jpg/test/real/real_001188.jpg,real,test,0,0.046654216945171356,0,clean,medium
/media/D1/ait_users/staff122/deepfake_project/outputs_deepfake_project/dfdc_subset_77_jpg/test/real/real_001189.jpg,real,test,0,0.1428324431180954,0,clean,medium
/media/D1/ait_users/staff122/deepfake_project/outputs_deepfake_project/dfdc_subset_77_jpg/test/real/real_001190.jpg,real,test,0,0.10494459420442581,0,clean,medium
/media/D1/ait_users/staff122/deepfake_project/outputs_deepfake_project/dfdc_subset_77_jpg/test/real/real_001191.jpg,real,test,0,0.19404137134552002,0,clean,medium
/media/D1/ait_users/staff122/deepfake_project/outputs_deepfake_project/dfdc_subset_77_jpg/test/real/real_001192.jpg,real,test,0,0.11287325620651245,0,clean,medium
/media/D1/ait_users/staff122/deepfake_project/outputs_deepfake_project/dfdc_subset_77_jpg/test/real/real_001193.jpg,real,test,0,0.056682784110307693,0,clean,medium
/media/D1/ait_users/staff122/deepfake_project/outputs_deepfake_project/dfdc_subset_77_jpg/test/real/real_001194.jpg,real,test,0,0.21793974936008453,0,clean,medium
/media/D1/ait_users/staff122/deepfake_project/outputs_deepfake_project/dfdc_subset_77_jpg/test/real/real_001195.jpg,real,test,0,0.7124680876731873,1,clean,medium
/media/D1/ait_users/staff122/deepfake_project/outputs_deepfake_project/dfdc_subset_77_jpg/test/real/real_001196.jpg,real,test,0,0.02977585420012474,0,clean,medium
/media/D1/ait_users/staff122/deepfake_project/outputs_deepfake_project/dfdc_subset_77_jpg/test/real/real_001197.jpg,real,test,0,0.23360590636730194,0,clean,medium
/media/D1/ait_users/staff122/deepfake_project/outputs_deepfake_project/dfdc_subset_77_jpg/test/real/real_001198.jpg,real,test,0,0.03756070137023926,0,clean,medium
/media/D1/ait_users/staff122/deepfake_project/outputs_deepfake_project/dfdc_subset_77_jpg/test/real/real_001199.jpg,real,test,0,0.129616379737854,0,clean,medium
/media/D1/ait_users/staff122/deepfake_project/outputs_deepfake_project/dfdc_subset_77_jpg/test/real/real_001200.jpg,real,test,0,0.1786935180425644,0,clean,medium
/media/D1/ait_users/staff122/deepfake_project/outputs_deepfake_project/dfdc_subset_77_jpg/test/real/real_001201.jpg,real,test,0,0.4568394422531128,0,clean,medium
/media/D1/ait_users/staff122/deepfake_project/outputs_deepfake_project/dfdc_subset_77_jpg/test/real/real_001202.jpg,real,test,0,0.5784221887588501,1,clean,medium
/media/D1/ait_users/staff122/deepfake_project/outputs_deepfake_project/dfdc_subset_77_jpg/test/real/real_001203.jpg,real,test,0,0.15908557176589966,0,clean,medium
/media/D1/ait_users/staff122/deepfake_project/outputs_deepfake_project/dfdc_subset_77_jpg/test/real/real_001204.jpg,real,test,0,0.2733346223831177,0,clean,medium
/media/D1/ait_users/staff122/deepfake_project/outputs_deepfake_project/dfdc_subset_77_jpg/test/real/real_001205.jpg,real,test,0,0.37657323479652405,0,clean,medium
/media/D1/ait_users/staff122/deepfake_project/outputs_deepfake_project/dfdc_subset_77_jpg/test/real/real_001206.jpg,real,test,0,0.0822891965508461,0,clean,medium
/media/D1/ait_users/staff122/deepfake_project/outputs_deepfake_project/dfdc_subset_77_jpg/test/real/real_001207.jpg,real,test,0,0.05680690333247185,0,clean,medium
/media/D1/ait_users/staff122/deepfake_project/outputs_deepfake_project/dfdc_subset_77_jpg/test/real/real_001208.jpg,real,test,0,0.01747543178498745,0,clean,medium
/media/D1/ait_users/staff122/deepfake_project/outputs_deepfake_project/dfdc_subset_77_jpg/test/real/real_001209.jpg,real,test,0,0.01129007525742054,0,clean,medium
/media/D1/ait_users/staff122/deepfake_project/outputs_deepfake_project/dfdc_subset_77_jpg/test/real/real_001210.jpg,real,test,0,0.011018241755664349,0,clean,medium
/media/D1/ait_users/staff122/deepfake_project/outputs_deepfake_project/dfdc_subset_77_jpg/test/real/real_001211.jpg,real,test,0,0.19347435235977173,0,clean,medium
/media/D1/ait_users/staff122/deepfake_project/outputs_deepfake_project/dfdc_subset_77_jpg/test/real/real_001212.jpg,real,test,0,0.714303195476532,1,clean,medium
/media/D1/ait_users/staff122/deepfake_project/outputs_deepfake_project/dfdc_subset_77_jpg/test/real/real_001213.jpg,real,test,0,0.37771138548851013,0,clean,medium
/media/D1/ait_users/staff122/deepfake_project/outputs_deepfake_project/dfdc_subset_77_jpg/test/real/real_001214.jpg,real,test,0,0.2076747566461563,0,clean,medium
/media/D1/ait_users/staff122/deepfake_project/outputs_deepfake_project/dfdc_subset_77_jpg/test/real/real_001215.jpg,real,test,0,0.5925589203834534,1,clean,medium
/media/D1/ait_users/staff122/deepfake_project/outputs_deepfake_project/dfdc_subset_77_jpg/test/real/real_001216.jpg,real,test,0,0.20841781795024872,0,clean,medium
/media/D1/ait_users/staff122/deepfake_project/outputs_deepfake_project/dfdc_subset_77_jpg/test/real/real_001217.jpg,real,test,0,0.07687274366617203,0,clean,medium
/media/D1/ait_users/staff122/deepfake_project/outputs_deepfake_project/dfdc_subset_77_jpg/test/real/real_001218.jpg,real,test,0,0.1758487969636917,0,clean,medium
/media/D1/ait_users/staff122/deepfake_project/outputs_deepfake_project/dfdc_subset_77_jpg/test/real/real_001219.jpg,real,test,0,0.3335961699485779,0,clean,medium
/media/D1/ait_users/staff122/deepfake_project/outputs_deepfake_project/dfdc_subset_77_jpg/test/real/real_001220.jpg,real,test,0,0.21301710605621338,0,clean,medium
/media/D1/ait_users/staff122/deepfake_project/outputs_deepfake_project/dfdc_subset_77_jpg/test/real/real_001221.jpg,real,test,0,0.5603504776954651,1,clean,medium
/media/D1/ait_users/staff122/deepfake_project/outputs_deepfake_project/dfdc_subset_77_jpg/test/real/real_001222.jpg,real,test,0,0.5128226280212402,1,clean,medium
/media/D1/ait_users/staff122/deepfake_project/outputs_deepfake_project/dfdc_subset_77_jpg/test/real/real_001223.jpg,real,test,0,0.5091809630393982,1,clean,medium
/media/D1/ait_users/staff122/deepfake_project/outputs_deepfake_project/dfdc_subset_77_jpg/test/real/real_001224.jpg,real,test,0,0.2843620479106903,0,clean,medium
/media/D1/ait_users/staff122/deepfake_project/outputs_deepfake_project/dfdc_subset_77_jpg/test/real/real_001225.jpg,real,test,0,0.2736653685569763,0,clean,medium
/media/D1/ait_users/staff122/deepfake_project/outputs_deepfake_project/dfdc_subset_77_jpg/test/real/real_001226.jpg,real,test,0,0.3729754686355591,0,clean,medium
/media/D1/ait_users/staff122/deepfake_project/outputs_deepfake_project/dfdc_subset_77_jpg/test/real/real_001227.jpg,real,test,0,0.40954720973968506,0,clean,medium
/media/D1/ait_users/staff122/deepfake_project/outputs_deepfake_project/dfdc_subset_77_jpg/test/real/real_001228.jpg,real,test,0,0.286481112241745,0,clean,medium
/media/D1/ait_users/staff122/deepfake_project/outputs_deepfake_project/dfdc_subset_77_jpg/test/real/real_001229.jpg,real,test,0,0.29811158776283264,0,clean,medium
/media/D1/ait_users/staff122/deepfake_project/outputs_deepfake_project/dfdc_subset_77_jpg/test/real/real_001230.jpg,real,test,0,0.7438303828239441,1,clean,medium
/media/D1/ait_users/staff122/deepfake_project/outputs_deepfake_project/dfdc_subset_77_jpg/test/real/real_001231.jpg,real,test,0,0.6802881956100464,1,clean,medium
/media/D1/ait_users/staff122/deepfake_project/outputs_deepfake_project/dfdc_subset_77_jpg/test/real/real_001232.jpg,real,test,0,0.7286707162857056,1,clean,medium
/media/D1/ait_users/staff122/deepfake_project/outputs_deepfake_project/dfdc_subset_77_jpg/test/real/real_001233.jpg,real,test,0,0.40712475776672363,0,clean,medium
/media/D1/ait_users/staff122/deepfake_project/outputs_deepfake_project/dfdc_subset_77_jpg/test/real/real_001234.jpg,real,test,0,0.649135172367096,1,clean,medium
/media/D1/ait_users/staff122/deepfake_project/outputs_deepfake_project/dfdc_subset_77_jpg/test/real/real_001235.jpg,real,test,0,0.5837706327438354,1,clean,medium
/media/D1/ait_users/staff122/deepfake_project/outputs_deepfake_project/dfdc_subset_77_jpg/test/real/real_001236.jpg,real,test,0,0.6642608642578125,1,clean,medium
/media/D1/ait_users/staff122/deepfake_project/outputs_deepfake_project/dfdc_subset_77_jpg/test/real/real_001237.jpg,real,test,0,0.30485838651657104,0,clean,medium
/media/D1/ait_users/staff122/deepfake_project/outputs_deepfake_project/dfdc_subset_77_jpg/test/real/real_001238.jpg,real,test,0,0.4700428545475006,0,clean,medium
/media/D1/ait_users/staff122/deepfake_project/outputs_deepfake_project/dfdc_subset_77_jpg/test/real/real_001239.jpg,real,test,0,0.47878214716911316,0,clean,medium
/media/D1/ait_users/staff122/deepfake_project/outputs_deepfake_project/dfdc_subset_77_jpg/test/real/real_001240.jpg,real,test,0,0.20310497283935547,0,clean,medium
/media/D1/ait_users/staff122/deepfake_project/outputs_deepfake_project/dfdc_subset_77_jpg/test/real/real_001241.jpg,real,test,0,0.45611897110939026,0,clean,medium
/media/D1/ait_users/staff122/deepfake_project/outputs_deepfake_project/dfdc_subset_77_jpg/test/real/real_001242.jpg,real,test,0,0.10995973646640778,0,clean,medium
/media/D1/ait_users/staff122/deepfake_project/outputs_deepfake_project/dfdc_subset_77_jpg/test/real/real_001243.jpg,real,test,0,0.30887359380722046,0,clean,medium
/media/D1/ait_users/staff122/deepfake_project/outputs_deepfake_project/dfdc_subset_77_jpg/test/real/real_001244.jpg,real,test,0,0.10857491940259933,0,clean,medium
/media/D1/ait_users/staff122/deepfake_project/outputs_deepfake_project/dfdc_subset_77_jpg/test/real/real_001245.jpg,real,test,0,0.33339160680770874,0,clean,medium
/media/D1/ait_users/staff122/deepfake_project/outputs_deepfake_project/dfdc_subset_77_jpg/test/real/real_001246.jpg,real,test,0,0.6588104963302612,1,clean,medium
/media/D1/ait_users/staff122/deepfake_project/outputs_deepfake_project/dfdc_subset_77_jpg/test/real/real_001247.jpg,real,test,0,0.3595154881477356,0,clean,medium
/media/D1/ait_users/staff122/deepfake_project/outputs_deepfake_project/dfdc_subset_77_jpg/test/real/real_001248.jpg,real,test,0,0.2122732400894165,0,clean,medium
/media/D1/ait_users/staff122/deepfake_project/outputs_deepfake_project/dfdc_subset_77_jpg/test/real/real_001249.jpg,real,test,0,0.22754108905792236,0,clean,medium
/media/D1/ait_users/staff122/deepfake_project/outputs_deepfake_project/dfdc_subset_77_jpg/test/real/real_001250.jpg,real,test,0,0.1888912469148636,0,clean,medium
/media/D1/ait_users/staff122/deepfake_project/outputs_deepfake_project/dfdc_subset_77_jpg/test/real/real_001251.jpg,real,test,0,0.2178664654493332,0,clean,medium
/media/D1/ait_users/staff122/deepfake_project/outputs_deepfake_project/dfdc_subset_77_jpg/test/real/real_001252.jpg,real,test,0,0.2801743745803833,0,clean,medium
/media/D1/ait_users/staff122/deepfake_project/outputs_deepfake_project/dfdc_subset_77_jpg/test/real/real_001253.jpg,real,test,0,0.19920209050178528,0,clean,medium
/media/D1/ait_users/staff122/deepfake_project/outputs_deepfake_project/dfdc_subset_77_jpg/test/real/real_001254.jpg,real,test,0,0.15960851311683655,0,clean,medium
/media/D1/ait_users/staff122/deepfake_project/outputs_deepfake_project/dfdc_subset_77_jpg/test/real/real_001255.jpg,real,test,0,0.169841468334198,0,clean,medium
/media/D1/ait_users/staff122/deepfake_project/outputs_deepfake_project/dfdc_subset_77_jpg/test/real/real_001256.jpg,real,test,0,0.1423662304878235,0,clean,medium
/media/D1/ait_users/staff122/deepfake_project/outputs_deepfake_project/dfdc_subset_77_jpg/test/real/real_001257.jpg,real,test,0,0.2249668538570404,0,clean,medium
/media/D1/ait_users/staff122/deepfake_project/outputs_deepfake_project/dfdc_subset_77_jpg/test/real/real_001258.jpg,real,test,0,0.21426917612552643,0,clean,medium
/media/D1/ait_users/staff122/deepfake_project/outputs_deepfake_project/dfdc_subset_77_jpg/test/real/real_001259.jpg,real,test,0,0.22293095290660858,0,clean,medium
/media/D1/ait_users/staff122/deepfake_project/outputs_deepfake_project/dfdc_subset_77_jpg/test/real/real_001260.jpg,real,test,0,0.16288891434669495,0,clean,medium
/media/D1/ait_users/staff122/deepfake_project/outputs_deepfake_project/dfdc_subset_77_jpg/test/real/real_001261.jpg,real,test,0,0.1591833382844925,0,clean,medium
/media/D1/ait_users/staff122/deepfake_project/outputs_deepfake_project/dfdc_subset_77_jpg/test/real/real_001262.jpg,real,test,0,0.17011934518814087,0,clean,medium
/media/D1/ait_users/staff122/deepfake_project/outputs_deepfake_project/dfdc_subset_77_jpg/test/real/real_001263.jpg,real,test,0,0.214972585439682,0,clean,medium
/media/D1/ait_users/staff122/deepfake_project/outputs_deepfake_project/dfdc_subset_77_jpg/test/real/real_001264.jpg,real,test,0,0.21945425868034363,0,clean,medium
/media/D1/ait_users/staff122/deepfake_project/outputs_deepfake_project/dfdc_subset_77_jpg/test/real/real_001265.jpg,real,test,0,0.12145925313234329,0,clean,medium
/media/D1/ait_users/staff122/deepfake_project/outputs_deepfake_project/dfdc_subset_77_jpg/test/real/real_001266.jpg,real,test,0,0.21328985691070557,0,clean,medium
/media/D1/ait_users/staff122/deepfake_project/outputs_deepfake_project/dfdc_subset_77_jpg/test/real/real_001267.jpg,real,test,0,0.21431663632392883,0,clean,medium
/media/D1/ait_users/staff122/deepfake_project/outputs_deepfake_project/dfdc_subset_77_jpg/test/real/real_001268.jpg,real,test,0,0.1601884961128235,0,clean,medium
/media/D1/ait_users/staff122/deepfake_project/outputs_deepfake_project/dfdc_subset_77_jpg/test/real/real_001269.jpg,real,test,0,0.1715622991323471,0,clean,medium
/media/D1/ait_users/staff122/deepfake_project/outputs_deepfake_project/dfdc_subset_77_jpg/test/real/real_001270.jpg,real,test,0,0.23356078565120697,0,clean,medium
/media/D1/ait_users/staff122/deepfake_project/outputs_deepfake_project/dfdc_subset_77_jpg/test/real/real_001271.jpg,real,test,0,0.20169559121131897,0,clean,medium
/media/D1/ait_users/staff122/deepfake_project/outputs_deepfake_project/dfdc_subset_77_jpg/test/real/real_001272.jpg,real,test,0,0.2492135763168335,0,clean,medium
/media/D1/ait_users/staff122/deepfake_project/outputs_deepfake_project/dfdc_subset_77_jpg/test/real/real_001273.jpg,real,test,0,0.14656539261341095,0,clean,medium
/media/D1/ait_users/staff122/deepfake_project/outputs_deepfake_project/dfdc_subset_77_jpg/test/real/real_001274.jpg,real,test,0,0.13115325570106506,0,clean,medium
/media/D1/ait_users/staff122/deepfake_project/outputs_deepfake_project/dfdc_subset_77_jpg/test/real/real_001275.jpg,real,test,0,0.12368125468492508,0,clean,medium
/media/D1/ait_users/staff122/deepfake_project/outputs_deepfake_project/dfdc_subset_77_jpg/test/real/real_001276.jpg,real,test,0,0.10291358083486557,0,clean,medium
/media/D1/ait_users/staff122/deepfake_project/outputs_deepfake_project/dfdc_subset_77_jpg/test/real/real_001277.jpg,real,test,0,0.10805914551019669,0,clean,medium
/media/D1/ait_users/staff122/deepfake_project/outputs_deepfake_project/dfdc_subset_77_jpg/test/real/real_001278.jpg,real,test,0,0.15806575119495392,0,clean,medium
/media/D1/ait_users/staff122/deepfake_project/outputs_deepfake_project/dfdc_subset_77_jpg/test/real/real_001279.jpg,real,test,0,0.22085437178611755,0,clean,medium
/media/D1/ait_users/staff122/deepfake_project/outputs_deepfake_project/dfdc_subset_77_jpg/test/real/real_001280.jpg,real,test,0,0.4302532374858856,0,clean,medium
/media/D1/ait_users/staff122/deepfake_project/outputs_deepfake_project/dfdc_subset_77_jpg/test/real/real_001281.jpg,real,test,0,0.1565510481595993,0,clean,medium
/media/D1/ait_users/staff122/deepfake_project/outputs_deepfake_project/dfdc_subset_77_jpg/test/real/real_001282.jpg,real,test,0,0.3434390723705292,0,clean,medium
/media/D1/ait_users/staff122/deepfake_project/outputs_deepfake_project/dfdc_subset_77_jpg/test/real/real_001283.jpg,real,test,0,0.5955796837806702,1,clean,medium
/media/D1/ait_users/staff122/deepfake_project/outputs_deepfake_project/dfdc_subset_77_jpg/test/real/real_001284.jpg,real,test,0,0.012437213212251663,0,clean,medium
/media/D1/ait_users/staff122/deepfake_project/outputs_deepfake_project/dfdc_subset_77_jpg/test/real/real_001285.jpg,real,test,0,0.01991657167673111,0,clean,medium
/media/D1/ait_users/staff122/deepfake_project/outputs_deepfake_project/dfdc_subset_77_jpg/test/real/real_001286.jpg,real,test,0,0.04262256994843483,0,clean,medium
/media/D1/ait_users/staff122/deepfake_project/outputs_deepfake_project/dfdc_subset_77_jpg/test/real/real_001287.jpg,real,test,0,0.17304696142673492,0,clean,medium
/media/D1/ait_users/staff122/deepfake_project/outputs_deepfake_project/dfdc_subset_77_jpg/test/real/real_001288.jpg,real,test,0,0.14766712486743927,0,clean,medium
/media/D1/ait_users/staff122/deepfake_project/outputs_deepfake_project/dfdc_subset_77_jpg/test/real/real_001289.jpg,real,test,0,0.21404871344566345,0,clean,medium
/media/D1/ait_users/staff122/deepfake_project/outputs_deepfake_project/dfdc_subset_77_jpg/test/real/real_001290.jpg,real,test,0,0.01904962584376335,0,clean,medium
/media/D1/ait_users/staff122/deepfake_project/outputs_deepfake_project/dfdc_subset_77_jpg/test/real/real_001291.jpg,real,test,0,0.01629304513335228,0,clean,medium
/media/D1/ait_users/staff122/deepfake_project/outputs_deepfake_project/dfdc_subset_77_jpg/test/real/real_001292.jpg,real,test,0,0.015397709794342518,0,clean,medium
/media/D1/ait_users/staff122/deepfake_project/outputs_deepfake_project/dfdc_subset_77_jpg/test/real/real_001293.jpg,real,test,0,0.300003319978714,0,clean,medium
/media/D1/ait_users/staff122/deepfake_project/outputs_deepfake_project/dfdc_subset_77_jpg/test/real/real_001294.jpg,real,test,0,0.05200645327568054,0,clean,medium
/media/D1/ait_users/staff122/deepfake_project/outputs_deepfake_project/dfdc_subset_77_jpg/test/real/real_001295.jpg,real,test,0,0.4698074758052826,0,clean,medium
/media/D1/ait_users/staff122/deepfake_project/outputs_deepfake_project/dfdc_subset_77_jpg/test/real/real_001296.jpg,real,test,0,0.14470507204532623,0,clean,medium
/media/D1/ait_users/staff122/deepfake_project/outputs_deepfake_project/dfdc_subset_77_jpg/test/real/real_001297.jpg,real,test,0,0.06103341281414032,0,clean,medium
/media/D1/ait_users/staff122/deepfake_project/outputs_deepfake_project/dfdc_subset_77_jpg/test/real/real_001298.jpg,real,test,0,0.1964263617992401,0,clean,medium
/media/D1/ait_users/staff122/deepfake_project/outputs_deepfake_project/dfdc_subset_77_jpg/test/real/real_001299.jpg,real,test,0,0.09402482211589813,0,clean,medium
/media/D1/ait_users/staff122/deepfake_project/outputs_deepfake_project/dfdc_subset_77_jpg/test/real/real_001300.jpg,real,test,0,0.027259983122348785,0,clean,medium
/media/D1/ait_users/staff122/deepfake_project/outputs_deepfake_project/dfdc_subset_77_jpg/test/real/real_001301.jpg,real,test,0,0.46670424938201904,0,clean,medium
/media/D1/ait_users/staff122/deepfake_project/outputs_deepfake_project/dfdc_subset_77_jpg/test/real/real_001302.jpg,real,test,0,0.18182054162025452,0,clean,medium
/media/D1/ait_users/staff122/deepfake_project/outputs_deepfake_project/dfdc_subset_77_jpg/test/real/real_001303.jpg,real,test,0,0.09585302323102951,0,clean,medium
/media/D1/ait_users/staff122/deepfake_project/outputs_deepfake_project/dfdc_subset_77_jpg/test/real/real_001304.jpg,real,test,0,0.06470715999603271,0,clean,medium
/media/D1/ait_users/staff122/deepfake_project/outputs_deepfake_project/dfdc_subset_77_jpg/test/real/real_001305.jpg,real,test,0,0.4454502463340759,0,clean,medium
/media/D1/ait_users/staff122/deepfake_project/outputs_deepfake_project/dfdc_subset_77_jpg/test/real/real_001306.jpg,real,test,0,0.5356542468070984,1,clean,medium
/media/D1/ait_users/staff122/deepfake_project/outputs_deepfake_project/dfdc_subset_77_jpg/test/real/real_001307.jpg,real,test,0,0.08851297199726105,0,clean,medium
/media/D1/ait_users/staff122/deepfake_project/outputs_deepfake_project/dfdc_subset_77_jpg/test/real/real_001308.jpg,real,test,0,0.5473557710647583,1,clean,medium
/media/D1/ait_users/staff122/deepfake_project/outputs_deepfake_project/dfdc_subset_77_jpg/test/real/real_001309.jpg,real,test,0,0.5833902359008789,1,clean,medium
/media/D1/ait_users/staff122/deepfake_project/outputs_deepfake_project/dfdc_subset_77_jpg/test/real/real_001310.jpg,real,test,0,0.7327330708503723,1,clean,medium
/media/D1/ait_users/staff122/deepfake_project/outputs_deepfake_project/dfdc_subset_77_jpg/test/real/real_001311.jpg,real,test,0,0.1106882393360138,0,clean,medium
/media/D1/ait_users/staff122/deepfake_project/outputs_deepfake_project/dfdc_subset_77_jpg/test/real/real_001312.jpg,real,test,0,0.3269832134246826,0,clean,medium
/media/D1/ait_users/staff122/deepfake_project/outputs_deepfake_project/dfdc_subset_77_jpg/test/real/real_001313.jpg,real,test,0,0.21686680614948273,0,clean,medium
/media/D1/ait_users/staff122/deepfake_project/outputs_deepfake_project/dfdc_subset_77_jpg/test/real/real_001314.jpg,real,test,0,0.11895188689231873,0,clean,medium
/media/D1/ait_users/staff122/deepfake_project/outputs_deepfake_project/dfdc_subset_77_jpg/test/real/real_001315.jpg,real,test,0,0.04351509362459183,0,clean,medium
/media/D1/ait_users/staff122/deepfake_project/outputs_deepfake_project/dfdc_subset_77_jpg/test/real/real_001316.jpg,real,test,0,0.8679813742637634,1,clean,medium
/media/D1/ait_users/staff122/deepfake_project/outputs_deepfake_project/dfdc_subset_77_jpg/test/real/real_001317.jpg,real,test,0,0.34329694509506226,0,clean,medium
/media/D1/ait_users/staff122/deepfake_project/outputs_deepfake_project/dfdc_subset_77_jpg/test/real/real_001318.jpg,real,test,0,0.29632046818733215,0,clean,medium
/media/D1/ait_users/staff122/deepfake_project/outputs_deepfake_project/dfdc_subset_77_jpg/test/real/real_001319.jpg,real,test,0,0.18698027729988098,0,clean,medium
/media/D1/ait_users/staff122/deepfake_project/outputs_deepfake_project/dfdc_subset_77_jpg/test/real/real_001320.jpg,real,test,0,0.5516105890274048,1,clean,medium
/media/D1/ait_users/staff122/deepfake_project/outputs_deepfake_project/dfdc_subset_77_jpg/test/real/real_001321.jpg,real,test,0,0.0956823006272316,0,clean,medium
/media/D1/ait_users/staff122/deepfake_project/outputs_deepfake_project/dfdc_subset_77_jpg/test/real/real_001322.jpg,real,test,0,0.02351716160774231,0,clean,medium
/media/D1/ait_users/staff122/deepfake_project/outputs_deepfake_project/dfdc_subset_77_jpg/test/real/real_001323.jpg,real,test,0,0.8490874767303467,1,clean,medium
/media/D1/ait_users/staff122/deepfake_project/outputs_deepfake_project/dfdc_subset_77_jpg/test/real/real_001324.jpg,real,test,0,0.7050371170043945,1,clean,medium
/media/D1/ait_users/staff122/deepfake_project/outputs_deepfake_project/dfdc_subset_77_jpg/test/real/real_001325.jpg,real,test,0,0.03967210650444031,0,clean,medium
/media/D1/ait_users/staff122/deepfake_project/outputs_deepfake_project/dfdc_subset_77_jpg/test/real/real_001326.jpg,real,test,0,0.5933865308761597,1,clean,medium
/media/D1/ait_users/staff122/deepfake_project/outputs_deepfake_project/dfdc_subset_77_jpg/test/real/real_001327.jpg,real,test,0,0.2573670446872711,0,clean,medium
/media/D1/ait_users/staff122/deepfake_project/outputs_deepfake_project/dfdc_subset_77_jpg/test/real/real_001328.jpg,real,test,0,0.7803531885147095,1,clean,medium
/media/D1/ait_users/staff122/deepfake_project/outputs_deepfake_project/dfdc_subset_77_jpg/test/real/real_001329.jpg,real,test,0,0.1884346306324005,0,clean,medium
/media/D1/ait_users/staff122/deepfake_project/outputs_deepfake_project/dfdc_subset_77_jpg/test/real/real_001330.jpg,real,test,0,0.09193063527345657,0,clean,medium
/media/D1/ait_users/staff122/deepfake_project/outputs_deepfake_project/dfdc_subset_77_jpg/test/real/real_001331.jpg,real,test,0,0.2689887285232544,0,clean,medium
/media/D1/ait_users/staff122/deepfake_project/outputs_deepfake_project/dfdc_subset_77_jpg/test/real/real_001332.jpg,real,test,0,0.8413379788398743,1,clean,medium
/media/D1/ait_users/staff122/deepfake_project/outputs_deepfake_project/dfdc_subset_77_jpg/test/real/real_001333.jpg,real,test,0,0.8645685911178589,1,clean,medium
/media/D1/ait_users/staff122/deepfake_project/outputs_deepfake_project/dfdc_subset_77_jpg/test/real/real_001334.jpg,real,test,0,0.31622371077537537,0,clean,medium
/media/D1/ait_users/staff122/deepfake_project/outputs_deepfake_project/dfdc_subset_77_jpg/test/real/real_001335.jpg,real,test,0,0.013091795146465302,0,clean,medium
/media/D1/ait_users/staff122/deepfake_project/outputs_deepfake_project/dfdc_subset_77_jpg/test/real/real_001336.jpg,real,test,0,0.33741602301597595,0,clean,medium
/media/D1/ait_users/staff122/deepfake_project/outputs_deepfake_project/dfdc_subset_77_jpg/test/real/real_001337.jpg,real,test,0,0.20401093363761902,0,clean,medium
/media/D1/ait_users/staff122/deepfake_project/outputs_deepfake_project/dfdc_subset_77_jpg/test/real/real_001338.jpg,real,test,0,0.039629075676202774,0,clean,medium
/media/D1/ait_users/staff122/deepfake_project/outputs_deepfake_project/dfdc_subset_77_jpg/test/real/real_001339.jpg,real,test,0,0.10198148339986801,0,clean,medium
/media/D1/ait_users/staff122/deepfake_project/outputs_deepfake_project/dfdc_subset_77_jpg/test/real/real_001340.jpg,real,test,0,0.6452056169509888,1,clean,medium
/media/D1/ait_users/staff122/deepfake_project/outputs_deepfake_project/dfdc_subset_77_jpg/test/real/real_001341.jpg,real,test,0,0.8350049257278442,1,clean,medium
/media/D1/ait_users/staff122/deepfake_project/outputs_deepfake_project/dfdc_subset_77_jpg/test/real/real_001342.jpg,real,test,0,0.5524465441703796,1,clean,medium
/media/D1/ait_users/staff122/deepfake_project/outputs_deepfake_project/dfdc_subset_77_jpg/test/real/real_001343.jpg,real,test,0,0.16701644659042358,0,clean,medium
/media/D1/ait_users/staff122/deepfake_project/outputs_deepfake_project/dfdc_subset_77_jpg/test/real/real_001344.jpg,real,test,0,0.5567317008972168,1,clean,medium
/media/D1/ait_users/staff122/deepfake_project/outputs_deepfake_project/dfdc_subset_77_jpg/test/real/real_001345.jpg,real,test,0,0.11966092884540558,0,clean,medium
/media/D1/ait_users/staff122/deepfake_project/outputs_deepfake_project/dfdc_subset_77_jpg/test/real/real_001346.jpg,real,test,0,0.011132318526506424,0,clean,medium
/media/D1/ait_users/staff122/deepfake_project/outputs_deepfake_project/dfdc_subset_77_jpg/test/real/real_001347.jpg,real,test,0,0.138645201921463,0,clean,medium
/media/D1/ait_users/staff122/deepfake_project/outputs_deepfake_project/dfdc_subset_77_jpg/test/real/real_001348.jpg,real,test,0,0.2690403163433075,0,clean,medium
/media/D1/ait_users/staff122/deepfake_project/outputs_deepfake_project/dfdc_subset_77_jpg/test/real/real_001349.jpg,real,test,0,0.013141866773366928,0,clean,medium
/media/D1/ait_users/staff122/deepfake_project/outputs_deepfake_project/dfdc_subset_77_jpg/test/real/real_001350.jpg,real,test,0,0.013922402635216713,0,clean,medium
/media/D1/ait_users/staff122/deepfake_project/outputs_deepfake_project/dfdc_subset_77_jpg/test/real/real_001351.jpg,real,test,0,0.004557870328426361,0,clean,medium
/media/D1/ait_users/staff122/deepfake_project/outputs_deepfake_project/dfdc_subset_77_jpg/test/real/real_001352.jpg,real,test,0,0.005936962086707354,0,clean,medium
/media/D1/ait_users/staff122/deepfake_project/outputs_deepfake_project/dfdc_subset_77_jpg/test/real/real_001353.jpg,real,test,0,0.05998216196894646,0,clean,medium
/media/D1/ait_users/staff122/deepfake_project/outputs_deepfake_project/dfdc_subset_77_jpg/test/real/real_001354.jpg,real,test,0,0.1460098922252655,0,clean,medium
/media/D1/ait_users/staff122/deepfake_project/outputs_deepfake_project/dfdc_subset_77_jpg/test/real/real_001355.jpg,real,test,0,0.22357168793678284,0,clean,medium
/media/D1/ait_users/staff122/deepfake_project/outputs_deepfake_project/dfdc_subset_77_jpg/test/real/real_001356.jpg,real,test,0,0.002763197058811784,0,clean,medium
/media/D1/ait_users/staff122/deepfake_project/outputs_deepfake_project/dfdc_subset_77_jpg/test/real/real_001357.jpg,real,test,0,0.004802055656909943,0,clean,medium
/media/D1/ait_users/staff122/deepfake_project/outputs_deepfake_project/dfdc_subset_77_jpg/test/real/real_001358.jpg,real,test,0,0.005220749415457249,0,clean,medium
/media/D1/ait_users/staff122/deepfake_project/outputs_deepfake_project/dfdc_subset_77_jpg/test/real/real_001359.jpg,real,test,0,0.08949094265699387,0,clean,medium
/media/D1/ait_users/staff122/deepfake_project/outputs_deepfake_project/dfdc_subset_77_jpg/test/real/real_001360.jpg,real,test,0,0.020288830623030663,0,clean,medium
/media/D1/ait_users/staff122/deepfake_project/outputs_deepfake_project/dfdc_subset_77_jpg/test/real/real_001361.jpg,real,test,0,0.01199730858206749,0,clean,medium
/media/D1/ait_users/staff122/deepfake_project/outputs_deepfake_project/dfdc_subset_77_jpg/test/real/real_001362.jpg,real,test,0,0.06077113747596741,0,clean,medium
/media/D1/ait_users/staff122/deepfake_project/outputs_deepfake_project/dfdc_subset_77_jpg/test/real/real_001363.jpg,real,test,0,0.013682423159480095,0,clean,medium
/media/D1/ait_users/staff122/deepfake_project/outputs_deepfake_project/dfdc_subset_77_jpg/test/real/real_001364.jpg,real,test,0,0.5333656668663025,1,clean,medium
/media/D1/ait_users/staff122/deepfake_project/outputs_deepfake_project/dfdc_subset_77_jpg/test/real/real_001365.jpg,real,test,0,0.4268900752067566,0,clean,medium
/media/D1/ait_users/staff122/deepfake_project/outputs_deepfake_project/dfdc_subset_77_jpg/test/real/real_001366.jpg,real,test,0,0.09771792590618134,0,clean,medium
/media/D1/ait_users/staff122/deepfake_project/outputs_deepfake_project/dfdc_subset_77_jpg/test/real/real_001367.jpg,real,test,0,0.004266663920134306,0,clean,medium
/media/D1/ait_users/staff122/deepfake_project/outputs_deepfake_project/dfdc_subset_77_jpg/test/real/real_001368.jpg,real,test,0,0.002156016882508993,0,clean,medium
/media/D1/ait_users/staff122/deepfake_project/outputs_deepfake_project/dfdc_subset_77_jpg/test/real/real_001369.jpg,real,test,0,0.006250422447919846,0,clean,medium
/media/D1/ait_users/staff122/deepfake_project/outputs_deepfake_project/dfdc_subset_77_jpg/test/real/real_001370.jpg,real,test,0,0.012530993670225143,0,clean,medium
/media/D1/ait_users/staff122/deepfake_project/outputs_deepfake_project/dfdc_subset_77_jpg/test/real/real_001371.jpg,real,test,0,0.5281170010566711,1,clean,medium
/media/D1/ait_users/staff122/deepfake_project/outputs_deepfake_project/dfdc_subset_77_jpg/test/real/real_001372.jpg,real,test,0,0.04310411587357521,0,clean,medium
/media/D1/ait_users/staff122/deepfake_project/outputs_deepfake_project/dfdc_subset_77_jpg/test/real/real_001373.jpg,real,test,0,0.18392179906368256,0,clean,medium
/media/D1/ait_users/staff122/deepfake_project/outputs_deepfake_project/dfdc_subset_77_jpg/test/real/real_001374.jpg,real,test,0,0.005034713074564934,0,clean,medium
/media/D1/ait_users/staff122/deepfake_project/outputs_deepfake_project/dfdc_subset_77_jpg/test/real/real_001375.jpg,real,test,0,0.23408354818820953,0,clean,medium
/media/D1/ait_users/staff122/deepfake_project/outputs_deepfake_project/dfdc_subset_77_jpg/test/real/real_001376.jpg,real,test,0,0.040207624435424805,0,clean,medium
/media/D1/ait_users/staff122/deepfake_project/outputs_deepfake_project/dfdc_subset_77_jpg/test/real/real_001377.jpg,real,test,0,0.012564226984977722,0,clean,medium
/media/D1/ait_users/staff122/deepfake_project/outputs_deepfake_project/dfdc_subset_77_jpg/test/real/real_001378.jpg,real,test,0,0.024606985971331596,0,clean,medium
/media/D1/ait_users/staff122/deepfake_project/outputs_deepfake_project/dfdc_subset_77_jpg/test/real/real_001379.jpg,real,test,0,0.04183819517493248,0,clean,medium
/media/D1/ait_users/staff122/deepfake_project/outputs_deepfake_project/dfdc_subset_77_jpg/test/real/real_001380.jpg,real,test,0,0.012958305887877941,0,clean,medium
/media/D1/ait_users/staff122/deepfake_project/outputs_deepfake_project/dfdc_subset_77_jpg/test/real/real_001381.jpg,real,test,0,0.006485973950475454,0,clean,medium
/media/D1/ait_users/staff122/deepfake_project/outputs_deepfake_project/dfdc_subset_77_jpg/test/real/real_001382.jpg,real,test,0,0.019544538110494614,0,clean,medium
/media/D1/ait_users/staff122/deepfake_project/outputs_deepfake_project/dfdc_subset_77_jpg/test/real/real_001383.jpg,real,test,0,0.008917298167943954,0,clean,medium
/media/D1/ait_users/staff122/deepfake_project/outputs_deepfake_project/dfdc_subset_77_jpg/test/real/real_001384.jpg,real,test,0,0.014390713535249233,0,clean,medium
/media/D1/ait_users/staff122/deepfake_project/outputs_deepfake_project/dfdc_subset_77_jpg/test/real/real_001385.jpg,real,test,0,0.05283184349536896,0,clean,medium
/media/D1/ait_users/staff122/deepfake_project/outputs_deepfake_project/dfdc_subset_77_jpg/test/real/real_001386.jpg,real,test,0,0.20316830277442932,0,clean,medium
/media/D1/ait_users/staff122/deepfake_project/outputs_deepfake_project/dfdc_subset_77_jpg/test/real/real_001387.jpg,real,test,0,0.011944812722504139,0,clean,medium
/media/D1/ait_users/staff122/deepfake_project/outputs_deepfake_project/dfdc_subset_77_jpg/test/real/real_001388.jpg,real,test,0,0.10592462867498398,0,clean,medium
/media/D1/ait_users/staff122/deepfake_project/outputs_deepfake_project/dfdc_subset_77_jpg/test/real/real_001389.jpg,real,test,0,0.01678665354847908,0,clean,medium
/media/D1/ait_users/staff122/deepfake_project/outputs_deepfake_project/dfdc_subset_77_jpg/test/real/real_001390.jpg,real,test,0,0.008521042764186859,0,clean,medium
/media/D1/ait_users/staff122/deepfake_project/outputs_deepfake_project/dfdc_subset_77_jpg/test/real/real_001391.jpg,real,test,0,0.02307497337460518,0,clean,medium
/media/D1/ait_users/staff122/deepfake_project/outputs_deepfake_project/dfdc_subset_77_jpg/test/real/real_001392.jpg,real,test,0,0.013565926812589169,0,clean,medium
/media/D1/ait_users/staff122/deepfake_project/outputs_deepfake_project/dfdc_subset_77_jpg/test/real/real_001393.jpg,real,test,0,0.009502734988927841,0,clean,medium
/media/D1/ait_users/staff122/deepfake_project/outputs_deepfake_project/dfdc_subset_77_jpg/test/real/real_001394.jpg,real,test,0,0.01981031335890293,0,clean,medium
/media/D1/ait_users/staff122/deepfake_project/outputs_deepfake_project/dfdc_subset_77_jpg/test/real/real_001395.jpg,real,test,0,0.00734926201403141,0,clean,medium
/media/D1/ait_users/staff122/deepfake_project/outputs_deepfake_project/dfdc_subset_77_jpg/test/real/real_001396.jpg,real,test,0,0.00688638910651207,0,clean,medium
/media/D1/ait_users/staff122/deepfake_project/outputs_deepfake_project/dfdc_subset_77_jpg/test/real/real_001397.jpg,real,test,0,0.0062455786392092705,0,clean,medium
/media/D1/ait_users/staff122/deepfake_project/outputs_deepfake_project/dfdc_subset_77_jpg/test/real/real_001398.jpg,real,test,0,0.02324359305202961,0,clean,medium
/media/D1/ait_users/staff122/deepfake_project/outputs_deepfake_project/dfdc_subset_77_jpg/test/real/real_001399.jpg,real,test,0,0.016725314781069756,0,clean,medium
/media/D1/ait_users/staff122/deepfake_project/outputs_deepfake_project/dfdc_subset_77_jpg/test/real/real_001400.jpg,real,test,0,0.015771349892020226,0,clean,medium
/media/D1/ait_users/staff122/deepfake_project/outputs_deepfake_project/dfdc_subset_77_jpg/test/real/real_001401.jpg,real,test,0,0.6447547674179077,1,clean,medium
/media/D1/ait_users/staff122/deepfake_project/outputs_deepfake_project/dfdc_subset_77_jpg/test/real/real_001402.jpg,real,test,0,0.647876501083374,1,clean,medium
/media/D1/ait_users/staff122/deepfake_project/outputs_deepfake_project/dfdc_subset_77_jpg/test/real/real_001403.jpg,real,test,0,0.04004323482513428,0,clean,medium
/media/D1/ait_users/staff122/deepfake_project/outputs_deepfake_project/dfdc_subset_77_jpg/test/real/real_001404.jpg,real,test,0,0.030084675177931786,0,clean,medium
/media/D1/ait_users/staff122/deepfake_project/outputs_deepfake_project/dfdc_subset_77_jpg/test/real/real_001405.jpg,real,test,0,0.023031223565340042,0,clean,medium
/media/D1/ait_users/staff122/deepfake_project/outputs_deepfake_project/dfdc_subset_77_jpg/test/real/real_001406.jpg,real,test,0,0.2866455614566803,0,clean,medium
/media/D1/ait_users/staff122/deepfake_project/outputs_deepfake_project/dfdc_subset_77_jpg/test/real/real_001407.jpg,real,test,0,0.20365621149539948,0,clean,medium
/media/D1/ait_users/staff122/deepfake_project/outputs_deepfake_project/dfdc_subset_77_jpg/test/real/real_001408.jpg,real,test,0,0.5173082947731018,1,clean,medium
/media/D1/ait_users/staff122/deepfake_project/outputs_deepfake_project/dfdc_subset_77_jpg/test/real/real_001409.jpg,real,test,0,0.012098072096705437,0,clean,medium
/media/D1/ait_users/staff122/deepfake_project/outputs_deepfake_project/dfdc_subset_77_jpg/test/real/real_001410.jpg,real,test,0,0.0026972752530127764,0,clean,medium
/media/D1/ait_users/staff122/deepfake_project/outputs_deepfake_project/dfdc_subset_77_jpg/test/real/real_001411.jpg,real,test,0,0.0024439170956611633,0,clean,medium
/media/D1/ait_users/staff122/deepfake_project/outputs_deepfake_project/dfdc_subset_77_jpg/test/real/real_001412.jpg,real,test,0,0.005746766459196806,0,clean,medium
/media/D1/ait_users/staff122/deepfake_project/outputs_deepfake_project/dfdc_subset_77_jpg/test/real/real_001413.jpg,real,test,0,0.0032733511179685593,0,clean,medium
/media/D1/ait_users/staff122/deepfake_project/outputs_deepfake_project/dfdc_subset_77_jpg/test/real/real_001414.jpg,real,test,0,0.003320524003356695,0,clean,medium
/media/D1/ait_users/staff122/deepfake_project/outputs_deepfake_project/dfdc_subset_77_jpg/test/real/real_001415.jpg,real,test,0,0.02924295701086521,0,clean,medium
/media/D1/ait_users/staff122/deepfake_project/outputs_deepfake_project/dfdc_subset_77_jpg/test/real/real_001416.jpg,real,test,0,0.002490932121872902,0,clean,medium
/media/D1/ait_users/staff122/deepfake_project/outputs_deepfake_project/dfdc_subset_77_jpg/test/real/real_001417.jpg,real,test,0,0.003018188988789916,0,clean,medium
/media/D1/ait_users/staff122/deepfake_project/outputs_deepfake_project/dfdc_subset_77_jpg/test/real/real_001418.jpg,real,test,0,0.01835104078054428,0,clean,medium
/media/D1/ait_users/staff122/deepfake_project/outputs_deepfake_project/dfdc_subset_77_jpg/test/real/real_001419.jpg,real,test,0,0.02596677467226982,0,clean,medium
/media/D1/ait_users/staff122/deepfake_project/outputs_deepfake_project/dfdc_subset_77_jpg/test/real/real_001420.jpg,real,test,0,0.011533780954778194,0,clean,medium
/media/D1/ait_users/staff122/deepfake_project/outputs_deepfake_project/dfdc_subset_77_jpg/test/real/real_001421.jpg,real,test,0,0.014516358263790607,0,clean,medium
/media/D1/ait_users/staff122/deepfake_project/outputs_deepfake_project/dfdc_subset_77_jpg/test/real/real_001422.jpg,real,test,0,0.006312710698693991,0,clean,medium
/media/D1/ait_users/staff122/deepfake_project/outputs_deepfake_project/dfdc_subset_77_jpg/test/real/real_001423.jpg,real,test,0,0.009888138622045517,0,clean,medium
/media/D1/ait_users/staff122/deepfake_project/outputs_deepfake_project/dfdc_subset_77_jpg/test/real/real_001424.jpg,real,test,0,0.010564042255282402,0,clean,medium
/media/D1/ait_users/staff122/deepfake_project/outputs_deepfake_project/dfdc_subset_77_jpg/test/real/real_001425.jpg,real,test,0,0.015070519410073757,0,clean,medium
/media/D1/ait_users/staff122/deepfake_project/outputs_deepfake_project/dfdc_subset_77_jpg/test/real/real_001426.jpg,real,test,0,0.06770790368318558,0,clean,medium
/media/D1/ait_users/staff122/deepfake_project/outputs_deepfake_project/dfdc_subset_77_jpg/test/real/real_001427.jpg,real,test,0,0.03141345456242561,0,clean,medium
/media/D1/ait_users/staff122/deepfake_project/outputs_deepfake_project/dfdc_subset_77_jpg/test/real/real_001428.jpg,real,test,0,0.018958108499646187,0,clean,medium
/media/D1/ait_users/staff122/deepfake_project/outputs_deepfake_project/dfdc_subset_77_jpg/test/real/real_001429.jpg,real,test,0,0.17549081146717072,0,clean,medium
/media/D1/ait_users/staff122/deepfake_project/outputs_deepfake_project/dfdc_subset_77_jpg/test/real/real_001430.jpg,real,test,0,0.3357197642326355,0,clean,medium
/media/D1/ait_users/staff122/deepfake_project/outputs_deepfake_project/dfdc_subset_77_jpg/test/real/real_001431.jpg,real,test,0,0.06650668382644653,0,clean,medium
/media/D1/ait_users/staff122/deepfake_project/outputs_deepfake_project/dfdc_subset_77_jpg/test/real/real_001432.jpg,real,test,0,0.023127077147364616,0,clean,medium
/media/D1/ait_users/staff122/deepfake_project/outputs_deepfake_project/dfdc_subset_77_jpg/test/real/real_001433.jpg,real,test,0,0.30381616950035095,0,clean,medium
/media/D1/ait_users/staff122/deepfake_project/outputs_deepfake_project/dfdc_subset_77_jpg/test/real/real_001434.jpg,real,test,0,0.4723564088344574,0,clean,medium
/media/D1/ait_users/staff122/deepfake_project/outputs_deepfake_project/dfdc_subset_77_jpg/test/real/real_001435.jpg,real,test,0,0.1898244321346283,0,clean,medium
/media/D1/ait_users/staff122/deepfake_project/outputs_deepfake_project/dfdc_subset_77_jpg/test/real/real_001436.jpg,real,test,0,0.15082930028438568,0,clean,medium
/media/D1/ait_users/staff122/deepfake_project/outputs_deepfake_project/dfdc_subset_77_jpg/test/real/real_001437.jpg,real,test,0,0.11824994534254074,0,clean,medium
/media/D1/ait_users/staff122/deepfake_project/outputs_deepfake_project/dfdc_subset_77_jpg/test/real/real_001438.jpg,real,test,0,0.17976999282836914,0,clean,medium
/media/D1/ait_users/staff122/deepfake_project/outputs_deepfake_project/dfdc_subset_77_jpg/test/real/real_001439.jpg,real,test,0,0.09696481376886368,0,clean,medium
/media/D1/ait_users/staff122/deepfake_project/outputs_deepfake_project/dfdc_subset_77_jpg/test/real/real_001440.jpg,real,test,0,0.014348848722875118,0,clean,medium
/media/D1/ait_users/staff122/deepfake_project/outputs_deepfake_project/dfdc_subset_77_jpg/test/real/real_001441.jpg,real,test,0,0.08667293936014175,0,clean,medium
/media/D1/ait_users/staff122/deepfake_project/outputs_deepfake_project/dfdc_subset_77_jpg/test/real/real_001442.jpg,real,test,0,0.2772252857685089,0,clean,medium
/media/D1/ait_users/staff122/deepfake_project/outputs_deepfake_project/dfdc_subset_77_jpg/test/real/real_001443.jpg,real,test,0,0.4504404664039612,0,clean,medium
/media/D1/ait_users/staff122/deepfake_project/outputs_deepfake_project/dfdc_subset_77_jpg/test/real/real_001444.jpg,real,test,0,0.498664915561676,0,clean,medium
/media/D1/ait_users/staff122/deepfake_project/outputs_deepfake_project/dfdc_subset_77_jpg/test/real/real_001445.jpg,real,test,0,0.4444752335548401,0,clean,medium
/media/D1/ait_users/staff122/deepfake_project/outputs_deepfake_project/dfdc_subset_77_jpg/test/real/real_001446.jpg,real,test,0,0.4921068251132965,0,clean,medium
/media/D1/ait_users/staff122/deepfake_project/outputs_deepfake_project/dfdc_subset_77_jpg/test/real/real_001447.jpg,real,test,0,0.45170122385025024,0,clean,medium
/media/D1/ait_users/staff122/deepfake_project/outputs_deepfake_project/dfdc_subset_77_jpg/test/real/real_001448.jpg,real,test,0,0.4616968333721161,0,clean,medium
/media/D1/ait_users/staff122/deepfake_project/outputs_deepfake_project/dfdc_subset_77_jpg/test/real/real_001449.jpg,real,test,0,0.4509025812149048,0,clean,medium
/media/D1/ait_users/staff122/deepfake_project/outputs_deepfake_project/dfdc_subset_77_jpg/test/real/real_001450.jpg,real,test,0,0.45625296235084534,0,clean,medium
/media/D1/ait_users/staff122/deepfake_project/outputs_deepfake_project/dfdc_subset_77_jpg/test/real/real_001451.jpg,real,test,0,0.23500683903694153,0,clean,medium
/media/D1/ait_users/staff122/deepfake_project/outputs_deepfake_project/dfdc_subset_77_jpg/test/real/real_001452.jpg,real,test,0,0.10161647945642471,0,clean,medium
/media/D1/ait_users/staff122/deepfake_project/outputs_deepfake_project/dfdc_subset_77_jpg/test/real/real_001453.jpg,real,test,0,0.44985052943229675,0,clean,medium
/media/D1/ait_users/staff122/deepfake_project/outputs_deepfake_project/dfdc_subset_77_jpg/test/real/real_001454.jpg,real,test,0,0.2121245414018631,0,clean,medium
/media/D1/ait_users/staff122/deepfake_project/outputs_deepfake_project/dfdc_subset_77_jpg/test/real/real_001455.jpg,real,test,0,0.11281062662601471,0,clean,medium
/media/D1/ait_users/staff122/deepfake_project/outputs_deepfake_project/dfdc_subset_77_jpg/test/real/real_001456.jpg,real,test,0,0.025031747296452522,0,clean,medium
/media/D1/ait_users/staff122/deepfake_project/outputs_deepfake_project/dfdc_subset_77_jpg/test/real/real_001457.jpg,real,test,0,0.4419722557067871,0,clean,medium
/media/D1/ait_users/staff122/deepfake_project/outputs_deepfake_project/dfdc_subset_77_jpg/test/real/real_001458.jpg,real,test,0,0.4458825886249542,0,clean,medium
/media/D1/ait_users/staff122/deepfake_project/outputs_deepfake_project/dfdc_subset_77_jpg/test/real/real_001459.jpg,real,test,0,0.06143298000097275,0,clean,medium
/media/D1/ait_users/staff122/deepfake_project/outputs_deepfake_project/dfdc_subset_77_jpg/test/real/real_001460.jpg,real,test,0,0.022419316694140434,0,clean,medium
/media/D1/ait_users/staff122/deepfake_project/outputs_deepfake_project/dfdc_subset_77_jpg/test/real/real_001461.jpg,real,test,0,0.03759324550628662,0,clean,medium
/media/D1/ait_users/staff122/deepfake_project/outputs_deepfake_project/dfdc_subset_77_jpg/test/real/real_001462.jpg,real,test,0,0.0323282927274704,0,clean,medium
/media/D1/ait_users/staff122/deepfake_project/outputs_deepfake_project/dfdc_subset_77_jpg/test/real/real_001463.jpg,real,test,0,0.1209460124373436,0,clean,medium
/media/D1/ait_users/staff122/deepfake_project/outputs_deepfake_project/dfdc_subset_77_jpg/test/real/real_001464.jpg,real,test,0,0.375181645154953,0,clean,medium
/media/D1/ait_users/staff122/deepfake_project/outputs_deepfake_project/dfdc_subset_77_jpg/test/real/real_001465.jpg,real,test,0,0.03655756637454033,0,clean,medium
/media/D1/ait_users/staff122/deepfake_project/outputs_deepfake_project/dfdc_subset_77_jpg/test/real/real_001466.jpg,real,test,0,0.02642330527305603,0,clean,medium
/media/D1/ait_users/staff122/deepfake_project/outputs_deepfake_project/dfdc_subset_77_jpg/test/real/real_001467.jpg,real,test,0,0.3503250181674957,0,clean,medium
/media/D1/ait_users/staff122/deepfake_project/outputs_deepfake_project/dfdc_subset_77_jpg/test/real/real_001468.jpg,real,test,0,0.13283468782901764,0,clean,medium
/media/D1/ait_users/staff122/deepfake_project/outputs_deepfake_project/dfdc_subset_77_jpg/test/real/real_001469.jpg,real,test,0,0.03426531329751015,0,clean,medium
/media/D1/ait_users/staff122/deepfake_project/outputs_deepfake_project/dfdc_subset_77_jpg/test/real/real_001470.jpg,real,test,0,0.05120149627327919,0,clean,medium
/media/D1/ait_users/staff122/deepfake_project/outputs_deepfake_project/dfdc_subset_77_jpg/test/real/real_001471.jpg,real,test,0,0.006315471138805151,0,clean,medium
/media/D1/ait_users/staff122/deepfake_project/outputs_deepfake_project/dfdc_subset_77_jpg/test/real/real_001472.jpg,real,test,0,0.10337331891059875,0,clean,medium
/media/D1/ait_users/staff122/deepfake_project/outputs_deepfake_project/dfdc_subset_77_jpg/test/real/real_001473.jpg,real,test,0,0.7196910381317139,1,clean,medium
/media/D1/ait_users/staff122/deepfake_project/outputs_deepfake_project/dfdc_subset_77_jpg/test/real/real_001474.jpg,real,test,0,0.08498827368021011,0,clean,medium
/media/D1/ait_users/staff122/deepfake_project/outputs_deepfake_project/dfdc_subset_77_jpg/test/real/real_001475.jpg,real,test,0,0.5742458701133728,1,clean,medium
/media/D1/ait_users/staff122/deepfake_project/outputs_deepfake_project/dfdc_subset_77_jpg/test/real/real_001476.jpg,real,test,0,0.6203542947769165,1,clean,medium
/media/D1/ait_users/staff122/deepfake_project/outputs_deepfake_project/dfdc_subset_77_jpg/test/real/real_001477.jpg,real,test,0,0.17788566648960114,0,clean,medium
/media/D1/ait_users/staff122/deepfake_project/outputs_deepfake_project/dfdc_subset_77_jpg/test/real/real_001478.jpg,real,test,0,0.6659265160560608,1,clean,medium
/media/D1/ait_users/staff122/deepfake_project/outputs_deepfake_project/dfdc_subset_77_jpg/test/real/real_001479.jpg,real,test,0,0.7668046355247498,1,clean,medium
/media/D1/ait_users/staff122/deepfake_project/outputs_deepfake_project/dfdc_subset_77_jpg/test/real/real_001480.jpg,real,test,0,0.6759104132652283,1,clean,medium
/media/D1/ait_users/staff122/deepfake_project/outputs_deepfake_project/dfdc_subset_77_jpg/test/real/real_001481.jpg,real,test,0,0.6617015600204468,1,clean,medium
/media/D1/ait_users/staff122/deepfake_project/outputs_deepfake_project/dfdc_subset_77_jpg/test/real/real_001482.jpg,real,test,0,0.2819894552230835,0,clean,medium
/media/D1/ait_users/staff122/deepfake_project/outputs_deepfake_project/dfdc_subset_77_jpg/test/real/real_001483.jpg,real,test,0,0.39805617928504944,0,clean,medium
/media/D1/ait_users/staff122/deepfake_project/outputs_deepfake_project/dfdc_subset_77_jpg/test/real/real_001484.jpg,real,test,0,0.5042495131492615,1,clean,medium
/media/D1/ait_users/staff122/deepfake_project/outputs_deepfake_project/dfdc_subset_77_jpg/test/real/real_001485.jpg,real,test,0,0.830310046672821,1,clean,medium
/media/D1/ait_users/staff122/deepfake_project/outputs_deepfake_project/dfdc_subset_77_jpg/test/real/real_001486.jpg,real,test,0,0.766640841960907,1,clean,medium
/media/D1/ait_users/staff122/deepfake_project/outputs_deepfake_project/dfdc_subset_77_jpg/test/real/real_001487.jpg,real,test,0,0.7792577743530273,1,clean,medium
/media/D1/ait_users/staff122/deepfake_project/outputs_deepfake_project/dfdc_subset_77_jpg/test/real/real_001488.jpg,real,test,0,0.7472789287567139,1,clean,medium
/media/D1/ait_users/staff122/deepfake_project/outputs_deepfake_project/dfdc_subset_77_jpg/test/real/real_001489.jpg,real,test,0,0.9146156907081604,1,clean,medium
/media/D1/ait_users/staff122/deepfake_project/outputs_deepfake_project/dfdc_subset_77_jpg/test/real/real_001490.jpg,real,test,0,0.39686551690101624,0,clean,medium
/media/D1/ait_users/staff122/deepfake_project/outputs_deepfake_project/dfdc_subset_77_jpg/test/real/real_001491.jpg,real,test,0,0.9505626559257507,1,clean,medium
/media/D1/ait_users/staff122/deepfake_project/outputs_deepfake_project/dfdc_subset_77_jpg/test/real/real_001492.jpg,real,test,0,0.6233888268470764,1,clean,medium
/media/D1/ait_users/staff122/deepfake_project/outputs_deepfake_project/dfdc_subset_77_jpg/test/real/real_001493.jpg,real,test,0,0.2875310182571411,0,clean,medium
/media/D1/ait_users/staff122/deepfake_project/outputs_deepfake_project/dfdc_subset_77_jpg/test/real/real_001494.jpg,real,test,0,0.11730531603097916,0,clean,medium
/media/D1/ait_users/staff122/deepfake_project/outputs_deepfake_project/dfdc_subset_77_jpg/test/real/real_001495.jpg,real,test,0,0.39105772972106934,0,clean,medium
/media/D1/ait_users/staff122/deepfake_project/outputs_deepfake_project/dfdc_subset_77_jpg/test/real/real_001496.jpg,real,test,0,0.9894453883171082,1,clean,medium
/media/D1/ait_users/staff122/deepfake_project/outputs_deepfake_project/dfdc_subset_77_jpg/test/real/real_001497.jpg,real,test,0,0.8156632781028748,1,clean,medium
/media/D1/ait_users/staff122/deepfake_project/outputs_deepfake_project/dfdc_subset_77_jpg/test/real/real_001498.jpg,real,test,0,0.2904171645641327,0,clean,medium
/media/D1/ait_users/staff122/deepfake_project/outputs_deepfake_project/dfdc_subset_77_jpg/test/real/real_001499.jpg,real,test,0,0.5782683491706848,1,clean,medium
/media/D1/ait_users/staff122/deepfake_project/outputs_deepfake_project/dfdc_subset_77_jpg/test/real/real_001500.jpg,real,test,0,0.28339582681655884,0,clean,medium
/media/D1/ait_users/staff122/deepfake_project/outputs_deepfake_project/dfdc_subset_77_jpg/test/real/real_001501.jpg,real,test,0,0.2144879847764969,0,clean,medium
/media/D1/ait_users/staff122/deepfake_project/outputs_deepfake_project/dfdc_subset_77_jpg/test/real/real_001502.jpg,real,test,0,0.04914088174700737,0,clean,medium
/media/D1/ait_users/staff122/deepfake_project/outputs_deepfake_project/dfdc_subset_77_jpg/test/real/real_001503.jpg,real,test,0,0.6232495903968811,1,clean,medium
/media/D1/ait_users/staff122/deepfake_project/outputs_deepfake_project/dfdc_subset_77_jpg/test/real/real_001504.jpg,real,test,0,0.012172314338386059,0,clean,medium
/media/D1/ait_users/staff122/deepfake_project/outputs_deepfake_project/dfdc_subset_77_jpg/test/real/real_001505.jpg,real,test,0,0.0711682140827179,0,clean,medium
/media/D1/ait_users/staff122/deepfake_project/outputs_deepfake_project/dfdc_subset_77_jpg/test/real/real_001506.jpg,real,test,0,0.025721635669469833,0,clean,medium
/media/D1/ait_users/staff122/deepfake_project/outputs_deepfake_project/dfdc_subset_77_jpg/test/real/real_001507.jpg,real,test,0,0.03386479243636131,0,clean,medium
/media/D1/ait_users/staff122/deepfake_project/outputs_deepfake_project/dfdc_subset_77_jpg/test/real/real_001508.jpg,real,test,0,0.2965269982814789,0,clean,medium
/media/D1/ait_users/staff122/deepfake_project/outputs_deepfake_project/dfdc_subset_77_jpg/test/real/real_001509.jpg,real,test,0,0.06027109920978546,0,clean,medium
/media/D1/ait_users/staff122/deepfake_project/outputs_deepfake_project/dfdc_subset_77_jpg/test/real/real_001510.jpg,real,test,0,0.11668863892555237,0,clean,medium
/media/D1/ait_users/staff122/deepfake_project/outputs_deepfake_project/dfdc_subset_77_jpg/test/real/real_001511.jpg,real,test,0,0.2736867368221283,0,clean,medium
/media/D1/ait_users/staff122/deepfake_project/outputs_deepfake_project/dfdc_subset_77_jpg/test/real/real_001512.jpg,real,test,0,0.6543599963188171,1,clean,medium
/media/D1/ait_users/staff122/deepfake_project/outputs_deepfake_project/dfdc_subset_77_jpg/test/real/real_001513.jpg,real,test,0,0.13400518894195557,0,clean,medium
/media/D1/ait_users/staff122/deepfake_project/outputs_deepfake_project/dfdc_subset_77_jpg/test/real/real_001514.jpg,real,test,0,0.07691251486539841,0,clean,medium
/media/D1/ait_users/staff122/deepfake_project/outputs_deepfake_project/dfdc_subset_77_jpg/test/real/real_001515.jpg,real,test,0,0.040332406759262085,0,clean,medium
/media/D1/ait_users/staff122/deepfake_project/outputs_deepfake_project/dfdc_subset_77_jpg/test/real/real_001516.jpg,real,test,0,0.520574688911438,1,clean,medium
/media/D1/ait_users/staff122/deepfake_project/outputs_deepfake_project/dfdc_subset_77_jpg/test/real/real_001517.jpg,real,test,0,0.170795738697052,0,clean,medium
/media/D1/ait_users/staff122/deepfake_project/outputs_deepfake_project/dfdc_subset_77_jpg/test/real/real_001518.jpg,real,test,0,0.08921230584383011,0,clean,medium
/media/D1/ait_users/staff122/deepfake_project/outputs_deepfake_project/dfdc_subset_77_jpg/test/real/real_001519.jpg,real,test,0,0.11008115112781525,0,clean,medium
/media/D1/ait_users/staff122/deepfake_project/outputs_deepfake_project/dfdc_subset_77_jpg/test/real/real_001520.jpg,real,test,0,0.28862497210502625,0,clean,medium
/media/D1/ait_users/staff122/deepfake_project/outputs_deepfake_project/dfdc_subset_77_jpg/test/real/real_001521.jpg,real,test,0,0.06442565470933914,0,clean,medium
/media/D1/ait_users/staff122/deepfake_project/outputs_deepfake_project/dfdc_subset_77_jpg/test/real/real_001522.jpg,real,test,0,0.08138451725244522,0,clean,medium
/media/D1/ait_users/staff122/deepfake_project/outputs_deepfake_project/dfdc_subset_77_jpg/test/real/real_001523.jpg,real,test,0,0.0705840215086937,0,clean,medium
/media/D1/ait_users/staff122/deepfake_project/outputs_deepfake_project/dfdc_subset_77_jpg/test/real/real_001524.jpg,real,test,0,0.043931588530540466,0,clean,medium
/media/D1/ait_users/staff122/deepfake_project/outputs_deepfake_project/dfdc_subset_77_jpg/test/real/real_001525.jpg,real,test,0,0.04446229711174965,0,clean,medium
/media/D1/ait_users/staff122/deepfake_project/outputs_deepfake_project/dfdc_subset_77_jpg/test/real/real_001526.jpg,real,test,0,0.10827308893203735,0,clean,medium
/media/D1/ait_users/staff122/deepfake_project/outputs_deepfake_project/dfdc_subset_77_jpg/test/real/real_001527.jpg,real,test,0,0.7696372866630554,1,clean,medium
/media/D1/ait_users/staff122/deepfake_project/outputs_deepfake_project/dfdc_subset_77_jpg/test/real/real_001528.jpg,real,test,0,0.24078986048698425,0,clean,medium
/media/D1/ait_users/staff122/deepfake_project/outputs_deepfake_project/dfdc_subset_77_jpg/test/real/real_001529.jpg,real,test,0,0.07488758862018585,0,clean,medium
/media/D1/ait_users/staff122/deepfake_project/outputs_deepfake_project/dfdc_subset_77_jpg/test/real/real_001530.jpg,real,test,0,0.034360259771347046,0,clean,medium
/media/D1/ait_users/staff122/deepfake_project/outputs_deepfake_project/dfdc_subset_77_jpg/test/real/real_001531.jpg,real,test,0,0.08384869247674942,0,clean,medium
/media/D1/ait_users/staff122/deepfake_project/outputs_deepfake_project/dfdc_subset_77_jpg/test/real/real_001532.jpg,real,test,0,0.08843088895082474,0,clean,medium
/media/D1/ait_users/staff122/deepfake_project/outputs_deepfake_project/dfdc_subset_77_jpg/test/real/real_001533.jpg,real,test,0,0.5176948308944702,1,clean,medium
/media/D1/ait_users/staff122/deepfake_project/outputs_deepfake_project/dfdc_subset_77_jpg/test/real/real_001534.jpg,real,test,0,0.21482320129871368,0,clean,medium
/media/D1/ait_users/staff122/deepfake_project/outputs_deepfake_project/dfdc_subset_77_jpg/test/real/real_001535.jpg,real,test,0,0.06015961617231369,0,clean,medium
/media/D1/ait_users/staff122/deepfake_project/outputs_deepfake_project/dfdc_subset_77_jpg/test/real/real_001536.jpg,real,test,0,0.16156436502933502,0,clean,medium
/media/D1/ait_users/staff122/deepfake_project/outputs_deepfake_project/dfdc_subset_77_jpg/test/real/real_001537.jpg,real,test,0,0.37247851490974426,0,clean,medium
/media/D1/ait_users/staff122/deepfake_project/outputs_deepfake_project/dfdc_subset_77_jpg/test/real/real_001538.jpg,real,test,0,0.3925113081932068,0,clean,medium
/media/D1/ait_users/staff122/deepfake_project/outputs_deepfake_project/dfdc_subset_77_jpg/test/real/real_001539.jpg,real,test,0,0.23621250689029694,0,clean,medium
/media/D1/ait_users/staff122/deepfake_project/outputs_deepfake_project/dfdc_subset_77_jpg/test/real/real_001540.jpg,real,test,0,0.3689824342727661,0,clean,medium
/media/D1/ait_users/staff122/deepfake_project/outputs_deepfake_project/dfdc_subset_77_jpg/test/real/real_001541.jpg,real,test,0,0.1677389144897461,0,clean,medium
/media/D1/ait_users/staff122/deepfake_project/outputs_deepfake_project/dfdc_subset_77_jpg/test/real/real_001542.jpg,real,test,0,0.45531031489372253,0,clean,medium
/media/D1/ait_users/staff122/deepfake_project/outputs_deepfake_project/dfdc_subset_77_jpg/test/real/real_001543.jpg,real,test,0,0.5327144265174866,1,clean,medium
/media/D1/ait_users/staff122/deepfake_project/outputs_deepfake_project/dfdc_subset_77_jpg/test/real/real_001544.jpg,real,test,0,0.5580384731292725,1,clean,medium
/media/D1/ait_users/staff122/deepfake_project/outputs_deepfake_project/dfdc_subset_77_jpg/test/real/real_001545.jpg,real,test,0,0.45021146535873413,0,clean,medium
/media/D1/ait_users/staff122/deepfake_project/outputs_deepfake_project/dfdc_subset_77_jpg/test/real/real_001546.jpg,real,test,0,0.5706287622451782,1,clean,medium
/media/D1/ait_users/staff122/deepfake_project/outputs_deepfake_project/dfdc_subset_77_jpg/test/real/real_001547.jpg,real,test,0,0.300130695104599,0,clean,medium
/media/D1/ait_users/staff122/deepfake_project/outputs_deepfake_project/dfdc_subset_77_jpg/test/real/real_001548.jpg,real,test,0,0.33160704374313354,0,clean,medium
/media/D1/ait_users/staff122/deepfake_project/outputs_deepfake_project/dfdc_subset_77_jpg/test/real/real_001549.jpg,real,test,0,0.40666934847831726,0,clean,medium
/media/D1/ait_users/staff122/deepfake_project/outputs_deepfake_project/dfdc_subset_77_jpg/test/real/real_001550.jpg,real,test,0,0.37720397114753723,0,clean,medium
/media/D1/ait_users/staff122/deepfake_project/outputs_deepfake_project/dfdc_subset_77_jpg/test/real/real_001551.jpg,real,test,0,0.39300304651260376,0,clean,medium
/media/D1/ait_users/staff122/deepfake_project/outputs_deepfake_project/dfdc_subset_77_jpg/test/real/real_001552.jpg,real,test,0,0.46091312170028687,0,clean,medium
/media/D1/ait_users/staff122/deepfake_project/outputs_deepfake_project/dfdc_subset_77_jpg/test/real/real_001553.jpg,real,test,0,0.6496737599372864,1,clean,medium
/media/D1/ait_users/staff122/deepfake_project/outputs_deepfake_project/dfdc_subset_77_jpg/test/real/real_001554.jpg,real,test,0,0.8445854187011719,1,clean,medium
/media/D1/ait_users/staff122/deepfake_project/outputs_deepfake_project/dfdc_subset_77_jpg/test/real/real_001555.jpg,real,test,0,0.451888769865036,0,clean,medium
/media/D1/ait_users/staff122/deepfake_project/outputs_deepfake_project/dfdc_subset_77_jpg/test/real/real_001556.jpg,real,test,0,0.16621102392673492,0,clean,medium
/media/D1/ait_users/staff122/deepfake_project/outputs_deepfake_project/dfdc_subset_77_jpg/test/real/real_001557.jpg,real,test,0,0.26077258586883545,0,clean,medium
/media/D1/ait_users/staff122/deepfake_project/outputs_deepfake_project/dfdc_subset_77_jpg/test/real/real_001558.jpg,real,test,0,0.2567733824253082,0,clean,medium
/media/D1/ait_users/staff122/deepfake_project/outputs_deepfake_project/dfdc_subset_77_jpg/test/real/real_001559.jpg,real,test,0,0.3480753004550934,0,clean,medium
/media/D1/ait_users/staff122/deepfake_project/outputs_deepfake_project/dfdc_subset_77_jpg/test/real/real_001560.jpg,real,test,0,0.17326617240905762,0,clean,medium
/media/D1/ait_users/staff122/deepfake_project/outputs_deepfake_project/dfdc_subset_77_jpg/test/real/real_001561.jpg,real,test,0,0.10279256850481033,0,clean,medium
/media/D1/ait_users/staff122/deepfake_project/outputs_deepfake_project/dfdc_subset_77_jpg/test/real/real_001562.jpg,real,test,0,0.14170856773853302,0,clean,medium
/media/D1/ait_users/staff122/deepfake_project/outputs_deepfake_project/dfdc_subset_77_jpg/test/real/real_001563.jpg,real,test,0,0.09840282052755356,0,clean,medium
/media/D1/ait_users/staff122/deepfake_project/outputs_deepfake_project/dfdc_subset_77_jpg/test/real/real_001564.jpg,real,test,0,0.11266004294157028,0,clean,medium
/media/D1/ait_users/staff122/deepfake_project/outputs_deepfake_project/dfdc_subset_77_jpg/test/real/real_001565.jpg,real,test,0,0.2563941776752472,0,clean,medium
/media/D1/ait_users/staff122/deepfake_project/outputs_deepfake_project/dfdc_subset_77_jpg/test/real/real_001566.jpg,real,test,0,0.20673158764839172,0,clean,medium
/media/D1/ait_users/staff122/deepfake_project/outputs_deepfake_project/dfdc_subset_77_jpg/test/real/real_001567.jpg,real,test,0,0.29629483819007874,0,clean,medium
/media/D1/ait_users/staff122/deepfake_project/outputs_deepfake_project/dfdc_subset_77_jpg/test/real/real_001568.jpg,real,test,0,0.3477577567100525,0,clean,medium
/media/D1/ait_users/staff122/deepfake_project/outputs_deepfake_project/dfdc_subset_77_jpg/test/real/real_001569.jpg,real,test,0,0.21823471784591675,0,clean,medium
/media/D1/ait_users/staff122/deepfake_project/outputs_deepfake_project/dfdc_subset_77_jpg/test/real/real_001570.jpg,real,test,0,0.04353751242160797,0,clean,medium
/media/D1/ait_users/staff122/deepfake_project/outputs_deepfake_project/dfdc_subset_77_jpg/test/real/real_001571.jpg,real,test,0,0.05060224607586861,0,clean,medium
/media/D1/ait_users/staff122/deepfake_project/outputs_deepfake_project/dfdc_subset_77_jpg/test/real/real_001572.jpg,real,test,0,0.4120553135871887,0,clean,medium
/media/D1/ait_users/staff122/deepfake_project/outputs_deepfake_project/dfdc_subset_77_jpg/test/real/real_001573.jpg,real,test,0,0.03718699514865875,0,clean,medium
/media/D1/ait_users/staff122/deepfake_project/outputs_deepfake_project/dfdc_subset_77_jpg/test/real/real_001574.jpg,real,test,0,0.06517486274242401,0,clean,medium
/media/D1/ait_users/staff122/deepfake_project/outputs_deepfake_project/dfdc_subset_77_jpg/test/real/real_001575.jpg,real,test,0,0.0633983165025711,0,clean,medium
/media/D1/ait_users/staff122/deepfake_project/outputs_deepfake_project/dfdc_subset_77_jpg/test/real/real_001576.jpg,real,test,0,0.2659841477870941,0,clean,medium
/media/D1/ait_users/staff122/deepfake_project/outputs_deepfake_project/dfdc_subset_77_jpg/test/real/real_001577.jpg,real,test,0,0.25134047865867615,0,clean,medium
/media/D1/ait_users/staff122/deepfake_project/outputs_deepfake_project/dfdc_subset_77_jpg/test/real/real_001578.jpg,real,test,0,0.10385056585073471,0,clean,medium
/media/D1/ait_users/staff122/deepfake_project/outputs_deepfake_project/dfdc_subset_77_jpg/test/real/real_001579.jpg,real,test,0,0.05174052342772484,0,clean,medium
/media/D1/ait_users/staff122/deepfake_project/outputs_deepfake_project/dfdc_subset_77_jpg/test/real/real_001580.jpg,real,test,0,0.11743330955505371,0,clean,medium
/media/D1/ait_users/staff122/deepfake_project/outputs_deepfake_project/dfdc_subset_77_jpg/test/real/real_001581.jpg,real,test,0,0.08537326753139496,0,clean,medium
/media/D1/ait_users/staff122/deepfake_project/outputs_deepfake_project/dfdc_subset_77_jpg/test/real/real_001582.jpg,real,test,0,0.12894000113010406,0,clean,medium
/media/D1/ait_users/staff122/deepfake_project/outputs_deepfake_project/dfdc_subset_77_jpg/test/real/real_001583.jpg,real,test,0,0.04849231615662575,0,clean,medium
/media/D1/ait_users/staff122/deepfake_project/outputs_deepfake_project/dfdc_subset_77_jpg/test/real/real_001584.jpg,real,test,0,0.4287073612213135,0,clean,medium
/media/D1/ait_users/staff122/deepfake_project/outputs_deepfake_project/dfdc_subset_77_jpg/test/real/real_001585.jpg,real,test,0,0.2566926181316376,0,clean,medium
/media/D1/ait_users/staff122/deepfake_project/outputs_deepfake_project/dfdc_subset_77_jpg/test/real/real_001586.jpg,real,test,0,0.02472231537103653,0,clean,medium
/media/D1/ait_users/staff122/deepfake_project/outputs_deepfake_project/dfdc_subset_77_jpg/test/real/real_001587.jpg,real,test,0,0.89033442735672,1,clean,medium
/media/D1/ait_users/staff122/deepfake_project/outputs_deepfake_project/dfdc_subset_77_jpg/test/real/real_001588.jpg,real,test,0,0.0948539450764656,0,clean,medium
/media/D1/ait_users/staff122/deepfake_project/outputs_deepfake_project/dfdc_subset_77_jpg/test/real/real_001589.jpg,real,test,0,0.12294160574674606,0,clean,medium
/media/D1/ait_users/staff122/deepfake_project/outputs_deepfake_project/dfdc_subset_77_jpg/test/real/real_001590.jpg,real,test,0,0.02089252695441246,0,clean,medium
/media/D1/ait_users/staff122/deepfake_project/outputs_deepfake_project/dfdc_subset_77_jpg/test/real/real_001591.jpg,real,test,0,0.016087055206298828,0,clean,medium
/media/D1/ait_users/staff122/deepfake_project/outputs_deepfake_project/dfdc_subset_77_jpg/test/real/real_001592.jpg,real,test,0,0.3177146315574646,0,clean,medium
/media/D1/ait_users/staff122/deepfake_project/outputs_deepfake_project/dfdc_subset_77_jpg/test/real/real_001593.jpg,real,test,0,0.20132191479206085,0,clean,medium
/media/D1/ait_users/staff122/deepfake_project/outputs_deepfake_project/dfdc_subset_77_jpg/test/real/real_001594.jpg,real,test,0,0.15302078425884247,0,clean,medium
/media/D1/ait_users/staff122/deepfake_project/outputs_deepfake_project/dfdc_subset_77_jpg/test/real/real_001595.jpg,real,test,0,0.16866517066955566,0,clean,medium
/media/D1/ait_users/staff122/deepfake_project/outputs_deepfake_project/dfdc_subset_77_jpg/test/real/real_001596.jpg,real,test,0,0.4361693263053894,0,clean,medium
/media/D1/ait_users/staff122/deepfake_project/outputs_deepfake_project/dfdc_subset_77_jpg/test/real/real_001597.jpg,real,test,0,0.2932775914669037,0,clean,medium
/media/D1/ait_users/staff122/deepfake_project/outputs_deepfake_project/dfdc_subset_77_jpg/test/real/real_001598.jpg,real,test,0,0.5186553001403809,1,clean,medium
/media/D1/ait_users/staff122/deepfake_project/outputs_deepfake_project/dfdc_subset_77_jpg/test/real/real_001599.jpg,real,test,0,0.8719382882118225,1,clean,medium
/media/D1/ait_users/staff122/deepfake_project/outputs_deepfake_project/dfdc_subset_77_jpg/test/real/real_001600.jpg,real,test,0,0.4214632213115692,0,clean,medium
/media/D1/ait_users/staff122/deepfake_project/outputs_deepfake_project/dfdc_subset_77_jpg/test/real/real_001601.jpg,real,test,0,0.4413594901561737,0,clean,medium
/media/D1/ait_users/staff122/deepfake_project/outputs_deepfake_project/dfdc_subset_77_jpg/test/real/real_001602.jpg,real,test,0,0.18226481974124908,0,clean,medium
/media/D1/ait_users/staff122/deepfake_project/outputs_deepfake_project/dfdc_subset_77_jpg/test/real/real_001603.jpg,real,test,0,0.04958178848028183,0,clean,medium
/media/D1/ait_users/staff122/deepfake_project/outputs_deepfake_project/dfdc_subset_77_jpg/test/real/real_001604.jpg,real,test,0,0.4407725930213928,0,clean,medium
/media/D1/ait_users/staff122/deepfake_project/outputs_deepfake_project/dfdc_subset_77_jpg/test/real/real_001605.jpg,real,test,0,0.05194920673966408,0,clean,medium
/media/D1/ait_users/staff122/deepfake_project/outputs_deepfake_project/dfdc_subset_77_jpg/test/real/real_001606.jpg,real,test,0,0.2296954095363617,0,clean,medium
/media/D1/ait_users/staff122/deepfake_project/outputs_deepfake_project/dfdc_subset_77_jpg/test/real/real_001607.jpg,real,test,0,0.43714749813079834,0,clean,medium
/media/D1/ait_users/staff122/deepfake_project/outputs_deepfake_project/dfdc_subset_77_jpg/test/real/real_001608.jpg,real,test,0,0.3258424401283264,0,clean,medium
/media/D1/ait_users/staff122/deepfake_project/outputs_deepfake_project/dfdc_subset_77_jpg/test/real/real_001609.jpg,real,test,0,0.17555777728557587,0,clean,medium
/media/D1/ait_users/staff122/deepfake_project/outputs_deepfake_project/dfdc_subset_77_jpg/test/real/real_001610.jpg,real,test,0,0.05257745459675789,0,clean,medium
/media/D1/ait_users/staff122/deepfake_project/outputs_deepfake_project/dfdc_subset_77_jpg/test/real/real_001611.jpg,real,test,0,0.5542963743209839,1,clean,medium
/media/D1/ait_users/staff122/deepfake_project/outputs_deepfake_project/dfdc_subset_77_jpg/test/real/real_001612.jpg,real,test,0,0.47465983033180237,0,clean,medium
/media/D1/ait_users/staff122/deepfake_project/outputs_deepfake_project/dfdc_subset_77_jpg/test/real/real_001613.jpg,real,test,0,0.7514268159866333,1,clean,medium
/media/D1/ait_users/staff122/deepfake_project/outputs_deepfake_project/dfdc_subset_77_jpg/test/real/real_001614.jpg,real,test,0,0.44003796577453613,0,clean,medium
/media/D1/ait_users/staff122/deepfake_project/outputs_deepfake_project/dfdc_subset_77_jpg/test/real/real_001615.jpg,real,test,0,0.49497902393341064,0,clean,medium
/media/D1/ait_users/staff122/deepfake_project/outputs_deepfake_project/dfdc_subset_77_jpg/test/real/real_001616.jpg,real,test,0,0.3655909299850464,0,clean,medium
/media/D1/ait_users/staff122/deepfake_project/outputs_deepfake_project/dfdc_subset_77_jpg/test/real/real_001617.jpg,real,test,0,0.4345995783805847,0,clean,medium
/media/D1/ait_users/staff122/deepfake_project/outputs_deepfake_project/dfdc_subset_77_jpg/test/real/real_001618.jpg,real,test,0,0.34437376260757446,0,clean,medium
/media/D1/ait_users/staff122/deepfake_project/outputs_deepfake_project/dfdc_subset_77_jpg/test/real/real_001619.jpg,real,test,0,0.5460925102233887,1,clean,medium
/media/D1/ait_users/staff122/deepfake_project/outputs_deepfake_project/dfdc_subset_77_jpg/test/real/real_001620.jpg,real,test,0,0.11078718304634094,0,clean,medium
/media/D1/ait_users/staff122/deepfake_project/outputs_deepfake_project/dfdc_subset_77_jpg/test/real/real_001621.jpg,real,test,0,0.34662213921546936,0,clean,medium
/media/D1/ait_users/staff122/deepfake_project/outputs_deepfake_project/dfdc_subset_77_jpg/test/real/real_001622.jpg,real,test,0,0.4419630169868469,0,clean,medium
/media/D1/ait_users/staff122/deepfake_project/outputs_deepfake_project/dfdc_subset_77_jpg/test/real/real_001623.jpg,real,test,0,0.4505143165588379,0,clean,medium
/media/D1/ait_users/staff122/deepfake_project/outputs_deepfake_project/dfdc_subset_77_jpg/test/real/real_001624.jpg,real,test,0,0.4354963004589081,0,clean,medium
/media/D1/ait_users/staff122/deepfake_project/outputs_deepfake_project/dfdc_subset_77_jpg/test/real/real_001625.jpg,real,test,0,0.6458497643470764,1,clean,medium
/media/D1/ait_users/staff122/deepfake_project/outputs_deepfake_project/dfdc_subset_77_jpg/test/real/real_001626.jpg,real,test,0,0.44706910848617554,0,clean,medium
/media/D1/ait_users/staff122/deepfake_project/outputs_deepfake_project/dfdc_subset_77_jpg/test/real/real_001627.jpg,real,test,0,0.41427770256996155,0,clean,medium
/media/D1/ait_users/staff122/deepfake_project/outputs_deepfake_project/dfdc_subset_77_jpg/test/real/real_001628.jpg,real,test,0,0.45059919357299805,0,clean,medium
/media/D1/ait_users/staff122/deepfake_project/outputs_deepfake_project/dfdc_subset_77_jpg/test/real/real_001629.jpg,real,test,0,0.4412839412689209,0,clean,medium
/media/D1/ait_users/staff122/deepfake_project/outputs_deepfake_project/dfdc_subset_77_jpg/test/real/real_001630.jpg,real,test,0,0.34996142983436584,0,clean,medium
/media/D1/ait_users/staff122/deepfake_project/outputs_deepfake_project/dfdc_subset_77_jpg/test/real/real_001631.jpg,real,test,0,0.4994313418865204,0,clean,medium
/media/D1/ait_users/staff122/deepfake_project/outputs_deepfake_project/dfdc_subset_77_jpg/test/real/real_001632.jpg,real,test,0,0.2821733057498932,0,clean,medium
/media/D1/ait_users/staff122/deepfake_project/outputs_deepfake_project/dfdc_subset_77_jpg/test/real/real_001633.jpg,real,test,0,0.2727128565311432,0,clean,medium
/media/D1/ait_users/staff122/deepfake_project/outputs_deepfake_project/dfdc_subset_77_jpg/test/real/real_001634.jpg,real,test,0,0.26120081543922424,0,clean,medium
/media/D1/ait_users/staff122/deepfake_project/outputs_deepfake_project/dfdc_subset_77_jpg/test/real/real_001635.jpg,real,test,0,0.4244402348995209,0,clean,medium
/media/D1/ait_users/staff122/deepfake_project/outputs_deepfake_project/dfdc_subset_77_jpg/test/real/real_001636.jpg,real,test,0,0.4537237584590912,0,clean,medium
/media/D1/ait_users/staff122/deepfake_project/outputs_deepfake_project/dfdc_subset_77_jpg/test/real/real_001637.jpg,real,test,0,0.41575998067855835,0,clean,medium
/media/D1/ait_users/staff122/deepfake_project/outputs_deepfake_project/dfdc_subset_77_jpg/test/real/real_001638.jpg,real,test,0,0.3545651137828827,0,clean,medium
/media/D1/ait_users/staff122/deepfake_project/outputs_deepfake_project/dfdc_subset_77_jpg/test/real/real_001639.jpg,real,test,0,0.4866087734699249,0,clean,medium
/media/D1/ait_users/staff122/deepfake_project/outputs_deepfake_project/dfdc_subset_77_jpg/test/real/real_001640.jpg,real,test,0,0.33437079191207886,0,clean,medium
/media/D1/ait_users/staff122/deepfake_project/outputs_deepfake_project/dfdc_subset_77_jpg/test/real/real_001641.jpg,real,test,0,0.599340558052063,1,clean,medium
/media/D1/ait_users/staff122/deepfake_project/outputs_deepfake_project/dfdc_subset_77_jpg/test/real/real_001642.jpg,real,test,0,0.46360039710998535,0,clean,medium
/media/D1/ait_users/staff122/deepfake_project/outputs_deepfake_project/dfdc_subset_77_jpg/test/real/real_001643.jpg,real,test,0,0.7867242097854614,1,clean,medium
/media/D1/ait_users/staff122/deepfake_project/outputs_deepfake_project/dfdc_subset_77_jpg/test/real/real_001644.jpg,real,test,0,0.5675850510597229,1,clean,medium
/media/D1/ait_users/staff122/deepfake_project/outputs_deepfake_project/dfdc_subset_77_jpg/test/real/real_001645.jpg,real,test,0,0.20103251934051514,0,clean,medium
/media/D1/ait_users/staff122/deepfake_project/outputs_deepfake_project/dfdc_subset_77_jpg/test/real/real_001646.jpg,real,test,0,0.2575947940349579,0,clean,medium
/media/D1/ait_users/staff122/deepfake_project/outputs_deepfake_project/dfdc_subset_77_jpg/test/real/real_001647.jpg,real,test,0,0.4334639608860016,0,clean,medium
/media/D1/ait_users/staff122/deepfake_project/outputs_deepfake_project/dfdc_subset_77_jpg/test/real/real_001648.jpg,real,test,0,0.44248542189598083,0,clean,medium
/media/D1/ait_users/staff122/deepfake_project/outputs_deepfake_project/dfdc_subset_77_jpg/test/real/real_001649.jpg,real,test,0,0.5497449040412903,1,clean,medium
/media/D1/ait_users/staff122/deepfake_project/outputs_deepfake_project/dfdc_subset_77_jpg/test/real/real_001650.jpg,real,test,0,0.5209468007087708,1,clean,medium
/media/D1/ait_users/staff122/deepfake_project/outputs_deepfake_project/dfdc_subset_77_jpg/test/real/real_001651.jpg,real,test,0,0.4477442800998688,0,clean,medium
/media/D1/ait_users/staff122/deepfake_project/outputs_deepfake_project/dfdc_subset_77_jpg/test/real/real_001652.jpg,real,test,0,0.4153369665145874,0,clean,medium
/media/D1/ait_users/staff122/deepfake_project/outputs_deepfake_project/dfdc_subset_77_jpg/test/real/real_001653.jpg,real,test,0,0.3960428535938263,0,clean,medium
/media/D1/ait_users/staff122/deepfake_project/outputs_deepfake_project/dfdc_subset_77_jpg/test/real/real_001654.jpg,real,test,0,0.43064644932746887,0,clean,medium
/media/D1/ait_users/staff122/deepfake_project/outputs_deepfake_project/dfdc_subset_77_jpg/test/real/real_001655.jpg,real,test,0,0.1387115865945816,0,clean,medium
/media/D1/ait_users/staff122/deepfake_project/outputs_deepfake_project/dfdc_subset_77_jpg/test/real/real_001656.jpg,real,test,0,0.16837960481643677,0,clean,medium
/media/D1/ait_users/staff122/deepfake_project/outputs_deepfake_project/dfdc_subset_77_jpg/test/real/real_001657.jpg,real,test,0,0.5292742848396301,1,clean,medium
/media/D1/ait_users/staff122/deepfake_project/outputs_deepfake_project/dfdc_subset_77_jpg/test/real/real_001658.jpg,real,test,0,0.5461888909339905,1,clean,medium
/media/D1/ait_users/staff122/deepfake_project/outputs_deepfake_project/dfdc_subset_77_jpg/test/real/real_001659.jpg,real,test,0,0.4189176559448242,0,clean,medium
/media/D1/ait_users/staff122/deepfake_project/outputs_deepfake_project/dfdc_subset_77_jpg/test/real/real_001660.jpg,real,test,0,0.2836460769176483,0,clean,medium
/media/D1/ait_users/staff122/deepfake_project/outputs_deepfake_project/dfdc_subset_77_jpg/test/real/real_001661.jpg,real,test,0,0.23456992208957672,0,clean,medium
/media/D1/ait_users/staff122/deepfake_project/outputs_deepfake_project/dfdc_subset_77_jpg/test/real/real_001662.jpg,real,test,0,0.46924445033073425,0,clean,medium
/media/D1/ait_users/staff122/deepfake_project/outputs_deepfake_project/dfdc_subset_77_jpg/test/real/real_001663.jpg,real,test,0,0.24360066652297974,0,clean,medium
/media/D1/ait_users/staff122/deepfake_project/outputs_deepfake_project/dfdc_subset_77_jpg/test/real/real_001664.jpg,real,test,0,0.008887511678040028,0,clean,medium
/media/D1/ait_users/staff122/deepfake_project/outputs_deepfake_project/dfdc_subset_77_jpg/test/real/real_001665.jpg,real,test,0,0.005479019600898027,0,clean,medium
/media/D1/ait_users/staff122/deepfake_project/outputs_deepfake_project/dfdc_subset_77_jpg/test/real/real_001666.jpg,real,test,0,0.014869348146021366,0,clean,medium
/media/D1/ait_users/staff122/deepfake_project/outputs_deepfake_project/dfdc_subset_77_jpg/test/real/real_001667.jpg,real,test,0,0.013086553663015366,0,clean,medium
/media/D1/ait_users/staff122/deepfake_project/outputs_deepfake_project/dfdc_subset_77_jpg/test/real/real_001668.jpg,real,test,0,0.0473378486931324,0,clean,medium
/media/D1/ait_users/staff122/deepfake_project/outputs_deepfake_project/dfdc_subset_77_jpg/test/real/real_001669.jpg,real,test,0,0.19146394729614258,0,clean,medium
/media/D1/ait_users/staff122/deepfake_project/outputs_deepfake_project/dfdc_subset_77_jpg/test/real/real_001670.jpg,real,test,0,0.13736295700073242,0,clean,medium
/media/D1/ait_users/staff122/deepfake_project/outputs_deepfake_project/dfdc_subset_77_jpg/test/real/real_001671.jpg,real,test,0,0.07448605448007584,0,clean,medium
/media/D1/ait_users/staff122/deepfake_project/outputs_deepfake_project/dfdc_subset_77_jpg/test/real/real_001672.jpg,real,test,0,0.02318958006799221,0,clean,medium
/media/D1/ait_users/staff122/deepfake_project/outputs_deepfake_project/dfdc_subset_77_jpg/test/real/real_001673.jpg,real,test,0,0.0287138931453228,0,clean,medium
/media/D1/ait_users/staff122/deepfake_project/outputs_deepfake_project/dfdc_subset_77_jpg/test/real/real_001674.jpg,real,test,0,0.28462982177734375,0,clean,medium
/media/D1/ait_users/staff122/deepfake_project/outputs_deepfake_project/dfdc_subset_77_jpg/test/real/real_001675.jpg,real,test,0,0.29911914467811584,0,clean,medium
/media/D1/ait_users/staff122/deepfake_project/outputs_deepfake_project/dfdc_subset_77_jpg/test/real/real_001676.jpg,real,test,0,0.08321738988161087,0,clean,medium
/media/D1/ait_users/staff122/deepfake_project/outputs_deepfake_project/dfdc_subset_77_jpg/test/real/real_001677.jpg,real,test,0,0.1836046576499939,0,clean,medium
/media/D1/ait_users/staff122/deepfake_project/outputs_deepfake_project/dfdc_subset_77_jpg/test/real/real_001678.jpg,real,test,0,0.03633212670683861,0,clean,medium
/media/D1/ait_users/staff122/deepfake_project/outputs_deepfake_project/dfdc_subset_77_jpg/test/real/real_001679.jpg,real,test,0,0.017152493819594383,0,clean,medium
/media/D1/ait_users/staff122/deepfake_project/outputs_deepfake_project/dfdc_subset_77_jpg/test/real/real_001680.jpg,real,test,0,0.06705828011035919,0,clean,medium
/media/D1/ait_users/staff122/deepfake_project/outputs_deepfake_project/dfdc_subset_77_jpg/test/real/real_001681.jpg,real,test,0,0.03568203002214432,0,clean,medium
/media/D1/ait_users/staff122/deepfake_project/outputs_deepfake_project/dfdc_subset_77_jpg/test/real/real_001682.jpg,real,test,0,0.11377502232789993,0,clean,medium
/media/D1/ait_users/staff122/deepfake_project/outputs_deepfake_project/dfdc_subset_77_jpg/test/real/real_001683.jpg,real,test,0,0.02286604791879654,0,clean,medium
/media/D1/ait_users/staff122/deepfake_project/outputs_deepfake_project/dfdc_subset_77_jpg/test/real/real_001684.jpg,real,test,0,0.4485102891921997,0,clean,medium
/media/D1/ait_users/staff122/deepfake_project/outputs_deepfake_project/dfdc_subset_77_jpg/test/real/real_001685.jpg,real,test,0,0.017394326627254486,0,clean,medium
/media/D1/ait_users/staff122/deepfake_project/outputs_deepfake_project/dfdc_subset_77_jpg/test/real/real_001686.jpg,real,test,0,0.011379634030163288,0,clean,medium
/media/D1/ait_users/staff122/deepfake_project/outputs_deepfake_project/dfdc_subset_77_jpg/test/real/real_001687.jpg,real,test,0,0.0415370799601078,0,clean,medium
/media/D1/ait_users/staff122/deepfake_project/outputs_deepfake_project/dfdc_subset_77_jpg/test/real/real_001688.jpg,real,test,0,0.04050303250551224,0,clean,medium
/media/D1/ait_users/staff122/deepfake_project/outputs_deepfake_project/dfdc_subset_77_jpg/test/real/real_001689.jpg,real,test,0,0.012472955510020256,0,clean,medium
/media/D1/ait_users/staff122/deepfake_project/outputs_deepfake_project/dfdc_subset_77_jpg/test/real/real_001690.jpg,real,test,0,0.01330661028623581,0,clean,medium
/media/D1/ait_users/staff122/deepfake_project/outputs_deepfake_project/dfdc_subset_77_jpg/test/real/real_001691.jpg,real,test,0,0.009784569963812828,0,clean,medium
/media/D1/ait_users/staff122/deepfake_project/outputs_deepfake_project/dfdc_subset_77_jpg/test/real/real_001692.jpg,real,test,0,0.06664751470088959,0,clean,medium
/media/D1/ait_users/staff122/deepfake_project/outputs_deepfake_project/dfdc_subset_77_jpg/test/real/real_001693.jpg,real,test,0,0.10389991849660873,0,clean,medium
/media/D1/ait_users/staff122/deepfake_project/outputs_deepfake_project/dfdc_subset_77_jpg/test/real/real_001694.jpg,real,test,0,0.5003564357757568,1,clean,medium
/media/D1/ait_users/staff122/deepfake_project/outputs_deepfake_project/dfdc_subset_77_jpg/test/real/real_001695.jpg,real,test,0,0.44553810358047485,0,clean,medium
/media/D1/ait_users/staff122/deepfake_project/outputs_deepfake_project/dfdc_subset_77_jpg/test/real/real_001696.jpg,real,test,0,0.4715988337993622,0,clean,medium
/media/D1/ait_users/staff122/deepfake_project/outputs_deepfake_project/dfdc_subset_77_jpg/test/real/real_001697.jpg,real,test,0,0.02233349345624447,0,clean,medium
/media/D1/ait_users/staff122/deepfake_project/outputs_deepfake_project/dfdc_subset_77_jpg/test/real/real_001698.jpg,real,test,0,0.47824639081954956,0,clean,medium
/media/D1/ait_users/staff122/deepfake_project/outputs_deepfake_project/dfdc_subset_77_jpg/test/real/real_001699.jpg,real,test,0,0.4677506387233734,0,clean,medium
/media/D1/ait_users/staff122/deepfake_project/outputs_deepfake_project/dfdc_subset_77_jpg/test/real/real_001700.jpg,real,test,0,0.0338391438126564,0,clean,medium
/media/D1/ait_users/staff122/deepfake_project/outputs_deepfake_project/dfdc_subset_77_jpg/test/real/real_001701.jpg,real,test,0,0.5118107199668884,1,clean,medium
/media/D1/ait_users/staff122/deepfake_project/outputs_deepfake_project/dfdc_subset_77_jpg/test/real/real_001702.jpg,real,test,0,0.8834439516067505,1,clean,medium
/media/D1/ait_users/staff122/deepfake_project/outputs_deepfake_project/dfdc_subset_77_jpg/test/real/real_001703.jpg,real,test,0,0.49795493483543396,0,clean,medium
/media/D1/ait_users/staff122/deepfake_project/outputs_deepfake_project/dfdc_subset_77_jpg/test/real/real_001704.jpg,real,test,0,0.48659899830818176,0,clean,medium
/media/D1/ait_users/staff122/deepfake_project/outputs_deepfake_project/dfdc_subset_77_jpg/test/real/real_001705.jpg,real,test,0,0.4882550835609436,0,clean,medium
/media/D1/ait_users/staff122/deepfake_project/outputs_deepfake_project/dfdc_subset_77_jpg/test/real/real_001706.jpg,real,test,0,0.48673215508461,0,clean,medium
/media/D1/ait_users/staff122/deepfake_project/outputs_deepfake_project/dfdc_subset_77_jpg/test/real/real_001707.jpg,real,test,0,0.47301608324050903,0,clean,medium
/media/D1/ait_users/staff122/deepfake_project/outputs_deepfake_project/dfdc_subset_77_jpg/test/real/real_001708.jpg,real,test,0,0.04538886621594429,0,clean,medium
/media/D1/ait_users/staff122/deepfake_project/outputs_deepfake_project/dfdc_subset_77_jpg/test/real/real_001709.jpg,real,test,0,0.08660004287958145,0,clean,medium
/media/D1/ait_users/staff122/deepfake_project/outputs_deepfake_project/dfdc_subset_77_jpg/test/real/real_001710.jpg,real,test,0,0.4793960154056549,0,clean,medium
/media/D1/ait_users/staff122/deepfake_project/outputs_deepfake_project/dfdc_subset_77_jpg/test/real/real_001711.jpg,real,test,0,0.47696757316589355,0,clean,medium
/media/D1/ait_users/staff122/deepfake_project/outputs_deepfake_project/dfdc_subset_77_jpg/test/real/real_001712.jpg,real,test,0,0.05918104574084282,0,clean,medium
/media/D1/ait_users/staff122/deepfake_project/outputs_deepfake_project/dfdc_subset_77_jpg/test/real/real_001713.jpg,real,test,0,0.495600163936615,0,clean,medium
/media/D1/ait_users/staff122/deepfake_project/outputs_deepfake_project/dfdc_subset_77_jpg/test/real/real_001714.jpg,real,test,0,0.03193650022149086,0,clean,medium
/media/D1/ait_users/staff122/deepfake_project/outputs_deepfake_project/dfdc_subset_77_jpg/test/real/real_001715.jpg,real,test,0,0.03659835830330849,0,clean,medium
/media/D1/ait_users/staff122/deepfake_project/outputs_deepfake_project/dfdc_subset_77_jpg/test/real/real_001716.jpg,real,test,0,0.05632701516151428,0,clean,medium
/media/D1/ait_users/staff122/deepfake_project/outputs_deepfake_project/dfdc_subset_77_jpg/test/real/real_001717.jpg,real,test,0,0.03992212191224098,0,clean,medium
/media/D1/ait_users/staff122/deepfake_project/outputs_deepfake_project/dfdc_subset_77_jpg/test/real/real_001718.jpg,real,test,0,0.4429195523262024,0,clean,medium
/media/D1/ait_users/staff122/deepfake_project/outputs_deepfake_project/dfdc_subset_77_jpg/test/real/real_001719.jpg,real,test,0,0.029552152380347252,0,clean,medium
/media/D1/ait_users/staff122/deepfake_project/outputs_deepfake_project/dfdc_subset_77_jpg/test/real/real_001720.jpg,real,test,0,0.022654708474874496,0,clean,medium
/media/D1/ait_users/staff122/deepfake_project/outputs_deepfake_project/dfdc_subset_77_jpg/test/real/real_001721.jpg,real,test,0,0.4539046585559845,0,clean,medium
/media/D1/ait_users/staff122/deepfake_project/outputs_deepfake_project/dfdc_subset_77_jpg/test/real/real_001722.jpg,real,test,0,0.01952240616083145,0,clean,medium
/media/D1/ait_users/staff122/deepfake_project/outputs_deepfake_project/dfdc_subset_77_jpg/test/real/real_001723.jpg,real,test,0,0.661077618598938,1,clean,medium
/media/D1/ait_users/staff122/deepfake_project/outputs_deepfake_project/dfdc_subset_77_jpg/test/real/real_001724.jpg,real,test,0,0.058286212384700775,0,clean,medium
/media/D1/ait_users/staff122/deepfake_project/outputs_deepfake_project/dfdc_subset_77_jpg/test/real/real_001725.jpg,real,test,0,0.03977556526660919,0,clean,medium
/media/D1/ait_users/staff122/deepfake_project/outputs_deepfake_project/dfdc_subset_77_jpg/test/real/real_001726.jpg,real,test,0,0.04667714983224869,0,clean,medium
/media/D1/ait_users/staff122/deepfake_project/outputs_deepfake_project/dfdc_subset_77_jpg/test/real/real_001727.jpg,real,test,0,0.03188594430685043,0,clean,medium
/media/D1/ait_users/staff122/deepfake_project/outputs_deepfake_project/dfdc_subset_77_jpg/test/real/real_001728.jpg,real,test,0,0.13655467331409454,0,clean,medium
/media/D1/ait_users/staff122/deepfake_project/outputs_deepfake_project/dfdc_subset_77_jpg/test/real/real_001729.jpg,real,test,0,0.06960001587867737,0,clean,medium
/media/D1/ait_users/staff122/deepfake_project/outputs_deepfake_project/dfdc_subset_77_jpg/test/real/real_001730.jpg,real,test,0,0.16015292704105377,0,clean,medium
/media/D1/ait_users/staff122/deepfake_project/outputs_deepfake_project/dfdc_subset_77_jpg/test/real/real_001731.jpg,real,test,0,0.02199997380375862,0,clean,medium
/media/D1/ait_users/staff122/deepfake_project/outputs_deepfake_project/dfdc_subset_77_jpg/test/real/real_001732.jpg,real,test,0,0.026609590277075768,0,clean,medium
/media/D1/ait_users/staff122/deepfake_project/outputs_deepfake_project/dfdc_subset_77_jpg/test/real/real_001733.jpg,real,test,0,0.03350783511996269,0,clean,medium
/media/D1/ait_users/staff122/deepfake_project/outputs_deepfake_project/dfdc_subset_77_jpg/test/real/real_001734.jpg,real,test,0,0.4776378273963928,0,clean,medium
/media/D1/ait_users/staff122/deepfake_project/outputs_deepfake_project/dfdc_subset_77_jpg/test/real/real_001735.jpg,real,test,0,0.06427102535963058,0,clean,medium
/media/D1/ait_users/staff122/deepfake_project/outputs_deepfake_project/dfdc_subset_77_jpg/test/real/real_001736.jpg,real,test,0,0.017238948494195938,0,clean,medium
/media/D1/ait_users/staff122/deepfake_project/outputs_deepfake_project/dfdc_subset_77_jpg/test/real/real_001737.jpg,real,test,0,0.38939863443374634,0,clean,medium
/media/D1/ait_users/staff122/deepfake_project/outputs_deepfake_project/dfdc_subset_77_jpg/test/real/real_001738.jpg,real,test,0,0.24458114802837372,0,clean,medium
/media/D1/ait_users/staff122/deepfake_project/outputs_deepfake_project/dfdc_subset_77_jpg/test/real/real_001739.jpg,real,test,0,0.10129377245903015,0,clean,medium
/media/D1/ait_users/staff122/deepfake_project/outputs_deepfake_project/dfdc_subset_77_jpg/test/real/real_001740.jpg,real,test,0,0.39301154017448425,0,clean,medium
/media/D1/ait_users/staff122/deepfake_project/outputs_deepfake_project/dfdc_subset_77_jpg/test/real/real_001741.jpg,real,test,0,0.060028672218322754,0,clean,medium
/media/D1/ait_users/staff122/deepfake_project/outputs_deepfake_project/dfdc_subset_77_jpg/test/real/real_001742.jpg,real,test,0,0.061771221458911896,0,clean,medium
/media/D1/ait_users/staff122/deepfake_project/outputs_deepfake_project/dfdc_subset_77_jpg/test/real/real_001743.jpg,real,test,0,0.04964448884129524,0,clean,medium
/media/D1/ait_users/staff122/deepfake_project/outputs_deepfake_project/dfdc_subset_77_jpg/test/real/real_001744.jpg,real,test,0,0.036803700029850006,0,clean,medium
/media/D1/ait_users/staff122/deepfake_project/outputs_deepfake_project/dfdc_subset_77_jpg/test/real/real_001745.jpg,real,test,0,0.11196359992027283,0,clean,medium
/media/D1/ait_users/staff122/deepfake_project/outputs_deepfake_project/dfdc_subset_77_jpg/test/real/real_001746.jpg,real,test,0,0.20630915462970734,0,clean,medium
/media/D1/ait_users/staff122/deepfake_project/outputs_deepfake_project/dfdc_subset_77_jpg/test/real/real_001747.jpg,real,test,0,0.5174044966697693,1,clean,medium
/media/D1/ait_users/staff122/deepfake_project/outputs_deepfake_project/dfdc_subset_77_jpg/test/real/real_001748.jpg,real,test,0,0.24023769795894623,0,clean,medium
/media/D1/ait_users/staff122/deepfake_project/outputs_deepfake_project/dfdc_subset_77_jpg/test/real/real_001749.jpg,real,test,0,0.07388899475336075,0,clean,medium
/media/D1/ait_users/staff122/deepfake_project/outputs_deepfake_project/dfdc_subset_77_jpg/test/real/real_001750.jpg,real,test,0,0.06060337647795677,0,clean,medium
/media/D1/ait_users/staff122/deepfake_project/outputs_deepfake_project/dfdc_subset_77_jpg/test/real/real_001751.jpg,real,test,0,0.23734445869922638,0,clean,medium
/media/D1/ait_users/staff122/deepfake_project/outputs_deepfake_project/dfdc_subset_77_jpg/test/real/real_001752.jpg,real,test,0,0.31564074754714966,0,clean,medium
/media/D1/ait_users/staff122/deepfake_project/outputs_deepfake_project/dfdc_subset_77_jpg/test/real/real_001753.jpg,real,test,0,0.4307478964328766,0,clean,medium
/media/D1/ait_users/staff122/deepfake_project/outputs_deepfake_project/dfdc_subset_77_jpg/test/real/real_001754.jpg,real,test,0,0.2876683175563812,0,clean,medium
/media/D1/ait_users/staff122/deepfake_project/outputs_deepfake_project/dfdc_subset_77_jpg/test/real/real_001755.jpg,real,test,0,0.1407509446144104,0,clean,medium
/media/D1/ait_users/staff122/deepfake_project/outputs_deepfake_project/dfdc_subset_77_jpg/test/real/real_001756.jpg,real,test,0,0.6526265144348145,1,clean,medium
/media/D1/ait_users/staff122/deepfake_project/outputs_deepfake_project/dfdc_subset_77_jpg/test/real/real_001757.jpg,real,test,0,0.11043006181716919,0,clean,medium
/media/D1/ait_users/staff122/deepfake_project/outputs_deepfake_project/dfdc_subset_77_jpg/test/real/real_001758.jpg,real,test,0,0.09431452304124832,0,clean,medium
/media/D1/ait_users/staff122/deepfake_project/outputs_deepfake_project/dfdc_subset_77_jpg/test/real/real_001759.jpg,real,test,0,0.05623584985733032,0,clean,medium
/media/D1/ait_users/staff122/deepfake_project/outputs_deepfake_project/dfdc_subset_77_jpg/test/real/real_001760.jpg,real,test,0,0.6028651595115662,1,clean,medium
/media/D1/ait_users/staff122/deepfake_project/outputs_deepfake_project/dfdc_subset_77_jpg/test/real/real_001761.jpg,real,test,0,0.7366425395011902,1,clean,medium
/media/D1/ait_users/staff122/deepfake_project/outputs_deepfake_project/dfdc_subset_77_jpg/test/real/real_001762.jpg,real,test,0,0.16249069571495056,0,clean,medium
/media/D1/ait_users/staff122/deepfake_project/outputs_deepfake_project/dfdc_subset_77_jpg/test/real/real_001763.jpg,real,test,0,0.2555747330188751,0,clean,medium
/media/D1/ait_users/staff122/deepfake_project/outputs_deepfake_project/dfdc_subset_77_jpg/test/real/real_001764.jpg,real,test,0,0.5929621458053589,1,clean,medium
/media/D1/ait_users/staff122/deepfake_project/outputs_deepfake_project/dfdc_subset_77_jpg/test/real/real_001765.jpg,real,test,0,0.13030292093753815,0,clean,medium
/media/D1/ait_users/staff122/deepfake_project/outputs_deepfake_project/dfdc_subset_77_jpg/test/real/real_001766.jpg,real,test,0,0.8481093645095825,1,clean,medium
/media/D1/ait_users/staff122/deepfake_project/outputs_deepfake_project/dfdc_subset_77_jpg/test/real/real_001767.jpg,real,test,0,0.9353165626525879,1,clean,medium
/media/D1/ait_users/staff122/deepfake_project/outputs_deepfake_project/dfdc_subset_77_jpg/test/real/real_001768.jpg,real,test,0,0.9150550365447998,1,clean,medium
/media/D1/ait_users/staff122/deepfake_project/outputs_deepfake_project/dfdc_subset_77_jpg/test/real/real_001769.jpg,real,test,0,0.8735601902008057,1,clean,medium
/media/D1/ait_users/staff122/deepfake_project/outputs_deepfake_project/dfdc_subset_77_jpg/test/real/real_001770.jpg,real,test,0,0.4415419399738312,0,clean,medium
/media/D1/ait_users/staff122/deepfake_project/outputs_deepfake_project/dfdc_subset_77_jpg/test/real/real_001771.jpg,real,test,0,0.3362191617488861,0,clean,medium
/media/D1/ait_users/staff122/deepfake_project/outputs_deepfake_project/dfdc_subset_77_jpg/test/real/real_001772.jpg,real,test,0,0.03293617069721222,0,clean,medium
/media/D1/ait_users/staff122/deepfake_project/outputs_deepfake_project/dfdc_subset_77_jpg/test/real/real_001773.jpg,real,test,0,0.6156376004219055,1,clean,medium
/media/D1/ait_users/staff122/deepfake_project/outputs_deepfake_project/dfdc_subset_77_jpg/test/real/real_001774.jpg,real,test,0,0.28598499298095703,0,clean,medium
/media/D1/ait_users/staff122/deepfake_project/outputs_deepfake_project/dfdc_subset_77_jpg/test/real/real_001775.jpg,real,test,0,0.5617538094520569,1,clean,medium
/media/D1/ait_users/staff122/deepfake_project/outputs_deepfake_project/dfdc_subset_77_jpg/test/real/real_001776.jpg,real,test,0,0.3647927939891815,0,clean,medium
/media/D1/ait_users/staff122/deepfake_project/outputs_deepfake_project/dfdc_subset_77_jpg/test/real/real_001777.jpg,real,test,0,0.023518478497862816,0,clean,medium
/media/D1/ait_users/staff122/deepfake_project/outputs_deepfake_project/dfdc_subset_77_jpg/test/real/real_001778.jpg,real,test,0,0.7505666613578796,1,clean,medium
/media/D1/ait_users/staff122/deepfake_project/outputs_deepfake_project/dfdc_subset_77_jpg/test/real/real_001779.jpg,real,test,0,0.7291116714477539,1,clean,medium
/media/D1/ait_users/staff122/deepfake_project/outputs_deepfake_project/dfdc_subset_77_jpg/test/real/real_001780.jpg,real,test,0,0.7755842208862305,1,clean,medium
/media/D1/ait_users/staff122/deepfake_project/outputs_deepfake_project/dfdc_subset_77_jpg/test/real/real_001781.jpg,real,test,0,0.47514575719833374,0,clean,medium
/media/D1/ait_users/staff122/deepfake_project/outputs_deepfake_project/dfdc_subset_77_jpg/test/real/real_001782.jpg,real,test,0,0.052989933639764786,0,clean,medium
/media/D1/ait_users/staff122/deepfake_project/outputs_deepfake_project/dfdc_subset_77_jpg/test/real/real_001783.jpg,real,test,0,0.009658090770244598,0,clean,medium
/media/D1/ait_users/staff122/deepfake_project/outputs_deepfake_project/dfdc_subset_77_jpg/test/real/real_001784.jpg,real,test,0,0.012391812168061733,0,clean,medium
/media/D1/ait_users/staff122/deepfake_project/outputs_deepfake_project/dfdc_subset_77_jpg/test/real/real_001785.jpg,real,test,0,0.5890674591064453,1,clean,medium
/media/D1/ait_users/staff122/deepfake_project/outputs_deepfake_project/dfdc_subset_77_jpg/test/real/real_001786.jpg,real,test,0,0.3064887821674347,0,clean,medium
/media/D1/ait_users/staff122/deepfake_project/outputs_deepfake_project/dfdc_subset_77_jpg/test/real/real_001787.jpg,real,test,0,0.2953084707260132,0,clean,medium
/media/D1/ait_users/staff122/deepfake_project/outputs_deepfake_project/dfdc_subset_77_jpg/test/real/real_001788.jpg,real,test,0,0.12564998865127563,0,clean,medium
/media/D1/ait_users/staff122/deepfake_project/outputs_deepfake_project/dfdc_subset_77_jpg/test/real/real_001789.jpg,real,test,0,0.12495443969964981,0,clean,medium
/media/D1/ait_users/staff122/deepfake_project/outputs_deepfake_project/dfdc_subset_77_jpg/test/real/real_001790.jpg,real,test,0,0.12476186454296112,0,clean,medium
/media/D1/ait_users/staff122/deepfake_project/outputs_deepfake_project/dfdc_subset_77_jpg/test/real/real_001791.jpg,real,test,0,0.025035172700881958,0,clean,medium
/media/D1/ait_users/staff122/deepfake_project/outputs_deepfake_project/dfdc_subset_77_jpg/test/real/real_001792.jpg,real,test,0,0.015193978324532509,0,clean,medium
/media/D1/ait_users/staff122/deepfake_project/outputs_deepfake_project/dfdc_subset_77_jpg/test/real/real_001793.jpg,real,test,0,0.08747397363185883,0,clean,medium
/media/D1/ait_users/staff122/deepfake_project/outputs_deepfake_project/dfdc_subset_77_jpg/test/real/real_001794.jpg,real,test,0,0.01773807778954506,0,clean,medium
/media/D1/ait_users/staff122/deepfake_project/outputs_deepfake_project/dfdc_subset_77_jpg/test/real/real_001795.jpg,real,test,0,0.06407023221254349,0,clean,medium
/media/D1/ait_users/staff122/deepfake_project/outputs_deepfake_project/dfdc_subset_77_jpg/test/real/real_001796.jpg,real,test,0,0.01575874350965023,0,clean,medium
/media/D1/ait_users/staff122/deepfake_project/outputs_deepfake_project/dfdc_subset_77_jpg/test/real/real_001797.jpg,real,test,0,0.05740763992071152,0,clean,medium
/media/D1/ait_users/staff122/deepfake_project/outputs_deepfake_project/dfdc_subset_77_jpg/test/real/real_001798.jpg,real,test,0,0.018288088962435722,0,clean,medium
/media/D1/ait_users/staff122/deepfake_project/outputs_deepfake_project/dfdc_subset_77_jpg/test/real/real_001799.jpg,real,test,0,0.47877317667007446,0,clean,medium
/media/D1/ait_users/staff122/deepfake_project/outputs_deepfake_project/dfdc_subset_77_jpg/test/real/real_001800.jpg,real,test,0,0.0778304859995842,0,clean,medium
/media/D1/ait_users/staff122/deepfake_project/outputs_deepfake_project/dfdc_subset_77_jpg/test/real/real_001801.jpg,real,test,0,0.01847955770790577,0,clean,medium
/media/D1/ait_users/staff122/deepfake_project/outputs_deepfake_project/dfdc_subset_77_jpg/test/real/real_001802.jpg,real,test,0,0.030652543529868126,0,clean,medium
/media/D1/ait_users/staff122/deepfake_project/outputs_deepfake_project/dfdc_subset_77_jpg/test/real/real_001803.jpg,real,test,0,0.06759174913167953,0,clean,medium
/media/D1/ait_users/staff122/deepfake_project/outputs_deepfake_project/dfdc_subset_77_jpg/test/real/real_001804.jpg,real,test,0,0.3149271309375763,0,clean,medium
/media/D1/ait_users/staff122/deepfake_project/outputs_deepfake_project/dfdc_subset_77_jpg/test/real/real_001805.jpg,real,test,0,0.23235179483890533,0,clean,medium
/media/D1/ait_users/staff122/deepfake_project/outputs_deepfake_project/dfdc_subset_77_jpg/test/real/real_001806.jpg,real,test,0,0.30644112825393677,0,clean,medium
/media/D1/ait_users/staff122/deepfake_project/outputs_deepfake_project/dfdc_subset_77_jpg/test/real/real_001807.jpg,real,test,0,0.29158639907836914,0,clean,medium
/media/D1/ait_users/staff122/deepfake_project/outputs_deepfake_project/dfdc_subset_77_jpg/test/real/real_001808.jpg,real,test,0,0.736824095249176,1,clean,medium
/media/D1/ait_users/staff122/deepfake_project/outputs_deepfake_project/dfdc_subset_77_jpg/test/real/real_001809.jpg,real,test,0,0.09143956750631332,0,clean,medium
/media/D1/ait_users/staff122/deepfake_project/outputs_deepfake_project/dfdc_subset_77_jpg/test/real/real_001810.jpg,real,test,0,0.04900649935007095,0,clean,medium
/media/D1/ait_users/staff122/deepfake_project/outputs_deepfake_project/dfdc_subset_77_jpg/test/real/real_001811.jpg,real,test,0,0.10437087714672089,0,clean,medium
/media/D1/ait_users/staff122/deepfake_project/outputs_deepfake_project/dfdc_subset_77_jpg/test/real/real_001812.jpg,real,test,0,0.11108596622943878,0,clean,medium
/media/D1/ait_users/staff122/deepfake_project/outputs_deepfake_project/dfdc_subset_77_jpg/test/real/real_001813.jpg,real,test,0,0.07826757431030273,0,clean,medium
/media/D1/ait_users/staff122/deepfake_project/outputs_deepfake_project/dfdc_subset_77_jpg/test/real/real_001814.jpg,real,test,0,0.013996017165482044,0,clean,medium
/media/D1/ait_users/staff122/deepfake_project/outputs_deepfake_project/dfdc_subset_77_jpg/test/real/real_001815.jpg,real,test,0,0.038150250911712646,0,clean,medium
/media/D1/ait_users/staff122/deepfake_project/outputs_deepfake_project/dfdc_subset_77_jpg/test/real/real_001816.jpg,real,test,0,0.09656671434640884,0,clean,medium
/media/D1/ait_users/staff122/deepfake_project/outputs_deepfake_project/dfdc_subset_77_jpg/test/real/real_001817.jpg,real,test,0,0.020430749282240868,0,clean,medium
/media/D1/ait_users/staff122/deepfake_project/outputs_deepfake_project/dfdc_subset_77_jpg/test/real/real_001818.jpg,real,test,0,0.07936062663793564,0,clean,medium
/media/D1/ait_users/staff122/deepfake_project/outputs_deepfake_project/dfdc_subset_77_jpg/test/real/real_001819.jpg,real,test,0,0.03574545308947563,0,clean,medium
/media/D1/ait_users/staff122/deepfake_project/outputs_deepfake_project/dfdc_subset_77_jpg/test/real/real_001820.jpg,real,test,0,0.078888438642025,0,clean,medium
/media/D1/ait_users/staff122/deepfake_project/outputs_deepfake_project/dfdc_subset_77_jpg/test/real/real_001821.jpg,real,test,0,0.07543665915727615,0,clean,medium
/media/D1/ait_users/staff122/deepfake_project/outputs_deepfake_project/dfdc_subset_77_jpg/test/real/real_001822.jpg,real,test,0,0.02129882201552391,0,clean,medium
/media/D1/ait_users/staff122/deepfake_project/outputs_deepfake_project/dfdc_subset_77_jpg/test/real/real_001823.jpg,real,test,0,0.013581575825810432,0,clean,medium
/media/D1/ait_users/staff122/deepfake_project/outputs_deepfake_project/dfdc_subset_77_jpg/test/real/real_001824.jpg,real,test,0,0.015023340471088886,0,clean,medium
/media/D1/ait_users/staff122/deepfake_project/outputs_deepfake_project/dfdc_subset_77_jpg/test/real/real_001825.jpg,real,test,0,0.03404092788696289,0,clean,medium
/media/D1/ait_users/staff122/deepfake_project/outputs_deepfake_project/dfdc_subset_77_jpg/test/real/real_001826.jpg,real,test,0,0.05426938831806183,0,clean,medium
/media/D1/ait_users/staff122/deepfake_project/outputs_deepfake_project/dfdc_subset_77_jpg/test/real/real_001827.jpg,real,test,0,0.2772767245769501,0,clean,medium
/media/D1/ait_users/staff122/deepfake_project/outputs_deepfake_project/dfdc_subset_77_jpg/test/real/real_001828.jpg,real,test,0,0.546852171421051,1,clean,medium
/media/D1/ait_users/staff122/deepfake_project/outputs_deepfake_project/dfdc_subset_77_jpg/test/real/real_001829.jpg,real,test,0,0.3750533163547516,0,clean,medium
/media/D1/ait_users/staff122/deepfake_project/outputs_deepfake_project/dfdc_subset_77_jpg/test/real/real_001830.jpg,real,test,0,0.09720117598772049,0,clean,medium
/media/D1/ait_users/staff122/deepfake_project/outputs_deepfake_project/dfdc_subset_77_jpg/test/real/real_001831.jpg,real,test,0,0.21411141753196716,0,clean,medium
/media/D1/ait_users/staff122/deepfake_project/outputs_deepfake_project/dfdc_subset_77_jpg/test/real/real_001832.jpg,real,test,0,0.08393851667642593,0,clean,medium
/media/D1/ait_users/staff122/deepfake_project/outputs_deepfake_project/dfdc_subset_77_jpg/test/real/real_001833.jpg,real,test,0,0.3602902591228485,0,clean,medium
/media/D1/ait_users/staff122/deepfake_project/outputs_deepfake_project/dfdc_subset_77_jpg/test/real/real_001834.jpg,real,test,0,0.3574393093585968,0,clean,medium
/media/D1/ait_users/staff122/deepfake_project/outputs_deepfake_project/dfdc_subset_77_jpg/test/real/real_001835.jpg,real,test,0,0.5900324583053589,1,clean,medium
/media/D1/ait_users/staff122/deepfake_project/outputs_deepfake_project/dfdc_subset_77_jpg/test/real/real_001836.jpg,real,test,0,0.07450945675373077,0,clean,medium
/media/D1/ait_users/staff122/deepfake_project/outputs_deepfake_project/dfdc_subset_77_jpg/test/real/real_001837.jpg,real,test,0,0.07675503194332123,0,clean,medium
/media/D1/ait_users/staff122/deepfake_project/outputs_deepfake_project/dfdc_subset_77_jpg/test/real/real_001838.jpg,real,test,0,0.24506327509880066,0,clean,medium
/media/D1/ait_users/staff122/deepfake_project/outputs_deepfake_project/dfdc_subset_77_jpg/test/real/real_001839.jpg,real,test,0,0.03576994687318802,0,clean,medium
/media/D1/ait_users/staff122/deepfake_project/outputs_deepfake_project/dfdc_subset_77_jpg/test/real/real_001840.jpg,real,test,0,0.16038256883621216,0,clean,medium
/media/D1/ait_users/staff122/deepfake_project/outputs_deepfake_project/dfdc_subset_77_jpg/test/real/real_001841.jpg,real,test,0,0.4551525115966797,0,clean,medium
/media/D1/ait_users/staff122/deepfake_project/outputs_deepfake_project/dfdc_subset_77_jpg/test/real/real_001842.jpg,real,test,0,0.21996690332889557,0,clean,medium
/media/D1/ait_users/staff122/deepfake_project/outputs_deepfake_project/dfdc_subset_77_jpg/test/real/real_001843.jpg,real,test,0,0.9605578184127808,1,clean,medium
/media/D1/ait_users/staff122/deepfake_project/outputs_deepfake_project/dfdc_subset_77_jpg/test/real/real_001844.jpg,real,test,0,0.5712639689445496,1,clean,medium
/media/D1/ait_users/staff122/deepfake_project/outputs_deepfake_project/dfdc_subset_77_jpg/test/real/real_001845.jpg,real,test,0,0.10894772410392761,0,clean,medium
/media/D1/ait_users/staff122/deepfake_project/outputs_deepfake_project/dfdc_subset_77_jpg/test/real/real_001846.jpg,real,test,0,0.7237675786018372,1,clean,medium
/media/D1/ait_users/staff122/deepfake_project/outputs_deepfake_project/dfdc_subset_77_jpg/test/real/real_001847.jpg,real,test,0,0.16909171640872955,0,clean,medium
/media/D1/ait_users/staff122/deepfake_project/outputs_deepfake_project/dfdc_subset_77_jpg/test/real/real_001848.jpg,real,test,0,0.06504734605550766,0,clean,medium
/media/D1/ait_users/staff122/deepfake_project/outputs_deepfake_project/dfdc_subset_77_jpg/test/real/real_001849.jpg,real,test,0,0.1053123027086258,0,clean,medium
/media/D1/ait_users/staff122/deepfake_project/outputs_deepfake_project/dfdc_subset_77_jpg/test/real/real_001850.jpg,real,test,0,0.03678875416517258,0,clean,medium
/media/D1/ait_users/staff122/deepfake_project/outputs_deepfake_project/dfdc_subset_77_jpg/test/real/real_001851.jpg,real,test,0,0.2477552890777588,0,clean,medium
/media/D1/ait_users/staff122/deepfake_project/outputs_deepfake_project/dfdc_subset_77_jpg/test/real/real_001852.jpg,real,test,0,0.10244501382112503,0,clean,medium
/media/D1/ait_users/staff122/deepfake_project/outputs_deepfake_project/dfdc_subset_77_jpg/test/real/real_001853.jpg,real,test,0,0.06117772310972214,0,clean,medium
/media/D1/ait_users/staff122/deepfake_project/outputs_deepfake_project/dfdc_subset_77_jpg/test/real/real_001854.jpg,real,test,0,0.3994849920272827,0,clean,medium
/media/D1/ait_users/staff122/deepfake_project/outputs_deepfake_project/dfdc_subset_77_jpg/test/real/real_001855.jpg,real,test,0,0.0496288500726223,0,clean,medium
/media/D1/ait_users/staff122/deepfake_project/outputs_deepfake_project/dfdc_subset_77_jpg/test/real/real_001856.jpg,real,test,0,0.3905019760131836,0,clean,medium
/media/D1/ait_users/staff122/deepfake_project/outputs_deepfake_project/dfdc_subset_77_jpg/test/real/real_001857.jpg,real,test,0,0.676178514957428,1,clean,medium
/media/D1/ait_users/staff122/deepfake_project/outputs_deepfake_project/dfdc_subset_77_jpg/test/real/real_001858.jpg,real,test,0,0.5820655822753906,1,clean,medium
/media/D1/ait_users/staff122/deepfake_project/outputs_deepfake_project/dfdc_subset_77_jpg/test/real/real_001859.jpg,real,test,0,0.5999070405960083,1,clean,medium
/media/D1/ait_users/staff122/deepfake_project/outputs_deepfake_project/dfdc_subset_77_jpg/test/real/real_001860.jpg,real,test,0,0.6027092337608337,1,clean,medium
/media/D1/ait_users/staff122/deepfake_project/outputs_deepfake_project/dfdc_subset_77_jpg/test/real/real_001861.jpg,real,test,0,0.4368518590927124,0,clean,medium
/media/D1/ait_users/staff122/deepfake_project/outputs_deepfake_project/dfdc_subset_77_jpg/test/real/real_001862.jpg,real,test,0,0.6343824863433838,1,clean,medium
/media/D1/ait_users/staff122/deepfake_project/outputs_deepfake_project/dfdc_subset_77_jpg/test/real/real_001863.jpg,real,test,0,0.6074148416519165,1,clean,medium
/media/D1/ait_users/staff122/deepfake_project/outputs_deepfake_project/dfdc_subset_77_jpg/test/real/real_001864.jpg,real,test,0,0.4794953763484955,0,clean,medium
/media/D1/ait_users/staff122/deepfake_project/outputs_deepfake_project/dfdc_subset_77_jpg/test/real/real_001865.jpg,real,test,0,0.5486709475517273,1,clean,medium
/media/D1/ait_users/staff122/deepfake_project/outputs_deepfake_project/dfdc_subset_77_jpg/test/real/real_001866.jpg,real,test,0,0.5361667275428772,1,clean,medium
/media/D1/ait_users/staff122/deepfake_project/outputs_deepfake_project/dfdc_subset_77_jpg/test/real/real_001867.jpg,real,test,0,0.5894738435745239,1,clean,medium
/media/D1/ait_users/staff122/deepfake_project/outputs_deepfake_project/dfdc_subset_77_jpg/test/real/real_001868.jpg,real,test,0,0.6439365744590759,1,clean,medium
/media/D1/ait_users/staff122/deepfake_project/outputs_deepfake_project/dfdc_subset_77_jpg/test/real/real_001869.jpg,real,test,0,0.4363004267215729,0,clean,medium
/media/D1/ait_users/staff122/deepfake_project/outputs_deepfake_project/dfdc_subset_77_jpg/test/real/real_001870.jpg,real,test,0,0.43427881598472595,0,clean,medium
/media/D1/ait_users/staff122/deepfake_project/outputs_deepfake_project/dfdc_subset_77_jpg/test/real/real_001871.jpg,real,test,0,0.5047589540481567,1,clean,medium
/media/D1/ait_users/staff122/deepfake_project/outputs_deepfake_project/dfdc_subset_77_jpg/test/real/real_001872.jpg,real,test,0,0.49112755060195923,0,clean,medium
/media/D1/ait_users/staff122/deepfake_project/outputs_deepfake_project/dfdc_subset_77_jpg/test/real/real_001873.jpg,real,test,0,0.5092678070068359,1,clean,medium
/media/D1/ait_users/staff122/deepfake_project/outputs_deepfake_project/dfdc_subset_77_jpg/test/real/real_001874.jpg,real,test,0,0.6641787886619568,1,clean,medium
/media/D1/ait_users/staff122/deepfake_project/outputs_deepfake_project/dfdc_subset_77_jpg/test/real/real_001875.jpg,real,test,0,0.2079240083694458,0,clean,medium
/media/D1/ait_users/staff122/deepfake_project/outputs_deepfake_project/dfdc_subset_77_jpg/test/real/real_001876.jpg,real,test,0,0.4759018123149872,0,clean,medium
/media/D1/ait_users/staff122/deepfake_project/outputs_deepfake_project/dfdc_subset_77_jpg/test/real/real_001877.jpg,real,test,0,0.5494564175605774,1,clean,medium
/media/D1/ait_users/staff122/deepfake_project/outputs_deepfake_project/dfdc_subset_77_jpg/test/real/real_001878.jpg,real,test,0,0.6713060140609741,1,clean,medium
/media/D1/ait_users/staff122/deepfake_project/outputs_deepfake_project/dfdc_subset_77_jpg/test/real/real_001879.jpg,real,test,0,0.5492762923240662,1,clean,medium
/media/D1/ait_users/staff122/deepfake_project/outputs_deepfake_project/dfdc_subset_77_jpg/test/real/real_001880.jpg,real,test,0,0.7307267785072327,1,clean,medium
/media/D1/ait_users/staff122/deepfake_project/outputs_deepfake_project/dfdc_subset_77_jpg/test/real/real_001881.jpg,real,test,0,0.6338075995445251,1,clean,medium
/media/D1/ait_users/staff122/deepfake_project/outputs_deepfake_project/dfdc_subset_77_jpg/test/real/real_001882.jpg,real,test,0,0.5961525440216064,1,clean,medium
/media/D1/ait_users/staff122/deepfake_project/outputs_deepfake_project/dfdc_subset_77_jpg/test/real/real_001883.jpg,real,test,0,0.47366806864738464,0,clean,medium
/media/D1/ait_users/staff122/deepfake_project/outputs_deepfake_project/dfdc_subset_77_jpg/test/real/real_001884.jpg,real,test,0,0.6862683296203613,1,clean,medium
/media/D1/ait_users/staff122/deepfake_project/outputs_deepfake_project/dfdc_subset_77_jpg/test/real/real_001885.jpg,real,test,0,0.5596333742141724,1,clean,medium
/media/D1/ait_users/staff122/deepfake_project/outputs_deepfake_project/dfdc_subset_77_jpg/test/real/real_001886.jpg,real,test,0,0.5679695010185242,1,clean,medium
/media/D1/ait_users/staff122/deepfake_project/outputs_deepfake_project/dfdc_subset_77_jpg/test/real/real_001887.jpg,real,test,0,0.7578935027122498,1,clean,medium
/media/D1/ait_users/staff122/deepfake_project/outputs_deepfake_project/dfdc_subset_77_jpg/test/real/real_001888.jpg,real,test,0,0.5130029320716858,1,clean,medium
/media/D1/ait_users/staff122/deepfake_project/outputs_deepfake_project/dfdc_subset_77_jpg/test/real/real_001889.jpg,real,test,0,0.15004399418830872,0,clean,medium
/media/D1/ait_users/staff122/deepfake_project/outputs_deepfake_project/dfdc_subset_77_jpg/test/real/real_001890.jpg,real,test,0,0.21536478400230408,0,clean,medium
/media/D1/ait_users/staff122/deepfake_project/outputs_deepfake_project/dfdc_subset_77_jpg/test/real/real_001891.jpg,real,test,0,0.22041596472263336,0,clean,medium
/media/D1/ait_users/staff122/deepfake_project/outputs_deepfake_project/dfdc_subset_77_jpg/test/real/real_001892.jpg,real,test,0,0.14927630126476288,0,clean,medium
/media/D1/ait_users/staff122/deepfake_project/outputs_deepfake_project/dfdc_subset_77_jpg/test/real/real_001893.jpg,real,test,0,0.20347853004932404,0,clean,medium
/media/D1/ait_users/staff122/deepfake_project/outputs_deepfake_project/dfdc_subset_77_jpg/test/real/real_001894.jpg,real,test,0,0.2513847351074219,0,clean,medium
/media/D1/ait_users/staff122/deepfake_project/outputs_deepfake_project/dfdc_subset_77_jpg/test/real/real_001895.jpg,real,test,0,0.0785883218050003,0,clean,medium
/media/D1/ait_users/staff122/deepfake_project/outputs_deepfake_project/dfdc_subset_77_jpg/test/real/real_001896.jpg,real,test,0,0.08551237732172012,0,clean,medium
/media/D1/ait_users/staff122/deepfake_project/outputs_deepfake_project/dfdc_subset_77_jpg/test/real/real_001897.jpg,real,test,0,0.16492900252342224,0,clean,medium
/media/D1/ait_users/staff122/deepfake_project/outputs_deepfake_project/dfdc_subset_77_jpg/test/real/real_001898.jpg,real,test,0,0.10243970900774002,0,clean,medium
/media/D1/ait_users/staff122/deepfake_project/outputs_deepfake_project/dfdc_subset_77_jpg/test/real/real_001899.jpg,real,test,0,0.7761103510856628,1,clean,medium
/media/D1/ait_users/staff122/deepfake_project/outputs_deepfake_project/dfdc_subset_77_jpg/test/real/real_001900.jpg,real,test,0,0.30365633964538574,0,clean,medium
/media/D1/ait_users/staff122/deepfake_project/outputs_deepfake_project/dfdc_subset_77_jpg/test/real/real_001901.jpg,real,test,0,0.37454891204833984,0,clean,medium
/media/D1/ait_users/staff122/deepfake_project/outputs_deepfake_project/dfdc_subset_77_jpg/test/real/real_001902.jpg,real,test,0,0.2510819733142853,0,clean,medium
/media/D1/ait_users/staff122/deepfake_project/outputs_deepfake_project/dfdc_subset_77_jpg/test/real/real_001903.jpg,real,test,0,0.16315661370754242,0,clean,medium
/media/D1/ait_users/staff122/deepfake_project/outputs_deepfake_project/dfdc_subset_77_jpg/test/real/real_001904.jpg,real,test,0,0.4527775049209595,0,clean,medium
/media/D1/ait_users/staff122/deepfake_project/outputs_deepfake_project/dfdc_subset_77_jpg/test/real/real_001905.jpg,real,test,0,0.25201910734176636,0,clean,medium
/media/D1/ait_users/staff122/deepfake_project/outputs_deepfake_project/dfdc_subset_77_jpg/test/real/real_001906.jpg,real,test,0,0.31549856066703796,0,clean,medium
/media/D1/ait_users/staff122/deepfake_project/outputs_deepfake_project/dfdc_subset_77_jpg/test/real/real_001907.jpg,real,test,0,0.19449380040168762,0,clean,medium
/media/D1/ait_users/staff122/deepfake_project/outputs_deepfake_project/dfdc_subset_77_jpg/test/real/real_001908.jpg,real,test,0,0.4196628928184509,0,clean,medium
/media/D1/ait_users/staff122/deepfake_project/outputs_deepfake_project/dfdc_subset_77_jpg/test/real/real_001909.jpg,real,test,0,0.49749696254730225,0,clean,medium
/media/D1/ait_users/staff122/deepfake_project/outputs_deepfake_project/dfdc_subset_77_jpg/test/real/real_001910.jpg,real,test,0,0.18009305000305176,0,clean,medium
/media/D1/ait_users/staff122/deepfake_project/outputs_deepfake_project/dfdc_subset_77_jpg/test/real/real_001911.jpg,real,test,0,0.4127029776573181,0,clean,medium
/media/D1/ait_users/staff122/deepfake_project/outputs_deepfake_project/dfdc_subset_77_jpg/test/real/real_001912.jpg,real,test,0,0.18779580295085907,0,clean,medium
/media/D1/ait_users/staff122/deepfake_project/outputs_deepfake_project/dfdc_subset_77_jpg/test/real/real_001913.jpg,real,test,0,0.1416691541671753,0,clean,medium
/media/D1/ait_users/staff122/deepfake_project/outputs_deepfake_project/dfdc_subset_77_jpg/test/real/real_001914.jpg,real,test,0,0.13361696898937225,0,clean,medium
/media/D1/ait_users/staff122/deepfake_project/outputs_deepfake_project/dfdc_subset_77_jpg/test/real/real_001915.jpg,real,test,0,0.21709075570106506,0,clean,medium
/media/D1/ait_users/staff122/deepfake_project/outputs_deepfake_project/dfdc_subset_77_jpg/test/real/real_001916.jpg,real,test,0,0.09243729710578918,0,clean,medium
/media/D1/ait_users/staff122/deepfake_project/outputs_deepfake_project/dfdc_subset_77_jpg/test/real/real_001917.jpg,real,test,0,0.5310473442077637,1,clean,medium
/media/D1/ait_users/staff122/deepfake_project/outputs_deepfake_project/dfdc_subset_77_jpg/test/real/real_001918.jpg,real,test,0,0.11869759112596512,0,clean,medium
/media/D1/ait_users/staff122/deepfake_project/outputs_deepfake_project/dfdc_subset_77_jpg/test/real/real_001919.jpg,real,test,0,0.7005021572113037,1,clean,medium
/media/D1/ait_users/staff122/deepfake_project/outputs_deepfake_project/dfdc_subset_77_jpg/test/real/real_001920.jpg,real,test,0,0.05175578594207764,0,clean,medium
/media/D1/ait_users/staff122/deepfake_project/outputs_deepfake_project/dfdc_subset_77_jpg/test/real/real_001921.jpg,real,test,0,0.10577523708343506,0,clean,medium
/media/D1/ait_users/staff122/deepfake_project/outputs_deepfake_project/dfdc_subset_77_jpg/test/real/real_001922.jpg,real,test,0,0.19894862174987793,0,clean,medium
/media/D1/ait_users/staff122/deepfake_project/outputs_deepfake_project/dfdc_subset_77_jpg/test/real/real_001923.jpg,real,test,0,0.46403956413269043,0,clean,medium
/media/D1/ait_users/staff122/deepfake_project/outputs_deepfake_project/dfdc_subset_77_jpg/test/real/real_001924.jpg,real,test,0,0.1582624316215515,0,clean,medium
/media/D1/ait_users/staff122/deepfake_project/outputs_deepfake_project/dfdc_subset_77_jpg/test/real/real_001925.jpg,real,test,0,0.0783054530620575,0,clean,medium
/media/D1/ait_users/staff122/deepfake_project/outputs_deepfake_project/dfdc_subset_77_jpg/test/real/real_001926.jpg,real,test,0,0.17193567752838135,0,clean,medium
/media/D1/ait_users/staff122/deepfake_project/outputs_deepfake_project/dfdc_subset_77_jpg/test/real/real_001927.jpg,real,test,0,0.22234506905078888,0,clean,medium
/media/D1/ait_users/staff122/deepfake_project/outputs_deepfake_project/dfdc_subset_77_jpg/test/real/real_001928.jpg,real,test,0,0.2197519987821579,0,clean,medium
/media/D1/ait_users/staff122/deepfake_project/outputs_deepfake_project/dfdc_subset_77_jpg/test/real/real_001929.jpg,real,test,0,0.2827262282371521,0,clean,medium
/media/D1/ait_users/staff122/deepfake_project/outputs_deepfake_project/dfdc_subset_77_jpg/test/real/real_001930.jpg,real,test,0,0.5621570944786072,1,clean,medium
/media/D1/ait_users/staff122/deepfake_project/outputs_deepfake_project/dfdc_subset_77_jpg/test/real/real_001931.jpg,real,test,0,0.7561439275741577,1,clean,medium
/media/D1/ait_users/staff122/deepfake_project/outputs_deepfake_project/dfdc_subset_77_jpg/test/real/real_001932.jpg,real,test,0,0.7669702172279358,1,clean,medium
/media/D1/ait_users/staff122/deepfake_project/outputs_deepfake_project/dfdc_subset_77_jpg/test/real/real_001933.jpg,real,test,0,0.5508849620819092,1,clean,medium
/media/D1/ait_users/staff122/deepfake_project/outputs_deepfake_project/dfdc_subset_77_jpg/test/real/real_001934.jpg,real,test,0,0.3154945373535156,0,clean,medium
/media/D1/ait_users/staff122/deepfake_project/outputs_deepfake_project/dfdc_subset_77_jpg/test/real/real_001935.jpg,real,test,0,0.22449283301830292,0,clean,medium
/media/D1/ait_users/staff122/deepfake_project/outputs_deepfake_project/dfdc_subset_77_jpg/test/real/real_001936.jpg,real,test,0,0.6320112943649292,1,clean,medium
/media/D1/ait_users/staff122/deepfake_project/outputs_deepfake_project/dfdc_subset_77_jpg/test/real/real_001937.jpg,real,test,0,0.8927608728408813,1,clean,medium
/media/D1/ait_users/staff122/deepfake_project/outputs_deepfake_project/dfdc_subset_77_jpg/test/real/real_001938.jpg,real,test,0,0.7608515024185181,1,clean,medium
/media/D1/ait_users/staff122/deepfake_project/outputs_deepfake_project/dfdc_subset_77_jpg/test/real/real_001939.jpg,real,test,0,0.7780449390411377,1,clean,medium
/media/D1/ait_users/staff122/deepfake_project/outputs_deepfake_project/dfdc_subset_77_jpg/test/real/real_001940.jpg,real,test,0,0.363252192735672,0,clean,medium
/media/D1/ait_users/staff122/deepfake_project/outputs_deepfake_project/dfdc_subset_77_jpg/test/real/real_001941.jpg,real,test,0,0.3273893892765045,0,clean,medium
/media/D1/ait_users/staff122/deepfake_project/outputs_deepfake_project/dfdc_subset_77_jpg/test/real/real_001942.jpg,real,test,0,0.5523592233657837,1,clean,medium
/media/D1/ait_users/staff122/deepfake_project/outputs_deepfake_project/dfdc_subset_77_jpg/test/real/real_001943.jpg,real,test,0,0.34983375668525696,0,clean,medium
/media/D1/ait_users/staff122/deepfake_project/outputs_deepfake_project/dfdc_subset_77_jpg/test/real/real_001944.jpg,real,test,0,0.19213639199733734,0,clean,medium
/media/D1/ait_users/staff122/deepfake_project/outputs_deepfake_project/dfdc_subset_77_jpg/test/real/real_001945.jpg,real,test,0,0.4931547939777374,0,clean,medium
/media/D1/ait_users/staff122/deepfake_project/outputs_deepfake_project/dfdc_subset_77_jpg/test/real/real_001946.jpg,real,test,0,0.4534679353237152,0,clean,medium
/media/D1/ait_users/staff122/deepfake_project/outputs_deepfake_project/dfdc_subset_77_jpg/test/real/real_001947.jpg,real,test,0,0.33927714824676514,0,clean,medium
/media/D1/ait_users/staff122/deepfake_project/outputs_deepfake_project/dfdc_subset_77_jpg/test/real/real_001948.jpg,real,test,0,0.07953017950057983,0,clean,medium
/media/D1/ait_users/staff122/deepfake_project/outputs_deepfake_project/dfdc_subset_77_jpg/test/real/real_001949.jpg,real,test,0,0.3914119303226471,0,clean,medium
/media/D1/ait_users/staff122/deepfake_project/outputs_deepfake_project/dfdc_subset_77_jpg/test/real/real_001950.jpg,real,test,0,0.3599325120449066,0,clean,medium
/media/D1/ait_users/staff122/deepfake_project/outputs_deepfake_project/dfdc_subset_77_jpg/test/real/real_001951.jpg,real,test,0,0.3418203294277191,0,clean,medium
/media/D1/ait_users/staff122/deepfake_project/outputs_deepfake_project/dfdc_subset_77_jpg/test/real/real_001952.jpg,real,test,0,0.8656792044639587,1,clean,medium
/media/D1/ait_users/staff122/deepfake_project/outputs_deepfake_project/dfdc_subset_77_jpg/test/real/real_001953.jpg,real,test,0,0.017549172043800354,0,clean,medium
/media/D1/ait_users/staff122/deepfake_project/outputs_deepfake_project/dfdc_subset_77_jpg/test/real/real_001954.jpg,real,test,0,0.008747612126171589,0,clean,medium
/media/D1/ait_users/staff122/deepfake_project/outputs_deepfake_project/dfdc_subset_77_jpg/test/real/real_001955.jpg,real,test,0,0.011829111725091934,0,clean,medium
/media/D1/ait_users/staff122/deepfake_project/outputs_deepfake_project/dfdc_subset_77_jpg/test/real/real_001956.jpg,real,test,0,0.22901731729507446,0,clean,medium
/media/D1/ait_users/staff122/deepfake_project/outputs_deepfake_project/dfdc_subset_77_jpg/test/real/real_001957.jpg,real,test,0,0.18902675807476044,0,clean,medium
/media/D1/ait_users/staff122/deepfake_project/outputs_deepfake_project/dfdc_subset_77_jpg/test/real/real_001958.jpg,real,test,0,0.03686084225773811,0,clean,medium
/media/D1/ait_users/staff122/deepfake_project/outputs_deepfake_project/dfdc_subset_77_jpg/test/real/real_001959.jpg,real,test,0,0.10530304908752441,0,clean,medium
/media/D1/ait_users/staff122/deepfake_project/outputs_deepfake_project/dfdc_subset_77_jpg/test/real/real_001960.jpg,real,test,0,0.021370578557252884,0,clean,medium
/media/D1/ait_users/staff122/deepfake_project/outputs_deepfake_project/dfdc_subset_77_jpg/test/real/real_001961.jpg,real,test,0,0.016920464113354683,0,clean,medium
/media/D1/ait_users/staff122/deepfake_project/outputs_deepfake_project/dfdc_subset_77_jpg/test/real/real_001962.jpg,real,test,0,0.011746532283723354,0,clean,medium
/media/D1/ait_users/staff122/deepfake_project/outputs_deepfake_project/dfdc_subset_77_jpg/test/real/real_001963.jpg,real,test,0,0.032549165189266205,0,clean,medium
/media/D1/ait_users/staff122/deepfake_project/outputs_deepfake_project/dfdc_subset_77_jpg/test/real/real_001964.jpg,real,test,0,0.1364099085330963,0,clean,medium
/media/D1/ait_users/staff122/deepfake_project/outputs_deepfake_project/dfdc_subset_77_jpg/test/real/real_001965.jpg,real,test,0,0.21142543852329254,0,clean,medium
/media/D1/ait_users/staff122/deepfake_project/outputs_deepfake_project/dfdc_subset_77_jpg/test/real/real_001966.jpg,real,test,0,0.19713228940963745,0,clean,medium
/media/D1/ait_users/staff122/deepfake_project/outputs_deepfake_project/dfdc_subset_77_jpg/test/real/real_001967.jpg,real,test,0,0.017700256779789925,0,clean,medium
/media/D1/ait_users/staff122/deepfake_project/outputs_deepfake_project/dfdc_subset_77_jpg/test/real/real_001968.jpg,real,test,0,0.47072359919548035,0,clean,medium
/media/D1/ait_users/staff122/deepfake_project/outputs_deepfake_project/dfdc_subset_77_jpg/test/real/real_001969.jpg,real,test,0,0.19918705523014069,0,clean,medium
/media/D1/ait_users/staff122/deepfake_project/outputs_deepfake_project/dfdc_subset_77_jpg/test/real/real_001970.jpg,real,test,0,0.19434893131256104,0,clean,medium
/media/D1/ait_users/staff122/deepfake_project/outputs_deepfake_project/dfdc_subset_77_jpg/test/real/real_001971.jpg,real,test,0,0.0449950136244297,0,clean,medium
/media/D1/ait_users/staff122/deepfake_project/outputs_deepfake_project/dfdc_subset_77_jpg/test/real/real_001972.jpg,real,test,0,0.009523763321340084,0,clean,medium
/media/D1/ait_users/staff122/deepfake_project/outputs_deepfake_project/dfdc_subset_77_jpg/test/real/real_001973.jpg,real,test,0,0.06734053790569305,0,clean,medium
/media/D1/ait_users/staff122/deepfake_project/outputs_deepfake_project/dfdc_subset_77_jpg/test/real/real_001974.jpg,real,test,0,0.472467303276062,0,clean,medium
/media/D1/ait_users/staff122/deepfake_project/outputs_deepfake_project/dfdc_subset_77_jpg/test/real/real_001975.jpg,real,test,0,0.49833810329437256,0,clean,medium
/media/D1/ait_users/staff122/deepfake_project/outputs_deepfake_project/dfdc_subset_77_jpg/test/real/real_001976.jpg,real,test,0,0.4836099147796631,0,clean,medium
/media/D1/ait_users/staff122/deepfake_project/outputs_deepfake_project/dfdc_subset_77_jpg/test/real/real_001977.jpg,real,test,0,0.013515602797269821,0,clean,medium
/media/D1/ait_users/staff122/deepfake_project/outputs_deepfake_project/dfdc_subset_77_jpg/test/real/real_001978.jpg,real,test,0,0.30394887924194336,0,clean,medium
/media/D1/ait_users/staff122/deepfake_project/outputs_deepfake_project/dfdc_subset_77_jpg/test/real/real_001979.jpg,real,test,0,0.5131173133850098,1,clean,medium
/media/D1/ait_users/staff122/deepfake_project/outputs_deepfake_project/dfdc_subset_77_jpg/test/real/real_001980.jpg,real,test,0,0.22968442738056183,0,clean,medium
/media/D1/ait_users/staff122/deepfake_project/outputs_deepfake_project/dfdc_subset_77_jpg/test/real/real_001981.jpg,real,test,0,0.00931693334132433,0,clean,medium
/media/D1/ait_users/staff122/deepfake_project/outputs_deepfake_project/dfdc_subset_77_jpg/test/real/real_001982.jpg,real,test,0,0.49231600761413574,0,clean,medium
/media/D1/ait_users/staff122/deepfake_project/outputs_deepfake_project/dfdc_subset_77_jpg/test/real/real_001983.jpg,real,test,0,0.3758736252784729,0,clean,medium
/media/D1/ait_users/staff122/deepfake_project/outputs_deepfake_project/dfdc_subset_77_jpg/test/real/real_001984.jpg,real,test,0,0.048106346279382706,0,clean,medium
/media/D1/ait_users/staff122/deepfake_project/outputs_deepfake_project/dfdc_subset_77_jpg/test/real/real_001985.jpg,real,test,0,0.47287511825561523,0,clean,medium
/media/D1/ait_users/staff122/deepfake_project/outputs_deepfake_project/dfdc_subset_77_jpg/test/real/real_001986.jpg,real,test,0,0.48410290479660034,0,clean,medium
/media/D1/ait_users/staff122/deepfake_project/outputs_deepfake_project/dfdc_subset_77_jpg/test/real/real_001987.jpg,real,test,0,0.4825168550014496,0,clean,medium
/media/D1/ait_users/staff122/deepfake_project/outputs_deepfake_project/dfdc_subset_77_jpg/test/real/real_001988.jpg,real,test,0,0.48413267731666565,0,clean,medium
/media/D1/ait_users/staff122/deepfake_project/outputs_deepfake_project/dfdc_subset_77_jpg/test/real/real_001989.jpg,real,test,0,0.4912732243537903,0,clean,medium
/media/D1/ait_users/staff122/deepfake_project/outputs_deepfake_project/dfdc_subset_77_jpg/test/real/real_001990.jpg,real,test,0,0.28540846705436707,0,clean,medium
/media/D1/ait_users/staff122/deepfake_project/outputs_deepfake_project/dfdc_subset_77_jpg/test/real/real_001991.jpg,real,test,0,0.47456398606300354,0,clean,medium
/media/D1/ait_users/staff122/deepfake_project/outputs_deepfake_project/dfdc_subset_77_jpg/test/real/real_001992.jpg,real,test,0,0.4742814898490906,0,clean,medium
/media/D1/ait_users/staff122/deepfake_project/outputs_deepfake_project/dfdc_subset_77_jpg/test/real/real_001993.jpg,real,test,0,0.42847368121147156,0,clean,medium
/media/D1/ait_users/staff122/deepfake_project/outputs_deepfake_project/dfdc_subset_77_jpg/test/real/real_001994.jpg,real,test,0,0.43180936574935913,0,clean,medium
/media/D1/ait_users/staff122/deepfake_project/outputs_deepfake_project/dfdc_subset_77_jpg/test/real/real_001995.jpg,real,test,0,0.47225478291511536,0,clean,medium
/media/D1/ait_users/staff122/deepfake_project/outputs_deepfake_project/dfdc_subset_77_jpg/test/real/real_001996.jpg,real,test,0,0.4749186038970947,0,clean,medium
/media/D1/ait_users/staff122/deepfake_project/outputs_deepfake_project/dfdc_subset_77_jpg/test/real/real_001997.jpg,real,test,0,0.021274706348776817,0,clean,medium
/media/D1/ait_users/staff122/deepfake_project/outputs_deepfake_project/dfdc_subset_77_jpg/test/real/real_001998.jpg,real,test,0,0.028106868267059326,0,clean,medium
/media/D1/ait_users/staff122/deepfake_project/outputs_deepfake_project/dfdc_subset_77_jpg/test/real/real_001999.jpg,real,test,0,0.4965733289718628,0,clean,medium
/media/D1/ait_users/staff122/deepfake_project/outputs_deepfake_project/dfdc_subset_77_jpg/test/real/real_002000.jpg,real,test,0,0.04060477763414383,0,clean,medium
/media/D1/ait_users/staff122/deepfake_project/outputs_deepfake_project/dfdc_subset_77_jpg/test/real/real_002001.jpg,real,test,0,0.49596112966537476,0,clean,medium
/media/D1/ait_users/staff122/deepfake_project/outputs_deepfake_project/dfdc_subset_77_jpg/test/real/real_002002.jpg,real,test,0,0.47369441390037537,0,clean,medium
/media/D1/ait_users/staff122/deepfake_project/outputs_deepfake_project/dfdc_subset_77_jpg/test/real/real_002003.jpg,real,test,0,0.07130212336778641,0,clean,medium
/media/D1/ait_users/staff122/deepfake_project/outputs_deepfake_project/dfdc_subset_77_jpg/test/real/real_002004.jpg,real,test,0,0.03206092119216919,0,clean,medium
/media/D1/ait_users/staff122/deepfake_project/outputs_deepfake_project/dfdc_subset_77_jpg/test/real/real_002005.jpg,real,test,0,0.4788672924041748,0,clean,medium
/media/D1/ait_users/staff122/deepfake_project/outputs_deepfake_project/dfdc_subset_77_jpg/test/real/real_002006.jpg,real,test,0,0.4775330126285553,0,clean,medium
/media/D1/ait_users/staff122/deepfake_project/outputs_deepfake_project/dfdc_subset_77_jpg/test/real/real_002007.jpg,real,test,0,0.48150190711021423,0,clean,medium
/media/D1/ait_users/staff122/deepfake_project/outputs_deepfake_project/dfdc_subset_77_jpg/test/real/real_002008.jpg,real,test,0,0.49569955468177795,0,clean,medium
/media/D1/ait_users/staff122/deepfake_project/outputs_deepfake_project/dfdc_subset_77_jpg/test/real/real_002009.jpg,real,test,0,0.039792269468307495,0,clean,medium
/media/D1/ait_users/staff122/deepfake_project/outputs_deepfake_project/dfdc_subset_77_jpg/test/real/real_002010.jpg,real,test,0,0.03248824551701546,0,clean,medium
/media/D1/ait_users/staff122/deepfake_project/outputs_deepfake_project/dfdc_subset_77_jpg/test/real/real_002011.jpg,real,test,0,0.5167640447616577,1,clean,medium
/media/D1/ait_users/staff122/deepfake_project/outputs_deepfake_project/dfdc_subset_77_jpg/test/real/real_002012.jpg,real,test,0,0.06676076352596283,0,clean,medium
/media/D1/ait_users/staff122/deepfake_project/outputs_deepfake_project/dfdc_subset_77_jpg/test/real/real_002013.jpg,real,test,0,0.01480212900787592,0,clean,medium
/media/D1/ait_users/staff122/deepfake_project/outputs_deepfake_project/dfdc_subset_77_jpg/test/real/real_002014.jpg,real,test,0,0.03597842529416084,0,clean,medium
/media/D1/ait_users/staff122/deepfake_project/outputs_deepfake_project/dfdc_subset_77_jpg/test/real/real_002015.jpg,real,test,0,0.4683254361152649,0,clean,medium
/media/D1/ait_users/staff122/deepfake_project/outputs_deepfake_project/dfdc_subset_77_jpg/test/real/real_002016.jpg,real,test,0,0.1552795022726059,0,clean,medium
/media/D1/ait_users/staff122/deepfake_project/outputs_deepfake_project/dfdc_subset_77_jpg/test/real/real_002017.jpg,real,test,0,0.21311721205711365,0,clean,medium
/media/D1/ait_users/staff122/deepfake_project/outputs_deepfake_project/dfdc_subset_77_jpg/test/real/real_002018.jpg,real,test,0,0.2413886934518814,0,clean,medium
/media/D1/ait_users/staff122/deepfake_project/outputs_deepfake_project/dfdc_subset_77_jpg/test/real/real_002019.jpg,real,test,0,0.17631158232688904,0,clean,medium
/media/D1/ait_users/staff122/deepfake_project/outputs_deepfake_project/dfdc_subset_77_jpg/test/real/real_002020.jpg,real,test,0,0.19684849679470062,0,clean,medium
/media/D1/ait_users/staff122/deepfake_project/outputs_deepfake_project/dfdc_subset_77_jpg/test/real/real_002021.jpg,real,test,0,0.1740163117647171,0,clean,medium
/media/D1/ait_users/staff122/deepfake_project/outputs_deepfake_project/dfdc_subset_77_jpg/test/real/real_002022.jpg,real,test,0,0.1385417878627777,0,clean,medium
/media/D1/ait_users/staff122/deepfake_project/outputs_deepfake_project/dfdc_subset_77_jpg/test/real/real_002023.jpg,real,test,0,0.10155580937862396,0,clean,medium
/media/D1/ait_users/staff122/deepfake_project/outputs_deepfake_project/dfdc_subset_77_jpg/test/real/real_002024.jpg,real,test,0,0.13518986105918884,0,clean,medium
/media/D1/ait_users/staff122/deepfake_project/outputs_deepfake_project/dfdc_subset_77_jpg/test/real/real_002025.jpg,real,test,0,0.1477237045764923,0,clean,medium
/media/D1/ait_users/staff122/deepfake_project/outputs_deepfake_project/dfdc_subset_77_jpg/test/real/real_002026.jpg,real,test,0,0.10990569740533829,0,clean,medium
/media/D1/ait_users/staff122/deepfake_project/outputs_deepfake_project/dfdc_subset_77_jpg/test/real/real_002027.jpg,real,test,0,0.12789946794509888,0,clean,medium
/media/D1/ait_users/staff122/deepfake_project/outputs_deepfake_project/dfdc_subset_77_jpg/test/real/real_002028.jpg,real,test,0,0.21917690336704254,0,clean,medium
/media/D1/ait_users/staff122/deepfake_project/outputs_deepfake_project/dfdc_subset_77_jpg/test/real/real_002029.jpg,real,test,0,0.15156671404838562,0,clean,medium
/media/D1/ait_users/staff122/deepfake_project/outputs_deepfake_project/dfdc_subset_77_jpg/test/real/real_002030.jpg,real,test,0,0.19752921164035797,0,clean,medium
/media/D1/ait_users/staff122/deepfake_project/outputs_deepfake_project/dfdc_subset_77_jpg/test/real/real_002031.jpg,real,test,0,0.22377081215381622,0,clean,medium
/media/D1/ait_users/staff122/deepfake_project/outputs_deepfake_project/dfdc_subset_77_jpg/test/real/real_002032.jpg,real,test,0,0.2589832544326782,0,clean,medium
/media/D1/ait_users/staff122/deepfake_project/outputs_deepfake_project/dfdc_subset_77_jpg/test/real/real_002033.jpg,real,test,0,0.2156524807214737,0,clean,medium
/media/D1/ait_users/staff122/deepfake_project/outputs_deepfake_project/dfdc_subset_77_jpg/test/real/real_002034.jpg,real,test,0,0.28545302152633667,0,clean,medium
/media/D1/ait_users/staff122/deepfake_project/outputs_deepfake_project/dfdc_subset_77_jpg/test/real/real_002035.jpg,real,test,0,0.21117135882377625,0,clean,medium
/media/D1/ait_users/staff122/deepfake_project/outputs_deepfake_project/dfdc_subset_77_jpg/test/real/real_002036.jpg,real,test,0,0.28822723031044006,0,clean,medium
/media/D1/ait_users/staff122/deepfake_project/outputs_deepfake_project/dfdc_subset_77_jpg/test/real/real_002037.jpg,real,test,0,0.3443268835544586,0,clean,medium
/media/D1/ait_users/staff122/deepfake_project/outputs_deepfake_project/dfdc_subset_77_jpg/test/real/real_002038.jpg,real,test,0,0.35362479090690613,0,clean,medium
/media/D1/ait_users/staff122/deepfake_project/outputs_deepfake_project/dfdc_subset_77_jpg/test/real/real_002039.jpg,real,test,0,0.26216697692871094,0,clean,medium
/media/D1/ait_users/staff122/deepfake_project/outputs_deepfake_project/dfdc_subset_77_jpg/test/real/real_002040.jpg,real,test,0,0.33056914806365967,0,clean,medium
/media/D1/ait_users/staff122/deepfake_project/outputs_deepfake_project/dfdc_subset_77_jpg/test/real/real_002041.jpg,real,test,0,0.17173773050308228,0,clean,medium
/media/D1/ait_users/staff122/deepfake_project/outputs_deepfake_project/dfdc_subset_77_jpg/test/real/real_002042.jpg,real,test,0,0.317415714263916,0,clean,medium
/media/D1/ait_users/staff122/deepfake_project/outputs_deepfake_project/dfdc_subset_77_jpg/test/real/real_002043.jpg,real,test,0,0.2818361818790436,0,clean,medium
/media/D1/ait_users/staff122/deepfake_project/outputs_deepfake_project/dfdc_subset_77_jpg/test/real/real_002044.jpg,real,test,0,0.22335326671600342,0,clean,medium
/media/D1/ait_users/staff122/deepfake_project/outputs_deepfake_project/dfdc_subset_77_jpg/test/real/real_002045.jpg,real,test,0,0.22145631909370422,0,clean,medium
/media/D1/ait_users/staff122/deepfake_project/outputs_deepfake_project/dfdc_subset_77_jpg/test/real/real_002046.jpg,real,test,0,0.19285361468791962,0,clean,medium
/media/D1/ait_users/staff122/deepfake_project/outputs_deepfake_project/dfdc_subset_77_jpg/test/real/real_002047.jpg,real,test,0,0.18823663890361786,0,clean,medium
/media/D1/ait_users/staff122/deepfake_project/outputs_deepfake_project/dfdc_subset_77_jpg/test/real/real_002048.jpg,real,test,0,0.4130576252937317,0,clean,medium
/media/D1/ait_users/staff122/deepfake_project/outputs_deepfake_project/dfdc_subset_77_jpg/test/real/real_002049.jpg,real,test,0,0.776796281337738,1,clean,medium
/media/D1/ait_users/staff122/deepfake_project/outputs_deepfake_project/dfdc_subset_77_jpg/test/real/real_002050.jpg,real,test,0,0.08037370443344116,0,clean,medium
/media/D1/ait_users/staff122/deepfake_project/outputs_deepfake_project/dfdc_subset_77_jpg/test/real/real_002051.jpg,real,test,0,0.06349478662014008,0,clean,medium
/media/D1/ait_users/staff122/deepfake_project/outputs_deepfake_project/dfdc_subset_77_jpg/test/real/real_002052.jpg,real,test,0,0.41699784994125366,0,clean,medium
/media/D1/ait_users/staff122/deepfake_project/outputs_deepfake_project/dfdc_subset_77_jpg/test/real/real_002053.jpg,real,test,0,0.08918321132659912,0,clean,medium
/media/D1/ait_users/staff122/deepfake_project/outputs_deepfake_project/dfdc_subset_77_jpg/test/real/real_002054.jpg,real,test,0,0.09756331145763397,0,clean,medium
/media/D1/ait_users/staff122/deepfake_project/outputs_deepfake_project/dfdc_subset_77_jpg/test/real/real_002055.jpg,real,test,0,0.11379152536392212,0,clean,medium
/media/D1/ait_users/staff122/deepfake_project/outputs_deepfake_project/dfdc_subset_77_jpg/test/real/real_002056.jpg,real,test,0,0.03873616084456444,0,clean,medium
/media/D1/ait_users/staff122/deepfake_project/outputs_deepfake_project/dfdc_subset_77_jpg/test/real/real_002057.jpg,real,test,0,0.019168075174093246,0,clean,medium
/media/D1/ait_users/staff122/deepfake_project/outputs_deepfake_project/dfdc_subset_77_jpg/test/real/real_002058.jpg,real,test,0,0.10032694786787033,0,clean,medium
/media/D1/ait_users/staff122/deepfake_project/outputs_deepfake_project/dfdc_subset_77_jpg/test/real/real_002059.jpg,real,test,0,0.32362571358680725,0,clean,medium
/media/D1/ait_users/staff122/deepfake_project/outputs_deepfake_project/dfdc_subset_77_jpg/test/real/real_002060.jpg,real,test,0,0.6958686709403992,1,clean,medium
/media/D1/ait_users/staff122/deepfake_project/outputs_deepfake_project/dfdc_subset_77_jpg/test/real/real_002061.jpg,real,test,0,0.024560056626796722,0,clean,medium
/media/D1/ait_users/staff122/deepfake_project/outputs_deepfake_project/dfdc_subset_77_jpg/test/real/real_002062.jpg,real,test,0,0.022676516324281693,0,clean,medium
/media/D1/ait_users/staff122/deepfake_project/outputs_deepfake_project/dfdc_subset_77_jpg/test/real/real_002063.jpg,real,test,0,0.016653651371598244,0,clean,medium
/media/D1/ait_users/staff122/deepfake_project/outputs_deepfake_project/dfdc_subset_77_jpg/test/real/real_002064.jpg,real,test,0,0.05369831994175911,0,clean,medium
/media/D1/ait_users/staff122/deepfake_project/outputs_deepfake_project/dfdc_subset_77_jpg/test/real/real_002065.jpg,real,test,0,0.012773406691849232,0,clean,medium
/media/D1/ait_users/staff122/deepfake_project/outputs_deepfake_project/dfdc_subset_77_jpg/test/real/real_002066.jpg,real,test,0,0.2707540690898895,0,clean,medium
/media/D1/ait_users/staff122/deepfake_project/outputs_deepfake_project/dfdc_subset_77_jpg/test/real/real_002067.jpg,real,test,0,0.4044889509677887,0,clean,medium
/media/D1/ait_users/staff122/deepfake_project/outputs_deepfake_project/dfdc_subset_77_jpg/test/real/real_002068.jpg,real,test,0,0.28723129630088806,0,clean,medium
/media/D1/ait_users/staff122/deepfake_project/outputs_deepfake_project/dfdc_subset_77_jpg/test/real/real_002069.jpg,real,test,0,0.06139957532286644,0,clean,medium
/media/D1/ait_users/staff122/deepfake_project/outputs_deepfake_project/dfdc_subset_77_jpg/test/real/real_002070.jpg,real,test,0,0.035310473293066025,0,clean,medium
/media/D1/ait_users/staff122/deepfake_project/outputs_deepfake_project/dfdc_subset_77_jpg/test/real/real_002071.jpg,real,test,0,0.10931266099214554,0,clean,medium
/media/D1/ait_users/staff122/deepfake_project/outputs_deepfake_project/dfdc_subset_77_jpg/test/real/real_002072.jpg,real,test,0,0.0682862177491188,0,clean,medium
/media/D1/ait_users/staff122/deepfake_project/outputs_deepfake_project/dfdc_subset_77_jpg/test/real/real_002073.jpg,real,test,0,0.555594265460968,1,clean,medium
/media/D1/ait_users/staff122/deepfake_project/outputs_deepfake_project/dfdc_subset_77_jpg/test/real/real_002074.jpg,real,test,0,0.22953496873378754,0,clean,medium
/media/D1/ait_users/staff122/deepfake_project/outputs_deepfake_project/dfdc_subset_77_jpg/test/real/real_002075.jpg,real,test,0,0.4554755389690399,0,clean,medium
/media/D1/ait_users/staff122/deepfake_project/outputs_deepfake_project/dfdc_subset_77_jpg/test/real/real_002076.jpg,real,test,0,0.05647856369614601,0,clean,medium
/media/D1/ait_users/staff122/deepfake_project/outputs_deepfake_project/dfdc_subset_77_jpg/test/real/real_002077.jpg,real,test,0,0.060113128274679184,0,clean,medium
/media/D1/ait_users/staff122/deepfake_project/outputs_deepfake_project/dfdc_subset_77_jpg/test/real/real_002078.jpg,real,test,0,0.020418375730514526,0,clean,medium
/media/D1/ait_users/staff122/deepfake_project/outputs_deepfake_project/dfdc_subset_77_jpg/test/real/real_002079.jpg,real,test,0,0.1261366754770279,0,clean,medium
/media/D1/ait_users/staff122/deepfake_project/outputs_deepfake_project/dfdc_subset_77_jpg/test/real/real_002080.jpg,real,test,0,0.05540425702929497,0,clean,medium
/media/D1/ait_users/staff122/deepfake_project/outputs_deepfake_project/dfdc_subset_77_jpg/test/real/real_002081.jpg,real,test,0,0.05878249555826187,0,clean,medium
/media/D1/ait_users/staff122/deepfake_project/outputs_deepfake_project/dfdc_subset_77_jpg/test/real/real_002082.jpg,real,test,0,0.18622887134552002,0,clean,medium
/media/D1/ait_users/staff122/deepfake_project/outputs_deepfake_project/dfdc_subset_77_jpg/test/real/real_002083.jpg,real,test,0,0.031855542212724686,0,clean,medium
/media/D1/ait_users/staff122/deepfake_project/outputs_deepfake_project/dfdc_subset_77_jpg/test/real/real_002084.jpg,real,test,0,0.0474761538207531,0,clean,medium
/media/D1/ait_users/staff122/deepfake_project/outputs_deepfake_project/dfdc_subset_77_jpg/test/real/real_002085.jpg,real,test,0,0.07794108986854553,0,clean,medium
/media/D1/ait_users/staff122/deepfake_project/outputs_deepfake_project/dfdc_subset_77_jpg/test/real/real_002086.jpg,real,test,0,0.2474544644355774,0,clean,medium
/media/D1/ait_users/staff122/deepfake_project/outputs_deepfake_project/dfdc_subset_77_jpg/test/real/real_002087.jpg,real,test,0,0.5582776665687561,1,clean,medium
/media/D1/ait_users/staff122/deepfake_project/outputs_deepfake_project/dfdc_subset_77_jpg/test/real/real_002088.jpg,real,test,0,0.14382846653461456,0,clean,medium
/media/D1/ait_users/staff122/deepfake_project/outputs_deepfake_project/dfdc_subset_77_jpg/test/real/real_002089.jpg,real,test,0,0.1432785540819168,0,clean,medium
/media/D1/ait_users/staff122/deepfake_project/outputs_deepfake_project/dfdc_subset_77_jpg/test/real/real_002090.jpg,real,test,0,0.10930365324020386,0,clean,medium
/media/D1/ait_users/staff122/deepfake_project/outputs_deepfake_project/dfdc_subset_77_jpg/test/real/real_002091.jpg,real,test,0,0.08764398843050003,0,clean,medium
/media/D1/ait_users/staff122/deepfake_project/outputs_deepfake_project/dfdc_subset_77_jpg/test/real/real_002092.jpg,real,test,0,0.5763887763023376,1,clean,medium
/media/D1/ait_users/staff122/deepfake_project/outputs_deepfake_project/dfdc_subset_77_jpg/test/real/real_002093.jpg,real,test,0,0.5446571707725525,1,clean,medium
/media/D1/ait_users/staff122/deepfake_project/outputs_deepfake_project/dfdc_subset_77_jpg/test/real/real_002094.jpg,real,test,0,0.11176981776952744,0,clean,medium
/media/D1/ait_users/staff122/deepfake_project/outputs_deepfake_project/dfdc_subset_77_jpg/test/real/real_002095.jpg,real,test,0,0.3730336129665375,0,clean,medium
/media/D1/ait_users/staff122/deepfake_project/outputs_deepfake_project/dfdc_subset_77_jpg/test/real/real_002096.jpg,real,test,0,0.4324145019054413,0,clean,medium
/media/D1/ait_users/staff122/deepfake_project/outputs_deepfake_project/dfdc_subset_77_jpg/test/real/real_002097.jpg,real,test,0,0.3754342198371887,0,clean,medium
/media/D1/ait_users/staff122/deepfake_project/outputs_deepfake_project/dfdc_subset_77_jpg/test/real/real_002098.jpg,real,test,0,0.023143664002418518,0,clean,medium
/media/D1/ait_users/staff122/deepfake_project/outputs_deepfake_project/dfdc_subset_77_jpg/test/real/real_002099.jpg,real,test,0,0.4095492362976074,0,clean,medium
/media/D1/ait_users/staff122/deepfake_project/outputs_deepfake_project/dfdc_subset_77_jpg/test/real/real_002100.jpg,real,test,0,0.04452228173613548,0,clean,medium
/media/D1/ait_users/staff122/deepfake_project/outputs_deepfake_project/dfdc_subset_77_jpg/test/real/real_002101.jpg,real,test,0,0.1047796979546547,0,clean,medium
/media/D1/ait_users/staff122/deepfake_project/outputs_deepfake_project/dfdc_subset_77_jpg/test/real/real_002102.jpg,real,test,0,0.4329250156879425,0,clean,medium
/media/D1/ait_users/staff122/deepfake_project/outputs_deepfake_project/dfdc_subset_77_jpg/test/real/real_002103.jpg,real,test,0,0.7656369805335999,1,clean,medium
/media/D1/ait_users/staff122/deepfake_project/outputs_deepfake_project/dfdc_subset_77_jpg/test/real/real_002104.jpg,real,test,0,0.4838007390499115,0,clean,medium
/media/D1/ait_users/staff122/deepfake_project/outputs_deepfake_project/dfdc_subset_77_jpg/test/real/real_002105.jpg,real,test,0,0.5575289726257324,1,clean,medium
/media/D1/ait_users/staff122/deepfake_project/outputs_deepfake_project/dfdc_subset_77_jpg/test/real/real_002106.jpg,real,test,0,0.07407102733850479,0,clean,medium
/media/D1/ait_users/staff122/deepfake_project/outputs_deepfake_project/dfdc_subset_77_jpg/test/real/real_002107.jpg,real,test,0,0.29966944456100464,0,clean,medium
/media/D1/ait_users/staff122/deepfake_project/outputs_deepfake_project/dfdc_subset_77_jpg/test/real/real_002108.jpg,real,test,0,0.39182475209236145,0,clean,medium
/media/D1/ait_users/staff122/deepfake_project/outputs_deepfake_project/dfdc_subset_77_jpg/test/real/real_002109.jpg,real,test,0,0.7014780044555664,1,clean,medium
/media/D1/ait_users/staff122/deepfake_project/outputs_deepfake_project/dfdc_subset_77_jpg/test/real/real_002110.jpg,real,test,0,0.40151479840278625,0,clean,medium
/media/D1/ait_users/staff122/deepfake_project/outputs_deepfake_project/dfdc_subset_77_jpg/test/real/real_002111.jpg,real,test,0,0.18347741663455963,0,clean,medium
/media/D1/ait_users/staff122/deepfake_project/outputs_deepfake_project/dfdc_subset_77_jpg/test/real/real_002112.jpg,real,test,0,0.4928470253944397,0,clean,medium
/media/D1/ait_users/staff122/deepfake_project/outputs_deepfake_project/dfdc_subset_77_jpg/test/real/real_002113.jpg,real,test,0,0.49077484011650085,0,clean,medium
/media/D1/ait_users/staff122/deepfake_project/outputs_deepfake_project/dfdc_subset_77_jpg/test/real/real_002114.jpg,real,test,0,0.49587884545326233,0,clean,medium
/media/D1/ait_users/staff122/deepfake_project/outputs_deepfake_project/dfdc_subset_77_jpg/test/real/real_002115.jpg,real,test,0,0.012336774729192257,0,clean,medium
/media/D1/ait_users/staff122/deepfake_project/outputs_deepfake_project/dfdc_subset_77_jpg/test/real/real_002116.jpg,real,test,0,0.4639679789543152,0,clean,medium
/media/D1/ait_users/staff122/deepfake_project/outputs_deepfake_project/dfdc_subset_77_jpg/test/real/real_002117.jpg,real,test,0,0.017218174412846565,0,clean,medium
/media/D1/ait_users/staff122/deepfake_project/outputs_deepfake_project/dfdc_subset_77_jpg/test/real/real_002118.jpg,real,test,0,0.031396280974149704,0,clean,medium
/media/D1/ait_users/staff122/deepfake_project/outputs_deepfake_project/dfdc_subset_77_jpg/test/real/real_002119.jpg,real,test,0,0.46824467182159424,0,clean,medium
/media/D1/ait_users/staff122/deepfake_project/outputs_deepfake_project/dfdc_subset_77_jpg/test/real/real_002120.jpg,real,test,0,0.49458566308021545,0,clean,medium
/media/D1/ait_users/staff122/deepfake_project/outputs_deepfake_project/dfdc_subset_77_jpg/test/real/real_002121.jpg,real,test,0,0.01351878885179758,0,clean,medium
/media/D1/ait_users/staff122/deepfake_project/outputs_deepfake_project/dfdc_subset_77_jpg/test/real/real_002122.jpg,real,test,0,0.484591543674469,0,clean,medium
/media/D1/ait_users/staff122/deepfake_project/outputs_deepfake_project/dfdc_subset_77_jpg/test/real/real_002123.jpg,real,test,0,0.4804563522338867,0,clean,medium
/media/D1/ait_users/staff122/deepfake_project/outputs_deepfake_project/dfdc_subset_77_jpg/test/real/real_002124.jpg,real,test,0,0.034989774227142334,0,clean,medium
/media/D1/ait_users/staff122/deepfake_project/outputs_deepfake_project/dfdc_subset_77_jpg/test/real/real_002125.jpg,real,test,0,0.4982508718967438,0,clean,medium
/media/D1/ait_users/staff122/deepfake_project/outputs_deepfake_project/dfdc_subset_77_jpg/test/real/real_002126.jpg,real,test,0,0.022813178598880768,0,clean,medium
/media/D1/ait_users/staff122/deepfake_project/outputs_deepfake_project/dfdc_subset_77_jpg/test/real/real_002127.jpg,real,test,0,0.03924772888422012,0,clean,medium
/media/D1/ait_users/staff122/deepfake_project/outputs_deepfake_project/dfdc_subset_77_jpg/test/real/real_002128.jpg,real,test,0,0.48885291814804077,0,clean,medium
/media/D1/ait_users/staff122/deepfake_project/outputs_deepfake_project/dfdc_subset_77_jpg/test/real/real_002129.jpg,real,test,0,0.5067389607429504,1,clean,medium
/media/D1/ait_users/staff122/deepfake_project/outputs_deepfake_project/dfdc_subset_77_jpg/test/real/real_002130.jpg,real,test,0,0.5730009078979492,1,clean,medium
/media/D1/ait_users/staff122/deepfake_project/outputs_deepfake_project/dfdc_subset_77_jpg/test/real/real_002131.jpg,real,test,0,0.47114017605781555,0,clean,medium
/media/D1/ait_users/staff122/deepfake_project/outputs_deepfake_project/dfdc_subset_77_jpg/test/real/real_002132.jpg,real,test,0,0.4782264232635498,0,clean,medium
/media/D1/ait_users/staff122/deepfake_project/outputs_deepfake_project/dfdc_subset_77_jpg/test/real/real_002133.jpg,real,test,0,0.47763171792030334,0,clean,medium
/media/D1/ait_users/staff122/deepfake_project/outputs_deepfake_project/dfdc_subset_77_jpg/test/real/real_002134.jpg,real,test,0,0.029162373393774033,0,clean,medium
/media/D1/ait_users/staff122/deepfake_project/outputs_deepfake_project/dfdc_subset_77_jpg/test/real/real_002135.jpg,real,test,0,0.008324741385877132,0,clean,medium
/media/D1/ait_users/staff122/deepfake_project/outputs_deepfake_project/dfdc_subset_77_jpg/test/real/real_002136.jpg,real,test,0,0.023124169558286667,0,clean,medium
/media/D1/ait_users/staff122/deepfake_project/outputs_deepfake_project/dfdc_subset_77_jpg/test/real/real_002137.jpg,real,test,0,0.016942432150244713,0,clean,medium
/media/D1/ait_users/staff122/deepfake_project/outputs_deepfake_project/dfdc_subset_77_jpg/test/real/real_002138.jpg,real,test,0,0.44920748472213745,0,clean,medium
/media/D1/ait_users/staff122/deepfake_project/outputs_deepfake_project/dfdc_subset_77_jpg/test/real/real_002139.jpg,real,test,0,0.06344535946846008,0,clean,medium
/media/D1/ait_users/staff122/deepfake_project/outputs_deepfake_project/dfdc_subset_77_jpg/test/real/real_002140.jpg,real,test,0,0.08009178191423416,0,clean,medium
/media/D1/ait_users/staff122/deepfake_project/outputs_deepfake_project/dfdc_subset_77_jpg/test/real/real_002141.jpg,real,test,0,0.4641389846801758,0,clean,medium
/media/D1/ait_users/staff122/deepfake_project/outputs_deepfake_project/dfdc_subset_77_jpg/test/real/real_002142.jpg,real,test,0,0.05592169240117073,0,clean,medium
/media/D1/ait_users/staff122/deepfake_project/outputs_deepfake_project/dfdc_subset_77_jpg/test/real/real_002143.jpg,real,test,0,0.49765923619270325,0,clean,medium
/media/D1/ait_users/staff122/deepfake_project/outputs_deepfake_project/dfdc_subset_77_jpg/test/real/real_002144.jpg,real,test,0,0.24751131236553192,0,clean,medium
/media/D1/ait_users/staff122/deepfake_project/outputs_deepfake_project/dfdc_subset_77_jpg/test/real/real_002145.jpg,real,test,0,0.407156765460968,0,clean,medium
/media/D1/ait_users/staff122/deepfake_project/outputs_deepfake_project/dfdc_subset_77_jpg/test/real/real_002146.jpg,real,test,0,0.8566334843635559,1,clean,medium
/media/D1/ait_users/staff122/deepfake_project/outputs_deepfake_project/dfdc_subset_77_jpg/test/real/real_002147.jpg,real,test,0,0.6436086893081665,1,clean,medium
/media/D1/ait_users/staff122/deepfake_project/outputs_deepfake_project/dfdc_subset_77_jpg/test/real/real_002148.jpg,real,test,0,0.5703582763671875,1,clean,medium
/media/D1/ait_users/staff122/deepfake_project/outputs_deepfake_project/dfdc_subset_77_jpg/test/real/real_002149.jpg,real,test,0,0.3191225826740265,0,clean,medium
/media/D1/ait_users/staff122/deepfake_project/outputs_deepfake_project/dfdc_subset_77_jpg/test/real/real_002150.jpg,real,test,0,0.4095332622528076,0,clean,medium
/media/D1/ait_users/staff122/deepfake_project/outputs_deepfake_project/dfdc_subset_77_jpg/test/real/real_002151.jpg,real,test,0,0.11646898090839386,0,clean,medium
/media/D1/ait_users/staff122/deepfake_project/outputs_deepfake_project/dfdc_subset_77_jpg/test/real/real_002152.jpg,real,test,0,0.8289972543716431,1,clean,medium
/media/D1/ait_users/staff122/deepfake_project/outputs_deepfake_project/dfdc_subset_77_jpg/test/real/real_002153.jpg,real,test,0,0.7118828296661377,1,clean,medium
/media/D1/ait_users/staff122/deepfake_project/outputs_deepfake_project/dfdc_subset_77_jpg/test/real/real_002154.jpg,real,test,0,0.8236986398696899,1,clean,medium
/media/D1/ait_users/staff122/deepfake_project/outputs_deepfake_project/dfdc_subset_77_jpg/test/real/real_002155.jpg,real,test,0,0.8616654872894287,1,clean,medium
/media/D1/ait_users/staff122/deepfake_project/outputs_deepfake_project/dfdc_subset_77_jpg/test/real/real_002156.jpg,real,test,0,0.38271692395210266,0,clean,medium
/media/D1/ait_users/staff122/deepfake_project/outputs_deepfake_project/dfdc_subset_77_jpg/test/real/real_002157.jpg,real,test,0,0.15952974557876587,0,clean,medium
/media/D1/ait_users/staff122/deepfake_project/outputs_deepfake_project/dfdc_subset_77_jpg/test/real/real_002158.jpg,real,test,0,0.4194198548793793,0,clean,medium
/media/D1/ait_users/staff122/deepfake_project/outputs_deepfake_project/dfdc_subset_77_jpg/test/real/real_002159.jpg,real,test,0,0.888276219367981,1,clean,medium
/media/D1/ait_users/staff122/deepfake_project/outputs_deepfake_project/dfdc_subset_77_jpg/test/real/real_002160.jpg,real,test,0,0.830466628074646,1,clean,medium
/media/D1/ait_users/staff122/deepfake_project/outputs_deepfake_project/dfdc_subset_77_jpg/test/real/real_002161.jpg,real,test,0,0.8221787810325623,1,clean,medium
/media/D1/ait_users/staff122/deepfake_project/outputs_deepfake_project/dfdc_subset_77_jpg/test/real/real_002162.jpg,real,test,0,0.4586816132068634,0,clean,medium
/media/D1/ait_users/staff122/deepfake_project/outputs_deepfake_project/dfdc_subset_77_jpg/test/real/real_002163.jpg,real,test,0,0.38420698046684265,0,clean,medium
/media/D1/ait_users/staff122/deepfake_project/outputs_deepfake_project/dfdc_subset_77_jpg/test/real/real_002164.jpg,real,test,0,0.4016255736351013,0,clean,medium
/media/D1/ait_users/staff122/deepfake_project/outputs_deepfake_project/dfdc_subset_77_jpg/test/real/real_002165.jpg,real,test,0,0.4807673394680023,0,clean,medium
/media/D1/ait_users/staff122/deepfake_project/outputs_deepfake_project/dfdc_subset_77_jpg/test/real/real_002166.jpg,real,test,0,0.6092839241027832,1,clean,medium
/media/D1/ait_users/staff122/deepfake_project/outputs_deepfake_project/dfdc_subset_77_jpg/test/real/real_002167.jpg,real,test,0,0.1437835991382599,0,clean,medium
/media/D1/ait_users/staff122/deepfake_project/outputs_deepfake_project/dfdc_subset_77_jpg/test/real/real_002168.jpg,real,test,0,0.6856896877288818,1,clean,medium
/media/D1/ait_users/staff122/deepfake_project/outputs_deepfake_project/dfdc_subset_77_jpg/test/real/real_002169.jpg,real,test,0,0.390808641910553,0,clean,medium
/media/D1/ait_users/staff122/deepfake_project/outputs_deepfake_project/dfdc_subset_77_jpg/test/real/real_002170.jpg,real,test,0,0.5594857335090637,1,clean,medium
/media/D1/ait_users/staff122/deepfake_project/outputs_deepfake_project/dfdc_subset_77_jpg/test/real/real_002171.jpg,real,test,0,0.9209044575691223,1,clean,medium
/media/D1/ait_users/staff122/deepfake_project/outputs_deepfake_project/dfdc_subset_77_jpg/test/real/real_002172.jpg,real,test,0,0.546839714050293,1,clean,medium
/media/D1/ait_users/staff122/deepfake_project/outputs_deepfake_project/dfdc_subset_77_jpg/test/real/real_002173.jpg,real,test,0,0.49556735157966614,0,clean,medium
/media/D1/ait_users/staff122/deepfake_project/outputs_deepfake_project/dfdc_subset_77_jpg/test/real/real_002174.jpg,real,test,0,0.7014439702033997,1,clean,medium
/media/D1/ait_users/staff122/deepfake_project/outputs_deepfake_project/dfdc_subset_77_jpg/test/real/real_002175.jpg,real,test,0,0.45760688185691833,0,clean,medium
/media/D1/ait_users/staff122/deepfake_project/outputs_deepfake_project/dfdc_subset_77_jpg/test/real/real_002176.jpg,real,test,0,0.498774915933609,0,clean,medium
/media/D1/ait_users/staff122/deepfake_project/outputs_deepfake_project/dfdc_subset_77_jpg/test/real/real_002177.jpg,real,test,0,0.023400835692882538,0,clean,medium
/media/D1/ait_users/staff122/deepfake_project/outputs_deepfake_project/dfdc_subset_77_jpg/test/real/real_002178.jpg,real,test,0,0.497225821018219,0,clean,medium
/media/D1/ait_users/staff122/deepfake_project/outputs_deepfake_project/dfdc_subset_77_jpg/test/real/real_002179.jpg,real,test,0,0.47301194071769714,0,clean,medium
/media/D1/ait_users/staff122/deepfake_project/outputs_deepfake_project/dfdc_subset_77_jpg/test/real/real_002180.jpg,real,test,0,0.4660260081291199,0,clean,medium
/media/D1/ait_users/staff122/deepfake_project/outputs_deepfake_project/dfdc_subset_77_jpg/test/real/real_002181.jpg,real,test,0,0.0371721126139164,0,clean,medium
/media/D1/ait_users/staff122/deepfake_project/outputs_deepfake_project/dfdc_subset_77_jpg/test/real/real_002182.jpg,real,test,0,0.07823943346738815,0,clean,medium
/media/D1/ait_users/staff122/deepfake_project/outputs_deepfake_project/dfdc_subset_77_jpg/test/real/real_002183.jpg,real,test,0,0.4971841871738434,0,clean,medium
/media/D1/ait_users/staff122/deepfake_project/outputs_deepfake_project/dfdc_subset_77_jpg/test/real/real_002184.jpg,real,test,0,0.49696260690689087,0,clean,medium
/media/D1/ait_users/staff122/deepfake_project/outputs_deepfake_project/dfdc_subset_77_jpg/test/real/real_002185.jpg,real,test,0,0.49859026074409485,0,clean,medium
/media/D1/ait_users/staff122/deepfake_project/outputs_deepfake_project/dfdc_subset_77_jpg/test/real/real_002186.jpg,real,test,0,0.21313446760177612,0,clean,medium
/media/D1/ait_users/staff122/deepfake_project/outputs_deepfake_project/dfdc_subset_77_jpg/test/real/real_002187.jpg,real,test,0,0.02607589215040207,0,clean,medium
/media/D1/ait_users/staff122/deepfake_project/outputs_deepfake_project/dfdc_subset_77_jpg/test/real/real_002188.jpg,real,test,0,0.49771639704704285,0,clean,medium
/media/D1/ait_users/staff122/deepfake_project/outputs_deepfake_project/dfdc_subset_77_jpg/test/real/real_002189.jpg,real,test,0,0.03424131125211716,0,clean,medium
/media/D1/ait_users/staff122/deepfake_project/outputs_deepfake_project/dfdc_subset_77_jpg/test/real/real_002190.jpg,real,test,0,0.05444328859448433,0,clean,medium
/media/D1/ait_users/staff122/deepfake_project/outputs_deepfake_project/dfdc_subset_77_jpg/test/real/real_002191.jpg,real,test,0,0.49835675954818726,0,clean,medium
/media/D1/ait_users/staff122/deepfake_project/outputs_deepfake_project/dfdc_subset_77_jpg/test/real/real_002192.jpg,real,test,0,0.05182655528187752,0,clean,medium
/media/D1/ait_users/staff122/deepfake_project/outputs_deepfake_project/dfdc_subset_77_jpg/test/real/real_002193.jpg,real,test,0,0.05017416924238205,0,clean,medium
/media/D1/ait_users/staff122/deepfake_project/outputs_deepfake_project/dfdc_subset_77_jpg/test/real/real_002194.jpg,real,test,0,0.07979074120521545,0,clean,medium
/media/D1/ait_users/staff122/deepfake_project/outputs_deepfake_project/dfdc_subset_77_jpg/test/real/real_002195.jpg,real,test,0,0.49942344427108765,0,clean,medium
/media/D1/ait_users/staff122/deepfake_project/outputs_deepfake_project/dfdc_subset_77_jpg/test/real/real_002196.jpg,real,test,0,0.4739827513694763,0,clean,medium
/media/D1/ait_users/staff122/deepfake_project/outputs_deepfake_project/dfdc_subset_77_jpg/test/real/real_002197.jpg,real,test,0,0.02594509907066822,0,clean,medium
/media/D1/ait_users/staff122/deepfake_project/outputs_deepfake_project/dfdc_subset_77_jpg/test/real/real_002198.jpg,real,test,0,0.23060256242752075,0,clean,medium
/media/D1/ait_users/staff122/deepfake_project/outputs_deepfake_project/dfdc_subset_77_jpg/test/real/real_002199.jpg,real,test,0,0.4983504116535187,0,clean,medium
/media/D1/ait_users/staff122/deepfake_project/outputs_deepfake_project/dfdc_subset_77_jpg/test/real/real_002200.jpg,real,test,0,0.4805752635002136,0,clean,medium
/media/D1/ait_users/staff122/deepfake_project/outputs_deepfake_project/dfdc_subset_77_jpg/test/real/real_002201.jpg,real,test,0,0.4975753724575043,0,clean,medium
/media/D1/ait_users/staff122/deepfake_project/outputs_deepfake_project/dfdc_subset_77_jpg/test/real/real_002202.jpg,real,test,0,0.027314482256770134,0,clean,medium
/media/D1/ait_users/staff122/deepfake_project/outputs_deepfake_project/dfdc_subset_77_jpg/test/real/real_002203.jpg,real,test,0,0.03313184902071953,0,clean,medium
/media/D1/ait_users/staff122/deepfake_project/outputs_deepfake_project/dfdc_subset_77_jpg/test/real/real_002204.jpg,real,test,0,0.48300305008888245,0,clean,medium
/media/D1/ait_users/staff122/deepfake_project/outputs_deepfake_project/dfdc_subset_77_jpg/test/real/real_002205.jpg,real,test,0,0.039418842643499374,0,clean,medium
/media/D1/ait_users/staff122/deepfake_project/outputs_deepfake_project/dfdc_subset_77_jpg/test/real/real_002206.jpg,real,test,0,0.48145514726638794,0,clean,medium
/media/D1/ait_users/staff122/deepfake_project/outputs_deepfake_project/dfdc_subset_77_jpg/test/real/real_002207.jpg,real,test,0,0.2790854871273041,0,clean,medium
/media/D1/ait_users/staff122/deepfake_project/outputs_deepfake_project/dfdc_subset_77_jpg/test/real/real_002208.jpg,real,test,0,0.8352649807929993,1,clean,medium
/media/D1/ait_users/staff122/deepfake_project/outputs_deepfake_project/dfdc_subset_77_jpg/test/real/real_002209.jpg,real,test,0,0.4283105731010437,0,clean,medium
/media/D1/ait_users/staff122/deepfake_project/outputs_deepfake_project/dfdc_subset_77_jpg/test/real/real_002210.jpg,real,test,0,0.25883662700653076,0,clean,medium
/media/D1/ait_users/staff122/deepfake_project/outputs_deepfake_project/dfdc_subset_77_jpg/test/real/real_002211.jpg,real,test,0,0.24362815916538239,0,clean,medium
/media/D1/ait_users/staff122/deepfake_project/outputs_deepfake_project/dfdc_subset_77_jpg/test/real/real_002212.jpg,real,test,0,0.43935462832450867,0,clean,medium
/media/D1/ait_users/staff122/deepfake_project/outputs_deepfake_project/dfdc_subset_77_jpg/test/real/real_002213.jpg,real,test,0,0.15139733254909515,0,clean,medium
/media/D1/ait_users/staff122/deepfake_project/outputs_deepfake_project/dfdc_subset_77_jpg/test/real/real_002214.jpg,real,test,0,0.49778157472610474,0,clean,medium
/media/D1/ait_users/staff122/deepfake_project/outputs_deepfake_project/dfdc_subset_77_jpg/test/real/real_002215.jpg,real,test,0,0.4888937473297119,0,clean,medium
/media/D1/ait_users/staff122/deepfake_project/outputs_deepfake_project/dfdc_subset_77_jpg/test/real/real_002216.jpg,real,test,0,0.06181449443101883,0,clean,medium
/media/D1/ait_users/staff122/deepfake_project/outputs_deepfake_project/dfdc_subset_77_jpg/test/real/real_002217.jpg,real,test,0,0.25916624069213867,0,clean,medium
/media/D1/ait_users/staff122/deepfake_project/outputs_deepfake_project/dfdc_subset_77_jpg/test/real/real_002218.jpg,real,test,0,0.051534585654735565,0,clean,medium
/media/D1/ait_users/staff122/deepfake_project/outputs_deepfake_project/dfdc_subset_77_jpg/test/real/real_002219.jpg,real,test,0,0.08239242434501648,0,clean,medium
/media/D1/ait_users/staff122/deepfake_project/outputs_deepfake_project/dfdc_subset_77_jpg/test/real/real_002220.jpg,real,test,0,0.025647778064012527,0,clean,medium
/media/D1/ait_users/staff122/deepfake_project/outputs_deepfake_project/dfdc_subset_77_jpg/test/real/real_002221.jpg,real,test,0,0.011599548161029816,0,clean,medium
/media/D1/ait_users/staff122/deepfake_project/outputs_deepfake_project/dfdc_subset_77_jpg/test/real/real_002222.jpg,real,test,0,0.040471043437719345,0,clean,medium
/media/D1/ait_users/staff122/deepfake_project/outputs_deepfake_project/dfdc_subset_77_jpg/test/real/real_002223.jpg,real,test,0,0.026976000517606735,0,clean,medium
/media/D1/ait_users/staff122/deepfake_project/outputs_deepfake_project/dfdc_subset_77_jpg/test/real/real_002224.jpg,real,test,0,0.47777509689331055,0,clean,medium
/media/D1/ait_users/staff122/deepfake_project/outputs_deepfake_project/dfdc_subset_77_jpg/test/real/real_002225.jpg,real,test,0,0.01607990264892578,0,clean,medium
/media/D1/ait_users/staff122/deepfake_project/outputs_deepfake_project/dfdc_subset_77_jpg/test/real/real_002226.jpg,real,test,0,0.04050077125430107,0,clean,medium
/media/D1/ait_users/staff122/deepfake_project/outputs_deepfake_project/dfdc_subset_77_jpg/test/real/real_002227.jpg,real,test,0,0.01639947108924389,0,clean,medium
/media/D1/ait_users/staff122/deepfake_project/outputs_deepfake_project/dfdc_subset_77_jpg/test/real/real_002228.jpg,real,test,0,0.017087368294596672,0,clean,medium
/media/D1/ait_users/staff122/deepfake_project/outputs_deepfake_project/dfdc_subset_77_jpg/test/real/real_002229.jpg,real,test,0,0.061441484838724136,0,clean,medium
/media/D1/ait_users/staff122/deepfake_project/outputs_deepfake_project/dfdc_subset_77_jpg/test/real/real_002230.jpg,real,test,0,0.09955768287181854,0,clean,medium
/media/D1/ait_users/staff122/deepfake_project/outputs_deepfake_project/dfdc_subset_77_jpg/test/real/real_002231.jpg,real,test,0,0.04117342457175255,0,clean,medium
/media/D1/ait_users/staff122/deepfake_project/outputs_deepfake_project/dfdc_subset_77_jpg/test/real/real_002232.jpg,real,test,0,0.3019084632396698,0,clean,medium
/media/D1/ait_users/staff122/deepfake_project/outputs_deepfake_project/dfdc_subset_77_jpg/test/real/real_002233.jpg,real,test,0,0.05998198688030243,0,clean,medium
/media/D1/ait_users/staff122/deepfake_project/outputs_deepfake_project/dfdc_subset_77_jpg/test/real/real_002234.jpg,real,test,0,0.06354164332151413,0,clean,medium
/media/D1/ait_users/staff122/deepfake_project/outputs_deepfake_project/dfdc_subset_77_jpg/test/real/real_002235.jpg,real,test,0,0.3190156817436218,0,clean,medium
/media/D1/ait_users/staff122/deepfake_project/outputs_deepfake_project/dfdc_subset_77_jpg/test/real/real_002236.jpg,real,test,0,0.08283454179763794,0,clean,medium
/media/D1/ait_users/staff122/deepfake_project/outputs_deepfake_project/dfdc_subset_77_jpg/test/real/real_002237.jpg,real,test,0,0.05085158720612526,0,clean,medium
/media/D1/ait_users/staff122/deepfake_project/outputs_deepfake_project/dfdc_subset_77_jpg/test/real/real_002238.jpg,real,test,0,0.12794660031795502,0,clean,medium
/media/D1/ait_users/staff122/deepfake_project/outputs_deepfake_project/dfdc_subset_77_jpg/test/real/real_002239.jpg,real,test,0,0.4500846564769745,0,clean,medium
/media/D1/ait_users/staff122/deepfake_project/outputs_deepfake_project/dfdc_subset_77_jpg/test/real/real_002240.jpg,real,test,0,0.4663316011428833,0,clean,medium
/media/D1/ait_users/staff122/deepfake_project/outputs_deepfake_project/dfdc_subset_77_jpg/test/real/real_002241.jpg,real,test,0,0.8850528597831726,1,clean,medium
/media/D1/ait_users/staff122/deepfake_project/outputs_deepfake_project/dfdc_subset_77_jpg/test/real/real_002242.jpg,real,test,0,0.7345982789993286,1,clean,medium
/media/D1/ait_users/staff122/deepfake_project/outputs_deepfake_project/dfdc_subset_77_jpg/test/real/real_002243.jpg,real,test,0,0.5664191246032715,1,clean,medium
/media/D1/ait_users/staff122/deepfake_project/outputs_deepfake_project/dfdc_subset_77_jpg/test/real/real_002244.jpg,real,test,0,0.8612072467803955,1,clean,medium
/media/D1/ait_users/staff122/deepfake_project/outputs_deepfake_project/dfdc_subset_77_jpg/test/real/real_002245.jpg,real,test,0,0.8296706080436707,1,clean,medium
/media/D1/ait_users/staff122/deepfake_project/outputs_deepfake_project/dfdc_subset_77_jpg/test/real/real_002246.jpg,real,test,0,0.9497230052947998,1,clean,medium
/media/D1/ait_users/staff122/deepfake_project/outputs_deepfake_project/dfdc_subset_77_jpg/test/real/real_002247.jpg,real,test,0,0.8359231948852539,1,clean,medium
/media/D1/ait_users/staff122/deepfake_project/outputs_deepfake_project/dfdc_subset_77_jpg/test/real/real_002248.jpg,real,test,0,0.7032354474067688,1,clean,medium
/media/D1/ait_users/staff122/deepfake_project/outputs_deepfake_project/dfdc_subset_77_jpg/test/real/real_002249.jpg,real,test,0,0.44246822595596313,0,clean,medium
/media/D1/ait_users/staff122/deepfake_project/outputs_deepfake_project/dfdc_subset_77_jpg/test/real/real_002250.jpg,real,test,0,0.27123069763183594,0,clean,medium
/media/D1/ait_users/staff122/deepfake_project/outputs_deepfake_project/dfdc_subset_77_jpg/test/real/real_002251.jpg,real,test,0,0.7010592818260193,1,clean,medium
/media/D1/ait_users/staff122/deepfake_project/outputs_deepfake_project/dfdc_subset_77_jpg/test/real/real_002252.jpg,real,test,0,0.32595354318618774,0,clean,medium
/media/D1/ait_users/staff122/deepfake_project/outputs_deepfake_project/dfdc_subset_77_jpg/test/real/real_002253.jpg,real,test,0,0.581547200679779,1,clean,medium
/media/D1/ait_users/staff122/deepfake_project/outputs_deepfake_project/dfdc_subset_77_jpg/test/real/real_002254.jpg,real,test,0,0.4987897574901581,0,clean,medium
/media/D1/ait_users/staff122/deepfake_project/outputs_deepfake_project/dfdc_subset_77_jpg/test/real/real_002255.jpg,real,test,0,0.3080493211746216,0,clean,medium
/media/D1/ait_users/staff122/deepfake_project/outputs_deepfake_project/dfdc_subset_77_jpg/test/real/real_002256.jpg,real,test,0,0.32725268602371216,0,clean,medium
/media/D1/ait_users/staff122/deepfake_project/outputs_deepfake_project/dfdc_subset_77_jpg/test/real/real_002257.jpg,real,test,0,0.4651782512664795,0,clean,medium
/media/D1/ait_users/staff122/deepfake_project/outputs_deepfake_project/dfdc_subset_77_jpg/test/real/real_002258.jpg,real,test,0,0.5672450661659241,1,clean,medium
/media/D1/ait_users/staff122/deepfake_project/outputs_deepfake_project/dfdc_subset_77_jpg/test/real/real_002259.jpg,real,test,0,0.8256153464317322,1,clean,medium
/media/D1/ait_users/staff122/deepfake_project/outputs_deepfake_project/dfdc_subset_77_jpg/test/real/real_002260.jpg,real,test,0,0.5237327218055725,1,clean,medium
/media/D1/ait_users/staff122/deepfake_project/outputs_deepfake_project/dfdc_subset_77_jpg/test/real/real_002261.jpg,real,test,0,0.38345661759376526,0,clean,medium
/media/D1/ait_users/staff122/deepfake_project/outputs_deepfake_project/dfdc_subset_77_jpg/test/real/real_002262.jpg,real,test,0,0.4452054500579834,0,clean,medium
/media/D1/ait_users/staff122/deepfake_project/outputs_deepfake_project/dfdc_subset_77_jpg/test/real/real_002263.jpg,real,test,0,0.9227263927459717,1,clean,medium
/media/D1/ait_users/staff122/deepfake_project/outputs_deepfake_project/dfdc_subset_77_jpg/test/real/real_002264.jpg,real,test,0,0.29300811886787415,0,clean,medium
/media/D1/ait_users/staff122/deepfake_project/outputs_deepfake_project/dfdc_subset_77_jpg/test/real/real_002265.jpg,real,test,0,0.7104797959327698,1,clean,medium
/media/D1/ait_users/staff122/deepfake_project/outputs_deepfake_project/dfdc_subset_77_jpg/test/real/real_002266.jpg,real,test,0,0.4199039340019226,0,clean,medium
/media/D1/ait_users/staff122/deepfake_project/outputs_deepfake_project/dfdc_subset_77_jpg/test/real/real_002267.jpg,real,test,0,0.3828740417957306,0,clean,medium
/media/D1/ait_users/staff122/deepfake_project/outputs_deepfake_project/dfdc_subset_77_jpg/test/real/real_002268.jpg,real,test,0,0.5273187756538391,1,clean,medium
/media/D1/ait_users/staff122/deepfake_project/outputs_deepfake_project/dfdc_subset_77_jpg/test/real/real_002269.jpg,real,test,0,0.43550992012023926,0,clean,medium
/media/D1/ait_users/staff122/deepfake_project/outputs_deepfake_project/dfdc_subset_77_jpg/test/real/real_002270.jpg,real,test,0,0.4413054585456848,0,clean,medium
/media/D1/ait_users/staff122/deepfake_project/outputs_deepfake_project/dfdc_subset_77_jpg/test/real/real_002271.jpg,real,test,0,0.3654945194721222,0,clean,medium
/media/D1/ait_users/staff122/deepfake_project/outputs_deepfake_project/dfdc_subset_77_jpg/test/real/real_002272.jpg,real,test,0,0.8257594704627991,1,clean,medium
/media/D1/ait_users/staff122/deepfake_project/outputs_deepfake_project/dfdc_subset_77_jpg/test/real/real_002273.jpg,real,test,0,0.32017841935157776,0,clean,medium
/media/D1/ait_users/staff122/deepfake_project/outputs_deepfake_project/dfdc_subset_77_jpg/test/real/real_002274.jpg,real,test,0,0.8645461797714233,1,clean,medium
/media/D1/ait_users/staff122/deepfake_project/outputs_deepfake_project/dfdc_subset_77_jpg/test/real/real_002275.jpg,real,test,0,0.5242966413497925,1,clean,medium
/media/D1/ait_users/staff122/deepfake_project/outputs_deepfake_project/dfdc_subset_77_jpg/test/real/real_002276.jpg,real,test,0,0.6438367962837219,1,clean,medium
/media/D1/ait_users/staff122/deepfake_project/outputs_deepfake_project/dfdc_subset_77_jpg/test/real/real_002277.jpg,real,test,0,0.03892369940876961,0,clean,medium
/media/D1/ait_users/staff122/deepfake_project/outputs_deepfake_project/dfdc_subset_77_jpg/test/real/real_002278.jpg,real,test,0,0.38162359595298767,0,clean,medium
/media/D1/ait_users/staff122/deepfake_project/outputs_deepfake_project/dfdc_subset_77_jpg/test/real/real_002279.jpg,real,test,0,0.07313749939203262,0,clean,medium
/media/D1/ait_users/staff122/deepfake_project/outputs_deepfake_project/dfdc_subset_77_jpg/test/real/real_002280.jpg,real,test,0,0.3578518331050873,0,clean,medium
/media/D1/ait_users/staff122/deepfake_project/outputs_deepfake_project/dfdc_subset_77_jpg/test/real/real_002281.jpg,real,test,0,0.4506762623786926,0,clean,medium
/media/D1/ait_users/staff122/deepfake_project/outputs_deepfake_project/dfdc_subset_77_jpg/test/real/real_002282.jpg,real,test,0,0.8191269040107727,1,clean,medium
/media/D1/ait_users/staff122/deepfake_project/outputs_deepfake_project/dfdc_subset_77_jpg/test/real/real_002283.jpg,real,test,0,0.5470595359802246,1,clean,medium
/media/D1/ait_users/staff122/deepfake_project/outputs_deepfake_project/dfdc_subset_77_jpg/test/real/real_002284.jpg,real,test,0,0.5978918671607971,1,clean,medium
/media/D1/ait_users/staff122/deepfake_project/outputs_deepfake_project/dfdc_subset_77_jpg/test/real/real_002285.jpg,real,test,0,0.8760166764259338,1,clean,medium
/media/D1/ait_users/staff122/deepfake_project/outputs_deepfake_project/dfdc_subset_77_jpg/test/real/real_002286.jpg,real,test,0,0.10368171334266663,0,clean,medium
/media/D1/ait_users/staff122/deepfake_project/outputs_deepfake_project/dfdc_subset_77_jpg/test/real/real_002287.jpg,real,test,0,0.670616865158081,1,clean,medium
/media/D1/ait_users/staff122/deepfake_project/outputs_deepfake_project/dfdc_subset_77_jpg/test/real/real_002288.jpg,real,test,0,0.32150998711586,0,clean,medium
/media/D1/ait_users/staff122/deepfake_project/outputs_deepfake_project/dfdc_subset_77_jpg/test/real/real_002289.jpg,real,test,0,0.09410647302865982,0,clean,medium
/media/D1/ait_users/staff122/deepfake_project/outputs_deepfake_project/dfdc_subset_77_jpg/test/real/real_002290.jpg,real,test,0,0.25572729110717773,0,clean,medium
/media/D1/ait_users/staff122/deepfake_project/outputs_deepfake_project/dfdc_subset_77_jpg/test/real/real_002291.jpg,real,test,0,0.3936628997325897,0,clean,medium
/media/D1/ait_users/staff122/deepfake_project/outputs_deepfake_project/dfdc_subset_77_jpg/test/real/real_002292.jpg,real,test,0,0.2645520567893982,0,clean,medium
/media/D1/ait_users/staff122/deepfake_project/outputs_deepfake_project/dfdc_subset_77_jpg/test/real/real_002293.jpg,real,test,0,0.6029495596885681,1,clean,medium
/media/D1/ait_users/staff122/deepfake_project/outputs_deepfake_project/dfdc_subset_77_jpg/test/real/real_002294.jpg,real,test,0,0.7119054198265076,1,clean,medium
/media/D1/ait_users/staff122/deepfake_project/outputs_deepfake_project/dfdc_subset_77_jpg/test/real/real_002295.jpg,real,test,0,0.3920511305332184,0,clean,medium
/media/D1/ait_users/staff122/deepfake_project/outputs_deepfake_project/dfdc_subset_77_jpg/test/real/real_002296.jpg,real,test,0,0.14541320502758026,0,clean,medium
/media/D1/ait_users/staff122/deepfake_project/outputs_deepfake_project/dfdc_subset_77_jpg/test/real/real_002297.jpg,real,test,0,0.23781311511993408,0,clean,medium
/media/D1/ait_users/staff122/deepfake_project/outputs_deepfake_project/dfdc_subset_77_jpg/test/real/real_002298.jpg,real,test,0,0.03434398025274277,0,clean,medium
/media/D1/ait_users/staff122/deepfake_project/outputs_deepfake_project/dfdc_subset_77_jpg/test/real/real_002299.jpg,real,test,0,0.05266135185956955,0,clean,medium
/media/D1/ait_users/staff122/deepfake_project/outputs_deepfake_project/dfdc_subset_77_jpg/test/real/real_002300.jpg,real,test,0,0.06658092141151428,0,clean,medium
/media/D1/ait_users/staff122/deepfake_project/outputs_deepfake_project/dfdc_subset_77_jpg/test/real/real_002301.jpg,real,test,0,0.09932538121938705,0,clean,medium
/media/D1/ait_users/staff122/deepfake_project/outputs_deepfake_project/dfdc_subset_77_jpg/test/real/real_002302.jpg,real,test,0,0.024141807109117508,0,clean,medium
/media/D1/ait_users/staff122/deepfake_project/outputs_deepfake_project/dfdc_subset_77_jpg/test/real/real_002303.jpg,real,test,0,0.1268225908279419,0,clean,medium
/media/D1/ait_users/staff122/deepfake_project/outputs_deepfake_project/dfdc_subset_77_jpg/test/real/real_002304.jpg,real,test,0,0.25924888253211975,0,clean,medium
/media/D1/ait_users/staff122/deepfake_project/outputs_deepfake_project/dfdc_subset_77_jpg/test/real/real_002305.jpg,real,test,0,0.3434426784515381,0,clean,medium
/media/D1/ait_users/staff122/deepfake_project/outputs_deepfake_project/dfdc_subset_77_jpg/test/real/real_002306.jpg,real,test,0,0.07301247119903564,0,clean,medium
/media/D1/ait_users/staff122/deepfake_project/outputs_deepfake_project/dfdc_subset_77_jpg/test/real/real_002307.jpg,real,test,0,0.02312588319182396,0,clean,medium
/media/D1/ait_users/staff122/deepfake_project/outputs_deepfake_project/dfdc_subset_77_jpg/test/real/real_002308.jpg,real,test,0,0.2444540411233902,0,clean,medium
/media/D1/ait_users/staff122/deepfake_project/outputs_deepfake_project/dfdc_subset_77_jpg/test/real/real_002309.jpg,real,test,0,0.18255753815174103,0,clean,medium
/media/D1/ait_users/staff122/deepfake_project/outputs_deepfake_project/dfdc_subset_77_jpg/test/real/real_002310.jpg,real,test,0,0.2557341456413269,0,clean,medium
/media/D1/ait_users/staff122/deepfake_project/outputs_deepfake_project/dfdc_subset_77_jpg/test/real/real_002311.jpg,real,test,0,0.14406073093414307,0,clean,medium
/media/D1/ait_users/staff122/deepfake_project/outputs_deepfake_project/dfdc_subset_77_jpg/test/real/real_002312.jpg,real,test,0,0.07432910799980164,0,clean,medium
/media/D1/ait_users/staff122/deepfake_project/outputs_deepfake_project/dfdc_subset_77_jpg/test/real/real_002313.jpg,real,test,0,0.10585729777812958,0,clean,medium
/media/D1/ait_users/staff122/deepfake_project/outputs_deepfake_project/dfdc_subset_77_jpg/test/real/real_002314.jpg,real,test,0,0.21591362357139587,0,clean,medium
/media/D1/ait_users/staff122/deepfake_project/outputs_deepfake_project/dfdc_subset_77_jpg/test/real/real_002315.jpg,real,test,0,0.22795823216438293,0,clean,medium
/media/D1/ait_users/staff122/deepfake_project/outputs_deepfake_project/dfdc_subset_77_jpg/test/real/real_002316.jpg,real,test,0,0.18238483369350433,0,clean,medium
/media/D1/ait_users/staff122/deepfake_project/outputs_deepfake_project/dfdc_subset_77_jpg/test/real/real_002317.jpg,real,test,0,0.3134339153766632,0,clean,medium
/media/D1/ait_users/staff122/deepfake_project/outputs_deepfake_project/dfdc_subset_77_jpg/test/real/real_002318.jpg,real,test,0,0.48454520106315613,0,clean,medium
/media/D1/ait_users/staff122/deepfake_project/outputs_deepfake_project/dfdc_subset_77_jpg/test/real/real_002319.jpg,real,test,0,0.12364473938941956,0,clean,medium
/media/D1/ait_users/staff122/deepfake_project/outputs_deepfake_project/dfdc_subset_77_jpg/test/real/real_002320.jpg,real,test,0,0.2633459270000458,0,clean,medium
/media/D1/ait_users/staff122/deepfake_project/outputs_deepfake_project/dfdc_subset_77_jpg/test/real/real_002321.jpg,real,test,0,0.047573331743478775,0,clean,medium
/media/D1/ait_users/staff122/deepfake_project/outputs_deepfake_project/dfdc_subset_77_jpg/test/real/real_002322.jpg,real,test,0,0.08286886662244797,0,clean,medium
/media/D1/ait_users/staff122/deepfake_project/outputs_deepfake_project/dfdc_subset_77_jpg/test/real/real_002323.jpg,real,test,0,0.6798971891403198,1,clean,medium
/media/D1/ait_users/staff122/deepfake_project/outputs_deepfake_project/dfdc_subset_77_jpg/test/real/real_002324.jpg,real,test,0,0.17836320400238037,0,clean,medium
/media/D1/ait_users/staff122/deepfake_project/outputs_deepfake_project/dfdc_subset_77_jpg/test/real/real_002325.jpg,real,test,0,0.46681100130081177,0,clean,medium
/media/D1/ait_users/staff122/deepfake_project/outputs_deepfake_project/dfdc_subset_77_jpg/test/real/real_002326.jpg,real,test,0,0.21525578200817108,0,clean,medium
/media/D1/ait_users/staff122/deepfake_project/outputs_deepfake_project/dfdc_subset_77_jpg/test/real/real_002327.jpg,real,test,0,0.22218520939350128,0,clean,medium
/media/D1/ait_users/staff122/deepfake_project/outputs_deepfake_project/dfdc_subset_77_jpg/test/real/real_002328.jpg,real,test,0,0.22240620851516724,0,clean,medium
/media/D1/ait_users/staff122/deepfake_project/outputs_deepfake_project/dfdc_subset_77_jpg/test/real/real_002329.jpg,real,test,0,0.4336387515068054,0,clean,medium
/media/D1/ait_users/staff122/deepfake_project/outputs_deepfake_project/dfdc_subset_77_jpg/test/real/real_002330.jpg,real,test,0,0.01954251527786255,0,clean,medium
/media/D1/ait_users/staff122/deepfake_project/outputs_deepfake_project/dfdc_subset_77_jpg/test/real/real_002331.jpg,real,test,0,0.18802796304225922,0,clean,medium
/media/D1/ait_users/staff122/deepfake_project/outputs_deepfake_project/dfdc_subset_77_jpg/test/real/real_002332.jpg,real,test,0,0.3237050473690033,0,clean,medium
/media/D1/ait_users/staff122/deepfake_project/outputs_deepfake_project/dfdc_subset_77_jpg/test/real/real_002333.jpg,real,test,0,0.49274152517318726,0,clean,medium
/media/D1/ait_users/staff122/deepfake_project/outputs_deepfake_project/dfdc_subset_77_jpg/test/real/real_002334.jpg,real,test,0,0.12451096624135971,0,clean,medium
/media/D1/ait_users/staff122/deepfake_project/outputs_deepfake_project/dfdc_subset_77_jpg/test/real/real_002335.jpg,real,test,0,0.25852516293525696,0,clean,medium
/media/D1/ait_users/staff122/deepfake_project/outputs_deepfake_project/dfdc_subset_77_jpg/test/real/real_002336.jpg,real,test,0,0.019556714221835136,0,clean,medium
/media/D1/ait_users/staff122/deepfake_project/outputs_deepfake_project/dfdc_subset_77_jpg/test/real/real_002337.jpg,real,test,0,0.7118859887123108,1,clean,medium
/media/D1/ait_users/staff122/deepfake_project/outputs_deepfake_project/dfdc_subset_77_jpg/test/real/real_002338.jpg,real,test,0,0.020700255408883095,0,clean,medium
/media/D1/ait_users/staff122/deepfake_project/outputs_deepfake_project/dfdc_subset_77_jpg/test/real/real_002339.jpg,real,test,0,0.1878795176744461,0,clean,medium
/media/D1/ait_users/staff122/deepfake_project/outputs_deepfake_project/dfdc_subset_77_jpg/test/real/real_002340.jpg,real,test,0,0.09654112905263901,0,clean,medium
/media/D1/ait_users/staff122/deepfake_project/outputs_deepfake_project/dfdc_subset_77_jpg/test/real/real_002341.jpg,real,test,0,0.052049584686756134,0,clean,medium
/media/D1/ait_users/staff122/deepfake_project/outputs_deepfake_project/dfdc_subset_77_jpg/test/real/real_002342.jpg,real,test,0,0.13052546977996826,0,clean,medium
/media/D1/ait_users/staff122/deepfake_project/outputs_deepfake_project/dfdc_subset_77_jpg/test/real/real_002343.jpg,real,test,0,0.029617127031087875,0,clean,medium
/media/D1/ait_users/staff122/deepfake_project/outputs_deepfake_project/dfdc_subset_77_jpg/test/real/real_002344.jpg,real,test,0,0.095645010471344,0,clean,medium
/media/D1/ait_users/staff122/deepfake_project/outputs_deepfake_project/dfdc_subset_77_jpg/test/real/real_002345.jpg,real,test,0,0.06237007677555084,0,clean,medium
/media/D1/ait_users/staff122/deepfake_project/outputs_deepfake_project/dfdc_subset_77_jpg/test/real/real_002346.jpg,real,test,0,0.02504561096429825,0,clean,medium
/media/D1/ait_users/staff122/deepfake_project/outputs_deepfake_project/dfdc_subset_77_jpg/test/real/real_002347.jpg,real,test,0,0.023678356781601906,0,clean,medium
/media/D1/ait_users/staff122/deepfake_project/outputs_deepfake_project/dfdc_subset_77_jpg/test/real/real_002348.jpg,real,test,0,0.22965213656425476,0,clean,medium
/media/D1/ait_users/staff122/deepfake_project/outputs_deepfake_project/dfdc_subset_77_jpg/test/real/real_002349.jpg,real,test,0,0.06980419903993607,0,clean,medium
/media/D1/ait_users/staff122/deepfake_project/outputs_deepfake_project/dfdc_subset_77_jpg/test/real/real_002350.jpg,real,test,0,0.016688013449311256,0,clean,medium
/media/D1/ait_users/staff122/deepfake_project/outputs_deepfake_project/dfdc_subset_77_jpg/test/real/real_002351.jpg,real,test,0,0.6063835620880127,1,clean,medium
/media/D1/ait_users/staff122/deepfake_project/outputs_deepfake_project/dfdc_subset_77_jpg/test/real/real_002352.jpg,real,test,0,0.12973934412002563,0,clean,medium
/media/D1/ait_users/staff122/deepfake_project/outputs_deepfake_project/dfdc_subset_77_jpg/test/real/real_002353.jpg,real,test,0,0.03032904677093029,0,clean,medium
/media/D1/ait_users/staff122/deepfake_project/outputs_deepfake_project/dfdc_subset_77_jpg/test/real/real_002354.jpg,real,test,0,0.005840879399329424,0,clean,medium
/media/D1/ait_users/staff122/deepfake_project/outputs_deepfake_project/dfdc_subset_77_jpg/test/real/real_002355.jpg,real,test,0,0.038047585636377335,0,clean,medium
/media/D1/ait_users/staff122/deepfake_project/outputs_deepfake_project/dfdc_subset_77_jpg/test/real/real_002356.jpg,real,test,0,0.10892009735107422,0,clean,medium
/media/D1/ait_users/staff122/deepfake_project/outputs_deepfake_project/dfdc_subset_77_jpg/test/real/real_002357.jpg,real,test,0,0.17094013094902039,0,clean,medium
/media/D1/ait_users/staff122/deepfake_project/outputs_deepfake_project/dfdc_subset_77_jpg/test/real/real_002358.jpg,real,test,0,0.3981044590473175,0,clean,medium
/media/D1/ait_users/staff122/deepfake_project/outputs_deepfake_project/dfdc_subset_77_jpg/test/real/real_002359.jpg,real,test,0,0.1391994059085846,0,clean,medium
/media/D1/ait_users/staff122/deepfake_project/outputs_deepfake_project/dfdc_subset_77_jpg/test/real/real_002360.jpg,real,test,0,0.1215614378452301,0,clean,medium
/media/D1/ait_users/staff122/deepfake_project/outputs_deepfake_project/dfdc_subset_77_jpg/test/real/real_002361.jpg,real,test,0,0.03937118873000145,0,clean,medium
/media/D1/ait_users/staff122/deepfake_project/outputs_deepfake_project/dfdc_subset_77_jpg/test/real/real_002362.jpg,real,test,0,0.019648760557174683,0,clean,medium
/media/D1/ait_users/staff122/deepfake_project/outputs_deepfake_project/dfdc_subset_77_jpg/test/real/real_002363.jpg,real,test,0,0.010273821651935577,0,clean,medium
/media/D1/ait_users/staff122/deepfake_project/outputs_deepfake_project/dfdc_subset_77_jpg/test/real/real_002364.jpg,real,test,0,0.40149641036987305,0,clean,medium
/media/D1/ait_users/staff122/deepfake_project/outputs_deepfake_project/dfdc_subset_77_jpg/test/real/real_002365.jpg,real,test,0,0.015285800211131573,0,clean,medium
/media/D1/ait_users/staff122/deepfake_project/outputs_deepfake_project/dfdc_subset_77_jpg/test/real/real_002366.jpg,real,test,0,0.013149494305253029,0,clean,medium
/media/D1/ait_users/staff122/deepfake_project/outputs_deepfake_project/dfdc_subset_77_jpg/test/real/real_002367.jpg,real,test,0,0.0062457793392241,0,clean,medium
/media/D1/ait_users/staff122/deepfake_project/outputs_deepfake_project/dfdc_subset_77_jpg/test/real/real_002368.jpg,real,test,0,0.6368816494941711,1,clean,medium
/media/D1/ait_users/staff122/deepfake_project/outputs_deepfake_project/dfdc_subset_77_jpg/test/real/real_002369.jpg,real,test,0,0.4109695553779602,0,clean,medium
/media/D1/ait_users/staff122/deepfake_project/outputs_deepfake_project/dfdc_subset_77_jpg/test/real/real_002370.jpg,real,test,0,0.2431163340806961,0,clean,medium
/media/D1/ait_users/staff122/deepfake_project/outputs_deepfake_project/dfdc_subset_77_jpg/test/real/real_002371.jpg,real,test,0,0.6485798358917236,1,clean,medium
/media/D1/ait_users/staff122/deepfake_project/outputs_deepfake_project/dfdc_subset_77_jpg/test/real/real_002372.jpg,real,test,0,0.9009239077568054,1,clean,medium
/media/D1/ait_users/staff122/deepfake_project/outputs_deepfake_project/dfdc_subset_77_jpg/test/real/real_002373.jpg,real,test,0,0.7629293203353882,1,clean,medium
/media/D1/ait_users/staff122/deepfake_project/outputs_deepfake_project/dfdc_subset_77_jpg/test/real/real_002374.jpg,real,test,0,0.5651951432228088,1,clean,medium
/media/D1/ait_users/staff122/deepfake_project/outputs_deepfake_project/dfdc_subset_77_jpg/test/real/real_002375.jpg,real,test,0,0.6730495095252991,1,clean,medium
/media/D1/ait_users/staff122/deepfake_project/outputs_deepfake_project/dfdc_subset_77_jpg/test/real/real_002376.jpg,real,test,0,0.3829910159111023,0,clean,medium
/media/D1/ait_users/staff122/deepfake_project/outputs_deepfake_project/dfdc_subset_77_jpg/test/real/real_002377.jpg,real,test,0,0.7963231801986694,1,clean,medium
/media/D1/ait_users/staff122/deepfake_project/outputs_deepfake_project/dfdc_subset_77_jpg/test/real/real_002378.jpg,real,test,0,0.4176667332649231,0,clean,medium
/media/D1/ait_users/staff122/deepfake_project/outputs_deepfake_project/dfdc_subset_77_jpg/test/real/real_002379.jpg,real,test,0,0.724310040473938,1,clean,medium
/media/D1/ait_users/staff122/deepfake_project/outputs_deepfake_project/dfdc_subset_77_jpg/test/real/real_002380.jpg,real,test,0,0.41342827677726746,0,clean,medium
/media/D1/ait_users/staff122/deepfake_project/outputs_deepfake_project/dfdc_subset_77_jpg/test/real/real_002381.jpg,real,test,0,0.0560896135866642,0,clean,medium
/media/D1/ait_users/staff122/deepfake_project/outputs_deepfake_project/dfdc_subset_77_jpg/test/real/real_002382.jpg,real,test,0,0.41851818561553955,0,clean,medium
/media/D1/ait_users/staff122/deepfake_project/outputs_deepfake_project/dfdc_subset_77_jpg/test/real/real_002383.jpg,real,test,0,0.8790238499641418,1,clean,medium
/media/D1/ait_users/staff122/deepfake_project/outputs_deepfake_project/dfdc_subset_77_jpg/test/real/real_002384.jpg,real,test,0,0.798689603805542,1,clean,medium
/media/D1/ait_users/staff122/deepfake_project/outputs_deepfake_project/dfdc_subset_77_jpg/test/real/real_002385.jpg,real,test,0,0.7978405952453613,1,clean,medium
/media/D1/ait_users/staff122/deepfake_project/outputs_deepfake_project/dfdc_subset_77_jpg/test/real/real_002386.jpg,real,test,0,0.866315484046936,1,clean,medium
/media/D1/ait_users/staff122/deepfake_project/outputs_deepfake_project/dfdc_subset_77_jpg/test/real/real_002387.jpg,real,test,0,0.7524272799491882,1,clean,medium
/media/D1/ait_users/staff122/deepfake_project/outputs_deepfake_project/dfdc_subset_77_jpg/test/real/real_002388.jpg,real,test,0,0.7912742495536804,1,clean,medium
/media/D1/ait_users/staff122/deepfake_project/outputs_deepfake_project/dfdc_subset_77_jpg/test/real/real_002389.jpg,real,test,0,0.2761339247226715,0,clean,medium
/media/D1/ait_users/staff122/deepfake_project/outputs_deepfake_project/dfdc_subset_77_jpg/test/real/real_002390.jpg,real,test,0,0.6976159811019897,1,clean,medium
/media/D1/ait_users/staff122/deepfake_project/outputs_deepfake_project/dfdc_subset_77_jpg/test/real/real_002391.jpg,real,test,0,0.6731505393981934,1,clean,medium
/media/D1/ait_users/staff122/deepfake_project/outputs_deepfake_project/dfdc_subset_77_jpg/test/real/real_002392.jpg,real,test,0,0.5642607808113098,1,clean,medium
/media/D1/ait_users/staff122/deepfake_project/outputs_deepfake_project/dfdc_subset_77_jpg/test/real/real_002393.jpg,real,test,0,0.5906580090522766,1,clean,medium
/media/D1/ait_users/staff122/deepfake_project/outputs_deepfake_project/dfdc_subset_77_jpg/test/real/real_002394.jpg,real,test,0,0.8043940663337708,1,clean,medium
/media/D1/ait_users/staff122/deepfake_project/outputs_deepfake_project/dfdc_subset_77_jpg/test/real/real_002395.jpg,real,test,0,0.7533096075057983,1,clean,medium
/media/D1/ait_users/staff122/deepfake_project/outputs_deepfake_project/dfdc_subset_77_jpg/test/real/real_002396.jpg,real,test,0,0.7723562121391296,1,clean,medium
/media/D1/ait_users/staff122/deepfake_project/outputs_deepfake_project/dfdc_subset_77_jpg/test/real/real_002397.jpg,real,test,0,0.790218710899353,1,clean,medium
/media/D1/ait_users/staff122/deepfake_project/outputs_deepfake_project/dfdc_subset_77_jpg/test/real/real_002398.jpg,real,test,0,0.9191188216209412,1,clean,medium
/media/D1/ait_users/staff122/deepfake_project/outputs_deepfake_project/dfdc_subset_77_jpg/test/real/real_002399.jpg,real,test,0,0.7544702887535095,1,clean,medium
/media/D1/ait_users/staff122/deepfake_project/outputs_deepfake_project/dfdc_subset_77_jpg/test/real/real_002400.jpg,real,test,0,0.014163114130496979,0,clean,medium
/media/D1/ait_users/staff122/deepfake_project/outputs_deepfake_project/dfdc_subset_77_jpg/test/real/real_002401.jpg,real,test,0,0.14136826992034912,0,clean,medium
/media/D1/ait_users/staff122/deepfake_project/outputs_deepfake_project/dfdc_subset_77_jpg/test/real/real_002402.jpg,real,test,0,0.006001516245305538,0,clean,medium
/media/D1/ait_users/staff122/deepfake_project/outputs_deepfake_project/dfdc_subset_77_jpg/test/real/real_002403.jpg,real,test,0,0.2714892625808716,0,clean,medium
/media/D1/ait_users/staff122/deepfake_project/outputs_deepfake_project/dfdc_subset_77_jpg/test/real/real_002404.jpg,real,test,0,0.18882030248641968,0,clean,medium
/media/D1/ait_users/staff122/deepfake_project/outputs_deepfake_project/dfdc_subset_77_jpg/test/real/real_002405.jpg,real,test,0,0.024511216208338737,0,clean,medium
/media/D1/ait_users/staff122/deepfake_project/outputs_deepfake_project/dfdc_subset_77_jpg/test/real/real_002406.jpg,real,test,0,0.11454178392887115,0,clean,medium
/media/D1/ait_users/staff122/deepfake_project/outputs_deepfake_project/dfdc_subset_77_jpg/test/real/real_002407.jpg,real,test,0,0.41348254680633545,0,clean,medium
/media/D1/ait_users/staff122/deepfake_project/outputs_deepfake_project/dfdc_subset_77_jpg/test/real/real_002408.jpg,real,test,0,0.004415452945977449,0,clean,medium
/media/D1/ait_users/staff122/deepfake_project/outputs_deepfake_project/dfdc_subset_77_jpg/test/real/real_002409.jpg,real,test,0,0.004483612719923258,0,clean,medium
/media/D1/ait_users/staff122/deepfake_project/outputs_deepfake_project/dfdc_subset_77_jpg/test/real/real_002410.jpg,real,test,0,0.04088994115591049,0,clean,medium
/media/D1/ait_users/staff122/deepfake_project/outputs_deepfake_project/dfdc_subset_77_jpg/test/real/real_002411.jpg,real,test,0,0.028614593669772148,0,clean,medium
/media/D1/ait_users/staff122/deepfake_project/outputs_deepfake_project/dfdc_subset_77_jpg/test/real/real_002412.jpg,real,test,0,0.007254566065967083,0,clean,medium
/media/D1/ait_users/staff122/deepfake_project/outputs_deepfake_project/dfdc_subset_77_jpg/test/real/real_002413.jpg,real,test,0,0.015555238351225853,0,clean,medium
/media/D1/ait_users/staff122/deepfake_project/outputs_deepfake_project/dfdc_subset_77_jpg/test/real/real_002414.jpg,real,test,0,0.7861217260360718,1,clean,medium
/media/D1/ait_users/staff122/deepfake_project/outputs_deepfake_project/dfdc_subset_77_jpg/test/real/real_002415.jpg,real,test,0,0.15599018335342407,0,clean,medium
/media/D1/ait_users/staff122/deepfake_project/outputs_deepfake_project/dfdc_subset_77_jpg/test/real/real_002416.jpg,real,test,0,0.18742690980434418,0,clean,medium
/media/D1/ait_users/staff122/deepfake_project/outputs_deepfake_project/dfdc_subset_77_jpg/test/real/real_002417.jpg,real,test,0,0.18482372164726257,0,clean,medium
/media/D1/ait_users/staff122/deepfake_project/outputs_deepfake_project/dfdc_subset_77_jpg/test/real/real_002418.jpg,real,test,0,0.10397011041641235,0,clean,medium
/media/D1/ait_users/staff122/deepfake_project/outputs_deepfake_project/dfdc_subset_77_jpg/test/real/real_002419.jpg,real,test,0,0.17089082300662994,0,clean,medium
/media/D1/ait_users/staff122/deepfake_project/outputs_deepfake_project/dfdc_subset_77_jpg/test/real/real_002420.jpg,real,test,0,0.01310840342193842,0,clean,medium
/media/D1/ait_users/staff122/deepfake_project/outputs_deepfake_project/dfdc_subset_77_jpg/test/real/real_002421.jpg,real,test,0,0.02915971353650093,0,clean,medium
/media/D1/ait_users/staff122/deepfake_project/outputs_deepfake_project/dfdc_subset_77_jpg/test/real/real_002422.jpg,real,test,0,0.028539154678583145,0,clean,medium
/media/D1/ait_users/staff122/deepfake_project/outputs_deepfake_project/dfdc_subset_77_jpg/test/real/real_002423.jpg,real,test,0,0.022682856768369675,0,clean,medium
/media/D1/ait_users/staff122/deepfake_project/outputs_deepfake_project/dfdc_subset_77_jpg/test/real/real_002424.jpg,real,test,0,0.007123225834220648,0,clean,medium
/media/D1/ait_users/staff122/deepfake_project/outputs_deepfake_project/dfdc_subset_77_jpg/test/real/real_002425.jpg,real,test,0,0.03505292534828186,0,clean,medium
/media/D1/ait_users/staff122/deepfake_project/outputs_deepfake_project/dfdc_subset_77_jpg/test/real/real_002426.jpg,real,test,0,0.014756103046238422,0,clean,medium
/media/D1/ait_users/staff122/deepfake_project/outputs_deepfake_project/dfdc_subset_77_jpg/test/real/real_002427.jpg,real,test,0,0.008616277016699314,0,clean,medium
/media/D1/ait_users/staff122/deepfake_project/outputs_deepfake_project/dfdc_subset_77_jpg/test/real/real_002428.jpg,real,test,0,0.007901633158326149,0,clean,medium
/media/D1/ait_users/staff122/deepfake_project/outputs_deepfake_project/dfdc_subset_77_jpg/test/real/real_002429.jpg,real,test,0,0.004305773414671421,0,clean,medium
/media/D1/ait_users/staff122/deepfake_project/outputs_deepfake_project/dfdc_subset_77_jpg/test/real/real_002430.jpg,real,test,0,0.0029949310701340437,0,clean,medium
/media/D1/ait_users/staff122/deepfake_project/outputs_deepfake_project/dfdc_subset_77_jpg/test/real/real_002431.jpg,real,test,0,0.0035472095478326082,0,clean,medium
/media/D1/ait_users/staff122/deepfake_project/outputs_deepfake_project/dfdc_subset_77_jpg/test/real/real_002432.jpg,real,test,0,0.490316241979599,0,clean,medium
/media/D1/ait_users/staff122/deepfake_project/outputs_deepfake_project/dfdc_subset_77_jpg/test/real/real_002433.jpg,real,test,0,0.014681868255138397,0,clean,medium
/media/D1/ait_users/staff122/deepfake_project/outputs_deepfake_project/dfdc_subset_77_jpg/test/real/real_002434.jpg,real,test,0,0.06148044764995575,0,clean,medium
/media/D1/ait_users/staff122/deepfake_project/outputs_deepfake_project/dfdc_subset_77_jpg/test/real/real_002435.jpg,real,test,0,0.032019563019275665,0,clean,medium
/media/D1/ait_users/staff122/deepfake_project/outputs_deepfake_project/dfdc_subset_77_jpg/test/real/real_002436.jpg,real,test,0,0.47912928462028503,0,clean,medium
/media/D1/ait_users/staff122/deepfake_project/outputs_deepfake_project/dfdc_subset_77_jpg/test/real/real_002437.jpg,real,test,0,0.42567723989486694,0,clean,medium
/media/D1/ait_users/staff122/deepfake_project/outputs_deepfake_project/dfdc_subset_77_jpg/test/real/real_002438.jpg,real,test,0,0.02674282342195511,0,clean,medium
/media/D1/ait_users/staff122/deepfake_project/outputs_deepfake_project/dfdc_subset_77_jpg/test/real/real_002439.jpg,real,test,0,0.45421934127807617,0,clean,medium
/media/D1/ait_users/staff122/deepfake_project/outputs_deepfake_project/dfdc_subset_77_jpg/test/real/real_002440.jpg,real,test,0,0.12214631587266922,0,clean,medium
/media/D1/ait_users/staff122/deepfake_project/outputs_deepfake_project/dfdc_subset_77_jpg/test/real/real_002441.jpg,real,test,0,0.03954678773880005,0,clean,medium
/media/D1/ait_users/staff122/deepfake_project/outputs_deepfake_project/dfdc_subset_77_jpg/test/real/real_002442.jpg,real,test,0,0.03327831253409386,0,clean,medium
/media/D1/ait_users/staff122/deepfake_project/outputs_deepfake_project/dfdc_subset_77_jpg/test/real/real_002443.jpg,real,test,0,0.4711759090423584,0,clean,medium
/media/D1/ait_users/staff122/deepfake_project/outputs_deepfake_project/dfdc_subset_77_jpg/test/real/real_002444.jpg,real,test,0,0.46597719192504883,0,clean,medium
/media/D1/ait_users/staff122/deepfake_project/outputs_deepfake_project/dfdc_subset_77_jpg/test/real/real_002445.jpg,real,test,0,0.4896603524684906,0,clean,medium
/media/D1/ait_users/staff122/deepfake_project/outputs_deepfake_project/dfdc_subset_77_jpg/test/real/real_002446.jpg,real,test,0,0.038755785673856735,0,clean,medium
/media/D1/ait_users/staff122/deepfake_project/outputs_deepfake_project/dfdc_subset_77_jpg/test/real/real_002447.jpg,real,test,0,0.4839935004711151,0,clean,medium
/media/D1/ait_users/staff122/deepfake_project/outputs_deepfake_project/dfdc_subset_77_jpg/test/real/real_002448.jpg,real,test,0,0.474955677986145,0,clean,medium
/media/D1/ait_users/staff122/deepfake_project/outputs_deepfake_project/dfdc_subset_77_jpg/test/real/real_002449.jpg,real,test,0,0.2731783092021942,0,clean,medium
/media/D1/ait_users/staff122/deepfake_project/outputs_deepfake_project/dfdc_subset_77_jpg/test/real/real_002450.jpg,real,test,0,0.4794951379299164,0,clean,medium
/media/D1/ait_users/staff122/deepfake_project/outputs_deepfake_project/dfdc_subset_77_jpg/test/real/real_002451.jpg,real,test,0,0.05365297570824623,0,clean,medium
/media/D1/ait_users/staff122/deepfake_project/outputs_deepfake_project/dfdc_subset_77_jpg/test/real/real_002452.jpg,real,test,0,0.04516076296567917,0,clean,medium
/media/D1/ait_users/staff122/deepfake_project/outputs_deepfake_project/dfdc_subset_77_jpg/test/real/real_002453.jpg,real,test,0,0.4851563274860382,0,clean,medium
/media/D1/ait_users/staff122/deepfake_project/outputs_deepfake_project/dfdc_subset_77_jpg/test/real/real_002454.jpg,real,test,0,0.48284101486206055,0,clean,medium
/media/D1/ait_users/staff122/deepfake_project/outputs_deepfake_project/dfdc_subset_77_jpg/test/real/real_002455.jpg,real,test,0,0.48801714181900024,0,clean,medium
/media/D1/ait_users/staff122/deepfake_project/outputs_deepfake_project/dfdc_subset_77_jpg/test/real/real_002456.jpg,real,test,0,0.4869852066040039,0,clean,medium
/media/D1/ait_users/staff122/deepfake_project/outputs_deepfake_project/dfdc_subset_77_jpg/test/real/real_002457.jpg,real,test,0,0.5369657874107361,1,clean,medium
/media/D1/ait_users/staff122/deepfake_project/outputs_deepfake_project/dfdc_subset_77_jpg/test/real/real_002458.jpg,real,test,0,0.4833753705024719,0,clean,medium
/media/D1/ait_users/staff122/deepfake_project/outputs_deepfake_project/dfdc_subset_77_jpg/test/real/real_002459.jpg,real,test,0,0.0385175384581089,0,clean,medium
/media/D1/ait_users/staff122/deepfake_project/outputs_deepfake_project/dfdc_subset_77_jpg/test/real/real_002460.jpg,real,test,0,0.47558385133743286,0,clean,medium
/media/D1/ait_users/staff122/deepfake_project/outputs_deepfake_project/dfdc_subset_77_jpg/test/real/real_002461.jpg,real,test,0,0.4955589175224304,0,clean,medium
/media/D1/ait_users/staff122/deepfake_project/outputs_deepfake_project/dfdc_subset_77_jpg/test/real/real_002462.jpg,real,test,0,0.4926183819770813,0,clean,medium
/media/D1/ait_users/staff122/deepfake_project/outputs_deepfake_project/dfdc_subset_77_jpg/test/real/real_002463.jpg,real,test,0,0.46352261304855347,0,clean,medium
/media/D1/ait_users/staff122/deepfake_project/outputs_deepfake_project/dfdc_subset_77_jpg/test/fake/fake_000000.jpg,fake,test,1,0.1965668946504593,0,clean,medium
/media/D1/ait_users/staff122/deepfake_project/outputs_deepfake_project/dfdc_subset_77_jpg/test/fake/fake_000001.jpg,fake,test,1,0.48605695366859436,0,clean,medium
/media/D1/ait_users/staff122/deepfake_project/outputs_deepfake_project/dfdc_subset_77_jpg/test/fake/fake_000002.jpg,fake,test,1,0.22092121839523315,0,clean,medium
/media/D1/ait_users/staff122/deepfake_project/outputs_deepfake_project/dfdc_subset_77_jpg/test/fake/fake_000003.jpg,fake,test,1,0.17658057808876038,0,clean,medium
/media/D1/ait_users/staff122/deepfake_project/outputs_deepfake_project/dfdc_subset_77_jpg/test/fake/fake_000004.jpg,fake,test,1,0.671000063419342,1,clean,medium
/media/D1/ait_users/staff122/deepfake_project/outputs_deepfake_project/dfdc_subset_77_jpg/test/fake/fake_000005.jpg,fake,test,1,0.4582344889640808,0,clean,medium
/media/D1/ait_users/staff122/deepfake_project/outputs_deepfake_project/dfdc_subset_77_jpg/test/fake/fake_000006.jpg,fake,test,1,0.5735378861427307,1,clean,medium
/media/D1/ait_users/staff122/deepfake_project/outputs_deepfake_project/dfdc_subset_77_jpg/test/fake/fake_000007.jpg,fake,test,1,0.32873818278312683,0,clean,medium
/media/D1/ait_users/staff122/deepfake_project/outputs_deepfake_project/dfdc_subset_77_jpg/test/fake/fake_000008.jpg,fake,test,1,0.5976231694221497,1,clean,medium
/media/D1/ait_users/staff122/deepfake_project/outputs_deepfake_project/dfdc_subset_77_jpg/test/fake/fake_000009.jpg,fake,test,1,0.5817513465881348,1,clean,medium
/media/D1/ait_users/staff122/deepfake_project/outputs_deepfake_project/dfdc_subset_77_jpg/test/fake/fake_000010.jpg,fake,test,1,0.39636632800102234,0,clean,medium
/media/D1/ait_users/staff122/deepfake_project/outputs_deepfake_project/dfdc_subset_77_jpg/test/fake/fake_000011.jpg,fake,test,1,0.3863178789615631,0,clean,medium
/media/D1/ait_users/staff122/deepfake_project/outputs_deepfake_project/dfdc_subset_77_jpg/test/fake/fake_000012.jpg,fake,test,1,0.1762063354253769,0,clean,medium
/media/D1/ait_users/staff122/deepfake_project/outputs_deepfake_project/dfdc_subset_77_jpg/test/fake/fake_000013.jpg,fake,test,1,0.38671547174453735,0,clean,medium
/media/D1/ait_users/staff122/deepfake_project/outputs_deepfake_project/dfdc_subset_77_jpg/test/fake/fake_000014.jpg,fake,test,1,0.42260560393333435,0,clean,medium
/media/D1/ait_users/staff122/deepfake_project/outputs_deepfake_project/dfdc_subset_77_jpg/test/fake/fake_000015.jpg,fake,test,1,0.052841927856206894,0,clean,medium
/media/D1/ait_users/staff122/deepfake_project/outputs_deepfake_project/dfdc_subset_77_jpg/test/fake/fake_000016.jpg,fake,test,1,0.4139062464237213,0,clean,medium
/media/D1/ait_users/staff122/deepfake_project/outputs_deepfake_project/dfdc_subset_77_jpg/test/fake/fake_000017.jpg,fake,test,1,0.23470436036586761,0,clean,medium
/media/D1/ait_users/staff122/deepfake_project/outputs_deepfake_project/dfdc_subset_77_jpg/test/fake/fake_000018.jpg,fake,test,1,0.35005199909210205,0,clean,medium
/media/D1/ait_users/staff122/deepfake_project/outputs_deepfake_project/dfdc_subset_77_jpg/test/fake/fake_000019.jpg,fake,test,1,0.539077877998352,1,clean,medium
/media/D1/ait_users/staff122/deepfake_project/outputs_deepfake_project/dfdc_subset_77_jpg/test/fake/fake_000020.jpg,fake,test,1,0.453146755695343,0,clean,medium
/media/D1/ait_users/staff122/deepfake_project/outputs_deepfake_project/dfdc_subset_77_jpg/test/fake/fake_000021.jpg,fake,test,1,0.24919572472572327,0,clean,medium
/media/D1/ait_users/staff122/deepfake_project/outputs_deepfake_project/dfdc_subset_77_jpg/test/fake/fake_000022.jpg,fake,test,1,0.6473573446273804,1,clean,medium
/media/D1/ait_users/staff122/deepfake_project/outputs_deepfake_project/dfdc_subset_77_jpg/test/fake/fake_000023.jpg,fake,test,1,0.6012130379676819,1,clean,medium
/media/D1/ait_users/staff122/deepfake_project/outputs_deepfake_project/dfdc_subset_77_jpg/test/fake/fake_000024.jpg,fake,test,1,0.7611255049705505,1,clean,medium
/media/D1/ait_users/staff122/deepfake_project/outputs_deepfake_project/dfdc_subset_77_jpg/test/fake/fake_000025.jpg,fake,test,1,0.5235634446144104,1,clean,medium
/media/D1/ait_users/staff122/deepfake_project/outputs_deepfake_project/dfdc_subset_77_jpg/test/fake/fake_000026.jpg,fake,test,1,0.2629786431789398,0,clean,medium
/media/D1/ait_users/staff122/deepfake_project/outputs_deepfake_project/dfdc_subset_77_jpg/test/fake/fake_000027.jpg,fake,test,1,0.8707319498062134,1,clean,medium
/media/D1/ait_users/staff122/deepfake_project/outputs_deepfake_project/dfdc_subset_77_jpg/test/fake/fake_000028.jpg,fake,test,1,0.4914729595184326,0,clean,medium
/media/D1/ait_users/staff122/deepfake_project/outputs_deepfake_project/dfdc_subset_77_jpg/test/fake/fake_000029.jpg,fake,test,1,0.8961834907531738,1,clean,medium
/media/D1/ait_users/staff122/deepfake_project/outputs_deepfake_project/dfdc_subset_77_jpg/test/fake/fake_000030.jpg,fake,test,1,0.26745089888572693,0,clean,medium
/media/D1/ait_users/staff122/deepfake_project/outputs_deepfake_project/dfdc_subset_77_jpg/test/fake/fake_000031.jpg,fake,test,1,0.504707396030426,1,clean,medium
/media/D1/ait_users/staff122/deepfake_project/outputs_deepfake_project/dfdc_subset_77_jpg/test/fake/fake_000032.jpg,fake,test,1,0.4741947650909424,0,clean,medium
/media/D1/ait_users/staff122/deepfake_project/outputs_deepfake_project/dfdc_subset_77_jpg/test/fake/fake_000033.jpg,fake,test,1,0.028394632041454315,0,clean,medium
/media/D1/ait_users/staff122/deepfake_project/outputs_deepfake_project/dfdc_subset_77_jpg/test/fake/fake_000034.jpg,fake,test,1,0.31137022376060486,0,clean,medium
/media/D1/ait_users/staff122/deepfake_project/outputs_deepfake_project/dfdc_subset_77_jpg/test/fake/fake_000035.jpg,fake,test,1,0.006808637175709009,0,clean,medium
/media/D1/ait_users/staff122/deepfake_project/outputs_deepfake_project/dfdc_subset_77_jpg/test/fake/fake_000036.jpg,fake,test,1,0.034812383353710175,0,clean,medium
/media/D1/ait_users/staff122/deepfake_project/outputs_deepfake_project/dfdc_subset_77_jpg/test/fake/fake_000037.jpg,fake,test,1,0.14529503881931305,0,clean,medium
/media/D1/ait_users/staff122/deepfake_project/outputs_deepfake_project/dfdc_subset_77_jpg/test/fake/fake_000038.jpg,fake,test,1,0.1837574988603592,0,clean,medium
/media/D1/ait_users/staff122/deepfake_project/outputs_deepfake_project/dfdc_subset_77_jpg/test/fake/fake_000039.jpg,fake,test,1,0.3866858184337616,0,clean,medium
/media/D1/ait_users/staff122/deepfake_project/outputs_deepfake_project/dfdc_subset_77_jpg/test/fake/fake_000040.jpg,fake,test,1,0.3900524973869324,0,clean,medium
/media/D1/ait_users/staff122/deepfake_project/outputs_deepfake_project/dfdc_subset_77_jpg/test/fake/fake_000041.jpg,fake,test,1,0.07674949616193771,0,clean,medium
/media/D1/ait_users/staff122/deepfake_project/outputs_deepfake_project/dfdc_subset_77_jpg/test/fake/fake_000042.jpg,fake,test,1,0.08629890531301498,0,clean,medium
/media/D1/ait_users/staff122/deepfake_project/outputs_deepfake_project/dfdc_subset_77_jpg/test/fake/fake_000043.jpg,fake,test,1,0.1558467298746109,0,clean,medium
/media/D1/ait_users/staff122/deepfake_project/outputs_deepfake_project/dfdc_subset_77_jpg/test/fake/fake_000044.jpg,fake,test,1,0.21325524151325226,0,clean,medium
/media/D1/ait_users/staff122/deepfake_project/outputs_deepfake_project/dfdc_subset_77_jpg/test/fake/fake_000045.jpg,fake,test,1,0.6098169684410095,1,clean,medium
/media/D1/ait_users/staff122/deepfake_project/outputs_deepfake_project/dfdc_subset_77_jpg/test/fake/fake_000046.jpg,fake,test,1,0.50398188829422,1,clean,medium
/media/D1/ait_users/staff122/deepfake_project/outputs_deepfake_project/dfdc_subset_77_jpg/test/fake/fake_000047.jpg,fake,test,1,0.4264725148677826,0,clean,medium
/media/D1/ait_users/staff122/deepfake_project/outputs_deepfake_project/dfdc_subset_77_jpg/test/fake/fake_000048.jpg,fake,test,1,0.18349505960941315,0,clean,medium
/media/D1/ait_users/staff122/deepfake_project/outputs_deepfake_project/dfdc_subset_77_jpg/test/fake/fake_000049.jpg,fake,test,1,0.21717453002929688,0,clean,medium
/media/D1/ait_users/staff122/deepfake_project/outputs_deepfake_project/dfdc_subset_77_jpg/test/fake/fake_000050.jpg,fake,test,1,0.5466038584709167,1,clean,medium
/media/D1/ait_users/staff122/deepfake_project/outputs_deepfake_project/dfdc_subset_77_jpg/test/fake/fake_000051.jpg,fake,test,1,0.41741982102394104,0,clean,medium
/media/D1/ait_users/staff122/deepfake_project/outputs_deepfake_project/dfdc_subset_77_jpg/test/fake/fake_000052.jpg,fake,test,1,0.09792502969503403,0,clean,medium
/media/D1/ait_users/staff122/deepfake_project/outputs_deepfake_project/dfdc_subset_77_jpg/test/fake/fake_000053.jpg,fake,test,1,0.25806546211242676,0,clean,medium
/media/D1/ait_users/staff122/deepfake_project/outputs_deepfake_project/dfdc_subset_77_jpg/test/fake/fake_000054.jpg,fake,test,1,0.027004579082131386,0,clean,medium
/media/D1/ait_users/staff122/deepfake_project/outputs_deepfake_project/dfdc_subset_77_jpg/test/fake/fake_000055.jpg,fake,test,1,0.34638968110084534,0,clean,medium
/media/D1/ait_users/staff122/deepfake_project/outputs_deepfake_project/dfdc_subset_77_jpg/test/fake/fake_000056.jpg,fake,test,1,0.3931245505809784,0,clean,medium
/media/D1/ait_users/staff122/deepfake_project/outputs_deepfake_project/dfdc_subset_77_jpg/test/fake/fake_000057.jpg,fake,test,1,0.2579091191291809,0,clean,medium
/media/D1/ait_users/staff122/deepfake_project/outputs_deepfake_project/dfdc_subset_77_jpg/test/fake/fake_000058.jpg,fake,test,1,0.21506844460964203,0,clean,medium
/media/D1/ait_users/staff122/deepfake_project/outputs_deepfake_project/dfdc_subset_77_jpg/test/fake/fake_000059.jpg,fake,test,1,0.5162835717201233,1,clean,medium
/media/D1/ait_users/staff122/deepfake_project/outputs_deepfake_project/dfdc_subset_77_jpg/test/fake/fake_000060.jpg,fake,test,1,0.0310522373765707,0,clean,medium
/media/D1/ait_users/staff122/deepfake_project/outputs_deepfake_project/dfdc_subset_77_jpg/test/fake/fake_000061.jpg,fake,test,1,0.06184975057840347,0,clean,medium
/media/D1/ait_users/staff122/deepfake_project/outputs_deepfake_project/dfdc_subset_77_jpg/test/fake/fake_000062.jpg,fake,test,1,0.5200973749160767,1,clean,medium
/media/D1/ait_users/staff122/deepfake_project/outputs_deepfake_project/dfdc_subset_77_jpg/test/fake/fake_000063.jpg,fake,test,1,0.11293495446443558,0,clean,medium
/media/D1/ait_users/staff122/deepfake_project/outputs_deepfake_project/dfdc_subset_77_jpg/test/fake/fake_000064.jpg,fake,test,1,0.5476099252700806,1,clean,medium
/media/D1/ait_users/staff122/deepfake_project/outputs_deepfake_project/dfdc_subset_77_jpg/test/fake/fake_000065.jpg,fake,test,1,0.9091665744781494,1,clean,medium
/media/D1/ait_users/staff122/deepfake_project/outputs_deepfake_project/dfdc_subset_77_jpg/test/fake/fake_000066.jpg,fake,test,1,0.6387179493904114,1,clean,medium
/media/D1/ait_users/staff122/deepfake_project/outputs_deepfake_project/dfdc_subset_77_jpg/test/fake/fake_000067.jpg,fake,test,1,0.5745736360549927,1,clean,medium
/media/D1/ait_users/staff122/deepfake_project/outputs_deepfake_project/dfdc_subset_77_jpg/test/fake/fake_000068.jpg,fake,test,1,0.3489592969417572,0,clean,medium
/media/D1/ait_users/staff122/deepfake_project/outputs_deepfake_project/dfdc_subset_77_jpg/test/fake/fake_000069.jpg,fake,test,1,0.5072794556617737,1,clean,medium
/media/D1/ait_users/staff122/deepfake_project/outputs_deepfake_project/dfdc_subset_77_jpg/test/fake/fake_000070.jpg,fake,test,1,0.5675830841064453,1,clean,medium
/media/D1/ait_users/staff122/deepfake_project/outputs_deepfake_project/dfdc_subset_77_jpg/test/fake/fake_000071.jpg,fake,test,1,0.8575085997581482,1,clean,medium
/media/D1/ait_users/staff122/deepfake_project/outputs_deepfake_project/dfdc_subset_77_jpg/test/fake/fake_000072.jpg,fake,test,1,0.9087871313095093,1,clean,medium
/media/D1/ait_users/staff122/deepfake_project/outputs_deepfake_project/dfdc_subset_77_jpg/test/fake/fake_000073.jpg,fake,test,1,0.49112266302108765,0,clean,medium
/media/D1/ait_users/staff122/deepfake_project/outputs_deepfake_project/dfdc_subset_77_jpg/test/fake/fake_000074.jpg,fake,test,1,0.3047506511211395,0,clean,medium
/media/D1/ait_users/staff122/deepfake_project/outputs_deepfake_project/dfdc_subset_77_jpg/test/fake/fake_000075.jpg,fake,test,1,0.9339041113853455,1,clean,medium
/media/D1/ait_users/staff122/deepfake_project/outputs_deepfake_project/dfdc_subset_77_jpg/test/fake/fake_000076.jpg,fake,test,1,0.40869268774986267,0,clean,medium
/media/D1/ait_users/staff122/deepfake_project/outputs_deepfake_project/dfdc_subset_77_jpg/test/fake/fake_000077.jpg,fake,test,1,0.5148850679397583,1,clean,medium
/media/D1/ait_users/staff122/deepfake_project/outputs_deepfake_project/dfdc_subset_77_jpg/test/fake/fake_000078.jpg,fake,test,1,0.7563719749450684,1,clean,medium
/media/D1/ait_users/staff122/deepfake_project/outputs_deepfake_project/dfdc_subset_77_jpg/test/fake/fake_000079.jpg,fake,test,1,0.920811653137207,1,clean,medium
/media/D1/ait_users/staff122/deepfake_project/outputs_deepfake_project/dfdc_subset_77_jpg/test/fake/fake_000080.jpg,fake,test,1,0.9638159871101379,1,clean,medium
/media/D1/ait_users/staff122/deepfake_project/outputs_deepfake_project/dfdc_subset_77_jpg/test/fake/fake_000081.jpg,fake,test,1,0.9205830693244934,1,clean,medium
/media/D1/ait_users/staff122/deepfake_project/outputs_deepfake_project/dfdc_subset_77_jpg/test/fake/fake_000082.jpg,fake,test,1,0.9657344818115234,1,clean,medium
/media/D1/ait_users/staff122/deepfake_project/outputs_deepfake_project/dfdc_subset_77_jpg/test/fake/fake_000083.jpg,fake,test,1,0.5644762516021729,1,clean,medium
/media/D1/ait_users/staff122/deepfake_project/outputs_deepfake_project/dfdc_subset_77_jpg/test/fake/fake_000084.jpg,fake,test,1,0.903249979019165,1,clean,medium
/media/D1/ait_users/staff122/deepfake_project/outputs_deepfake_project/dfdc_subset_77_jpg/test/fake/fake_000085.jpg,fake,test,1,0.7269473671913147,1,clean,medium
/media/D1/ait_users/staff122/deepfake_project/outputs_deepfake_project/dfdc_subset_77_jpg/test/fake/fake_000086.jpg,fake,test,1,0.4374086260795593,0,clean,medium
/media/D1/ait_users/staff122/deepfake_project/outputs_deepfake_project/dfdc_subset_77_jpg/test/fake/fake_000087.jpg,fake,test,1,0.5273832678794861,1,clean,medium
/media/D1/ait_users/staff122/deepfake_project/outputs_deepfake_project/dfdc_subset_77_jpg/test/fake/fake_000088.jpg,fake,test,1,0.8712297677993774,1,clean,medium
/media/D1/ait_users/staff122/deepfake_project/outputs_deepfake_project/dfdc_subset_77_jpg/test/fake/fake_000089.jpg,fake,test,1,0.9353235960006714,1,clean,medium
/media/D1/ait_users/staff122/deepfake_project/outputs_deepfake_project/dfdc_subset_77_jpg/test/fake/fake_000090.jpg,fake,test,1,0.21394191682338715,0,clean,medium
/media/D1/ait_users/staff122/deepfake_project/outputs_deepfake_project/dfdc_subset_77_jpg/test/fake/fake_000091.jpg,fake,test,1,0.7106371521949768,1,clean,medium
/media/D1/ait_users/staff122/deepfake_project/outputs_deepfake_project/dfdc_subset_77_jpg/test/fake/fake_000092.jpg,fake,test,1,0.9323436617851257,1,clean,medium
/media/D1/ait_users/staff122/deepfake_project/outputs_deepfake_project/dfdc_subset_77_jpg/test/fake/fake_000093.jpg,fake,test,1,0.3149063289165497,0,clean,medium
/media/D1/ait_users/staff122/deepfake_project/outputs_deepfake_project/dfdc_subset_77_jpg/test/fake/fake_000094.jpg,fake,test,1,0.8815237283706665,1,clean,medium
/media/D1/ait_users/staff122/deepfake_project/outputs_deepfake_project/dfdc_subset_77_jpg/test/fake/fake_000095.jpg,fake,test,1,0.8060340285301208,1,clean,medium
/media/D1/ait_users/staff122/deepfake_project/outputs_deepfake_project/dfdc_subset_77_jpg/test/fake/fake_000096.jpg,fake,test,1,0.4883851706981659,0,clean,medium
/media/D1/ait_users/staff122/deepfake_project/outputs_deepfake_project/dfdc_subset_77_jpg/test/fake/fake_000097.jpg,fake,test,1,0.4525013864040375,0,clean,medium
/media/D1/ait_users/staff122/deepfake_project/outputs_deepfake_project/dfdc_subset_77_jpg/test/fake/fake_000098.jpg,fake,test,1,0.40616580843925476,0,clean,medium
/media/D1/ait_users/staff122/deepfake_project/outputs_deepfake_project/dfdc_subset_77_jpg/test/fake/fake_000099.jpg,fake,test,1,0.39111587405204773,0,clean,medium
/media/D1/ait_users/staff122/deepfake_project/outputs_deepfake_project/dfdc_subset_77_jpg/test/fake/fake_000100.jpg,fake,test,1,0.8693994879722595,1,clean,medium
/media/D1/ait_users/staff122/deepfake_project/outputs_deepfake_project/dfdc_subset_77_jpg/test/fake/fake_000101.jpg,fake,test,1,0.9917507767677307,1,clean,medium
/media/D1/ait_users/staff122/deepfake_project/outputs_deepfake_project/dfdc_subset_77_jpg/test/fake/fake_000102.jpg,fake,test,1,0.9919217824935913,1,clean,medium
/media/D1/ait_users/staff122/deepfake_project/outputs_deepfake_project/dfdc_subset_77_jpg/test/fake/fake_000103.jpg,fake,test,1,0.9853034019470215,1,clean,medium
/media/D1/ait_users/staff122/deepfake_project/outputs_deepfake_project/dfdc_subset_77_jpg/test/fake/fake_000104.jpg,fake,test,1,0.996821403503418,1,clean,medium
/media/D1/ait_users/staff122/deepfake_project/outputs_deepfake_project/dfdc_subset_77_jpg/test/fake/fake_000105.jpg,fake,test,1,0.9972652196884155,1,clean,medium
/media/D1/ait_users/staff122/deepfake_project/outputs_deepfake_project/dfdc_subset_77_jpg/test/fake/fake_000106.jpg,fake,test,1,0.99681156873703,1,clean,medium
/media/D1/ait_users/staff122/deepfake_project/outputs_deepfake_project/dfdc_subset_77_jpg/test/fake/fake_000107.jpg,fake,test,1,0.9987128973007202,1,clean,medium
/media/D1/ait_users/staff122/deepfake_project/outputs_deepfake_project/dfdc_subset_77_jpg/test/fake/fake_000108.jpg,fake,test,1,0.997621476650238,1,clean,medium
/media/D1/ait_users/staff122/deepfake_project/outputs_deepfake_project/dfdc_subset_77_jpg/test/fake/fake_000109.jpg,fake,test,1,0.9907456636428833,1,clean,medium
/media/D1/ait_users/staff122/deepfake_project/outputs_deepfake_project/dfdc_subset_77_jpg/test/fake/fake_000110.jpg,fake,test,1,0.9914884567260742,1,clean,medium
/media/D1/ait_users/staff122/deepfake_project/outputs_deepfake_project/dfdc_subset_77_jpg/test/fake/fake_000111.jpg,fake,test,1,0.981366753578186,1,clean,medium
/media/D1/ait_users/staff122/deepfake_project/outputs_deepfake_project/dfdc_subset_77_jpg/test/fake/fake_000112.jpg,fake,test,1,0.9960512518882751,1,clean,medium
/media/D1/ait_users/staff122/deepfake_project/outputs_deepfake_project/dfdc_subset_77_jpg/test/fake/fake_000113.jpg,fake,test,1,0.9019915461540222,1,clean,medium
/media/D1/ait_users/staff122/deepfake_project/outputs_deepfake_project/dfdc_subset_77_jpg/test/fake/fake_000114.jpg,fake,test,1,0.6056420207023621,1,clean,medium
/media/D1/ait_users/staff122/deepfake_project/outputs_deepfake_project/dfdc_subset_77_jpg/test/fake/fake_000115.jpg,fake,test,1,0.36889147758483887,0,clean,medium
/media/D1/ait_users/staff122/deepfake_project/outputs_deepfake_project/dfdc_subset_77_jpg/test/fake/fake_000116.jpg,fake,test,1,0.7597699761390686,1,clean,medium
/media/D1/ait_users/staff122/deepfake_project/outputs_deepfake_project/dfdc_subset_77_jpg/test/fake/fake_000117.jpg,fake,test,1,0.9344782829284668,1,clean,medium
/media/D1/ait_users/staff122/deepfake_project/outputs_deepfake_project/dfdc_subset_77_jpg/test/fake/fake_000118.jpg,fake,test,1,0.9649741649627686,1,clean,medium
/media/D1/ait_users/staff122/deepfake_project/outputs_deepfake_project/dfdc_subset_77_jpg/test/fake/fake_000119.jpg,fake,test,1,0.949797511100769,1,clean,medium
/media/D1/ait_users/staff122/deepfake_project/outputs_deepfake_project/dfdc_subset_77_jpg/test/fake/fake_000120.jpg,fake,test,1,0.9764304757118225,1,clean,medium
/media/D1/ait_users/staff122/deepfake_project/outputs_deepfake_project/dfdc_subset_77_jpg/test/fake/fake_000121.jpg,fake,test,1,0.9885870814323425,1,clean,medium
/media/D1/ait_users/staff122/deepfake_project/outputs_deepfake_project/dfdc_subset_77_jpg/test/fake/fake_000122.jpg,fake,test,1,0.9784330129623413,1,clean,medium
/media/D1/ait_users/staff122/deepfake_project/outputs_deepfake_project/dfdc_subset_77_jpg/test/fake/fake_000123.jpg,fake,test,1,0.9924361109733582,1,clean,medium
/media/D1/ait_users/staff122/deepfake_project/outputs_deepfake_project/dfdc_subset_77_jpg/test/fake/fake_000124.jpg,fake,test,1,0.996549129486084,1,clean,medium
/media/D1/ait_users/staff122/deepfake_project/outputs_deepfake_project/dfdc_subset_77_jpg/test/fake/fake_000125.jpg,fake,test,1,0.9895187020301819,1,clean,medium
/media/D1/ait_users/staff122/deepfake_project/outputs_deepfake_project/dfdc_subset_77_jpg/test/fake/fake_000126.jpg,fake,test,1,0.9586143493652344,1,clean,medium
/media/D1/ait_users/staff122/deepfake_project/outputs_deepfake_project/dfdc_subset_77_jpg/test/fake/fake_000127.jpg,fake,test,1,0.9514867663383484,1,clean,medium
/media/D1/ait_users/staff122/deepfake_project/outputs_deepfake_project/dfdc_subset_77_jpg/test/fake/fake_000128.jpg,fake,test,1,0.9732033610343933,1,clean,medium
/media/D1/ait_users/staff122/deepfake_project/outputs_deepfake_project/dfdc_subset_77_jpg/test/fake/fake_000129.jpg,fake,test,1,0.9811885952949524,1,clean,medium
/media/D1/ait_users/staff122/deepfake_project/outputs_deepfake_project/dfdc_subset_77_jpg/test/fake/fake_000130.jpg,fake,test,1,0.975459098815918,1,clean,medium
/media/D1/ait_users/staff122/deepfake_project/outputs_deepfake_project/dfdc_subset_77_jpg/test/fake/fake_000131.jpg,fake,test,1,0.9639551043510437,1,clean,medium
/media/D1/ait_users/staff122/deepfake_project/outputs_deepfake_project/dfdc_subset_77_jpg/test/fake/fake_000132.jpg,fake,test,1,0.9881167411804199,1,clean,medium
/media/D1/ait_users/staff122/deepfake_project/outputs_deepfake_project/dfdc_subset_77_jpg/test/fake/fake_000133.jpg,fake,test,1,0.9688055515289307,1,clean,medium
/media/D1/ait_users/staff122/deepfake_project/outputs_deepfake_project/dfdc_subset_77_jpg/test/fake/fake_000134.jpg,fake,test,1,0.9327472448348999,1,clean,medium
/media/D1/ait_users/staff122/deepfake_project/outputs_deepfake_project/dfdc_subset_77_jpg/test/fake/fake_000135.jpg,fake,test,1,0.8260874152183533,1,clean,medium
/media/D1/ait_users/staff122/deepfake_project/outputs_deepfake_project/dfdc_subset_77_jpg/test/fake/fake_000136.jpg,fake,test,1,0.9510254859924316,1,clean,medium
/media/D1/ait_users/staff122/deepfake_project/outputs_deepfake_project/dfdc_subset_77_jpg/test/fake/fake_000137.jpg,fake,test,1,0.9587839841842651,1,clean,medium
/media/D1/ait_users/staff122/deepfake_project/outputs_deepfake_project/dfdc_subset_77_jpg/test/fake/fake_000138.jpg,fake,test,1,0.9034309983253479,1,clean,medium
/media/D1/ait_users/staff122/deepfake_project/outputs_deepfake_project/dfdc_subset_77_jpg/test/fake/fake_000139.jpg,fake,test,1,0.7983137965202332,1,clean,medium
/media/D1/ait_users/staff122/deepfake_project/outputs_deepfake_project/dfdc_subset_77_jpg/test/fake/fake_000140.jpg,fake,test,1,0.36621901392936707,0,clean,medium
/media/D1/ait_users/staff122/deepfake_project/outputs_deepfake_project/dfdc_subset_77_jpg/test/fake/fake_000141.jpg,fake,test,1,0.4479300081729889,0,clean,medium
/media/D1/ait_users/staff122/deepfake_project/outputs_deepfake_project/dfdc_subset_77_jpg/test/fake/fake_000142.jpg,fake,test,1,0.33678561449050903,0,clean,medium
/media/D1/ait_users/staff122/deepfake_project/outputs_deepfake_project/dfdc_subset_77_jpg/test/fake/fake_000143.jpg,fake,test,1,0.4185416102409363,0,clean,medium
/media/D1/ait_users/staff122/deepfake_project/outputs_deepfake_project/dfdc_subset_77_jpg/test/fake/fake_000144.jpg,fake,test,1,0.4390372335910797,0,clean,medium
/media/D1/ait_users/staff122/deepfake_project/outputs_deepfake_project/dfdc_subset_77_jpg/test/fake/fake_000145.jpg,fake,test,1,0.29970911145210266,0,clean,medium
/media/D1/ait_users/staff122/deepfake_project/outputs_deepfake_project/dfdc_subset_77_jpg/test/fake/fake_000146.jpg,fake,test,1,0.3208797574043274,0,clean,medium
/media/D1/ait_users/staff122/deepfake_project/outputs_deepfake_project/dfdc_subset_77_jpg/test/fake/fake_000147.jpg,fake,test,1,0.9642685651779175,1,clean,medium
/media/D1/ait_users/staff122/deepfake_project/outputs_deepfake_project/dfdc_subset_77_jpg/test/fake/fake_000148.jpg,fake,test,1,0.9089896082878113,1,clean,medium
/media/D1/ait_users/staff122/deepfake_project/outputs_deepfake_project/dfdc_subset_77_jpg/test/fake/fake_000149.jpg,fake,test,1,0.8215699791908264,1,clean,medium
/media/D1/ait_users/staff122/deepfake_project/outputs_deepfake_project/dfdc_subset_77_jpg/test/fake/fake_000150.jpg,fake,test,1,0.8127565383911133,1,clean,medium
/media/D1/ait_users/staff122/deepfake_project/outputs_deepfake_project/dfdc_subset_77_jpg/test/fake/fake_000151.jpg,fake,test,1,0.9260255694389343,1,clean,medium
/media/D1/ait_users/staff122/deepfake_project/outputs_deepfake_project/dfdc_subset_77_jpg/test/fake/fake_000152.jpg,fake,test,1,0.7272140383720398,1,clean,medium
/media/D1/ait_users/staff122/deepfake_project/outputs_deepfake_project/dfdc_subset_77_jpg/test/fake/fake_000153.jpg,fake,test,1,0.9584797620773315,1,clean,medium
/media/D1/ait_users/staff122/deepfake_project/outputs_deepfake_project/dfdc_subset_77_jpg/test/fake/fake_000154.jpg,fake,test,1,0.9351915121078491,1,clean,medium
/media/D1/ait_users/staff122/deepfake_project/outputs_deepfake_project/dfdc_subset_77_jpg/test/fake/fake_000155.jpg,fake,test,1,0.8864839673042297,1,clean,medium
/media/D1/ait_users/staff122/deepfake_project/outputs_deepfake_project/dfdc_subset_77_jpg/test/fake/fake_000156.jpg,fake,test,1,0.8865671753883362,1,clean,medium
/media/D1/ait_users/staff122/deepfake_project/outputs_deepfake_project/dfdc_subset_77_jpg/test/fake/fake_000157.jpg,fake,test,1,0.7866585850715637,1,clean,medium
/media/D1/ait_users/staff122/deepfake_project/outputs_deepfake_project/dfdc_subset_77_jpg/test/fake/fake_000158.jpg,fake,test,1,0.903554379940033,1,clean,medium
/media/D1/ait_users/staff122/deepfake_project/outputs_deepfake_project/dfdc_subset_77_jpg/test/fake/fake_000159.jpg,fake,test,1,0.8747917413711548,1,clean,medium
/media/D1/ait_users/staff122/deepfake_project/outputs_deepfake_project/dfdc_subset_77_jpg/test/fake/fake_000160.jpg,fake,test,1,0.7772717475891113,1,clean,medium
/media/D1/ait_users/staff122/deepfake_project/outputs_deepfake_project/dfdc_subset_77_jpg/test/fake/fake_000161.jpg,fake,test,1,0.5866408944129944,1,clean,medium
/media/D1/ait_users/staff122/deepfake_project/outputs_deepfake_project/dfdc_subset_77_jpg/test/fake/fake_000162.jpg,fake,test,1,0.9083002805709839,1,clean,medium
/media/D1/ait_users/staff122/deepfake_project/outputs_deepfake_project/dfdc_subset_77_jpg/test/fake/fake_000163.jpg,fake,test,1,0.589384913444519,1,clean,medium
/media/D1/ait_users/staff122/deepfake_project/outputs_deepfake_project/dfdc_subset_77_jpg/test/fake/fake_000164.jpg,fake,test,1,0.6653714776039124,1,clean,medium
/media/D1/ait_users/staff122/deepfake_project/outputs_deepfake_project/dfdc_subset_77_jpg/test/fake/fake_000165.jpg,fake,test,1,0.675809919834137,1,clean,medium
/media/D1/ait_users/staff122/deepfake_project/outputs_deepfake_project/dfdc_subset_77_jpg/test/fake/fake_000166.jpg,fake,test,1,0.6974745988845825,1,clean,medium
/media/D1/ait_users/staff122/deepfake_project/outputs_deepfake_project/dfdc_subset_77_jpg/test/fake/fake_000167.jpg,fake,test,1,0.655633807182312,1,clean,medium
/media/D1/ait_users/staff122/deepfake_project/outputs_deepfake_project/dfdc_subset_77_jpg/test/fake/fake_000168.jpg,fake,test,1,0.6932469010353088,1,clean,medium
/media/D1/ait_users/staff122/deepfake_project/outputs_deepfake_project/dfdc_subset_77_jpg/test/fake/fake_000169.jpg,fake,test,1,0.3229050934314728,0,clean,medium
/media/D1/ait_users/staff122/deepfake_project/outputs_deepfake_project/dfdc_subset_77_jpg/test/fake/fake_000170.jpg,fake,test,1,0.3915786147117615,0,clean,medium
/media/D1/ait_users/staff122/deepfake_project/outputs_deepfake_project/dfdc_subset_77_jpg/test/fake/fake_000171.jpg,fake,test,1,0.3022094666957855,0,clean,medium
/media/D1/ait_users/staff122/deepfake_project/outputs_deepfake_project/dfdc_subset_77_jpg/test/fake/fake_000172.jpg,fake,test,1,0.4225497245788574,0,clean,medium
/media/D1/ait_users/staff122/deepfake_project/outputs_deepfake_project/dfdc_subset_77_jpg/test/fake/fake_000173.jpg,fake,test,1,0.5538855195045471,1,clean,medium
/media/D1/ait_users/staff122/deepfake_project/outputs_deepfake_project/dfdc_subset_77_jpg/test/fake/fake_000174.jpg,fake,test,1,0.5502406358718872,1,clean,medium
/media/D1/ait_users/staff122/deepfake_project/outputs_deepfake_project/dfdc_subset_77_jpg/test/fake/fake_000175.jpg,fake,test,1,0.6107922196388245,1,clean,medium
/media/D1/ait_users/staff122/deepfake_project/outputs_deepfake_project/dfdc_subset_77_jpg/test/fake/fake_000176.jpg,fake,test,1,0.3829716742038727,0,clean,medium
/media/D1/ait_users/staff122/deepfake_project/outputs_deepfake_project/dfdc_subset_77_jpg/test/fake/fake_000177.jpg,fake,test,1,0.7078341841697693,1,clean,medium
/media/D1/ait_users/staff122/deepfake_project/outputs_deepfake_project/dfdc_subset_77_jpg/test/fake/fake_000178.jpg,fake,test,1,0.5852781534194946,1,clean,medium
/media/D1/ait_users/staff122/deepfake_project/outputs_deepfake_project/dfdc_subset_77_jpg/test/fake/fake_000179.jpg,fake,test,1,0.5974894762039185,1,clean,medium
/media/D1/ait_users/staff122/deepfake_project/outputs_deepfake_project/dfdc_subset_77_jpg/test/fake/fake_000180.jpg,fake,test,1,0.4472518563270569,0,clean,medium
/media/D1/ait_users/staff122/deepfake_project/outputs_deepfake_project/dfdc_subset_77_jpg/test/fake/fake_000181.jpg,fake,test,1,0.6607859134674072,1,clean,medium
/media/D1/ait_users/staff122/deepfake_project/outputs_deepfake_project/dfdc_subset_77_jpg/test/fake/fake_000182.jpg,fake,test,1,0.5321288108825684,1,clean,medium
/media/D1/ait_users/staff122/deepfake_project/outputs_deepfake_project/dfdc_subset_77_jpg/test/fake/fake_000183.jpg,fake,test,1,0.5341142416000366,1,clean,medium
/media/D1/ait_users/staff122/deepfake_project/outputs_deepfake_project/dfdc_subset_77_jpg/test/fake/fake_000184.jpg,fake,test,1,0.6647164225578308,1,clean,medium
/media/D1/ait_users/staff122/deepfake_project/outputs_deepfake_project/dfdc_subset_77_jpg/test/fake/fake_000185.jpg,fake,test,1,0.4506761133670807,0,clean,medium
/media/D1/ait_users/staff122/deepfake_project/outputs_deepfake_project/dfdc_subset_77_jpg/test/fake/fake_000186.jpg,fake,test,1,0.34102120995521545,0,clean,medium
/media/D1/ait_users/staff122/deepfake_project/outputs_deepfake_project/dfdc_subset_77_jpg/test/fake/fake_000187.jpg,fake,test,1,0.289865642786026,0,clean,medium
/media/D1/ait_users/staff122/deepfake_project/outputs_deepfake_project/dfdc_subset_77_jpg/test/fake/fake_000188.jpg,fake,test,1,0.46292823553085327,0,clean,medium
/media/D1/ait_users/staff122/deepfake_project/outputs_deepfake_project/dfdc_subset_77_jpg/test/fake/fake_000189.jpg,fake,test,1,0.4730798006057739,0,clean,medium
/media/D1/ait_users/staff122/deepfake_project/outputs_deepfake_project/dfdc_subset_77_jpg/test/fake/fake_000190.jpg,fake,test,1,0.4711902141571045,0,clean,medium
/media/D1/ait_users/staff122/deepfake_project/outputs_deepfake_project/dfdc_subset_77_jpg/test/fake/fake_000191.jpg,fake,test,1,0.4818801283836365,0,clean,medium
/media/D1/ait_users/staff122/deepfake_project/outputs_deepfake_project/dfdc_subset_77_jpg/test/fake/fake_000192.jpg,fake,test,1,0.8845560550689697,1,clean,medium
/media/D1/ait_users/staff122/deepfake_project/outputs_deepfake_project/dfdc_subset_77_jpg/test/fake/fake_000193.jpg,fake,test,1,0.9777526259422302,1,clean,medium
/media/D1/ait_users/staff122/deepfake_project/outputs_deepfake_project/dfdc_subset_77_jpg/test/fake/fake_000194.jpg,fake,test,1,0.9853541851043701,1,clean,medium
/media/D1/ait_users/staff122/deepfake_project/outputs_deepfake_project/dfdc_subset_77_jpg/test/fake/fake_000195.jpg,fake,test,1,0.984948456287384,1,clean,medium
/media/D1/ait_users/staff122/deepfake_project/outputs_deepfake_project/dfdc_subset_77_jpg/test/fake/fake_000196.jpg,fake,test,1,0.9883238077163696,1,clean,medium
/media/D1/ait_users/staff122/deepfake_project/outputs_deepfake_project/dfdc_subset_77_jpg/test/fake/fake_000197.jpg,fake,test,1,0.9891141653060913,1,clean,medium
/media/D1/ait_users/staff122/deepfake_project/outputs_deepfake_project/dfdc_subset_77_jpg/test/fake/fake_000198.jpg,fake,test,1,0.9956704378128052,1,clean,medium
/media/D1/ait_users/staff122/deepfake_project/outputs_deepfake_project/dfdc_subset_77_jpg/test/fake/fake_000199.jpg,fake,test,1,0.9943856000900269,1,clean,medium
/media/D1/ait_users/staff122/deepfake_project/outputs_deepfake_project/dfdc_subset_77_jpg/test/fake/fake_000200.jpg,fake,test,1,0.9870198965072632,1,clean,medium
/media/D1/ait_users/staff122/deepfake_project/outputs_deepfake_project/dfdc_subset_77_jpg/test/fake/fake_000201.jpg,fake,test,1,0.981188952922821,1,clean,medium
/media/D1/ait_users/staff122/deepfake_project/outputs_deepfake_project/dfdc_subset_77_jpg/test/fake/fake_000202.jpg,fake,test,1,0.9884268641471863,1,clean,medium
/media/D1/ait_users/staff122/deepfake_project/outputs_deepfake_project/dfdc_subset_77_jpg/test/fake/fake_000203.jpg,fake,test,1,0.9997485280036926,1,clean,medium
/media/D1/ait_users/staff122/deepfake_project/outputs_deepfake_project/dfdc_subset_77_jpg/test/fake/fake_000204.jpg,fake,test,1,0.9988725781440735,1,clean,medium
/media/D1/ait_users/staff122/deepfake_project/outputs_deepfake_project/dfdc_subset_77_jpg/test/fake/fake_000205.jpg,fake,test,1,0.9991993308067322,1,clean,medium
/media/D1/ait_users/staff122/deepfake_project/outputs_deepfake_project/dfdc_subset_77_jpg/test/fake/fake_000206.jpg,fake,test,1,0.9932036399841309,1,clean,medium
/media/D1/ait_users/staff122/deepfake_project/outputs_deepfake_project/dfdc_subset_77_jpg/test/fake/fake_000207.jpg,fake,test,1,0.9950820207595825,1,clean,medium
/media/D1/ait_users/staff122/deepfake_project/outputs_deepfake_project/dfdc_subset_77_jpg/test/fake/fake_000208.jpg,fake,test,1,0.9699418544769287,1,clean,medium
/media/D1/ait_users/staff122/deepfake_project/outputs_deepfake_project/dfdc_subset_77_jpg/test/fake/fake_000209.jpg,fake,test,1,0.9929084777832031,1,clean,medium
/media/D1/ait_users/staff122/deepfake_project/outputs_deepfake_project/dfdc_subset_77_jpg/test/fake/fake_000210.jpg,fake,test,1,0.9974645376205444,1,clean,medium
/media/D1/ait_users/staff122/deepfake_project/outputs_deepfake_project/dfdc_subset_77_jpg/test/fake/fake_000211.jpg,fake,test,1,0.9972852468490601,1,clean,medium
/media/D1/ait_users/staff122/deepfake_project/outputs_deepfake_project/dfdc_subset_77_jpg/test/fake/fake_000212.jpg,fake,test,1,0.9995554089546204,1,clean,medium
/media/D1/ait_users/staff122/deepfake_project/outputs_deepfake_project/dfdc_subset_77_jpg/test/fake/fake_000213.jpg,fake,test,1,0.9955103397369385,1,clean,medium
/media/D1/ait_users/staff122/deepfake_project/outputs_deepfake_project/dfdc_subset_77_jpg/test/fake/fake_000214.jpg,fake,test,1,0.9928512573242188,1,clean,medium
/media/D1/ait_users/staff122/deepfake_project/outputs_deepfake_project/dfdc_subset_77_jpg/test/fake/fake_000215.jpg,fake,test,1,0.9962038397789001,1,clean,medium
/media/D1/ait_users/staff122/deepfake_project/outputs_deepfake_project/dfdc_subset_77_jpg/test/fake/fake_000216.jpg,fake,test,1,0.9809781312942505,1,clean,medium
/media/D1/ait_users/staff122/deepfake_project/outputs_deepfake_project/dfdc_subset_77_jpg/test/fake/fake_000217.jpg,fake,test,1,0.9984869956970215,1,clean,medium
/media/D1/ait_users/staff122/deepfake_project/outputs_deepfake_project/dfdc_subset_77_jpg/test/fake/fake_000218.jpg,fake,test,1,0.990107536315918,1,clean,medium
/media/D1/ait_users/staff122/deepfake_project/outputs_deepfake_project/dfdc_subset_77_jpg/test/fake/fake_000219.jpg,fake,test,1,0.9949341416358948,1,clean,medium
/media/D1/ait_users/staff122/deepfake_project/outputs_deepfake_project/dfdc_subset_77_jpg/test/fake/fake_000220.jpg,fake,test,1,0.9584418535232544,1,clean,medium
/media/D1/ait_users/staff122/deepfake_project/outputs_deepfake_project/dfdc_subset_77_jpg/test/fake/fake_000221.jpg,fake,test,1,0.9919853210449219,1,clean,medium
/media/D1/ait_users/staff122/deepfake_project/outputs_deepfake_project/dfdc_subset_77_jpg/test/fake/fake_000222.jpg,fake,test,1,0.997890293598175,1,clean,medium
/media/D1/ait_users/staff122/deepfake_project/outputs_deepfake_project/dfdc_subset_77_jpg/test/fake/fake_000223.jpg,fake,test,1,0.9839451909065247,1,clean,medium
/media/D1/ait_users/staff122/deepfake_project/outputs_deepfake_project/dfdc_subset_77_jpg/test/fake/fake_000224.jpg,fake,test,1,0.09234952181577682,0,clean,medium
/media/D1/ait_users/staff122/deepfake_project/outputs_deepfake_project/dfdc_subset_77_jpg/test/fake/fake_000225.jpg,fake,test,1,0.36823412775993347,0,clean,medium
/media/D1/ait_users/staff122/deepfake_project/outputs_deepfake_project/dfdc_subset_77_jpg/test/fake/fake_000226.jpg,fake,test,1,0.10590629279613495,0,clean,medium
/media/D1/ait_users/staff122/deepfake_project/outputs_deepfake_project/dfdc_subset_77_jpg/test/fake/fake_000227.jpg,fake,test,1,0.5051947236061096,1,clean,medium
/media/D1/ait_users/staff122/deepfake_project/outputs_deepfake_project/dfdc_subset_77_jpg/test/fake/fake_000228.jpg,fake,test,1,0.12264083325862885,0,clean,medium
/media/D1/ait_users/staff122/deepfake_project/outputs_deepfake_project/dfdc_subset_77_jpg/test/fake/fake_000229.jpg,fake,test,1,0.18762913346290588,0,clean,medium
/media/D1/ait_users/staff122/deepfake_project/outputs_deepfake_project/dfdc_subset_77_jpg/test/fake/fake_000230.jpg,fake,test,1,0.3006872534751892,0,clean,medium
/media/D1/ait_users/staff122/deepfake_project/outputs_deepfake_project/dfdc_subset_77_jpg/test/fake/fake_000231.jpg,fake,test,1,0.316785603761673,0,clean,medium
/media/D1/ait_users/staff122/deepfake_project/outputs_deepfake_project/dfdc_subset_77_jpg/test/fake/fake_000232.jpg,fake,test,1,0.07077519595623016,0,clean,medium
/media/D1/ait_users/staff122/deepfake_project/outputs_deepfake_project/dfdc_subset_77_jpg/test/fake/fake_000233.jpg,fake,test,1,0.01962638460099697,0,clean,medium
/media/D1/ait_users/staff122/deepfake_project/outputs_deepfake_project/dfdc_subset_77_jpg/test/fake/fake_000234.jpg,fake,test,1,0.6998022794723511,1,clean,medium
/media/D1/ait_users/staff122/deepfake_project/outputs_deepfake_project/dfdc_subset_77_jpg/test/fake/fake_000235.jpg,fake,test,1,0.5111652612686157,1,clean,medium
/media/D1/ait_users/staff122/deepfake_project/outputs_deepfake_project/dfdc_subset_77_jpg/test/fake/fake_000236.jpg,fake,test,1,0.11689843237400055,0,clean,medium
/media/D1/ait_users/staff122/deepfake_project/outputs_deepfake_project/dfdc_subset_77_jpg/test/fake/fake_000237.jpg,fake,test,1,0.29421666264533997,0,clean,medium
/media/D1/ait_users/staff122/deepfake_project/outputs_deepfake_project/dfdc_subset_77_jpg/test/fake/fake_000238.jpg,fake,test,1,0.4778168201446533,0,clean,medium
/media/D1/ait_users/staff122/deepfake_project/outputs_deepfake_project/dfdc_subset_77_jpg/test/fake/fake_000239.jpg,fake,test,1,0.6519355177879333,1,clean,medium
/media/D1/ait_users/staff122/deepfake_project/outputs_deepfake_project/dfdc_subset_77_jpg/test/fake/fake_000240.jpg,fake,test,1,0.4862903952598572,0,clean,medium
/media/D1/ait_users/staff122/deepfake_project/outputs_deepfake_project/dfdc_subset_77_jpg/test/fake/fake_000241.jpg,fake,test,1,0.6018757820129395,1,clean,medium
/media/D1/ait_users/staff122/deepfake_project/outputs_deepfake_project/dfdc_subset_77_jpg/test/fake/fake_000242.jpg,fake,test,1,0.41759926080703735,0,clean,medium
/media/D1/ait_users/staff122/deepfake_project/outputs_deepfake_project/dfdc_subset_77_jpg/test/fake/fake_000243.jpg,fake,test,1,0.22599506378173828,0,clean,medium
/media/D1/ait_users/staff122/deepfake_project/outputs_deepfake_project/dfdc_subset_77_jpg/test/fake/fake_000244.jpg,fake,test,1,0.2743932902812958,0,clean,medium
/media/D1/ait_users/staff122/deepfake_project/outputs_deepfake_project/dfdc_subset_77_jpg/test/fake/fake_000245.jpg,fake,test,1,0.12758173048496246,0,clean,medium
/media/D1/ait_users/staff122/deepfake_project/outputs_deepfake_project/dfdc_subset_77_jpg/test/fake/fake_000246.jpg,fake,test,1,0.07055655866861343,0,clean,medium
/media/D1/ait_users/staff122/deepfake_project/outputs_deepfake_project/dfdc_subset_77_jpg/test/fake/fake_000247.jpg,fake,test,1,0.08190145343542099,0,clean,medium
/media/D1/ait_users/staff122/deepfake_project/outputs_deepfake_project/dfdc_subset_77_jpg/test/fake/fake_000248.jpg,fake,test,1,0.5792458057403564,1,clean,medium
/media/D1/ait_users/staff122/deepfake_project/outputs_deepfake_project/dfdc_subset_77_jpg/test/fake/fake_000249.jpg,fake,test,1,0.2908458113670349,0,clean,medium
/media/D1/ait_users/staff122/deepfake_project/outputs_deepfake_project/dfdc_subset_77_jpg/test/fake/fake_000250.jpg,fake,test,1,0.1838259994983673,0,clean,medium
/media/D1/ait_users/staff122/deepfake_project/outputs_deepfake_project/dfdc_subset_77_jpg/test/fake/fake_000251.jpg,fake,test,1,0.03499561548233032,0,clean,medium
/media/D1/ait_users/staff122/deepfake_project/outputs_deepfake_project/dfdc_subset_77_jpg/test/fake/fake_000252.jpg,fake,test,1,0.15940913558006287,0,clean,medium
/media/D1/ait_users/staff122/deepfake_project/outputs_deepfake_project/dfdc_subset_77_jpg/test/fake/fake_000253.jpg,fake,test,1,0.7225134372711182,1,clean,medium
/media/D1/ait_users/staff122/deepfake_project/outputs_deepfake_project/dfdc_subset_77_jpg/test/fake/fake_000254.jpg,fake,test,1,0.41354987025260925,0,clean,medium
/media/D1/ait_users/staff122/deepfake_project/outputs_deepfake_project/dfdc_subset_77_jpg/test/fake/fake_000255.jpg,fake,test,1,0.30040648579597473,0,clean,medium
/media/D1/ait_users/staff122/deepfake_project/outputs_deepfake_project/dfdc_subset_77_jpg/test/fake/fake_000256.jpg,fake,test,1,0.42895057797431946,0,clean,medium
/media/D1/ait_users/staff122/deepfake_project/outputs_deepfake_project/dfdc_subset_77_jpg/test/fake/fake_000257.jpg,fake,test,1,0.8383529186248779,1,clean,medium
/media/D1/ait_users/staff122/deepfake_project/outputs_deepfake_project/dfdc_subset_77_jpg/test/fake/fake_000258.jpg,fake,test,1,0.42950865626335144,0,clean,medium
/media/D1/ait_users/staff122/deepfake_project/outputs_deepfake_project/dfdc_subset_77_jpg/test/fake/fake_000259.jpg,fake,test,1,0.4226532578468323,0,clean,medium
/media/D1/ait_users/staff122/deepfake_project/outputs_deepfake_project/dfdc_subset_77_jpg/test/fake/fake_000260.jpg,fake,test,1,0.4153871536254883,0,clean,medium
/media/D1/ait_users/staff122/deepfake_project/outputs_deepfake_project/dfdc_subset_77_jpg/test/fake/fake_000261.jpg,fake,test,1,0.6513984203338623,1,clean,medium
/media/D1/ait_users/staff122/deepfake_project/outputs_deepfake_project/dfdc_subset_77_jpg/test/fake/fake_000262.jpg,fake,test,1,0.48460668325424194,0,clean,medium
/media/D1/ait_users/staff122/deepfake_project/outputs_deepfake_project/dfdc_subset_77_jpg/test/fake/fake_000263.jpg,fake,test,1,0.44227635860443115,0,clean,medium
/media/D1/ait_users/staff122/deepfake_project/outputs_deepfake_project/dfdc_subset_77_jpg/test/fake/fake_000264.jpg,fake,test,1,0.4248899519443512,0,clean,medium
/media/D1/ait_users/staff122/deepfake_project/outputs_deepfake_project/dfdc_subset_77_jpg/test/fake/fake_000265.jpg,fake,test,1,0.8155539631843567,1,clean,medium
/media/D1/ait_users/staff122/deepfake_project/outputs_deepfake_project/dfdc_subset_77_jpg/test/fake/fake_000266.jpg,fake,test,1,0.8810663223266602,1,clean,medium
/media/D1/ait_users/staff122/deepfake_project/outputs_deepfake_project/dfdc_subset_77_jpg/test/fake/fake_000267.jpg,fake,test,1,0.9887256026268005,1,clean,medium
/media/D1/ait_users/staff122/deepfake_project/outputs_deepfake_project/dfdc_subset_77_jpg/test/fake/fake_000268.jpg,fake,test,1,0.867087185382843,1,clean,medium
/media/D1/ait_users/staff122/deepfake_project/outputs_deepfake_project/dfdc_subset_77_jpg/test/fake/fake_000269.jpg,fake,test,1,0.8375593423843384,1,clean,medium
/media/D1/ait_users/staff122/deepfake_project/outputs_deepfake_project/dfdc_subset_77_jpg/test/fake/fake_000270.jpg,fake,test,1,0.6867963075637817,1,clean,medium
/media/D1/ait_users/staff122/deepfake_project/outputs_deepfake_project/dfdc_subset_77_jpg/test/fake/fake_000271.jpg,fake,test,1,0.6647781729698181,1,clean,medium
/media/D1/ait_users/staff122/deepfake_project/outputs_deepfake_project/dfdc_subset_77_jpg/test/fake/fake_000272.jpg,fake,test,1,0.6817525625228882,1,clean,medium
/media/D1/ait_users/staff122/deepfake_project/outputs_deepfake_project/dfdc_subset_77_jpg/test/fake/fake_000273.jpg,fake,test,1,0.4539909064769745,0,clean,medium
/media/D1/ait_users/staff122/deepfake_project/outputs_deepfake_project/dfdc_subset_77_jpg/test/fake/fake_000274.jpg,fake,test,1,0.41989827156066895,0,clean,medium
/media/D1/ait_users/staff122/deepfake_project/outputs_deepfake_project/dfdc_subset_77_jpg/test/fake/fake_000275.jpg,fake,test,1,0.4399678409099579,0,clean,medium
/media/D1/ait_users/staff122/deepfake_project/outputs_deepfake_project/dfdc_subset_77_jpg/test/fake/fake_000276.jpg,fake,test,1,0.43786999583244324,0,clean,medium
/media/D1/ait_users/staff122/deepfake_project/outputs_deepfake_project/dfdc_subset_77_jpg/test/fake/fake_000277.jpg,fake,test,1,0.43449848890304565,0,clean,medium
/media/D1/ait_users/staff122/deepfake_project/outputs_deepfake_project/dfdc_subset_77_jpg/test/fake/fake_000278.jpg,fake,test,1,0.4376167058944702,0,clean,medium
/media/D1/ait_users/staff122/deepfake_project/outputs_deepfake_project/dfdc_subset_77_jpg/test/fake/fake_000279.jpg,fake,test,1,0.4405495822429657,0,clean,medium
/media/D1/ait_users/staff122/deepfake_project/outputs_deepfake_project/dfdc_subset_77_jpg/test/fake/fake_000280.jpg,fake,test,1,0.43108493089675903,0,clean,medium
/media/D1/ait_users/staff122/deepfake_project/outputs_deepfake_project/dfdc_subset_77_jpg/test/fake/fake_000281.jpg,fake,test,1,0.42450574040412903,0,clean,medium
/media/D1/ait_users/staff122/deepfake_project/outputs_deepfake_project/dfdc_subset_77_jpg/test/fake/fake_000282.jpg,fake,test,1,0.4520527720451355,0,clean,medium
/media/D1/ait_users/staff122/deepfake_project/outputs_deepfake_project/dfdc_subset_77_jpg/test/fake/fake_000283.jpg,fake,test,1,0.4454527497291565,0,clean,medium
/media/D1/ait_users/staff122/deepfake_project/outputs_deepfake_project/dfdc_subset_77_jpg/test/fake/fake_000284.jpg,fake,test,1,0.4497204124927521,0,clean,medium
/media/D1/ait_users/staff122/deepfake_project/outputs_deepfake_project/dfdc_subset_77_jpg/test/fake/fake_000285.jpg,fake,test,1,0.2861882150173187,0,clean,medium
/media/D1/ait_users/staff122/deepfake_project/outputs_deepfake_project/dfdc_subset_77_jpg/test/fake/fake_000286.jpg,fake,test,1,0.69591224193573,1,clean,medium
/media/D1/ait_users/staff122/deepfake_project/outputs_deepfake_project/dfdc_subset_77_jpg/test/fake/fake_000287.jpg,fake,test,1,0.45953553915023804,0,clean,medium
/media/D1/ait_users/staff122/deepfake_project/outputs_deepfake_project/dfdc_subset_77_jpg/test/fake/fake_000288.jpg,fake,test,1,0.3118918538093567,0,clean,medium
/media/D1/ait_users/staff122/deepfake_project/outputs_deepfake_project/dfdc_subset_77_jpg/test/fake/fake_000289.jpg,fake,test,1,0.23271241784095764,0,clean,medium
/media/D1/ait_users/staff122/deepfake_project/outputs_deepfake_project/dfdc_subset_77_jpg/test/fake/fake_000290.jpg,fake,test,1,0.2318154126405716,0,clean,medium
/media/D1/ait_users/staff122/deepfake_project/outputs_deepfake_project/dfdc_subset_77_jpg/test/fake/fake_000291.jpg,fake,test,1,0.24022774398326874,0,clean,medium
/media/D1/ait_users/staff122/deepfake_project/outputs_deepfake_project/dfdc_subset_77_jpg/test/fake/fake_000292.jpg,fake,test,1,0.25306206941604614,0,clean,medium
/media/D1/ait_users/staff122/deepfake_project/outputs_deepfake_project/dfdc_subset_77_jpg/test/fake/fake_000293.jpg,fake,test,1,0.24898125231266022,0,clean,medium
/media/D1/ait_users/staff122/deepfake_project/outputs_deepfake_project/dfdc_subset_77_jpg/test/fake/fake_000294.jpg,fake,test,1,0.24131356179714203,0,clean,medium
/media/D1/ait_users/staff122/deepfake_project/outputs_deepfake_project/dfdc_subset_77_jpg/test/fake/fake_000295.jpg,fake,test,1,0.23392201960086823,0,clean,medium
/media/D1/ait_users/staff122/deepfake_project/outputs_deepfake_project/dfdc_subset_77_jpg/test/fake/fake_000296.jpg,fake,test,1,0.26488178968429565,0,clean,medium
/media/D1/ait_users/staff122/deepfake_project/outputs_deepfake_project/dfdc_subset_77_jpg/test/fake/fake_000297.jpg,fake,test,1,0.2457287311553955,0,clean,medium
/media/D1/ait_users/staff122/deepfake_project/outputs_deepfake_project/dfdc_subset_77_jpg/test/fake/fake_000298.jpg,fake,test,1,0.24448107182979584,0,clean,medium
/media/D1/ait_users/staff122/deepfake_project/outputs_deepfake_project/dfdc_subset_77_jpg/test/fake/fake_000299.jpg,fake,test,1,0.21950165927410126,0,clean,medium
/media/D1/ait_users/staff122/deepfake_project/outputs_deepfake_project/dfdc_subset_77_jpg/test/fake/fake_000300.jpg,fake,test,1,0.23220469057559967,0,clean,medium
/media/D1/ait_users/staff122/deepfake_project/outputs_deepfake_project/dfdc_subset_77_jpg/test/fake/fake_000301.jpg,fake,test,1,0.2217215895652771,0,clean,medium
/media/D1/ait_users/staff122/deepfake_project/outputs_deepfake_project/dfdc_subset_77_jpg/test/fake/fake_000302.jpg,fake,test,1,0.250414103269577,0,clean,medium
/media/D1/ait_users/staff122/deepfake_project/outputs_deepfake_project/dfdc_subset_77_jpg/test/fake/fake_000303.jpg,fake,test,1,0.21063989400863647,0,clean,medium
/media/D1/ait_users/staff122/deepfake_project/outputs_deepfake_project/dfdc_subset_77_jpg/test/fake/fake_000304.jpg,fake,test,1,0.2795473635196686,0,clean,medium
/media/D1/ait_users/staff122/deepfake_project/outputs_deepfake_project/dfdc_subset_77_jpg/test/fake/fake_000305.jpg,fake,test,1,0.28471630811691284,0,clean,medium
/media/D1/ait_users/staff122/deepfake_project/outputs_deepfake_project/dfdc_subset_77_jpg/test/fake/fake_000306.jpg,fake,test,1,0.2976166307926178,0,clean,medium
/media/D1/ait_users/staff122/deepfake_project/outputs_deepfake_project/dfdc_subset_77_jpg/test/fake/fake_000307.jpg,fake,test,1,0.27158522605895996,0,clean,medium
/media/D1/ait_users/staff122/deepfake_project/outputs_deepfake_project/dfdc_subset_77_jpg/test/fake/fake_000308.jpg,fake,test,1,0.2989518940448761,0,clean,medium
/media/D1/ait_users/staff122/deepfake_project/outputs_deepfake_project/dfdc_subset_77_jpg/test/fake/fake_000309.jpg,fake,test,1,0.19415265321731567,0,clean,medium
/media/D1/ait_users/staff122/deepfake_project/outputs_deepfake_project/dfdc_subset_77_jpg/test/fake/fake_000310.jpg,fake,test,1,0.2674340009689331,0,clean,medium
/media/D1/ait_users/staff122/deepfake_project/outputs_deepfake_project/dfdc_subset_77_jpg/test/fake/fake_000311.jpg,fake,test,1,0.2740636467933655,0,clean,medium
/media/D1/ait_users/staff122/deepfake_project/outputs_deepfake_project/dfdc_subset_77_jpg/test/fake/fake_000312.jpg,fake,test,1,0.25304970145225525,0,clean,medium
/media/D1/ait_users/staff122/deepfake_project/outputs_deepfake_project/dfdc_subset_77_jpg/test/fake/fake_000313.jpg,fake,test,1,0.3134254813194275,0,clean,medium
/media/D1/ait_users/staff122/deepfake_project/outputs_deepfake_project/dfdc_subset_77_jpg/test/fake/fake_000314.jpg,fake,test,1,0.2864377796649933,0,clean,medium
/media/D1/ait_users/staff122/deepfake_project/outputs_deepfake_project/dfdc_subset_77_jpg/test/fake/fake_000315.jpg,fake,test,1,0.2793905735015869,0,clean,medium
/media/D1/ait_users/staff122/deepfake_project/outputs_deepfake_project/dfdc_subset_77_jpg/test/fake/fake_000316.jpg,fake,test,1,0.2828097641468048,0,clean,medium
/media/D1/ait_users/staff122/deepfake_project/outputs_deepfake_project/dfdc_subset_77_jpg/test/fake/fake_000317.jpg,fake,test,1,0.30233249068260193,0,clean,medium
/media/D1/ait_users/staff122/deepfake_project/outputs_deepfake_project/dfdc_subset_77_jpg/test/fake/fake_000318.jpg,fake,test,1,0.28992190957069397,0,clean,medium
/media/D1/ait_users/staff122/deepfake_project/outputs_deepfake_project/dfdc_subset_77_jpg/test/fake/fake_000319.jpg,fake,test,1,0.27964863181114197,0,clean,medium
/media/D1/ait_users/staff122/deepfake_project/outputs_deepfake_project/dfdc_subset_77_jpg/test/fake/fake_000320.jpg,fake,test,1,0.0876556783914566,0,clean,medium
/media/D1/ait_users/staff122/deepfake_project/outputs_deepfake_project/dfdc_subset_77_jpg/test/fake/fake_000321.jpg,fake,test,1,0.20178687572479248,0,clean,medium
/media/D1/ait_users/staff122/deepfake_project/outputs_deepfake_project/dfdc_subset_77_jpg/test/fake/fake_000322.jpg,fake,test,1,0.14999130368232727,0,clean,medium
/media/D1/ait_users/staff122/deepfake_project/outputs_deepfake_project/dfdc_subset_77_jpg/test/fake/fake_000323.jpg,fake,test,1,0.013722673989832401,0,clean,medium
/media/D1/ait_users/staff122/deepfake_project/outputs_deepfake_project/dfdc_subset_77_jpg/test/fake/fake_000324.jpg,fake,test,1,0.09140614420175552,0,clean,medium
/media/D1/ait_users/staff122/deepfake_project/outputs_deepfake_project/dfdc_subset_77_jpg/test/fake/fake_000325.jpg,fake,test,1,0.2630463242530823,0,clean,medium
/media/D1/ait_users/staff122/deepfake_project/outputs_deepfake_project/dfdc_subset_77_jpg/test/fake/fake_000326.jpg,fake,test,1,0.293705016374588,0,clean,medium
/media/D1/ait_users/staff122/deepfake_project/outputs_deepfake_project/dfdc_subset_77_jpg/test/fake/fake_000327.jpg,fake,test,1,0.12549486756324768,0,clean,medium
/media/D1/ait_users/staff122/deepfake_project/outputs_deepfake_project/dfdc_subset_77_jpg/test/fake/fake_000328.jpg,fake,test,1,0.02602868154644966,0,clean,medium
/media/D1/ait_users/staff122/deepfake_project/outputs_deepfake_project/dfdc_subset_77_jpg/test/fake/fake_000329.jpg,fake,test,1,0.024587299674749374,0,clean,medium
/media/D1/ait_users/staff122/deepfake_project/outputs_deepfake_project/dfdc_subset_77_jpg/test/fake/fake_000330.jpg,fake,test,1,0.02532629668712616,0,clean,medium
/media/D1/ait_users/staff122/deepfake_project/outputs_deepfake_project/dfdc_subset_77_jpg/test/fake/fake_000331.jpg,fake,test,1,0.312387079000473,0,clean,medium
/media/D1/ait_users/staff122/deepfake_project/outputs_deepfake_project/dfdc_subset_77_jpg/test/fake/fake_000332.jpg,fake,test,1,0.656909704208374,1,clean,medium
/media/D1/ait_users/staff122/deepfake_project/outputs_deepfake_project/dfdc_subset_77_jpg/test/fake/fake_000333.jpg,fake,test,1,0.19152942299842834,0,clean,medium
/media/D1/ait_users/staff122/deepfake_project/outputs_deepfake_project/dfdc_subset_77_jpg/test/fake/fake_000334.jpg,fake,test,1,0.055432338267564774,0,clean,medium
/media/D1/ait_users/staff122/deepfake_project/outputs_deepfake_project/dfdc_subset_77_jpg/test/fake/fake_000335.jpg,fake,test,1,0.5872416496276855,1,clean,medium
/media/D1/ait_users/staff122/deepfake_project/outputs_deepfake_project/dfdc_subset_77_jpg/test/fake/fake_000336.jpg,fake,test,1,0.04577777907252312,0,clean,medium
/media/D1/ait_users/staff122/deepfake_project/outputs_deepfake_project/dfdc_subset_77_jpg/test/fake/fake_000337.jpg,fake,test,1,0.3189116418361664,0,clean,medium
/media/D1/ait_users/staff122/deepfake_project/outputs_deepfake_project/dfdc_subset_77_jpg/test/fake/fake_000338.jpg,fake,test,1,0.31963595747947693,0,clean,medium
/media/D1/ait_users/staff122/deepfake_project/outputs_deepfake_project/dfdc_subset_77_jpg/test/fake/fake_000339.jpg,fake,test,1,0.38015511631965637,0,clean,medium
/media/D1/ait_users/staff122/deepfake_project/outputs_deepfake_project/dfdc_subset_77_jpg/test/fake/fake_000340.jpg,fake,test,1,0.05736088380217552,0,clean,medium
/media/D1/ait_users/staff122/deepfake_project/outputs_deepfake_project/dfdc_subset_77_jpg/test/fake/fake_000341.jpg,fake,test,1,0.17894576489925385,0,clean,medium
/media/D1/ait_users/staff122/deepfake_project/outputs_deepfake_project/dfdc_subset_77_jpg/test/fake/fake_000342.jpg,fake,test,1,0.22092239558696747,0,clean,medium
/media/D1/ait_users/staff122/deepfake_project/outputs_deepfake_project/dfdc_subset_77_jpg/test/fake/fake_000343.jpg,fake,test,1,0.04199305921792984,0,clean,medium
/media/D1/ait_users/staff122/deepfake_project/outputs_deepfake_project/dfdc_subset_77_jpg/test/fake/fake_000344.jpg,fake,test,1,0.1878465861082077,0,clean,medium
/media/D1/ait_users/staff122/deepfake_project/outputs_deepfake_project/dfdc_subset_77_jpg/test/fake/fake_000345.jpg,fake,test,1,0.060489434748888016,0,clean,medium
/media/D1/ait_users/staff122/deepfake_project/outputs_deepfake_project/dfdc_subset_77_jpg/test/fake/fake_000346.jpg,fake,test,1,0.18035104870796204,0,clean,medium
/media/D1/ait_users/staff122/deepfake_project/outputs_deepfake_project/dfdc_subset_77_jpg/test/fake/fake_000347.jpg,fake,test,1,0.436594158411026,0,clean,medium
/media/D1/ait_users/staff122/deepfake_project/outputs_deepfake_project/dfdc_subset_77_jpg/test/fake/fake_000348.jpg,fake,test,1,0.2655026614665985,0,clean,medium
/media/D1/ait_users/staff122/deepfake_project/outputs_deepfake_project/dfdc_subset_77_jpg/test/fake/fake_000349.jpg,fake,test,1,0.36271145939826965,0,clean,medium
/media/D1/ait_users/staff122/deepfake_project/outputs_deepfake_project/dfdc_subset_77_jpg/test/fake/fake_000350.jpg,fake,test,1,0.2998255789279938,0,clean,medium
/media/D1/ait_users/staff122/deepfake_project/outputs_deepfake_project/dfdc_subset_77_jpg/test/fake/fake_000351.jpg,fake,test,1,0.025739219039678574,0,clean,medium
/media/D1/ait_users/staff122/deepfake_project/outputs_deepfake_project/dfdc_subset_77_jpg/test/fake/fake_000352.jpg,fake,test,1,0.5797820091247559,1,clean,medium
/media/D1/ait_users/staff122/deepfake_project/outputs_deepfake_project/dfdc_subset_77_jpg/test/fake/fake_000353.jpg,fake,test,1,0.9105605483055115,1,clean,medium
/media/D1/ait_users/staff122/deepfake_project/outputs_deepfake_project/dfdc_subset_77_jpg/test/fake/fake_000354.jpg,fake,test,1,0.5789037942886353,1,clean,medium
/media/D1/ait_users/staff122/deepfake_project/outputs_deepfake_project/dfdc_subset_77_jpg/test/fake/fake_000355.jpg,fake,test,1,0.5518759489059448,1,clean,medium
/media/D1/ait_users/staff122/deepfake_project/outputs_deepfake_project/dfdc_subset_77_jpg/test/fake/fake_000356.jpg,fake,test,1,0.6395576596260071,1,clean,medium
/media/D1/ait_users/staff122/deepfake_project/outputs_deepfake_project/dfdc_subset_77_jpg/test/fake/fake_000357.jpg,fake,test,1,0.6078793406486511,1,clean,medium
/media/D1/ait_users/staff122/deepfake_project/outputs_deepfake_project/dfdc_subset_77_jpg/test/fake/fake_000358.jpg,fake,test,1,0.742043673992157,1,clean,medium
/media/D1/ait_users/staff122/deepfake_project/outputs_deepfake_project/dfdc_subset_77_jpg/test/fake/fake_000359.jpg,fake,test,1,0.6836140155792236,1,clean,medium
/media/D1/ait_users/staff122/deepfake_project/outputs_deepfake_project/dfdc_subset_77_jpg/test/fake/fake_000360.jpg,fake,test,1,0.4864736497402191,0,clean,medium
/media/D1/ait_users/staff122/deepfake_project/outputs_deepfake_project/dfdc_subset_77_jpg/test/fake/fake_000361.jpg,fake,test,1,0.5783488750457764,1,clean,medium
/media/D1/ait_users/staff122/deepfake_project/outputs_deepfake_project/dfdc_subset_77_jpg/test/fake/fake_000362.jpg,fake,test,1,0.5411145687103271,1,clean,medium
/media/D1/ait_users/staff122/deepfake_project/outputs_deepfake_project/dfdc_subset_77_jpg/test/fake/fake_000363.jpg,fake,test,1,0.2918435037136078,0,clean,medium
/media/D1/ait_users/staff122/deepfake_project/outputs_deepfake_project/dfdc_subset_77_jpg/test/fake/fake_000364.jpg,fake,test,1,0.5386835336685181,1,clean,medium
/media/D1/ait_users/staff122/deepfake_project/outputs_deepfake_project/dfdc_subset_77_jpg/test/fake/fake_000365.jpg,fake,test,1,0.4865190088748932,0,clean,medium
/media/D1/ait_users/staff122/deepfake_project/outputs_deepfake_project/dfdc_subset_77_jpg/test/fake/fake_000366.jpg,fake,test,1,0.5268969535827637,1,clean,medium
/media/D1/ait_users/staff122/deepfake_project/outputs_deepfake_project/dfdc_subset_77_jpg/test/fake/fake_000367.jpg,fake,test,1,0.9045613408088684,1,clean,medium
/media/D1/ait_users/staff122/deepfake_project/outputs_deepfake_project/dfdc_subset_77_jpg/test/fake/fake_000368.jpg,fake,test,1,0.9521292448043823,1,clean,medium
/media/D1/ait_users/staff122/deepfake_project/outputs_deepfake_project/dfdc_subset_77_jpg/test/fake/fake_000369.jpg,fake,test,1,0.5321652889251709,1,clean,medium
/media/D1/ait_users/staff122/deepfake_project/outputs_deepfake_project/dfdc_subset_77_jpg/test/fake/fake_000370.jpg,fake,test,1,0.4645339846611023,0,clean,medium
/media/D1/ait_users/staff122/deepfake_project/outputs_deepfake_project/dfdc_subset_77_jpg/test/fake/fake_000371.jpg,fake,test,1,0.5542196035385132,1,clean,medium
/media/D1/ait_users/staff122/deepfake_project/outputs_deepfake_project/dfdc_subset_77_jpg/test/fake/fake_000372.jpg,fake,test,1,0.42765235900878906,0,clean,medium
/media/D1/ait_users/staff122/deepfake_project/outputs_deepfake_project/dfdc_subset_77_jpg/test/fake/fake_000373.jpg,fake,test,1,0.452094703912735,0,clean,medium
/media/D1/ait_users/staff122/deepfake_project/outputs_deepfake_project/dfdc_subset_77_jpg/test/fake/fake_000374.jpg,fake,test,1,0.49686411023139954,0,clean,medium
/media/D1/ait_users/staff122/deepfake_project/outputs_deepfake_project/dfdc_subset_77_jpg/test/fake/fake_000375.jpg,fake,test,1,0.46204161643981934,0,clean,medium
/media/D1/ait_users/staff122/deepfake_project/outputs_deepfake_project/dfdc_subset_77_jpg/test/fake/fake_000376.jpg,fake,test,1,0.7680888175964355,1,clean,medium
/media/D1/ait_users/staff122/deepfake_project/outputs_deepfake_project/dfdc_subset_77_jpg/test/fake/fake_000377.jpg,fake,test,1,0.6439626812934875,1,clean,medium
/media/D1/ait_users/staff122/deepfake_project/outputs_deepfake_project/dfdc_subset_77_jpg/test/fake/fake_000378.jpg,fake,test,1,0.6075288653373718,1,clean,medium
/media/D1/ait_users/staff122/deepfake_project/outputs_deepfake_project/dfdc_subset_77_jpg/test/fake/fake_000379.jpg,fake,test,1,0.48575153946876526,0,clean,medium
/media/D1/ait_users/staff122/deepfake_project/outputs_deepfake_project/dfdc_subset_77_jpg/test/fake/fake_000380.jpg,fake,test,1,0.5927654504776001,1,clean,medium
/media/D1/ait_users/staff122/deepfake_project/outputs_deepfake_project/dfdc_subset_77_jpg/test/fake/fake_000381.jpg,fake,test,1,0.617946207523346,1,clean,medium
/media/D1/ait_users/staff122/deepfake_project/outputs_deepfake_project/dfdc_subset_77_jpg/test/fake/fake_000382.jpg,fake,test,1,0.6694709658622742,1,clean,medium
/media/D1/ait_users/staff122/deepfake_project/outputs_deepfake_project/dfdc_subset_77_jpg/test/fake/fake_000383.jpg,fake,test,1,0.48678985238075256,0,clean,medium
/media/D1/ait_users/staff122/deepfake_project/outputs_deepfake_project/dfdc_subset_77_jpg/test/fake/fake_000384.jpg,fake,test,1,0.757840096950531,1,clean,medium
/media/D1/ait_users/staff122/deepfake_project/outputs_deepfake_project/dfdc_subset_77_jpg/test/fake/fake_000385.jpg,fake,test,1,0.16567398607730865,0,clean,medium
/media/D1/ait_users/staff122/deepfake_project/outputs_deepfake_project/dfdc_subset_77_jpg/test/fake/fake_000386.jpg,fake,test,1,0.26607784628868103,0,clean,medium
/media/D1/ait_users/staff122/deepfake_project/outputs_deepfake_project/dfdc_subset_77_jpg/test/fake/fake_000387.jpg,fake,test,1,0.09655075520277023,0,clean,medium
/media/D1/ait_users/staff122/deepfake_project/outputs_deepfake_project/dfdc_subset_77_jpg/test/fake/fake_000388.jpg,fake,test,1,0.38152965903282166,0,clean,medium
/media/D1/ait_users/staff122/deepfake_project/outputs_deepfake_project/dfdc_subset_77_jpg/test/fake/fake_000389.jpg,fake,test,1,0.8319095373153687,1,clean,medium
/media/D1/ait_users/staff122/deepfake_project/outputs_deepfake_project/dfdc_subset_77_jpg/test/fake/fake_000390.jpg,fake,test,1,0.9316543340682983,1,clean,medium
/media/D1/ait_users/staff122/deepfake_project/outputs_deepfake_project/dfdc_subset_77_jpg/test/fake/fake_000391.jpg,fake,test,1,0.3299897313117981,0,clean,medium
/media/D1/ait_users/staff122/deepfake_project/outputs_deepfake_project/dfdc_subset_77_jpg/test/fake/fake_000392.jpg,fake,test,1,0.713166356086731,1,clean,medium
/media/D1/ait_users/staff122/deepfake_project/outputs_deepfake_project/dfdc_subset_77_jpg/test/fake/fake_000393.jpg,fake,test,1,0.5773396492004395,1,clean,medium
/media/D1/ait_users/staff122/deepfake_project/outputs_deepfake_project/dfdc_subset_77_jpg/test/fake/fake_000394.jpg,fake,test,1,0.5934791564941406,1,clean,medium
/media/D1/ait_users/staff122/deepfake_project/outputs_deepfake_project/dfdc_subset_77_jpg/test/fake/fake_000395.jpg,fake,test,1,0.4274829924106598,0,clean,medium
/media/D1/ait_users/staff122/deepfake_project/outputs_deepfake_project/dfdc_subset_77_jpg/test/fake/fake_000396.jpg,fake,test,1,0.6192610859870911,1,clean,medium
/media/D1/ait_users/staff122/deepfake_project/outputs_deepfake_project/dfdc_subset_77_jpg/test/fake/fake_000397.jpg,fake,test,1,0.40486302971839905,0,clean,medium
/media/D1/ait_users/staff122/deepfake_project/outputs_deepfake_project/dfdc_subset_77_jpg/test/fake/fake_000398.jpg,fake,test,1,0.4867089092731476,0,clean,medium
/media/D1/ait_users/staff122/deepfake_project/outputs_deepfake_project/dfdc_subset_77_jpg/test/fake/fake_000399.jpg,fake,test,1,0.37138670682907104,0,clean,medium
/media/D1/ait_users/staff122/deepfake_project/outputs_deepfake_project/dfdc_subset_77_jpg/test/fake/fake_000400.jpg,fake,test,1,0.4090721011161804,0,clean,medium
/media/D1/ait_users/staff122/deepfake_project/outputs_deepfake_project/dfdc_subset_77_jpg/test/fake/fake_000401.jpg,fake,test,1,0.26612481474876404,0,clean,medium
/media/D1/ait_users/staff122/deepfake_project/outputs_deepfake_project/dfdc_subset_77_jpg/test/fake/fake_000402.jpg,fake,test,1,0.6919059157371521,1,clean,medium
/media/D1/ait_users/staff122/deepfake_project/outputs_deepfake_project/dfdc_subset_77_jpg/test/fake/fake_000403.jpg,fake,test,1,0.1859085112810135,0,clean,medium
/media/D1/ait_users/staff122/deepfake_project/outputs_deepfake_project/dfdc_subset_77_jpg/test/fake/fake_000404.jpg,fake,test,1,0.7528949975967407,1,clean,medium
/media/D1/ait_users/staff122/deepfake_project/outputs_deepfake_project/dfdc_subset_77_jpg/test/fake/fake_000405.jpg,fake,test,1,0.35575494170188904,0,clean,medium
/media/D1/ait_users/staff122/deepfake_project/outputs_deepfake_project/dfdc_subset_77_jpg/test/fake/fake_000406.jpg,fake,test,1,0.5257312059402466,1,clean,medium
/media/D1/ait_users/staff122/deepfake_project/outputs_deepfake_project/dfdc_subset_77_jpg/test/fake/fake_000407.jpg,fake,test,1,0.4693247973918915,0,clean,medium
/media/D1/ait_users/staff122/deepfake_project/outputs_deepfake_project/dfdc_subset_77_jpg/test/fake/fake_000408.jpg,fake,test,1,0.24757146835327148,0,clean,medium
/media/D1/ait_users/staff122/deepfake_project/outputs_deepfake_project/dfdc_subset_77_jpg/test/fake/fake_000409.jpg,fake,test,1,0.13757848739624023,0,clean,medium
/media/D1/ait_users/staff122/deepfake_project/outputs_deepfake_project/dfdc_subset_77_jpg/test/fake/fake_000410.jpg,fake,test,1,0.10785841941833496,0,clean,medium
/media/D1/ait_users/staff122/deepfake_project/outputs_deepfake_project/dfdc_subset_77_jpg/test/fake/fake_000411.jpg,fake,test,1,0.16096457839012146,0,clean,medium
/media/D1/ait_users/staff122/deepfake_project/outputs_deepfake_project/dfdc_subset_77_jpg/test/fake/fake_000412.jpg,fake,test,1,0.3154184818267822,0,clean,medium
/media/D1/ait_users/staff122/deepfake_project/outputs_deepfake_project/dfdc_subset_77_jpg/test/fake/fake_000413.jpg,fake,test,1,0.10557298362255096,0,clean,medium
/media/D1/ait_users/staff122/deepfake_project/outputs_deepfake_project/dfdc_subset_77_jpg/test/fake/fake_000414.jpg,fake,test,1,0.5090492963790894,1,clean,medium
/media/D1/ait_users/staff122/deepfake_project/outputs_deepfake_project/dfdc_subset_77_jpg/test/fake/fake_000415.jpg,fake,test,1,0.4536454677581787,0,clean,medium
/media/D1/ait_users/staff122/deepfake_project/outputs_deepfake_project/dfdc_subset_77_jpg/test/fake/fake_000416.jpg,fake,test,1,0.2019931674003601,0,clean,medium
/media/D1/ait_users/staff122/deepfake_project/outputs_deepfake_project/dfdc_subset_77_jpg/test/fake/fake_000417.jpg,fake,test,1,0.25396373867988586,0,clean,medium
/media/D1/ait_users/staff122/deepfake_project/outputs_deepfake_project/dfdc_subset_77_jpg/test/fake/fake_000418.jpg,fake,test,1,0.27611976861953735,0,clean,medium
/media/D1/ait_users/staff122/deepfake_project/outputs_deepfake_project/dfdc_subset_77_jpg/test/fake/fake_000419.jpg,fake,test,1,0.1978919357061386,0,clean,medium
/media/D1/ait_users/staff122/deepfake_project/outputs_deepfake_project/dfdc_subset_77_jpg/test/fake/fake_000420.jpg,fake,test,1,0.26632997393608093,0,clean,medium
/media/D1/ait_users/staff122/deepfake_project/outputs_deepfake_project/dfdc_subset_77_jpg/test/fake/fake_000421.jpg,fake,test,1,0.256160169839859,0,clean,medium
/media/D1/ait_users/staff122/deepfake_project/outputs_deepfake_project/dfdc_subset_77_jpg/test/fake/fake_000422.jpg,fake,test,1,0.27838370203971863,0,clean,medium
/media/D1/ait_users/staff122/deepfake_project/outputs_deepfake_project/dfdc_subset_77_jpg/test/fake/fake_000423.jpg,fake,test,1,0.20428679883480072,0,clean,medium
/media/D1/ait_users/staff122/deepfake_project/outputs_deepfake_project/dfdc_subset_77_jpg/test/fake/fake_000424.jpg,fake,test,1,0.2877673804759979,0,clean,medium
/media/D1/ait_users/staff122/deepfake_project/outputs_deepfake_project/dfdc_subset_77_jpg/test/fake/fake_000425.jpg,fake,test,1,0.26665741205215454,0,clean,medium
/media/D1/ait_users/staff122/deepfake_project/outputs_deepfake_project/dfdc_subset_77_jpg/test/fake/fake_000426.jpg,fake,test,1,0.16622355580329895,0,clean,medium
/media/D1/ait_users/staff122/deepfake_project/outputs_deepfake_project/dfdc_subset_77_jpg/test/fake/fake_000427.jpg,fake,test,1,0.19222652912139893,0,clean,medium
/media/D1/ait_users/staff122/deepfake_project/outputs_deepfake_project/dfdc_subset_77_jpg/test/fake/fake_000428.jpg,fake,test,1,0.22183747589588165,0,clean,medium
/media/D1/ait_users/staff122/deepfake_project/outputs_deepfake_project/dfdc_subset_77_jpg/test/fake/fake_000429.jpg,fake,test,1,0.2795450687408447,0,clean,medium
/media/D1/ait_users/staff122/deepfake_project/outputs_deepfake_project/dfdc_subset_77_jpg/test/fake/fake_000430.jpg,fake,test,1,0.3518529534339905,0,clean,medium
/media/D1/ait_users/staff122/deepfake_project/outputs_deepfake_project/dfdc_subset_77_jpg/test/fake/fake_000431.jpg,fake,test,1,0.2895757555961609,0,clean,medium
/media/D1/ait_users/staff122/deepfake_project/outputs_deepfake_project/dfdc_subset_77_jpg/test/fake/fake_000432.jpg,fake,test,1,0.22744868695735931,0,clean,medium
/media/D1/ait_users/staff122/deepfake_project/outputs_deepfake_project/dfdc_subset_77_jpg/test/fake/fake_000433.jpg,fake,test,1,0.3320399820804596,0,clean,medium
/media/D1/ait_users/staff122/deepfake_project/outputs_deepfake_project/dfdc_subset_77_jpg/test/fake/fake_000434.jpg,fake,test,1,0.3250696063041687,0,clean,medium
/media/D1/ait_users/staff122/deepfake_project/outputs_deepfake_project/dfdc_subset_77_jpg/test/fake/fake_000435.jpg,fake,test,1,0.35258498787879944,0,clean,medium
/media/D1/ait_users/staff122/deepfake_project/outputs_deepfake_project/dfdc_subset_77_jpg/test/fake/fake_000436.jpg,fake,test,1,0.2980214059352875,0,clean,medium
/media/D1/ait_users/staff122/deepfake_project/outputs_deepfake_project/dfdc_subset_77_jpg/test/fake/fake_000437.jpg,fake,test,1,0.23959799110889435,0,clean,medium
/media/D1/ait_users/staff122/deepfake_project/outputs_deepfake_project/dfdc_subset_77_jpg/test/fake/fake_000438.jpg,fake,test,1,0.28075718879699707,0,clean,medium
/media/D1/ait_users/staff122/deepfake_project/outputs_deepfake_project/dfdc_subset_77_jpg/test/fake/fake_000439.jpg,fake,test,1,0.3432524800300598,0,clean,medium
/media/D1/ait_users/staff122/deepfake_project/outputs_deepfake_project/dfdc_subset_77_jpg/test/fake/fake_000440.jpg,fake,test,1,0.3888305127620697,0,clean,medium
/media/D1/ait_users/staff122/deepfake_project/outputs_deepfake_project/dfdc_subset_77_jpg/test/fake/fake_000441.jpg,fake,test,1,0.262167751789093,0,clean,medium
/media/D1/ait_users/staff122/deepfake_project/outputs_deepfake_project/dfdc_subset_77_jpg/test/fake/fake_000442.jpg,fake,test,1,0.35515910387039185,0,clean,medium
/media/D1/ait_users/staff122/deepfake_project/outputs_deepfake_project/dfdc_subset_77_jpg/test/fake/fake_000443.jpg,fake,test,1,0.27840885519981384,0,clean,medium
/media/D1/ait_users/staff122/deepfake_project/outputs_deepfake_project/dfdc_subset_77_jpg/test/fake/fake_000444.jpg,fake,test,1,0.3140504062175751,0,clean,medium
/media/D1/ait_users/staff122/deepfake_project/outputs_deepfake_project/dfdc_subset_77_jpg/test/fake/fake_000445.jpg,fake,test,1,0.22676166892051697,0,clean,medium
/media/D1/ait_users/staff122/deepfake_project/outputs_deepfake_project/dfdc_subset_77_jpg/test/fake/fake_000446.jpg,fake,test,1,0.2975231111049652,0,clean,medium
/media/D1/ait_users/staff122/deepfake_project/outputs_deepfake_project/dfdc_subset_77_jpg/test/fake/fake_000447.jpg,fake,test,1,0.3265936076641083,0,clean,medium
/media/D1/ait_users/staff122/deepfake_project/outputs_deepfake_project/dfdc_subset_77_jpg/test/fake/fake_000448.jpg,fake,test,1,0.9080696702003479,1,clean,medium
/media/D1/ait_users/staff122/deepfake_project/outputs_deepfake_project/dfdc_subset_77_jpg/test/fake/fake_000449.jpg,fake,test,1,0.47196483612060547,0,clean,medium
/media/D1/ait_users/staff122/deepfake_project/outputs_deepfake_project/dfdc_subset_77_jpg/test/fake/fake_000450.jpg,fake,test,1,0.33844801783561707,0,clean,medium
/media/D1/ait_users/staff122/deepfake_project/outputs_deepfake_project/dfdc_subset_77_jpg/test/fake/fake_000451.jpg,fake,test,1,0.2644987404346466,0,clean,medium
/media/D1/ait_users/staff122/deepfake_project/outputs_deepfake_project/dfdc_subset_77_jpg/test/fake/fake_000452.jpg,fake,test,1,0.17555271089076996,0,clean,medium
/media/D1/ait_users/staff122/deepfake_project/outputs_deepfake_project/dfdc_subset_77_jpg/test/fake/fake_000453.jpg,fake,test,1,0.004574429243803024,0,clean,medium
/media/D1/ait_users/staff122/deepfake_project/outputs_deepfake_project/dfdc_subset_77_jpg/test/fake/fake_000454.jpg,fake,test,1,0.0036022644490003586,0,clean,medium
/media/D1/ait_users/staff122/deepfake_project/outputs_deepfake_project/dfdc_subset_77_jpg/test/fake/fake_000455.jpg,fake,test,1,0.0037130163982510567,0,clean,medium
/media/D1/ait_users/staff122/deepfake_project/outputs_deepfake_project/dfdc_subset_77_jpg/test/fake/fake_000456.jpg,fake,test,1,0.1470630019903183,0,clean,medium
/media/D1/ait_users/staff122/deepfake_project/outputs_deepfake_project/dfdc_subset_77_jpg/test/fake/fake_000457.jpg,fake,test,1,0.8800896406173706,1,clean,medium
/media/D1/ait_users/staff122/deepfake_project/outputs_deepfake_project/dfdc_subset_77_jpg/test/fake/fake_000458.jpg,fake,test,1,0.0034587134141474962,0,clean,medium
/media/D1/ait_users/staff122/deepfake_project/outputs_deepfake_project/dfdc_subset_77_jpg/test/fake/fake_000459.jpg,fake,test,1,0.013440408743917942,0,clean,medium
/media/D1/ait_users/staff122/deepfake_project/outputs_deepfake_project/dfdc_subset_77_jpg/test/fake/fake_000460.jpg,fake,test,1,0.028474340215325356,0,clean,medium
/media/D1/ait_users/staff122/deepfake_project/outputs_deepfake_project/dfdc_subset_77_jpg/test/fake/fake_000461.jpg,fake,test,1,0.011843557469546795,0,clean,medium
/media/D1/ait_users/staff122/deepfake_project/outputs_deepfake_project/dfdc_subset_77_jpg/test/fake/fake_000462.jpg,fake,test,1,0.010733440518379211,0,clean,medium
/media/D1/ait_users/staff122/deepfake_project/outputs_deepfake_project/dfdc_subset_77_jpg/test/fake/fake_000463.jpg,fake,test,1,0.1531517058610916,0,clean,medium
/media/D1/ait_users/staff122/deepfake_project/outputs_deepfake_project/dfdc_subset_77_jpg/test/fake/fake_000464.jpg,fake,test,1,0.0029629215132445097,0,clean,medium
/media/D1/ait_users/staff122/deepfake_project/outputs_deepfake_project/dfdc_subset_77_jpg/test/fake/fake_000465.jpg,fake,test,1,0.003076630411669612,0,clean,medium
/media/D1/ait_users/staff122/deepfake_project/outputs_deepfake_project/dfdc_subset_77_jpg/test/fake/fake_000466.jpg,fake,test,1,0.0020775236189365387,0,clean,medium
/media/D1/ait_users/staff122/deepfake_project/outputs_deepfake_project/dfdc_subset_77_jpg/test/fake/fake_000467.jpg,fake,test,1,0.005561482161283493,0,clean,medium
/media/D1/ait_users/staff122/deepfake_project/outputs_deepfake_project/dfdc_subset_77_jpg/test/fake/fake_000468.jpg,fake,test,1,0.0029139178805053234,0,clean,medium
/media/D1/ait_users/staff122/deepfake_project/outputs_deepfake_project/dfdc_subset_77_jpg/test/fake/fake_000469.jpg,fake,test,1,0.10134972631931305,0,clean,medium
/media/D1/ait_users/staff122/deepfake_project/outputs_deepfake_project/dfdc_subset_77_jpg/test/fake/fake_000470.jpg,fake,test,1,0.19494307041168213,0,clean,medium
/media/D1/ait_users/staff122/deepfake_project/outputs_deepfake_project/dfdc_subset_77_jpg/test/fake/fake_000471.jpg,fake,test,1,0.7525795698165894,1,clean,medium
/media/D1/ait_users/staff122/deepfake_project/outputs_deepfake_project/dfdc_subset_77_jpg/test/fake/fake_000472.jpg,fake,test,1,0.9425945281982422,1,clean,medium
/media/D1/ait_users/staff122/deepfake_project/outputs_deepfake_project/dfdc_subset_77_jpg/test/fake/fake_000473.jpg,fake,test,1,0.43137794733047485,0,clean,medium
/media/D1/ait_users/staff122/deepfake_project/outputs_deepfake_project/dfdc_subset_77_jpg/test/fake/fake_000474.jpg,fake,test,1,0.7649334669113159,1,clean,medium
/media/D1/ait_users/staff122/deepfake_project/outputs_deepfake_project/dfdc_subset_77_jpg/test/fake/fake_000475.jpg,fake,test,1,0.030170075595378876,0,clean,medium
/media/D1/ait_users/staff122/deepfake_project/outputs_deepfake_project/dfdc_subset_77_jpg/test/fake/fake_000476.jpg,fake,test,1,0.16082365810871124,0,clean,medium
/media/D1/ait_users/staff122/deepfake_project/outputs_deepfake_project/dfdc_subset_77_jpg/test/fake/fake_000477.jpg,fake,test,1,0.5337430238723755,1,clean,medium
/media/D1/ait_users/staff122/deepfake_project/outputs_deepfake_project/dfdc_subset_77_jpg/test/fake/fake_000478.jpg,fake,test,1,0.44291526079177856,0,clean,medium
/media/D1/ait_users/staff122/deepfake_project/outputs_deepfake_project/dfdc_subset_77_jpg/test/fake/fake_000479.jpg,fake,test,1,0.09875336289405823,0,clean,medium
/media/D1/ait_users/staff122/deepfake_project/outputs_deepfake_project/dfdc_subset_77_jpg/test/fake/fake_000480.jpg,fake,test,1,0.8433712124824524,1,clean,medium
/media/D1/ait_users/staff122/deepfake_project/outputs_deepfake_project/dfdc_subset_77_jpg/test/fake/fake_000481.jpg,fake,test,1,0.08760935813188553,0,clean,medium
/media/D1/ait_users/staff122/deepfake_project/outputs_deepfake_project/dfdc_subset_77_jpg/test/fake/fake_000482.jpg,fake,test,1,0.11243977397680283,0,clean,medium
/media/D1/ait_users/staff122/deepfake_project/outputs_deepfake_project/dfdc_subset_77_jpg/test/fake/fake_000483.jpg,fake,test,1,0.3755280077457428,0,clean,medium
/media/D1/ait_users/staff122/deepfake_project/outputs_deepfake_project/dfdc_subset_77_jpg/test/fake/fake_000484.jpg,fake,test,1,0.12288405001163483,0,clean,medium
/media/D1/ait_users/staff122/deepfake_project/outputs_deepfake_project/dfdc_subset_77_jpg/test/fake/fake_000485.jpg,fake,test,1,0.268069863319397,0,clean,medium
/media/D1/ait_users/staff122/deepfake_project/outputs_deepfake_project/dfdc_subset_77_jpg/test/fake/fake_000486.jpg,fake,test,1,0.37988606095314026,0,clean,medium
/media/D1/ait_users/staff122/deepfake_project/outputs_deepfake_project/dfdc_subset_77_jpg/test/fake/fake_000487.jpg,fake,test,1,0.262176513671875,0,clean,medium
/media/D1/ait_users/staff122/deepfake_project/outputs_deepfake_project/dfdc_subset_77_jpg/test/fake/fake_000488.jpg,fake,test,1,0.42552512884140015,0,clean,medium
/media/D1/ait_users/staff122/deepfake_project/outputs_deepfake_project/dfdc_subset_77_jpg/test/fake/fake_000489.jpg,fake,test,1,0.3983437716960907,0,clean,medium
/media/D1/ait_users/staff122/deepfake_project/outputs_deepfake_project/dfdc_subset_77_jpg/test/fake/fake_000490.jpg,fake,test,1,0.5607860088348389,1,clean,medium
/media/D1/ait_users/staff122/deepfake_project/outputs_deepfake_project/dfdc_subset_77_jpg/test/fake/fake_000491.jpg,fake,test,1,0.6510505676269531,1,clean,medium
/media/D1/ait_users/staff122/deepfake_project/outputs_deepfake_project/dfdc_subset_77_jpg/test/fake/fake_000492.jpg,fake,test,1,0.3411898612976074,0,clean,medium
/media/D1/ait_users/staff122/deepfake_project/outputs_deepfake_project/dfdc_subset_77_jpg/test/fake/fake_000493.jpg,fake,test,1,0.9148758053779602,1,clean,medium
/media/D1/ait_users/staff122/deepfake_project/outputs_deepfake_project/dfdc_subset_77_jpg/test/fake/fake_000494.jpg,fake,test,1,0.7499268054962158,1,clean,medium
/media/D1/ait_users/staff122/deepfake_project/outputs_deepfake_project/dfdc_subset_77_jpg/test/fake/fake_000495.jpg,fake,test,1,0.4501935839653015,0,clean,medium
/media/D1/ait_users/staff122/deepfake_project/outputs_deepfake_project/dfdc_subset_77_jpg/test/fake/fake_000496.jpg,fake,test,1,0.438738614320755,0,clean,medium
/media/D1/ait_users/staff122/deepfake_project/outputs_deepfake_project/dfdc_subset_77_jpg/test/fake/fake_000497.jpg,fake,test,1,0.1248045340180397,0,clean,medium
/media/D1/ait_users/staff122/deepfake_project/outputs_deepfake_project/dfdc_subset_77_jpg/test/fake/fake_000498.jpg,fake,test,1,0.09402620047330856,0,clean,medium
/media/D1/ait_users/staff122/deepfake_project/outputs_deepfake_project/dfdc_subset_77_jpg/test/fake/fake_000499.jpg,fake,test,1,0.06687289476394653,0,clean,medium
/media/D1/ait_users/staff122/deepfake_project/outputs_deepfake_project/dfdc_subset_77_jpg/test/fake/fake_000500.jpg,fake,test,1,0.3914749026298523,0,clean,medium
/media/D1/ait_users/staff122/deepfake_project/outputs_deepfake_project/dfdc_subset_77_jpg/test/fake/fake_000501.jpg,fake,test,1,0.3685130178928375,0,clean,medium
/media/D1/ait_users/staff122/deepfake_project/outputs_deepfake_project/dfdc_subset_77_jpg/test/fake/fake_000502.jpg,fake,test,1,0.25933361053466797,0,clean,medium
/media/D1/ait_users/staff122/deepfake_project/outputs_deepfake_project/dfdc_subset_77_jpg/test/fake/fake_000503.jpg,fake,test,1,0.28728729486465454,0,clean,medium
/media/D1/ait_users/staff122/deepfake_project/outputs_deepfake_project/dfdc_subset_77_jpg/test/fake/fake_000504.jpg,fake,test,1,0.36944082379341125,0,clean,medium
/media/D1/ait_users/staff122/deepfake_project/outputs_deepfake_project/dfdc_subset_77_jpg/test/fake/fake_000505.jpg,fake,test,1,0.3170183300971985,0,clean,medium
/media/D1/ait_users/staff122/deepfake_project/outputs_deepfake_project/dfdc_subset_77_jpg/test/fake/fake_000506.jpg,fake,test,1,0.40174537897109985,0,clean,medium
/media/D1/ait_users/staff122/deepfake_project/outputs_deepfake_project/dfdc_subset_77_jpg/test/fake/fake_000507.jpg,fake,test,1,0.40156564116477966,0,clean,medium
/media/D1/ait_users/staff122/deepfake_project/outputs_deepfake_project/dfdc_subset_77_jpg/test/fake/fake_000508.jpg,fake,test,1,0.358116090297699,0,clean,medium
/media/D1/ait_users/staff122/deepfake_project/outputs_deepfake_project/dfdc_subset_77_jpg/test/fake/fake_000509.jpg,fake,test,1,0.7865565419197083,1,clean,medium
/media/D1/ait_users/staff122/deepfake_project/outputs_deepfake_project/dfdc_subset_77_jpg/test/fake/fake_000510.jpg,fake,test,1,0.515546977519989,1,clean,medium
/media/D1/ait_users/staff122/deepfake_project/outputs_deepfake_project/dfdc_subset_77_jpg/test/fake/fake_000511.jpg,fake,test,1,0.29539820551872253,0,clean,medium
/media/D1/ait_users/staff122/deepfake_project/outputs_deepfake_project/dfdc_subset_77_jpg/test/fake/fake_000512.jpg,fake,test,1,0.033684562891721725,0,clean,medium
/media/D1/ait_users/staff122/deepfake_project/outputs_deepfake_project/dfdc_subset_77_jpg/test/fake/fake_000513.jpg,fake,test,1,0.9708303213119507,1,clean,medium
/media/D1/ait_users/staff122/deepfake_project/outputs_deepfake_project/dfdc_subset_77_jpg/test/fake/fake_000514.jpg,fake,test,1,0.5662177801132202,1,clean,medium
/media/D1/ait_users/staff122/deepfake_project/outputs_deepfake_project/dfdc_subset_77_jpg/test/fake/fake_000515.jpg,fake,test,1,0.056138329207897186,0,clean,medium
/media/D1/ait_users/staff122/deepfake_project/outputs_deepfake_project/dfdc_subset_77_jpg/test/fake/fake_000516.jpg,fake,test,1,0.7962832450866699,1,clean,medium
/media/D1/ait_users/staff122/deepfake_project/outputs_deepfake_project/dfdc_subset_77_jpg/test/fake/fake_000517.jpg,fake,test,1,0.6827034950256348,1,clean,medium
/media/D1/ait_users/staff122/deepfake_project/outputs_deepfake_project/dfdc_subset_77_jpg/test/fake/fake_000518.jpg,fake,test,1,0.29777899384498596,0,clean,medium
/media/D1/ait_users/staff122/deepfake_project/outputs_deepfake_project/dfdc_subset_77_jpg/test/fake/fake_000519.jpg,fake,test,1,0.22483204305171967,0,clean,medium
/media/D1/ait_users/staff122/deepfake_project/outputs_deepfake_project/dfdc_subset_77_jpg/test/fake/fake_000520.jpg,fake,test,1,0.22499176859855652,0,clean,medium
/media/D1/ait_users/staff122/deepfake_project/outputs_deepfake_project/dfdc_subset_77_jpg/test/fake/fake_000521.jpg,fake,test,1,0.9070059657096863,1,clean,medium
/media/D1/ait_users/staff122/deepfake_project/outputs_deepfake_project/dfdc_subset_77_jpg/test/fake/fake_000522.jpg,fake,test,1,0.2089078724384308,0,clean,medium
/media/D1/ait_users/staff122/deepfake_project/outputs_deepfake_project/dfdc_subset_77_jpg/test/fake/fake_000523.jpg,fake,test,1,0.13680051267147064,0,clean,medium
/media/D1/ait_users/staff122/deepfake_project/outputs_deepfake_project/dfdc_subset_77_jpg/test/fake/fake_000524.jpg,fake,test,1,0.4890263080596924,0,clean,medium
/media/D1/ait_users/staff122/deepfake_project/outputs_deepfake_project/dfdc_subset_77_jpg/test/fake/fake_000525.jpg,fake,test,1,0.15871776640415192,0,clean,medium
/media/D1/ait_users/staff122/deepfake_project/outputs_deepfake_project/dfdc_subset_77_jpg/test/fake/fake_000526.jpg,fake,test,1,0.3546736240386963,0,clean,medium
/media/D1/ait_users/staff122/deepfake_project/outputs_deepfake_project/dfdc_subset_77_jpg/test/fake/fake_000527.jpg,fake,test,1,0.02430466189980507,0,clean,medium
/media/D1/ait_users/staff122/deepfake_project/outputs_deepfake_project/dfdc_subset_77_jpg/test/fake/fake_000528.jpg,fake,test,1,0.10221996158361435,0,clean,medium
/media/D1/ait_users/staff122/deepfake_project/outputs_deepfake_project/dfdc_subset_77_jpg/test/fake/fake_000529.jpg,fake,test,1,0.13513194024562836,0,clean,medium
/media/D1/ait_users/staff122/deepfake_project/outputs_deepfake_project/dfdc_subset_77_jpg/test/fake/fake_000530.jpg,fake,test,1,0.027697434648871422,0,clean,medium
/media/D1/ait_users/staff122/deepfake_project/outputs_deepfake_project/dfdc_subset_77_jpg/test/fake/fake_000531.jpg,fake,test,1,0.6998780965805054,1,clean,medium
/media/D1/ait_users/staff122/deepfake_project/outputs_deepfake_project/dfdc_subset_77_jpg/test/fake/fake_000532.jpg,fake,test,1,0.49620044231414795,0,clean,medium
/media/D1/ait_users/staff122/deepfake_project/outputs_deepfake_project/dfdc_subset_77_jpg/test/fake/fake_000533.jpg,fake,test,1,0.1968824863433838,0,clean,medium
/media/D1/ait_users/staff122/deepfake_project/outputs_deepfake_project/dfdc_subset_77_jpg/test/fake/fake_000534.jpg,fake,test,1,0.10451391339302063,0,clean,medium
/media/D1/ait_users/staff122/deepfake_project/outputs_deepfake_project/dfdc_subset_77_jpg/test/fake/fake_000535.jpg,fake,test,1,0.04664051532745361,0,clean,medium
/media/D1/ait_users/staff122/deepfake_project/outputs_deepfake_project/dfdc_subset_77_jpg/test/fake/fake_000536.jpg,fake,test,1,0.5683490633964539,1,clean,medium
/media/D1/ait_users/staff122/deepfake_project/outputs_deepfake_project/dfdc_subset_77_jpg/test/fake/fake_000537.jpg,fake,test,1,0.39387860894203186,0,clean,medium
/media/D1/ait_users/staff122/deepfake_project/outputs_deepfake_project/dfdc_subset_77_jpg/test/fake/fake_000538.jpg,fake,test,1,0.14614179730415344,0,clean,medium
/media/D1/ait_users/staff122/deepfake_project/outputs_deepfake_project/dfdc_subset_77_jpg/test/fake/fake_000539.jpg,fake,test,1,0.055060796439647675,0,clean,medium
/media/D1/ait_users/staff122/deepfake_project/outputs_deepfake_project/dfdc_subset_77_jpg/test/fake/fake_000540.jpg,fake,test,1,0.08609510958194733,0,clean,medium
/media/D1/ait_users/staff122/deepfake_project/outputs_deepfake_project/dfdc_subset_77_jpg/test/fake/fake_000541.jpg,fake,test,1,0.7475099563598633,1,clean,medium
/media/D1/ait_users/staff122/deepfake_project/outputs_deepfake_project/dfdc_subset_77_jpg/test/fake/fake_000542.jpg,fake,test,1,0.11947029829025269,0,clean,medium
/media/D1/ait_users/staff122/deepfake_project/outputs_deepfake_project/dfdc_subset_77_jpg/test/fake/fake_000543.jpg,fake,test,1,0.20031262934207916,0,clean,medium
/media/D1/ait_users/staff122/deepfake_project/outputs_deepfake_project/dfdc_subset_77_jpg/test/fake/fake_000544.jpg,fake,test,1,0.29158028960227966,0,clean,medium
/media/D1/ait_users/staff122/deepfake_project/outputs_deepfake_project/dfdc_subset_77_jpg/test/fake/fake_000545.jpg,fake,test,1,0.35923072695732117,0,clean,medium
/media/D1/ait_users/staff122/deepfake_project/outputs_deepfake_project/dfdc_subset_77_jpg/test/fake/fake_000546.jpg,fake,test,1,0.6995174288749695,1,clean,medium
/media/D1/ait_users/staff122/deepfake_project/outputs_deepfake_project/dfdc_subset_77_jpg/test/fake/fake_000547.jpg,fake,test,1,0.5052593350410461,1,clean,medium
/media/D1/ait_users/staff122/deepfake_project/outputs_deepfake_project/dfdc_subset_77_jpg/test/fake/fake_000548.jpg,fake,test,1,0.16920612752437592,0,clean,medium
/media/D1/ait_users/staff122/deepfake_project/outputs_deepfake_project/dfdc_subset_77_jpg/test/fake/fake_000549.jpg,fake,test,1,0.40607696771621704,0,clean,medium
/media/D1/ait_users/staff122/deepfake_project/outputs_deepfake_project/dfdc_subset_77_jpg/test/fake/fake_000550.jpg,fake,test,1,0.32556164264678955,0,clean,medium
/media/D1/ait_users/staff122/deepfake_project/outputs_deepfake_project/dfdc_subset_77_jpg/test/fake/fake_000551.jpg,fake,test,1,0.190477192401886,0,clean,medium
/media/D1/ait_users/staff122/deepfake_project/outputs_deepfake_project/dfdc_subset_77_jpg/test/fake/fake_000552.jpg,fake,test,1,0.9347379207611084,1,clean,medium
/media/D1/ait_users/staff122/deepfake_project/outputs_deepfake_project/dfdc_subset_77_jpg/test/fake/fake_000553.jpg,fake,test,1,0.9248767495155334,1,clean,medium
/media/D1/ait_users/staff122/deepfake_project/outputs_deepfake_project/dfdc_subset_77_jpg/test/fake/fake_000554.jpg,fake,test,1,0.9531868696212769,1,clean,medium
/media/D1/ait_users/staff122/deepfake_project/outputs_deepfake_project/dfdc_subset_77_jpg/test/fake/fake_000555.jpg,fake,test,1,0.7888612747192383,1,clean,medium
/media/D1/ait_users/staff122/deepfake_project/outputs_deepfake_project/dfdc_subset_77_jpg/test/fake/fake_000556.jpg,fake,test,1,0.8103922605514526,1,clean,medium
/media/D1/ait_users/staff122/deepfake_project/outputs_deepfake_project/dfdc_subset_77_jpg/test/fake/fake_000557.jpg,fake,test,1,0.3476574420928955,0,clean,medium
/media/D1/ait_users/staff122/deepfake_project/outputs_deepfake_project/dfdc_subset_77_jpg/test/fake/fake_000558.jpg,fake,test,1,0.8148923516273499,1,clean,medium
/media/D1/ait_users/staff122/deepfake_project/outputs_deepfake_project/dfdc_subset_77_jpg/test/fake/fake_000559.jpg,fake,test,1,0.40706661343574524,0,clean,medium
/media/D1/ait_users/staff122/deepfake_project/outputs_deepfake_project/dfdc_subset_77_jpg/test/fake/fake_000560.jpg,fake,test,1,0.957065999507904,1,clean,medium
/media/D1/ait_users/staff122/deepfake_project/outputs_deepfake_project/dfdc_subset_77_jpg/test/fake/fake_000561.jpg,fake,test,1,0.9764442443847656,1,clean,medium
/media/D1/ait_users/staff122/deepfake_project/outputs_deepfake_project/dfdc_subset_77_jpg/test/fake/fake_000562.jpg,fake,test,1,0.7949954271316528,1,clean,medium
/media/D1/ait_users/staff122/deepfake_project/outputs_deepfake_project/dfdc_subset_77_jpg/test/fake/fake_000563.jpg,fake,test,1,0.3987523317337036,0,clean,medium
/media/D1/ait_users/staff122/deepfake_project/outputs_deepfake_project/dfdc_subset_77_jpg/test/fake/fake_000564.jpg,fake,test,1,0.9759316444396973,1,clean,medium
/media/D1/ait_users/staff122/deepfake_project/outputs_deepfake_project/dfdc_subset_77_jpg/test/fake/fake_000565.jpg,fake,test,1,0.9804704189300537,1,clean,medium
/media/D1/ait_users/staff122/deepfake_project/outputs_deepfake_project/dfdc_subset_77_jpg/test/fake/fake_000566.jpg,fake,test,1,0.9406713247299194,1,clean,medium
/media/D1/ait_users/staff122/deepfake_project/outputs_deepfake_project/dfdc_subset_77_jpg/test/fake/fake_000567.jpg,fake,test,1,0.36039435863494873,0,clean,medium
/media/D1/ait_users/staff122/deepfake_project/outputs_deepfake_project/dfdc_subset_77_jpg/test/fake/fake_000568.jpg,fake,test,1,0.6893978714942932,1,clean,medium
/media/D1/ait_users/staff122/deepfake_project/outputs_deepfake_project/dfdc_subset_77_jpg/test/fake/fake_000569.jpg,fake,test,1,0.2742510139942169,0,clean,medium
/media/D1/ait_users/staff122/deepfake_project/outputs_deepfake_project/dfdc_subset_77_jpg/test/fake/fake_000570.jpg,fake,test,1,0.6792933344841003,1,clean,medium
/media/D1/ait_users/staff122/deepfake_project/outputs_deepfake_project/dfdc_subset_77_jpg/test/fake/fake_000571.jpg,fake,test,1,0.8523634076118469,1,clean,medium
/media/D1/ait_users/staff122/deepfake_project/outputs_deepfake_project/dfdc_subset_77_jpg/test/fake/fake_000572.jpg,fake,test,1,0.5889952182769775,1,clean,medium
/media/D1/ait_users/staff122/deepfake_project/outputs_deepfake_project/dfdc_subset_77_jpg/test/fake/fake_000573.jpg,fake,test,1,0.971555769443512,1,clean,medium
/media/D1/ait_users/staff122/deepfake_project/outputs_deepfake_project/dfdc_subset_77_jpg/test/fake/fake_000574.jpg,fake,test,1,0.9651526808738708,1,clean,medium
/media/D1/ait_users/staff122/deepfake_project/outputs_deepfake_project/dfdc_subset_77_jpg/test/fake/fake_000575.jpg,fake,test,1,0.9239873886108398,1,clean,medium
/media/D1/ait_users/staff122/deepfake_project/outputs_deepfake_project/dfdc_subset_77_jpg/test/fake/fake_000576.jpg,fake,test,1,0.9917751550674438,1,clean,medium
/media/D1/ait_users/staff122/deepfake_project/outputs_deepfake_project/dfdc_subset_77_jpg/test/fake/fake_000577.jpg,fake,test,1,0.984260618686676,1,clean,medium
/media/D1/ait_users/staff122/deepfake_project/outputs_deepfake_project/dfdc_subset_77_jpg/test/fake/fake_000578.jpg,fake,test,1,0.9138712882995605,1,clean,medium
/media/D1/ait_users/staff122/deepfake_project/outputs_deepfake_project/dfdc_subset_77_jpg/test/fake/fake_000579.jpg,fake,test,1,0.9784976840019226,1,clean,medium
/media/D1/ait_users/staff122/deepfake_project/outputs_deepfake_project/dfdc_subset_77_jpg/test/fake/fake_000580.jpg,fake,test,1,0.8511536121368408,1,clean,medium
/media/D1/ait_users/staff122/deepfake_project/outputs_deepfake_project/dfdc_subset_77_jpg/test/fake/fake_000581.jpg,fake,test,1,0.9503259658813477,1,clean,medium
/media/D1/ait_users/staff122/deepfake_project/outputs_deepfake_project/dfdc_subset_77_jpg/test/fake/fake_000582.jpg,fake,test,1,0.9937289953231812,1,clean,medium
/media/D1/ait_users/staff122/deepfake_project/outputs_deepfake_project/dfdc_subset_77_jpg/test/fake/fake_000583.jpg,fake,test,1,0.9853357672691345,1,clean,medium
/media/D1/ait_users/staff122/deepfake_project/outputs_deepfake_project/dfdc_subset_77_jpg/test/fake/fake_000584.jpg,fake,test,1,0.965226411819458,1,clean,medium
/media/D1/ait_users/staff122/deepfake_project/outputs_deepfake_project/dfdc_subset_77_jpg/test/fake/fake_000585.jpg,fake,test,1,0.9966325163841248,1,clean,medium
/media/D1/ait_users/staff122/deepfake_project/outputs_deepfake_project/dfdc_subset_77_jpg/test/fake/fake_000586.jpg,fake,test,1,0.9900345206260681,1,clean,medium
/media/D1/ait_users/staff122/deepfake_project/outputs_deepfake_project/dfdc_subset_77_jpg/test/fake/fake_000587.jpg,fake,test,1,0.9255994558334351,1,clean,medium
/media/D1/ait_users/staff122/deepfake_project/outputs_deepfake_project/dfdc_subset_77_jpg/test/fake/fake_000588.jpg,fake,test,1,0.3851681351661682,0,clean,medium
/media/D1/ait_users/staff122/deepfake_project/outputs_deepfake_project/dfdc_subset_77_jpg/test/fake/fake_000589.jpg,fake,test,1,0.9031834602355957,1,clean,medium
/media/D1/ait_users/staff122/deepfake_project/outputs_deepfake_project/dfdc_subset_77_jpg/test/fake/fake_000590.jpg,fake,test,1,0.990183413028717,1,clean,medium
/media/D1/ait_users/staff122/deepfake_project/outputs_deepfake_project/dfdc_subset_77_jpg/test/fake/fake_000591.jpg,fake,test,1,0.9898983836174011,1,clean,medium
/media/D1/ait_users/staff122/deepfake_project/outputs_deepfake_project/dfdc_subset_77_jpg/test/fake/fake_000592.jpg,fake,test,1,0.6733793020248413,1,clean,medium
/media/D1/ait_users/staff122/deepfake_project/outputs_deepfake_project/dfdc_subset_77_jpg/test/fake/fake_000593.jpg,fake,test,1,0.9519904851913452,1,clean,medium
/media/D1/ait_users/staff122/deepfake_project/outputs_deepfake_project/dfdc_subset_77_jpg/test/fake/fake_000594.jpg,fake,test,1,0.9893587827682495,1,clean,medium
/media/D1/ait_users/staff122/deepfake_project/outputs_deepfake_project/dfdc_subset_77_jpg/test/fake/fake_000595.jpg,fake,test,1,0.8672995567321777,1,clean,medium
/media/D1/ait_users/staff122/deepfake_project/outputs_deepfake_project/dfdc_subset_77_jpg/test/fake/fake_000596.jpg,fake,test,1,0.9684338569641113,1,clean,medium
/media/D1/ait_users/staff122/deepfake_project/outputs_deepfake_project/dfdc_subset_77_jpg/test/fake/fake_000597.jpg,fake,test,1,0.9926344752311707,1,clean,medium
/media/D1/ait_users/staff122/deepfake_project/outputs_deepfake_project/dfdc_subset_77_jpg/test/fake/fake_000598.jpg,fake,test,1,0.9797092080116272,1,clean,medium
/media/D1/ait_users/staff122/deepfake_project/outputs_deepfake_project/dfdc_subset_77_jpg/test/fake/fake_000599.jpg,fake,test,1,0.7839585542678833,1,clean,medium
/media/D1/ait_users/staff122/deepfake_project/outputs_deepfake_project/dfdc_subset_77_jpg/test/fake/fake_000600.jpg,fake,test,1,0.9992102384567261,1,clean,medium
/media/D1/ait_users/staff122/deepfake_project/outputs_deepfake_project/dfdc_subset_77_jpg/test/fake/fake_000601.jpg,fake,test,1,0.9877558946609497,1,clean,medium
/media/D1/ait_users/staff122/deepfake_project/outputs_deepfake_project/dfdc_subset_77_jpg/test/fake/fake_000602.jpg,fake,test,1,0.9862121343612671,1,clean,medium
/media/D1/ait_users/staff122/deepfake_project/outputs_deepfake_project/dfdc_subset_77_jpg/test/fake/fake_000603.jpg,fake,test,1,0.9961965084075928,1,clean,medium
/media/D1/ait_users/staff122/deepfake_project/outputs_deepfake_project/dfdc_subset_77_jpg/test/fake/fake_000604.jpg,fake,test,1,0.9873540997505188,1,clean,medium
/media/D1/ait_users/staff122/deepfake_project/outputs_deepfake_project/dfdc_subset_77_jpg/test/fake/fake_000605.jpg,fake,test,1,0.9235460162162781,1,clean,medium
/media/D1/ait_users/staff122/deepfake_project/outputs_deepfake_project/dfdc_subset_77_jpg/test/fake/fake_000606.jpg,fake,test,1,0.8880869150161743,1,clean,medium
/media/D1/ait_users/staff122/deepfake_project/outputs_deepfake_project/dfdc_subset_77_jpg/test/fake/fake_000607.jpg,fake,test,1,0.9844189286231995,1,clean,medium
/media/D1/ait_users/staff122/deepfake_project/outputs_deepfake_project/dfdc_subset_77_jpg/test/fake/fake_000608.jpg,fake,test,1,0.9871096611022949,1,clean,medium
/media/D1/ait_users/staff122/deepfake_project/outputs_deepfake_project/dfdc_subset_77_jpg/test/fake/fake_000609.jpg,fake,test,1,0.9910418391227722,1,clean,medium
/media/D1/ait_users/staff122/deepfake_project/outputs_deepfake_project/dfdc_subset_77_jpg/test/fake/fake_000610.jpg,fake,test,1,0.972685694694519,1,clean,medium
/media/D1/ait_users/staff122/deepfake_project/outputs_deepfake_project/dfdc_subset_77_jpg/test/fake/fake_000611.jpg,fake,test,1,0.9743453860282898,1,clean,medium
/media/D1/ait_users/staff122/deepfake_project/outputs_deepfake_project/dfdc_subset_77_jpg/test/fake/fake_000612.jpg,fake,test,1,0.995680570602417,1,clean,medium
/media/D1/ait_users/staff122/deepfake_project/outputs_deepfake_project/dfdc_subset_77_jpg/test/fake/fake_000613.jpg,fake,test,1,0.9962347149848938,1,clean,medium
/media/D1/ait_users/staff122/deepfake_project/outputs_deepfake_project/dfdc_subset_77_jpg/test/fake/fake_000614.jpg,fake,test,1,0.9914249181747437,1,clean,medium
/media/D1/ait_users/staff122/deepfake_project/outputs_deepfake_project/dfdc_subset_77_jpg/test/fake/fake_000615.jpg,fake,test,1,0.9845182299613953,1,clean,medium
/media/D1/ait_users/staff122/deepfake_project/outputs_deepfake_project/dfdc_subset_77_jpg/test/fake/fake_000616.jpg,fake,test,1,0.9961200952529907,1,clean,medium
/media/D1/ait_users/staff122/deepfake_project/outputs_deepfake_project/dfdc_subset_77_jpg/test/fake/fake_000617.jpg,fake,test,1,0.8080079555511475,1,clean,medium
/media/D1/ait_users/staff122/deepfake_project/outputs_deepfake_project/dfdc_subset_77_jpg/test/fake/fake_000618.jpg,fake,test,1,0.544035017490387,1,clean,medium
/media/D1/ait_users/staff122/deepfake_project/outputs_deepfake_project/dfdc_subset_77_jpg/test/fake/fake_000619.jpg,fake,test,1,0.7393385767936707,1,clean,medium
/media/D1/ait_users/staff122/deepfake_project/outputs_deepfake_project/dfdc_subset_77_jpg/test/fake/fake_000620.jpg,fake,test,1,0.43389472365379333,0,clean,medium
/media/D1/ait_users/staff122/deepfake_project/outputs_deepfake_project/dfdc_subset_77_jpg/test/fake/fake_000621.jpg,fake,test,1,0.8934696912765503,1,clean,medium
/media/D1/ait_users/staff122/deepfake_project/outputs_deepfake_project/dfdc_subset_77_jpg/test/fake/fake_000622.jpg,fake,test,1,0.8489867448806763,1,clean,medium
/media/D1/ait_users/staff122/deepfake_project/outputs_deepfake_project/dfdc_subset_77_jpg/test/fake/fake_000623.jpg,fake,test,1,0.957378625869751,1,clean,medium
/media/D1/ait_users/staff122/deepfake_project/outputs_deepfake_project/dfdc_subset_77_jpg/test/fake/fake_000624.jpg,fake,test,1,0.9942933917045593,1,clean,medium
/media/D1/ait_users/staff122/deepfake_project/outputs_deepfake_project/dfdc_subset_77_jpg/test/fake/fake_000625.jpg,fake,test,1,0.8836342096328735,1,clean,medium
/media/D1/ait_users/staff122/deepfake_project/outputs_deepfake_project/dfdc_subset_77_jpg/test/fake/fake_000626.jpg,fake,test,1,0.9757692217826843,1,clean,medium
/media/D1/ait_users/staff122/deepfake_project/outputs_deepfake_project/dfdc_subset_77_jpg/test/fake/fake_000627.jpg,fake,test,1,0.9193439483642578,1,clean,medium
/media/D1/ait_users/staff122/deepfake_project/outputs_deepfake_project/dfdc_subset_77_jpg/test/fake/fake_000628.jpg,fake,test,1,0.991690993309021,1,clean,medium
/media/D1/ait_users/staff122/deepfake_project/outputs_deepfake_project/dfdc_subset_77_jpg/test/fake/fake_000629.jpg,fake,test,1,0.9889435768127441,1,clean,medium
/media/D1/ait_users/staff122/deepfake_project/outputs_deepfake_project/dfdc_subset_77_jpg/test/fake/fake_000630.jpg,fake,test,1,0.4746725857257843,0,clean,medium
/media/D1/ait_users/staff122/deepfake_project/outputs_deepfake_project/dfdc_subset_77_jpg/test/fake/fake_000631.jpg,fake,test,1,0.33914661407470703,0,clean,medium
/media/D1/ait_users/staff122/deepfake_project/outputs_deepfake_project/dfdc_subset_77_jpg/test/fake/fake_000632.jpg,fake,test,1,0.5932953953742981,1,clean,medium
/media/D1/ait_users/staff122/deepfake_project/outputs_deepfake_project/dfdc_subset_77_jpg/test/fake/fake_000633.jpg,fake,test,1,0.7071885466575623,1,clean,medium
/media/D1/ait_users/staff122/deepfake_project/outputs_deepfake_project/dfdc_subset_77_jpg/test/fake/fake_000634.jpg,fake,test,1,0.42093467712402344,0,clean,medium
/media/D1/ait_users/staff122/deepfake_project/outputs_deepfake_project/dfdc_subset_77_jpg/test/fake/fake_000635.jpg,fake,test,1,0.22104904055595398,0,clean,medium
/media/D1/ait_users/staff122/deepfake_project/outputs_deepfake_project/dfdc_subset_77_jpg/test/fake/fake_000636.jpg,fake,test,1,0.6512466669082642,1,clean,medium
/media/D1/ait_users/staff122/deepfake_project/outputs_deepfake_project/dfdc_subset_77_jpg/test/fake/fake_000637.jpg,fake,test,1,0.3195955455303192,0,clean,medium
/media/D1/ait_users/staff122/deepfake_project/outputs_deepfake_project/dfdc_subset_77_jpg/test/fake/fake_000638.jpg,fake,test,1,0.2971577048301697,0,clean,medium
/media/D1/ait_users/staff122/deepfake_project/outputs_deepfake_project/dfdc_subset_77_jpg/test/fake/fake_000639.jpg,fake,test,1,0.09135828167200089,0,clean,medium
/media/D1/ait_users/staff122/deepfake_project/outputs_deepfake_project/dfdc_subset_77_jpg/test/fake/fake_000640.jpg,fake,test,1,0.0391048863530159,0,clean,medium
/media/D1/ait_users/staff122/deepfake_project/outputs_deepfake_project/dfdc_subset_77_jpg/test/fake/fake_000641.jpg,fake,test,1,0.11790434271097183,0,clean,medium
/media/D1/ait_users/staff122/deepfake_project/outputs_deepfake_project/dfdc_subset_77_jpg/test/fake/fake_000642.jpg,fake,test,1,0.04575996845960617,0,clean,medium
/media/D1/ait_users/staff122/deepfake_project/outputs_deepfake_project/dfdc_subset_77_jpg/test/fake/fake_000643.jpg,fake,test,1,0.023076459765434265,0,clean,medium
/media/D1/ait_users/staff122/deepfake_project/outputs_deepfake_project/dfdc_subset_77_jpg/test/fake/fake_000644.jpg,fake,test,1,0.02090083807706833,0,clean,medium
/media/D1/ait_users/staff122/deepfake_project/outputs_deepfake_project/dfdc_subset_77_jpg/test/fake/fake_000645.jpg,fake,test,1,0.0644453763961792,0,clean,medium
/media/D1/ait_users/staff122/deepfake_project/outputs_deepfake_project/dfdc_subset_77_jpg/test/fake/fake_000646.jpg,fake,test,1,0.025284044444561005,0,clean,medium
/media/D1/ait_users/staff122/deepfake_project/outputs_deepfake_project/dfdc_subset_77_jpg/test/fake/fake_000647.jpg,fake,test,1,0.01542168390005827,0,clean,medium
/media/D1/ait_users/staff122/deepfake_project/outputs_deepfake_project/dfdc_subset_77_jpg/test/fake/fake_000648.jpg,fake,test,1,0.018110865727066994,0,clean,medium
/media/D1/ait_users/staff122/deepfake_project/outputs_deepfake_project/dfdc_subset_77_jpg/test/fake/fake_000649.jpg,fake,test,1,0.046119414269924164,0,clean,medium
/media/D1/ait_users/staff122/deepfake_project/outputs_deepfake_project/dfdc_subset_77_jpg/test/fake/fake_000650.jpg,fake,test,1,0.6338680386543274,1,clean,medium
/media/D1/ait_users/staff122/deepfake_project/outputs_deepfake_project/dfdc_subset_77_jpg/test/fake/fake_000651.jpg,fake,test,1,0.08088098466396332,0,clean,medium
/media/D1/ait_users/staff122/deepfake_project/outputs_deepfake_project/dfdc_subset_77_jpg/test/fake/fake_000652.jpg,fake,test,1,0.030566798523068428,0,clean,medium
/media/D1/ait_users/staff122/deepfake_project/outputs_deepfake_project/dfdc_subset_77_jpg/test/fake/fake_000653.jpg,fake,test,1,0.019200976938009262,0,clean,medium
/media/D1/ait_users/staff122/deepfake_project/outputs_deepfake_project/dfdc_subset_77_jpg/test/fake/fake_000654.jpg,fake,test,1,0.22934065759181976,0,clean,medium
/media/D1/ait_users/staff122/deepfake_project/outputs_deepfake_project/dfdc_subset_77_jpg/test/fake/fake_000655.jpg,fake,test,1,0.6705917119979858,1,clean,medium
/media/D1/ait_users/staff122/deepfake_project/outputs_deepfake_project/dfdc_subset_77_jpg/test/fake/fake_000656.jpg,fake,test,1,0.05806975066661835,0,clean,medium
/media/D1/ait_users/staff122/deepfake_project/outputs_deepfake_project/dfdc_subset_77_jpg/test/fake/fake_000657.jpg,fake,test,1,0.015234436839818954,0,clean,medium
/media/D1/ait_users/staff122/deepfake_project/outputs_deepfake_project/dfdc_subset_77_jpg/test/fake/fake_000658.jpg,fake,test,1,0.03363777697086334,0,clean,medium
/media/D1/ait_users/staff122/deepfake_project/outputs_deepfake_project/dfdc_subset_77_jpg/test/fake/fake_000659.jpg,fake,test,1,0.06702745705842972,0,clean,medium
/media/D1/ait_users/staff122/deepfake_project/outputs_deepfake_project/dfdc_subset_77_jpg/test/fake/fake_000660.jpg,fake,test,1,0.694826602935791,1,clean,medium
/media/D1/ait_users/staff122/deepfake_project/outputs_deepfake_project/dfdc_subset_77_jpg/test/fake/fake_000661.jpg,fake,test,1,0.3566954731941223,0,clean,medium
/media/D1/ait_users/staff122/deepfake_project/outputs_deepfake_project/dfdc_subset_77_jpg/test/fake/fake_000662.jpg,fake,test,1,0.0675046443939209,0,clean,medium
/media/D1/ait_users/staff122/deepfake_project/outputs_deepfake_project/dfdc_subset_77_jpg/test/fake/fake_000663.jpg,fake,test,1,0.15793569386005402,0,clean,medium
/media/D1/ait_users/staff122/deepfake_project/outputs_deepfake_project/dfdc_subset_77_jpg/test/fake/fake_000664.jpg,fake,test,1,0.022588267922401428,0,clean,medium
/media/D1/ait_users/staff122/deepfake_project/outputs_deepfake_project/dfdc_subset_77_jpg/test/fake/fake_000665.jpg,fake,test,1,0.017123179510235786,0,clean,medium
/media/D1/ait_users/staff122/deepfake_project/outputs_deepfake_project/dfdc_subset_77_jpg/test/fake/fake_000666.jpg,fake,test,1,0.013112137094140053,0,clean,medium
/media/D1/ait_users/staff122/deepfake_project/outputs_deepfake_project/dfdc_subset_77_jpg/test/fake/fake_000667.jpg,fake,test,1,0.4249851703643799,0,clean,medium
/media/D1/ait_users/staff122/deepfake_project/outputs_deepfake_project/dfdc_subset_77_jpg/test/fake/fake_000668.jpg,fake,test,1,0.42605456709861755,0,clean,medium
/media/D1/ait_users/staff122/deepfake_project/outputs_deepfake_project/dfdc_subset_77_jpg/test/fake/fake_000669.jpg,fake,test,1,0.4579247832298279,0,clean,medium
/media/D1/ait_users/staff122/deepfake_project/outputs_deepfake_project/dfdc_subset_77_jpg/test/fake/fake_000670.jpg,fake,test,1,0.05176830664277077,0,clean,medium
/media/D1/ait_users/staff122/deepfake_project/outputs_deepfake_project/dfdc_subset_77_jpg/test/fake/fake_000671.jpg,fake,test,1,0.021717002615332603,0,clean,medium
/media/D1/ait_users/staff122/deepfake_project/outputs_deepfake_project/dfdc_subset_77_jpg/test/fake/fake_000672.jpg,fake,test,1,0.6914819478988647,1,clean,medium
/media/D1/ait_users/staff122/deepfake_project/outputs_deepfake_project/dfdc_subset_77_jpg/test/fake/fake_000673.jpg,fake,test,1,0.24506710469722748,0,clean,medium
/media/D1/ait_users/staff122/deepfake_project/outputs_deepfake_project/dfdc_subset_77_jpg/test/fake/fake_000674.jpg,fake,test,1,0.10725025832653046,0,clean,medium
/media/D1/ait_users/staff122/deepfake_project/outputs_deepfake_project/dfdc_subset_77_jpg/test/fake/fake_000675.jpg,fake,test,1,0.2544911801815033,0,clean,medium
/media/D1/ait_users/staff122/deepfake_project/outputs_deepfake_project/dfdc_subset_77_jpg/test/fake/fake_000676.jpg,fake,test,1,0.6895171999931335,1,clean,medium
/media/D1/ait_users/staff122/deepfake_project/outputs_deepfake_project/dfdc_subset_77_jpg/test/fake/fake_000677.jpg,fake,test,1,0.38206690549850464,0,clean,medium
/media/D1/ait_users/staff122/deepfake_project/outputs_deepfake_project/dfdc_subset_77_jpg/test/fake/fake_000678.jpg,fake,test,1,0.9766704440116882,1,clean,medium
/media/D1/ait_users/staff122/deepfake_project/outputs_deepfake_project/dfdc_subset_77_jpg/test/fake/fake_000679.jpg,fake,test,1,0.9902780652046204,1,clean,medium
/media/D1/ait_users/staff122/deepfake_project/outputs_deepfake_project/dfdc_subset_77_jpg/test/fake/fake_000680.jpg,fake,test,1,0.9697895646095276,1,clean,medium
/media/D1/ait_users/staff122/deepfake_project/outputs_deepfake_project/dfdc_subset_77_jpg/test/fake/fake_000681.jpg,fake,test,1,0.9583892822265625,1,clean,medium
/media/D1/ait_users/staff122/deepfake_project/outputs_deepfake_project/dfdc_subset_77_jpg/test/fake/fake_000682.jpg,fake,test,1,0.9719861745834351,1,clean,medium
/media/D1/ait_users/staff122/deepfake_project/outputs_deepfake_project/dfdc_subset_77_jpg/test/fake/fake_000683.jpg,fake,test,1,0.9448367953300476,1,clean,medium
/media/D1/ait_users/staff122/deepfake_project/outputs_deepfake_project/dfdc_subset_77_jpg/test/fake/fake_000684.jpg,fake,test,1,0.9916212558746338,1,clean,medium
/media/D1/ait_users/staff122/deepfake_project/outputs_deepfake_project/dfdc_subset_77_jpg/test/fake/fake_000685.jpg,fake,test,1,0.9972461462020874,1,clean,medium
/media/D1/ait_users/staff122/deepfake_project/outputs_deepfake_project/dfdc_subset_77_jpg/test/fake/fake_000686.jpg,fake,test,1,0.7701982855796814,1,clean,medium
/media/D1/ait_users/staff122/deepfake_project/outputs_deepfake_project/dfdc_subset_77_jpg/test/fake/fake_000687.jpg,fake,test,1,0.6890205144882202,1,clean,medium
/media/D1/ait_users/staff122/deepfake_project/outputs_deepfake_project/dfdc_subset_77_jpg/test/fake/fake_000688.jpg,fake,test,1,0.8012457489967346,1,clean,medium
/media/D1/ait_users/staff122/deepfake_project/outputs_deepfake_project/dfdc_subset_77_jpg/test/fake/fake_000689.jpg,fake,test,1,0.42992690205574036,0,clean,medium
/media/D1/ait_users/staff122/deepfake_project/outputs_deepfake_project/dfdc_subset_77_jpg/test/fake/fake_000690.jpg,fake,test,1,0.9066082835197449,1,clean,medium
/media/D1/ait_users/staff122/deepfake_project/outputs_deepfake_project/dfdc_subset_77_jpg/test/fake/fake_000691.jpg,fake,test,1,0.5321889519691467,1,clean,medium
/media/D1/ait_users/staff122/deepfake_project/outputs_deepfake_project/dfdc_subset_77_jpg/test/fake/fake_000692.jpg,fake,test,1,0.5113794803619385,1,clean,medium
/media/D1/ait_users/staff122/deepfake_project/outputs_deepfake_project/dfdc_subset_77_jpg/test/fake/fake_000693.jpg,fake,test,1,0.9892704486846924,1,clean,medium
/media/D1/ait_users/staff122/deepfake_project/outputs_deepfake_project/dfdc_subset_77_jpg/test/fake/fake_000694.jpg,fake,test,1,0.21309106051921844,0,clean,medium
/media/D1/ait_users/staff122/deepfake_project/outputs_deepfake_project/dfdc_subset_77_jpg/test/fake/fake_000695.jpg,fake,test,1,0.17069382965564728,0,clean,medium
/media/D1/ait_users/staff122/deepfake_project/outputs_deepfake_project/dfdc_subset_77_jpg/test/fake/fake_000696.jpg,fake,test,1,0.7120875716209412,1,clean,medium
/media/D1/ait_users/staff122/deepfake_project/outputs_deepfake_project/dfdc_subset_77_jpg/test/fake/fake_000697.jpg,fake,test,1,0.9392409324645996,1,clean,medium
/media/D1/ait_users/staff122/deepfake_project/outputs_deepfake_project/dfdc_subset_77_jpg/test/fake/fake_000698.jpg,fake,test,1,0.8329450488090515,1,clean,medium
/media/D1/ait_users/staff122/deepfake_project/outputs_deepfake_project/dfdc_subset_77_jpg/test/fake/fake_000699.jpg,fake,test,1,0.2721352279186249,0,clean,medium
/media/D1/ait_users/staff122/deepfake_project/outputs_deepfake_project/dfdc_subset_77_jpg/test/fake/fake_000700.jpg,fake,test,1,0.24252508580684662,0,clean,medium
/media/D1/ait_users/staff122/deepfake_project/outputs_deepfake_project/dfdc_subset_77_jpg/test/fake/fake_000701.jpg,fake,test,1,0.08571607619524002,0,clean,medium
/media/D1/ait_users/staff122/deepfake_project/outputs_deepfake_project/dfdc_subset_77_jpg/test/fake/fake_000702.jpg,fake,test,1,0.05107520893216133,0,clean,medium
/media/D1/ait_users/staff122/deepfake_project/outputs_deepfake_project/dfdc_subset_77_jpg/test/fake/fake_000703.jpg,fake,test,1,0.10022828727960587,0,clean,medium
/media/D1/ait_users/staff122/deepfake_project/outputs_deepfake_project/dfdc_subset_77_jpg/test/fake/fake_000704.jpg,fake,test,1,0.8513647317886353,1,clean,medium
/media/D1/ait_users/staff122/deepfake_project/outputs_deepfake_project/dfdc_subset_77_jpg/test/fake/fake_000705.jpg,fake,test,1,0.8075917363166809,1,clean,medium
/media/D1/ait_users/staff122/deepfake_project/outputs_deepfake_project/dfdc_subset_77_jpg/test/fake/fake_000706.jpg,fake,test,1,0.540621817111969,1,clean,medium
/media/D1/ait_users/staff122/deepfake_project/outputs_deepfake_project/dfdc_subset_77_jpg/test/fake/fake_000707.jpg,fake,test,1,0.2194293737411499,0,clean,medium
/media/D1/ait_users/staff122/deepfake_project/outputs_deepfake_project/dfdc_subset_77_jpg/test/fake/fake_000708.jpg,fake,test,1,0.25169071555137634,0,clean,medium
/media/D1/ait_users/staff122/deepfake_project/outputs_deepfake_project/dfdc_subset_77_jpg/test/fake/fake_000709.jpg,fake,test,1,0.22771969437599182,0,clean,medium
/media/D1/ait_users/staff122/deepfake_project/outputs_deepfake_project/dfdc_subset_77_jpg/test/fake/fake_000710.jpg,fake,test,1,0.24003975093364716,0,clean,medium
/media/D1/ait_users/staff122/deepfake_project/outputs_deepfake_project/dfdc_subset_77_jpg/test/fake/fake_000711.jpg,fake,test,1,0.2837686240673065,0,clean,medium
/media/D1/ait_users/staff122/deepfake_project/outputs_deepfake_project/dfdc_subset_77_jpg/test/fake/fake_000712.jpg,fake,test,1,0.605042576789856,1,clean,medium
/media/D1/ait_users/staff122/deepfake_project/outputs_deepfake_project/dfdc_subset_77_jpg/test/fake/fake_000713.jpg,fake,test,1,0.8061650991439819,1,clean,medium
/media/D1/ait_users/staff122/deepfake_project/outputs_deepfake_project/dfdc_subset_77_jpg/test/fake/fake_000714.jpg,fake,test,1,0.6550300121307373,1,clean,medium
/media/D1/ait_users/staff122/deepfake_project/outputs_deepfake_project/dfdc_subset_77_jpg/test/fake/fake_000715.jpg,fake,test,1,0.8206263780593872,1,clean,medium
/media/D1/ait_users/staff122/deepfake_project/outputs_deepfake_project/dfdc_subset_77_jpg/test/fake/fake_000716.jpg,fake,test,1,0.7926486134529114,1,clean,medium
/media/D1/ait_users/staff122/deepfake_project/outputs_deepfake_project/dfdc_subset_77_jpg/test/fake/fake_000717.jpg,fake,test,1,0.8358899354934692,1,clean,medium
/media/D1/ait_users/staff122/deepfake_project/outputs_deepfake_project/dfdc_subset_77_jpg/test/fake/fake_000718.jpg,fake,test,1,0.846238374710083,1,clean,medium
/media/D1/ait_users/staff122/deepfake_project/outputs_deepfake_project/dfdc_subset_77_jpg/test/fake/fake_000719.jpg,fake,test,1,0.8845221996307373,1,clean,medium
/media/D1/ait_users/staff122/deepfake_project/outputs_deepfake_project/dfdc_subset_77_jpg/test/fake/fake_000720.jpg,fake,test,1,0.8269283175468445,1,clean,medium
/media/D1/ait_users/staff122/deepfake_project/outputs_deepfake_project/dfdc_subset_77_jpg/test/fake/fake_000721.jpg,fake,test,1,0.759675145149231,1,clean,medium
/media/D1/ait_users/staff122/deepfake_project/outputs_deepfake_project/dfdc_subset_77_jpg/test/fake/fake_000722.jpg,fake,test,1,0.7685813903808594,1,clean,medium
/media/D1/ait_users/staff122/deepfake_project/outputs_deepfake_project/dfdc_subset_77_jpg/test/fake/fake_000723.jpg,fake,test,1,0.8534657955169678,1,clean,medium
/media/D1/ait_users/staff122/deepfake_project/outputs_deepfake_project/dfdc_subset_77_jpg/test/fake/fake_000724.jpg,fake,test,1,0.9195639491081238,1,clean,medium
/media/D1/ait_users/staff122/deepfake_project/outputs_deepfake_project/dfdc_subset_77_jpg/test/fake/fake_000725.jpg,fake,test,1,0.5418086051940918,1,clean,medium
/media/D1/ait_users/staff122/deepfake_project/outputs_deepfake_project/dfdc_subset_77_jpg/test/fake/fake_000726.jpg,fake,test,1,0.6336802840232849,1,clean,medium
/media/D1/ait_users/staff122/deepfake_project/outputs_deepfake_project/dfdc_subset_77_jpg/test/fake/fake_000727.jpg,fake,test,1,0.36391347646713257,0,clean,medium
/media/D1/ait_users/staff122/deepfake_project/outputs_deepfake_project/dfdc_subset_77_jpg/test/fake/fake_000728.jpg,fake,test,1,0.6648887991905212,1,clean,medium
/media/D1/ait_users/staff122/deepfake_project/outputs_deepfake_project/dfdc_subset_77_jpg/test/fake/fake_000729.jpg,fake,test,1,0.7694270610809326,1,clean,medium
/media/D1/ait_users/staff122/deepfake_project/outputs_deepfake_project/dfdc_subset_77_jpg/test/fake/fake_000730.jpg,fake,test,1,0.4695814847946167,0,clean,medium
/media/D1/ait_users/staff122/deepfake_project/outputs_deepfake_project/dfdc_subset_77_jpg/test/fake/fake_000731.jpg,fake,test,1,0.7758594155311584,1,clean,medium
/media/D1/ait_users/staff122/deepfake_project/outputs_deepfake_project/dfdc_subset_77_jpg/test/fake/fake_000732.jpg,fake,test,1,0.6364917159080505,1,clean,medium
/media/D1/ait_users/staff122/deepfake_project/outputs_deepfake_project/dfdc_subset_77_jpg/test/fake/fake_000733.jpg,fake,test,1,0.4651568531990051,0,clean,medium
/media/D1/ait_users/staff122/deepfake_project/outputs_deepfake_project/dfdc_subset_77_jpg/test/fake/fake_000734.jpg,fake,test,1,0.553769052028656,1,clean,medium
/media/D1/ait_users/staff122/deepfake_project/outputs_deepfake_project/dfdc_subset_77_jpg/test/fake/fake_000735.jpg,fake,test,1,0.4340689778327942,0,clean,medium
/media/D1/ait_users/staff122/deepfake_project/outputs_deepfake_project/dfdc_subset_77_jpg/test/fake/fake_000736.jpg,fake,test,1,0.642390787601471,1,clean,medium
/media/D1/ait_users/staff122/deepfake_project/outputs_deepfake_project/dfdc_subset_77_jpg/test/fake/fake_000737.jpg,fake,test,1,0.6398526430130005,1,clean,medium
/media/D1/ait_users/staff122/deepfake_project/outputs_deepfake_project/dfdc_subset_77_jpg/test/fake/fake_000738.jpg,fake,test,1,0.5989000201225281,1,clean,medium
/media/D1/ait_users/staff122/deepfake_project/outputs_deepfake_project/dfdc_subset_77_jpg/test/fake/fake_000739.jpg,fake,test,1,0.3549449145793915,0,clean,medium
/media/D1/ait_users/staff122/deepfake_project/outputs_deepfake_project/dfdc_subset_77_jpg/test/fake/fake_000740.jpg,fake,test,1,0.5585895776748657,1,clean,medium
/media/D1/ait_users/staff122/deepfake_project/outputs_deepfake_project/dfdc_subset_77_jpg/test/fake/fake_000741.jpg,fake,test,1,0.5502346158027649,1,clean,medium
/media/D1/ait_users/staff122/deepfake_project/outputs_deepfake_project/dfdc_subset_77_jpg/test/fake/fake_000742.jpg,fake,test,1,0.3583594262599945,0,clean,medium
/media/D1/ait_users/staff122/deepfake_project/outputs_deepfake_project/dfdc_subset_77_jpg/test/fake/fake_000743.jpg,fake,test,1,0.436355859041214,0,clean,medium
/media/D1/ait_users/staff122/deepfake_project/outputs_deepfake_project/dfdc_subset_77_jpg/test/fake/fake_000744.jpg,fake,test,1,0.4012209177017212,0,clean,medium
/media/D1/ait_users/staff122/deepfake_project/outputs_deepfake_project/dfdc_subset_77_jpg/test/fake/fake_000745.jpg,fake,test,1,0.36272481083869934,0,clean,medium
/media/D1/ait_users/staff122/deepfake_project/outputs_deepfake_project/dfdc_subset_77_jpg/test/fake/fake_000746.jpg,fake,test,1,0.40997010469436646,0,clean,medium
/media/D1/ait_users/staff122/deepfake_project/outputs_deepfake_project/dfdc_subset_77_jpg/test/fake/fake_000747.jpg,fake,test,1,0.3896542489528656,0,clean,medium
/media/D1/ait_users/staff122/deepfake_project/outputs_deepfake_project/dfdc_subset_77_jpg/test/fake/fake_000748.jpg,fake,test,1,0.32432299852371216,0,clean,medium
/media/D1/ait_users/staff122/deepfake_project/outputs_deepfake_project/dfdc_subset_77_jpg/test/fake/fake_000749.jpg,fake,test,1,0.4683253765106201,0,clean,medium
/media/D1/ait_users/staff122/deepfake_project/outputs_deepfake_project/dfdc_subset_77_jpg/test/fake/fake_000750.jpg,fake,test,1,0.4694272577762604,0,clean,medium
/media/D1/ait_users/staff122/deepfake_project/outputs_deepfake_project/dfdc_subset_77_jpg/test/fake/fake_000751.jpg,fake,test,1,0.42135101556777954,0,clean,medium
/media/D1/ait_users/staff122/deepfake_project/outputs_deepfake_project/dfdc_subset_77_jpg/test/fake/fake_000752.jpg,fake,test,1,0.3803684711456299,0,clean,medium
/media/D1/ait_users/staff122/deepfake_project/outputs_deepfake_project/dfdc_subset_77_jpg/test/fake/fake_000753.jpg,fake,test,1,0.8302024602890015,1,clean,medium
/media/D1/ait_users/staff122/deepfake_project/outputs_deepfake_project/dfdc_subset_77_jpg/test/fake/fake_000754.jpg,fake,test,1,0.7121754884719849,1,clean,medium
/media/D1/ait_users/staff122/deepfake_project/outputs_deepfake_project/dfdc_subset_77_jpg/test/fake/fake_000755.jpg,fake,test,1,0.2492019087076187,0,clean,medium
/media/D1/ait_users/staff122/deepfake_project/outputs_deepfake_project/dfdc_subset_77_jpg/test/fake/fake_000756.jpg,fake,test,1,0.4090326428413391,0,clean,medium
/media/D1/ait_users/staff122/deepfake_project/outputs_deepfake_project/dfdc_subset_77_jpg/test/fake/fake_000757.jpg,fake,test,1,0.844793438911438,1,clean,medium
/media/D1/ait_users/staff122/deepfake_project/outputs_deepfake_project/dfdc_subset_77_jpg/test/fake/fake_000758.jpg,fake,test,1,0.3276899755001068,0,clean,medium
/media/D1/ait_users/staff122/deepfake_project/outputs_deepfake_project/dfdc_subset_77_jpg/test/fake/fake_000759.jpg,fake,test,1,0.3523049056529999,0,clean,medium
/media/D1/ait_users/staff122/deepfake_project/outputs_deepfake_project/dfdc_subset_77_jpg/test/fake/fake_000760.jpg,fake,test,1,0.3779745399951935,0,clean,medium
/media/D1/ait_users/staff122/deepfake_project/outputs_deepfake_project/dfdc_subset_77_jpg/test/fake/fake_000761.jpg,fake,test,1,0.48710793256759644,0,clean,medium
/media/D1/ait_users/staff122/deepfake_project/outputs_deepfake_project/dfdc_subset_77_jpg/test/fake/fake_000762.jpg,fake,test,1,0.9198951125144958,1,clean,medium
/media/D1/ait_users/staff122/deepfake_project/outputs_deepfake_project/dfdc_subset_77_jpg/test/fake/fake_000763.jpg,fake,test,1,0.6223220825195312,1,clean,medium
/media/D1/ait_users/staff122/deepfake_project/outputs_deepfake_project/dfdc_subset_77_jpg/test/fake/fake_000764.jpg,fake,test,1,0.6913360357284546,1,clean,medium
/media/D1/ait_users/staff122/deepfake_project/outputs_deepfake_project/dfdc_subset_77_jpg/test/fake/fake_000765.jpg,fake,test,1,0.43677178025245667,0,clean,medium
/media/D1/ait_users/staff122/deepfake_project/outputs_deepfake_project/dfdc_subset_77_jpg/test/fake/fake_000766.jpg,fake,test,1,0.724225640296936,1,clean,medium
/media/D1/ait_users/staff122/deepfake_project/outputs_deepfake_project/dfdc_subset_77_jpg/test/fake/fake_000767.jpg,fake,test,1,0.7417445182800293,1,clean,medium
/media/D1/ait_users/staff122/deepfake_project/outputs_deepfake_project/dfdc_subset_77_jpg/test/fake/fake_000768.jpg,fake,test,1,0.09722836315631866,0,clean,medium
/media/D1/ait_users/staff122/deepfake_project/outputs_deepfake_project/dfdc_subset_77_jpg/test/fake/fake_000769.jpg,fake,test,1,0.09659292548894882,0,clean,medium
/media/D1/ait_users/staff122/deepfake_project/outputs_deepfake_project/dfdc_subset_77_jpg/test/fake/fake_000770.jpg,fake,test,1,0.6187681555747986,1,clean,medium
/media/D1/ait_users/staff122/deepfake_project/outputs_deepfake_project/dfdc_subset_77_jpg/test/fake/fake_000771.jpg,fake,test,1,0.34840625524520874,0,clean,medium
/media/D1/ait_users/staff122/deepfake_project/outputs_deepfake_project/dfdc_subset_77_jpg/test/fake/fake_000772.jpg,fake,test,1,0.11783166229724884,0,clean,medium
/media/D1/ait_users/staff122/deepfake_project/outputs_deepfake_project/dfdc_subset_77_jpg/test/fake/fake_000773.jpg,fake,test,1,0.39175963401794434,0,clean,medium
/media/D1/ait_users/staff122/deepfake_project/outputs_deepfake_project/dfdc_subset_77_jpg/test/fake/fake_000774.jpg,fake,test,1,0.20933622121810913,0,clean,medium
/media/D1/ait_users/staff122/deepfake_project/outputs_deepfake_project/dfdc_subset_77_jpg/test/fake/fake_000775.jpg,fake,test,1,0.11826533079147339,0,clean,medium
/media/D1/ait_users/staff122/deepfake_project/outputs_deepfake_project/dfdc_subset_77_jpg/test/fake/fake_000776.jpg,fake,test,1,0.4301154315471649,0,clean,medium
/media/D1/ait_users/staff122/deepfake_project/outputs_deepfake_project/dfdc_subset_77_jpg/test/fake/fake_000777.jpg,fake,test,1,0.5690572261810303,1,clean,medium
/media/D1/ait_users/staff122/deepfake_project/outputs_deepfake_project/dfdc_subset_77_jpg/test/fake/fake_000778.jpg,fake,test,1,0.5407949686050415,1,clean,medium
/media/D1/ait_users/staff122/deepfake_project/outputs_deepfake_project/dfdc_subset_77_jpg/test/fake/fake_000779.jpg,fake,test,1,0.4436866044998169,0,clean,medium
/media/D1/ait_users/staff122/deepfake_project/outputs_deepfake_project/dfdc_subset_77_jpg/test/fake/fake_000780.jpg,fake,test,1,0.4384399652481079,0,clean,medium
/media/D1/ait_users/staff122/deepfake_project/outputs_deepfake_project/dfdc_subset_77_jpg/test/fake/fake_000781.jpg,fake,test,1,0.37878599762916565,0,clean,medium
/media/D1/ait_users/staff122/deepfake_project/outputs_deepfake_project/dfdc_subset_77_jpg/test/fake/fake_000782.jpg,fake,test,1,0.5950320363044739,1,clean,medium
/media/D1/ait_users/staff122/deepfake_project/outputs_deepfake_project/dfdc_subset_77_jpg/test/fake/fake_000783.jpg,fake,test,1,0.4448348581790924,0,clean,medium
/media/D1/ait_users/staff122/deepfake_project/outputs_deepfake_project/dfdc_subset_77_jpg/test/fake/fake_000784.jpg,fake,test,1,0.44641223549842834,0,clean,medium
/media/D1/ait_users/staff122/deepfake_project/outputs_deepfake_project/dfdc_subset_77_jpg/test/fake/fake_000785.jpg,fake,test,1,0.4351828694343567,0,clean,medium
/media/D1/ait_users/staff122/deepfake_project/outputs_deepfake_project/dfdc_subset_77_jpg/test/fake/fake_000786.jpg,fake,test,1,0.4252309799194336,0,clean,medium
/media/D1/ait_users/staff122/deepfake_project/outputs_deepfake_project/dfdc_subset_77_jpg/test/fake/fake_000787.jpg,fake,test,1,0.14210855960845947,0,clean,medium
/media/D1/ait_users/staff122/deepfake_project/outputs_deepfake_project/dfdc_subset_77_jpg/test/fake/fake_000788.jpg,fake,test,1,0.44091540575027466,0,clean,medium
/media/D1/ait_users/staff122/deepfake_project/outputs_deepfake_project/dfdc_subset_77_jpg/test/fake/fake_000789.jpg,fake,test,1,0.4326009750366211,0,clean,medium
/media/D1/ait_users/staff122/deepfake_project/outputs_deepfake_project/dfdc_subset_77_jpg/test/fake/fake_000790.jpg,fake,test,1,0.06966570019721985,0,clean,medium
/media/D1/ait_users/staff122/deepfake_project/outputs_deepfake_project/dfdc_subset_77_jpg/test/fake/fake_000791.jpg,fake,test,1,0.40852755308151245,0,clean,medium
/media/D1/ait_users/staff122/deepfake_project/outputs_deepfake_project/dfdc_subset_77_jpg/test/fake/fake_000792.jpg,fake,test,1,0.22393712401390076,0,clean,medium
/media/D1/ait_users/staff122/deepfake_project/outputs_deepfake_project/dfdc_subset_77_jpg/test/fake/fake_000793.jpg,fake,test,1,0.40186819434165955,0,clean,medium
/media/D1/ait_users/staff122/deepfake_project/outputs_deepfake_project/dfdc_subset_77_jpg/test/fake/fake_000794.jpg,fake,test,1,0.43166446685791016,0,clean,medium
/media/D1/ait_users/staff122/deepfake_project/outputs_deepfake_project/dfdc_subset_77_jpg/test/fake/fake_000795.jpg,fake,test,1,0.4340497851371765,0,clean,medium
/media/D1/ait_users/staff122/deepfake_project/outputs_deepfake_project/dfdc_subset_77_jpg/test/fake/fake_000796.jpg,fake,test,1,0.43727216124534607,0,clean,medium
/media/D1/ait_users/staff122/deepfake_project/outputs_deepfake_project/dfdc_subset_77_jpg/test/fake/fake_000797.jpg,fake,test,1,0.47029367089271545,0,clean,medium
/media/D1/ait_users/staff122/deepfake_project/outputs_deepfake_project/dfdc_subset_77_jpg/test/fake/fake_000798.jpg,fake,test,1,0.5275728702545166,1,clean,medium
/media/D1/ait_users/staff122/deepfake_project/outputs_deepfake_project/dfdc_subset_77_jpg/test/fake/fake_000799.jpg,fake,test,1,0.4173407256603241,0,clean,medium
/media/D1/ait_users/staff122/deepfake_project/outputs_deepfake_project/dfdc_subset_77_jpg/test/fake/fake_000800.jpg,fake,test,1,0.9988889098167419,1,clean,medium
/media/D1/ait_users/staff122/deepfake_project/outputs_deepfake_project/dfdc_subset_77_jpg/test/fake/fake_000801.jpg,fake,test,1,0.9991324543952942,1,clean,medium
/media/D1/ait_users/staff122/deepfake_project/outputs_deepfake_project/dfdc_subset_77_jpg/test/fake/fake_000802.jpg,fake,test,1,0.9950842261314392,1,clean,medium
/media/D1/ait_users/staff122/deepfake_project/outputs_deepfake_project/dfdc_subset_77_jpg/test/fake/fake_000803.jpg,fake,test,1,0.9971729516983032,1,clean,medium
/media/D1/ait_users/staff122/deepfake_project/outputs_deepfake_project/dfdc_subset_77_jpg/test/fake/fake_000804.jpg,fake,test,1,0.9877562522888184,1,clean,medium
/media/D1/ait_users/staff122/deepfake_project/outputs_deepfake_project/dfdc_subset_77_jpg/test/fake/fake_000805.jpg,fake,test,1,0.9949447512626648,1,clean,medium
/media/D1/ait_users/staff122/deepfake_project/outputs_deepfake_project/dfdc_subset_77_jpg/test/fake/fake_000806.jpg,fake,test,1,0.9989940524101257,1,clean,medium
/media/D1/ait_users/staff122/deepfake_project/outputs_deepfake_project/dfdc_subset_77_jpg/test/fake/fake_000807.jpg,fake,test,1,0.9997161030769348,1,clean,medium
/media/D1/ait_users/staff122/deepfake_project/outputs_deepfake_project/dfdc_subset_77_jpg/test/fake/fake_000808.jpg,fake,test,1,0.9990736246109009,1,clean,medium
/media/D1/ait_users/staff122/deepfake_project/outputs_deepfake_project/dfdc_subset_77_jpg/test/fake/fake_000809.jpg,fake,test,1,0.9970947504043579,1,clean,medium
/media/D1/ait_users/staff122/deepfake_project/outputs_deepfake_project/dfdc_subset_77_jpg/test/fake/fake_000810.jpg,fake,test,1,0.9993139505386353,1,clean,medium
/media/D1/ait_users/staff122/deepfake_project/outputs_deepfake_project/dfdc_subset_77_jpg/test/fake/fake_000811.jpg,fake,test,1,0.9990887641906738,1,clean,medium
/media/D1/ait_users/staff122/deepfake_project/outputs_deepfake_project/dfdc_subset_77_jpg/test/fake/fake_000812.jpg,fake,test,1,0.9994152784347534,1,clean,medium
/media/D1/ait_users/staff122/deepfake_project/outputs_deepfake_project/dfdc_subset_77_jpg/test/fake/fake_000813.jpg,fake,test,1,0.9990342855453491,1,clean,medium
/media/D1/ait_users/staff122/deepfake_project/outputs_deepfake_project/dfdc_subset_77_jpg/test/fake/fake_000814.jpg,fake,test,1,0.9956231713294983,1,clean,medium
/media/D1/ait_users/staff122/deepfake_project/outputs_deepfake_project/dfdc_subset_77_jpg/test/fake/fake_000815.jpg,fake,test,1,0.9994133710861206,1,clean,medium
/media/D1/ait_users/staff122/deepfake_project/outputs_deepfake_project/dfdc_subset_77_jpg/test/fake/fake_000816.jpg,fake,test,1,0.9991224408149719,1,clean,medium
/media/D1/ait_users/staff122/deepfake_project/outputs_deepfake_project/dfdc_subset_77_jpg/test/fake/fake_000817.jpg,fake,test,1,0.4913499653339386,0,clean,medium
/media/D1/ait_users/staff122/deepfake_project/outputs_deepfake_project/dfdc_subset_77_jpg/test/fake/fake_000818.jpg,fake,test,1,0.4880755543708801,0,clean,medium
/media/D1/ait_users/staff122/deepfake_project/outputs_deepfake_project/dfdc_subset_77_jpg/test/fake/fake_000819.jpg,fake,test,1,0.9995228052139282,1,clean,medium
/media/D1/ait_users/staff122/deepfake_project/outputs_deepfake_project/dfdc_subset_77_jpg/test/fake/fake_000820.jpg,fake,test,1,0.9994636178016663,1,clean,medium
/media/D1/ait_users/staff122/deepfake_project/outputs_deepfake_project/dfdc_subset_77_jpg/test/fake/fake_000821.jpg,fake,test,1,0.9931946992874146,1,clean,medium
/media/D1/ait_users/staff122/deepfake_project/outputs_deepfake_project/dfdc_subset_77_jpg/test/fake/fake_000822.jpg,fake,test,1,0.9979261159896851,1,clean,medium
/media/D1/ait_users/staff122/deepfake_project/outputs_deepfake_project/dfdc_subset_77_jpg/test/fake/fake_000823.jpg,fake,test,1,0.9978175163269043,1,clean,medium
/media/D1/ait_users/staff122/deepfake_project/outputs_deepfake_project/dfdc_subset_77_jpg/test/fake/fake_000824.jpg,fake,test,1,0.9983623623847961,1,clean,medium
/media/D1/ait_users/staff122/deepfake_project/outputs_deepfake_project/dfdc_subset_77_jpg/test/fake/fake_000825.jpg,fake,test,1,0.9986950755119324,1,clean,medium
/media/D1/ait_users/staff122/deepfake_project/outputs_deepfake_project/dfdc_subset_77_jpg/test/fake/fake_000826.jpg,fake,test,1,0.9972701668739319,1,clean,medium
/media/D1/ait_users/staff122/deepfake_project/outputs_deepfake_project/dfdc_subset_77_jpg/test/fake/fake_000827.jpg,fake,test,1,0.9980315566062927,1,clean,medium
/media/D1/ait_users/staff122/deepfake_project/outputs_deepfake_project/dfdc_subset_77_jpg/test/fake/fake_000828.jpg,fake,test,1,0.9989675283432007,1,clean,medium
/media/D1/ait_users/staff122/deepfake_project/outputs_deepfake_project/dfdc_subset_77_jpg/test/fake/fake_000829.jpg,fake,test,1,0.9993951320648193,1,clean,medium
/media/D1/ait_users/staff122/deepfake_project/outputs_deepfake_project/dfdc_subset_77_jpg/test/fake/fake_000830.jpg,fake,test,1,0.9993854761123657,1,clean,medium
/media/D1/ait_users/staff122/deepfake_project/outputs_deepfake_project/dfdc_subset_77_jpg/test/fake/fake_000831.jpg,fake,test,1,0.9992471933364868,1,clean,medium
/media/D1/ait_users/staff122/deepfake_project/outputs_deepfake_project/dfdc_subset_77_jpg/test/fake/fake_000832.jpg,fake,test,1,0.007023923564702272,0,clean,medium
/media/D1/ait_users/staff122/deepfake_project/outputs_deepfake_project/dfdc_subset_77_jpg/test/fake/fake_000833.jpg,fake,test,1,0.1702672839164734,0,clean,medium
/media/D1/ait_users/staff122/deepfake_project/outputs_deepfake_project/dfdc_subset_77_jpg/test/fake/fake_000834.jpg,fake,test,1,0.06638512760400772,0,clean,medium
/media/D1/ait_users/staff122/deepfake_project/outputs_deepfake_project/dfdc_subset_77_jpg/test/fake/fake_000835.jpg,fake,test,1,0.02069730870425701,0,clean,medium
/media/D1/ait_users/staff122/deepfake_project/outputs_deepfake_project/dfdc_subset_77_jpg/test/fake/fake_000836.jpg,fake,test,1,0.028342846781015396,0,clean,medium
/media/D1/ait_users/staff122/deepfake_project/outputs_deepfake_project/dfdc_subset_77_jpg/test/fake/fake_000837.jpg,fake,test,1,0.006763204000890255,0,clean,medium
/media/D1/ait_users/staff122/deepfake_project/outputs_deepfake_project/dfdc_subset_77_jpg/test/fake/fake_000838.jpg,fake,test,1,0.041697293519973755,0,clean,medium
/media/D1/ait_users/staff122/deepfake_project/outputs_deepfake_project/dfdc_subset_77_jpg/test/fake/fake_000839.jpg,fake,test,1,0.016443300992250443,0,clean,medium
/media/D1/ait_users/staff122/deepfake_project/outputs_deepfake_project/dfdc_subset_77_jpg/test/fake/fake_000840.jpg,fake,test,1,0.06372184306383133,0,clean,medium
/media/D1/ait_users/staff122/deepfake_project/outputs_deepfake_project/dfdc_subset_77_jpg/test/fake/fake_000841.jpg,fake,test,1,0.04971976578235626,0,clean,medium
/media/D1/ait_users/staff122/deepfake_project/outputs_deepfake_project/dfdc_subset_77_jpg/test/fake/fake_000842.jpg,fake,test,1,0.007726934272795916,0,clean,medium
/media/D1/ait_users/staff122/deepfake_project/outputs_deepfake_project/dfdc_subset_77_jpg/test/fake/fake_000843.jpg,fake,test,1,0.029497038573026657,0,clean,medium
/media/D1/ait_users/staff122/deepfake_project/outputs_deepfake_project/dfdc_subset_77_jpg/test/fake/fake_000844.jpg,fake,test,1,0.014821313321590424,0,clean,medium
/media/D1/ait_users/staff122/deepfake_project/outputs_deepfake_project/dfdc_subset_77_jpg/test/fake/fake_000845.jpg,fake,test,1,0.015304241329431534,0,clean,medium
/media/D1/ait_users/staff122/deepfake_project/outputs_deepfake_project/dfdc_subset_77_jpg/test/fake/fake_000846.jpg,fake,test,1,0.036184586584568024,0,clean,medium
/media/D1/ait_users/staff122/deepfake_project/outputs_deepfake_project/dfdc_subset_77_jpg/test/fake/fake_000847.jpg,fake,test,1,0.023254064843058586,0,clean,medium
/media/D1/ait_users/staff122/deepfake_project/outputs_deepfake_project/dfdc_subset_77_jpg/test/fake/fake_000848.jpg,fake,test,1,0.0804162546992302,0,clean,medium
/media/D1/ait_users/staff122/deepfake_project/outputs_deepfake_project/dfdc_subset_77_jpg/test/fake/fake_000849.jpg,fake,test,1,0.7165180444717407,1,clean,medium
/media/D1/ait_users/staff122/deepfake_project/outputs_deepfake_project/dfdc_subset_77_jpg/test/fake/fake_000850.jpg,fake,test,1,0.0909271389245987,0,clean,medium
/media/D1/ait_users/staff122/deepfake_project/outputs_deepfake_project/dfdc_subset_77_jpg/test/fake/fake_000851.jpg,fake,test,1,0.046661391854286194,0,clean,medium
/media/D1/ait_users/staff122/deepfake_project/outputs_deepfake_project/dfdc_subset_77_jpg/test/fake/fake_000852.jpg,fake,test,1,0.038716744631528854,0,clean,medium
/media/D1/ait_users/staff122/deepfake_project/outputs_deepfake_project/dfdc_subset_77_jpg/test/fake/fake_000853.jpg,fake,test,1,0.02027188241481781,0,clean,medium
/media/D1/ait_users/staff122/deepfake_project/outputs_deepfake_project/dfdc_subset_77_jpg/test/fake/fake_000854.jpg,fake,test,1,0.02102007530629635,0,clean,medium
/media/D1/ait_users/staff122/deepfake_project/outputs_deepfake_project/dfdc_subset_77_jpg/test/fake/fake_000855.jpg,fake,test,1,0.0528545156121254,0,clean,medium
/media/D1/ait_users/staff122/deepfake_project/outputs_deepfake_project/dfdc_subset_77_jpg/test/fake/fake_000856.jpg,fake,test,1,0.10306937992572784,0,clean,medium
/media/D1/ait_users/staff122/deepfake_project/outputs_deepfake_project/dfdc_subset_77_jpg/test/fake/fake_000857.jpg,fake,test,1,0.05200056731700897,0,clean,medium
/media/D1/ait_users/staff122/deepfake_project/outputs_deepfake_project/dfdc_subset_77_jpg/test/fake/fake_000858.jpg,fake,test,1,0.010320961475372314,0,clean,medium
/media/D1/ait_users/staff122/deepfake_project/outputs_deepfake_project/dfdc_subset_77_jpg/test/fake/fake_000859.jpg,fake,test,1,0.015528456307947636,0,clean,medium
/media/D1/ait_users/staff122/deepfake_project/outputs_deepfake_project/dfdc_subset_77_jpg/test/fake/fake_000860.jpg,fake,test,1,0.016944706439971924,0,clean,medium
/media/D1/ait_users/staff122/deepfake_project/outputs_deepfake_project/dfdc_subset_77_jpg/test/fake/fake_000861.jpg,fake,test,1,0.02554919384419918,0,clean,medium
/media/D1/ait_users/staff122/deepfake_project/outputs_deepfake_project/dfdc_subset_77_jpg/test/fake/fake_000862.jpg,fake,test,1,0.05762946605682373,0,clean,medium
/media/D1/ait_users/staff122/deepfake_project/outputs_deepfake_project/dfdc_subset_77_jpg/test/fake/fake_000863.jpg,fake,test,1,0.0645274817943573,0,clean,medium
/media/D1/ait_users/staff122/deepfake_project/outputs_deepfake_project/dfdc_subset_77_jpg/test/fake/fake_000864.jpg,fake,test,1,0.5399077534675598,1,clean,medium
/media/D1/ait_users/staff122/deepfake_project/outputs_deepfake_project/dfdc_subset_77_jpg/test/fake/fake_000865.jpg,fake,test,1,0.49538207054138184,0,clean,medium
/media/D1/ait_users/staff122/deepfake_project/outputs_deepfake_project/dfdc_subset_77_jpg/test/fake/fake_000866.jpg,fake,test,1,0.4801446497440338,0,clean,medium
/media/D1/ait_users/staff122/deepfake_project/outputs_deepfake_project/dfdc_subset_77_jpg/test/fake/fake_000867.jpg,fake,test,1,0.5308350324630737,1,clean,medium
/media/D1/ait_users/staff122/deepfake_project/outputs_deepfake_project/dfdc_subset_77_jpg/test/fake/fake_000868.jpg,fake,test,1,0.9473834037780762,1,clean,medium
/media/D1/ait_users/staff122/deepfake_project/outputs_deepfake_project/dfdc_subset_77_jpg/test/fake/fake_000869.jpg,fake,test,1,0.519596517086029,1,clean,medium
/media/D1/ait_users/staff122/deepfake_project/outputs_deepfake_project/dfdc_subset_77_jpg/test/fake/fake_000870.jpg,fake,test,1,0.4901294410228729,0,clean,medium
/media/D1/ait_users/staff122/deepfake_project/outputs_deepfake_project/dfdc_subset_77_jpg/test/fake/fake_000871.jpg,fake,test,1,0.4727722108364105,0,clean,medium
/media/D1/ait_users/staff122/deepfake_project/outputs_deepfake_project/dfdc_subset_77_jpg/test/fake/fake_000872.jpg,fake,test,1,0.948148250579834,1,clean,medium
/media/D1/ait_users/staff122/deepfake_project/outputs_deepfake_project/dfdc_subset_77_jpg/test/fake/fake_000873.jpg,fake,test,1,0.9664649963378906,1,clean,medium
/media/D1/ait_users/staff122/deepfake_project/outputs_deepfake_project/dfdc_subset_77_jpg/test/fake/fake_000874.jpg,fake,test,1,0.8800679445266724,1,clean,medium
/media/D1/ait_users/staff122/deepfake_project/outputs_deepfake_project/dfdc_subset_77_jpg/test/fake/fake_000875.jpg,fake,test,1,0.8985031843185425,1,clean,medium
/media/D1/ait_users/staff122/deepfake_project/outputs_deepfake_project/dfdc_subset_77_jpg/test/fake/fake_000876.jpg,fake,test,1,0.7621275186538696,1,clean,medium
/media/D1/ait_users/staff122/deepfake_project/outputs_deepfake_project/dfdc_subset_77_jpg/test/fake/fake_000877.jpg,fake,test,1,0.4750928282737732,0,clean,medium
/media/D1/ait_users/staff122/deepfake_project/outputs_deepfake_project/dfdc_subset_77_jpg/test/fake/fake_000878.jpg,fake,test,1,0.3405267894268036,0,clean,medium
/media/D1/ait_users/staff122/deepfake_project/outputs_deepfake_project/dfdc_subset_77_jpg/test/fake/fake_000879.jpg,fake,test,1,0.5355783700942993,1,clean,medium
/media/D1/ait_users/staff122/deepfake_project/outputs_deepfake_project/dfdc_subset_77_jpg/test/fake/fake_000880.jpg,fake,test,1,0.8745114207267761,1,clean,medium
/media/D1/ait_users/staff122/deepfake_project/outputs_deepfake_project/dfdc_subset_77_jpg/test/fake/fake_000881.jpg,fake,test,1,0.9115477204322815,1,clean,medium
/media/D1/ait_users/staff122/deepfake_project/outputs_deepfake_project/dfdc_subset_77_jpg/test/fake/fake_000882.jpg,fake,test,1,0.9910306930541992,1,clean,medium
/media/D1/ait_users/staff122/deepfake_project/outputs_deepfake_project/dfdc_subset_77_jpg/test/fake/fake_000883.jpg,fake,test,1,0.8998481035232544,1,clean,medium
/media/D1/ait_users/staff122/deepfake_project/outputs_deepfake_project/dfdc_subset_77_jpg/test/fake/fake_000884.jpg,fake,test,1,0.8015292286872864,1,clean,medium
/media/D1/ait_users/staff122/deepfake_project/outputs_deepfake_project/dfdc_subset_77_jpg/test/fake/fake_000885.jpg,fake,test,1,0.8596197366714478,1,clean,medium
/media/D1/ait_users/staff122/deepfake_project/outputs_deepfake_project/dfdc_subset_77_jpg/test/fake/fake_000886.jpg,fake,test,1,0.46412229537963867,0,clean,medium
/media/D1/ait_users/staff122/deepfake_project/outputs_deepfake_project/dfdc_subset_77_jpg/test/fake/fake_000887.jpg,fake,test,1,0.4201294481754303,0,clean,medium
/media/D1/ait_users/staff122/deepfake_project/outputs_deepfake_project/dfdc_subset_77_jpg/test/fake/fake_000888.jpg,fake,test,1,0.8543500900268555,1,clean,medium
/media/D1/ait_users/staff122/deepfake_project/outputs_deepfake_project/dfdc_subset_77_jpg/test/fake/fake_000889.jpg,fake,test,1,0.611382007598877,1,clean,medium
/media/D1/ait_users/staff122/deepfake_project/outputs_deepfake_project/dfdc_subset_77_jpg/test/fake/fake_000890.jpg,fake,test,1,0.8677344918251038,1,clean,medium
/media/D1/ait_users/staff122/deepfake_project/outputs_deepfake_project/dfdc_subset_77_jpg/test/fake/fake_000891.jpg,fake,test,1,0.8197258710861206,1,clean,medium
/media/D1/ait_users/staff122/deepfake_project/outputs_deepfake_project/dfdc_subset_77_jpg/test/fake/fake_000892.jpg,fake,test,1,0.5289481282234192,1,clean,medium
/media/D1/ait_users/staff122/deepfake_project/outputs_deepfake_project/dfdc_subset_77_jpg/test/fake/fake_000893.jpg,fake,test,1,0.9087621569633484,1,clean,medium
/media/D1/ait_users/staff122/deepfake_project/outputs_deepfake_project/dfdc_subset_77_jpg/test/fake/fake_000894.jpg,fake,test,1,0.9352097511291504,1,clean,medium
/media/D1/ait_users/staff122/deepfake_project/outputs_deepfake_project/dfdc_subset_77_jpg/test/fake/fake_000895.jpg,fake,test,1,0.28273943066596985,0,clean,medium
/media/D1/ait_users/staff122/deepfake_project/outputs_deepfake_project/dfdc_subset_77_jpg/test/fake/fake_000896.jpg,fake,test,1,0.02006555162370205,0,clean,medium
/media/D1/ait_users/staff122/deepfake_project/outputs_deepfake_project/dfdc_subset_77_jpg/test/fake/fake_000897.jpg,fake,test,1,0.1308833658695221,0,clean,medium
/media/D1/ait_users/staff122/deepfake_project/outputs_deepfake_project/dfdc_subset_77_jpg/test/fake/fake_000898.jpg,fake,test,1,0.08670955151319504,0,clean,medium
/media/D1/ait_users/staff122/deepfake_project/outputs_deepfake_project/dfdc_subset_77_jpg/test/fake/fake_000899.jpg,fake,test,1,0.054970916360616684,0,clean,medium
/media/D1/ait_users/staff122/deepfake_project/outputs_deepfake_project/dfdc_subset_77_jpg/test/fake/fake_000900.jpg,fake,test,1,0.39103516936302185,0,clean,medium
/media/D1/ait_users/staff122/deepfake_project/outputs_deepfake_project/dfdc_subset_77_jpg/test/fake/fake_000901.jpg,fake,test,1,0.6547911763191223,1,clean,medium
/media/D1/ait_users/staff122/deepfake_project/outputs_deepfake_project/dfdc_subset_77_jpg/test/fake/fake_000902.jpg,fake,test,1,0.030543413013219833,0,clean,medium
/media/D1/ait_users/staff122/deepfake_project/outputs_deepfake_project/dfdc_subset_77_jpg/test/fake/fake_000903.jpg,fake,test,1,0.032533444464206696,0,clean,medium
/media/D1/ait_users/staff122/deepfake_project/outputs_deepfake_project/dfdc_subset_77_jpg/test/fake/fake_000904.jpg,fake,test,1,0.8697230815887451,1,clean,medium
/media/D1/ait_users/staff122/deepfake_project/outputs_deepfake_project/dfdc_subset_77_jpg/test/fake/fake_000905.jpg,fake,test,1,0.38554030656814575,0,clean,medium
/media/D1/ait_users/staff122/deepfake_project/outputs_deepfake_project/dfdc_subset_77_jpg/test/fake/fake_000906.jpg,fake,test,1,0.1455993354320526,0,clean,medium
/media/D1/ait_users/staff122/deepfake_project/outputs_deepfake_project/dfdc_subset_77_jpg/test/fake/fake_000907.jpg,fake,test,1,0.11222563683986664,0,clean,medium
/media/D1/ait_users/staff122/deepfake_project/outputs_deepfake_project/dfdc_subset_77_jpg/test/fake/fake_000908.jpg,fake,test,1,0.278876394033432,0,clean,medium
/media/D1/ait_users/staff122/deepfake_project/outputs_deepfake_project/dfdc_subset_77_jpg/test/fake/fake_000909.jpg,fake,test,1,0.020685354247689247,0,clean,medium
/media/D1/ait_users/staff122/deepfake_project/outputs_deepfake_project/dfdc_subset_77_jpg/test/fake/fake_000910.jpg,fake,test,1,0.019055373966693878,0,clean,medium
/media/D1/ait_users/staff122/deepfake_project/outputs_deepfake_project/dfdc_subset_77_jpg/test/fake/fake_000911.jpg,fake,test,1,0.027068695053458214,0,clean,medium
/media/D1/ait_users/staff122/deepfake_project/outputs_deepfake_project/dfdc_subset_77_jpg/test/fake/fake_000912.jpg,fake,test,1,0.015420136041939259,0,clean,medium
/media/D1/ait_users/staff122/deepfake_project/outputs_deepfake_project/dfdc_subset_77_jpg/test/fake/fake_000913.jpg,fake,test,1,0.06179601326584816,0,clean,medium
/media/D1/ait_users/staff122/deepfake_project/outputs_deepfake_project/dfdc_subset_77_jpg/test/fake/fake_000914.jpg,fake,test,1,0.004126565996557474,0,clean,medium
/media/D1/ait_users/staff122/deepfake_project/outputs_deepfake_project/dfdc_subset_77_jpg/test/fake/fake_000915.jpg,fake,test,1,0.037756554782390594,0,clean,medium
/media/D1/ait_users/staff122/deepfake_project/outputs_deepfake_project/dfdc_subset_77_jpg/test/fake/fake_000916.jpg,fake,test,1,0.025820668786764145,0,clean,medium
/media/D1/ait_users/staff122/deepfake_project/outputs_deepfake_project/dfdc_subset_77_jpg/test/fake/fake_000917.jpg,fake,test,1,0.46836990118026733,0,clean,medium
/media/D1/ait_users/staff122/deepfake_project/outputs_deepfake_project/dfdc_subset_77_jpg/test/fake/fake_000918.jpg,fake,test,1,0.006507120560854673,0,clean,medium
/media/D1/ait_users/staff122/deepfake_project/outputs_deepfake_project/dfdc_subset_77_jpg/test/fake/fake_000919.jpg,fake,test,1,0.053969886153936386,0,clean,medium
/media/D1/ait_users/staff122/deepfake_project/outputs_deepfake_project/dfdc_subset_77_jpg/test/fake/fake_000920.jpg,fake,test,1,0.014285807497799397,0,clean,medium
/media/D1/ait_users/staff122/deepfake_project/outputs_deepfake_project/dfdc_subset_77_jpg/test/fake/fake_000921.jpg,fake,test,1,0.014706723392009735,0,clean,medium
/media/D1/ait_users/staff122/deepfake_project/outputs_deepfake_project/dfdc_subset_77_jpg/test/fake/fake_000922.jpg,fake,test,1,0.00425679562613368,0,clean,medium
/media/D1/ait_users/staff122/deepfake_project/outputs_deepfake_project/dfdc_subset_77_jpg/test/fake/fake_000923.jpg,fake,test,1,0.006528304889798164,0,clean,medium
/media/D1/ait_users/staff122/deepfake_project/outputs_deepfake_project/dfdc_subset_77_jpg/test/fake/fake_000924.jpg,fake,test,1,0.06819536536931992,0,clean,medium
/media/D1/ait_users/staff122/deepfake_project/outputs_deepfake_project/dfdc_subset_77_jpg/test/fake/fake_000925.jpg,fake,test,1,0.04793740436434746,0,clean,medium
/media/D1/ait_users/staff122/deepfake_project/outputs_deepfake_project/dfdc_subset_77_jpg/test/fake/fake_000926.jpg,fake,test,1,0.019530054181814194,0,clean,medium
/media/D1/ait_users/staff122/deepfake_project/outputs_deepfake_project/dfdc_subset_77_jpg/test/fake/fake_000927.jpg,fake,test,1,0.06466998159885406,0,clean,medium
/media/D1/ait_users/staff122/deepfake_project/outputs_deepfake_project/dfdc_subset_77_jpg/test/fake/fake_000928.jpg,fake,test,1,0.6221516132354736,1,clean,medium
/media/D1/ait_users/staff122/deepfake_project/outputs_deepfake_project/dfdc_subset_77_jpg/test/fake/fake_000929.jpg,fake,test,1,0.7085185050964355,1,clean,medium
/media/D1/ait_users/staff122/deepfake_project/outputs_deepfake_project/dfdc_subset_77_jpg/test/fake/fake_000930.jpg,fake,test,1,0.8275008797645569,1,clean,medium
/media/D1/ait_users/staff122/deepfake_project/outputs_deepfake_project/dfdc_subset_77_jpg/test/fake/fake_000931.jpg,fake,test,1,0.8431680202484131,1,clean,medium
/media/D1/ait_users/staff122/deepfake_project/outputs_deepfake_project/dfdc_subset_77_jpg/test/fake/fake_000932.jpg,fake,test,1,0.8090835809707642,1,clean,medium
/media/D1/ait_users/staff122/deepfake_project/outputs_deepfake_project/dfdc_subset_77_jpg/test/fake/fake_000933.jpg,fake,test,1,0.85379958152771,1,clean,medium
/media/D1/ait_users/staff122/deepfake_project/outputs_deepfake_project/dfdc_subset_77_jpg/test/fake/fake_000934.jpg,fake,test,1,0.7575806379318237,1,clean,medium
/media/D1/ait_users/staff122/deepfake_project/outputs_deepfake_project/dfdc_subset_77_jpg/test/fake/fake_000935.jpg,fake,test,1,0.770239531993866,1,clean,medium
/media/D1/ait_users/staff122/deepfake_project/outputs_deepfake_project/dfdc_subset_77_jpg/test/fake/fake_000936.jpg,fake,test,1,0.790921151638031,1,clean,medium
/media/D1/ait_users/staff122/deepfake_project/outputs_deepfake_project/dfdc_subset_77_jpg/test/fake/fake_000937.jpg,fake,test,1,0.7773012518882751,1,clean,medium
/media/D1/ait_users/staff122/deepfake_project/outputs_deepfake_project/dfdc_subset_77_jpg/test/fake/fake_000938.jpg,fake,test,1,0.7144365310668945,1,clean,medium
/media/D1/ait_users/staff122/deepfake_project/outputs_deepfake_project/dfdc_subset_77_jpg/test/fake/fake_000939.jpg,fake,test,1,0.7004429697990417,1,clean,medium
/media/D1/ait_users/staff122/deepfake_project/outputs_deepfake_project/dfdc_subset_77_jpg/test/fake/fake_000940.jpg,fake,test,1,0.8301238417625427,1,clean,medium
/media/D1/ait_users/staff122/deepfake_project/outputs_deepfake_project/dfdc_subset_77_jpg/test/fake/fake_000941.jpg,fake,test,1,0.8368552923202515,1,clean,medium
/media/D1/ait_users/staff122/deepfake_project/outputs_deepfake_project/dfdc_subset_77_jpg/test/fake/fake_000942.jpg,fake,test,1,0.8800216317176819,1,clean,medium
/media/D1/ait_users/staff122/deepfake_project/outputs_deepfake_project/dfdc_subset_77_jpg/test/fake/fake_000943.jpg,fake,test,1,0.5832582116127014,1,clean,medium
/media/D1/ait_users/staff122/deepfake_project/outputs_deepfake_project/dfdc_subset_77_jpg/test/fake/fake_000944.jpg,fake,test,1,0.7637929916381836,1,clean,medium
/media/D1/ait_users/staff122/deepfake_project/outputs_deepfake_project/dfdc_subset_77_jpg/test/fake/fake_000945.jpg,fake,test,1,0.7236045002937317,1,clean,medium
/media/D1/ait_users/staff122/deepfake_project/outputs_deepfake_project/dfdc_subset_77_jpg/test/fake/fake_000946.jpg,fake,test,1,0.8796207308769226,1,clean,medium
/media/D1/ait_users/staff122/deepfake_project/outputs_deepfake_project/dfdc_subset_77_jpg/test/fake/fake_000947.jpg,fake,test,1,0.8673770427703857,1,clean,medium
/media/D1/ait_users/staff122/deepfake_project/outputs_deepfake_project/dfdc_subset_77_jpg/test/fake/fake_000948.jpg,fake,test,1,0.915270209312439,1,clean,medium
/media/D1/ait_users/staff122/deepfake_project/outputs_deepfake_project/dfdc_subset_77_jpg/test/fake/fake_000949.jpg,fake,test,1,0.9420769214630127,1,clean,medium
/media/D1/ait_users/staff122/deepfake_project/outputs_deepfake_project/dfdc_subset_77_jpg/test/fake/fake_000950.jpg,fake,test,1,0.7883748412132263,1,clean,medium
/media/D1/ait_users/staff122/deepfake_project/outputs_deepfake_project/dfdc_subset_77_jpg/test/fake/fake_000951.jpg,fake,test,1,0.839392900466919,1,clean,medium
/media/D1/ait_users/staff122/deepfake_project/outputs_deepfake_project/dfdc_subset_77_jpg/test/fake/fake_000952.jpg,fake,test,1,0.822982668876648,1,clean,medium
/media/D1/ait_users/staff122/deepfake_project/outputs_deepfake_project/dfdc_subset_77_jpg/test/fake/fake_000953.jpg,fake,test,1,0.6715822219848633,1,clean,medium
/media/D1/ait_users/staff122/deepfake_project/outputs_deepfake_project/dfdc_subset_77_jpg/test/fake/fake_000954.jpg,fake,test,1,0.6674695611000061,1,clean,medium
/media/D1/ait_users/staff122/deepfake_project/outputs_deepfake_project/dfdc_subset_77_jpg/test/fake/fake_000955.jpg,fake,test,1,0.7088993191719055,1,clean,medium
/media/D1/ait_users/staff122/deepfake_project/outputs_deepfake_project/dfdc_subset_77_jpg/test/fake/fake_000956.jpg,fake,test,1,0.7850807309150696,1,clean,medium
/media/D1/ait_users/staff122/deepfake_project/outputs_deepfake_project/dfdc_subset_77_jpg/test/fake/fake_000957.jpg,fake,test,1,0.7211362719535828,1,clean,medium
/media/D1/ait_users/staff122/deepfake_project/outputs_deepfake_project/dfdc_subset_77_jpg/test/fake/fake_000958.jpg,fake,test,1,0.8212710618972778,1,clean,medium
/media/D1/ait_users/staff122/deepfake_project/outputs_deepfake_project/dfdc_subset_77_jpg/test/fake/fake_000959.jpg,fake,test,1,0.8726345300674438,1,clean,medium
/media/D1/ait_users/staff122/deepfake_project/outputs_deepfake_project/dfdc_subset_77_jpg/test/fake/fake_000960.jpg,fake,test,1,0.007162710186094046,0,clean,medium
/media/D1/ait_users/staff122/deepfake_project/outputs_deepfake_project/dfdc_subset_77_jpg/test/fake/fake_000961.jpg,fake,test,1,0.018928589299321175,0,clean,medium
/media/D1/ait_users/staff122/deepfake_project/outputs_deepfake_project/dfdc_subset_77_jpg/test/fake/fake_000962.jpg,fake,test,1,0.012498531490564346,0,clean,medium
/media/D1/ait_users/staff122/deepfake_project/outputs_deepfake_project/dfdc_subset_77_jpg/test/fake/fake_000963.jpg,fake,test,1,0.04763595759868622,0,clean,medium
/media/D1/ait_users/staff122/deepfake_project/outputs_deepfake_project/dfdc_subset_77_jpg/test/fake/fake_000964.jpg,fake,test,1,0.017123669385910034,0,clean,medium
/media/D1/ait_users/staff122/deepfake_project/outputs_deepfake_project/dfdc_subset_77_jpg/test/fake/fake_000965.jpg,fake,test,1,0.019989725202322006,0,clean,medium
/media/D1/ait_users/staff122/deepfake_project/outputs_deepfake_project/dfdc_subset_77_jpg/test/fake/fake_000966.jpg,fake,test,1,0.044215280562639236,0,clean,medium
/media/D1/ait_users/staff122/deepfake_project/outputs_deepfake_project/dfdc_subset_77_jpg/test/fake/fake_000967.jpg,fake,test,1,0.08642030507326126,0,clean,medium
/media/D1/ait_users/staff122/deepfake_project/outputs_deepfake_project/dfdc_subset_77_jpg/test/fake/fake_000968.jpg,fake,test,1,0.0135806854814291,0,clean,medium
/media/D1/ait_users/staff122/deepfake_project/outputs_deepfake_project/dfdc_subset_77_jpg/test/fake/fake_000969.jpg,fake,test,1,0.05677783489227295,0,clean,medium
/media/D1/ait_users/staff122/deepfake_project/outputs_deepfake_project/dfdc_subset_77_jpg/test/fake/fake_000970.jpg,fake,test,1,0.044440362602472305,0,clean,medium
/media/D1/ait_users/staff122/deepfake_project/outputs_deepfake_project/dfdc_subset_77_jpg/test/fake/fake_000971.jpg,fake,test,1,0.04604757949709892,0,clean,medium
/media/D1/ait_users/staff122/deepfake_project/outputs_deepfake_project/dfdc_subset_77_jpg/test/fake/fake_000972.jpg,fake,test,1,0.034753624349832535,0,clean,medium
/media/D1/ait_users/staff122/deepfake_project/outputs_deepfake_project/dfdc_subset_77_jpg/test/fake/fake_000973.jpg,fake,test,1,0.03186511993408203,0,clean,medium
/media/D1/ait_users/staff122/deepfake_project/outputs_deepfake_project/dfdc_subset_77_jpg/test/fake/fake_000974.jpg,fake,test,1,0.06309889256954193,0,clean,medium
/media/D1/ait_users/staff122/deepfake_project/outputs_deepfake_project/dfdc_subset_77_jpg/test/fake/fake_000975.jpg,fake,test,1,0.03688846156001091,0,clean,medium
/media/D1/ait_users/staff122/deepfake_project/outputs_deepfake_project/dfdc_subset_77_jpg/test/fake/fake_000976.jpg,fake,test,1,0.14355403184890747,0,clean,medium
/media/D1/ait_users/staff122/deepfake_project/outputs_deepfake_project/dfdc_subset_77_jpg/test/fake/fake_000977.jpg,fake,test,1,0.2678099572658539,0,clean,medium
/media/D1/ait_users/staff122/deepfake_project/outputs_deepfake_project/dfdc_subset_77_jpg/test/fake/fake_000978.jpg,fake,test,1,0.030808553099632263,0,clean,medium
/media/D1/ait_users/staff122/deepfake_project/outputs_deepfake_project/dfdc_subset_77_jpg/test/fake/fake_000979.jpg,fake,test,1,0.11598329991102219,0,clean,medium
/media/D1/ait_users/staff122/deepfake_project/outputs_deepfake_project/dfdc_subset_77_jpg/test/fake/fake_000980.jpg,fake,test,1,0.02887072041630745,0,clean,medium
/media/D1/ait_users/staff122/deepfake_project/outputs_deepfake_project/dfdc_subset_77_jpg/test/fake/fake_000981.jpg,fake,test,1,0.03521886467933655,0,clean,medium
/media/D1/ait_users/staff122/deepfake_project/outputs_deepfake_project/dfdc_subset_77_jpg/test/fake/fake_000982.jpg,fake,test,1,0.34270963072776794,0,clean,medium
/media/D1/ait_users/staff122/deepfake_project/outputs_deepfake_project/dfdc_subset_77_jpg/test/fake/fake_000983.jpg,fake,test,1,0.04379739612340927,0,clean,medium
/media/D1/ait_users/staff122/deepfake_project/outputs_deepfake_project/dfdc_subset_77_jpg/test/fake/fake_000984.jpg,fake,test,1,0.07473258674144745,0,clean,medium
/media/D1/ait_users/staff122/deepfake_project/outputs_deepfake_project/dfdc_subset_77_jpg/test/fake/fake_000985.jpg,fake,test,1,0.04201304540038109,0,clean,medium
/media/D1/ait_users/staff122/deepfake_project/outputs_deepfake_project/dfdc_subset_77_jpg/test/fake/fake_000986.jpg,fake,test,1,0.0163290873169899,0,clean,medium
/media/D1/ait_users/staff122/deepfake_project/outputs_deepfake_project/dfdc_subset_77_jpg/test/fake/fake_000987.jpg,fake,test,1,0.07681188732385635,0,clean,medium
/media/D1/ait_users/staff122/deepfake_project/outputs_deepfake_project/dfdc_subset_77_jpg/test/fake/fake_000988.jpg,fake,test,1,0.07090427726507187,0,clean,medium
/media/D1/ait_users/staff122/deepfake_project/outputs_deepfake_project/dfdc_subset_77_jpg/test/fake/fake_000989.jpg,fake,test,1,0.059827663004398346,0,clean,medium
/media/D1/ait_users/staff122/deepfake_project/outputs_deepfake_project/dfdc_subset_77_jpg/test/fake/fake_000990.jpg,fake,test,1,0.03215423598885536,0,clean,medium
/media/D1/ait_users/staff122/deepfake_project/outputs_deepfake_project/dfdc_subset_77_jpg/test/fake/fake_000991.jpg,fake,test,1,0.02186746895313263,0,clean,medium
/media/D1/ait_users/staff122/deepfake_project/outputs_deepfake_project/dfdc_subset_77_jpg/test/fake/fake_000992.jpg,fake,test,1,0.13368752598762512,0,clean,medium
/media/D1/ait_users/staff122/deepfake_project/outputs_deepfake_project/dfdc_subset_77_jpg/test/fake/fake_000993.jpg,fake,test,1,0.05390061065554619,0,clean,medium
/media/D1/ait_users/staff122/deepfake_project/outputs_deepfake_project/dfdc_subset_77_jpg/test/fake/fake_000994.jpg,fake,test,1,0.22142282128334045,0,clean,medium
/media/D1/ait_users/staff122/deepfake_project/outputs_deepfake_project/dfdc_subset_77_jpg/test/fake/fake_000995.jpg,fake,test,1,0.22791162133216858,0,clean,medium
/media/D1/ait_users/staff122/deepfake_project/outputs_deepfake_project/dfdc_subset_77_jpg/test/fake/fake_000996.jpg,fake,test,1,0.5513185858726501,1,clean,medium
/media/D1/ait_users/staff122/deepfake_project/outputs_deepfake_project/dfdc_subset_77_jpg/test/fake/fake_000997.jpg,fake,test,1,0.37039557099342346,0,clean,medium
/media/D1/ait_users/staff122/deepfake_project/outputs_deepfake_project/dfdc_subset_77_jpg/test/fake/fake_000998.jpg,fake,test,1,0.10620798170566559,0,clean,medium
/media/D1/ait_users/staff122/deepfake_project/outputs_deepfake_project/dfdc_subset_77_jpg/test/fake/fake_000999.jpg,fake,test,1,0.05415721610188484,0,clean,medium
/media/D1/ait_users/staff122/deepfake_project/outputs_deepfake_project/dfdc_subset_77_jpg/test/fake/fake_001000.jpg,fake,test,1,0.321443647146225,0,clean,medium
/media/D1/ait_users/staff122/deepfake_project/outputs_deepfake_project/dfdc_subset_77_jpg/test/fake/fake_001001.jpg,fake,test,1,0.46123388409614563,0,clean,medium
/media/D1/ait_users/staff122/deepfake_project/outputs_deepfake_project/dfdc_subset_77_jpg/test/fake/fake_001002.jpg,fake,test,1,0.5950295925140381,1,clean,medium
/media/D1/ait_users/staff122/deepfake_project/outputs_deepfake_project/dfdc_subset_77_jpg/test/fake/fake_001003.jpg,fake,test,1,0.6224353313446045,1,clean,medium
/media/D1/ait_users/staff122/deepfake_project/outputs_deepfake_project/dfdc_subset_77_jpg/test/fake/fake_001004.jpg,fake,test,1,0.47564956545829773,0,clean,medium
/media/D1/ait_users/staff122/deepfake_project/outputs_deepfake_project/dfdc_subset_77_jpg/test/fake/fake_001005.jpg,fake,test,1,0.05252388119697571,0,clean,medium
/media/D1/ait_users/staff122/deepfake_project/outputs_deepfake_project/dfdc_subset_77_jpg/test/fake/fake_001006.jpg,fake,test,1,0.043471209704875946,0,clean,medium
/media/D1/ait_users/staff122/deepfake_project/outputs_deepfake_project/dfdc_subset_77_jpg/test/fake/fake_001007.jpg,fake,test,1,0.09791631251573563,0,clean,medium
/media/D1/ait_users/staff122/deepfake_project/outputs_deepfake_project/dfdc_subset_77_jpg/test/fake/fake_001008.jpg,fake,test,1,0.4887535870075226,0,clean,medium
/media/D1/ait_users/staff122/deepfake_project/outputs_deepfake_project/dfdc_subset_77_jpg/test/fake/fake_001009.jpg,fake,test,1,0.22493520379066467,0,clean,medium
/media/D1/ait_users/staff122/deepfake_project/outputs_deepfake_project/dfdc_subset_77_jpg/test/fake/fake_001010.jpg,fake,test,1,0.1796221286058426,0,clean,medium
/media/D1/ait_users/staff122/deepfake_project/outputs_deepfake_project/dfdc_subset_77_jpg/test/fake/fake_001011.jpg,fake,test,1,0.7094811797142029,1,clean,medium
/media/D1/ait_users/staff122/deepfake_project/outputs_deepfake_project/dfdc_subset_77_jpg/test/fake/fake_001012.jpg,fake,test,1,0.7909112572669983,1,clean,medium
/media/D1/ait_users/staff122/deepfake_project/outputs_deepfake_project/dfdc_subset_77_jpg/test/fake/fake_001013.jpg,fake,test,1,0.8624403476715088,1,clean,medium
/media/D1/ait_users/staff122/deepfake_project/outputs_deepfake_project/dfdc_subset_77_jpg/test/fake/fake_001014.jpg,fake,test,1,0.9180850386619568,1,clean,medium
/media/D1/ait_users/staff122/deepfake_project/outputs_deepfake_project/dfdc_subset_77_jpg/test/fake/fake_001015.jpg,fake,test,1,0.9178281426429749,1,clean,medium
/media/D1/ait_users/staff122/deepfake_project/outputs_deepfake_project/dfdc_subset_77_jpg/test/fake/fake_001016.jpg,fake,test,1,0.9943650960922241,1,clean,medium
/media/D1/ait_users/staff122/deepfake_project/outputs_deepfake_project/dfdc_subset_77_jpg/test/fake/fake_001017.jpg,fake,test,1,0.9550538063049316,1,clean,medium
/media/D1/ait_users/staff122/deepfake_project/outputs_deepfake_project/dfdc_subset_77_jpg/test/fake/fake_001018.jpg,fake,test,1,0.9258020520210266,1,clean,medium
/media/D1/ait_users/staff122/deepfake_project/outputs_deepfake_project/dfdc_subset_77_jpg/test/fake/fake_001019.jpg,fake,test,1,0.9720183610916138,1,clean,medium
/media/D1/ait_users/staff122/deepfake_project/outputs_deepfake_project/dfdc_subset_77_jpg/test/fake/fake_001020.jpg,fake,test,1,0.12963666021823883,0,clean,medium
/media/D1/ait_users/staff122/deepfake_project/outputs_deepfake_project/dfdc_subset_77_jpg/test/fake/fake_001021.jpg,fake,test,1,0.7097196578979492,1,clean,medium
/media/D1/ait_users/staff122/deepfake_project/outputs_deepfake_project/dfdc_subset_77_jpg/test/fake/fake_001022.jpg,fake,test,1,0.35848063230514526,0,clean,medium
/media/D1/ait_users/staff122/deepfake_project/outputs_deepfake_project/dfdc_subset_77_jpg/test/fake/fake_001023.jpg,fake,test,1,0.06746993213891983,0,clean,medium
/media/D1/ait_users/staff122/deepfake_project/outputs_deepfake_project/dfdc_subset_77_jpg/test/fake/fake_001024.jpg,fake,test,1,0.29821839928627014,0,clean,medium
/media/D1/ait_users/staff122/deepfake_project/outputs_deepfake_project/dfdc_subset_77_jpg/test/fake/fake_001025.jpg,fake,test,1,0.2369515299797058,0,clean,medium
/media/D1/ait_users/staff122/deepfake_project/outputs_deepfake_project/dfdc_subset_77_jpg/test/fake/fake_001026.jpg,fake,test,1,0.26118162274360657,0,clean,medium
/media/D1/ait_users/staff122/deepfake_project/outputs_deepfake_project/dfdc_subset_77_jpg/test/fake/fake_001027.jpg,fake,test,1,0.2140807807445526,0,clean,medium
/media/D1/ait_users/staff122/deepfake_project/outputs_deepfake_project/dfdc_subset_77_jpg/test/fake/fake_001028.jpg,fake,test,1,0.2318888157606125,0,clean,medium
/media/D1/ait_users/staff122/deepfake_project/outputs_deepfake_project/dfdc_subset_77_jpg/test/fake/fake_001029.jpg,fake,test,1,0.24400949478149414,0,clean,medium
/media/D1/ait_users/staff122/deepfake_project/outputs_deepfake_project/dfdc_subset_77_jpg/test/fake/fake_001030.jpg,fake,test,1,0.26429036259651184,0,clean,medium
/media/D1/ait_users/staff122/deepfake_project/outputs_deepfake_project/dfdc_subset_77_jpg/test/fake/fake_001031.jpg,fake,test,1,0.2471143752336502,0,clean,medium
/media/D1/ait_users/staff122/deepfake_project/outputs_deepfake_project/dfdc_subset_77_jpg/test/fake/fake_001032.jpg,fake,test,1,0.2533993721008301,0,clean,medium
/media/D1/ait_users/staff122/deepfake_project/outputs_deepfake_project/dfdc_subset_77_jpg/test/fake/fake_001033.jpg,fake,test,1,0.26778730750083923,0,clean,medium
/media/D1/ait_users/staff122/deepfake_project/outputs_deepfake_project/dfdc_subset_77_jpg/test/fake/fake_001034.jpg,fake,test,1,0.2556214928627014,0,clean,medium
/media/D1/ait_users/staff122/deepfake_project/outputs_deepfake_project/dfdc_subset_77_jpg/test/fake/fake_001035.jpg,fake,test,1,0.2572968602180481,0,clean,medium
/media/D1/ait_users/staff122/deepfake_project/outputs_deepfake_project/dfdc_subset_77_jpg/test/fake/fake_001036.jpg,fake,test,1,0.253330796957016,0,clean,medium
/media/D1/ait_users/staff122/deepfake_project/outputs_deepfake_project/dfdc_subset_77_jpg/test/fake/fake_001037.jpg,fake,test,1,0.25717630982398987,0,clean,medium
/media/D1/ait_users/staff122/deepfake_project/outputs_deepfake_project/dfdc_subset_77_jpg/test/fake/fake_001038.jpg,fake,test,1,0.26382219791412354,0,clean,medium
/media/D1/ait_users/staff122/deepfake_project/outputs_deepfake_project/dfdc_subset_77_jpg/test/fake/fake_001039.jpg,fake,test,1,0.28893956542015076,0,clean,medium
/media/D1/ait_users/staff122/deepfake_project/outputs_deepfake_project/dfdc_subset_77_jpg/test/fake/fake_001040.jpg,fake,test,1,0.2965449094772339,0,clean,medium
/media/D1/ait_users/staff122/deepfake_project/outputs_deepfake_project/dfdc_subset_77_jpg/test/fake/fake_001041.jpg,fake,test,1,0.3494986891746521,0,clean,medium
/media/D1/ait_users/staff122/deepfake_project/outputs_deepfake_project/dfdc_subset_77_jpg/test/fake/fake_001042.jpg,fake,test,1,0.2882872521877289,0,clean,medium
/media/D1/ait_users/staff122/deepfake_project/outputs_deepfake_project/dfdc_subset_77_jpg/test/fake/fake_001043.jpg,fake,test,1,0.2816256880760193,0,clean,medium
/media/D1/ait_users/staff122/deepfake_project/outputs_deepfake_project/dfdc_subset_77_jpg/test/fake/fake_001044.jpg,fake,test,1,0.282514363527298,0,clean,medium
/media/D1/ait_users/staff122/deepfake_project/outputs_deepfake_project/dfdc_subset_77_jpg/test/fake/fake_001045.jpg,fake,test,1,0.250521719455719,0,clean,medium
/media/D1/ait_users/staff122/deepfake_project/outputs_deepfake_project/dfdc_subset_77_jpg/test/fake/fake_001046.jpg,fake,test,1,0.24158796668052673,0,clean,medium
/media/D1/ait_users/staff122/deepfake_project/outputs_deepfake_project/dfdc_subset_77_jpg/test/fake/fake_001047.jpg,fake,test,1,0.18430620431900024,0,clean,medium
/media/D1/ait_users/staff122/deepfake_project/outputs_deepfake_project/dfdc_subset_77_jpg/test/fake/fake_001048.jpg,fake,test,1,0.30957555770874023,0,clean,medium
/media/D1/ait_users/staff122/deepfake_project/outputs_deepfake_project/dfdc_subset_77_jpg/test/fake/fake_001049.jpg,fake,test,1,0.21601256728172302,0,clean,medium
/media/D1/ait_users/staff122/deepfake_project/outputs_deepfake_project/dfdc_subset_77_jpg/test/fake/fake_001050.jpg,fake,test,1,0.23322147130966187,0,clean,medium
/media/D1/ait_users/staff122/deepfake_project/outputs_deepfake_project/dfdc_subset_77_jpg/test/fake/fake_001051.jpg,fake,test,1,0.25249147415161133,0,clean,medium
/media/D1/ait_users/staff122/deepfake_project/outputs_deepfake_project/dfdc_subset_77_jpg/test/fake/fake_001052.jpg,fake,test,1,0.2722708284854889,0,clean,medium
/media/D1/ait_users/staff122/deepfake_project/outputs_deepfake_project/dfdc_subset_77_jpg/test/fake/fake_001053.jpg,fake,test,1,0.26550695300102234,0,clean,medium
/media/D1/ait_users/staff122/deepfake_project/outputs_deepfake_project/dfdc_subset_77_jpg/test/fake/fake_001054.jpg,fake,test,1,0.259187251329422,0,clean,medium
/media/D1/ait_users/staff122/deepfake_project/outputs_deepfake_project/dfdc_subset_77_jpg/test/fake/fake_001055.jpg,fake,test,1,0.2153003215789795,0,clean,medium
/media/D1/ait_users/staff122/deepfake_project/outputs_deepfake_project/dfdc_subset_77_jpg/test/fake/fake_001056.jpg,fake,test,1,0.9957697987556458,1,clean,medium
/media/D1/ait_users/staff122/deepfake_project/outputs_deepfake_project/dfdc_subset_77_jpg/test/fake/fake_001057.jpg,fake,test,1,0.9915480017662048,1,clean,medium
/media/D1/ait_users/staff122/deepfake_project/outputs_deepfake_project/dfdc_subset_77_jpg/test/fake/fake_001058.jpg,fake,test,1,0.9867841005325317,1,clean,medium
/media/D1/ait_users/staff122/deepfake_project/outputs_deepfake_project/dfdc_subset_77_jpg/test/fake/fake_001059.jpg,fake,test,1,0.9958867430686951,1,clean,medium
/media/D1/ait_users/staff122/deepfake_project/outputs_deepfake_project/dfdc_subset_77_jpg/test/fake/fake_001060.jpg,fake,test,1,0.9867115020751953,1,clean,medium
/media/D1/ait_users/staff122/deepfake_project/outputs_deepfake_project/dfdc_subset_77_jpg/test/fake/fake_001061.jpg,fake,test,1,0.9944739937782288,1,clean,medium
/media/D1/ait_users/staff122/deepfake_project/outputs_deepfake_project/dfdc_subset_77_jpg/test/fake/fake_001062.jpg,fake,test,1,0.9950929880142212,1,clean,medium
/media/D1/ait_users/staff122/deepfake_project/outputs_deepfake_project/dfdc_subset_77_jpg/test/fake/fake_001063.jpg,fake,test,1,0.9942118525505066,1,clean,medium
/media/D1/ait_users/staff122/deepfake_project/outputs_deepfake_project/dfdc_subset_77_jpg/test/fake/fake_001064.jpg,fake,test,1,0.9942758679389954,1,clean,medium
/media/D1/ait_users/staff122/deepfake_project/outputs_deepfake_project/dfdc_subset_77_jpg/test/fake/fake_001065.jpg,fake,test,1,0.8350896239280701,1,clean,medium
/media/D1/ait_users/staff122/deepfake_project/outputs_deepfake_project/dfdc_subset_77_jpg/test/fake/fake_001066.jpg,fake,test,1,0.7046022415161133,1,clean,medium
/media/D1/ait_users/staff122/deepfake_project/outputs_deepfake_project/dfdc_subset_77_jpg/test/fake/fake_001067.jpg,fake,test,1,0.6975725293159485,1,clean,medium
/media/D1/ait_users/staff122/deepfake_project/outputs_deepfake_project/dfdc_subset_77_jpg/test/fake/fake_001068.jpg,fake,test,1,0.6892139911651611,1,clean,medium
/media/D1/ait_users/staff122/deepfake_project/outputs_deepfake_project/dfdc_subset_77_jpg/test/fake/fake_001069.jpg,fake,test,1,0.9609072804450989,1,clean,medium
/media/D1/ait_users/staff122/deepfake_project/outputs_deepfake_project/dfdc_subset_77_jpg/test/fake/fake_001070.jpg,fake,test,1,0.9441148042678833,1,clean,medium
/media/D1/ait_users/staff122/deepfake_project/outputs_deepfake_project/dfdc_subset_77_jpg/test/fake/fake_001071.jpg,fake,test,1,0.9726113080978394,1,clean,medium
/media/D1/ait_users/staff122/deepfake_project/outputs_deepfake_project/dfdc_subset_77_jpg/test/fake/fake_001072.jpg,fake,test,1,0.998910665512085,1,clean,medium
/media/D1/ait_users/staff122/deepfake_project/outputs_deepfake_project/dfdc_subset_77_jpg/test/fake/fake_001073.jpg,fake,test,1,0.9576185345649719,1,clean,medium
/media/D1/ait_users/staff122/deepfake_project/outputs_deepfake_project/dfdc_subset_77_jpg/test/fake/fake_001074.jpg,fake,test,1,0.975487470626831,1,clean,medium
/media/D1/ait_users/staff122/deepfake_project/outputs_deepfake_project/dfdc_subset_77_jpg/test/fake/fake_001075.jpg,fake,test,1,0.9851657152175903,1,clean,medium
/media/D1/ait_users/staff122/deepfake_project/outputs_deepfake_project/dfdc_subset_77_jpg/test/fake/fake_001076.jpg,fake,test,1,0.9877727627754211,1,clean,medium
/media/D1/ait_users/staff122/deepfake_project/outputs_deepfake_project/dfdc_subset_77_jpg/test/fake/fake_001077.jpg,fake,test,1,0.9941462278366089,1,clean,medium
/media/D1/ait_users/staff122/deepfake_project/outputs_deepfake_project/dfdc_subset_77_jpg/test/fake/fake_001078.jpg,fake,test,1,0.8148398995399475,1,clean,medium
/media/D1/ait_users/staff122/deepfake_project/outputs_deepfake_project/dfdc_subset_77_jpg/test/fake/fake_001079.jpg,fake,test,1,0.8893093466758728,1,clean,medium
/media/D1/ait_users/staff122/deepfake_project/outputs_deepfake_project/dfdc_subset_77_jpg/test/fake/fake_001080.jpg,fake,test,1,0.9528960585594177,1,clean,medium
/media/D1/ait_users/staff122/deepfake_project/outputs_deepfake_project/dfdc_subset_77_jpg/test/fake/fake_001081.jpg,fake,test,1,0.9717739224433899,1,clean,medium
/media/D1/ait_users/staff122/deepfake_project/outputs_deepfake_project/dfdc_subset_77_jpg/test/fake/fake_001082.jpg,fake,test,1,0.8798854351043701,1,clean,medium
/media/D1/ait_users/staff122/deepfake_project/outputs_deepfake_project/dfdc_subset_77_jpg/test/fake/fake_001083.jpg,fake,test,1,0.9695974588394165,1,clean,medium
/media/D1/ait_users/staff122/deepfake_project/outputs_deepfake_project/dfdc_subset_77_jpg/test/fake/fake_001084.jpg,fake,test,1,0.5479168891906738,1,clean,medium
/media/D1/ait_users/staff122/deepfake_project/outputs_deepfake_project/dfdc_subset_77_jpg/test/fake/fake_001085.jpg,fake,test,1,0.7473487257957458,1,clean,medium
/media/D1/ait_users/staff122/deepfake_project/outputs_deepfake_project/dfdc_subset_77_jpg/test/fake/fake_001086.jpg,fake,test,1,0.9552021026611328,1,clean,medium
/media/D1/ait_users/staff122/deepfake_project/outputs_deepfake_project/dfdc_subset_77_jpg/test/fake/fake_001087.jpg,fake,test,1,0.2905395030975342,0,clean,medium
/media/D1/ait_users/staff122/deepfake_project/outputs_deepfake_project/dfdc_subset_77_jpg/test/fake/fake_001088.jpg,fake,test,1,0.17187999188899994,0,clean,medium
/media/D1/ait_users/staff122/deepfake_project/outputs_deepfake_project/dfdc_subset_77_jpg/test/fake/fake_001089.jpg,fake,test,1,0.24012409150600433,0,clean,medium
/media/D1/ait_users/staff122/deepfake_project/outputs_deepfake_project/dfdc_subset_77_jpg/test/fake/fake_001090.jpg,fake,test,1,0.22111201286315918,0,clean,medium
/media/D1/ait_users/staff122/deepfake_project/outputs_deepfake_project/dfdc_subset_77_jpg/test/fake/fake_001091.jpg,fake,test,1,0.13227015733718872,0,clean,medium
/media/D1/ait_users/staff122/deepfake_project/outputs_deepfake_project/dfdc_subset_77_jpg/test/fake/fake_001092.jpg,fake,test,1,0.10670054703950882,0,clean,medium
/media/D1/ait_users/staff122/deepfake_project/outputs_deepfake_project/dfdc_subset_77_jpg/test/fake/fake_001093.jpg,fake,test,1,0.056859247386455536,0,clean,medium
/media/D1/ait_users/staff122/deepfake_project/outputs_deepfake_project/dfdc_subset_77_jpg/test/fake/fake_001094.jpg,fake,test,1,0.03813730180263519,0,clean,medium
/media/D1/ait_users/staff122/deepfake_project/outputs_deepfake_project/dfdc_subset_77_jpg/test/fake/fake_001095.jpg,fake,test,1,0.024042822420597076,0,clean,medium
/media/D1/ait_users/staff122/deepfake_project/outputs_deepfake_project/dfdc_subset_77_jpg/test/fake/fake_001096.jpg,fake,test,1,0.10738971084356308,0,clean,medium
/media/D1/ait_users/staff122/deepfake_project/outputs_deepfake_project/dfdc_subset_77_jpg/test/fake/fake_001097.jpg,fake,test,1,0.044795744121074677,0,clean,medium
/media/D1/ait_users/staff122/deepfake_project/outputs_deepfake_project/dfdc_subset_77_jpg/test/fake/fake_001098.jpg,fake,test,1,0.1225731298327446,0,clean,medium
/media/D1/ait_users/staff122/deepfake_project/outputs_deepfake_project/dfdc_subset_77_jpg/test/fake/fake_001099.jpg,fake,test,1,0.015658296644687653,0,clean,medium
/media/D1/ait_users/staff122/deepfake_project/outputs_deepfake_project/dfdc_subset_77_jpg/test/fake/fake_001100.jpg,fake,test,1,0.026926858350634575,0,clean,medium
/media/D1/ait_users/staff122/deepfake_project/outputs_deepfake_project/dfdc_subset_77_jpg/test/fake/fake_001101.jpg,fake,test,1,0.032603275030851364,0,clean,medium
/media/D1/ait_users/staff122/deepfake_project/outputs_deepfake_project/dfdc_subset_77_jpg/test/fake/fake_001102.jpg,fake,test,1,0.3614327907562256,0,clean,medium
/media/D1/ait_users/staff122/deepfake_project/outputs_deepfake_project/dfdc_subset_77_jpg/test/fake/fake_001103.jpg,fake,test,1,0.4197283685207367,0,clean,medium
/media/D1/ait_users/staff122/deepfake_project/outputs_deepfake_project/dfdc_subset_77_jpg/test/fake/fake_001104.jpg,fake,test,1,0.25123095512390137,0,clean,medium
/media/D1/ait_users/staff122/deepfake_project/outputs_deepfake_project/dfdc_subset_77_jpg/test/fake/fake_001105.jpg,fake,test,1,0.09015154838562012,0,clean,medium
/media/D1/ait_users/staff122/deepfake_project/outputs_deepfake_project/dfdc_subset_77_jpg/test/fake/fake_001106.jpg,fake,test,1,0.022429246455430984,0,clean,medium
/media/D1/ait_users/staff122/deepfake_project/outputs_deepfake_project/dfdc_subset_77_jpg/test/fake/fake_001107.jpg,fake,test,1,0.02528277039527893,0,clean,medium
/media/D1/ait_users/staff122/deepfake_project/outputs_deepfake_project/dfdc_subset_77_jpg/test/fake/fake_001108.jpg,fake,test,1,0.034510619938373566,0,clean,medium
/media/D1/ait_users/staff122/deepfake_project/outputs_deepfake_project/dfdc_subset_77_jpg/test/fake/fake_001109.jpg,fake,test,1,0.20275428891181946,0,clean,medium
/media/D1/ait_users/staff122/deepfake_project/outputs_deepfake_project/dfdc_subset_77_jpg/test/fake/fake_001110.jpg,fake,test,1,0.08769623935222626,0,clean,medium
/media/D1/ait_users/staff122/deepfake_project/outputs_deepfake_project/dfdc_subset_77_jpg/test/fake/fake_001111.jpg,fake,test,1,0.153672456741333,0,clean,medium
/media/D1/ait_users/staff122/deepfake_project/outputs_deepfake_project/dfdc_subset_77_jpg/test/fake/fake_001112.jpg,fake,test,1,0.07894090563058853,0,clean,medium
/media/D1/ait_users/staff122/deepfake_project/outputs_deepfake_project/dfdc_subset_77_jpg/test/fake/fake_001113.jpg,fake,test,1,0.03175096958875656,0,clean,medium
/media/D1/ait_users/staff122/deepfake_project/outputs_deepfake_project/dfdc_subset_77_jpg/test/fake/fake_001114.jpg,fake,test,1,0.7566908597946167,1,clean,medium
/media/D1/ait_users/staff122/deepfake_project/outputs_deepfake_project/dfdc_subset_77_jpg/test/fake/fake_001115.jpg,fake,test,1,0.048060379922389984,0,clean,medium
/media/D1/ait_users/staff122/deepfake_project/outputs_deepfake_project/dfdc_subset_77_jpg/test/fake/fake_001116.jpg,fake,test,1,0.013766059651970863,0,clean,medium
/media/D1/ait_users/staff122/deepfake_project/outputs_deepfake_project/dfdc_subset_77_jpg/test/fake/fake_001117.jpg,fake,test,1,0.021827731281518936,0,clean,medium
/media/D1/ait_users/staff122/deepfake_project/outputs_deepfake_project/dfdc_subset_77_jpg/test/fake/fake_001118.jpg,fake,test,1,0.043790288269519806,0,clean,medium
/media/D1/ait_users/staff122/deepfake_project/outputs_deepfake_project/dfdc_subset_77_jpg/test/fake/fake_001119.jpg,fake,test,1,0.029363004490733147,0,clean,medium
/media/D1/ait_users/staff122/deepfake_project/outputs_deepfake_project/dfdc_subset_77_jpg/test/fake/fake_001120.jpg,fake,test,1,0.3326163589954376,0,clean,medium
/media/D1/ait_users/staff122/deepfake_project/outputs_deepfake_project/dfdc_subset_77_jpg/test/fake/fake_001121.jpg,fake,test,1,0.3265926241874695,0,clean,medium
/media/D1/ait_users/staff122/deepfake_project/outputs_deepfake_project/dfdc_subset_77_jpg/test/fake/fake_001122.jpg,fake,test,1,0.44961872696876526,0,clean,medium
/media/D1/ait_users/staff122/deepfake_project/outputs_deepfake_project/dfdc_subset_77_jpg/test/fake/fake_001123.jpg,fake,test,1,0.8950886726379395,1,clean,medium
/media/D1/ait_users/staff122/deepfake_project/outputs_deepfake_project/dfdc_subset_77_jpg/test/fake/fake_001124.jpg,fake,test,1,0.5360973477363586,1,clean,medium
/media/D1/ait_users/staff122/deepfake_project/outputs_deepfake_project/dfdc_subset_77_jpg/test/fake/fake_001125.jpg,fake,test,1,0.23811085522174835,0,clean,medium
/media/D1/ait_users/staff122/deepfake_project/outputs_deepfake_project/dfdc_subset_77_jpg/test/fake/fake_001126.jpg,fake,test,1,0.2397378832101822,0,clean,medium
/media/D1/ait_users/staff122/deepfake_project/outputs_deepfake_project/dfdc_subset_77_jpg/test/fake/fake_001127.jpg,fake,test,1,0.11696648597717285,0,clean,medium
/media/D1/ait_users/staff122/deepfake_project/outputs_deepfake_project/dfdc_subset_77_jpg/test/fake/fake_001128.jpg,fake,test,1,0.08612968772649765,0,clean,medium
/media/D1/ait_users/staff122/deepfake_project/outputs_deepfake_project/dfdc_subset_77_jpg/test/fake/fake_001129.jpg,fake,test,1,0.15860480070114136,0,clean,medium
/media/D1/ait_users/staff122/deepfake_project/outputs_deepfake_project/dfdc_subset_77_jpg/test/fake/fake_001130.jpg,fake,test,1,0.2707708775997162,0,clean,medium
/media/D1/ait_users/staff122/deepfake_project/outputs_deepfake_project/dfdc_subset_77_jpg/test/fake/fake_001131.jpg,fake,test,1,0.24801716208457947,0,clean,medium
/media/D1/ait_users/staff122/deepfake_project/outputs_deepfake_project/dfdc_subset_77_jpg/test/fake/fake_001132.jpg,fake,test,1,0.21157822012901306,0,clean,medium
/media/D1/ait_users/staff122/deepfake_project/outputs_deepfake_project/dfdc_subset_77_jpg/test/fake/fake_001133.jpg,fake,test,1,0.3308252692222595,0,clean,medium
/media/D1/ait_users/staff122/deepfake_project/outputs_deepfake_project/dfdc_subset_77_jpg/test/fake/fake_001134.jpg,fake,test,1,0.4895893931388855,0,clean,medium
/media/D1/ait_users/staff122/deepfake_project/outputs_deepfake_project/dfdc_subset_77_jpg/test/fake/fake_001135.jpg,fake,test,1,0.17287413775920868,0,clean,medium
/media/D1/ait_users/staff122/deepfake_project/outputs_deepfake_project/dfdc_subset_77_jpg/test/fake/fake_001136.jpg,fake,test,1,0.9147273898124695,1,clean,medium
/media/D1/ait_users/staff122/deepfake_project/outputs_deepfake_project/dfdc_subset_77_jpg/test/fake/fake_001137.jpg,fake,test,1,0.9813883304595947,1,clean,medium
/media/D1/ait_users/staff122/deepfake_project/outputs_deepfake_project/dfdc_subset_77_jpg/test/fake/fake_001138.jpg,fake,test,1,0.5834859013557434,1,clean,medium
/media/D1/ait_users/staff122/deepfake_project/outputs_deepfake_project/dfdc_subset_77_jpg/test/fake/fake_001139.jpg,fake,test,1,0.4852578639984131,0,clean,medium
/media/D1/ait_users/staff122/deepfake_project/outputs_deepfake_project/dfdc_subset_77_jpg/test/fake/fake_001140.jpg,fake,test,1,0.18508628010749817,0,clean,medium
/media/D1/ait_users/staff122/deepfake_project/outputs_deepfake_project/dfdc_subset_77_jpg/test/fake/fake_001141.jpg,fake,test,1,0.45827022194862366,0,clean,medium
/media/D1/ait_users/staff122/deepfake_project/outputs_deepfake_project/dfdc_subset_77_jpg/test/fake/fake_001142.jpg,fake,test,1,0.23241956532001495,0,clean,medium
/media/D1/ait_users/staff122/deepfake_project/outputs_deepfake_project/dfdc_subset_77_jpg/test/fake/fake_001143.jpg,fake,test,1,0.2657053470611572,0,clean,medium
/media/D1/ait_users/staff122/deepfake_project/outputs_deepfake_project/dfdc_subset_77_jpg/test/fake/fake_001144.jpg,fake,test,1,0.25731542706489563,0,clean,medium
/media/D1/ait_users/staff122/deepfake_project/outputs_deepfake_project/dfdc_subset_77_jpg/test/fake/fake_001145.jpg,fake,test,1,0.4286596179008484,0,clean,medium
/media/D1/ait_users/staff122/deepfake_project/outputs_deepfake_project/dfdc_subset_77_jpg/test/fake/fake_001146.jpg,fake,test,1,0.16786888241767883,0,clean,medium
/media/D1/ait_users/staff122/deepfake_project/outputs_deepfake_project/dfdc_subset_77_jpg/test/fake/fake_001147.jpg,fake,test,1,0.20583827793598175,0,clean,medium
/media/D1/ait_users/staff122/deepfake_project/outputs_deepfake_project/dfdc_subset_77_jpg/test/fake/fake_001148.jpg,fake,test,1,0.3628171682357788,0,clean,medium
/media/D1/ait_users/staff122/deepfake_project/outputs_deepfake_project/dfdc_subset_77_jpg/test/fake/fake_001149.jpg,fake,test,1,0.4880681335926056,0,clean,medium
/media/D1/ait_users/staff122/deepfake_project/outputs_deepfake_project/dfdc_subset_77_jpg/test/fake/fake_001150.jpg,fake,test,1,0.1524653434753418,0,clean,medium
/media/D1/ait_users/staff122/deepfake_project/outputs_deepfake_project/dfdc_subset_77_jpg/test/fake/fake_001151.jpg,fake,test,1,0.19099506735801697,0,clean,medium
/media/D1/ait_users/staff122/deepfake_project/outputs_deepfake_project/dfdc_subset_77_jpg/test/fake/fake_001152.jpg,fake,test,1,0.9058892726898193,1,clean,medium
/media/D1/ait_users/staff122/deepfake_project/outputs_deepfake_project/dfdc_subset_77_jpg/test/fake/fake_001153.jpg,fake,test,1,0.9870431423187256,1,clean,medium
/media/D1/ait_users/staff122/deepfake_project/outputs_deepfake_project/dfdc_subset_77_jpg/test/fake/fake_001154.jpg,fake,test,1,0.949525773525238,1,clean,medium
/media/D1/ait_users/staff122/deepfake_project/outputs_deepfake_project/dfdc_subset_77_jpg/test/fake/fake_001155.jpg,fake,test,1,0.8102405071258545,1,clean,medium
/media/D1/ait_users/staff122/deepfake_project/outputs_deepfake_project/dfdc_subset_77_jpg/test/fake/fake_001156.jpg,fake,test,1,0.8607770204544067,1,clean,medium
/media/D1/ait_users/staff122/deepfake_project/outputs_deepfake_project/dfdc_subset_77_jpg/test/fake/fake_001157.jpg,fake,test,1,0.9580546617507935,1,clean,medium
/media/D1/ait_users/staff122/deepfake_project/outputs_deepfake_project/dfdc_subset_77_jpg/test/fake/fake_001158.jpg,fake,test,1,0.9886863231658936,1,clean,medium
/media/D1/ait_users/staff122/deepfake_project/outputs_deepfake_project/dfdc_subset_77_jpg/test/fake/fake_001159.jpg,fake,test,1,0.9751901626586914,1,clean,medium
/media/D1/ait_users/staff122/deepfake_project/outputs_deepfake_project/dfdc_subset_77_jpg/test/fake/fake_001160.jpg,fake,test,1,0.9883006811141968,1,clean,medium
/media/D1/ait_users/staff122/deepfake_project/outputs_deepfake_project/dfdc_subset_77_jpg/test/fake/fake_001161.jpg,fake,test,1,0.995407223701477,1,clean,medium
/media/D1/ait_users/staff122/deepfake_project/outputs_deepfake_project/dfdc_subset_77_jpg/test/fake/fake_001162.jpg,fake,test,1,0.9935193657875061,1,clean,medium
/media/D1/ait_users/staff122/deepfake_project/outputs_deepfake_project/dfdc_subset_77_jpg/test/fake/fake_001163.jpg,fake,test,1,0.9964156150817871,1,clean,medium
/media/D1/ait_users/staff122/deepfake_project/outputs_deepfake_project/dfdc_subset_77_jpg/test/fake/fake_001164.jpg,fake,test,1,0.9863262176513672,1,clean,medium
/media/D1/ait_users/staff122/deepfake_project/outputs_deepfake_project/dfdc_subset_77_jpg/test/fake/fake_001165.jpg,fake,test,1,0.9383995532989502,1,clean,medium
/media/D1/ait_users/staff122/deepfake_project/outputs_deepfake_project/dfdc_subset_77_jpg/test/fake/fake_001166.jpg,fake,test,1,0.669227659702301,1,clean,medium
/media/D1/ait_users/staff122/deepfake_project/outputs_deepfake_project/dfdc_subset_77_jpg/test/fake/fake_001167.jpg,fake,test,1,0.5944687724113464,1,clean,medium
/media/D1/ait_users/staff122/deepfake_project/outputs_deepfake_project/dfdc_subset_77_jpg/test/fake/fake_001168.jpg,fake,test,1,0.6354179382324219,1,clean,medium
/media/D1/ait_users/staff122/deepfake_project/outputs_deepfake_project/dfdc_subset_77_jpg/test/fake/fake_001169.jpg,fake,test,1,0.5933846235275269,1,clean,medium
/media/D1/ait_users/staff122/deepfake_project/outputs_deepfake_project/dfdc_subset_77_jpg/test/fake/fake_001170.jpg,fake,test,1,0.6037817597389221,1,clean,medium
/media/D1/ait_users/staff122/deepfake_project/outputs_deepfake_project/dfdc_subset_77_jpg/test/fake/fake_001171.jpg,fake,test,1,0.6034634709358215,1,clean,medium
/media/D1/ait_users/staff122/deepfake_project/outputs_deepfake_project/dfdc_subset_77_jpg/test/fake/fake_001172.jpg,fake,test,1,0.6449986100196838,1,clean,medium
/media/D1/ait_users/staff122/deepfake_project/outputs_deepfake_project/dfdc_subset_77_jpg/test/fake/fake_001173.jpg,fake,test,1,0.738947868347168,1,clean,medium
/media/D1/ait_users/staff122/deepfake_project/outputs_deepfake_project/dfdc_subset_77_jpg/test/fake/fake_001174.jpg,fake,test,1,0.5429812073707581,1,clean,medium
/media/D1/ait_users/staff122/deepfake_project/outputs_deepfake_project/dfdc_subset_77_jpg/test/fake/fake_001175.jpg,fake,test,1,0.5617678761482239,1,clean,medium
/media/D1/ait_users/staff122/deepfake_project/outputs_deepfake_project/dfdc_subset_77_jpg/test/fake/fake_001176.jpg,fake,test,1,0.9730005860328674,1,clean,medium
/media/D1/ait_users/staff122/deepfake_project/outputs_deepfake_project/dfdc_subset_77_jpg/test/fake/fake_001177.jpg,fake,test,1,0.9784353971481323,1,clean,medium
/media/D1/ait_users/staff122/deepfake_project/outputs_deepfake_project/dfdc_subset_77_jpg/test/fake/fake_001178.jpg,fake,test,1,0.951432466506958,1,clean,medium
/media/D1/ait_users/staff122/deepfake_project/outputs_deepfake_project/dfdc_subset_77_jpg/test/fake/fake_001179.jpg,fake,test,1,0.9913977384567261,1,clean,medium
/media/D1/ait_users/staff122/deepfake_project/outputs_deepfake_project/dfdc_subset_77_jpg/test/fake/fake_001180.jpg,fake,test,1,0.9696201682090759,1,clean,medium
/media/D1/ait_users/staff122/deepfake_project/outputs_deepfake_project/dfdc_subset_77_jpg/test/fake/fake_001181.jpg,fake,test,1,0.9920788407325745,1,clean,medium
/media/D1/ait_users/staff122/deepfake_project/outputs_deepfake_project/dfdc_subset_77_jpg/test/fake/fake_001182.jpg,fake,test,1,0.681835949420929,1,clean,medium
/media/D1/ait_users/staff122/deepfake_project/outputs_deepfake_project/dfdc_subset_77_jpg/test/fake/fake_001183.jpg,fake,test,1,0.5599177479743958,1,clean,medium
/media/D1/ait_users/staff122/deepfake_project/outputs_deepfake_project/dfdc_subset_77_jpg/test/fake/fake_001184.jpg,fake,test,1,0.6949734687805176,1,clean,medium
/media/D1/ait_users/staff122/deepfake_project/outputs_deepfake_project/dfdc_subset_77_jpg/test/fake/fake_001185.jpg,fake,test,1,0.27385273575782776,0,clean,medium
/media/D1/ait_users/staff122/deepfake_project/outputs_deepfake_project/dfdc_subset_77_jpg/test/fake/fake_001186.jpg,fake,test,1,0.4851226806640625,0,clean,medium
/media/D1/ait_users/staff122/deepfake_project/outputs_deepfake_project/dfdc_subset_77_jpg/test/fake/fake_001187.jpg,fake,test,1,0.5063819289207458,1,clean,medium
/media/D1/ait_users/staff122/deepfake_project/outputs_deepfake_project/dfdc_subset_77_jpg/test/fake/fake_001188.jpg,fake,test,1,0.3979279398918152,0,clean,medium
/media/D1/ait_users/staff122/deepfake_project/outputs_deepfake_project/dfdc_subset_77_jpg/test/fake/fake_001189.jpg,fake,test,1,0.5260578989982605,1,clean,medium
/media/D1/ait_users/staff122/deepfake_project/outputs_deepfake_project/dfdc_subset_77_jpg/test/fake/fake_001190.jpg,fake,test,1,0.7814639806747437,1,clean,medium
/media/D1/ait_users/staff122/deepfake_project/outputs_deepfake_project/dfdc_subset_77_jpg/test/fake/fake_001191.jpg,fake,test,1,0.2837539613246918,0,clean,medium
/media/D1/ait_users/staff122/deepfake_project/outputs_deepfake_project/dfdc_subset_77_jpg/test/fake/fake_001192.jpg,fake,test,1,0.22232328355312347,0,clean,medium
/media/D1/ait_users/staff122/deepfake_project/outputs_deepfake_project/dfdc_subset_77_jpg/test/fake/fake_001193.jpg,fake,test,1,0.5401740670204163,1,clean,medium
/media/D1/ait_users/staff122/deepfake_project/outputs_deepfake_project/dfdc_subset_77_jpg/test/fake/fake_001194.jpg,fake,test,1,0.12576745450496674,0,clean,medium
/media/D1/ait_users/staff122/deepfake_project/outputs_deepfake_project/dfdc_subset_77_jpg/test/fake/fake_001195.jpg,fake,test,1,0.7891637086868286,1,clean,medium
/media/D1/ait_users/staff122/deepfake_project/outputs_deepfake_project/dfdc_subset_77_jpg/test/fake/fake_001196.jpg,fake,test,1,0.23820705711841583,0,clean,medium
/media/D1/ait_users/staff122/deepfake_project/outputs_deepfake_project/dfdc_subset_77_jpg/test/fake/fake_001197.jpg,fake,test,1,0.7218096256256104,1,clean,medium
/media/D1/ait_users/staff122/deepfake_project/outputs_deepfake_project/dfdc_subset_77_jpg/test/fake/fake_001198.jpg,fake,test,1,0.6022602319717407,1,clean,medium
/media/D1/ait_users/staff122/deepfake_project/outputs_deepfake_project/dfdc_subset_77_jpg/test/fake/fake_001199.jpg,fake,test,1,0.7236886620521545,1,clean,medium
/media/D1/ait_users/staff122/deepfake_project/outputs_deepfake_project/dfdc_subset_77_jpg/test/fake/fake_001200.jpg,fake,test,1,0.37849515676498413,0,clean,medium
/media/D1/ait_users/staff122/deepfake_project/outputs_deepfake_project/dfdc_subset_77_jpg/test/fake/fake_001201.jpg,fake,test,1,0.2980382740497589,0,clean,medium
/media/D1/ait_users/staff122/deepfake_project/outputs_deepfake_project/dfdc_subset_77_jpg/test/fake/fake_001202.jpg,fake,test,1,0.378642201423645,0,clean,medium
/media/D1/ait_users/staff122/deepfake_project/outputs_deepfake_project/dfdc_subset_77_jpg/test/fake/fake_001203.jpg,fake,test,1,0.32883861660957336,0,clean,medium
/media/D1/ait_users/staff122/deepfake_project/outputs_deepfake_project/dfdc_subset_77_jpg/test/fake/fake_001204.jpg,fake,test,1,0.5829781889915466,1,clean,medium
/media/D1/ait_users/staff122/deepfake_project/outputs_deepfake_project/dfdc_subset_77_jpg/test/fake/fake_001205.jpg,fake,test,1,0.34692713618278503,0,clean,medium
/media/D1/ait_users/staff122/deepfake_project/outputs_deepfake_project/dfdc_subset_77_jpg/test/fake/fake_001206.jpg,fake,test,1,0.35021308064460754,0,clean,medium
/media/D1/ait_users/staff122/deepfake_project/outputs_deepfake_project/dfdc_subset_77_jpg/test/fake/fake_001207.jpg,fake,test,1,0.3019373416900635,0,clean,medium
/media/D1/ait_users/staff122/deepfake_project/outputs_deepfake_project/dfdc_subset_77_jpg/test/fake/fake_001208.jpg,fake,test,1,0.2962160110473633,0,clean,medium
/media/D1/ait_users/staff122/deepfake_project/outputs_deepfake_project/dfdc_subset_77_jpg/test/fake/fake_001209.jpg,fake,test,1,0.4132186472415924,0,clean,medium
/media/D1/ait_users/staff122/deepfake_project/outputs_deepfake_project/dfdc_subset_77_jpg/test/fake/fake_001210.jpg,fake,test,1,0.3605051040649414,0,clean,medium
/media/D1/ait_users/staff122/deepfake_project/outputs_deepfake_project/dfdc_subset_77_jpg/test/fake/fake_001211.jpg,fake,test,1,0.15996411442756653,0,clean,medium
/media/D1/ait_users/staff122/deepfake_project/outputs_deepfake_project/dfdc_subset_77_jpg/test/fake/fake_001212.jpg,fake,test,1,0.47681936621665955,0,clean,medium
/media/D1/ait_users/staff122/deepfake_project/outputs_deepfake_project/dfdc_subset_77_jpg/test/fake/fake_001213.jpg,fake,test,1,0.7727106809616089,1,clean,medium
/media/D1/ait_users/staff122/deepfake_project/outputs_deepfake_project/dfdc_subset_77_jpg/test/fake/fake_001214.jpg,fake,test,1,0.7416178584098816,1,clean,medium
/media/D1/ait_users/staff122/deepfake_project/outputs_deepfake_project/dfdc_subset_77_jpg/test/fake/fake_001215.jpg,fake,test,1,0.17285491526126862,0,clean,medium
/media/D1/ait_users/staff122/deepfake_project/outputs_deepfake_project/dfdc_subset_77_jpg/test/fake/fake_001216.jpg,fake,test,1,0.9979645013809204,1,clean,medium
/media/D1/ait_users/staff122/deepfake_project/outputs_deepfake_project/dfdc_subset_77_jpg/test/fake/fake_001217.jpg,fake,test,1,0.996767520904541,1,clean,medium
/media/D1/ait_users/staff122/deepfake_project/outputs_deepfake_project/dfdc_subset_77_jpg/test/fake/fake_001218.jpg,fake,test,1,0.9995937943458557,1,clean,medium
/media/D1/ait_users/staff122/deepfake_project/outputs_deepfake_project/dfdc_subset_77_jpg/test/fake/fake_001219.jpg,fake,test,1,0.9942166805267334,1,clean,medium
/media/D1/ait_users/staff122/deepfake_project/outputs_deepfake_project/dfdc_subset_77_jpg/test/fake/fake_001220.jpg,fake,test,1,0.9666149020195007,1,clean,medium
/media/D1/ait_users/staff122/deepfake_project/outputs_deepfake_project/dfdc_subset_77_jpg/test/fake/fake_001221.jpg,fake,test,1,0.990957498550415,1,clean,medium
/media/D1/ait_users/staff122/deepfake_project/outputs_deepfake_project/dfdc_subset_77_jpg/test/fake/fake_001222.jpg,fake,test,1,0.9949958324432373,1,clean,medium
/media/D1/ait_users/staff122/deepfake_project/outputs_deepfake_project/dfdc_subset_77_jpg/test/fake/fake_001223.jpg,fake,test,1,0.9982264637947083,1,clean,medium
/media/D1/ait_users/staff122/deepfake_project/outputs_deepfake_project/dfdc_subset_77_jpg/test/fake/fake_001224.jpg,fake,test,1,0.9971429705619812,1,clean,medium
/media/D1/ait_users/staff122/deepfake_project/outputs_deepfake_project/dfdc_subset_77_jpg/test/fake/fake_001225.jpg,fake,test,1,0.9920639395713806,1,clean,medium
/media/D1/ait_users/staff122/deepfake_project/outputs_deepfake_project/dfdc_subset_77_jpg/test/fake/fake_001226.jpg,fake,test,1,0.9951327443122864,1,clean,medium
/media/D1/ait_users/staff122/deepfake_project/outputs_deepfake_project/dfdc_subset_77_jpg/test/fake/fake_001227.jpg,fake,test,1,0.9988094568252563,1,clean,medium
/media/D1/ait_users/staff122/deepfake_project/outputs_deepfake_project/dfdc_subset_77_jpg/test/fake/fake_001228.jpg,fake,test,1,0.9970321655273438,1,clean,medium
/media/D1/ait_users/staff122/deepfake_project/outputs_deepfake_project/dfdc_subset_77_jpg/test/fake/fake_001229.jpg,fake,test,1,0.9561718106269836,1,clean,medium
/media/D1/ait_users/staff122/deepfake_project/outputs_deepfake_project/dfdc_subset_77_jpg/test/fake/fake_001230.jpg,fake,test,1,0.9697493314743042,1,clean,medium
/media/D1/ait_users/staff122/deepfake_project/outputs_deepfake_project/dfdc_subset_77_jpg/test/fake/fake_001231.jpg,fake,test,1,0.8804216384887695,1,clean,medium
/media/D1/ait_users/staff122/deepfake_project/outputs_deepfake_project/dfdc_subset_77_jpg/test/fake/fake_001232.jpg,fake,test,1,0.9847540855407715,1,clean,medium
/media/D1/ait_users/staff122/deepfake_project/outputs_deepfake_project/dfdc_subset_77_jpg/test/fake/fake_001233.jpg,fake,test,1,0.9980366826057434,1,clean,medium
/media/D1/ait_users/staff122/deepfake_project/outputs_deepfake_project/dfdc_subset_77_jpg/test/fake/fake_001234.jpg,fake,test,1,0.9974424839019775,1,clean,medium
/media/D1/ait_users/staff122/deepfake_project/outputs_deepfake_project/dfdc_subset_77_jpg/test/fake/fake_001235.jpg,fake,test,1,0.9839503765106201,1,clean,medium
/media/D1/ait_users/staff122/deepfake_project/outputs_deepfake_project/dfdc_subset_77_jpg/test/fake/fake_001236.jpg,fake,test,1,0.9984512329101562,1,clean,medium
/media/D1/ait_users/staff122/deepfake_project/outputs_deepfake_project/dfdc_subset_77_jpg/test/fake/fake_001237.jpg,fake,test,1,0.9796440601348877,1,clean,medium
/media/D1/ait_users/staff122/deepfake_project/outputs_deepfake_project/dfdc_subset_77_jpg/test/fake/fake_001238.jpg,fake,test,1,0.9929801821708679,1,clean,medium
/media/D1/ait_users/staff122/deepfake_project/outputs_deepfake_project/dfdc_subset_77_jpg/test/fake/fake_001239.jpg,fake,test,1,0.9963858127593994,1,clean,medium
/media/D1/ait_users/staff122/deepfake_project/outputs_deepfake_project/dfdc_subset_77_jpg/test/fake/fake_001240.jpg,fake,test,1,0.9972311854362488,1,clean,medium
/media/D1/ait_users/staff122/deepfake_project/outputs_deepfake_project/dfdc_subset_77_jpg/test/fake/fake_001241.jpg,fake,test,1,0.995431661605835,1,clean,medium
/media/D1/ait_users/staff122/deepfake_project/outputs_deepfake_project/dfdc_subset_77_jpg/test/fake/fake_001242.jpg,fake,test,1,0.9965218305587769,1,clean,medium
/media/D1/ait_users/staff122/deepfake_project/outputs_deepfake_project/dfdc_subset_77_jpg/test/fake/fake_001243.jpg,fake,test,1,0.9955222606658936,1,clean,medium
/media/D1/ait_users/staff122/deepfake_project/outputs_deepfake_project/dfdc_subset_77_jpg/test/fake/fake_001244.jpg,fake,test,1,0.9962649941444397,1,clean,medium
/media/D1/ait_users/staff122/deepfake_project/outputs_deepfake_project/dfdc_subset_77_jpg/test/fake/fake_001245.jpg,fake,test,1,0.9971733093261719,1,clean,medium
/media/D1/ait_users/staff122/deepfake_project/outputs_deepfake_project/dfdc_subset_77_jpg/test/fake/fake_001246.jpg,fake,test,1,0.9989249110221863,1,clean,medium
/media/D1/ait_users/staff122/deepfake_project/outputs_deepfake_project/dfdc_subset_77_jpg/test/fake/fake_001247.jpg,fake,test,1,0.9939339756965637,1,clean,medium
/media/D1/ait_users/staff122/deepfake_project/outputs_deepfake_project/dfdc_subset_77_jpg/test/fake/fake_001248.jpg,fake,test,1,0.15488962829113007,0,clean,medium
/media/D1/ait_users/staff122/deepfake_project/outputs_deepfake_project/dfdc_subset_77_jpg/test/fake/fake_001249.jpg,fake,test,1,0.5414168238639832,1,clean,medium
/media/D1/ait_users/staff122/deepfake_project/outputs_deepfake_project/dfdc_subset_77_jpg/test/fake/fake_001250.jpg,fake,test,1,0.5559263825416565,1,clean,medium
/media/D1/ait_users/staff122/deepfake_project/outputs_deepfake_project/dfdc_subset_77_jpg/test/fake/fake_001251.jpg,fake,test,1,0.07918369024991989,0,clean,medium
/media/D1/ait_users/staff122/deepfake_project/outputs_deepfake_project/dfdc_subset_77_jpg/test/fake/fake_001252.jpg,fake,test,1,0.2960965931415558,0,clean,medium
/media/D1/ait_users/staff122/deepfake_project/outputs_deepfake_project/dfdc_subset_77_jpg/test/fake/fake_001253.jpg,fake,test,1,0.3069073259830475,0,clean,medium
/media/D1/ait_users/staff122/deepfake_project/outputs_deepfake_project/dfdc_subset_77_jpg/test/fake/fake_001254.jpg,fake,test,1,0.07318199425935745,0,clean,medium
/media/D1/ait_users/staff122/deepfake_project/outputs_deepfake_project/dfdc_subset_77_jpg/test/fake/fake_001255.jpg,fake,test,1,0.04625946283340454,0,clean,medium
/media/D1/ait_users/staff122/deepfake_project/outputs_deepfake_project/dfdc_subset_77_jpg/test/fake/fake_001256.jpg,fake,test,1,0.09406207501888275,0,clean,medium
/media/D1/ait_users/staff122/deepfake_project/outputs_deepfake_project/dfdc_subset_77_jpg/test/fake/fake_001257.jpg,fake,test,1,0.15731729567050934,0,clean,medium
/media/D1/ait_users/staff122/deepfake_project/outputs_deepfake_project/dfdc_subset_77_jpg/test/fake/fake_001258.jpg,fake,test,1,0.2767559289932251,0,clean,medium
/media/D1/ait_users/staff122/deepfake_project/outputs_deepfake_project/dfdc_subset_77_jpg/test/fake/fake_001259.jpg,fake,test,1,0.07227969169616699,0,clean,medium
/media/D1/ait_users/staff122/deepfake_project/outputs_deepfake_project/dfdc_subset_77_jpg/test/fake/fake_001260.jpg,fake,test,1,0.052761029452085495,0,clean,medium
/media/D1/ait_users/staff122/deepfake_project/outputs_deepfake_project/dfdc_subset_77_jpg/test/fake/fake_001261.jpg,fake,test,1,0.0467643141746521,0,clean,medium
/media/D1/ait_users/staff122/deepfake_project/outputs_deepfake_project/dfdc_subset_77_jpg/test/fake/fake_001262.jpg,fake,test,1,0.2926328778266907,0,clean,medium
/media/D1/ait_users/staff122/deepfake_project/outputs_deepfake_project/dfdc_subset_77_jpg/test/fake/fake_001263.jpg,fake,test,1,0.21212893724441528,0,clean,medium
/media/D1/ait_users/staff122/deepfake_project/outputs_deepfake_project/dfdc_subset_77_jpg/test/fake/fake_001264.jpg,fake,test,1,0.2360866814851761,0,clean,medium
/media/D1/ait_users/staff122/deepfake_project/outputs_deepfake_project/dfdc_subset_77_jpg/test/fake/fake_001265.jpg,fake,test,1,0.14295585453510284,0,clean,medium
/media/D1/ait_users/staff122/deepfake_project/outputs_deepfake_project/dfdc_subset_77_jpg/test/fake/fake_001266.jpg,fake,test,1,0.119197316467762,0,clean,medium
/media/D1/ait_users/staff122/deepfake_project/outputs_deepfake_project/dfdc_subset_77_jpg/test/fake/fake_001267.jpg,fake,test,1,0.19393202662467957,0,clean,medium
/media/D1/ait_users/staff122/deepfake_project/outputs_deepfake_project/dfdc_subset_77_jpg/test/fake/fake_001268.jpg,fake,test,1,0.17296624183654785,0,clean,medium
/media/D1/ait_users/staff122/deepfake_project/outputs_deepfake_project/dfdc_subset_77_jpg/test/fake/fake_001269.jpg,fake,test,1,0.1075984537601471,0,clean,medium
/media/D1/ait_users/staff122/deepfake_project/outputs_deepfake_project/dfdc_subset_77_jpg/test/fake/fake_001270.jpg,fake,test,1,0.4621131122112274,0,clean,medium
/media/D1/ait_users/staff122/deepfake_project/outputs_deepfake_project/dfdc_subset_77_jpg/test/fake/fake_001271.jpg,fake,test,1,0.11284052580595016,0,clean,medium
/media/D1/ait_users/staff122/deepfake_project/outputs_deepfake_project/dfdc_subset_77_jpg/test/fake/fake_001272.jpg,fake,test,1,0.06323511898517609,0,clean,medium
/media/D1/ait_users/staff122/deepfake_project/outputs_deepfake_project/dfdc_subset_77_jpg/test/fake/fake_001273.jpg,fake,test,1,0.04092305526137352,0,clean,medium
/media/D1/ait_users/staff122/deepfake_project/outputs_deepfake_project/dfdc_subset_77_jpg/test/fake/fake_001274.jpg,fake,test,1,0.04662672057747841,0,clean,medium
/media/D1/ait_users/staff122/deepfake_project/outputs_deepfake_project/dfdc_subset_77_jpg/test/fake/fake_001275.jpg,fake,test,1,0.06817775219678879,0,clean,medium
/media/D1/ait_users/staff122/deepfake_project/outputs_deepfake_project/dfdc_subset_77_jpg/test/fake/fake_001276.jpg,fake,test,1,0.0915895402431488,0,clean,medium
/media/D1/ait_users/staff122/deepfake_project/outputs_deepfake_project/dfdc_subset_77_jpg/test/fake/fake_001277.jpg,fake,test,1,0.1322193592786789,0,clean,medium
/media/D1/ait_users/staff122/deepfake_project/outputs_deepfake_project/dfdc_subset_77_jpg/test/fake/fake_001278.jpg,fake,test,1,0.025474626570940018,0,clean,medium
/media/D1/ait_users/staff122/deepfake_project/outputs_deepfake_project/dfdc_subset_77_jpg/test/fake/fake_001279.jpg,fake,test,1,0.04531644657254219,0,clean,medium
/media/D1/ait_users/staff122/deepfake_project/outputs_deepfake_project/dfdc_subset_77_jpg/test/fake/fake_001280.jpg,fake,test,1,0.9889183640480042,1,clean,medium
/media/D1/ait_users/staff122/deepfake_project/outputs_deepfake_project/dfdc_subset_77_jpg/test/fake/fake_001281.jpg,fake,test,1,0.9995033740997314,1,clean,medium
/media/D1/ait_users/staff122/deepfake_project/outputs_deepfake_project/dfdc_subset_77_jpg/test/fake/fake_001282.jpg,fake,test,1,0.9940598011016846,1,clean,medium
/media/D1/ait_users/staff122/deepfake_project/outputs_deepfake_project/dfdc_subset_77_jpg/test/fake/fake_001283.jpg,fake,test,1,0.998955488204956,1,clean,medium
/media/D1/ait_users/staff122/deepfake_project/outputs_deepfake_project/dfdc_subset_77_jpg/test/fake/fake_001284.jpg,fake,test,1,0.998506486415863,1,clean,medium
/media/D1/ait_users/staff122/deepfake_project/outputs_deepfake_project/dfdc_subset_77_jpg/test/fake/fake_001285.jpg,fake,test,1,0.9970144033432007,1,clean,medium
/media/D1/ait_users/staff122/deepfake_project/outputs_deepfake_project/dfdc_subset_77_jpg/test/fake/fake_001286.jpg,fake,test,1,0.9985339641571045,1,clean,medium
/media/D1/ait_users/staff122/deepfake_project/outputs_deepfake_project/dfdc_subset_77_jpg/test/fake/fake_001287.jpg,fake,test,1,0.9987515211105347,1,clean,medium
/media/D1/ait_users/staff122/deepfake_project/outputs_deepfake_project/dfdc_subset_77_jpg/test/fake/fake_001288.jpg,fake,test,1,0.9990997314453125,1,clean,medium
/media/D1/ait_users/staff122/deepfake_project/outputs_deepfake_project/dfdc_subset_77_jpg/test/fake/fake_001289.jpg,fake,test,1,0.9983519315719604,1,clean,medium
/media/D1/ait_users/staff122/deepfake_project/outputs_deepfake_project/dfdc_subset_77_jpg/test/fake/fake_001290.jpg,fake,test,1,0.9960154891014099,1,clean,medium
/media/D1/ait_users/staff122/deepfake_project/outputs_deepfake_project/dfdc_subset_77_jpg/test/fake/fake_001291.jpg,fake,test,1,0.993137001991272,1,clean,medium
/media/D1/ait_users/staff122/deepfake_project/outputs_deepfake_project/dfdc_subset_77_jpg/test/fake/fake_001292.jpg,fake,test,1,0.9960281848907471,1,clean,medium
/media/D1/ait_users/staff122/deepfake_project/outputs_deepfake_project/dfdc_subset_77_jpg/test/fake/fake_001293.jpg,fake,test,1,0.9988335967063904,1,clean,medium
/media/D1/ait_users/staff122/deepfake_project/outputs_deepfake_project/dfdc_subset_77_jpg/test/fake/fake_001294.jpg,fake,test,1,0.9990168809890747,1,clean,medium
/media/D1/ait_users/staff122/deepfake_project/outputs_deepfake_project/dfdc_subset_77_jpg/test/fake/fake_001295.jpg,fake,test,1,0.9992257356643677,1,clean,medium
/media/D1/ait_users/staff122/deepfake_project/outputs_deepfake_project/dfdc_subset_77_jpg/test/fake/fake_001296.jpg,fake,test,1,0.9983108043670654,1,clean,medium
/media/D1/ait_users/staff122/deepfake_project/outputs_deepfake_project/dfdc_subset_77_jpg/test/fake/fake_001297.jpg,fake,test,1,0.9966901540756226,1,clean,medium
/media/D1/ait_users/staff122/deepfake_project/outputs_deepfake_project/dfdc_subset_77_jpg/test/fake/fake_001298.jpg,fake,test,1,0.9939125776290894,1,clean,medium
/media/D1/ait_users/staff122/deepfake_project/outputs_deepfake_project/dfdc_subset_77_jpg/test/fake/fake_001299.jpg,fake,test,1,0.9833925366401672,1,clean,medium
/media/D1/ait_users/staff122/deepfake_project/outputs_deepfake_project/dfdc_subset_77_jpg/test/fake/fake_001300.jpg,fake,test,1,0.9983538389205933,1,clean,medium
/media/D1/ait_users/staff122/deepfake_project/outputs_deepfake_project/dfdc_subset_77_jpg/test/fake/fake_001301.jpg,fake,test,1,0.9887781739234924,1,clean,medium
/media/D1/ait_users/staff122/deepfake_project/outputs_deepfake_project/dfdc_subset_77_jpg/test/fake/fake_001302.jpg,fake,test,1,0.995831310749054,1,clean,medium
/media/D1/ait_users/staff122/deepfake_project/outputs_deepfake_project/dfdc_subset_77_jpg/test/fake/fake_001303.jpg,fake,test,1,0.9980486631393433,1,clean,medium
/media/D1/ait_users/staff122/deepfake_project/outputs_deepfake_project/dfdc_subset_77_jpg/test/fake/fake_001304.jpg,fake,test,1,0.9817829728126526,1,clean,medium
/media/D1/ait_users/staff122/deepfake_project/outputs_deepfake_project/dfdc_subset_77_jpg/test/fake/fake_001305.jpg,fake,test,1,0.9984294772148132,1,clean,medium
/media/D1/ait_users/staff122/deepfake_project/outputs_deepfake_project/dfdc_subset_77_jpg/test/fake/fake_001306.jpg,fake,test,1,0.9970073103904724,1,clean,medium
/media/D1/ait_users/staff122/deepfake_project/outputs_deepfake_project/dfdc_subset_77_jpg/test/fake/fake_001307.jpg,fake,test,1,0.9949325919151306,1,clean,medium
/media/D1/ait_users/staff122/deepfake_project/outputs_deepfake_project/dfdc_subset_77_jpg/test/fake/fake_001308.jpg,fake,test,1,0.9956960678100586,1,clean,medium
/media/D1/ait_users/staff122/deepfake_project/outputs_deepfake_project/dfdc_subset_77_jpg/test/fake/fake_001309.jpg,fake,test,1,0.9789108037948608,1,clean,medium
/media/D1/ait_users/staff122/deepfake_project/outputs_deepfake_project/dfdc_subset_77_jpg/test/fake/fake_001310.jpg,fake,test,1,0.9896433353424072,1,clean,medium
/media/D1/ait_users/staff122/deepfake_project/outputs_deepfake_project/dfdc_subset_77_jpg/test/fake/fake_001311.jpg,fake,test,1,0.9910180568695068,1,clean,medium
/media/D1/ait_users/staff122/deepfake_project/outputs_deepfake_project/dfdc_subset_77_jpg/test/fake/fake_001312.jpg,fake,test,1,0.1610136181116104,0,clean,medium
/media/D1/ait_users/staff122/deepfake_project/outputs_deepfake_project/dfdc_subset_77_jpg/test/fake/fake_001313.jpg,fake,test,1,0.14160893857479095,0,clean,medium
/media/D1/ait_users/staff122/deepfake_project/outputs_deepfake_project/dfdc_subset_77_jpg/test/fake/fake_001314.jpg,fake,test,1,0.16791850328445435,0,clean,medium
/media/D1/ait_users/staff122/deepfake_project/outputs_deepfake_project/dfdc_subset_77_jpg/test/fake/fake_001315.jpg,fake,test,1,0.32465219497680664,0,clean,medium
/media/D1/ait_users/staff122/deepfake_project/outputs_deepfake_project/dfdc_subset_77_jpg/test/fake/fake_001316.jpg,fake,test,1,0.0492793433368206,0,clean,medium
/media/D1/ait_users/staff122/deepfake_project/outputs_deepfake_project/dfdc_subset_77_jpg/test/fake/fake_001317.jpg,fake,test,1,0.8224785923957825,1,clean,medium
/media/D1/ait_users/staff122/deepfake_project/outputs_deepfake_project/dfdc_subset_77_jpg/test/fake/fake_001318.jpg,fake,test,1,0.7276540994644165,1,clean,medium
/media/D1/ait_users/staff122/deepfake_project/outputs_deepfake_project/dfdc_subset_77_jpg/test/fake/fake_001319.jpg,fake,test,1,0.8494786024093628,1,clean,medium
/media/D1/ait_users/staff122/deepfake_project/outputs_deepfake_project/dfdc_subset_77_jpg/test/fake/fake_001320.jpg,fake,test,1,0.8439826965332031,1,clean,medium
/media/D1/ait_users/staff122/deepfake_project/outputs_deepfake_project/dfdc_subset_77_jpg/test/fake/fake_001321.jpg,fake,test,1,0.8499099612236023,1,clean,medium
/media/D1/ait_users/staff122/deepfake_project/outputs_deepfake_project/dfdc_subset_77_jpg/test/fake/fake_001322.jpg,fake,test,1,0.6309775710105896,1,clean,medium
/media/D1/ait_users/staff122/deepfake_project/outputs_deepfake_project/dfdc_subset_77_jpg/test/fake/fake_001323.jpg,fake,test,1,0.697674572467804,1,clean,medium
/media/D1/ait_users/staff122/deepfake_project/outputs_deepfake_project/dfdc_subset_77_jpg/test/fake/fake_001324.jpg,fake,test,1,0.8473420143127441,1,clean,medium
/media/D1/ait_users/staff122/deepfake_project/outputs_deepfake_project/dfdc_subset_77_jpg/test/fake/fake_001325.jpg,fake,test,1,0.8997645974159241,1,clean,medium
/media/D1/ait_users/staff122/deepfake_project/outputs_deepfake_project/dfdc_subset_77_jpg/test/fake/fake_001326.jpg,fake,test,1,0.8318096399307251,1,clean,medium
/media/D1/ait_users/staff122/deepfake_project/outputs_deepfake_project/dfdc_subset_77_jpg/test/fake/fake_001327.jpg,fake,test,1,0.8635421991348267,1,clean,medium
/media/D1/ait_users/staff122/deepfake_project/outputs_deepfake_project/dfdc_subset_77_jpg/test/fake/fake_001328.jpg,fake,test,1,0.9015101790428162,1,clean,medium
/media/D1/ait_users/staff122/deepfake_project/outputs_deepfake_project/dfdc_subset_77_jpg/test/fake/fake_001329.jpg,fake,test,1,0.9437435269355774,1,clean,medium
/media/D1/ait_users/staff122/deepfake_project/outputs_deepfake_project/dfdc_subset_77_jpg/test/fake/fake_001330.jpg,fake,test,1,0.30012083053588867,0,clean,medium
/media/D1/ait_users/staff122/deepfake_project/outputs_deepfake_project/dfdc_subset_77_jpg/test/fake/fake_001331.jpg,fake,test,1,0.3302435576915741,0,clean,medium
/media/D1/ait_users/staff122/deepfake_project/outputs_deepfake_project/dfdc_subset_77_jpg/test/fake/fake_001332.jpg,fake,test,1,0.900649905204773,1,clean,medium
/media/D1/ait_users/staff122/deepfake_project/outputs_deepfake_project/dfdc_subset_77_jpg/test/fake/fake_001333.jpg,fake,test,1,0.8348531723022461,1,clean,medium
/media/D1/ait_users/staff122/deepfake_project/outputs_deepfake_project/dfdc_subset_77_jpg/test/fake/fake_001334.jpg,fake,test,1,0.6910713911056519,1,clean,medium
/media/D1/ait_users/staff122/deepfake_project/outputs_deepfake_project/dfdc_subset_77_jpg/test/fake/fake_001335.jpg,fake,test,1,0.4552568197250366,0,clean,medium
/media/D1/ait_users/staff122/deepfake_project/outputs_deepfake_project/dfdc_subset_77_jpg/test/fake/fake_001336.jpg,fake,test,1,0.33339062333106995,0,clean,medium
/media/D1/ait_users/staff122/deepfake_project/outputs_deepfake_project/dfdc_subset_77_jpg/test/fake/fake_001337.jpg,fake,test,1,0.2882799506187439,0,clean,medium
/media/D1/ait_users/staff122/deepfake_project/outputs_deepfake_project/dfdc_subset_77_jpg/test/fake/fake_001338.jpg,fake,test,1,0.8526495099067688,1,clean,medium
/media/D1/ait_users/staff122/deepfake_project/outputs_deepfake_project/dfdc_subset_77_jpg/test/fake/fake_001339.jpg,fake,test,1,0.9806663393974304,1,clean,medium
/media/D1/ait_users/staff122/deepfake_project/outputs_deepfake_project/dfdc_subset_77_jpg/test/fake/fake_001340.jpg,fake,test,1,0.35056212544441223,0,clean,medium
/media/D1/ait_users/staff122/deepfake_project/outputs_deepfake_project/dfdc_subset_77_jpg/test/fake/fake_001341.jpg,fake,test,1,0.32828351855278015,0,clean,medium
/media/D1/ait_users/staff122/deepfake_project/outputs_deepfake_project/dfdc_subset_77_jpg/test/fake/fake_001342.jpg,fake,test,1,0.6118006110191345,1,clean,medium
/media/D1/ait_users/staff122/deepfake_project/outputs_deepfake_project/dfdc_subset_77_jpg/test/fake/fake_001343.jpg,fake,test,1,0.8586922287940979,1,clean,medium
/media/D1/ait_users/staff122/deepfake_project/outputs_deepfake_project/dfdc_subset_77_jpg/test/fake/fake_001344.jpg,fake,test,1,0.21243420243263245,0,clean,medium
/media/D1/ait_users/staff122/deepfake_project/outputs_deepfake_project/dfdc_subset_77_jpg/test/fake/fake_001345.jpg,fake,test,1,0.3080700933933258,0,clean,medium
/media/D1/ait_users/staff122/deepfake_project/outputs_deepfake_project/dfdc_subset_77_jpg/test/fake/fake_001346.jpg,fake,test,1,0.02969784289598465,0,clean,medium
/media/D1/ait_users/staff122/deepfake_project/outputs_deepfake_project/dfdc_subset_77_jpg/test/fake/fake_001347.jpg,fake,test,1,0.24259310960769653,0,clean,medium
/media/D1/ait_users/staff122/deepfake_project/outputs_deepfake_project/dfdc_subset_77_jpg/test/fake/fake_001348.jpg,fake,test,1,0.2525274455547333,0,clean,medium
/media/D1/ait_users/staff122/deepfake_project/outputs_deepfake_project/dfdc_subset_77_jpg/test/fake/fake_001349.jpg,fake,test,1,0.018185002729296684,0,clean,medium
/media/D1/ait_users/staff122/deepfake_project/outputs_deepfake_project/dfdc_subset_77_jpg/test/fake/fake_001350.jpg,fake,test,1,0.07960322499275208,0,clean,medium
/media/D1/ait_users/staff122/deepfake_project/outputs_deepfake_project/dfdc_subset_77_jpg/test/fake/fake_001351.jpg,fake,test,1,0.2841690480709076,0,clean,medium
/media/D1/ait_users/staff122/deepfake_project/outputs_deepfake_project/dfdc_subset_77_jpg/test/fake/fake_001352.jpg,fake,test,1,0.11979866772890091,0,clean,medium
/media/D1/ait_users/staff122/deepfake_project/outputs_deepfake_project/dfdc_subset_77_jpg/test/fake/fake_001353.jpg,fake,test,1,0.08759242296218872,0,clean,medium
/media/D1/ait_users/staff122/deepfake_project/outputs_deepfake_project/dfdc_subset_77_jpg/test/fake/fake_001354.jpg,fake,test,1,0.04351462051272392,0,clean,medium
/media/D1/ait_users/staff122/deepfake_project/outputs_deepfake_project/dfdc_subset_77_jpg/test/fake/fake_001355.jpg,fake,test,1,0.05663337931036949,0,clean,medium
/media/D1/ait_users/staff122/deepfake_project/outputs_deepfake_project/dfdc_subset_77_jpg/test/fake/fake_001356.jpg,fake,test,1,0.023533713072538376,0,clean,medium
/media/D1/ait_users/staff122/deepfake_project/outputs_deepfake_project/dfdc_subset_77_jpg/test/fake/fake_001357.jpg,fake,test,1,0.009826513938605785,0,clean,medium
/media/D1/ait_users/staff122/deepfake_project/outputs_deepfake_project/dfdc_subset_77_jpg/test/fake/fake_001358.jpg,fake,test,1,0.02525811642408371,0,clean,medium
/media/D1/ait_users/staff122/deepfake_project/outputs_deepfake_project/dfdc_subset_77_jpg/test/fake/fake_001359.jpg,fake,test,1,0.022299854084849358,0,clean,medium
/media/D1/ait_users/staff122/deepfake_project/outputs_deepfake_project/dfdc_subset_77_jpg/test/fake/fake_001360.jpg,fake,test,1,0.5286402702331543,1,clean,medium
/media/D1/ait_users/staff122/deepfake_project/outputs_deepfake_project/dfdc_subset_77_jpg/test/fake/fake_001361.jpg,fake,test,1,0.4505353569984436,0,clean,medium
/media/D1/ait_users/staff122/deepfake_project/outputs_deepfake_project/dfdc_subset_77_jpg/test/fake/fake_001362.jpg,fake,test,1,0.5373733639717102,1,clean,medium
/media/D1/ait_users/staff122/deepfake_project/outputs_deepfake_project/dfdc_subset_77_jpg/test/fake/fake_001363.jpg,fake,test,1,0.5799897909164429,1,clean,medium
/media/D1/ait_users/staff122/deepfake_project/outputs_deepfake_project/dfdc_subset_77_jpg/test/fake/fake_001364.jpg,fake,test,1,0.24971085786819458,0,clean,medium
/media/D1/ait_users/staff122/deepfake_project/outputs_deepfake_project/dfdc_subset_77_jpg/test/fake/fake_001365.jpg,fake,test,1,0.046134885400533676,0,clean,medium
/media/D1/ait_users/staff122/deepfake_project/outputs_deepfake_project/dfdc_subset_77_jpg/test/fake/fake_001366.jpg,fake,test,1,0.10099951177835464,0,clean,medium
/media/D1/ait_users/staff122/deepfake_project/outputs_deepfake_project/dfdc_subset_77_jpg/test/fake/fake_001367.jpg,fake,test,1,0.0536576546728611,0,clean,medium
/media/D1/ait_users/staff122/deepfake_project/outputs_deepfake_project/dfdc_subset_77_jpg/test/fake/fake_001368.jpg,fake,test,1,0.1100400909781456,0,clean,medium
/media/D1/ait_users/staff122/deepfake_project/outputs_deepfake_project/dfdc_subset_77_jpg/test/fake/fake_001369.jpg,fake,test,1,0.3724673390388489,0,clean,medium
/media/D1/ait_users/staff122/deepfake_project/outputs_deepfake_project/dfdc_subset_77_jpg/test/fake/fake_001370.jpg,fake,test,1,0.15133272111415863,0,clean,medium
/media/D1/ait_users/staff122/deepfake_project/outputs_deepfake_project/dfdc_subset_77_jpg/test/fake/fake_001371.jpg,fake,test,1,0.2039649784564972,0,clean,medium
/media/D1/ait_users/staff122/deepfake_project/outputs_deepfake_project/dfdc_subset_77_jpg/test/fake/fake_001372.jpg,fake,test,1,0.19394488632678986,0,clean,medium
/media/D1/ait_users/staff122/deepfake_project/outputs_deepfake_project/dfdc_subset_77_jpg/test/fake/fake_001373.jpg,fake,test,1,0.42440560460090637,0,clean,medium
/media/D1/ait_users/staff122/deepfake_project/outputs_deepfake_project/dfdc_subset_77_jpg/test/fake/fake_001374.jpg,fake,test,1,0.034342359751462936,0,clean,medium
/media/D1/ait_users/staff122/deepfake_project/outputs_deepfake_project/dfdc_subset_77_jpg/test/fake/fake_001375.jpg,fake,test,1,0.033344630151987076,0,clean,medium
/media/D1/ait_users/staff122/deepfake_project/outputs_deepfake_project/dfdc_subset_77_jpg/test/fake/fake_001376.jpg,fake,test,1,0.2543196976184845,0,clean,medium
/media/D1/ait_users/staff122/deepfake_project/outputs_deepfake_project/dfdc_subset_77_jpg/test/fake/fake_001377.jpg,fake,test,1,0.4509895443916321,0,clean,medium
/media/D1/ait_users/staff122/deepfake_project/outputs_deepfake_project/dfdc_subset_77_jpg/test/fake/fake_001378.jpg,fake,test,1,0.3528478145599365,0,clean,medium
/media/D1/ait_users/staff122/deepfake_project/outputs_deepfake_project/dfdc_subset_77_jpg/test/fake/fake_001379.jpg,fake,test,1,0.30392515659332275,0,clean,medium
/media/D1/ait_users/staff122/deepfake_project/outputs_deepfake_project/dfdc_subset_77_jpg/test/fake/fake_001380.jpg,fake,test,1,0.4690912663936615,0,clean,medium
/media/D1/ait_users/staff122/deepfake_project/outputs_deepfake_project/dfdc_subset_77_jpg/test/fake/fake_001381.jpg,fake,test,1,0.6935098767280579,1,clean,medium
/media/D1/ait_users/staff122/deepfake_project/outputs_deepfake_project/dfdc_subset_77_jpg/test/fake/fake_001382.jpg,fake,test,1,0.49529507756233215,0,clean,medium
/media/D1/ait_users/staff122/deepfake_project/outputs_deepfake_project/dfdc_subset_77_jpg/test/fake/fake_001383.jpg,fake,test,1,0.7094122171401978,1,clean,medium
/media/D1/ait_users/staff122/deepfake_project/outputs_deepfake_project/dfdc_subset_77_jpg/test/fake/fake_001384.jpg,fake,test,1,0.4923346936702728,0,clean,medium
/media/D1/ait_users/staff122/deepfake_project/outputs_deepfake_project/dfdc_subset_77_jpg/test/fake/fake_001385.jpg,fake,test,1,0.5874328017234802,1,clean,medium
/media/D1/ait_users/staff122/deepfake_project/outputs_deepfake_project/dfdc_subset_77_jpg/test/fake/fake_001386.jpg,fake,test,1,0.48360195755958557,0,clean,medium
/media/D1/ait_users/staff122/deepfake_project/outputs_deepfake_project/dfdc_subset_77_jpg/test/fake/fake_001387.jpg,fake,test,1,0.402575820684433,0,clean,medium
/media/D1/ait_users/staff122/deepfake_project/outputs_deepfake_project/dfdc_subset_77_jpg/test/fake/fake_001388.jpg,fake,test,1,0.2975797951221466,0,clean,medium
/media/D1/ait_users/staff122/deepfake_project/outputs_deepfake_project/dfdc_subset_77_jpg/test/fake/fake_001389.jpg,fake,test,1,0.20200581848621368,0,clean,medium
/media/D1/ait_users/staff122/deepfake_project/outputs_deepfake_project/dfdc_subset_77_jpg/test/fake/fake_001390.jpg,fake,test,1,0.21849548816680908,0,clean,medium
/media/D1/ait_users/staff122/deepfake_project/outputs_deepfake_project/dfdc_subset_77_jpg/test/fake/fake_001391.jpg,fake,test,1,0.13006794452667236,0,clean,medium
/media/D1/ait_users/staff122/deepfake_project/outputs_deepfake_project/dfdc_subset_77_jpg/test/fake/fake_001392.jpg,fake,test,1,0.137823224067688,0,clean,medium
/media/D1/ait_users/staff122/deepfake_project/outputs_deepfake_project/dfdc_subset_77_jpg/test/fake/fake_001393.jpg,fake,test,1,0.11794700473546982,0,clean,medium
/media/D1/ait_users/staff122/deepfake_project/outputs_deepfake_project/dfdc_subset_77_jpg/test/fake/fake_001394.jpg,fake,test,1,0.13576912879943848,0,clean,medium
/media/D1/ait_users/staff122/deepfake_project/outputs_deepfake_project/dfdc_subset_77_jpg/test/fake/fake_001395.jpg,fake,test,1,0.05756155773997307,0,clean,medium
/media/D1/ait_users/staff122/deepfake_project/outputs_deepfake_project/dfdc_subset_77_jpg/test/fake/fake_001396.jpg,fake,test,1,0.09370509535074234,0,clean,medium
/media/D1/ait_users/staff122/deepfake_project/outputs_deepfake_project/dfdc_subset_77_jpg/test/fake/fake_001397.jpg,fake,test,1,0.7730745673179626,1,clean,medium
/media/D1/ait_users/staff122/deepfake_project/outputs_deepfake_project/dfdc_subset_77_jpg/test/fake/fake_001398.jpg,fake,test,1,0.7855976819992065,1,clean,medium
/media/D1/ait_users/staff122/deepfake_project/outputs_deepfake_project/dfdc_subset_77_jpg/test/fake/fake_001399.jpg,fake,test,1,0.3348676562309265,0,clean,medium
/media/D1/ait_users/staff122/deepfake_project/outputs_deepfake_project/dfdc_subset_77_jpg/test/fake/fake_001400.jpg,fake,test,1,0.22437657415866852,0,clean,medium
/media/D1/ait_users/staff122/deepfake_project/outputs_deepfake_project/dfdc_subset_77_jpg/test/fake/fake_001401.jpg,fake,test,1,0.39043673872947693,0,clean,medium
/media/D1/ait_users/staff122/deepfake_project/outputs_deepfake_project/dfdc_subset_77_jpg/test/fake/fake_001402.jpg,fake,test,1,0.5960819125175476,1,clean,medium
/media/D1/ait_users/staff122/deepfake_project/outputs_deepfake_project/dfdc_subset_77_jpg/test/fake/fake_001403.jpg,fake,test,1,0.5731657147407532,1,clean,medium
/media/D1/ait_users/staff122/deepfake_project/outputs_deepfake_project/dfdc_subset_77_jpg/test/fake/fake_001404.jpg,fake,test,1,0.4482252299785614,0,clean,medium
/media/D1/ait_users/staff122/deepfake_project/outputs_deepfake_project/dfdc_subset_77_jpg/test/fake/fake_001405.jpg,fake,test,1,0.41314002871513367,0,clean,medium
/media/D1/ait_users/staff122/deepfake_project/outputs_deepfake_project/dfdc_subset_77_jpg/test/fake/fake_001406.jpg,fake,test,1,0.5051053166389465,1,clean,medium
/media/D1/ait_users/staff122/deepfake_project/outputs_deepfake_project/dfdc_subset_77_jpg/test/fake/fake_001407.jpg,fake,test,1,0.47747015953063965,0,clean,medium
/media/D1/ait_users/staff122/deepfake_project/outputs_deepfake_project/dfdc_subset_77_jpg/test/fake/fake_001408.jpg,fake,test,1,0.9108110666275024,1,clean,medium
/media/D1/ait_users/staff122/deepfake_project/outputs_deepfake_project/dfdc_subset_77_jpg/test/fake/fake_001409.jpg,fake,test,1,0.869401216506958,1,clean,medium
/media/D1/ait_users/staff122/deepfake_project/outputs_deepfake_project/dfdc_subset_77_jpg/test/fake/fake_001410.jpg,fake,test,1,0.39213263988494873,0,clean,medium
/media/D1/ait_users/staff122/deepfake_project/outputs_deepfake_project/dfdc_subset_77_jpg/test/fake/fake_001411.jpg,fake,test,1,0.8390690684318542,1,clean,medium
/media/D1/ait_users/staff122/deepfake_project/outputs_deepfake_project/dfdc_subset_77_jpg/test/fake/fake_001412.jpg,fake,test,1,0.9344004392623901,1,clean,medium
/media/D1/ait_users/staff122/deepfake_project/outputs_deepfake_project/dfdc_subset_77_jpg/test/fake/fake_001413.jpg,fake,test,1,0.898421585559845,1,clean,medium
/media/D1/ait_users/staff122/deepfake_project/outputs_deepfake_project/dfdc_subset_77_jpg/test/fake/fake_001414.jpg,fake,test,1,0.9544803500175476,1,clean,medium
/media/D1/ait_users/staff122/deepfake_project/outputs_deepfake_project/dfdc_subset_77_jpg/test/fake/fake_001415.jpg,fake,test,1,0.9122448563575745,1,clean,medium
/media/D1/ait_users/staff122/deepfake_project/outputs_deepfake_project/dfdc_subset_77_jpg/test/fake/fake_001416.jpg,fake,test,1,0.86760014295578,1,clean,medium
/media/D1/ait_users/staff122/deepfake_project/outputs_deepfake_project/dfdc_subset_77_jpg/test/fake/fake_001417.jpg,fake,test,1,0.9182334542274475,1,clean,medium
/media/D1/ait_users/staff122/deepfake_project/outputs_deepfake_project/dfdc_subset_77_jpg/test/fake/fake_001418.jpg,fake,test,1,0.8775463104248047,1,clean,medium
/media/D1/ait_users/staff122/deepfake_project/outputs_deepfake_project/dfdc_subset_77_jpg/test/fake/fake_001419.jpg,fake,test,1,0.8885788321495056,1,clean,medium
/media/D1/ait_users/staff122/deepfake_project/outputs_deepfake_project/dfdc_subset_77_jpg/test/fake/fake_001420.jpg,fake,test,1,0.8225951194763184,1,clean,medium
/media/D1/ait_users/staff122/deepfake_project/outputs_deepfake_project/dfdc_subset_77_jpg/test/fake/fake_001421.jpg,fake,test,1,0.6505688428878784,1,clean,medium
/media/D1/ait_users/staff122/deepfake_project/outputs_deepfake_project/dfdc_subset_77_jpg/test/fake/fake_001422.jpg,fake,test,1,0.6513749361038208,1,clean,medium
/media/D1/ait_users/staff122/deepfake_project/outputs_deepfake_project/dfdc_subset_77_jpg/test/fake/fake_001423.jpg,fake,test,1,0.7926117181777954,1,clean,medium
/media/D1/ait_users/staff122/deepfake_project/outputs_deepfake_project/dfdc_subset_77_jpg/test/fake/fake_001424.jpg,fake,test,1,0.7999954223632812,1,clean,medium
/media/D1/ait_users/staff122/deepfake_project/outputs_deepfake_project/dfdc_subset_77_jpg/test/fake/fake_001425.jpg,fake,test,1,0.7711772918701172,1,clean,medium
/media/D1/ait_users/staff122/deepfake_project/outputs_deepfake_project/dfdc_subset_77_jpg/test/fake/fake_001426.jpg,fake,test,1,0.854978621006012,1,clean,medium
/media/D1/ait_users/staff122/deepfake_project/outputs_deepfake_project/dfdc_subset_77_jpg/test/fake/fake_001427.jpg,fake,test,1,0.8901109099388123,1,clean,medium
/media/D1/ait_users/staff122/deepfake_project/outputs_deepfake_project/dfdc_subset_77_jpg/test/fake/fake_001428.jpg,fake,test,1,0.8813664317131042,1,clean,medium
/media/D1/ait_users/staff122/deepfake_project/outputs_deepfake_project/dfdc_subset_77_jpg/test/fake/fake_001429.jpg,fake,test,1,0.9198740124702454,1,clean,medium
/media/D1/ait_users/staff122/deepfake_project/outputs_deepfake_project/dfdc_subset_77_jpg/test/fake/fake_001430.jpg,fake,test,1,0.9219892621040344,1,clean,medium
/media/D1/ait_users/staff122/deepfake_project/outputs_deepfake_project/dfdc_subset_77_jpg/test/fake/fake_001431.jpg,fake,test,1,0.8726640343666077,1,clean,medium
/media/D1/ait_users/staff122/deepfake_project/outputs_deepfake_project/dfdc_subset_77_jpg/test/fake/fake_001432.jpg,fake,test,1,0.9267563223838806,1,clean,medium
/media/D1/ait_users/staff122/deepfake_project/outputs_deepfake_project/dfdc_subset_77_jpg/test/fake/fake_001433.jpg,fake,test,1,0.9246032238006592,1,clean,medium
/media/D1/ait_users/staff122/deepfake_project/outputs_deepfake_project/dfdc_subset_77_jpg/test/fake/fake_001434.jpg,fake,test,1,0.8307214975357056,1,clean,medium
/media/D1/ait_users/staff122/deepfake_project/outputs_deepfake_project/dfdc_subset_77_jpg/test/fake/fake_001435.jpg,fake,test,1,0.9738983511924744,1,clean,medium
/media/D1/ait_users/staff122/deepfake_project/outputs_deepfake_project/dfdc_subset_77_jpg/test/fake/fake_001436.jpg,fake,test,1,0.889415979385376,1,clean,medium
/media/D1/ait_users/staff122/deepfake_project/outputs_deepfake_project/dfdc_subset_77_jpg/test/fake/fake_001437.jpg,fake,test,1,0.9631049036979675,1,clean,medium
/media/D1/ait_users/staff122/deepfake_project/outputs_deepfake_project/dfdc_subset_77_jpg/test/fake/fake_001438.jpg,fake,test,1,0.8296801447868347,1,clean,medium
/media/D1/ait_users/staff122/deepfake_project/outputs_deepfake_project/dfdc_subset_77_jpg/test/fake/fake_001439.jpg,fake,test,1,0.7506750822067261,1,clean,medium
/media/D1/ait_users/staff122/deepfake_project/outputs_deepfake_project/dfdc_subset_77_jpg/test/fake/fake_001440.jpg,fake,test,1,0.503160297870636,1,clean,medium
/media/D1/ait_users/staff122/deepfake_project/outputs_deepfake_project/dfdc_subset_77_jpg/test/fake/fake_001441.jpg,fake,test,1,0.014224826358258724,0,clean,medium
/media/D1/ait_users/staff122/deepfake_project/outputs_deepfake_project/dfdc_subset_77_jpg/test/fake/fake_001442.jpg,fake,test,1,0.006330643314868212,0,clean,medium
/media/D1/ait_users/staff122/deepfake_project/outputs_deepfake_project/dfdc_subset_77_jpg/test/fake/fake_001443.jpg,fake,test,1,0.026695406064391136,0,clean,medium
/media/D1/ait_users/staff122/deepfake_project/outputs_deepfake_project/dfdc_subset_77_jpg/test/fake/fake_001444.jpg,fake,test,1,0.013003092259168625,0,clean,medium
/media/D1/ait_users/staff122/deepfake_project/outputs_deepfake_project/dfdc_subset_77_jpg/test/fake/fake_001445.jpg,fake,test,1,0.18422964215278625,0,clean,medium
/media/D1/ait_users/staff122/deepfake_project/outputs_deepfake_project/dfdc_subset_77_jpg/test/fake/fake_001446.jpg,fake,test,1,0.009579543024301529,0,clean,medium
/media/D1/ait_users/staff122/deepfake_project/outputs_deepfake_project/dfdc_subset_77_jpg/test/fake/fake_001447.jpg,fake,test,1,0.05998649820685387,0,clean,medium
/media/D1/ait_users/staff122/deepfake_project/outputs_deepfake_project/dfdc_subset_77_jpg/test/fake/fake_001448.jpg,fake,test,1,0.0703638345003128,0,clean,medium
/media/D1/ait_users/staff122/deepfake_project/outputs_deepfake_project/dfdc_subset_77_jpg/test/fake/fake_001449.jpg,fake,test,1,0.0780818983912468,0,clean,medium
/media/D1/ait_users/staff122/deepfake_project/outputs_deepfake_project/dfdc_subset_77_jpg/test/fake/fake_001450.jpg,fake,test,1,0.4663340151309967,0,clean,medium
/media/D1/ait_users/staff122/deepfake_project/outputs_deepfake_project/dfdc_subset_77_jpg/test/fake/fake_001451.jpg,fake,test,1,0.2979172468185425,0,clean,medium
/media/D1/ait_users/staff122/deepfake_project/outputs_deepfake_project/dfdc_subset_77_jpg/test/fake/fake_001452.jpg,fake,test,1,0.04165893793106079,0,clean,medium
/media/D1/ait_users/staff122/deepfake_project/outputs_deepfake_project/dfdc_subset_77_jpg/test/fake/fake_001453.jpg,fake,test,1,0.02575395256280899,0,clean,medium
/media/D1/ait_users/staff122/deepfake_project/outputs_deepfake_project/dfdc_subset_77_jpg/test/fake/fake_001454.jpg,fake,test,1,0.02898450940847397,0,clean,medium
/media/D1/ait_users/staff122/deepfake_project/outputs_deepfake_project/dfdc_subset_77_jpg/test/fake/fake_001455.jpg,fake,test,1,0.03164291009306908,0,clean,medium
/media/D1/ait_users/staff122/deepfake_project/outputs_deepfake_project/dfdc_subset_77_jpg/test/fake/fake_001456.jpg,fake,test,1,0.06359486281871796,0,clean,medium
/media/D1/ait_users/staff122/deepfake_project/outputs_deepfake_project/dfdc_subset_77_jpg/test/fake/fake_001457.jpg,fake,test,1,0.26830846071243286,0,clean,medium
/media/D1/ait_users/staff122/deepfake_project/outputs_deepfake_project/dfdc_subset_77_jpg/test/fake/fake_001458.jpg,fake,test,1,0.06562282890081406,0,clean,medium
/media/D1/ait_users/staff122/deepfake_project/outputs_deepfake_project/dfdc_subset_77_jpg/test/fake/fake_001459.jpg,fake,test,1,0.07867121696472168,0,clean,medium
/media/D1/ait_users/staff122/deepfake_project/outputs_deepfake_project/dfdc_subset_77_jpg/test/fake/fake_001460.jpg,fake,test,1,0.17241565883159637,0,clean,medium
/media/D1/ait_users/staff122/deepfake_project/outputs_deepfake_project/dfdc_subset_77_jpg/test/fake/fake_001461.jpg,fake,test,1,0.010912641882896423,0,clean,medium
/media/D1/ait_users/staff122/deepfake_project/outputs_deepfake_project/dfdc_subset_77_jpg/test/fake/fake_001462.jpg,fake,test,1,0.21152527630329132,0,clean,medium
/media/D1/ait_users/staff122/deepfake_project/outputs_deepfake_project/dfdc_subset_77_jpg/test/fake/fake_001463.jpg,fake,test,1,0.2502647638320923,0,clean,medium
/media/D1/ait_users/staff122/deepfake_project/outputs_deepfake_project/dfdc_subset_77_jpg/test/fake/fake_001464.jpg,fake,test,1,0.09874150902032852,0,clean,medium
/media/D1/ait_users/staff122/deepfake_project/outputs_deepfake_project/dfdc_subset_77_jpg/test/fake/fake_001465.jpg,fake,test,1,0.47006163001060486,0,clean,medium
/media/D1/ait_users/staff122/deepfake_project/outputs_deepfake_project/dfdc_subset_77_jpg/test/fake/fake_001466.jpg,fake,test,1,0.28102031350135803,0,clean,medium
/media/D1/ait_users/staff122/deepfake_project/outputs_deepfake_project/dfdc_subset_77_jpg/test/fake/fake_001467.jpg,fake,test,1,0.24760977923870087,0,clean,medium
/media/D1/ait_users/staff122/deepfake_project/outputs_deepfake_project/dfdc_subset_77_jpg/test/fake/fake_001468.jpg,fake,test,1,0.14177177846431732,0,clean,medium
/media/D1/ait_users/staff122/deepfake_project/outputs_deepfake_project/dfdc_subset_77_jpg/test/fake/fake_001469.jpg,fake,test,1,0.07298294454813004,0,clean,medium
/media/D1/ait_users/staff122/deepfake_project/outputs_deepfake_project/dfdc_subset_77_jpg/test/fake/fake_001470.jpg,fake,test,1,0.2701365649700165,0,clean,medium
/media/D1/ait_users/staff122/deepfake_project/outputs_deepfake_project/dfdc_subset_77_jpg/test/fake/fake_001471.jpg,fake,test,1,0.09419245272874832,0,clean,medium
/media/D1/ait_users/staff122/deepfake_project/outputs_deepfake_project/dfdc_subset_77_jpg/test/fake/fake_001472.jpg,fake,test,1,0.0078079286031425,0,clean,medium
/media/D1/ait_users/staff122/deepfake_project/outputs_deepfake_project/dfdc_subset_77_jpg/test/fake/fake_001473.jpg,fake,test,1,0.013084066100418568,0,clean,medium
/media/D1/ait_users/staff122/deepfake_project/outputs_deepfake_project/dfdc_subset_77_jpg/test/fake/fake_001474.jpg,fake,test,1,0.01102721318602562,0,clean,medium
/media/D1/ait_users/staff122/deepfake_project/outputs_deepfake_project/dfdc_subset_77_jpg/test/fake/fake_001475.jpg,fake,test,1,0.02692330814898014,0,clean,medium
/media/D1/ait_users/staff122/deepfake_project/outputs_deepfake_project/dfdc_subset_77_jpg/test/fake/fake_001476.jpg,fake,test,1,0.036582428961992264,0,clean,medium
/media/D1/ait_users/staff122/deepfake_project/outputs_deepfake_project/dfdc_subset_77_jpg/test/fake/fake_001477.jpg,fake,test,1,0.16329513490200043,0,clean,medium
/media/D1/ait_users/staff122/deepfake_project/outputs_deepfake_project/dfdc_subset_77_jpg/test/fake/fake_001478.jpg,fake,test,1,0.17262960970401764,0,clean,medium
/media/D1/ait_users/staff122/deepfake_project/outputs_deepfake_project/dfdc_subset_77_jpg/test/fake/fake_001479.jpg,fake,test,1,0.06483157724142075,0,clean,medium
/media/D1/ait_users/staff122/deepfake_project/outputs_deepfake_project/dfdc_subset_77_jpg/test/fake/fake_001480.jpg,fake,test,1,0.09952878206968307,0,clean,medium
/media/D1/ait_users/staff122/deepfake_project/outputs_deepfake_project/dfdc_subset_77_jpg/test/fake/fake_001481.jpg,fake,test,1,0.25667551159858704,0,clean,medium
/media/D1/ait_users/staff122/deepfake_project/outputs_deepfake_project/dfdc_subset_77_jpg/test/fake/fake_001482.jpg,fake,test,1,0.08205980807542801,0,clean,medium
/media/D1/ait_users/staff122/deepfake_project/outputs_deepfake_project/dfdc_subset_77_jpg/test/fake/fake_001483.jpg,fake,test,1,0.0999477431178093,0,clean,medium
/media/D1/ait_users/staff122/deepfake_project/outputs_deepfake_project/dfdc_subset_77_jpg/test/fake/fake_001484.jpg,fake,test,1,0.06075217202305794,0,clean,medium
/media/D1/ait_users/staff122/deepfake_project/outputs_deepfake_project/dfdc_subset_77_jpg/test/fake/fake_001485.jpg,fake,test,1,0.0700782835483551,0,clean,medium
/media/D1/ait_users/staff122/deepfake_project/outputs_deepfake_project/dfdc_subset_77_jpg/test/fake/fake_001486.jpg,fake,test,1,0.16501353681087494,0,clean,medium
/media/D1/ait_users/staff122/deepfake_project/outputs_deepfake_project/dfdc_subset_77_jpg/test/fake/fake_001487.jpg,fake,test,1,0.1258620321750641,0,clean,medium
/media/D1/ait_users/staff122/deepfake_project/outputs_deepfake_project/dfdc_subset_77_jpg/test/fake/fake_001488.jpg,fake,test,1,0.07189784198999405,0,clean,medium
/media/D1/ait_users/staff122/deepfake_project/outputs_deepfake_project/dfdc_subset_77_jpg/test/fake/fake_001489.jpg,fake,test,1,0.013730570673942566,0,clean,medium
/media/D1/ait_users/staff122/deepfake_project/outputs_deepfake_project/dfdc_subset_77_jpg/test/fake/fake_001490.jpg,fake,test,1,0.013957036659121513,0,clean,medium
/media/D1/ait_users/staff122/deepfake_project/outputs_deepfake_project/dfdc_subset_77_jpg/test/fake/fake_001491.jpg,fake,test,1,0.016159716993570328,0,clean,medium
/media/D1/ait_users/staff122/deepfake_project/outputs_deepfake_project/dfdc_subset_77_jpg/test/fake/fake_001492.jpg,fake,test,1,0.17482413351535797,0,clean,medium
/media/D1/ait_users/staff122/deepfake_project/outputs_deepfake_project/dfdc_subset_77_jpg/test/fake/fake_001493.jpg,fake,test,1,0.12181747704744339,0,clean,medium
/media/D1/ait_users/staff122/deepfake_project/outputs_deepfake_project/dfdc_subset_77_jpg/test/fake/fake_001494.jpg,fake,test,1,0.24530771374702454,0,clean,medium
/media/D1/ait_users/staff122/deepfake_project/outputs_deepfake_project/dfdc_subset_77_jpg/test/fake/fake_001495.jpg,fake,test,1,0.10138995200395584,0,clean,medium
/media/D1/ait_users/staff122/deepfake_project/outputs_deepfake_project/dfdc_subset_77_jpg/test/fake/fake_001496.jpg,fake,test,1,0.0035923465620726347,0,clean,medium
/media/D1/ait_users/staff122/deepfake_project/outputs_deepfake_project/dfdc_subset_77_jpg/test/fake/fake_001497.jpg,fake,test,1,0.007139827124774456,0,clean,medium
/media/D1/ait_users/staff122/deepfake_project/outputs_deepfake_project/dfdc_subset_77_jpg/test/fake/fake_001498.jpg,fake,test,1,0.04766343906521797,0,clean,medium
/media/D1/ait_users/staff122/deepfake_project/outputs_deepfake_project/dfdc_subset_77_jpg/test/fake/fake_001499.jpg,fake,test,1,0.038132719695568085,0,clean,medium
/media/D1/ait_users/staff122/deepfake_project/outputs_deepfake_project/dfdc_subset_77_jpg/test/fake/fake_001500.jpg,fake,test,1,0.03596334531903267,0,clean,medium
/media/D1/ait_users/staff122/deepfake_project/outputs_deepfake_project/dfdc_subset_77_jpg/test/fake/fake_001501.jpg,fake,test,1,0.020197616890072823,0,clean,medium
/media/D1/ait_users/staff122/deepfake_project/outputs_deepfake_project/dfdc_subset_77_jpg/test/fake/fake_001502.jpg,fake,test,1,0.019103504717350006,0,clean,medium
/media/D1/ait_users/staff122/deepfake_project/outputs_deepfake_project/dfdc_subset_77_jpg/test/fake/fake_001503.jpg,fake,test,1,0.019336333498358727,0,clean,medium
/media/D1/ait_users/staff122/deepfake_project/outputs_deepfake_project/dfdc_subset_77_jpg/test/fake/fake_001504.jpg,fake,test,1,0.008516487665474415,0,clean,medium
/media/D1/ait_users/staff122/deepfake_project/outputs_deepfake_project/dfdc_subset_77_jpg/test/fake/fake_001505.jpg,fake,test,1,0.00862249918282032,0,clean,medium
/media/D1/ait_users/staff122/deepfake_project/outputs_deepfake_project/dfdc_subset_77_jpg/test/fake/fake_001506.jpg,fake,test,1,0.014077386818826199,0,clean,medium
/media/D1/ait_users/staff122/deepfake_project/outputs_deepfake_project/dfdc_subset_77_jpg/test/fake/fake_001507.jpg,fake,test,1,0.05652981624007225,0,clean,medium
/media/D1/ait_users/staff122/deepfake_project/outputs_deepfake_project/dfdc_subset_77_jpg/test/fake/fake_001508.jpg,fake,test,1,0.056573592126369476,0,clean,medium
/media/D1/ait_users/staff122/deepfake_project/outputs_deepfake_project/dfdc_subset_77_jpg/test/fake/fake_001509.jpg,fake,test,1,0.018716540187597275,0,clean,medium
/media/D1/ait_users/staff122/deepfake_project/outputs_deepfake_project/dfdc_subset_77_jpg/test/fake/fake_001510.jpg,fake,test,1,0.0159516129642725,0,clean,medium
/media/D1/ait_users/staff122/deepfake_project/outputs_deepfake_project/dfdc_subset_77_jpg/test/fake/fake_001511.jpg,fake,test,1,0.03155868500471115,0,clean,medium
/media/D1/ait_users/staff122/deepfake_project/outputs_deepfake_project/dfdc_subset_77_jpg/test/fake/fake_001512.jpg,fake,test,1,0.006548949517309666,0,clean,medium
/media/D1/ait_users/staff122/deepfake_project/outputs_deepfake_project/dfdc_subset_77_jpg/test/fake/fake_001513.jpg,fake,test,1,0.009384372271597385,0,clean,medium
/media/D1/ait_users/staff122/deepfake_project/outputs_deepfake_project/dfdc_subset_77_jpg/test/fake/fake_001514.jpg,fake,test,1,0.015988782048225403,0,clean,medium
/media/D1/ait_users/staff122/deepfake_project/outputs_deepfake_project/dfdc_subset_77_jpg/test/fake/fake_001515.jpg,fake,test,1,0.04094086214900017,0,clean,medium
/media/D1/ait_users/staff122/deepfake_project/outputs_deepfake_project/dfdc_subset_77_jpg/test/fake/fake_001516.jpg,fake,test,1,0.008803107775747776,0,clean,medium
/media/D1/ait_users/staff122/deepfake_project/outputs_deepfake_project/dfdc_subset_77_jpg/test/fake/fake_001517.jpg,fake,test,1,0.01504363864660263,0,clean,medium
/media/D1/ait_users/staff122/deepfake_project/outputs_deepfake_project/dfdc_subset_77_jpg/test/fake/fake_001518.jpg,fake,test,1,0.018151376396417618,0,clean,medium
/media/D1/ait_users/staff122/deepfake_project/outputs_deepfake_project/dfdc_subset_77_jpg/test/fake/fake_001519.jpg,fake,test,1,0.027786049991846085,0,clean,medium
/media/D1/ait_users/staff122/deepfake_project/outputs_deepfake_project/dfdc_subset_77_jpg/test/fake/fake_001520.jpg,fake,test,1,0.013091396540403366,0,clean,medium
/media/D1/ait_users/staff122/deepfake_project/outputs_deepfake_project/dfdc_subset_77_jpg/test/fake/fake_001521.jpg,fake,test,1,0.007661378476768732,0,clean,medium
/media/D1/ait_users/staff122/deepfake_project/outputs_deepfake_project/dfdc_subset_77_jpg/test/fake/fake_001522.jpg,fake,test,1,0.030801519751548767,0,clean,medium
/media/D1/ait_users/staff122/deepfake_project/outputs_deepfake_project/dfdc_subset_77_jpg/test/fake/fake_001523.jpg,fake,test,1,0.011092280969023705,0,clean,medium
/media/D1/ait_users/staff122/deepfake_project/outputs_deepfake_project/dfdc_subset_77_jpg/test/fake/fake_001524.jpg,fake,test,1,0.018316488713026047,0,clean,medium
/media/D1/ait_users/staff122/deepfake_project/outputs_deepfake_project/dfdc_subset_77_jpg/test/fake/fake_001525.jpg,fake,test,1,0.0205254927277565,0,clean,medium
/media/D1/ait_users/staff122/deepfake_project/outputs_deepfake_project/dfdc_subset_77_jpg/test/fake/fake_001526.jpg,fake,test,1,0.09162894636392593,0,clean,medium
/media/D1/ait_users/staff122/deepfake_project/outputs_deepfake_project/dfdc_subset_77_jpg/test/fake/fake_001527.jpg,fake,test,1,0.04481513053178787,0,clean,medium
/media/D1/ait_users/staff122/deepfake_project/outputs_deepfake_project/dfdc_subset_77_jpg/test/fake/fake_001528.jpg,fake,test,1,0.020612474530935287,0,clean,medium
/media/D1/ait_users/staff122/deepfake_project/outputs_deepfake_project/dfdc_subset_77_jpg/test/fake/fake_001529.jpg,fake,test,1,0.06702720373868942,0,clean,medium
/media/D1/ait_users/staff122/deepfake_project/outputs_deepfake_project/dfdc_subset_77_jpg/test/fake/fake_001530.jpg,fake,test,1,0.020080361515283585,0,clean,medium
/media/D1/ait_users/staff122/deepfake_project/outputs_deepfake_project/dfdc_subset_77_jpg/test/fake/fake_001531.jpg,fake,test,1,0.01255728304386139,0,clean,medium
/media/D1/ait_users/staff122/deepfake_project/outputs_deepfake_project/dfdc_subset_77_jpg/test/fake/fake_001532.jpg,fake,test,1,0.039579037576913834,0,clean,medium
/media/D1/ait_users/staff122/deepfake_project/outputs_deepfake_project/dfdc_subset_77_jpg/test/fake/fake_001533.jpg,fake,test,1,0.01755390875041485,0,clean,medium
/media/D1/ait_users/staff122/deepfake_project/outputs_deepfake_project/dfdc_subset_77_jpg/test/fake/fake_001534.jpg,fake,test,1,0.020080475136637688,0,clean,medium
/media/D1/ait_users/staff122/deepfake_project/outputs_deepfake_project/dfdc_subset_77_jpg/test/fake/fake_001535.jpg,fake,test,1,0.07953698188066483,0,clean,medium
/media/D1/ait_users/staff122/deepfake_project/outputs_deepfake_project/dfdc_subset_77_jpg/test/fake/fake_001536.jpg,fake,test,1,0.41044971346855164,0,clean,medium
/media/D1/ait_users/staff122/deepfake_project/outputs_deepfake_project/dfdc_subset_77_jpg/test/fake/fake_001537.jpg,fake,test,1,0.6731312274932861,1,clean,medium
/media/D1/ait_users/staff122/deepfake_project/outputs_deepfake_project/dfdc_subset_77_jpg/test/fake/fake_001538.jpg,fake,test,1,0.8098560571670532,1,clean,medium
/media/D1/ait_users/staff122/deepfake_project/outputs_deepfake_project/dfdc_subset_77_jpg/test/fake/fake_001539.jpg,fake,test,1,0.8197153806686401,1,clean,medium
/media/D1/ait_users/staff122/deepfake_project/outputs_deepfake_project/dfdc_subset_77_jpg/test/fake/fake_001540.jpg,fake,test,1,0.9587228298187256,1,clean,medium
/media/D1/ait_users/staff122/deepfake_project/outputs_deepfake_project/dfdc_subset_77_jpg/test/fake/fake_001541.jpg,fake,test,1,0.9973517656326294,1,clean,medium
/media/D1/ait_users/staff122/deepfake_project/outputs_deepfake_project/dfdc_subset_77_jpg/test/fake/fake_001542.jpg,fake,test,1,0.992746889591217,1,clean,medium
/media/D1/ait_users/staff122/deepfake_project/outputs_deepfake_project/dfdc_subset_77_jpg/test/fake/fake_001543.jpg,fake,test,1,0.9411614537239075,1,clean,medium
/media/D1/ait_users/staff122/deepfake_project/outputs_deepfake_project/dfdc_subset_77_jpg/test/fake/fake_001544.jpg,fake,test,1,0.8226995468139648,1,clean,medium
/media/D1/ait_users/staff122/deepfake_project/outputs_deepfake_project/dfdc_subset_77_jpg/test/fake/fake_001545.jpg,fake,test,1,0.9448310732841492,1,clean,medium
/media/D1/ait_users/staff122/deepfake_project/outputs_deepfake_project/dfdc_subset_77_jpg/test/fake/fake_001546.jpg,fake,test,1,0.5252647995948792,1,clean,medium
/media/D1/ait_users/staff122/deepfake_project/outputs_deepfake_project/dfdc_subset_77_jpg/test/fake/fake_001547.jpg,fake,test,1,0.6248056292533875,1,clean,medium
/media/D1/ait_users/staff122/deepfake_project/outputs_deepfake_project/dfdc_subset_77_jpg/test/fake/fake_001548.jpg,fake,test,1,0.583767831325531,1,clean,medium
/media/D1/ait_users/staff122/deepfake_project/outputs_deepfake_project/dfdc_subset_77_jpg/test/fake/fake_001549.jpg,fake,test,1,0.789098858833313,1,clean,medium
/media/D1/ait_users/staff122/deepfake_project/outputs_deepfake_project/dfdc_subset_77_jpg/test/fake/fake_001550.jpg,fake,test,1,0.5050590634346008,1,clean,medium
/media/D1/ait_users/staff122/deepfake_project/outputs_deepfake_project/dfdc_subset_77_jpg/test/fake/fake_001551.jpg,fake,test,1,0.6117770075798035,1,clean,medium
/media/D1/ait_users/staff122/deepfake_project/outputs_deepfake_project/dfdc_subset_77_jpg/test/fake/fake_001552.jpg,fake,test,1,0.816886305809021,1,clean,medium
/media/D1/ait_users/staff122/deepfake_project/outputs_deepfake_project/dfdc_subset_77_jpg/test/fake/fake_001553.jpg,fake,test,1,0.9121670126914978,1,clean,medium
/media/D1/ait_users/staff122/deepfake_project/outputs_deepfake_project/dfdc_subset_77_jpg/test/fake/fake_001554.jpg,fake,test,1,0.9964430928230286,1,clean,medium
/media/D1/ait_users/staff122/deepfake_project/outputs_deepfake_project/dfdc_subset_77_jpg/test/fake/fake_001555.jpg,fake,test,1,0.9844704866409302,1,clean,medium
/media/D1/ait_users/staff122/deepfake_project/outputs_deepfake_project/dfdc_subset_77_jpg/test/fake/fake_001556.jpg,fake,test,1,0.9798833727836609,1,clean,medium
/media/D1/ait_users/staff122/deepfake_project/outputs_deepfake_project/dfdc_subset_77_jpg/test/fake/fake_001557.jpg,fake,test,1,0.6935312747955322,1,clean,medium
/media/D1/ait_users/staff122/deepfake_project/outputs_deepfake_project/dfdc_subset_77_jpg/test/fake/fake_001558.jpg,fake,test,1,0.36509189009666443,0,clean,medium
/media/D1/ait_users/staff122/deepfake_project/outputs_deepfake_project/dfdc_subset_77_jpg/test/fake/fake_001559.jpg,fake,test,1,0.8593258261680603,1,clean,medium
/media/D1/ait_users/staff122/deepfake_project/outputs_deepfake_project/dfdc_subset_77_jpg/test/fake/fake_001560.jpg,fake,test,1,0.6828070878982544,1,clean,medium
/media/D1/ait_users/staff122/deepfake_project/outputs_deepfake_project/dfdc_subset_77_jpg/test/fake/fake_001561.jpg,fake,test,1,0.90218585729599,1,clean,medium
/media/D1/ait_users/staff122/deepfake_project/outputs_deepfake_project/dfdc_subset_77_jpg/test/fake/fake_001562.jpg,fake,test,1,0.6839091777801514,1,clean,medium
/media/D1/ait_users/staff122/deepfake_project/outputs_deepfake_project/dfdc_subset_77_jpg/test/fake/fake_001563.jpg,fake,test,1,0.7979416847229004,1,clean,medium
/media/D1/ait_users/staff122/deepfake_project/outputs_deepfake_project/dfdc_subset_77_jpg/test/fake/fake_001564.jpg,fake,test,1,0.31503504514694214,0,clean,medium
/media/D1/ait_users/staff122/deepfake_project/outputs_deepfake_project/dfdc_subset_77_jpg/test/fake/fake_001565.jpg,fake,test,1,0.8578770160675049,1,clean,medium
/media/D1/ait_users/staff122/deepfake_project/outputs_deepfake_project/dfdc_subset_77_jpg/test/fake/fake_001566.jpg,fake,test,1,0.5243373513221741,1,clean,medium
/media/D1/ait_users/staff122/deepfake_project/outputs_deepfake_project/dfdc_subset_77_jpg/test/fake/fake_001567.jpg,fake,test,1,0.3032546639442444,0,clean,medium
/media/D1/ait_users/staff122/deepfake_project/outputs_deepfake_project/dfdc_subset_77_jpg/test/fake/fake_001568.jpg,fake,test,1,0.018872790038585663,0,clean,medium
/media/D1/ait_users/staff122/deepfake_project/outputs_deepfake_project/dfdc_subset_77_jpg/test/fake/fake_001569.jpg,fake,test,1,0.5827230215072632,1,clean,medium
/media/D1/ait_users/staff122/deepfake_project/outputs_deepfake_project/dfdc_subset_77_jpg/test/fake/fake_001570.jpg,fake,test,1,0.36644747853279114,0,clean,medium
/media/D1/ait_users/staff122/deepfake_project/outputs_deepfake_project/dfdc_subset_77_jpg/test/fake/fake_001571.jpg,fake,test,1,0.12148062884807587,0,clean,medium
/media/D1/ait_users/staff122/deepfake_project/outputs_deepfake_project/dfdc_subset_77_jpg/test/fake/fake_001572.jpg,fake,test,1,0.09336602687835693,0,clean,medium
/media/D1/ait_users/staff122/deepfake_project/outputs_deepfake_project/dfdc_subset_77_jpg/test/fake/fake_001573.jpg,fake,test,1,0.06480365246534348,0,clean,medium
/media/D1/ait_users/staff122/deepfake_project/outputs_deepfake_project/dfdc_subset_77_jpg/test/fake/fake_001574.jpg,fake,test,1,0.2572329342365265,0,clean,medium
/media/D1/ait_users/staff122/deepfake_project/outputs_deepfake_project/dfdc_subset_77_jpg/test/fake/fake_001575.jpg,fake,test,1,0.07426438480615616,0,clean,medium
/media/D1/ait_users/staff122/deepfake_project/outputs_deepfake_project/dfdc_subset_77_jpg/test/fake/fake_001576.jpg,fake,test,1,0.016312943771481514,0,clean,medium
/media/D1/ait_users/staff122/deepfake_project/outputs_deepfake_project/dfdc_subset_77_jpg/test/fake/fake_001577.jpg,fake,test,1,0.1224965825676918,0,clean,medium
/media/D1/ait_users/staff122/deepfake_project/outputs_deepfake_project/dfdc_subset_77_jpg/test/fake/fake_001578.jpg,fake,test,1,0.1373196840286255,0,clean,medium
/media/D1/ait_users/staff122/deepfake_project/outputs_deepfake_project/dfdc_subset_77_jpg/test/fake/fake_001579.jpg,fake,test,1,0.10971987992525101,0,clean,medium
/media/D1/ait_users/staff122/deepfake_project/outputs_deepfake_project/dfdc_subset_77_jpg/test/fake/fake_001580.jpg,fake,test,1,0.0708879604935646,0,clean,medium
/media/D1/ait_users/staff122/deepfake_project/outputs_deepfake_project/dfdc_subset_77_jpg/test/fake/fake_001581.jpg,fake,test,1,0.08431313186883926,0,clean,medium
/media/D1/ait_users/staff122/deepfake_project/outputs_deepfake_project/dfdc_subset_77_jpg/test/fake/fake_001582.jpg,fake,test,1,0.349753737449646,0,clean,medium
/media/D1/ait_users/staff122/deepfake_project/outputs_deepfake_project/dfdc_subset_77_jpg/test/fake/fake_001583.jpg,fake,test,1,0.22195693850517273,0,clean,medium
/media/D1/ait_users/staff122/deepfake_project/outputs_deepfake_project/dfdc_subset_77_jpg/test/fake/fake_001584.jpg,fake,test,1,0.024709559977054596,0,clean,medium
/media/D1/ait_users/staff122/deepfake_project/outputs_deepfake_project/dfdc_subset_77_jpg/test/fake/fake_001585.jpg,fake,test,1,0.025075865909457207,0,clean,medium
/media/D1/ait_users/staff122/deepfake_project/outputs_deepfake_project/dfdc_subset_77_jpg/test/fake/fake_001586.jpg,fake,test,1,0.3573096692562103,0,clean,medium
/media/D1/ait_users/staff122/deepfake_project/outputs_deepfake_project/dfdc_subset_77_jpg/test/fake/fake_001587.jpg,fake,test,1,0.24370911717414856,0,clean,medium
/media/D1/ait_users/staff122/deepfake_project/outputs_deepfake_project/dfdc_subset_77_jpg/test/fake/fake_001588.jpg,fake,test,1,0.18475939333438873,0,clean,medium
/media/D1/ait_users/staff122/deepfake_project/outputs_deepfake_project/dfdc_subset_77_jpg/test/fake/fake_001589.jpg,fake,test,1,0.9143869876861572,1,clean,medium
/media/D1/ait_users/staff122/deepfake_project/outputs_deepfake_project/dfdc_subset_77_jpg/test/fake/fake_001590.jpg,fake,test,1,0.04079083725810051,0,clean,medium
/media/D1/ait_users/staff122/deepfake_project/outputs_deepfake_project/dfdc_subset_77_jpg/test/fake/fake_001591.jpg,fake,test,1,0.011105522513389587,0,clean,medium
/media/D1/ait_users/staff122/deepfake_project/outputs_deepfake_project/dfdc_subset_77_jpg/test/fake/fake_001592.jpg,fake,test,1,0.051542311906814575,0,clean,medium
/media/D1/ait_users/staff122/deepfake_project/outputs_deepfake_project/dfdc_subset_77_jpg/test/fake/fake_001593.jpg,fake,test,1,0.07463998347520828,0,clean,medium
/media/D1/ait_users/staff122/deepfake_project/outputs_deepfake_project/dfdc_subset_77_jpg/test/fake/fake_001594.jpg,fake,test,1,0.04500657320022583,0,clean,medium
/media/D1/ait_users/staff122/deepfake_project/outputs_deepfake_project/dfdc_subset_77_jpg/test/fake/fake_001595.jpg,fake,test,1,0.3139705955982208,0,clean,medium
/media/D1/ait_users/staff122/deepfake_project/outputs_deepfake_project/dfdc_subset_77_jpg/test/fake/fake_001596.jpg,fake,test,1,0.018972594290971756,0,clean,medium
/media/D1/ait_users/staff122/deepfake_project/outputs_deepfake_project/dfdc_subset_77_jpg/test/fake/fake_001597.jpg,fake,test,1,0.02688702754676342,0,clean,medium
/media/D1/ait_users/staff122/deepfake_project/outputs_deepfake_project/dfdc_subset_77_jpg/test/fake/fake_001598.jpg,fake,test,1,0.3548750579357147,0,clean,medium
/media/D1/ait_users/staff122/deepfake_project/outputs_deepfake_project/dfdc_subset_77_jpg/test/fake/fake_001599.jpg,fake,test,1,0.12161591649055481,0,clean,medium
/media/D1/ait_users/staff122/deepfake_project/outputs_deepfake_project/dfdc_subset_77_jpg/test/fake/fake_001600.jpg,fake,test,1,0.9975058436393738,1,clean,medium
/media/D1/ait_users/staff122/deepfake_project/outputs_deepfake_project/dfdc_subset_77_jpg/test/fake/fake_001601.jpg,fake,test,1,0.9998574256896973,1,clean,medium
/media/D1/ait_users/staff122/deepfake_project/outputs_deepfake_project/dfdc_subset_77_jpg/test/fake/fake_001602.jpg,fake,test,1,0.9975948929786682,1,clean,medium
/media/D1/ait_users/staff122/deepfake_project/outputs_deepfake_project/dfdc_subset_77_jpg/test/fake/fake_001603.jpg,fake,test,1,0.9959905743598938,1,clean,medium
/media/D1/ait_users/staff122/deepfake_project/outputs_deepfake_project/dfdc_subset_77_jpg/test/fake/fake_001604.jpg,fake,test,1,0.9993983507156372,1,clean,medium
/media/D1/ait_users/staff122/deepfake_project/outputs_deepfake_project/dfdc_subset_77_jpg/test/fake/fake_001605.jpg,fake,test,1,0.9916359186172485,1,clean,medium
/media/D1/ait_users/staff122/deepfake_project/outputs_deepfake_project/dfdc_subset_77_jpg/test/fake/fake_001606.jpg,fake,test,1,0.9969800114631653,1,clean,medium
/media/D1/ait_users/staff122/deepfake_project/outputs_deepfake_project/dfdc_subset_77_jpg/test/fake/fake_001607.jpg,fake,test,1,0.9992119073867798,1,clean,medium
/media/D1/ait_users/staff122/deepfake_project/outputs_deepfake_project/dfdc_subset_77_jpg/test/fake/fake_001608.jpg,fake,test,1,0.9991666078567505,1,clean,medium
/media/D1/ait_users/staff122/deepfake_project/outputs_deepfake_project/dfdc_subset_77_jpg/test/fake/fake_001609.jpg,fake,test,1,0.998241662979126,1,clean,medium
/media/D1/ait_users/staff122/deepfake_project/outputs_deepfake_project/dfdc_subset_77_jpg/test/fake/fake_001610.jpg,fake,test,1,0.9962217807769775,1,clean,medium
/media/D1/ait_users/staff122/deepfake_project/outputs_deepfake_project/dfdc_subset_77_jpg/test/fake/fake_001611.jpg,fake,test,1,0.9988681077957153,1,clean,medium
/media/D1/ait_users/staff122/deepfake_project/outputs_deepfake_project/dfdc_subset_77_jpg/test/fake/fake_001612.jpg,fake,test,1,0.9973655343055725,1,clean,medium
/media/D1/ait_users/staff122/deepfake_project/outputs_deepfake_project/dfdc_subset_77_jpg/test/fake/fake_001613.jpg,fake,test,1,0.9988082647323608,1,clean,medium
/media/D1/ait_users/staff122/deepfake_project/outputs_deepfake_project/dfdc_subset_77_jpg/test/fake/fake_001614.jpg,fake,test,1,0.9999295473098755,1,clean,medium
/media/D1/ait_users/staff122/deepfake_project/outputs_deepfake_project/dfdc_subset_77_jpg/test/fake/fake_001615.jpg,fake,test,1,0.9975643157958984,1,clean,medium
/media/D1/ait_users/staff122/deepfake_project/outputs_deepfake_project/dfdc_subset_77_jpg/test/fake/fake_001616.jpg,fake,test,1,0.9989633560180664,1,clean,medium
/media/D1/ait_users/staff122/deepfake_project/outputs_deepfake_project/dfdc_subset_77_jpg/test/fake/fake_001617.jpg,fake,test,1,0.998262345790863,1,clean,medium
/media/D1/ait_users/staff122/deepfake_project/outputs_deepfake_project/dfdc_subset_77_jpg/test/fake/fake_001618.jpg,fake,test,1,0.9982039928436279,1,clean,medium
/media/D1/ait_users/staff122/deepfake_project/outputs_deepfake_project/dfdc_subset_77_jpg/test/fake/fake_001619.jpg,fake,test,1,0.9987700581550598,1,clean,medium
/media/D1/ait_users/staff122/deepfake_project/outputs_deepfake_project/dfdc_subset_77_jpg/test/fake/fake_001620.jpg,fake,test,1,0.9995737671852112,1,clean,medium
/media/D1/ait_users/staff122/deepfake_project/outputs_deepfake_project/dfdc_subset_77_jpg/test/fake/fake_001621.jpg,fake,test,1,0.9955862760543823,1,clean,medium
/media/D1/ait_users/staff122/deepfake_project/outputs_deepfake_project/dfdc_subset_77_jpg/test/fake/fake_001622.jpg,fake,test,1,0.9999078512191772,1,clean,medium
/media/D1/ait_users/staff122/deepfake_project/outputs_deepfake_project/dfdc_subset_77_jpg/test/fake/fake_001623.jpg,fake,test,1,0.9983386993408203,1,clean,medium
/media/D1/ait_users/staff122/deepfake_project/outputs_deepfake_project/dfdc_subset_77_jpg/test/fake/fake_001624.jpg,fake,test,1,0.9981516003608704,1,clean,medium
/media/D1/ait_users/staff122/deepfake_project/outputs_deepfake_project/dfdc_subset_77_jpg/test/fake/fake_001625.jpg,fake,test,1,0.9993430972099304,1,clean,medium
/media/D1/ait_users/staff122/deepfake_project/outputs_deepfake_project/dfdc_subset_77_jpg/test/fake/fake_001626.jpg,fake,test,1,0.9995890259742737,1,clean,medium
/media/D1/ait_users/staff122/deepfake_project/outputs_deepfake_project/dfdc_subset_77_jpg/test/fake/fake_001627.jpg,fake,test,1,0.9987632036209106,1,clean,medium
/media/D1/ait_users/staff122/deepfake_project/outputs_deepfake_project/dfdc_subset_77_jpg/test/fake/fake_001628.jpg,fake,test,1,0.9978031516075134,1,clean,medium
/media/D1/ait_users/staff122/deepfake_project/outputs_deepfake_project/dfdc_subset_77_jpg/test/fake/fake_001629.jpg,fake,test,1,0.9961140155792236,1,clean,medium
/media/D1/ait_users/staff122/deepfake_project/outputs_deepfake_project/dfdc_subset_77_jpg/test/fake/fake_001630.jpg,fake,test,1,0.9878528118133545,1,clean,medium
/media/D1/ait_users/staff122/deepfake_project/outputs_deepfake_project/dfdc_subset_77_jpg/test/fake/fake_001631.jpg,fake,test,1,0.966704249382019,1,clean,medium
/media/D1/ait_users/staff122/deepfake_project/outputs_deepfake_project/dfdc_subset_77_jpg/test/fake/fake_001632.jpg,fake,test,1,0.24359378218650818,0,clean,medium
/media/D1/ait_users/staff122/deepfake_project/outputs_deepfake_project/dfdc_subset_77_jpg/test/fake/fake_001633.jpg,fake,test,1,0.06656448543071747,0,clean,medium
/media/D1/ait_users/staff122/deepfake_project/outputs_deepfake_project/dfdc_subset_77_jpg/test/fake/fake_001634.jpg,fake,test,1,0.08446664363145828,0,clean,medium
/media/D1/ait_users/staff122/deepfake_project/outputs_deepfake_project/dfdc_subset_77_jpg/test/fake/fake_001635.jpg,fake,test,1,0.08773733675479889,0,clean,medium
/media/D1/ait_users/staff122/deepfake_project/outputs_deepfake_project/dfdc_subset_77_jpg/test/fake/fake_001636.jpg,fake,test,1,0.08424118906259537,0,clean,medium
/media/D1/ait_users/staff122/deepfake_project/outputs_deepfake_project/dfdc_subset_77_jpg/test/fake/fake_001637.jpg,fake,test,1,0.09999143332242966,0,clean,medium
/media/D1/ait_users/staff122/deepfake_project/outputs_deepfake_project/dfdc_subset_77_jpg/test/fake/fake_001638.jpg,fake,test,1,0.17895372211933136,0,clean,medium
/media/D1/ait_users/staff122/deepfake_project/outputs_deepfake_project/dfdc_subset_77_jpg/test/fake/fake_001639.jpg,fake,test,1,0.13977867364883423,0,clean,medium
/media/D1/ait_users/staff122/deepfake_project/outputs_deepfake_project/dfdc_subset_77_jpg/test/fake/fake_001640.jpg,fake,test,1,0.1055939719080925,0,clean,medium
/media/D1/ait_users/staff122/deepfake_project/outputs_deepfake_project/dfdc_subset_77_jpg/test/fake/fake_001641.jpg,fake,test,1,0.2677905261516571,0,clean,medium
/media/D1/ait_users/staff122/deepfake_project/outputs_deepfake_project/dfdc_subset_77_jpg/test/fake/fake_001642.jpg,fake,test,1,0.023976633325219154,0,clean,medium
/media/D1/ait_users/staff122/deepfake_project/outputs_deepfake_project/dfdc_subset_77_jpg/test/fake/fake_001643.jpg,fake,test,1,0.04215279966592789,0,clean,medium
/media/D1/ait_users/staff122/deepfake_project/outputs_deepfake_project/dfdc_subset_77_jpg/test/fake/fake_001644.jpg,fake,test,1,0.04330654442310333,0,clean,medium
/media/D1/ait_users/staff122/deepfake_project/outputs_deepfake_project/dfdc_subset_77_jpg/test/fake/fake_001645.jpg,fake,test,1,0.04085001349449158,0,clean,medium
/media/D1/ait_users/staff122/deepfake_project/outputs_deepfake_project/dfdc_subset_77_jpg/test/fake/fake_001646.jpg,fake,test,1,0.1229756772518158,0,clean,medium
/media/D1/ait_users/staff122/deepfake_project/outputs_deepfake_project/dfdc_subset_77_jpg/test/fake/fake_001647.jpg,fake,test,1,0.07785716652870178,0,clean,medium
/media/D1/ait_users/staff122/deepfake_project/outputs_deepfake_project/dfdc_subset_77_jpg/test/fake/fake_001648.jpg,fake,test,1,0.03586774319410324,0,clean,medium
/media/D1/ait_users/staff122/deepfake_project/outputs_deepfake_project/dfdc_subset_77_jpg/test/fake/fake_001649.jpg,fake,test,1,0.04895610734820366,0,clean,medium
/media/D1/ait_users/staff122/deepfake_project/outputs_deepfake_project/dfdc_subset_77_jpg/test/fake/fake_001650.jpg,fake,test,1,0.38310834765434265,0,clean,medium
/media/D1/ait_users/staff122/deepfake_project/outputs_deepfake_project/dfdc_subset_77_jpg/test/fake/fake_001651.jpg,fake,test,1,0.04076041281223297,0,clean,medium
/media/D1/ait_users/staff122/deepfake_project/outputs_deepfake_project/dfdc_subset_77_jpg/test/fake/fake_001652.jpg,fake,test,1,0.061959102749824524,0,clean,medium
/media/D1/ait_users/staff122/deepfake_project/outputs_deepfake_project/dfdc_subset_77_jpg/test/fake/fake_001653.jpg,fake,test,1,0.08499708026647568,0,clean,medium
/media/D1/ait_users/staff122/deepfake_project/outputs_deepfake_project/dfdc_subset_77_jpg/test/fake/fake_001654.jpg,fake,test,1,0.07718387991189957,0,clean,medium
/media/D1/ait_users/staff122/deepfake_project/outputs_deepfake_project/dfdc_subset_77_jpg/test/fake/fake_001655.jpg,fake,test,1,0.05190473422408104,0,clean,medium
/media/D1/ait_users/staff122/deepfake_project/outputs_deepfake_project/dfdc_subset_77_jpg/test/fake/fake_001656.jpg,fake,test,1,0.018939802423119545,0,clean,medium
/media/D1/ait_users/staff122/deepfake_project/outputs_deepfake_project/dfdc_subset_77_jpg/test/fake/fake_001657.jpg,fake,test,1,0.018619375303387642,0,clean,medium
/media/D1/ait_users/staff122/deepfake_project/outputs_deepfake_project/dfdc_subset_77_jpg/test/fake/fake_001658.jpg,fake,test,1,0.037844058126211166,0,clean,medium
/media/D1/ait_users/staff122/deepfake_project/outputs_deepfake_project/dfdc_subset_77_jpg/test/fake/fake_001659.jpg,fake,test,1,0.22250285744667053,0,clean,medium
/media/D1/ait_users/staff122/deepfake_project/outputs_deepfake_project/dfdc_subset_77_jpg/test/fake/fake_001660.jpg,fake,test,1,0.44465234875679016,0,clean,medium
/media/D1/ait_users/staff122/deepfake_project/outputs_deepfake_project/dfdc_subset_77_jpg/test/fake/fake_001661.jpg,fake,test,1,0.07904326170682907,0,clean,medium
/media/D1/ait_users/staff122/deepfake_project/outputs_deepfake_project/dfdc_subset_77_jpg/test/fake/fake_001662.jpg,fake,test,1,0.03593859076499939,0,clean,medium
/media/D1/ait_users/staff122/deepfake_project/outputs_deepfake_project/dfdc_subset_77_jpg/test/fake/fake_001663.jpg,fake,test,1,0.04085501283407211,0,clean,medium
/media/D1/ait_users/staff122/deepfake_project/outputs_deepfake_project/dfdc_subset_77_jpg/test/fake/fake_001664.jpg,fake,test,1,0.2335588037967682,0,clean,medium
/media/D1/ait_users/staff122/deepfake_project/outputs_deepfake_project/dfdc_subset_77_jpg/test/fake/fake_001665.jpg,fake,test,1,0.3455680012702942,0,clean,medium
/media/D1/ait_users/staff122/deepfake_project/outputs_deepfake_project/dfdc_subset_77_jpg/test/fake/fake_001666.jpg,fake,test,1,0.17075568437576294,0,clean,medium
/media/D1/ait_users/staff122/deepfake_project/outputs_deepfake_project/dfdc_subset_77_jpg/test/fake/fake_001667.jpg,fake,test,1,0.1851031482219696,0,clean,medium
/media/D1/ait_users/staff122/deepfake_project/outputs_deepfake_project/dfdc_subset_77_jpg/test/fake/fake_001668.jpg,fake,test,1,0.34166380763053894,0,clean,medium
/media/D1/ait_users/staff122/deepfake_project/outputs_deepfake_project/dfdc_subset_77_jpg/test/fake/fake_001669.jpg,fake,test,1,0.13038016855716705,0,clean,medium
/media/D1/ait_users/staff122/deepfake_project/outputs_deepfake_project/dfdc_subset_77_jpg/test/fake/fake_001670.jpg,fake,test,1,0.25765183568000793,0,clean,medium
/media/D1/ait_users/staff122/deepfake_project/outputs_deepfake_project/dfdc_subset_77_jpg/test/fake/fake_001671.jpg,fake,test,1,0.28187718987464905,0,clean,medium
/media/D1/ait_users/staff122/deepfake_project/outputs_deepfake_project/dfdc_subset_77_jpg/test/fake/fake_001672.jpg,fake,test,1,0.3464606702327728,0,clean,medium
/media/D1/ait_users/staff122/deepfake_project/outputs_deepfake_project/dfdc_subset_77_jpg/test/fake/fake_001673.jpg,fake,test,1,0.6048619747161865,1,clean,medium
/media/D1/ait_users/staff122/deepfake_project/outputs_deepfake_project/dfdc_subset_77_jpg/test/fake/fake_001674.jpg,fake,test,1,0.3916233479976654,0,clean,medium
/media/D1/ait_users/staff122/deepfake_project/outputs_deepfake_project/dfdc_subset_77_jpg/test/fake/fake_001675.jpg,fake,test,1,0.3635442852973938,0,clean,medium
/media/D1/ait_users/staff122/deepfake_project/outputs_deepfake_project/dfdc_subset_77_jpg/test/fake/fake_001676.jpg,fake,test,1,0.469409704208374,0,clean,medium
/media/D1/ait_users/staff122/deepfake_project/outputs_deepfake_project/dfdc_subset_77_jpg/test/fake/fake_001677.jpg,fake,test,1,0.4018714129924774,0,clean,medium
/media/D1/ait_users/staff122/deepfake_project/outputs_deepfake_project/dfdc_subset_77_jpg/test/fake/fake_001678.jpg,fake,test,1,0.6201319694519043,1,clean,medium
/media/D1/ait_users/staff122/deepfake_project/outputs_deepfake_project/dfdc_subset_77_jpg/test/fake/fake_001679.jpg,fake,test,1,0.14562959969043732,0,clean,medium
/media/D1/ait_users/staff122/deepfake_project/outputs_deepfake_project/dfdc_subset_77_jpg/test/fake/fake_001680.jpg,fake,test,1,0.3185670077800751,0,clean,medium
/media/D1/ait_users/staff122/deepfake_project/outputs_deepfake_project/dfdc_subset_77_jpg/test/fake/fake_001681.jpg,fake,test,1,0.568592369556427,1,clean,medium
/media/D1/ait_users/staff122/deepfake_project/outputs_deepfake_project/dfdc_subset_77_jpg/test/fake/fake_001682.jpg,fake,test,1,0.37723731994628906,0,clean,medium
/media/D1/ait_users/staff122/deepfake_project/outputs_deepfake_project/dfdc_subset_77_jpg/test/fake/fake_001683.jpg,fake,test,1,0.446993350982666,0,clean,medium
/media/D1/ait_users/staff122/deepfake_project/outputs_deepfake_project/dfdc_subset_77_jpg/test/fake/fake_001684.jpg,fake,test,1,0.2621402144432068,0,clean,medium
/media/D1/ait_users/staff122/deepfake_project/outputs_deepfake_project/dfdc_subset_77_jpg/test/fake/fake_001685.jpg,fake,test,1,0.46281737089157104,0,clean,medium
/media/D1/ait_users/staff122/deepfake_project/outputs_deepfake_project/dfdc_subset_77_jpg/test/fake/fake_001686.jpg,fake,test,1,0.22203291952610016,0,clean,medium
/media/D1/ait_users/staff122/deepfake_project/outputs_deepfake_project/dfdc_subset_77_jpg/test/fake/fake_001687.jpg,fake,test,1,0.3640104830265045,0,clean,medium
/media/D1/ait_users/staff122/deepfake_project/outputs_deepfake_project/dfdc_subset_77_jpg/test/fake/fake_001688.jpg,fake,test,1,0.2164572924375534,0,clean,medium
/media/D1/ait_users/staff122/deepfake_project/outputs_deepfake_project/dfdc_subset_77_jpg/test/fake/fake_001689.jpg,fake,test,1,0.3173167109489441,0,clean,medium
/media/D1/ait_users/staff122/deepfake_project/outputs_deepfake_project/dfdc_subset_77_jpg/test/fake/fake_001690.jpg,fake,test,1,0.3321124017238617,0,clean,medium
/media/D1/ait_users/staff122/deepfake_project/outputs_deepfake_project/dfdc_subset_77_jpg/test/fake/fake_001691.jpg,fake,test,1,0.24225109815597534,0,clean,medium
/media/D1/ait_users/staff122/deepfake_project/outputs_deepfake_project/dfdc_subset_77_jpg/test/fake/fake_001692.jpg,fake,test,1,0.1731397956609726,0,clean,medium
/media/D1/ait_users/staff122/deepfake_project/outputs_deepfake_project/dfdc_subset_77_jpg/test/fake/fake_001693.jpg,fake,test,1,0.5350431203842163,1,clean,medium
/media/D1/ait_users/staff122/deepfake_project/outputs_deepfake_project/dfdc_subset_77_jpg/test/fake/fake_001694.jpg,fake,test,1,0.24652178585529327,0,clean,medium
/media/D1/ait_users/staff122/deepfake_project/outputs_deepfake_project/dfdc_subset_77_jpg/test/fake/fake_001695.jpg,fake,test,1,0.34692755341529846,0,clean,medium
/media/D1/ait_users/staff122/deepfake_project/outputs_deepfake_project/dfdc_subset_77_jpg/test/fake/fake_001696.jpg,fake,test,1,0.2966552674770355,0,clean,medium
/media/D1/ait_users/staff122/deepfake_project/outputs_deepfake_project/dfdc_subset_77_jpg/test/fake/fake_001697.jpg,fake,test,1,0.7423858046531677,1,clean,medium
/media/D1/ait_users/staff122/deepfake_project/outputs_deepfake_project/dfdc_subset_77_jpg/test/fake/fake_001698.jpg,fake,test,1,0.7263272404670715,1,clean,medium
/media/D1/ait_users/staff122/deepfake_project/outputs_deepfake_project/dfdc_subset_77_jpg/test/fake/fake_001699.jpg,fake,test,1,0.2777373790740967,0,clean,medium
/media/D1/ait_users/staff122/deepfake_project/outputs_deepfake_project/dfdc_subset_77_jpg/test/fake/fake_001700.jpg,fake,test,1,0.32597172260284424,0,clean,medium
/media/D1/ait_users/staff122/deepfake_project/outputs_deepfake_project/dfdc_subset_77_jpg/test/fake/fake_001701.jpg,fake,test,1,0.29596248269081116,0,clean,medium
/media/D1/ait_users/staff122/deepfake_project/outputs_deepfake_project/dfdc_subset_77_jpg/test/fake/fake_001702.jpg,fake,test,1,0.6623051762580872,1,clean,medium
/media/D1/ait_users/staff122/deepfake_project/outputs_deepfake_project/dfdc_subset_77_jpg/test/fake/fake_001703.jpg,fake,test,1,0.7354051470756531,1,clean,medium
/media/D1/ait_users/staff122/deepfake_project/outputs_deepfake_project/dfdc_subset_77_jpg/test/fake/fake_001704.jpg,fake,test,1,0.5507434606552124,1,clean,medium
/media/D1/ait_users/staff122/deepfake_project/outputs_deepfake_project/dfdc_subset_77_jpg/test/fake/fake_001705.jpg,fake,test,1,0.6383443474769592,1,clean,medium
/media/D1/ait_users/staff122/deepfake_project/outputs_deepfake_project/dfdc_subset_77_jpg/test/fake/fake_001706.jpg,fake,test,1,0.8687807321548462,1,clean,medium
/media/D1/ait_users/staff122/deepfake_project/outputs_deepfake_project/dfdc_subset_77_jpg/test/fake/fake_001707.jpg,fake,test,1,0.707383930683136,1,clean,medium
/media/D1/ait_users/staff122/deepfake_project/outputs_deepfake_project/dfdc_subset_77_jpg/test/fake/fake_001708.jpg,fake,test,1,0.6183381676673889,1,clean,medium
/media/D1/ait_users/staff122/deepfake_project/outputs_deepfake_project/dfdc_subset_77_jpg/test/fake/fake_001709.jpg,fake,test,1,0.3230608105659485,0,clean,medium
/media/D1/ait_users/staff122/deepfake_project/outputs_deepfake_project/dfdc_subset_77_jpg/test/fake/fake_001710.jpg,fake,test,1,0.6256535053253174,1,clean,medium
/media/D1/ait_users/staff122/deepfake_project/outputs_deepfake_project/dfdc_subset_77_jpg/test/fake/fake_001711.jpg,fake,test,1,0.4104699492454529,0,clean,medium
/media/D1/ait_users/staff122/deepfake_project/outputs_deepfake_project/dfdc_subset_77_jpg/test/fake/fake_001712.jpg,fake,test,1,0.43483081459999084,0,clean,medium
/media/D1/ait_users/staff122/deepfake_project/outputs_deepfake_project/dfdc_subset_77_jpg/test/fake/fake_001713.jpg,fake,test,1,0.3124106228351593,0,clean,medium
/media/D1/ait_users/staff122/deepfake_project/outputs_deepfake_project/dfdc_subset_77_jpg/test/fake/fake_001714.jpg,fake,test,1,0.31405431032180786,0,clean,medium
/media/D1/ait_users/staff122/deepfake_project/outputs_deepfake_project/dfdc_subset_77_jpg/test/fake/fake_001715.jpg,fake,test,1,0.7467641830444336,1,clean,medium
/media/D1/ait_users/staff122/deepfake_project/outputs_deepfake_project/dfdc_subset_77_jpg/test/fake/fake_001716.jpg,fake,test,1,0.7207421064376831,1,clean,medium
/media/D1/ait_users/staff122/deepfake_project/outputs_deepfake_project/dfdc_subset_77_jpg/test/fake/fake_001717.jpg,fake,test,1,0.6387943625450134,1,clean,medium
/media/D1/ait_users/staff122/deepfake_project/outputs_deepfake_project/dfdc_subset_77_jpg/test/fake/fake_001718.jpg,fake,test,1,0.6106562614440918,1,clean,medium
/media/D1/ait_users/staff122/deepfake_project/outputs_deepfake_project/dfdc_subset_77_jpg/test/fake/fake_001719.jpg,fake,test,1,0.2936672270298004,0,clean,medium
/media/D1/ait_users/staff122/deepfake_project/outputs_deepfake_project/dfdc_subset_77_jpg/test/fake/fake_001720.jpg,fake,test,1,0.28987255692481995,0,clean,medium
/media/D1/ait_users/staff122/deepfake_project/outputs_deepfake_project/dfdc_subset_77_jpg/test/fake/fake_001721.jpg,fake,test,1,0.304950475692749,0,clean,medium
/media/D1/ait_users/staff122/deepfake_project/outputs_deepfake_project/dfdc_subset_77_jpg/test/fake/fake_001722.jpg,fake,test,1,0.16752707958221436,0,clean,medium
/media/D1/ait_users/staff122/deepfake_project/outputs_deepfake_project/dfdc_subset_77_jpg/test/fake/fake_001723.jpg,fake,test,1,0.4672013819217682,0,clean,medium
/media/D1/ait_users/staff122/deepfake_project/outputs_deepfake_project/dfdc_subset_77_jpg/test/fake/fake_001724.jpg,fake,test,1,0.678128182888031,1,clean,medium
/media/D1/ait_users/staff122/deepfake_project/outputs_deepfake_project/dfdc_subset_77_jpg/test/fake/fake_001725.jpg,fake,test,1,0.7894279360771179,1,clean,medium
/media/D1/ait_users/staff122/deepfake_project/outputs_deepfake_project/dfdc_subset_77_jpg/test/fake/fake_001726.jpg,fake,test,1,0.26651009917259216,0,clean,medium
/media/D1/ait_users/staff122/deepfake_project/outputs_deepfake_project/dfdc_subset_77_jpg/test/fake/fake_001727.jpg,fake,test,1,0.39852169156074524,0,clean,medium
/media/D1/ait_users/staff122/deepfake_project/outputs_deepfake_project/dfdc_subset_77_jpg/test/fake/fake_001728.jpg,fake,test,1,0.21774351596832275,0,clean,medium
/media/D1/ait_users/staff122/deepfake_project/outputs_deepfake_project/dfdc_subset_77_jpg/test/fake/fake_001729.jpg,fake,test,1,0.21765431761741638,0,clean,medium
/media/D1/ait_users/staff122/deepfake_project/outputs_deepfake_project/dfdc_subset_77_jpg/test/fake/fake_001730.jpg,fake,test,1,0.19323711097240448,0,clean,medium
/media/D1/ait_users/staff122/deepfake_project/outputs_deepfake_project/dfdc_subset_77_jpg/test/fake/fake_001731.jpg,fake,test,1,0.15915536880493164,0,clean,medium
/media/D1/ait_users/staff122/deepfake_project/outputs_deepfake_project/dfdc_subset_77_jpg/test/fake/fake_001732.jpg,fake,test,1,0.1922725886106491,0,clean,medium
/media/D1/ait_users/staff122/deepfake_project/outputs_deepfake_project/dfdc_subset_77_jpg/test/fake/fake_001733.jpg,fake,test,1,0.055997639894485474,0,clean,medium
/media/D1/ait_users/staff122/deepfake_project/outputs_deepfake_project/dfdc_subset_77_jpg/test/fake/fake_001734.jpg,fake,test,1,0.1502644419670105,0,clean,medium
/media/D1/ait_users/staff122/deepfake_project/outputs_deepfake_project/dfdc_subset_77_jpg/test/fake/fake_001735.jpg,fake,test,1,0.2571513056755066,0,clean,medium
/media/D1/ait_users/staff122/deepfake_project/outputs_deepfake_project/dfdc_subset_77_jpg/test/fake/fake_001736.jpg,fake,test,1,0.7782315611839294,1,clean,medium
/media/D1/ait_users/staff122/deepfake_project/outputs_deepfake_project/dfdc_subset_77_jpg/test/fake/fake_001737.jpg,fake,test,1,0.4745343327522278,0,clean,medium
/media/D1/ait_users/staff122/deepfake_project/outputs_deepfake_project/dfdc_subset_77_jpg/test/fake/fake_001738.jpg,fake,test,1,0.3278867304325104,0,clean,medium
/media/D1/ait_users/staff122/deepfake_project/outputs_deepfake_project/dfdc_subset_77_jpg/test/fake/fake_001739.jpg,fake,test,1,0.6282667517662048,1,clean,medium
/media/D1/ait_users/staff122/deepfake_project/outputs_deepfake_project/dfdc_subset_77_jpg/test/fake/fake_001740.jpg,fake,test,1,0.27877169847488403,0,clean,medium
/media/D1/ait_users/staff122/deepfake_project/outputs_deepfake_project/dfdc_subset_77_jpg/test/fake/fake_001741.jpg,fake,test,1,0.3262186348438263,0,clean,medium
/media/D1/ait_users/staff122/deepfake_project/outputs_deepfake_project/dfdc_subset_77_jpg/test/fake/fake_001742.jpg,fake,test,1,0.32410842180252075,0,clean,medium
/media/D1/ait_users/staff122/deepfake_project/outputs_deepfake_project/dfdc_subset_77_jpg/test/fake/fake_001743.jpg,fake,test,1,0.6662272810935974,1,clean,medium
/media/D1/ait_users/staff122/deepfake_project/outputs_deepfake_project/dfdc_subset_77_jpg/test/fake/fake_001744.jpg,fake,test,1,0.2779104709625244,0,clean,medium
/media/D1/ait_users/staff122/deepfake_project/outputs_deepfake_project/dfdc_subset_77_jpg/test/fake/fake_001745.jpg,fake,test,1,0.3469974100589752,0,clean,medium
/media/D1/ait_users/staff122/deepfake_project/outputs_deepfake_project/dfdc_subset_77_jpg/test/fake/fake_001746.jpg,fake,test,1,0.4642946124076843,0,clean,medium
/media/D1/ait_users/staff122/deepfake_project/outputs_deepfake_project/dfdc_subset_77_jpg/test/fake/fake_001747.jpg,fake,test,1,0.5181058049201965,1,clean,medium
/media/D1/ait_users/staff122/deepfake_project/outputs_deepfake_project/dfdc_subset_77_jpg/test/fake/fake_001748.jpg,fake,test,1,0.31866151094436646,0,clean,medium
/media/D1/ait_users/staff122/deepfake_project/outputs_deepfake_project/dfdc_subset_77_jpg/test/fake/fake_001749.jpg,fake,test,1,0.3436863422393799,0,clean,medium
/media/D1/ait_users/staff122/deepfake_project/outputs_deepfake_project/dfdc_subset_77_jpg/test/fake/fake_001750.jpg,fake,test,1,0.2471693754196167,0,clean,medium
/media/D1/ait_users/staff122/deepfake_project/outputs_deepfake_project/dfdc_subset_77_jpg/test/fake/fake_001751.jpg,fake,test,1,0.15714427828788757,0,clean,medium
/media/D1/ait_users/staff122/deepfake_project/outputs_deepfake_project/dfdc_subset_77_jpg/test/fake/fake_001752.jpg,fake,test,1,0.24269576370716095,0,clean,medium
/media/D1/ait_users/staff122/deepfake_project/outputs_deepfake_project/dfdc_subset_77_jpg/test/fake/fake_001753.jpg,fake,test,1,0.26302629709243774,0,clean,medium
/media/D1/ait_users/staff122/deepfake_project/outputs_deepfake_project/dfdc_subset_77_jpg/test/fake/fake_001754.jpg,fake,test,1,0.15600331127643585,0,clean,medium
/media/D1/ait_users/staff122/deepfake_project/outputs_deepfake_project/dfdc_subset_77_jpg/test/fake/fake_001755.jpg,fake,test,1,0.09501766413450241,0,clean,medium
/media/D1/ait_users/staff122/deepfake_project/outputs_deepfake_project/dfdc_subset_77_jpg/test/fake/fake_001756.jpg,fake,test,1,0.13272517919540405,0,clean,medium
/media/D1/ait_users/staff122/deepfake_project/outputs_deepfake_project/dfdc_subset_77_jpg/test/fake/fake_001757.jpg,fake,test,1,0.14676393568515778,0,clean,medium
/media/D1/ait_users/staff122/deepfake_project/outputs_deepfake_project/dfdc_subset_77_jpg/test/fake/fake_001758.jpg,fake,test,1,0.8078803420066833,1,clean,medium
/media/D1/ait_users/staff122/deepfake_project/outputs_deepfake_project/dfdc_subset_77_jpg/test/fake/fake_001759.jpg,fake,test,1,0.36957454681396484,0,clean,medium
/media/D1/ait_users/staff122/deepfake_project/outputs_deepfake_project/dfdc_subset_77_jpg/test/fake/fake_001760.jpg,fake,test,1,0.057165127247571945,0,clean,medium
/media/D1/ait_users/staff122/deepfake_project/outputs_deepfake_project/dfdc_subset_77_jpg/test/fake/fake_001761.jpg,fake,test,1,0.5788817405700684,1,clean,medium
/media/D1/ait_users/staff122/deepfake_project/outputs_deepfake_project/dfdc_subset_77_jpg/test/fake/fake_001762.jpg,fake,test,1,0.846462607383728,1,clean,medium
/media/D1/ait_users/staff122/deepfake_project/outputs_deepfake_project/dfdc_subset_77_jpg/test/fake/fake_001763.jpg,fake,test,1,0.07596524804830551,0,clean,medium
/media/D1/ait_users/staff122/deepfake_project/outputs_deepfake_project/dfdc_subset_77_jpg/test/fake/fake_001764.jpg,fake,test,1,0.07411175966262817,0,clean,medium
/media/D1/ait_users/staff122/deepfake_project/outputs_deepfake_project/dfdc_subset_77_jpg/test/fake/fake_001765.jpg,fake,test,1,0.15577079355716705,0,clean,medium
/media/D1/ait_users/staff122/deepfake_project/outputs_deepfake_project/dfdc_subset_77_jpg/test/fake/fake_001766.jpg,fake,test,1,0.24090509116649628,0,clean,medium
/media/D1/ait_users/staff122/deepfake_project/outputs_deepfake_project/dfdc_subset_77_jpg/test/fake/fake_001767.jpg,fake,test,1,0.028409363701939583,0,clean,medium
/media/D1/ait_users/staff122/deepfake_project/outputs_deepfake_project/dfdc_subset_77_jpg/test/fake/fake_001768.jpg,fake,test,1,0.056051746010780334,0,clean,medium
/media/D1/ait_users/staff122/deepfake_project/outputs_deepfake_project/dfdc_subset_77_jpg/test/fake/fake_001769.jpg,fake,test,1,0.15100900828838348,0,clean,medium
/media/D1/ait_users/staff122/deepfake_project/outputs_deepfake_project/dfdc_subset_77_jpg/test/fake/fake_001770.jpg,fake,test,1,0.1276690661907196,0,clean,medium
/media/D1/ait_users/staff122/deepfake_project/outputs_deepfake_project/dfdc_subset_77_jpg/test/fake/fake_001771.jpg,fake,test,1,0.12601910531520844,0,clean,medium
/media/D1/ait_users/staff122/deepfake_project/outputs_deepfake_project/dfdc_subset_77_jpg/test/fake/fake_001772.jpg,fake,test,1,0.07164759933948517,0,clean,medium
/media/D1/ait_users/staff122/deepfake_project/outputs_deepfake_project/dfdc_subset_77_jpg/test/fake/fake_001773.jpg,fake,test,1,0.2767525017261505,0,clean,medium
/media/D1/ait_users/staff122/deepfake_project/outputs_deepfake_project/dfdc_subset_77_jpg/test/fake/fake_001774.jpg,fake,test,1,0.33127090334892273,0,clean,medium
/media/D1/ait_users/staff122/deepfake_project/outputs_deepfake_project/dfdc_subset_77_jpg/test/fake/fake_001775.jpg,fake,test,1,0.2911389470100403,0,clean,medium
/media/D1/ait_users/staff122/deepfake_project/outputs_deepfake_project/dfdc_subset_77_jpg/test/fake/fake_001776.jpg,fake,test,1,0.3476880192756653,0,clean,medium
/media/D1/ait_users/staff122/deepfake_project/outputs_deepfake_project/dfdc_subset_77_jpg/test/fake/fake_001777.jpg,fake,test,1,0.5892246961593628,1,clean,medium
/media/D1/ait_users/staff122/deepfake_project/outputs_deepfake_project/dfdc_subset_77_jpg/test/fake/fake_001778.jpg,fake,test,1,0.9346583485603333,1,clean,medium
/media/D1/ait_users/staff122/deepfake_project/outputs_deepfake_project/dfdc_subset_77_jpg/test/fake/fake_001779.jpg,fake,test,1,0.1417173445224762,0,clean,medium
/media/D1/ait_users/staff122/deepfake_project/outputs_deepfake_project/dfdc_subset_77_jpg/test/fake/fake_001780.jpg,fake,test,1,0.17438089847564697,0,clean,medium
/media/D1/ait_users/staff122/deepfake_project/outputs_deepfake_project/dfdc_subset_77_jpg/test/fake/fake_001781.jpg,fake,test,1,0.4100417196750641,0,clean,medium
/media/D1/ait_users/staff122/deepfake_project/outputs_deepfake_project/dfdc_subset_77_jpg/test/fake/fake_001782.jpg,fake,test,1,0.17353057861328125,0,clean,medium
/media/D1/ait_users/staff122/deepfake_project/outputs_deepfake_project/dfdc_subset_77_jpg/test/fake/fake_001783.jpg,fake,test,1,0.37791988253593445,0,clean,medium
/media/D1/ait_users/staff122/deepfake_project/outputs_deepfake_project/dfdc_subset_77_jpg/test/fake/fake_001784.jpg,fake,test,1,0.27320459485054016,0,clean,medium
/media/D1/ait_users/staff122/deepfake_project/outputs_deepfake_project/dfdc_subset_77_jpg/test/fake/fake_001785.jpg,fake,test,1,0.20778682827949524,0,clean,medium
/media/D1/ait_users/staff122/deepfake_project/outputs_deepfake_project/dfdc_subset_77_jpg/test/fake/fake_001786.jpg,fake,test,1,0.19478552043437958,0,clean,medium
/media/D1/ait_users/staff122/deepfake_project/outputs_deepfake_project/dfdc_subset_77_jpg/test/fake/fake_001787.jpg,fake,test,1,0.53825843334198,1,clean,medium
/media/D1/ait_users/staff122/deepfake_project/outputs_deepfake_project/dfdc_subset_77_jpg/test/fake/fake_001788.jpg,fake,test,1,0.26747581362724304,0,clean,medium
/media/D1/ait_users/staff122/deepfake_project/outputs_deepfake_project/dfdc_subset_77_jpg/test/fake/fake_001789.jpg,fake,test,1,0.7548799514770508,1,clean,medium
/media/D1/ait_users/staff122/deepfake_project/outputs_deepfake_project/dfdc_subset_77_jpg/test/fake/fake_001790.jpg,fake,test,1,0.9891301393508911,1,clean,medium
/media/D1/ait_users/staff122/deepfake_project/outputs_deepfake_project/dfdc_subset_77_jpg/test/fake/fake_001791.jpg,fake,test,1,0.2147657722234726,0,clean,medium
/media/D1/ait_users/staff122/deepfake_project/outputs_deepfake_project/dfdc_subset_77_jpg/test/fake/fake_001792.jpg,fake,test,1,0.26463374495506287,0,clean,medium
/media/D1/ait_users/staff122/deepfake_project/outputs_deepfake_project/dfdc_subset_77_jpg/test/fake/fake_001793.jpg,fake,test,1,0.27680933475494385,0,clean,medium
/media/D1/ait_users/staff122/deepfake_project/outputs_deepfake_project/dfdc_subset_77_jpg/test/fake/fake_001794.jpg,fake,test,1,0.256341814994812,0,clean,medium
/media/D1/ait_users/staff122/deepfake_project/outputs_deepfake_project/dfdc_subset_77_jpg/test/fake/fake_001795.jpg,fake,test,1,0.42540857195854187,0,clean,medium
/media/D1/ait_users/staff122/deepfake_project/outputs_deepfake_project/dfdc_subset_77_jpg/test/fake/fake_001796.jpg,fake,test,1,0.4059857130050659,0,clean,medium
/media/D1/ait_users/staff122/deepfake_project/outputs_deepfake_project/dfdc_subset_77_jpg/test/fake/fake_001797.jpg,fake,test,1,0.4505939781665802,0,clean,medium
/media/D1/ait_users/staff122/deepfake_project/outputs_deepfake_project/dfdc_subset_77_jpg/test/fake/fake_001798.jpg,fake,test,1,0.4184149205684662,0,clean,medium
/media/D1/ait_users/staff122/deepfake_project/outputs_deepfake_project/dfdc_subset_77_jpg/test/fake/fake_001799.jpg,fake,test,1,0.18233244121074677,0,clean,medium
/media/D1/ait_users/staff122/deepfake_project/outputs_deepfake_project/dfdc_subset_77_jpg/test/fake/fake_001800.jpg,fake,test,1,0.29370826482772827,0,clean,medium
/media/D1/ait_users/staff122/deepfake_project/outputs_deepfake_project/dfdc_subset_77_jpg/test/fake/fake_001801.jpg,fake,test,1,0.2293773740530014,0,clean,medium
/media/D1/ait_users/staff122/deepfake_project/outputs_deepfake_project/dfdc_subset_77_jpg/test/fake/fake_001802.jpg,fake,test,1,0.16565865278244019,0,clean,medium
/media/D1/ait_users/staff122/deepfake_project/outputs_deepfake_project/dfdc_subset_77_jpg/test/fake/fake_001803.jpg,fake,test,1,0.4603198766708374,0,clean,medium
/media/D1/ait_users/staff122/deepfake_project/outputs_deepfake_project/dfdc_subset_77_jpg/test/fake/fake_001804.jpg,fake,test,1,0.32362136244773865,0,clean,medium
/media/D1/ait_users/staff122/deepfake_project/outputs_deepfake_project/dfdc_subset_77_jpg/test/fake/fake_001805.jpg,fake,test,1,0.19632840156555176,0,clean,medium
/media/D1/ait_users/staff122/deepfake_project/outputs_deepfake_project/dfdc_subset_77_jpg/test/fake/fake_001806.jpg,fake,test,1,0.3894423842430115,0,clean,medium
/media/D1/ait_users/staff122/deepfake_project/outputs_deepfake_project/dfdc_subset_77_jpg/test/fake/fake_001807.jpg,fake,test,1,0.5640439391136169,1,clean,medium
/media/D1/ait_users/staff122/deepfake_project/outputs_deepfake_project/dfdc_subset_77_jpg/test/fake/fake_001808.jpg,fake,test,1,0.4694283604621887,0,clean,medium
/media/D1/ait_users/staff122/deepfake_project/outputs_deepfake_project/dfdc_subset_77_jpg/test/fake/fake_001809.jpg,fake,test,1,0.690161406993866,1,clean,medium
/media/D1/ait_users/staff122/deepfake_project/outputs_deepfake_project/dfdc_subset_77_jpg/test/fake/fake_001810.jpg,fake,test,1,0.5321664810180664,1,clean,medium
/media/D1/ait_users/staff122/deepfake_project/outputs_deepfake_project/dfdc_subset_77_jpg/test/fake/fake_001811.jpg,fake,test,1,0.27229464054107666,0,clean,medium
/media/D1/ait_users/staff122/deepfake_project/outputs_deepfake_project/dfdc_subset_77_jpg/test/fake/fake_001812.jpg,fake,test,1,0.571682333946228,1,clean,medium
/media/D1/ait_users/staff122/deepfake_project/outputs_deepfake_project/dfdc_subset_77_jpg/test/fake/fake_001813.jpg,fake,test,1,0.09202254563570023,0,clean,medium
/media/D1/ait_users/staff122/deepfake_project/outputs_deepfake_project/dfdc_subset_77_jpg/test/fake/fake_001814.jpg,fake,test,1,0.4188486933708191,0,clean,medium
/media/D1/ait_users/staff122/deepfake_project/outputs_deepfake_project/dfdc_subset_77_jpg/test/fake/fake_001815.jpg,fake,test,1,0.08323093503713608,0,clean,medium
/media/D1/ait_users/staff122/deepfake_project/outputs_deepfake_project/dfdc_subset_77_jpg/test/fake/fake_001816.jpg,fake,test,1,0.6039575338363647,1,clean,medium
/media/D1/ait_users/staff122/deepfake_project/outputs_deepfake_project/dfdc_subset_77_jpg/test/fake/fake_001817.jpg,fake,test,1,0.20051632821559906,0,clean,medium
/media/D1/ait_users/staff122/deepfake_project/outputs_deepfake_project/dfdc_subset_77_jpg/test/fake/fake_001818.jpg,fake,test,1,0.39184290170669556,0,clean,medium
/media/D1/ait_users/staff122/deepfake_project/outputs_deepfake_project/dfdc_subset_77_jpg/test/fake/fake_001819.jpg,fake,test,1,0.3189418613910675,0,clean,medium
/media/D1/ait_users/staff122/deepfake_project/outputs_deepfake_project/dfdc_subset_77_jpg/test/fake/fake_001820.jpg,fake,test,1,0.8945491909980774,1,clean,medium
/media/D1/ait_users/staff122/deepfake_project/outputs_deepfake_project/dfdc_subset_77_jpg/test/fake/fake_001821.jpg,fake,test,1,0.745214581489563,1,clean,medium
/media/D1/ait_users/staff122/deepfake_project/outputs_deepfake_project/dfdc_subset_77_jpg/test/fake/fake_001822.jpg,fake,test,1,0.2685025632381439,0,clean,medium
/media/D1/ait_users/staff122/deepfake_project/outputs_deepfake_project/dfdc_subset_77_jpg/test/fake/fake_001823.jpg,fake,test,1,0.5502274632453918,1,clean,medium
/media/D1/ait_users/staff122/deepfake_project/outputs_deepfake_project/dfdc_subset_77_jpg/test/fake/fake_001824.jpg,fake,test,1,0.2760108411312103,0,clean,medium
/media/D1/ait_users/staff122/deepfake_project/outputs_deepfake_project/dfdc_subset_77_jpg/test/fake/fake_001825.jpg,fake,test,1,0.9300424456596375,1,clean,medium
/media/D1/ait_users/staff122/deepfake_project/outputs_deepfake_project/dfdc_subset_77_jpg/test/fake/fake_001826.jpg,fake,test,1,0.5884238481521606,1,clean,medium
/media/D1/ait_users/staff122/deepfake_project/outputs_deepfake_project/dfdc_subset_77_jpg/test/fake/fake_001827.jpg,fake,test,1,0.7933931946754456,1,clean,medium
/media/D1/ait_users/staff122/deepfake_project/outputs_deepfake_project/dfdc_subset_77_jpg/test/fake/fake_001828.jpg,fake,test,1,0.9560607671737671,1,clean,medium
/media/D1/ait_users/staff122/deepfake_project/outputs_deepfake_project/dfdc_subset_77_jpg/test/fake/fake_001829.jpg,fake,test,1,0.9835737943649292,1,clean,medium
/media/D1/ait_users/staff122/deepfake_project/outputs_deepfake_project/dfdc_subset_77_jpg/test/fake/fake_001830.jpg,fake,test,1,0.9808228611946106,1,clean,medium
/media/D1/ait_users/staff122/deepfake_project/outputs_deepfake_project/dfdc_subset_77_jpg/test/fake/fake_001831.jpg,fake,test,1,0.6407219767570496,1,clean,medium
/media/D1/ait_users/staff122/deepfake_project/outputs_deepfake_project/dfdc_subset_77_jpg/test/fake/fake_001832.jpg,fake,test,1,0.5514587163925171,1,clean,medium
/media/D1/ait_users/staff122/deepfake_project/outputs_deepfake_project/dfdc_subset_77_jpg/test/fake/fake_001833.jpg,fake,test,1,0.5239085555076599,1,clean,medium
/media/D1/ait_users/staff122/deepfake_project/outputs_deepfake_project/dfdc_subset_77_jpg/test/fake/fake_001834.jpg,fake,test,1,0.7687464952468872,1,clean,medium
/media/D1/ait_users/staff122/deepfake_project/outputs_deepfake_project/dfdc_subset_77_jpg/test/fake/fake_001835.jpg,fake,test,1,0.34756165742874146,0,clean,medium
/media/D1/ait_users/staff122/deepfake_project/outputs_deepfake_project/dfdc_subset_77_jpg/test/fake/fake_001836.jpg,fake,test,1,0.4802795350551605,0,clean,medium
/media/D1/ait_users/staff122/deepfake_project/outputs_deepfake_project/dfdc_subset_77_jpg/test/fake/fake_001837.jpg,fake,test,1,0.488045334815979,0,clean,medium
/media/D1/ait_users/staff122/deepfake_project/outputs_deepfake_project/dfdc_subset_77_jpg/test/fake/fake_001838.jpg,fake,test,1,0.9036715626716614,1,clean,medium
/media/D1/ait_users/staff122/deepfake_project/outputs_deepfake_project/dfdc_subset_77_jpg/test/fake/fake_001839.jpg,fake,test,1,0.5453958511352539,1,clean,medium
/media/D1/ait_users/staff122/deepfake_project/outputs_deepfake_project/dfdc_subset_77_jpg/test/fake/fake_001840.jpg,fake,test,1,0.9765052795410156,1,clean,medium
/media/D1/ait_users/staff122/deepfake_project/outputs_deepfake_project/dfdc_subset_77_jpg/test/fake/fake_001841.jpg,fake,test,1,0.4682272672653198,0,clean,medium
/media/D1/ait_users/staff122/deepfake_project/outputs_deepfake_project/dfdc_subset_77_jpg/test/fake/fake_001842.jpg,fake,test,1,0.4658868908882141,0,clean,medium
/media/D1/ait_users/staff122/deepfake_project/outputs_deepfake_project/dfdc_subset_77_jpg/test/fake/fake_001843.jpg,fake,test,1,0.8330073356628418,1,clean,medium
/media/D1/ait_users/staff122/deepfake_project/outputs_deepfake_project/dfdc_subset_77_jpg/test/fake/fake_001844.jpg,fake,test,1,0.4778878092765808,0,clean,medium
/media/D1/ait_users/staff122/deepfake_project/outputs_deepfake_project/dfdc_subset_77_jpg/test/fake/fake_001845.jpg,fake,test,1,0.4908747971057892,0,clean,medium
/media/D1/ait_users/staff122/deepfake_project/outputs_deepfake_project/dfdc_subset_77_jpg/test/fake/fake_001846.jpg,fake,test,1,0.4698699116706848,0,clean,medium
/media/D1/ait_users/staff122/deepfake_project/outputs_deepfake_project/dfdc_subset_77_jpg/test/fake/fake_001847.jpg,fake,test,1,0.4705764055252075,0,clean,medium
/media/D1/ait_users/staff122/deepfake_project/outputs_deepfake_project/dfdc_subset_77_jpg/test/fake/fake_001848.jpg,fake,test,1,0.4718077778816223,0,clean,medium
/media/D1/ait_users/staff122/deepfake_project/outputs_deepfake_project/dfdc_subset_77_jpg/test/fake/fake_001849.jpg,fake,test,1,0.5246778130531311,1,clean,medium
/media/D1/ait_users/staff122/deepfake_project/outputs_deepfake_project/dfdc_subset_77_jpg/test/fake/fake_001850.jpg,fake,test,1,0.9816638231277466,1,clean,medium
/media/D1/ait_users/staff122/deepfake_project/outputs_deepfake_project/dfdc_subset_77_jpg/test/fake/fake_001851.jpg,fake,test,1,0.9610720872879028,1,clean,medium
/media/D1/ait_users/staff122/deepfake_project/outputs_deepfake_project/dfdc_subset_77_jpg/test/fake/fake_001852.jpg,fake,test,1,0.9777316451072693,1,clean,medium
/media/D1/ait_users/staff122/deepfake_project/outputs_deepfake_project/dfdc_subset_77_jpg/test/fake/fake_001853.jpg,fake,test,1,0.9940388202667236,1,clean,medium
/media/D1/ait_users/staff122/deepfake_project/outputs_deepfake_project/dfdc_subset_77_jpg/test/fake/fake_001854.jpg,fake,test,1,0.8547784686088562,1,clean,medium
/media/D1/ait_users/staff122/deepfake_project/outputs_deepfake_project/dfdc_subset_77_jpg/test/fake/fake_001855.jpg,fake,test,1,0.9060232043266296,1,clean,medium
/media/D1/ait_users/staff122/deepfake_project/outputs_deepfake_project/dfdc_subset_77_jpg/test/fake/fake_001856.jpg,fake,test,1,0.25043007731437683,0,clean,medium
/media/D1/ait_users/staff122/deepfake_project/outputs_deepfake_project/dfdc_subset_77_jpg/test/fake/fake_001857.jpg,fake,test,1,0.21008868515491486,0,clean,medium
/media/D1/ait_users/staff122/deepfake_project/outputs_deepfake_project/dfdc_subset_77_jpg/test/fake/fake_001858.jpg,fake,test,1,0.2643319368362427,0,clean,medium
/media/D1/ait_users/staff122/deepfake_project/outputs_deepfake_project/dfdc_subset_77_jpg/test/fake/fake_001859.jpg,fake,test,1,0.2922683656215668,0,clean,medium
/media/D1/ait_users/staff122/deepfake_project/outputs_deepfake_project/dfdc_subset_77_jpg/test/fake/fake_001860.jpg,fake,test,1,0.25913429260253906,0,clean,medium
/media/D1/ait_users/staff122/deepfake_project/outputs_deepfake_project/dfdc_subset_77_jpg/test/fake/fake_001861.jpg,fake,test,1,0.2762492001056671,0,clean,medium
/media/D1/ait_users/staff122/deepfake_project/outputs_deepfake_project/dfdc_subset_77_jpg/test/fake/fake_001862.jpg,fake,test,1,0.2775270342826843,0,clean,medium
/media/D1/ait_users/staff122/deepfake_project/outputs_deepfake_project/dfdc_subset_77_jpg/test/fake/fake_001863.jpg,fake,test,1,0.29228290915489197,0,clean,medium
/media/D1/ait_users/staff122/deepfake_project/outputs_deepfake_project/dfdc_subset_77_jpg/test/fake/fake_001864.jpg,fake,test,1,0.29135167598724365,0,clean,medium
/media/D1/ait_users/staff122/deepfake_project/outputs_deepfake_project/dfdc_subset_77_jpg/test/fake/fake_001865.jpg,fake,test,1,0.30891847610473633,0,clean,medium
/media/D1/ait_users/staff122/deepfake_project/outputs_deepfake_project/dfdc_subset_77_jpg/test/fake/fake_001866.jpg,fake,test,1,0.31427326798439026,0,clean,medium
/media/D1/ait_users/staff122/deepfake_project/outputs_deepfake_project/dfdc_subset_77_jpg/test/fake/fake_001867.jpg,fake,test,1,0.2832264006137848,0,clean,medium
/media/D1/ait_users/staff122/deepfake_project/outputs_deepfake_project/dfdc_subset_77_jpg/test/fake/fake_001868.jpg,fake,test,1,0.3680397570133209,0,clean,medium
/media/D1/ait_users/staff122/deepfake_project/outputs_deepfake_project/dfdc_subset_77_jpg/test/fake/fake_001869.jpg,fake,test,1,0.268302321434021,0,clean,medium
/media/D1/ait_users/staff122/deepfake_project/outputs_deepfake_project/dfdc_subset_77_jpg/test/fake/fake_001870.jpg,fake,test,1,0.30441924929618835,0,clean,medium
/media/D1/ait_users/staff122/deepfake_project/outputs_deepfake_project/dfdc_subset_77_jpg/test/fake/fake_001871.jpg,fake,test,1,0.27774837613105774,0,clean,medium
/media/D1/ait_users/staff122/deepfake_project/outputs_deepfake_project/dfdc_subset_77_jpg/test/fake/fake_001872.jpg,fake,test,1,0.42370763421058655,0,clean,medium
/media/D1/ait_users/staff122/deepfake_project/outputs_deepfake_project/dfdc_subset_77_jpg/test/fake/fake_001873.jpg,fake,test,1,0.2102869153022766,0,clean,medium
/media/D1/ait_users/staff122/deepfake_project/outputs_deepfake_project/dfdc_subset_77_jpg/test/fake/fake_001874.jpg,fake,test,1,0.20389550924301147,0,clean,medium
/media/D1/ait_users/staff122/deepfake_project/outputs_deepfake_project/dfdc_subset_77_jpg/test/fake/fake_001875.jpg,fake,test,1,0.4447038769721985,0,clean,medium
/media/D1/ait_users/staff122/deepfake_project/outputs_deepfake_project/dfdc_subset_77_jpg/test/fake/fake_001876.jpg,fake,test,1,0.2933206260204315,0,clean,medium
/media/D1/ait_users/staff122/deepfake_project/outputs_deepfake_project/dfdc_subset_77_jpg/test/fake/fake_001877.jpg,fake,test,1,0.20609959959983826,0,clean,medium
/media/D1/ait_users/staff122/deepfake_project/outputs_deepfake_project/dfdc_subset_77_jpg/test/fake/fake_001878.jpg,fake,test,1,0.22324131429195404,0,clean,medium
/media/D1/ait_users/staff122/deepfake_project/outputs_deepfake_project/dfdc_subset_77_jpg/test/fake/fake_001879.jpg,fake,test,1,0.28551390767097473,0,clean,medium
/media/D1/ait_users/staff122/deepfake_project/outputs_deepfake_project/dfdc_subset_77_jpg/test/fake/fake_001880.jpg,fake,test,1,0.2883557081222534,0,clean,medium
/media/D1/ait_users/staff122/deepfake_project/outputs_deepfake_project/dfdc_subset_77_jpg/test/fake/fake_001881.jpg,fake,test,1,0.2518175542354584,0,clean,medium
/media/D1/ait_users/staff122/deepfake_project/outputs_deepfake_project/dfdc_subset_77_jpg/test/fake/fake_001882.jpg,fake,test,1,0.24075549840927124,0,clean,medium
/media/D1/ait_users/staff122/deepfake_project/outputs_deepfake_project/dfdc_subset_77_jpg/test/fake/fake_001883.jpg,fake,test,1,0.2994634509086609,0,clean,medium
/media/D1/ait_users/staff122/deepfake_project/outputs_deepfake_project/dfdc_subset_77_jpg/test/fake/fake_001884.jpg,fake,test,1,0.21080589294433594,0,clean,medium
/media/D1/ait_users/staff122/deepfake_project/outputs_deepfake_project/dfdc_subset_77_jpg/test/fake/fake_001885.jpg,fake,test,1,0.30478641390800476,0,clean,medium
/media/D1/ait_users/staff122/deepfake_project/outputs_deepfake_project/dfdc_subset_77_jpg/test/fake/fake_001886.jpg,fake,test,1,0.29561036825180054,0,clean,medium
/media/D1/ait_users/staff122/deepfake_project/outputs_deepfake_project/dfdc_subset_77_jpg/test/fake/fake_001887.jpg,fake,test,1,0.2599588632583618,0,clean,medium
/media/D1/ait_users/staff122/deepfake_project/outputs_deepfake_project/dfdc_subset_77_jpg/test/fake/fake_001888.jpg,fake,test,1,0.47092485427856445,0,clean,medium
/media/D1/ait_users/staff122/deepfake_project/outputs_deepfake_project/dfdc_subset_77_jpg/test/fake/fake_001889.jpg,fake,test,1,0.4928560256958008,0,clean,medium
/media/D1/ait_users/staff122/deepfake_project/outputs_deepfake_project/dfdc_subset_77_jpg/test/fake/fake_001890.jpg,fake,test,1,0.467214435338974,0,clean,medium
/media/D1/ait_users/staff122/deepfake_project/outputs_deepfake_project/dfdc_subset_77_jpg/test/fake/fake_001891.jpg,fake,test,1,0.4433169364929199,0,clean,medium
/media/D1/ait_users/staff122/deepfake_project/outputs_deepfake_project/dfdc_subset_77_jpg/test/fake/fake_001892.jpg,fake,test,1,0.4359435737133026,0,clean,medium
/media/D1/ait_users/staff122/deepfake_project/outputs_deepfake_project/dfdc_subset_77_jpg/test/fake/fake_001893.jpg,fake,test,1,0.4335976839065552,0,clean,medium
/media/D1/ait_users/staff122/deepfake_project/outputs_deepfake_project/dfdc_subset_77_jpg/test/fake/fake_001894.jpg,fake,test,1,0.3800719380378723,0,clean,medium
/media/D1/ait_users/staff122/deepfake_project/outputs_deepfake_project/dfdc_subset_77_jpg/test/fake/fake_001895.jpg,fake,test,1,0.42738068103790283,0,clean,medium
/media/D1/ait_users/staff122/deepfake_project/outputs_deepfake_project/dfdc_subset_77_jpg/test/fake/fake_001896.jpg,fake,test,1,0.33472877740859985,0,clean,medium
/media/D1/ait_users/staff122/deepfake_project/outputs_deepfake_project/dfdc_subset_77_jpg/test/fake/fake_001897.jpg,fake,test,1,0.4626480042934418,0,clean,medium
/media/D1/ait_users/staff122/deepfake_project/outputs_deepfake_project/dfdc_subset_77_jpg/test/fake/fake_001898.jpg,fake,test,1,0.4204346835613251,0,clean,medium
/media/D1/ait_users/staff122/deepfake_project/outputs_deepfake_project/dfdc_subset_77_jpg/test/fake/fake_001899.jpg,fake,test,1,0.6628443598747253,1,clean,medium
/media/D1/ait_users/staff122/deepfake_project/outputs_deepfake_project/dfdc_subset_77_jpg/test/fake/fake_001900.jpg,fake,test,1,0.6738174557685852,1,clean,medium
/media/D1/ait_users/staff122/deepfake_project/outputs_deepfake_project/dfdc_subset_77_jpg/test/fake/fake_001901.jpg,fake,test,1,0.8315003514289856,1,clean,medium
/media/D1/ait_users/staff122/deepfake_project/outputs_deepfake_project/dfdc_subset_77_jpg/test/fake/fake_001902.jpg,fake,test,1,0.901626467704773,1,clean,medium
/media/D1/ait_users/staff122/deepfake_project/outputs_deepfake_project/dfdc_subset_77_jpg/test/fake/fake_001903.jpg,fake,test,1,0.9050866365432739,1,clean,medium
/media/D1/ait_users/staff122/deepfake_project/outputs_deepfake_project/dfdc_subset_77_jpg/test/fake/fake_001904.jpg,fake,test,1,0.39994779229164124,0,clean,medium
/media/D1/ait_users/staff122/deepfake_project/outputs_deepfake_project/dfdc_subset_77_jpg/test/fake/fake_001905.jpg,fake,test,1,0.785577118396759,1,clean,medium
/media/D1/ait_users/staff122/deepfake_project/outputs_deepfake_project/dfdc_subset_77_jpg/test/fake/fake_001906.jpg,fake,test,1,0.7712214589118958,1,clean,medium
/media/D1/ait_users/staff122/deepfake_project/outputs_deepfake_project/dfdc_subset_77_jpg/test/fake/fake_001907.jpg,fake,test,1,0.5743061304092407,1,clean,medium
/media/D1/ait_users/staff122/deepfake_project/outputs_deepfake_project/dfdc_subset_77_jpg/test/fake/fake_001908.jpg,fake,test,1,0.3581770956516266,0,clean,medium
/media/D1/ait_users/staff122/deepfake_project/outputs_deepfake_project/dfdc_subset_77_jpg/test/fake/fake_001909.jpg,fake,test,1,0.7413844466209412,1,clean,medium
/media/D1/ait_users/staff122/deepfake_project/outputs_deepfake_project/dfdc_subset_77_jpg/test/fake/fake_001910.jpg,fake,test,1,0.25631412863731384,0,clean,medium
/media/D1/ait_users/staff122/deepfake_project/outputs_deepfake_project/dfdc_subset_77_jpg/test/fake/fake_001911.jpg,fake,test,1,0.8721806406974792,1,clean,medium
/media/D1/ait_users/staff122/deepfake_project/outputs_deepfake_project/dfdc_subset_77_jpg/test/fake/fake_001912.jpg,fake,test,1,0.6677244901657104,1,clean,medium
/media/D1/ait_users/staff122/deepfake_project/outputs_deepfake_project/dfdc_subset_77_jpg/test/fake/fake_001913.jpg,fake,test,1,0.35311710834503174,0,clean,medium
/media/D1/ait_users/staff122/deepfake_project/outputs_deepfake_project/dfdc_subset_77_jpg/test/fake/fake_001914.jpg,fake,test,1,0.35333067178726196,0,clean,medium
/media/D1/ait_users/staff122/deepfake_project/outputs_deepfake_project/dfdc_subset_77_jpg/test/fake/fake_001915.jpg,fake,test,1,0.32244402170181274,0,clean,medium
/media/D1/ait_users/staff122/deepfake_project/outputs_deepfake_project/dfdc_subset_77_jpg/test/fake/fake_001916.jpg,fake,test,1,0.43069812655448914,0,clean,medium
/media/D1/ait_users/staff122/deepfake_project/outputs_deepfake_project/dfdc_subset_77_jpg/test/fake/fake_001917.jpg,fake,test,1,0.5191942453384399,1,clean,medium
/media/D1/ait_users/staff122/deepfake_project/outputs_deepfake_project/dfdc_subset_77_jpg/test/fake/fake_001918.jpg,fake,test,1,0.48679012060165405,0,clean,medium
/media/D1/ait_users/staff122/deepfake_project/outputs_deepfake_project/dfdc_subset_77_jpg/test/fake/fake_001919.jpg,fake,test,1,0.211032897233963,0,clean,medium
/media/D1/ait_users/staff122/deepfake_project/outputs_deepfake_project/dfdc_subset_77_jpg/test/fake/fake_001920.jpg,fake,test,1,0.9683526158332825,1,clean,medium
/media/D1/ait_users/staff122/deepfake_project/outputs_deepfake_project/dfdc_subset_77_jpg/test/fake/fake_001921.jpg,fake,test,1,0.9975159168243408,1,clean,medium
/media/D1/ait_users/staff122/deepfake_project/outputs_deepfake_project/dfdc_subset_77_jpg/test/fake/fake_001922.jpg,fake,test,1,0.9842334389686584,1,clean,medium
/media/D1/ait_users/staff122/deepfake_project/outputs_deepfake_project/dfdc_subset_77_jpg/test/fake/fake_001923.jpg,fake,test,1,0.9959930181503296,1,clean,medium
/media/D1/ait_users/staff122/deepfake_project/outputs_deepfake_project/dfdc_subset_77_jpg/test/fake/fake_001924.jpg,fake,test,1,0.9968780279159546,1,clean,medium
/media/D1/ait_users/staff122/deepfake_project/outputs_deepfake_project/dfdc_subset_77_jpg/test/fake/fake_001925.jpg,fake,test,1,0.9951130747795105,1,clean,medium
/media/D1/ait_users/staff122/deepfake_project/outputs_deepfake_project/dfdc_subset_77_jpg/test/fake/fake_001926.jpg,fake,test,1,0.9978867173194885,1,clean,medium
/media/D1/ait_users/staff122/deepfake_project/outputs_deepfake_project/dfdc_subset_77_jpg/test/fake/fake_001927.jpg,fake,test,1,0.9948470592498779,1,clean,medium
/media/D1/ait_users/staff122/deepfake_project/outputs_deepfake_project/dfdc_subset_77_jpg/test/fake/fake_001928.jpg,fake,test,1,0.9964391589164734,1,clean,medium
/media/D1/ait_users/staff122/deepfake_project/outputs_deepfake_project/dfdc_subset_77_jpg/test/fake/fake_001929.jpg,fake,test,1,0.996687114238739,1,clean,medium
/media/D1/ait_users/staff122/deepfake_project/outputs_deepfake_project/dfdc_subset_77_jpg/test/fake/fake_001930.jpg,fake,test,1,0.9954264760017395,1,clean,medium
/media/D1/ait_users/staff122/deepfake_project/outputs_deepfake_project/dfdc_subset_77_jpg/test/fake/fake_001931.jpg,fake,test,1,0.9891324639320374,1,clean,medium
/media/D1/ait_users/staff122/deepfake_project/outputs_deepfake_project/dfdc_subset_77_jpg/test/fake/fake_001932.jpg,fake,test,1,0.9469193816184998,1,clean,medium
/media/D1/ait_users/staff122/deepfake_project/outputs_deepfake_project/dfdc_subset_77_jpg/test/fake/fake_001933.jpg,fake,test,1,0.99970942735672,1,clean,medium
/media/D1/ait_users/staff122/deepfake_project/outputs_deepfake_project/dfdc_subset_77_jpg/test/fake/fake_001934.jpg,fake,test,1,0.9815280437469482,1,clean,medium
/media/D1/ait_users/staff122/deepfake_project/outputs_deepfake_project/dfdc_subset_77_jpg/test/fake/fake_001935.jpg,fake,test,1,0.995415210723877,1,clean,medium
/media/D1/ait_users/staff122/deepfake_project/outputs_deepfake_project/dfdc_subset_77_jpg/test/fake/fake_001936.jpg,fake,test,1,0.9950506091117859,1,clean,medium
/media/D1/ait_users/staff122/deepfake_project/outputs_deepfake_project/dfdc_subset_77_jpg/test/fake/fake_001937.jpg,fake,test,1,0.9933939576148987,1,clean,medium
/media/D1/ait_users/staff122/deepfake_project/outputs_deepfake_project/dfdc_subset_77_jpg/test/fake/fake_001938.jpg,fake,test,1,0.9960612654685974,1,clean,medium
/media/D1/ait_users/staff122/deepfake_project/outputs_deepfake_project/dfdc_subset_77_jpg/test/fake/fake_001939.jpg,fake,test,1,0.9475716948509216,1,clean,medium
/media/D1/ait_users/staff122/deepfake_project/outputs_deepfake_project/dfdc_subset_77_jpg/test/fake/fake_001940.jpg,fake,test,1,0.992827832698822,1,clean,medium
/media/D1/ait_users/staff122/deepfake_project/outputs_deepfake_project/dfdc_subset_77_jpg/test/fake/fake_001941.jpg,fake,test,1,0.9605448246002197,1,clean,medium
/media/D1/ait_users/staff122/deepfake_project/outputs_deepfake_project/dfdc_subset_77_jpg/test/fake/fake_001942.jpg,fake,test,1,0.9966092109680176,1,clean,medium
/media/D1/ait_users/staff122/deepfake_project/outputs_deepfake_project/dfdc_subset_77_jpg/test/fake/fake_001943.jpg,fake,test,1,0.9913724660873413,1,clean,medium
/media/D1/ait_users/staff122/deepfake_project/outputs_deepfake_project/dfdc_subset_77_jpg/test/fake/fake_001944.jpg,fake,test,1,0.9585341811180115,1,clean,medium
/media/D1/ait_users/staff122/deepfake_project/outputs_deepfake_project/dfdc_subset_77_jpg/test/fake/fake_001945.jpg,fake,test,1,0.9968039989471436,1,clean,medium
/media/D1/ait_users/staff122/deepfake_project/outputs_deepfake_project/dfdc_subset_77_jpg/test/fake/fake_001946.jpg,fake,test,1,0.9937061667442322,1,clean,medium
/media/D1/ait_users/staff122/deepfake_project/outputs_deepfake_project/dfdc_subset_77_jpg/test/fake/fake_001947.jpg,fake,test,1,0.9974231719970703,1,clean,medium
/media/D1/ait_users/staff122/deepfake_project/outputs_deepfake_project/dfdc_subset_77_jpg/test/fake/fake_001948.jpg,fake,test,1,0.9697209596633911,1,clean,medium
/media/D1/ait_users/staff122/deepfake_project/outputs_deepfake_project/dfdc_subset_77_jpg/test/fake/fake_001949.jpg,fake,test,1,0.977379322052002,1,clean,medium
/media/D1/ait_users/staff122/deepfake_project/outputs_deepfake_project/dfdc_subset_77_jpg/test/fake/fake_001950.jpg,fake,test,1,0.9985003471374512,1,clean,medium
/media/D1/ait_users/staff122/deepfake_project/outputs_deepfake_project/dfdc_subset_77_jpg/test/fake/fake_001951.jpg,fake,test,1,0.961708128452301,1,clean,medium
/media/D1/ait_users/staff122/deepfake_project/outputs_deepfake_project/dfdc_subset_77_jpg/test/fake/fake_001952.jpg,fake,test,1,0.0362950824201107,0,clean,medium
/media/D1/ait_users/staff122/deepfake_project/outputs_deepfake_project/dfdc_subset_77_jpg/test/fake/fake_001953.jpg,fake,test,1,0.17576657235622406,0,clean,medium
/media/D1/ait_users/staff122/deepfake_project/outputs_deepfake_project/dfdc_subset_77_jpg/test/fake/fake_001954.jpg,fake,test,1,0.5061817169189453,1,clean,medium
/media/D1/ait_users/staff122/deepfake_project/outputs_deepfake_project/dfdc_subset_77_jpg/test/fake/fake_001955.jpg,fake,test,1,0.17382051050662994,0,clean,medium
/media/D1/ait_users/staff122/deepfake_project/outputs_deepfake_project/dfdc_subset_77_jpg/test/fake/fake_001956.jpg,fake,test,1,0.39015108346939087,0,clean,medium
/media/D1/ait_users/staff122/deepfake_project/outputs_deepfake_project/dfdc_subset_77_jpg/test/fake/fake_001957.jpg,fake,test,1,0.11355281621217728,0,clean,medium
/media/D1/ait_users/staff122/deepfake_project/outputs_deepfake_project/dfdc_subset_77_jpg/test/fake/fake_001958.jpg,fake,test,1,0.07336357235908508,0,clean,medium
/media/D1/ait_users/staff122/deepfake_project/outputs_deepfake_project/dfdc_subset_77_jpg/test/fake/fake_001959.jpg,fake,test,1,0.03133520856499672,0,clean,medium
/media/D1/ait_users/staff122/deepfake_project/outputs_deepfake_project/dfdc_subset_77_jpg/test/fake/fake_001960.jpg,fake,test,1,0.0658842995762825,0,clean,medium
/media/D1/ait_users/staff122/deepfake_project/outputs_deepfake_project/dfdc_subset_77_jpg/test/fake/fake_001961.jpg,fake,test,1,0.0128905875608325,0,clean,medium
/media/D1/ait_users/staff122/deepfake_project/outputs_deepfake_project/dfdc_subset_77_jpg/test/fake/fake_001962.jpg,fake,test,1,0.02586255967617035,0,clean,medium
/media/D1/ait_users/staff122/deepfake_project/outputs_deepfake_project/dfdc_subset_77_jpg/test/fake/fake_001963.jpg,fake,test,1,0.040751539170742035,0,clean,medium
/media/D1/ait_users/staff122/deepfake_project/outputs_deepfake_project/dfdc_subset_77_jpg/test/fake/fake_001964.jpg,fake,test,1,0.014403874054551125,0,clean,medium
/media/D1/ait_users/staff122/deepfake_project/outputs_deepfake_project/dfdc_subset_77_jpg/test/fake/fake_001965.jpg,fake,test,1,0.02218521200120449,0,clean,medium
/media/D1/ait_users/staff122/deepfake_project/outputs_deepfake_project/dfdc_subset_77_jpg/test/fake/fake_001966.jpg,fake,test,1,0.01963135041296482,0,clean,medium
/media/D1/ait_users/staff122/deepfake_project/outputs_deepfake_project/dfdc_subset_77_jpg/test/fake/fake_001967.jpg,fake,test,1,0.030437268316745758,0,clean,medium
/media/D1/ait_users/staff122/deepfake_project/outputs_deepfake_project/dfdc_subset_77_jpg/test/fake/fake_001968.jpg,fake,test,1,0.05158572643995285,0,clean,medium
/media/D1/ait_users/staff122/deepfake_project/outputs_deepfake_project/dfdc_subset_77_jpg/test/fake/fake_001969.jpg,fake,test,1,0.020357703790068626,0,clean,medium
/media/D1/ait_users/staff122/deepfake_project/outputs_deepfake_project/dfdc_subset_77_jpg/test/fake/fake_001970.jpg,fake,test,1,0.012425646185874939,0,clean,medium
/media/D1/ait_users/staff122/deepfake_project/outputs_deepfake_project/dfdc_subset_77_jpg/test/fake/fake_001971.jpg,fake,test,1,0.023076850920915604,0,clean,medium
/media/D1/ait_users/staff122/deepfake_project/outputs_deepfake_project/dfdc_subset_77_jpg/test/fake/fake_001972.jpg,fake,test,1,0.006940406281501055,0,clean,medium
/media/D1/ait_users/staff122/deepfake_project/outputs_deepfake_project/dfdc_subset_77_jpg/test/fake/fake_001973.jpg,fake,test,1,0.031757280230522156,0,clean,medium
/media/D1/ait_users/staff122/deepfake_project/outputs_deepfake_project/dfdc_subset_77_jpg/test/fake/fake_001974.jpg,fake,test,1,0.017135027796030045,0,clean,medium
/media/D1/ait_users/staff122/deepfake_project/outputs_deepfake_project/dfdc_subset_77_jpg/test/fake/fake_001975.jpg,fake,test,1,0.07571413367986679,0,clean,medium
/media/D1/ait_users/staff122/deepfake_project/outputs_deepfake_project/dfdc_subset_77_jpg/test/fake/fake_001976.jpg,fake,test,1,0.23633848130702972,0,clean,medium
/media/D1/ait_users/staff122/deepfake_project/outputs_deepfake_project/dfdc_subset_77_jpg/test/fake/fake_001977.jpg,fake,test,1,0.2991156280040741,0,clean,medium
/media/D1/ait_users/staff122/deepfake_project/outputs_deepfake_project/dfdc_subset_77_jpg/test/fake/fake_001978.jpg,fake,test,1,0.23075464367866516,0,clean,medium
/media/D1/ait_users/staff122/deepfake_project/outputs_deepfake_project/dfdc_subset_77_jpg/test/fake/fake_001979.jpg,fake,test,1,0.19512687623500824,0,clean,medium
/media/D1/ait_users/staff122/deepfake_project/outputs_deepfake_project/dfdc_subset_77_jpg/test/fake/fake_001980.jpg,fake,test,1,0.08485230803489685,0,clean,medium
/media/D1/ait_users/staff122/deepfake_project/outputs_deepfake_project/dfdc_subset_77_jpg/test/fake/fake_001981.jpg,fake,test,1,0.06357132643461227,0,clean,medium
/media/D1/ait_users/staff122/deepfake_project/outputs_deepfake_project/dfdc_subset_77_jpg/test/fake/fake_001982.jpg,fake,test,1,0.058196060359478,0,clean,medium
/media/D1/ait_users/staff122/deepfake_project/outputs_deepfake_project/dfdc_subset_77_jpg/test/fake/fake_001983.jpg,fake,test,1,0.02094472385942936,0,clean,medium
/media/D1/ait_users/staff122/deepfake_project/outputs_deepfake_project/dfdc_subset_77_jpg/test/fake/fake_001984.jpg,fake,test,1,0.34316951036453247,0,clean,medium
/media/D1/ait_users/staff122/deepfake_project/outputs_deepfake_project/dfdc_subset_77_jpg/test/fake/fake_001985.jpg,fake,test,1,0.5870569348335266,1,clean,medium
/media/D1/ait_users/staff122/deepfake_project/outputs_deepfake_project/dfdc_subset_77_jpg/test/fake/fake_001986.jpg,fake,test,1,0.6690812706947327,1,clean,medium
/media/D1/ait_users/staff122/deepfake_project/outputs_deepfake_project/dfdc_subset_77_jpg/test/fake/fake_001987.jpg,fake,test,1,0.9277210831642151,1,clean,medium
/media/D1/ait_users/staff122/deepfake_project/outputs_deepfake_project/dfdc_subset_77_jpg/test/fake/fake_001988.jpg,fake,test,1,0.9243083000183105,1,clean,medium
/media/D1/ait_users/staff122/deepfake_project/outputs_deepfake_project/dfdc_subset_77_jpg/test/fake/fake_001989.jpg,fake,test,1,0.9770156145095825,1,clean,medium
/media/D1/ait_users/staff122/deepfake_project/outputs_deepfake_project/dfdc_subset_77_jpg/test/fake/fake_001990.jpg,fake,test,1,0.97763592004776,1,clean,medium
/media/D1/ait_users/staff122/deepfake_project/outputs_deepfake_project/dfdc_subset_77_jpg/test/fake/fake_001991.jpg,fake,test,1,0.991960346698761,1,clean,medium
/media/D1/ait_users/staff122/deepfake_project/outputs_deepfake_project/dfdc_subset_77_jpg/test/fake/fake_001992.jpg,fake,test,1,0.9983786344528198,1,clean,medium
/media/D1/ait_users/staff122/deepfake_project/outputs_deepfake_project/dfdc_subset_77_jpg/test/fake/fake_001993.jpg,fake,test,1,0.9975119829177856,1,clean,medium
/media/D1/ait_users/staff122/deepfake_project/outputs_deepfake_project/dfdc_subset_77_jpg/test/fake/fake_001994.jpg,fake,test,1,0.9831265807151794,1,clean,medium
/media/D1/ait_users/staff122/deepfake_project/outputs_deepfake_project/dfdc_subset_77_jpg/test/fake/fake_001995.jpg,fake,test,1,0.987859308719635,1,clean,medium
/media/D1/ait_users/staff122/deepfake_project/outputs_deepfake_project/dfdc_subset_77_jpg/test/fake/fake_001996.jpg,fake,test,1,0.9907121062278748,1,clean,medium
/media/D1/ait_users/staff122/deepfake_project/outputs_deepfake_project/dfdc_subset_77_jpg/test/fake/fake_001997.jpg,fake,test,1,0.9912172555923462,1,clean,medium
/media/D1/ait_users/staff122/deepfake_project/outputs_deepfake_project/dfdc_subset_77_jpg/test/fake/fake_001998.jpg,fake,test,1,0.9766759276390076,1,clean,medium
/media/D1/ait_users/staff122/deepfake_project/outputs_deepfake_project/dfdc_subset_77_jpg/test/fake/fake_001999.jpg,fake,test,1,0.9755768775939941,1,clean,medium
/media/D1/ait_users/staff122/deepfake_project/outputs_deepfake_project/dfdc_subset_77_jpg/test/fake/fake_002000.jpg,fake,test,1,0.9119772911071777,1,clean,medium
/media/D1/ait_users/staff122/deepfake_project/outputs_deepfake_project/dfdc_subset_77_jpg/test/fake/fake_002001.jpg,fake,test,1,0.9411209225654602,1,clean,medium
/media/D1/ait_users/staff122/deepfake_project/outputs_deepfake_project/dfdc_subset_77_jpg/test/fake/fake_002002.jpg,fake,test,1,0.8122440576553345,1,clean,medium
/media/D1/ait_users/staff122/deepfake_project/outputs_deepfake_project/dfdc_subset_77_jpg/test/fake/fake_002003.jpg,fake,test,1,0.9650460481643677,1,clean,medium
/media/D1/ait_users/staff122/deepfake_project/outputs_deepfake_project/dfdc_subset_77_jpg/test/fake/fake_002004.jpg,fake,test,1,0.7332096695899963,1,clean,medium
/media/D1/ait_users/staff122/deepfake_project/outputs_deepfake_project/dfdc_subset_77_jpg/test/fake/fake_002005.jpg,fake,test,1,0.4019585847854614,0,clean,medium
/media/D1/ait_users/staff122/deepfake_project/outputs_deepfake_project/dfdc_subset_77_jpg/test/fake/fake_002006.jpg,fake,test,1,0.9947043061256409,1,clean,medium
/media/D1/ait_users/staff122/deepfake_project/outputs_deepfake_project/dfdc_subset_77_jpg/test/fake/fake_002007.jpg,fake,test,1,0.9832257628440857,1,clean,medium
/media/D1/ait_users/staff122/deepfake_project/outputs_deepfake_project/dfdc_subset_77_jpg/test/fake/fake_002008.jpg,fake,test,1,0.9513198137283325,1,clean,medium
/media/D1/ait_users/staff122/deepfake_project/outputs_deepfake_project/dfdc_subset_77_jpg/test/fake/fake_002009.jpg,fake,test,1,0.9905666708946228,1,clean,medium
/media/D1/ait_users/staff122/deepfake_project/outputs_deepfake_project/dfdc_subset_77_jpg/test/fake/fake_002010.jpg,fake,test,1,0.5376624464988708,1,clean,medium
/media/D1/ait_users/staff122/deepfake_project/outputs_deepfake_project/dfdc_subset_77_jpg/test/fake/fake_002011.jpg,fake,test,1,0.9707430601119995,1,clean,medium
/media/D1/ait_users/staff122/deepfake_project/outputs_deepfake_project/dfdc_subset_77_jpg/test/fake/fake_002012.jpg,fake,test,1,0.9860643148422241,1,clean,medium
/media/D1/ait_users/staff122/deepfake_project/outputs_deepfake_project/dfdc_subset_77_jpg/test/fake/fake_002013.jpg,fake,test,1,0.9602187275886536,1,clean,medium
/media/D1/ait_users/staff122/deepfake_project/outputs_deepfake_project/dfdc_subset_77_jpg/test/fake/fake_002014.jpg,fake,test,1,0.9595627784729004,1,clean,medium
/media/D1/ait_users/staff122/deepfake_project/outputs_deepfake_project/dfdc_subset_77_jpg/test/fake/fake_002015.jpg,fake,test,1,0.687505304813385,1,clean,medium
/media/D1/ait_users/staff122/deepfake_project/outputs_deepfake_project/dfdc_subset_77_jpg/test/fake/fake_002016.jpg,fake,test,1,0.9954618811607361,1,clean,medium
/media/D1/ait_users/staff122/deepfake_project/outputs_deepfake_project/dfdc_subset_77_jpg/test/fake/fake_002017.jpg,fake,test,1,0.9971152544021606,1,clean,medium
/media/D1/ait_users/staff122/deepfake_project/outputs_deepfake_project/dfdc_subset_77_jpg/test/fake/fake_002018.jpg,fake,test,1,0.9967821836471558,1,clean,medium
/media/D1/ait_users/staff122/deepfake_project/outputs_deepfake_project/dfdc_subset_77_jpg/test/fake/fake_002019.jpg,fake,test,1,0.9752578139305115,1,clean,medium
/media/D1/ait_users/staff122/deepfake_project/outputs_deepfake_project/dfdc_subset_77_jpg/test/fake/fake_002020.jpg,fake,test,1,0.9970653653144836,1,clean,medium
/media/D1/ait_users/staff122/deepfake_project/outputs_deepfake_project/dfdc_subset_77_jpg/test/fake/fake_002021.jpg,fake,test,1,0.9367653131484985,1,clean,medium
/media/D1/ait_users/staff122/deepfake_project/outputs_deepfake_project/dfdc_subset_77_jpg/test/fake/fake_002022.jpg,fake,test,1,0.842265248298645,1,clean,medium
/media/D1/ait_users/staff122/deepfake_project/outputs_deepfake_project/dfdc_subset_77_jpg/test/fake/fake_002023.jpg,fake,test,1,0.9980121850967407,1,clean,medium
/media/D1/ait_users/staff122/deepfake_project/outputs_deepfake_project/dfdc_subset_77_jpg/test/fake/fake_002024.jpg,fake,test,1,0.9955203533172607,1,clean,medium
/media/D1/ait_users/staff122/deepfake_project/outputs_deepfake_project/dfdc_subset_77_jpg/test/fake/fake_002025.jpg,fake,test,1,0.996911883354187,1,clean,medium
/media/D1/ait_users/staff122/deepfake_project/outputs_deepfake_project/dfdc_subset_77_jpg/test/fake/fake_002026.jpg,fake,test,1,0.9934280514717102,1,clean,medium
/media/D1/ait_users/staff122/deepfake_project/outputs_deepfake_project/dfdc_subset_77_jpg/test/fake/fake_002027.jpg,fake,test,1,0.9535490870475769,1,clean,medium
/media/D1/ait_users/staff122/deepfake_project/outputs_deepfake_project/dfdc_subset_77_jpg/test/fake/fake_002028.jpg,fake,test,1,0.9625511169433594,1,clean,medium
/media/D1/ait_users/staff122/deepfake_project/outputs_deepfake_project/dfdc_subset_77_jpg/test/fake/fake_002029.jpg,fake,test,1,0.9836007952690125,1,clean,medium
/media/D1/ait_users/staff122/deepfake_project/outputs_deepfake_project/dfdc_subset_77_jpg/test/fake/fake_002030.jpg,fake,test,1,0.9835032224655151,1,clean,medium
/media/D1/ait_users/staff122/deepfake_project/outputs_deepfake_project/dfdc_subset_77_jpg/test/fake/fake_002031.jpg,fake,test,1,0.9887281656265259,1,clean,medium
/media/D1/ait_users/staff122/deepfake_project/outputs_deepfake_project/dfdc_subset_77_jpg/test/fake/fake_002032.jpg,fake,test,1,0.9120612740516663,1,clean,medium
/media/D1/ait_users/staff122/deepfake_project/outputs_deepfake_project/dfdc_subset_77_jpg/test/fake/fake_002033.jpg,fake,test,1,0.8638160228729248,1,clean,medium
/media/D1/ait_users/staff122/deepfake_project/outputs_deepfake_project/dfdc_subset_77_jpg/test/fake/fake_002034.jpg,fake,test,1,0.9747255444526672,1,clean,medium
/media/D1/ait_users/staff122/deepfake_project/outputs_deepfake_project/dfdc_subset_77_jpg/test/fake/fake_002035.jpg,fake,test,1,0.8307743668556213,1,clean,medium
/media/D1/ait_users/staff122/deepfake_project/outputs_deepfake_project/dfdc_subset_77_jpg/test/fake/fake_002036.jpg,fake,test,1,0.9919126033782959,1,clean,medium
/media/D1/ait_users/staff122/deepfake_project/outputs_deepfake_project/dfdc_subset_77_jpg/test/fake/fake_002037.jpg,fake,test,1,0.9889677166938782,1,clean,medium
/media/D1/ait_users/staff122/deepfake_project/outputs_deepfake_project/dfdc_subset_77_jpg/test/fake/fake_002038.jpg,fake,test,1,0.9980654120445251,1,clean,medium
/media/D1/ait_users/staff122/deepfake_project/outputs_deepfake_project/dfdc_subset_77_jpg/test/fake/fake_002039.jpg,fake,test,1,0.9983456134796143,1,clean,medium
/media/D1/ait_users/staff122/deepfake_project/outputs_deepfake_project/dfdc_subset_77_jpg/test/fake/fake_002040.jpg,fake,test,1,0.9849199056625366,1,clean,medium
/media/D1/ait_users/staff122/deepfake_project/outputs_deepfake_project/dfdc_subset_77_jpg/test/fake/fake_002041.jpg,fake,test,1,0.9927682876586914,1,clean,medium
/media/D1/ait_users/staff122/deepfake_project/outputs_deepfake_project/dfdc_subset_77_jpg/test/fake/fake_002042.jpg,fake,test,1,0.9935563206672668,1,clean,medium
/media/D1/ait_users/staff122/deepfake_project/outputs_deepfake_project/dfdc_subset_77_jpg/test/fake/fake_002043.jpg,fake,test,1,0.9592847228050232,1,clean,medium
/media/D1/ait_users/staff122/deepfake_project/outputs_deepfake_project/dfdc_subset_77_jpg/test/fake/fake_002044.jpg,fake,test,1,0.9267579317092896,1,clean,medium
/media/D1/ait_users/staff122/deepfake_project/outputs_deepfake_project/dfdc_subset_77_jpg/test/fake/fake_002045.jpg,fake,test,1,0.9842506647109985,1,clean,medium
/media/D1/ait_users/staff122/deepfake_project/outputs_deepfake_project/dfdc_subset_77_jpg/test/fake/fake_002046.jpg,fake,test,1,0.9948650002479553,1,clean,medium
/media/D1/ait_users/staff122/deepfake_project/outputs_deepfake_project/dfdc_subset_77_jpg/test/fake/fake_002047.jpg,fake,test,1,0.9940616488456726,1,clean,medium
/media/D1/ait_users/staff122/deepfake_project/outputs_deepfake_project/dfdc_subset_77_jpg/test/fake/fake_002048.jpg,fake,test,1,0.09183141589164734,0,clean,medium
/media/D1/ait_users/staff122/deepfake_project/outputs_deepfake_project/dfdc_subset_77_jpg/test/fake/fake_002049.jpg,fake,test,1,0.3942221999168396,0,clean,medium
/media/D1/ait_users/staff122/deepfake_project/outputs_deepfake_project/dfdc_subset_77_jpg/test/fake/fake_002050.jpg,fake,test,1,0.6864326000213623,1,clean,medium
/media/D1/ait_users/staff122/deepfake_project/outputs_deepfake_project/dfdc_subset_77_jpg/test/fake/fake_002051.jpg,fake,test,1,0.5661063194274902,1,clean,medium
/media/D1/ait_users/staff122/deepfake_project/outputs_deepfake_project/dfdc_subset_77_jpg/test/fake/fake_002052.jpg,fake,test,1,0.2897041141986847,0,clean,medium
/media/D1/ait_users/staff122/deepfake_project/outputs_deepfake_project/dfdc_subset_77_jpg/test/fake/fake_002053.jpg,fake,test,1,0.4542884826660156,0,clean,medium
/media/D1/ait_users/staff122/deepfake_project/outputs_deepfake_project/dfdc_subset_77_jpg/test/fake/fake_002054.jpg,fake,test,1,0.4282800853252411,0,clean,medium
/media/D1/ait_users/staff122/deepfake_project/outputs_deepfake_project/dfdc_subset_77_jpg/test/fake/fake_002055.jpg,fake,test,1,0.4518456757068634,0,clean,medium
/media/D1/ait_users/staff122/deepfake_project/outputs_deepfake_project/dfdc_subset_77_jpg/test/fake/fake_002056.jpg,fake,test,1,0.2600696086883545,0,clean,medium
/media/D1/ait_users/staff122/deepfake_project/outputs_deepfake_project/dfdc_subset_77_jpg/test/fake/fake_002057.jpg,fake,test,1,0.3013903498649597,0,clean,medium
/media/D1/ait_users/staff122/deepfake_project/outputs_deepfake_project/dfdc_subset_77_jpg/test/fake/fake_002058.jpg,fake,test,1,0.37089771032333374,0,clean,medium
/media/D1/ait_users/staff122/deepfake_project/outputs_deepfake_project/dfdc_subset_77_jpg/test/fake/fake_002059.jpg,fake,test,1,0.10519199818372726,0,clean,medium
/media/D1/ait_users/staff122/deepfake_project/outputs_deepfake_project/dfdc_subset_77_jpg/test/fake/fake_002060.jpg,fake,test,1,0.1295018196105957,0,clean,medium
/media/D1/ait_users/staff122/deepfake_project/outputs_deepfake_project/dfdc_subset_77_jpg/test/fake/fake_002061.jpg,fake,test,1,0.4976515471935272,0,clean,medium
/media/D1/ait_users/staff122/deepfake_project/outputs_deepfake_project/dfdc_subset_77_jpg/test/fake/fake_002062.jpg,fake,test,1,0.3417012393474579,0,clean,medium
/media/D1/ait_users/staff122/deepfake_project/outputs_deepfake_project/dfdc_subset_77_jpg/test/fake/fake_002063.jpg,fake,test,1,0.13340771198272705,0,clean,medium
/media/D1/ait_users/staff122/deepfake_project/outputs_deepfake_project/dfdc_subset_77_jpg/test/fake/fake_002064.jpg,fake,test,1,0.19413822889328003,0,clean,medium
/media/D1/ait_users/staff122/deepfake_project/outputs_deepfake_project/dfdc_subset_77_jpg/test/fake/fake_002065.jpg,fake,test,1,0.4250555634498596,0,clean,medium
/media/D1/ait_users/staff122/deepfake_project/outputs_deepfake_project/dfdc_subset_77_jpg/test/fake/fake_002066.jpg,fake,test,1,0.43031060695648193,0,clean,medium
/media/D1/ait_users/staff122/deepfake_project/outputs_deepfake_project/dfdc_subset_77_jpg/test/fake/fake_002067.jpg,fake,test,1,0.8473238945007324,1,clean,medium
/media/D1/ait_users/staff122/deepfake_project/outputs_deepfake_project/dfdc_subset_77_jpg/test/fake/fake_002068.jpg,fake,test,1,0.7313032150268555,1,clean,medium
/media/D1/ait_users/staff122/deepfake_project/outputs_deepfake_project/dfdc_subset_77_jpg/test/fake/fake_002069.jpg,fake,test,1,0.5583800077438354,1,clean,medium
/media/D1/ait_users/staff122/deepfake_project/outputs_deepfake_project/dfdc_subset_77_jpg/test/fake/fake_002070.jpg,fake,test,1,0.4587593972682953,0,clean,medium
/media/D1/ait_users/staff122/deepfake_project/outputs_deepfake_project/dfdc_subset_77_jpg/test/fake/fake_002071.jpg,fake,test,1,0.47060051560401917,0,clean,medium
/media/D1/ait_users/staff122/deepfake_project/outputs_deepfake_project/dfdc_subset_77_jpg/test/fake/fake_002072.jpg,fake,test,1,0.5888364911079407,1,clean,medium
/media/D1/ait_users/staff122/deepfake_project/outputs_deepfake_project/dfdc_subset_77_jpg/test/fake/fake_002073.jpg,fake,test,1,0.5722740292549133,1,clean,medium
/media/D1/ait_users/staff122/deepfake_project/outputs_deepfake_project/dfdc_subset_77_jpg/test/fake/fake_002074.jpg,fake,test,1,0.3093922734260559,0,clean,medium
/media/D1/ait_users/staff122/deepfake_project/outputs_deepfake_project/dfdc_subset_77_jpg/test/fake/fake_002075.jpg,fake,test,1,0.3420950770378113,0,clean,medium
/media/D1/ait_users/staff122/deepfake_project/outputs_deepfake_project/dfdc_subset_77_jpg/test/fake/fake_002076.jpg,fake,test,1,0.35989511013031006,0,clean,medium
/media/D1/ait_users/staff122/deepfake_project/outputs_deepfake_project/dfdc_subset_77_jpg/test/fake/fake_002077.jpg,fake,test,1,0.5149664282798767,1,clean,medium
/media/D1/ait_users/staff122/deepfake_project/outputs_deepfake_project/dfdc_subset_77_jpg/test/fake/fake_002078.jpg,fake,test,1,0.5736685395240784,1,clean,medium
/media/D1/ait_users/staff122/deepfake_project/outputs_deepfake_project/dfdc_subset_77_jpg/test/fake/fake_002079.jpg,fake,test,1,0.25202909111976624,0,clean,medium
/media/D1/ait_users/staff122/deepfake_project/outputs_deepfake_project/dfdc_subset_77_jpg/test/fake/fake_002080.jpg,fake,test,1,0.7716280817985535,1,clean,medium
/media/D1/ait_users/staff122/deepfake_project/outputs_deepfake_project/dfdc_subset_77_jpg/test/fake/fake_002081.jpg,fake,test,1,0.9610552191734314,1,clean,medium
/media/D1/ait_users/staff122/deepfake_project/outputs_deepfake_project/dfdc_subset_77_jpg/test/fake/fake_002082.jpg,fake,test,1,0.5338918566703796,1,clean,medium
/media/D1/ait_users/staff122/deepfake_project/outputs_deepfake_project/dfdc_subset_77_jpg/test/fake/fake_002083.jpg,fake,test,1,0.8876613974571228,1,clean,medium
/media/D1/ait_users/staff122/deepfake_project/outputs_deepfake_project/dfdc_subset_77_jpg/test/fake/fake_002084.jpg,fake,test,1,0.9905160069465637,1,clean,medium
/media/D1/ait_users/staff122/deepfake_project/outputs_deepfake_project/dfdc_subset_77_jpg/test/fake/fake_002085.jpg,fake,test,1,0.9930225014686584,1,clean,medium
/media/D1/ait_users/staff122/deepfake_project/outputs_deepfake_project/dfdc_subset_77_jpg/test/fake/fake_002086.jpg,fake,test,1,0.7176899909973145,1,clean,medium
/media/D1/ait_users/staff122/deepfake_project/outputs_deepfake_project/dfdc_subset_77_jpg/test/fake/fake_002087.jpg,fake,test,1,0.8726719617843628,1,clean,medium
/media/D1/ait_users/staff122/deepfake_project/outputs_deepfake_project/dfdc_subset_77_jpg/test/fake/fake_002088.jpg,fake,test,1,0.9809672236442566,1,clean,medium
/media/D1/ait_users/staff122/deepfake_project/outputs_deepfake_project/dfdc_subset_77_jpg/test/fake/fake_002089.jpg,fake,test,1,0.9801989197731018,1,clean,medium
/media/D1/ait_users/staff122/deepfake_project/outputs_deepfake_project/dfdc_subset_77_jpg/test/fake/fake_002090.jpg,fake,test,1,0.9248132109642029,1,clean,medium
/media/D1/ait_users/staff122/deepfake_project/outputs_deepfake_project/dfdc_subset_77_jpg/test/fake/fake_002091.jpg,fake,test,1,0.916399359703064,1,clean,medium
/media/D1/ait_users/staff122/deepfake_project/outputs_deepfake_project/dfdc_subset_77_jpg/test/fake/fake_002092.jpg,fake,test,1,0.9978747367858887,1,clean,medium
/media/D1/ait_users/staff122/deepfake_project/outputs_deepfake_project/dfdc_subset_77_jpg/test/fake/fake_002093.jpg,fake,test,1,0.9714791774749756,1,clean,medium
/media/D1/ait_users/staff122/deepfake_project/outputs_deepfake_project/dfdc_subset_77_jpg/test/fake/fake_002094.jpg,fake,test,1,0.9948370456695557,1,clean,medium
/media/D1/ait_users/staff122/deepfake_project/outputs_deepfake_project/dfdc_subset_77_jpg/test/fake/fake_002095.jpg,fake,test,1,0.9672194123268127,1,clean,medium
/media/D1/ait_users/staff122/deepfake_project/outputs_deepfake_project/dfdc_subset_77_jpg/test/fake/fake_002096.jpg,fake,test,1,0.9630765914916992,1,clean,medium
/media/D1/ait_users/staff122/deepfake_project/outputs_deepfake_project/dfdc_subset_77_jpg/test/fake/fake_002097.jpg,fake,test,1,0.9890199303627014,1,clean,medium
/media/D1/ait_users/staff122/deepfake_project/outputs_deepfake_project/dfdc_subset_77_jpg/test/fake/fake_002098.jpg,fake,test,1,0.20166923105716705,0,clean,medium
/media/D1/ait_users/staff122/deepfake_project/outputs_deepfake_project/dfdc_subset_77_jpg/test/fake/fake_002099.jpg,fake,test,1,0.7976978421211243,1,clean,medium
/media/D1/ait_users/staff122/deepfake_project/outputs_deepfake_project/dfdc_subset_77_jpg/test/fake/fake_002100.jpg,fake,test,1,0.9626298546791077,1,clean,medium
/media/D1/ait_users/staff122/deepfake_project/outputs_deepfake_project/dfdc_subset_77_jpg/test/fake/fake_002101.jpg,fake,test,1,0.9921898245811462,1,clean,medium
/media/D1/ait_users/staff122/deepfake_project/outputs_deepfake_project/dfdc_subset_77_jpg/test/fake/fake_002102.jpg,fake,test,1,0.9759618639945984,1,clean,medium
/media/D1/ait_users/staff122/deepfake_project/outputs_deepfake_project/dfdc_subset_77_jpg/test/fake/fake_002103.jpg,fake,test,1,0.9652503132820129,1,clean,medium
/media/D1/ait_users/staff122/deepfake_project/outputs_deepfake_project/dfdc_subset_77_jpg/test/fake/fake_002104.jpg,fake,test,1,0.9767056107521057,1,clean,medium
/media/D1/ait_users/staff122/deepfake_project/outputs_deepfake_project/dfdc_subset_77_jpg/test/fake/fake_002105.jpg,fake,test,1,0.9824739098548889,1,clean,medium
/media/D1/ait_users/staff122/deepfake_project/outputs_deepfake_project/dfdc_subset_77_jpg/test/fake/fake_002106.jpg,fake,test,1,0.9482911229133606,1,clean,medium
/media/D1/ait_users/staff122/deepfake_project/outputs_deepfake_project/dfdc_subset_77_jpg/test/fake/fake_002107.jpg,fake,test,1,0.6348761320114136,1,clean,medium
/media/D1/ait_users/staff122/deepfake_project/outputs_deepfake_project/dfdc_subset_77_jpg/test/fake/fake_002108.jpg,fake,test,1,0.6824899911880493,1,clean,medium
/media/D1/ait_users/staff122/deepfake_project/outputs_deepfake_project/dfdc_subset_77_jpg/test/fake/fake_002109.jpg,fake,test,1,0.9962249994277954,1,clean,medium
/media/D1/ait_users/staff122/deepfake_project/outputs_deepfake_project/dfdc_subset_77_jpg/test/fake/fake_002110.jpg,fake,test,1,0.9653528332710266,1,clean,medium
/media/D1/ait_users/staff122/deepfake_project/outputs_deepfake_project/dfdc_subset_77_jpg/test/fake/fake_002111.jpg,fake,test,1,0.9806717038154602,1,clean,medium
/media/D1/ait_users/staff122/deepfake_project/outputs_deepfake_project/dfdc_subset_77_jpg/test/fake/fake_002112.jpg,fake,test,1,0.45609748363494873,0,clean,medium
/media/D1/ait_users/staff122/deepfake_project/outputs_deepfake_project/dfdc_subset_77_jpg/test/fake/fake_002113.jpg,fake,test,1,0.4836175739765167,0,clean,medium
/media/D1/ait_users/staff122/deepfake_project/outputs_deepfake_project/dfdc_subset_77_jpg/test/fake/fake_002114.jpg,fake,test,1,0.29424986243247986,0,clean,medium
/media/D1/ait_users/staff122/deepfake_project/outputs_deepfake_project/dfdc_subset_77_jpg/test/fake/fake_002115.jpg,fake,test,1,0.506346583366394,1,clean,medium
/media/D1/ait_users/staff122/deepfake_project/outputs_deepfake_project/dfdc_subset_77_jpg/test/fake/fake_002116.jpg,fake,test,1,0.776219367980957,1,clean,medium
/media/D1/ait_users/staff122/deepfake_project/outputs_deepfake_project/dfdc_subset_77_jpg/test/fake/fake_002117.jpg,fake,test,1,0.924309492111206,1,clean,medium
/media/D1/ait_users/staff122/deepfake_project/outputs_deepfake_project/dfdc_subset_77_jpg/test/fake/fake_002118.jpg,fake,test,1,0.7664299011230469,1,clean,medium
/media/D1/ait_users/staff122/deepfake_project/outputs_deepfake_project/dfdc_subset_77_jpg/test/fake/fake_002119.jpg,fake,test,1,0.5213432908058167,1,clean,medium
/media/D1/ait_users/staff122/deepfake_project/outputs_deepfake_project/dfdc_subset_77_jpg/test/fake/fake_002120.jpg,fake,test,1,0.45613592863082886,0,clean,medium
/media/D1/ait_users/staff122/deepfake_project/outputs_deepfake_project/dfdc_subset_77_jpg/test/fake/fake_002121.jpg,fake,test,1,0.5472436547279358,1,clean,medium
/media/D1/ait_users/staff122/deepfake_project/outputs_deepfake_project/dfdc_subset_77_jpg/test/fake/fake_002122.jpg,fake,test,1,0.431868314743042,0,clean,medium
/media/D1/ait_users/staff122/deepfake_project/outputs_deepfake_project/dfdc_subset_77_jpg/test/fake/fake_002123.jpg,fake,test,1,0.5933362245559692,1,clean,medium
/media/D1/ait_users/staff122/deepfake_project/outputs_deepfake_project/dfdc_subset_77_jpg/test/fake/fake_002124.jpg,fake,test,1,0.8263111114501953,1,clean,medium
/media/D1/ait_users/staff122/deepfake_project/outputs_deepfake_project/dfdc_subset_77_jpg/test/fake/fake_002125.jpg,fake,test,1,0.6644976735115051,1,clean,medium
/media/D1/ait_users/staff122/deepfake_project/outputs_deepfake_project/dfdc_subset_77_jpg/test/fake/fake_002126.jpg,fake,test,1,0.4174921214580536,0,clean,medium
/media/D1/ait_users/staff122/deepfake_project/outputs_deepfake_project/dfdc_subset_77_jpg/test/fake/fake_002127.jpg,fake,test,1,0.46745383739471436,0,clean,medium
/media/D1/ait_users/staff122/deepfake_project/outputs_deepfake_project/dfdc_subset_77_jpg/test/fake/fake_002128.jpg,fake,test,1,0.26968562602996826,0,clean,medium
/media/D1/ait_users/staff122/deepfake_project/outputs_deepfake_project/dfdc_subset_77_jpg/test/fake/fake_002129.jpg,fake,test,1,0.7028241157531738,1,clean,medium
/media/D1/ait_users/staff122/deepfake_project/outputs_deepfake_project/dfdc_subset_77_jpg/test/fake/fake_002130.jpg,fake,test,1,0.7372897863388062,1,clean,medium
/media/D1/ait_users/staff122/deepfake_project/outputs_deepfake_project/dfdc_subset_77_jpg/test/fake/fake_002131.jpg,fake,test,1,0.4063010811805725,0,clean,medium
/media/D1/ait_users/staff122/deepfake_project/outputs_deepfake_project/dfdc_subset_77_jpg/test/fake/fake_002132.jpg,fake,test,1,0.32054197788238525,0,clean,medium
/media/D1/ait_users/staff122/deepfake_project/outputs_deepfake_project/dfdc_subset_77_jpg/test/fake/fake_002133.jpg,fake,test,1,0.29772377014160156,0,clean,medium
/media/D1/ait_users/staff122/deepfake_project/outputs_deepfake_project/dfdc_subset_77_jpg/test/fake/fake_002134.jpg,fake,test,1,0.3269493281841278,0,clean,medium
/media/D1/ait_users/staff122/deepfake_project/outputs_deepfake_project/dfdc_subset_77_jpg/test/fake/fake_002135.jpg,fake,test,1,0.40399667620658875,0,clean,medium
/media/D1/ait_users/staff122/deepfake_project/outputs_deepfake_project/dfdc_subset_77_jpg/test/fake/fake_002136.jpg,fake,test,1,0.6659216284751892,1,clean,medium
/media/D1/ait_users/staff122/deepfake_project/outputs_deepfake_project/dfdc_subset_77_jpg/test/fake/fake_002137.jpg,fake,test,1,0.6336129903793335,1,clean,medium
/media/D1/ait_users/staff122/deepfake_project/outputs_deepfake_project/dfdc_subset_77_jpg/test/fake/fake_002138.jpg,fake,test,1,0.42145204544067383,0,clean,medium
/media/D1/ait_users/staff122/deepfake_project/outputs_deepfake_project/dfdc_subset_77_jpg/test/fake/fake_002139.jpg,fake,test,1,0.47656241059303284,0,clean,medium
/media/D1/ait_users/staff122/deepfake_project/outputs_deepfake_project/dfdc_subset_77_jpg/test/fake/fake_002140.jpg,fake,test,1,0.47058120369911194,0,clean,medium
/media/D1/ait_users/staff122/deepfake_project/outputs_deepfake_project/dfdc_subset_77_jpg/test/fake/fake_002141.jpg,fake,test,1,0.44231706857681274,0,clean,medium
/media/D1/ait_users/staff122/deepfake_project/outputs_deepfake_project/dfdc_subset_77_jpg/test/fake/fake_002142.jpg,fake,test,1,0.40713033080101013,0,clean,medium
/media/D1/ait_users/staff122/deepfake_project/outputs_deepfake_project/dfdc_subset_77_jpg/test/fake/fake_002143.jpg,fake,test,1,0.2986416816711426,0,clean,medium
/media/D1/ait_users/staff122/deepfake_project/outputs_deepfake_project/dfdc_subset_77_jpg/test/fake/fake_002144.jpg,fake,test,1,0.19711750745773315,0,clean,medium
/media/D1/ait_users/staff122/deepfake_project/outputs_deepfake_project/dfdc_subset_77_jpg/test/fake/fake_002145.jpg,fake,test,1,0.6838457584381104,1,clean,medium
/media/D1/ait_users/staff122/deepfake_project/outputs_deepfake_project/dfdc_subset_77_jpg/test/fake/fake_002146.jpg,fake,test,1,0.5470666289329529,1,clean,medium
/media/D1/ait_users/staff122/deepfake_project/outputs_deepfake_project/dfdc_subset_77_jpg/test/fake/fake_002147.jpg,fake,test,1,0.3104068338871002,0,clean,medium
/media/D1/ait_users/staff122/deepfake_project/outputs_deepfake_project/dfdc_subset_77_jpg/test/fake/fake_002148.jpg,fake,test,1,0.34818387031555176,0,clean,medium
/media/D1/ait_users/staff122/deepfake_project/outputs_deepfake_project/dfdc_subset_77_jpg/test/fake/fake_002149.jpg,fake,test,1,0.6477050185203552,1,clean,medium
/media/D1/ait_users/staff122/deepfake_project/outputs_deepfake_project/dfdc_subset_77_jpg/test/fake/fake_002150.jpg,fake,test,1,0.3673711121082306,0,clean,medium
/media/D1/ait_users/staff122/deepfake_project/outputs_deepfake_project/dfdc_subset_77_jpg/test/fake/fake_002151.jpg,fake,test,1,0.20054185390472412,0,clean,medium
/media/D1/ait_users/staff122/deepfake_project/outputs_deepfake_project/dfdc_subset_77_jpg/test/fake/fake_002152.jpg,fake,test,1,0.6514336466789246,1,clean,medium
/media/D1/ait_users/staff122/deepfake_project/outputs_deepfake_project/dfdc_subset_77_jpg/test/fake/fake_002153.jpg,fake,test,1,0.3287178874015808,0,clean,medium
/media/D1/ait_users/staff122/deepfake_project/outputs_deepfake_project/dfdc_subset_77_jpg/test/fake/fake_002154.jpg,fake,test,1,0.3435688316822052,0,clean,medium
/media/D1/ait_users/staff122/deepfake_project/outputs_deepfake_project/dfdc_subset_77_jpg/test/fake/fake_002155.jpg,fake,test,1,0.5835116505622864,1,clean,medium
/media/D1/ait_users/staff122/deepfake_project/outputs_deepfake_project/dfdc_subset_77_jpg/test/fake/fake_002156.jpg,fake,test,1,0.5129668116569519,1,clean,medium
/media/D1/ait_users/staff122/deepfake_project/outputs_deepfake_project/dfdc_subset_77_jpg/test/fake/fake_002157.jpg,fake,test,1,0.5777863264083862,1,clean,medium
/media/D1/ait_users/staff122/deepfake_project/outputs_deepfake_project/dfdc_subset_77_jpg/test/fake/fake_002158.jpg,fake,test,1,0.5878308415412903,1,clean,medium
/media/D1/ait_users/staff122/deepfake_project/outputs_deepfake_project/dfdc_subset_77_jpg/test/fake/fake_002159.jpg,fake,test,1,0.5998486876487732,1,clean,medium
/media/D1/ait_users/staff122/deepfake_project/outputs_deepfake_project/dfdc_subset_77_jpg/test/fake/fake_002160.jpg,fake,test,1,0.12469198554754257,0,clean,medium
/media/D1/ait_users/staff122/deepfake_project/outputs_deepfake_project/dfdc_subset_77_jpg/test/fake/fake_002161.jpg,fake,test,1,0.750883936882019,1,clean,medium
/media/D1/ait_users/staff122/deepfake_project/outputs_deepfake_project/dfdc_subset_77_jpg/test/fake/fake_002162.jpg,fake,test,1,0.2520851492881775,0,clean,medium
/media/D1/ait_users/staff122/deepfake_project/outputs_deepfake_project/dfdc_subset_77_jpg/test/fake/fake_002163.jpg,fake,test,1,0.5435211062431335,1,clean,medium
/media/D1/ait_users/staff122/deepfake_project/outputs_deepfake_project/dfdc_subset_77_jpg/test/fake/fake_002164.jpg,fake,test,1,0.7367684841156006,1,clean,medium
/media/D1/ait_users/staff122/deepfake_project/outputs_deepfake_project/dfdc_subset_77_jpg/test/fake/fake_002165.jpg,fake,test,1,0.7391765117645264,1,clean,medium
/media/D1/ait_users/staff122/deepfake_project/outputs_deepfake_project/dfdc_subset_77_jpg/test/fake/fake_002166.jpg,fake,test,1,0.6774984002113342,1,clean,medium
/media/D1/ait_users/staff122/deepfake_project/outputs_deepfake_project/dfdc_subset_77_jpg/test/fake/fake_002167.jpg,fake,test,1,0.8413612246513367,1,clean,medium
/media/D1/ait_users/staff122/deepfake_project/outputs_deepfake_project/dfdc_subset_77_jpg/test/fake/fake_002168.jpg,fake,test,1,0.4873855412006378,0,clean,medium
/media/D1/ait_users/staff122/deepfake_project/outputs_deepfake_project/dfdc_subset_77_jpg/test/fake/fake_002169.jpg,fake,test,1,0.6825098991394043,1,clean,medium
/media/D1/ait_users/staff122/deepfake_project/outputs_deepfake_project/dfdc_subset_77_jpg/test/fake/fake_002170.jpg,fake,test,1,0.5395689010620117,1,clean,medium
/media/D1/ait_users/staff122/deepfake_project/outputs_deepfake_project/dfdc_subset_77_jpg/test/fake/fake_002171.jpg,fake,test,1,0.39555490016937256,0,clean,medium
/media/D1/ait_users/staff122/deepfake_project/outputs_deepfake_project/dfdc_subset_77_jpg/test/fake/fake_002172.jpg,fake,test,1,0.2444434016942978,0,clean,medium
/media/D1/ait_users/staff122/deepfake_project/outputs_deepfake_project/dfdc_subset_77_jpg/test/fake/fake_002173.jpg,fake,test,1,0.4263959228992462,0,clean,medium
/media/D1/ait_users/staff122/deepfake_project/outputs_deepfake_project/dfdc_subset_77_jpg/test/fake/fake_002174.jpg,fake,test,1,0.4599389135837555,0,clean,medium
/media/D1/ait_users/staff122/deepfake_project/outputs_deepfake_project/dfdc_subset_77_jpg/test/fake/fake_002175.jpg,fake,test,1,0.10376237332820892,0,clean,medium
/media/D1/ait_users/staff122/deepfake_project/outputs_deepfake_project/dfdc_subset_77_jpg/test/fake/fake_002176.jpg,fake,test,1,0.46877941489219666,0,clean,medium
/media/D1/ait_users/staff122/deepfake_project/outputs_deepfake_project/dfdc_subset_77_jpg/test/fake/fake_002177.jpg,fake,test,1,0.4915785491466522,0,clean,medium
/media/D1/ait_users/staff122/deepfake_project/outputs_deepfake_project/dfdc_subset_77_jpg/test/fake/fake_002178.jpg,fake,test,1,0.4641921818256378,0,clean,medium
/media/D1/ait_users/staff122/deepfake_project/outputs_deepfake_project/dfdc_subset_77_jpg/test/fake/fake_002179.jpg,fake,test,1,0.42225340008735657,0,clean,medium
/media/D1/ait_users/staff122/deepfake_project/outputs_deepfake_project/dfdc_subset_77_jpg/test/fake/fake_002180.jpg,fake,test,1,0.4585607349872589,0,clean,medium
/media/D1/ait_users/staff122/deepfake_project/outputs_deepfake_project/dfdc_subset_77_jpg/test/fake/fake_002181.jpg,fake,test,1,0.43556565046310425,0,clean,medium
/media/D1/ait_users/staff122/deepfake_project/outputs_deepfake_project/dfdc_subset_77_jpg/test/fake/fake_002182.jpg,fake,test,1,0.4033857583999634,0,clean,medium
/media/D1/ait_users/staff122/deepfake_project/outputs_deepfake_project/dfdc_subset_77_jpg/test/fake/fake_002183.jpg,fake,test,1,0.42432957887649536,0,clean,medium
/media/D1/ait_users/staff122/deepfake_project/outputs_deepfake_project/dfdc_subset_77_jpg/test/fake/fake_002184.jpg,fake,test,1,0.44368430972099304,0,clean,medium
/media/D1/ait_users/staff122/deepfake_project/outputs_deepfake_project/dfdc_subset_77_jpg/test/fake/fake_002185.jpg,fake,test,1,0.4689390957355499,0,clean,medium
/media/D1/ait_users/staff122/deepfake_project/outputs_deepfake_project/dfdc_subset_77_jpg/test/fake/fake_002186.jpg,fake,test,1,0.4473869502544403,0,clean,medium
/media/D1/ait_users/staff122/deepfake_project/outputs_deepfake_project/dfdc_subset_77_jpg/test/fake/fake_002187.jpg,fake,test,1,0.35808584094047546,0,clean,medium
/media/D1/ait_users/staff122/deepfake_project/outputs_deepfake_project/dfdc_subset_77_jpg/test/fake/fake_002188.jpg,fake,test,1,0.41831427812576294,0,clean,medium
/media/D1/ait_users/staff122/deepfake_project/outputs_deepfake_project/dfdc_subset_77_jpg/test/fake/fake_002189.jpg,fake,test,1,0.47818702459335327,0,clean,medium
/media/D1/ait_users/staff122/deepfake_project/outputs_deepfake_project/dfdc_subset_77_jpg/test/fake/fake_002190.jpg,fake,test,1,0.42914512753486633,0,clean,medium
/media/D1/ait_users/staff122/deepfake_project/outputs_deepfake_project/dfdc_subset_77_jpg/test/fake/fake_002191.jpg,fake,test,1,0.451466828584671,0,clean,medium
/media/D1/ait_users/staff122/deepfake_project/outputs_deepfake_project/dfdc_subset_77_jpg/test/fake/fake_002192.jpg,fake,test,1,0.41828474402427673,0,clean,medium
/media/D1/ait_users/staff122/deepfake_project/outputs_deepfake_project/dfdc_subset_77_jpg/test/fake/fake_002193.jpg,fake,test,1,0.6706225872039795,1,clean,medium
/media/D1/ait_users/staff122/deepfake_project/outputs_deepfake_project/dfdc_subset_77_jpg/test/fake/fake_002194.jpg,fake,test,1,0.3972851037979126,0,clean,medium
/media/D1/ait_users/staff122/deepfake_project/outputs_deepfake_project/dfdc_subset_77_jpg/test/fake/fake_002195.jpg,fake,test,1,0.4455147981643677,0,clean,medium
/media/D1/ait_users/staff122/deepfake_project/outputs_deepfake_project/dfdc_subset_77_jpg/test/fake/fake_002196.jpg,fake,test,1,0.5209589600563049,1,clean,medium
/media/D1/ait_users/staff122/deepfake_project/outputs_deepfake_project/dfdc_subset_77_jpg/test/fake/fake_002197.jpg,fake,test,1,0.44714775681495667,0,clean,medium
/media/D1/ait_users/staff122/deepfake_project/outputs_deepfake_project/dfdc_subset_77_jpg/test/fake/fake_002198.jpg,fake,test,1,0.3723684251308441,0,clean,medium
/media/D1/ait_users/staff122/deepfake_project/outputs_deepfake_project/dfdc_subset_77_jpg/test/fake/fake_002199.jpg,fake,test,1,0.3942421078681946,0,clean,medium
/media/D1/ait_users/staff122/deepfake_project/outputs_deepfake_project/dfdc_subset_77_jpg/test/fake/fake_002200.jpg,fake,test,1,0.3514244556427002,0,clean,medium
/media/D1/ait_users/staff122/deepfake_project/outputs_deepfake_project/dfdc_subset_77_jpg/test/fake/fake_002201.jpg,fake,test,1,0.39375656843185425,0,clean,medium
/media/D1/ait_users/staff122/deepfake_project/outputs_deepfake_project/dfdc_subset_77_jpg/test/fake/fake_002202.jpg,fake,test,1,0.4272407591342926,0,clean,medium
/media/D1/ait_users/staff122/deepfake_project/outputs_deepfake_project/dfdc_subset_77_jpg/test/fake/fake_002203.jpg,fake,test,1,0.3945219814777374,0,clean,medium
/media/D1/ait_users/staff122/deepfake_project/outputs_deepfake_project/dfdc_subset_77_jpg/test/fake/fake_002204.jpg,fake,test,1,0.48692911863327026,0,clean,medium
/media/D1/ait_users/staff122/deepfake_project/outputs_deepfake_project/dfdc_subset_77_jpg/test/fake/fake_002205.jpg,fake,test,1,0.41028136014938354,0,clean,medium
/media/D1/ait_users/staff122/deepfake_project/outputs_deepfake_project/dfdc_subset_77_jpg/test/fake/fake_002206.jpg,fake,test,1,0.42472878098487854,0,clean,medium
/media/D1/ait_users/staff122/deepfake_project/outputs_deepfake_project/dfdc_subset_77_jpg/test/fake/fake_002207.jpg,fake,test,1,0.4020841121673584,0,clean,medium
/media/D1/ait_users/staff122/deepfake_project/outputs_deepfake_project/dfdc_subset_77_jpg/test/fake/fake_002208.jpg,fake,test,1,0.999907374382019,1,clean,medium
/media/D1/ait_users/staff122/deepfake_project/outputs_deepfake_project/dfdc_subset_77_jpg/test/fake/fake_002209.jpg,fake,test,1,0.9998754262924194,1,clean,medium
/media/D1/ait_users/staff122/deepfake_project/outputs_deepfake_project/dfdc_subset_77_jpg/test/fake/fake_002210.jpg,fake,test,1,0.9998526573181152,1,clean,medium
/media/D1/ait_users/staff122/deepfake_project/outputs_deepfake_project/dfdc_subset_77_jpg/test/fake/fake_002211.jpg,fake,test,1,0.9998748302459717,1,clean,medium
/media/D1/ait_users/staff122/deepfake_project/outputs_deepfake_project/dfdc_subset_77_jpg/test/fake/fake_002212.jpg,fake,test,1,0.999894380569458,1,clean,medium
/media/D1/ait_users/staff122/deepfake_project/outputs_deepfake_project/dfdc_subset_77_jpg/test/fake/fake_002213.jpg,fake,test,1,0.9998225569725037,1,clean,medium
/media/D1/ait_users/staff122/deepfake_project/outputs_deepfake_project/dfdc_subset_77_jpg/test/fake/fake_002214.jpg,fake,test,1,0.9999582767486572,1,clean,medium
/media/D1/ait_users/staff122/deepfake_project/outputs_deepfake_project/dfdc_subset_77_jpg/test/fake/fake_002215.jpg,fake,test,1,0.9999520778656006,1,clean,medium
/media/D1/ait_users/staff122/deepfake_project/outputs_deepfake_project/dfdc_subset_77_jpg/test/fake/fake_002216.jpg,fake,test,1,0.9999569654464722,1,clean,medium
/media/D1/ait_users/staff122/deepfake_project/outputs_deepfake_project/dfdc_subset_77_jpg/test/fake/fake_002217.jpg,fake,test,1,0.9998569488525391,1,clean,medium
/media/D1/ait_users/staff122/deepfake_project/outputs_deepfake_project/dfdc_subset_77_jpg/test/fake/fake_002218.jpg,fake,test,1,0.9998704195022583,1,clean,medium
/media/D1/ait_users/staff122/deepfake_project/outputs_deepfake_project/dfdc_subset_77_jpg/test/fake/fake_002219.jpg,fake,test,1,0.999901294708252,1,clean,medium
/media/D1/ait_users/staff122/deepfake_project/outputs_deepfake_project/dfdc_subset_77_jpg/test/fake/fake_002220.jpg,fake,test,1,0.9999459981918335,1,clean,medium
/media/D1/ait_users/staff122/deepfake_project/outputs_deepfake_project/dfdc_subset_77_jpg/test/fake/fake_002221.jpg,fake,test,1,0.9999219179153442,1,clean,medium
/media/D1/ait_users/staff122/deepfake_project/outputs_deepfake_project/dfdc_subset_77_jpg/test/fake/fake_002222.jpg,fake,test,1,0.9999164342880249,1,clean,medium
/media/D1/ait_users/staff122/deepfake_project/outputs_deepfake_project/dfdc_subset_77_jpg/test/fake/fake_002223.jpg,fake,test,1,0.9998018145561218,1,clean,medium
/media/D1/ait_users/staff122/deepfake_project/outputs_deepfake_project/dfdc_subset_77_jpg/test/fake/fake_002224.jpg,fake,test,1,0.9997907280921936,1,clean,medium
/media/D1/ait_users/staff122/deepfake_project/outputs_deepfake_project/dfdc_subset_77_jpg/test/fake/fake_002225.jpg,fake,test,1,0.9999446868896484,1,clean,medium
/media/D1/ait_users/staff122/deepfake_project/outputs_deepfake_project/dfdc_subset_77_jpg/test/fake/fake_002226.jpg,fake,test,1,0.9999252557754517,1,clean,medium
/media/D1/ait_users/staff122/deepfake_project/outputs_deepfake_project/dfdc_subset_77_jpg/test/fake/fake_002227.jpg,fake,test,1,0.9999784231185913,1,clean,medium
/media/D1/ait_users/staff122/deepfake_project/outputs_deepfake_project/dfdc_subset_77_jpg/test/fake/fake_002228.jpg,fake,test,1,0.9999737739562988,1,clean,medium
/media/D1/ait_users/staff122/deepfake_project/outputs_deepfake_project/dfdc_subset_77_jpg/test/fake/fake_002229.jpg,fake,test,1,0.9999693632125854,1,clean,medium
/media/D1/ait_users/staff122/deepfake_project/outputs_deepfake_project/dfdc_subset_77_jpg/test/fake/fake_002230.jpg,fake,test,1,0.9999873638153076,1,clean,medium
/media/D1/ait_users/staff122/deepfake_project/outputs_deepfake_project/dfdc_subset_77_jpg/test/fake/fake_002231.jpg,fake,test,1,0.9999579191207886,1,clean,medium
/media/D1/ait_users/staff122/deepfake_project/outputs_deepfake_project/dfdc_subset_77_jpg/test/fake/fake_002232.jpg,fake,test,1,0.9999184608459473,1,clean,medium
/media/D1/ait_users/staff122/deepfake_project/outputs_deepfake_project/dfdc_subset_77_jpg/test/fake/fake_002233.jpg,fake,test,1,0.9999052286148071,1,clean,medium
/media/D1/ait_users/staff122/deepfake_project/outputs_deepfake_project/dfdc_subset_77_jpg/test/fake/fake_002234.jpg,fake,test,1,0.9999470710754395,1,clean,medium
/media/D1/ait_users/staff122/deepfake_project/outputs_deepfake_project/dfdc_subset_77_jpg/test/fake/fake_002235.jpg,fake,test,1,0.9999195337295532,1,clean,medium
/media/D1/ait_users/staff122/deepfake_project/outputs_deepfake_project/dfdc_subset_77_jpg/test/fake/fake_002236.jpg,fake,test,1,0.9999425411224365,1,clean,medium
/media/D1/ait_users/staff122/deepfake_project/outputs_deepfake_project/dfdc_subset_77_jpg/test/fake/fake_002237.jpg,fake,test,1,0.9999408721923828,1,clean,medium
/media/D1/ait_users/staff122/deepfake_project/outputs_deepfake_project/dfdc_subset_77_jpg/test/fake/fake_002238.jpg,fake,test,1,0.9998236298561096,1,clean,medium
/media/D1/ait_users/staff122/deepfake_project/outputs_deepfake_project/dfdc_subset_77_jpg/test/fake/fake_002239.jpg,fake,test,1,0.9996024966239929,1,clean,medium
/media/D1/ait_users/staff122/deepfake_project/outputs_deepfake_project/dfdc_subset_77_jpg/test/fake/fake_002240.jpg,fake,test,1,0.17249484360218048,0,clean,medium
/media/D1/ait_users/staff122/deepfake_project/outputs_deepfake_project/dfdc_subset_77_jpg/test/fake/fake_002241.jpg,fake,test,1,0.2739205062389374,0,clean,medium
/media/D1/ait_users/staff122/deepfake_project/outputs_deepfake_project/dfdc_subset_77_jpg/test/fake/fake_002242.jpg,fake,test,1,0.33820340037345886,0,clean,medium
/media/D1/ait_users/staff122/deepfake_project/outputs_deepfake_project/dfdc_subset_77_jpg/test/fake/fake_002243.jpg,fake,test,1,0.21152722835540771,0,clean,medium
/media/D1/ait_users/staff122/deepfake_project/outputs_deepfake_project/dfdc_subset_77_jpg/test/fake/fake_002244.jpg,fake,test,1,0.2804819941520691,0,clean,medium
/media/D1/ait_users/staff122/deepfake_project/outputs_deepfake_project/dfdc_subset_77_jpg/test/fake/fake_002245.jpg,fake,test,1,0.2045663297176361,0,clean,medium
/media/D1/ait_users/staff122/deepfake_project/outputs_deepfake_project/dfdc_subset_77_jpg/test/fake/fake_002246.jpg,fake,test,1,0.22307847440242767,0,clean,medium
/media/D1/ait_users/staff122/deepfake_project/outputs_deepfake_project/dfdc_subset_77_jpg/test/fake/fake_002247.jpg,fake,test,1,0.2215246707201004,0,clean,medium
/media/D1/ait_users/staff122/deepfake_project/outputs_deepfake_project/dfdc_subset_77_jpg/test/fake/fake_002248.jpg,fake,test,1,0.14575745165348053,0,clean,medium
/media/D1/ait_users/staff122/deepfake_project/outputs_deepfake_project/dfdc_subset_77_jpg/test/fake/fake_002249.jpg,fake,test,1,0.1624862104654312,0,clean,medium
/media/D1/ait_users/staff122/deepfake_project/outputs_deepfake_project/dfdc_subset_77_jpg/test/fake/fake_002250.jpg,fake,test,1,0.13669021427631378,0,clean,medium
/media/D1/ait_users/staff122/deepfake_project/outputs_deepfake_project/dfdc_subset_77_jpg/test/fake/fake_002251.jpg,fake,test,1,0.19458141922950745,0,clean,medium
/media/D1/ait_users/staff122/deepfake_project/outputs_deepfake_project/dfdc_subset_77_jpg/test/fake/fake_002252.jpg,fake,test,1,0.184030219912529,0,clean,medium
/media/D1/ait_users/staff122/deepfake_project/outputs_deepfake_project/dfdc_subset_77_jpg/test/fake/fake_002253.jpg,fake,test,1,0.206181138753891,0,clean,medium
/media/D1/ait_users/staff122/deepfake_project/outputs_deepfake_project/dfdc_subset_77_jpg/test/fake/fake_002254.jpg,fake,test,1,0.2690185308456421,0,clean,medium
/media/D1/ait_users/staff122/deepfake_project/outputs_deepfake_project/dfdc_subset_77_jpg/test/fake/fake_002255.jpg,fake,test,1,0.2729661464691162,0,clean,medium
/media/D1/ait_users/staff122/deepfake_project/outputs_deepfake_project/dfdc_subset_77_jpg/test/fake/fake_002256.jpg,fake,test,1,0.2337615191936493,0,clean,medium
/media/D1/ait_users/staff122/deepfake_project/outputs_deepfake_project/dfdc_subset_77_jpg/test/fake/fake_002257.jpg,fake,test,1,0.3072603642940521,0,clean,medium
/media/D1/ait_users/staff122/deepfake_project/outputs_deepfake_project/dfdc_subset_77_jpg/test/fake/fake_002258.jpg,fake,test,1,0.26345109939575195,0,clean,medium
/media/D1/ait_users/staff122/deepfake_project/outputs_deepfake_project/dfdc_subset_77_jpg/test/fake/fake_002259.jpg,fake,test,1,0.20952986180782318,0,clean,medium
/media/D1/ait_users/staff122/deepfake_project/outputs_deepfake_project/dfdc_subset_77_jpg/test/fake/fake_002260.jpg,fake,test,1,0.26035407185554504,0,clean,medium
/media/D1/ait_users/staff122/deepfake_project/outputs_deepfake_project/dfdc_subset_77_jpg/test/fake/fake_002261.jpg,fake,test,1,0.24841351807117462,0,clean,medium
/media/D1/ait_users/staff122/deepfake_project/outputs_deepfake_project/dfdc_subset_77_jpg/test/fake/fake_002262.jpg,fake,test,1,0.2907624840736389,0,clean,medium
/media/D1/ait_users/staff122/deepfake_project/outputs_deepfake_project/dfdc_subset_77_jpg/test/fake/fake_002263.jpg,fake,test,1,0.26950162649154663,0,clean,medium
/media/D1/ait_users/staff122/deepfake_project/outputs_deepfake_project/dfdc_subset_77_jpg/test/fake/fake_002264.jpg,fake,test,1,0.2993148863315582,0,clean,medium
/media/D1/ait_users/staff122/deepfake_project/outputs_deepfake_project/dfdc_subset_77_jpg/test/fake/fake_002265.jpg,fake,test,1,0.2703438997268677,0,clean,medium
/media/D1/ait_users/staff122/deepfake_project/outputs_deepfake_project/dfdc_subset_77_jpg/test/fake/fake_002266.jpg,fake,test,1,0.30414703488349915,0,clean,medium
/media/D1/ait_users/staff122/deepfake_project/outputs_deepfake_project/dfdc_subset_77_jpg/test/fake/fake_002267.jpg,fake,test,1,0.3750474154949188,0,clean,medium
/media/D1/ait_users/staff122/deepfake_project/outputs_deepfake_project/dfdc_subset_77_jpg/test/fake/fake_002268.jpg,fake,test,1,0.21975374221801758,0,clean,medium
/media/D1/ait_users/staff122/deepfake_project/outputs_deepfake_project/dfdc_subset_77_jpg/test/fake/fake_002269.jpg,fake,test,1,0.24576178193092346,0,clean,medium
/media/D1/ait_users/staff122/deepfake_project/outputs_deepfake_project/dfdc_subset_77_jpg/test/fake/fake_002270.jpg,fake,test,1,0.21360938251018524,0,clean,medium
/media/D1/ait_users/staff122/deepfake_project/outputs_deepfake_project/dfdc_subset_77_jpg/test/fake/fake_002271.jpg,fake,test,1,0.19200769066810608,0,clean,medium
/media/D1/ait_users/staff122/deepfake_project/outputs_deepfake_project/dfdc_subset_77_jpg/test/fake/fake_002272.jpg,fake,test,1,0.6531355381011963,1,clean,medium
/media/D1/ait_users/staff122/deepfake_project/outputs_deepfake_project/dfdc_subset_77_jpg/test/fake/fake_002273.jpg,fake,test,1,0.991245687007904,1,clean,medium
/media/D1/ait_users/staff122/deepfake_project/outputs_deepfake_project/dfdc_subset_77_jpg/test/fake/fake_002274.jpg,fake,test,1,0.9526780247688293,1,clean,medium
/media/D1/ait_users/staff122/deepfake_project/outputs_deepfake_project/dfdc_subset_77_jpg/test/fake/fake_002275.jpg,fake,test,1,0.9579772353172302,1,clean,medium
/media/D1/ait_users/staff122/deepfake_project/outputs_deepfake_project/dfdc_subset_77_jpg/test/fake/fake_002276.jpg,fake,test,1,0.9765807390213013,1,clean,medium
/media/D1/ait_users/staff122/deepfake_project/outputs_deepfake_project/dfdc_subset_77_jpg/test/fake/fake_002277.jpg,fake,test,1,0.9544586539268494,1,clean,medium
/media/D1/ait_users/staff122/deepfake_project/outputs_deepfake_project/dfdc_subset_77_jpg/test/fake/fake_002278.jpg,fake,test,1,0.9715969562530518,1,clean,medium
/media/D1/ait_users/staff122/deepfake_project/outputs_deepfake_project/dfdc_subset_77_jpg/test/fake/fake_002279.jpg,fake,test,1,0.9819951057434082,1,clean,medium
/media/D1/ait_users/staff122/deepfake_project/outputs_deepfake_project/dfdc_subset_77_jpg/test/fake/fake_002280.jpg,fake,test,1,0.9944766163825989,1,clean,medium
/media/D1/ait_users/staff122/deepfake_project/outputs_deepfake_project/dfdc_subset_77_jpg/test/fake/fake_002281.jpg,fake,test,1,0.9959698915481567,1,clean,medium
/media/D1/ait_users/staff122/deepfake_project/outputs_deepfake_project/dfdc_subset_77_jpg/test/fake/fake_002282.jpg,fake,test,1,0.9834008812904358,1,clean,medium
/media/D1/ait_users/staff122/deepfake_project/outputs_deepfake_project/dfdc_subset_77_jpg/test/fake/fake_002283.jpg,fake,test,1,0.9708578586578369,1,clean,medium
/media/D1/ait_users/staff122/deepfake_project/outputs_deepfake_project/dfdc_subset_77_jpg/test/fake/fake_002284.jpg,fake,test,1,0.7894731163978577,1,clean,medium
/media/D1/ait_users/staff122/deepfake_project/outputs_deepfake_project/dfdc_subset_77_jpg/test/fake/fake_002285.jpg,fake,test,1,0.9821115732192993,1,clean,medium
/media/D1/ait_users/staff122/deepfake_project/outputs_deepfake_project/dfdc_subset_77_jpg/test/fake/fake_002286.jpg,fake,test,1,0.9789309501647949,1,clean,medium
/media/D1/ait_users/staff122/deepfake_project/outputs_deepfake_project/dfdc_subset_77_jpg/test/fake/fake_002287.jpg,fake,test,1,0.9680024981498718,1,clean,medium
/media/D1/ait_users/staff122/deepfake_project/outputs_deepfake_project/dfdc_subset_77_jpg/test/fake/fake_002288.jpg,fake,test,1,0.9135976433753967,1,clean,medium
/media/D1/ait_users/staff122/deepfake_project/outputs_deepfake_project/dfdc_subset_77_jpg/test/fake/fake_002289.jpg,fake,test,1,0.9432367086410522,1,clean,medium
/media/D1/ait_users/staff122/deepfake_project/outputs_deepfake_project/dfdc_subset_77_jpg/test/fake/fake_002290.jpg,fake,test,1,0.9430180788040161,1,clean,medium
/media/D1/ait_users/staff122/deepfake_project/outputs_deepfake_project/dfdc_subset_77_jpg/test/fake/fake_002291.jpg,fake,test,1,0.9631208181381226,1,clean,medium
/media/D1/ait_users/staff122/deepfake_project/outputs_deepfake_project/dfdc_subset_77_jpg/test/fake/fake_002292.jpg,fake,test,1,0.9467145204544067,1,clean,medium
/media/D1/ait_users/staff122/deepfake_project/outputs_deepfake_project/dfdc_subset_77_jpg/test/fake/fake_002293.jpg,fake,test,1,0.9247984290122986,1,clean,medium
/media/D1/ait_users/staff122/deepfake_project/outputs_deepfake_project/dfdc_subset_77_jpg/test/fake/fake_002294.jpg,fake,test,1,0.9901576638221741,1,clean,medium
/media/D1/ait_users/staff122/deepfake_project/outputs_deepfake_project/dfdc_subset_77_jpg/test/fake/fake_002295.jpg,fake,test,1,0.9922939538955688,1,clean,medium
/media/D1/ait_users/staff122/deepfake_project/outputs_deepfake_project/dfdc_subset_77_jpg/test/fake/fake_002296.jpg,fake,test,1,0.9972105622291565,1,clean,medium
/media/D1/ait_users/staff122/deepfake_project/outputs_deepfake_project/dfdc_subset_77_jpg/test/fake/fake_002297.jpg,fake,test,1,0.9971444010734558,1,clean,medium
/media/D1/ait_users/staff122/deepfake_project/outputs_deepfake_project/dfdc_subset_77_jpg/test/fake/fake_002298.jpg,fake,test,1,0.9921934008598328,1,clean,medium
/media/D1/ait_users/staff122/deepfake_project/outputs_deepfake_project/dfdc_subset_77_jpg/test/fake/fake_002299.jpg,fake,test,1,0.9934938549995422,1,clean,medium
/media/D1/ait_users/staff122/deepfake_project/outputs_deepfake_project/dfdc_subset_77_jpg/test/fake/fake_002300.jpg,fake,test,1,0.9960238933563232,1,clean,medium
/media/D1/ait_users/staff122/deepfake_project/outputs_deepfake_project/dfdc_subset_77_jpg/test/fake/fake_002301.jpg,fake,test,1,0.9826831817626953,1,clean,medium
/media/D1/ait_users/staff122/deepfake_project/outputs_deepfake_project/dfdc_subset_77_jpg/test/fake/fake_002302.jpg,fake,test,1,0.959195077419281,1,clean,medium
/media/D1/ait_users/staff122/deepfake_project/outputs_deepfake_project/dfdc_subset_77_jpg/test/fake/fake_002303.jpg,fake,test,1,0.985545814037323,1,clean,medium
/media/D1/ait_users/staff122/deepfake_project/outputs_deepfake_project/dfdc_subset_77_jpg/test/fake/fake_002304.jpg,fake,test,1,0.1560864895582199,0,clean,medium
/media/D1/ait_users/staff122/deepfake_project/outputs_deepfake_project/dfdc_subset_77_jpg/test/fake/fake_002305.jpg,fake,test,1,0.2812754809856415,0,clean,medium
/media/D1/ait_users/staff122/deepfake_project/outputs_deepfake_project/dfdc_subset_77_jpg/test/fake/fake_002306.jpg,fake,test,1,0.2911393940448761,0,clean,medium
/media/D1/ait_users/staff122/deepfake_project/outputs_deepfake_project/dfdc_subset_77_jpg/test/fake/fake_002307.jpg,fake,test,1,0.3065069317817688,0,clean,medium
/media/D1/ait_users/staff122/deepfake_project/outputs_deepfake_project/dfdc_subset_77_jpg/test/fake/fake_002308.jpg,fake,test,1,0.23543550074100494,0,clean,medium
/media/D1/ait_users/staff122/deepfake_project/outputs_deepfake_project/dfdc_subset_77_jpg/test/fake/fake_002309.jpg,fake,test,1,0.4378471076488495,0,clean,medium
/media/D1/ait_users/staff122/deepfake_project/outputs_deepfake_project/dfdc_subset_77_jpg/test/fake/fake_002310.jpg,fake,test,1,0.43873536586761475,0,clean,medium
/media/D1/ait_users/staff122/deepfake_project/outputs_deepfake_project/dfdc_subset_77_jpg/test/fake/fake_002311.jpg,fake,test,1,0.4392208755016327,0,clean,medium
/media/D1/ait_users/staff122/deepfake_project/outputs_deepfake_project/dfdc_subset_77_jpg/test/fake/fake_002312.jpg,fake,test,1,0.27735409140586853,0,clean,medium
/media/D1/ait_users/staff122/deepfake_project/outputs_deepfake_project/dfdc_subset_77_jpg/test/fake/fake_002313.jpg,fake,test,1,0.41383096575737,0,clean,medium
/media/D1/ait_users/staff122/deepfake_project/outputs_deepfake_project/dfdc_subset_77_jpg/test/fake/fake_002314.jpg,fake,test,1,0.429726243019104,0,clean,medium
/media/D1/ait_users/staff122/deepfake_project/outputs_deepfake_project/dfdc_subset_77_jpg/test/fake/fake_002315.jpg,fake,test,1,0.22964787483215332,0,clean,medium
/media/D1/ait_users/staff122/deepfake_project/outputs_deepfake_project/dfdc_subset_77_jpg/test/fake/fake_002316.jpg,fake,test,1,0.43270769715309143,0,clean,medium
/media/D1/ait_users/staff122/deepfake_project/outputs_deepfake_project/dfdc_subset_77_jpg/test/fake/fake_002317.jpg,fake,test,1,0.23767389357089996,0,clean,medium
/media/D1/ait_users/staff122/deepfake_project/outputs_deepfake_project/dfdc_subset_77_jpg/test/fake/fake_002318.jpg,fake,test,1,0.22506150603294373,0,clean,medium
/media/D1/ait_users/staff122/deepfake_project/outputs_deepfake_project/dfdc_subset_77_jpg/test/fake/fake_002319.jpg,fake,test,1,0.26688531041145325,0,clean,medium
/media/D1/ait_users/staff122/deepfake_project/outputs_deepfake_project/dfdc_subset_77_jpg/test/fake/fake_002320.jpg,fake,test,1,0.44374775886535645,0,clean,medium
/media/D1/ait_users/staff122/deepfake_project/outputs_deepfake_project/dfdc_subset_77_jpg/test/fake/fake_002321.jpg,fake,test,1,0.4384864270687103,0,clean,medium
/media/D1/ait_users/staff122/deepfake_project/outputs_deepfake_project/dfdc_subset_77_jpg/test/fake/fake_002322.jpg,fake,test,1,0.4321359097957611,0,clean,medium
/media/D1/ait_users/staff122/deepfake_project/outputs_deepfake_project/dfdc_subset_77_jpg/test/fake/fake_002323.jpg,fake,test,1,0.18987242877483368,0,clean,medium
/media/D1/ait_users/staff122/deepfake_project/outputs_deepfake_project/dfdc_subset_77_jpg/test/fake/fake_002324.jpg,fake,test,1,0.13604184985160828,0,clean,medium
/media/D1/ait_users/staff122/deepfake_project/outputs_deepfake_project/dfdc_subset_77_jpg/test/fake/fake_002325.jpg,fake,test,1,0.2708772122859955,0,clean,medium
/media/D1/ait_users/staff122/deepfake_project/outputs_deepfake_project/dfdc_subset_77_jpg/test/fake/fake_002326.jpg,fake,test,1,0.4116409420967102,0,clean,medium
/media/D1/ait_users/staff122/deepfake_project/outputs_deepfake_project/dfdc_subset_77_jpg/test/fake/fake_002327.jpg,fake,test,1,0.510138750076294,1,clean,medium
/media/D1/ait_users/staff122/deepfake_project/outputs_deepfake_project/dfdc_subset_77_jpg/test/fake/fake_002328.jpg,fake,test,1,0.20516660809516907,0,clean,medium
/media/D1/ait_users/staff122/deepfake_project/outputs_deepfake_project/dfdc_subset_77_jpg/test/fake/fake_002329.jpg,fake,test,1,0.6431518793106079,1,clean,medium
/media/D1/ait_users/staff122/deepfake_project/outputs_deepfake_project/dfdc_subset_77_jpg/test/fake/fake_002330.jpg,fake,test,1,0.3265094757080078,0,clean,medium
/media/D1/ait_users/staff122/deepfake_project/outputs_deepfake_project/dfdc_subset_77_jpg/test/fake/fake_002331.jpg,fake,test,1,0.28194424510002136,0,clean,medium
/media/D1/ait_users/staff122/deepfake_project/outputs_deepfake_project/dfdc_subset_77_jpg/test/fake/fake_002332.jpg,fake,test,1,0.3722248673439026,0,clean,medium
/media/D1/ait_users/staff122/deepfake_project/outputs_deepfake_project/dfdc_subset_77_jpg/test/fake/fake_002333.jpg,fake,test,1,0.41939181089401245,0,clean,medium
/media/D1/ait_users/staff122/deepfake_project/outputs_deepfake_project/dfdc_subset_77_jpg/test/fake/fake_002334.jpg,fake,test,1,0.46153491735458374,0,clean,medium
/media/D1/ait_users/staff122/deepfake_project/outputs_deepfake_project/dfdc_subset_77_jpg/test/fake/fake_002335.jpg,fake,test,1,0.4256244897842407,0,clean,medium
/media/D1/ait_users/staff122/deepfake_project/outputs_deepfake_project/dfdc_subset_77_jpg/test/fake/fake_002336.jpg,fake,test,1,0.5710542798042297,1,clean,medium
/media/D1/ait_users/staff122/deepfake_project/outputs_deepfake_project/dfdc_subset_77_jpg/test/fake/fake_002337.jpg,fake,test,1,0.36651572585105896,0,clean,medium
/media/D1/ait_users/staff122/deepfake_project/outputs_deepfake_project/dfdc_subset_77_jpg/test/fake/fake_002338.jpg,fake,test,1,0.9347354769706726,1,clean,medium
/media/D1/ait_users/staff122/deepfake_project/outputs_deepfake_project/dfdc_subset_77_jpg/test/fake/fake_002339.jpg,fake,test,1,0.7232291102409363,1,clean,medium
/media/D1/ait_users/staff122/deepfake_project/outputs_deepfake_project/dfdc_subset_77_jpg/test/fake/fake_002340.jpg,fake,test,1,0.9552777409553528,1,clean,medium
/media/D1/ait_users/staff122/deepfake_project/outputs_deepfake_project/dfdc_subset_77_jpg/test/fake/fake_002341.jpg,fake,test,1,0.9004442691802979,1,clean,medium
/media/D1/ait_users/staff122/deepfake_project/outputs_deepfake_project/dfdc_subset_77_jpg/test/fake/fake_002342.jpg,fake,test,1,0.4616799056529999,0,clean,medium
/media/D1/ait_users/staff122/deepfake_project/outputs_deepfake_project/dfdc_subset_77_jpg/test/fake/fake_002343.jpg,fake,test,1,0.04687657952308655,0,clean,medium
/media/D1/ait_users/staff122/deepfake_project/outputs_deepfake_project/dfdc_subset_77_jpg/test/fake/fake_002344.jpg,fake,test,1,0.18061229586601257,0,clean,medium
/media/D1/ait_users/staff122/deepfake_project/outputs_deepfake_project/dfdc_subset_77_jpg/test/fake/fake_002345.jpg,fake,test,1,0.26011207699775696,0,clean,medium
/media/D1/ait_users/staff122/deepfake_project/outputs_deepfake_project/dfdc_subset_77_jpg/test/fake/fake_002346.jpg,fake,test,1,0.23658286035060883,0,clean,medium
/media/D1/ait_users/staff122/deepfake_project/outputs_deepfake_project/dfdc_subset_77_jpg/test/fake/fake_002347.jpg,fake,test,1,0.304122656583786,0,clean,medium
/media/D1/ait_users/staff122/deepfake_project/outputs_deepfake_project/dfdc_subset_77_jpg/test/fake/fake_002348.jpg,fake,test,1,0.08554008603096008,0,clean,medium
/media/D1/ait_users/staff122/deepfake_project/outputs_deepfake_project/dfdc_subset_77_jpg/test/fake/fake_002349.jpg,fake,test,1,0.13592574000358582,0,clean,medium
/media/D1/ait_users/staff122/deepfake_project/outputs_deepfake_project/dfdc_subset_77_jpg/test/fake/fake_002350.jpg,fake,test,1,0.2958225607872009,0,clean,medium
/media/D1/ait_users/staff122/deepfake_project/outputs_deepfake_project/dfdc_subset_77_jpg/test/fake/fake_002351.jpg,fake,test,1,0.17276257276535034,0,clean,medium
/media/D1/ait_users/staff122/deepfake_project/outputs_deepfake_project/dfdc_subset_77_jpg/test/fake/fake_002352.jpg,fake,test,1,0.268553227186203,0,clean,medium
/media/D1/ait_users/staff122/deepfake_project/outputs_deepfake_project/dfdc_subset_77_jpg/test/fake/fake_002353.jpg,fake,test,1,0.04068120941519737,0,clean,medium
/media/D1/ait_users/staff122/deepfake_project/outputs_deepfake_project/dfdc_subset_77_jpg/test/fake/fake_002354.jpg,fake,test,1,0.3004472255706787,0,clean,medium
/media/D1/ait_users/staff122/deepfake_project/outputs_deepfake_project/dfdc_subset_77_jpg/test/fake/fake_002355.jpg,fake,test,1,0.4205720126628876,0,clean,medium
/media/D1/ait_users/staff122/deepfake_project/outputs_deepfake_project/dfdc_subset_77_jpg/test/fake/fake_002356.jpg,fake,test,1,0.0692368820309639,0,clean,medium
/media/D1/ait_users/staff122/deepfake_project/outputs_deepfake_project/dfdc_subset_77_jpg/test/fake/fake_002357.jpg,fake,test,1,0.18717272579669952,0,clean,medium
/media/D1/ait_users/staff122/deepfake_project/outputs_deepfake_project/dfdc_subset_77_jpg/test/fake/fake_002358.jpg,fake,test,1,0.00641951709985733,0,clean,medium
/media/D1/ait_users/staff122/deepfake_project/outputs_deepfake_project/dfdc_subset_77_jpg/test/fake/fake_002359.jpg,fake,test,1,0.2735094428062439,0,clean,medium
/media/D1/ait_users/staff122/deepfake_project/outputs_deepfake_project/dfdc_subset_77_jpg/test/fake/fake_002360.jpg,fake,test,1,0.06327248364686966,0,clean,medium
/media/D1/ait_users/staff122/deepfake_project/outputs_deepfake_project/dfdc_subset_77_jpg/test/fake/fake_002361.jpg,fake,test,1,0.2466658502817154,0,clean,medium
/media/D1/ait_users/staff122/deepfake_project/outputs_deepfake_project/dfdc_subset_77_jpg/test/fake/fake_002362.jpg,fake,test,1,0.14157158136367798,0,clean,medium
/media/D1/ait_users/staff122/deepfake_project/outputs_deepfake_project/dfdc_subset_77_jpg/test/fake/fake_002363.jpg,fake,test,1,0.4631664454936981,0,clean,medium
/media/D1/ait_users/staff122/deepfake_project/outputs_deepfake_project/dfdc_subset_77_jpg/test/fake/fake_002364.jpg,fake,test,1,0.9593008160591125,1,clean,medium
/media/D1/ait_users/staff122/deepfake_project/outputs_deepfake_project/dfdc_subset_77_jpg/test/fake/fake_002365.jpg,fake,test,1,0.7168917059898376,1,clean,medium
/media/D1/ait_users/staff122/deepfake_project/outputs_deepfake_project/dfdc_subset_77_jpg/test/fake/fake_002366.jpg,fake,test,1,0.1885494589805603,0,clean,medium
/media/D1/ait_users/staff122/deepfake_project/outputs_deepfake_project/dfdc_subset_77_jpg/test/fake/fake_002367.jpg,fake,test,1,0.2938250005245209,0,clean,medium
/media/D1/ait_users/staff122/deepfake_project/outputs_deepfake_project/dfdc_subset_77_jpg/test/fake/fake_002368.jpg,fake,test,1,0.16548104584217072,0,clean,medium
/media/D1/ait_users/staff122/deepfake_project/outputs_deepfake_project/dfdc_subset_77_jpg/test/fake/fake_002369.jpg,fake,test,1,0.74153071641922,1,clean,medium
/media/D1/ait_users/staff122/deepfake_project/outputs_deepfake_project/dfdc_subset_77_jpg/test/fake/fake_002370.jpg,fake,test,1,0.574624240398407,1,clean,medium
/media/D1/ait_users/staff122/deepfake_project/outputs_deepfake_project/dfdc_subset_77_jpg/test/fake/fake_002371.jpg,fake,test,1,0.39209386706352234,0,clean,medium
/media/D1/ait_users/staff122/deepfake_project/outputs_deepfake_project/dfdc_subset_77_jpg/test/fake/fake_002372.jpg,fake,test,1,0.17755576968193054,0,clean,medium
/media/D1/ait_users/staff122/deepfake_project/outputs_deepfake_project/dfdc_subset_77_jpg/test/fake/fake_002373.jpg,fake,test,1,0.8629118800163269,1,clean,medium
/media/D1/ait_users/staff122/deepfake_project/outputs_deepfake_project/dfdc_subset_77_jpg/test/fake/fake_002374.jpg,fake,test,1,0.7384076118469238,1,clean,medium
/media/D1/ait_users/staff122/deepfake_project/outputs_deepfake_project/dfdc_subset_77_jpg/test/fake/fake_002375.jpg,fake,test,1,0.6416385769844055,1,clean,medium
/media/D1/ait_users/staff122/deepfake_project/outputs_deepfake_project/dfdc_subset_77_jpg/test/fake/fake_002376.jpg,fake,test,1,0.22121021151542664,0,clean,medium
/media/D1/ait_users/staff122/deepfake_project/outputs_deepfake_project/dfdc_subset_77_jpg/test/fake/fake_002377.jpg,fake,test,1,0.31378042697906494,0,clean,medium
/media/D1/ait_users/staff122/deepfake_project/outputs_deepfake_project/dfdc_subset_77_jpg/test/fake/fake_002378.jpg,fake,test,1,0.35296931862831116,0,clean,medium
/media/D1/ait_users/staff122/deepfake_project/outputs_deepfake_project/dfdc_subset_77_jpg/test/fake/fake_002379.jpg,fake,test,1,0.10584470629692078,0,clean,medium
/media/D1/ait_users/staff122/deepfake_project/outputs_deepfake_project/dfdc_subset_77_jpg/test/fake/fake_002380.jpg,fake,test,1,0.4994359016418457,0,clean,medium
/media/D1/ait_users/staff122/deepfake_project/outputs_deepfake_project/dfdc_subset_77_jpg/test/fake/fake_002381.jpg,fake,test,1,0.3346700966358185,0,clean,medium
/media/D1/ait_users/staff122/deepfake_project/outputs_deepfake_project/dfdc_subset_77_jpg/test/fake/fake_002382.jpg,fake,test,1,0.4171791076660156,0,clean,medium
/media/D1/ait_users/staff122/deepfake_project/outputs_deepfake_project/dfdc_subset_77_jpg/test/fake/fake_002383.jpg,fake,test,1,0.39298033714294434,0,clean,medium
/media/D1/ait_users/staff122/deepfake_project/outputs_deepfake_project/dfdc_subset_77_jpg/test/fake/fake_002384.jpg,fake,test,1,0.5165939331054688,1,clean,medium
/media/D1/ait_users/staff122/deepfake_project/outputs_deepfake_project/dfdc_subset_77_jpg/test/fake/fake_002385.jpg,fake,test,1,0.48659178614616394,0,clean,medium
/media/D1/ait_users/staff122/deepfake_project/outputs_deepfake_project/dfdc_subset_77_jpg/test/fake/fake_002386.jpg,fake,test,1,0.4788140058517456,0,clean,medium
/media/D1/ait_users/staff122/deepfake_project/outputs_deepfake_project/dfdc_subset_77_jpg/test/fake/fake_002387.jpg,fake,test,1,0.5054442286491394,1,clean,medium
/media/D1/ait_users/staff122/deepfake_project/outputs_deepfake_project/dfdc_subset_77_jpg/test/fake/fake_002388.jpg,fake,test,1,0.3601375222206116,0,clean,medium
/media/D1/ait_users/staff122/deepfake_project/outputs_deepfake_project/dfdc_subset_77_jpg/test/fake/fake_002389.jpg,fake,test,1,0.5346507430076599,1,clean,medium
/media/D1/ait_users/staff122/deepfake_project/outputs_deepfake_project/dfdc_subset_77_jpg/test/fake/fake_002390.jpg,fake,test,1,0.4633731245994568,0,clean,medium
/media/D1/ait_users/staff122/deepfake_project/outputs_deepfake_project/dfdc_subset_77_jpg/test/fake/fake_002391.jpg,fake,test,1,0.6220120787620544,1,clean,medium
/media/D1/ait_users/staff122/deepfake_project/outputs_deepfake_project/dfdc_subset_77_jpg/test/fake/fake_002392.jpg,fake,test,1,0.57771235704422,1,clean,medium
/media/D1/ait_users/staff122/deepfake_project/outputs_deepfake_project/dfdc_subset_77_jpg/test/fake/fake_002393.jpg,fake,test,1,0.5104908347129822,1,clean,medium
/media/D1/ait_users/staff122/deepfake_project/outputs_deepfake_project/dfdc_subset_77_jpg/test/fake/fake_002394.jpg,fake,test,1,0.9295442700386047,1,clean,medium
/media/D1/ait_users/staff122/deepfake_project/outputs_deepfake_project/dfdc_subset_77_jpg/test/fake/fake_002395.jpg,fake,test,1,0.5188853144645691,1,clean,medium
/media/D1/ait_users/staff122/deepfake_project/outputs_deepfake_project/dfdc_subset_77_jpg/test/fake/fake_002396.jpg,fake,test,1,0.3400166630744934,0,clean,medium
/media/D1/ait_users/staff122/deepfake_project/outputs_deepfake_project/dfdc_subset_77_jpg/test/fake/fake_002397.jpg,fake,test,1,0.4404842257499695,0,clean,medium
/media/D1/ait_users/staff122/deepfake_project/outputs_deepfake_project/dfdc_subset_77_jpg/test/fake/fake_002398.jpg,fake,test,1,0.21035906672477722,0,clean,medium
/media/D1/ait_users/staff122/deepfake_project/outputs_deepfake_project/dfdc_subset_77_jpg/test/fake/fake_002399.jpg,fake,test,1,0.1781643033027649,0,clean,medium
/media/D1/ait_users/staff122/deepfake_project/outputs_deepfake_project/dfdc_subset_77_jpg/test/fake/fake_002400.jpg,fake,test,1,0.24234731495380402,0,clean,medium
/media/D1/ait_users/staff122/deepfake_project/outputs_deepfake_project/dfdc_subset_77_jpg/test/fake/fake_002401.jpg,fake,test,1,0.2625195384025574,0,clean,medium
/media/D1/ait_users/staff122/deepfake_project/outputs_deepfake_project/dfdc_subset_77_jpg/test/fake/fake_002402.jpg,fake,test,1,0.26492297649383545,0,clean,medium
/media/D1/ait_users/staff122/deepfake_project/outputs_deepfake_project/dfdc_subset_77_jpg/test/fake/fake_002403.jpg,fake,test,1,0.2616412341594696,0,clean,medium
/media/D1/ait_users/staff122/deepfake_project/outputs_deepfake_project/dfdc_subset_77_jpg/test/fake/fake_002404.jpg,fake,test,1,0.42689248919487,0,clean,medium
/media/D1/ait_users/staff122/deepfake_project/outputs_deepfake_project/dfdc_subset_77_jpg/test/fake/fake_002405.jpg,fake,test,1,0.27954599261283875,0,clean,medium
/media/D1/ait_users/staff122/deepfake_project/outputs_deepfake_project/dfdc_subset_77_jpg/test/fake/fake_002406.jpg,fake,test,1,0.283155232667923,0,clean,medium
/media/D1/ait_users/staff122/deepfake_project/outputs_deepfake_project/dfdc_subset_77_jpg/test/fake/fake_002407.jpg,fake,test,1,0.2911151647567749,0,clean,medium
/media/D1/ait_users/staff122/deepfake_project/outputs_deepfake_project/dfdc_subset_77_jpg/test/fake/fake_002408.jpg,fake,test,1,0.30128684639930725,0,clean,medium
/media/D1/ait_users/staff122/deepfake_project/outputs_deepfake_project/dfdc_subset_77_jpg/test/fake/fake_002409.jpg,fake,test,1,0.31181418895721436,0,clean,medium
/media/D1/ait_users/staff122/deepfake_project/outputs_deepfake_project/dfdc_subset_77_jpg/test/fake/fake_002410.jpg,fake,test,1,0.30007532238960266,0,clean,medium
/media/D1/ait_users/staff122/deepfake_project/outputs_deepfake_project/dfdc_subset_77_jpg/test/fake/fake_002411.jpg,fake,test,1,0.2630721926689148,0,clean,medium
/media/D1/ait_users/staff122/deepfake_project/outputs_deepfake_project/dfdc_subset_77_jpg/test/fake/fake_002412.jpg,fake,test,1,0.3773256838321686,0,clean,medium
/media/D1/ait_users/staff122/deepfake_project/outputs_deepfake_project/dfdc_subset_77_jpg/test/fake/fake_002413.jpg,fake,test,1,0.25687605142593384,0,clean,medium
/media/D1/ait_users/staff122/deepfake_project/outputs_deepfake_project/dfdc_subset_77_jpg/test/fake/fake_002414.jpg,fake,test,1,0.29568737745285034,0,clean,medium
/media/D1/ait_users/staff122/deepfake_project/outputs_deepfake_project/dfdc_subset_77_jpg/test/fake/fake_002415.jpg,fake,test,1,0.25821763277053833,0,clean,medium
/media/D1/ait_users/staff122/deepfake_project/outputs_deepfake_project/dfdc_subset_77_jpg/test/fake/fake_002416.jpg,fake,test,1,0.20419521629810333,0,clean,medium
/media/D1/ait_users/staff122/deepfake_project/outputs_deepfake_project/dfdc_subset_77_jpg/test/fake/fake_002417.jpg,fake,test,1,0.23620085418224335,0,clean,medium
/media/D1/ait_users/staff122/deepfake_project/outputs_deepfake_project/dfdc_subset_77_jpg/test/fake/fake_002418.jpg,fake,test,1,0.23543094098567963,0,clean,medium
/media/D1/ait_users/staff122/deepfake_project/outputs_deepfake_project/dfdc_subset_77_jpg/test/fake/fake_002419.jpg,fake,test,1,0.22684410214424133,0,clean,medium
/media/D1/ait_users/staff122/deepfake_project/outputs_deepfake_project/dfdc_subset_77_jpg/test/fake/fake_002420.jpg,fake,test,1,0.2781989276409149,0,clean,medium
/media/D1/ait_users/staff122/deepfake_project/outputs_deepfake_project/dfdc_subset_77_jpg/test/fake/fake_002421.jpg,fake,test,1,0.2241005152463913,0,clean,medium
/media/D1/ait_users/staff122/deepfake_project/outputs_deepfake_project/dfdc_subset_77_jpg/test/fake/fake_002422.jpg,fake,test,1,0.24459490180015564,0,clean,medium
/media/D1/ait_users/staff122/deepfake_project/outputs_deepfake_project/dfdc_subset_77_jpg/test/fake/fake_002423.jpg,fake,test,1,0.2692378759384155,0,clean,medium
/media/D1/ait_users/staff122/deepfake_project/outputs_deepfake_project/dfdc_subset_77_jpg/test/fake/fake_002424.jpg,fake,test,1,0.2583123743534088,0,clean,medium
/media/D1/ait_users/staff122/deepfake_project/outputs_deepfake_project/dfdc_subset_77_jpg/test/fake/fake_002425.jpg,fake,test,1,0.242961123585701,0,clean,medium
/media/D1/ait_users/staff122/deepfake_project/outputs_deepfake_project/dfdc_subset_77_jpg/test/fake/fake_002426.jpg,fake,test,1,0.24504366517066956,0,clean,medium
/media/D1/ait_users/staff122/deepfake_project/outputs_deepfake_project/dfdc_subset_77_jpg/test/fake/fake_002427.jpg,fake,test,1,0.29977524280548096,0,clean,medium
/media/D1/ait_users/staff122/deepfake_project/outputs_deepfake_project/dfdc_subset_77_jpg/test/fake/fake_002428.jpg,fake,test,1,0.2828829288482666,0,clean,medium
/media/D1/ait_users/staff122/deepfake_project/outputs_deepfake_project/dfdc_subset_77_jpg/test/fake/fake_002429.jpg,fake,test,1,0.28943854570388794,0,clean,medium
/media/D1/ait_users/staff122/deepfake_project/outputs_deepfake_project/dfdc_subset_77_jpg/test/fake/fake_002430.jpg,fake,test,1,0.25136032700538635,0,clean,medium
/media/D1/ait_users/staff122/deepfake_project/outputs_deepfake_project/dfdc_subset_77_jpg/test/fake/fake_002431.jpg,fake,test,1,0.25742653012275696,0,clean,medium
/media/D1/ait_users/staff122/deepfake_project/outputs_deepfake_project/dfdc_subset_77_jpg/test/fake/fake_002432.jpg,fake,test,1,0.20855329930782318,0,clean,medium
/media/D1/ait_users/staff122/deepfake_project/outputs_deepfake_project/dfdc_subset_77_jpg/test/fake/fake_002433.jpg,fake,test,1,0.09436297416687012,0,clean,medium
/media/D1/ait_users/staff122/deepfake_project/outputs_deepfake_project/dfdc_subset_77_jpg/test/fake/fake_002434.jpg,fake,test,1,0.16560044884681702,0,clean,medium
/media/D1/ait_users/staff122/deepfake_project/outputs_deepfake_project/dfdc_subset_77_jpg/test/fake/fake_002435.jpg,fake,test,1,0.03966129571199417,0,clean,medium
/media/D1/ait_users/staff122/deepfake_project/outputs_deepfake_project/dfdc_subset_77_jpg/test/fake/fake_002436.jpg,fake,test,1,0.060137391090393066,0,clean,medium
/media/D1/ait_users/staff122/deepfake_project/outputs_deepfake_project/dfdc_subset_77_jpg/test/fake/fake_002437.jpg,fake,test,1,0.19404537975788116,0,clean,medium
/media/D1/ait_users/staff122/deepfake_project/outputs_deepfake_project/dfdc_subset_77_jpg/test/fake/fake_002438.jpg,fake,test,1,0.14176295697689056,0,clean,medium
/media/D1/ait_users/staff122/deepfake_project/outputs_deepfake_project/dfdc_subset_77_jpg/test/fake/fake_002439.jpg,fake,test,1,0.1725475788116455,0,clean,medium
/media/D1/ait_users/staff122/deepfake_project/outputs_deepfake_project/dfdc_subset_77_jpg/test/fake/fake_002440.jpg,fake,test,1,0.05774619057774544,0,clean,medium
/media/D1/ait_users/staff122/deepfake_project/outputs_deepfake_project/dfdc_subset_77_jpg/test/fake/fake_002441.jpg,fake,test,1,0.040712498128414154,0,clean,medium
/media/D1/ait_users/staff122/deepfake_project/outputs_deepfake_project/dfdc_subset_77_jpg/test/fake/fake_002442.jpg,fake,test,1,0.04392355680465698,0,clean,medium
/media/D1/ait_users/staff122/deepfake_project/outputs_deepfake_project/dfdc_subset_77_jpg/test/fake/fake_002443.jpg,fake,test,1,0.732028067111969,1,clean,medium
/media/D1/ait_users/staff122/deepfake_project/outputs_deepfake_project/dfdc_subset_77_jpg/test/fake/fake_002444.jpg,fake,test,1,0.14459271728992462,0,clean,medium
/media/D1/ait_users/staff122/deepfake_project/outputs_deepfake_project/dfdc_subset_77_jpg/test/fake/fake_002445.jpg,fake,test,1,0.6293563842773438,1,clean,medium
/media/D1/ait_users/staff122/deepfake_project/outputs_deepfake_project/dfdc_subset_77_jpg/test/fake/fake_002446.jpg,fake,test,1,0.2921473979949951,0,clean,medium
/media/D1/ait_users/staff122/deepfake_project/outputs_deepfake_project/dfdc_subset_77_jpg/test/fake/fake_002447.jpg,fake,test,1,0.24037563800811768,0,clean,medium
/media/D1/ait_users/staff122/deepfake_project/outputs_deepfake_project/dfdc_subset_77_jpg/test/fake/fake_002448.jpg,fake,test,1,0.2909851670265198,0,clean,medium
/media/D1/ait_users/staff122/deepfake_project/outputs_deepfake_project/dfdc_subset_77_jpg/test/fake/fake_002449.jpg,fake,test,1,0.22604207694530487,0,clean,medium
/media/D1/ait_users/staff122/deepfake_project/outputs_deepfake_project/dfdc_subset_77_jpg/test/fake/fake_002450.jpg,fake,test,1,0.6200001239776611,1,clean,medium
/media/D1/ait_users/staff122/deepfake_project/outputs_deepfake_project/dfdc_subset_77_jpg/test/fake/fake_002451.jpg,fake,test,1,0.17238953709602356,0,clean,medium
/media/D1/ait_users/staff122/deepfake_project/outputs_deepfake_project/dfdc_subset_77_jpg/test/fake/fake_002452.jpg,fake,test,1,0.08969835191965103,0,clean,medium
/media/D1/ait_users/staff122/deepfake_project/outputs_deepfake_project/dfdc_subset_77_jpg/test/fake/fake_002453.jpg,fake,test,1,0.26445645093917847,0,clean,medium
/media/D1/ait_users/staff122/deepfake_project/outputs_deepfake_project/dfdc_subset_77_jpg/test/fake/fake_002454.jpg,fake,test,1,0.3071730136871338,0,clean,medium
/media/D1/ait_users/staff122/deepfake_project/outputs_deepfake_project/dfdc_subset_77_jpg/test/fake/fake_002455.jpg,fake,test,1,0.06733394414186478,0,clean,medium
/media/D1/ait_users/staff122/deepfake_project/outputs_deepfake_project/dfdc_subset_77_jpg/test/fake/fake_002456.jpg,fake,test,1,0.05466306209564209,0,clean,medium
/media/D1/ait_users/staff122/deepfake_project/outputs_deepfake_project/dfdc_subset_77_jpg/test/fake/fake_002457.jpg,fake,test,1,0.052949029952287674,0,clean,medium
/media/D1/ait_users/staff122/deepfake_project/outputs_deepfake_project/dfdc_subset_77_jpg/test/fake/fake_002458.jpg,fake,test,1,0.021883996203541756,0,clean,medium
/media/D1/ait_users/staff122/deepfake_project/outputs_deepfake_project/dfdc_subset_77_jpg/test/fake/fake_002459.jpg,fake,test,1,0.021032288670539856,0,clean,medium
/media/D1/ait_users/staff122/deepfake_project/outputs_deepfake_project/dfdc_subset_77_jpg/test/fake/fake_002460.jpg,fake,test,1,0.13189031183719635,0,clean,medium
/media/D1/ait_users/staff122/deepfake_project/outputs_deepfake_project/dfdc_subset_77_jpg/test/fake/fake_002461.jpg,fake,test,1,0.08005036413669586,0,clean,medium
/media/D1/ait_users/staff122/deepfake_project/outputs_deepfake_project/dfdc_subset_77_jpg/test/fake/fake_002462.jpg,fake,test,1,0.1309831142425537,0,clean,medium
/media/D1/ait_users/staff122/deepfake_project/outputs_deepfake_project/dfdc_subset_77_jpg/test/fake/fake_002463.jpg,fake,test,1,0.1790265291929245,0,clean,medium
